CaseID,Activity,org:resource,time:timestamp,concept:name,impact,lifecycle:transition,org:group,org:role,organization country,organization involved,product,resource country
1,Queued-Awaiting Assignment,Value 1,0.0,Queued,High,Awaiting Assignment,Org line A2,A2_2,se,J11 2nd,PROD191,INDIA
1,,,,,,,,,,,,
1,,,,,,,,,,,,
1,Accepted-In Progress,Value 1,19.087580268969127,Accepted,High,In Progress,Org line A2,A2_2,se,J11 2nd,PROD191,INDIA
1,,,,,,,,,,,,
2,Accepted-In Progress,Value 2,17.06971703951763,Accepted,Medium,In Progress,Org line A2,A2_2,cn,M1 2nd,PROD753,Sweden
2,,,,,,,,,,,,
2,,,,,,,,,,,,
2,Accepted-In Progress,Value 2,18.997473687636635,Accepted,Medium,In Progress,Org line A2,A2_2,cn,M1 2nd,PROD753,Sweden
2,,,,,,,,,,,,
2,,,,,,,,,,,,
3,Accepted-In Progress,Value 2,17.436833715366276,Accepted,Medium,In Progress,Org line A2,A2_2,cn,M1 2nd,PROD753,Sweden
3,,,,,,,,,,,,
3,,,,,,,,,,,,
3,Accepted-In Progress,Value 3,19.061914332516814,Accepted,Medium,In Progress,Org line A2,A2_2,cn,M1 2nd,PROD753,China
3,,,,,,,,,,,,
4,Accepted-In Progress,Value 2,17.54870190182382,Accepted,Low,In Progress,Org line A2,A2_2,cn,M1 2nd,PROD753,Sweden
4,,,,,,,,,,,,
4,,,,,,,,,,,,
4,Accepted-In Progress,Value 3,19.06190428413004,Accepted,Low,In Progress,Org line A2,A2_2,cn,M1 2nd,PROD753,China
4,,,,,,,,,,,,
5,Accepted-In Progress,Value 4,17.6944210245022,Accepted,Medium,In Progress,Org line A2,A2_2,se,G167 2nd,PROD681,Sweden
5,,,,,,,,,,,,
5,,,,,,,,,,,,
5,Accepted-In Progress,Value 4,18.99848930383784,Accepted,Medium,In Progress,Org line A2,A2_2,se,M1 2nd,PROD681,Sweden
5,,,,,,,,,,,,
5,,,,,,,,,,,,
5,Completed-Closed,Value 4,19.05511629800301,Completed,Medium,Closed,Org line A2,A2_2,se,G167 2nd,PROD681,Sweden
6,Accepted-In Progress,Value 2,18.108500356699842,Accepted,High,In Progress,Org line A2,A2_2,cn,M1 2nd,PROD753,Sweden
6,,,,,,,,,,,,
6,,,,,,,,,,,,
6,Accepted-In Progress,Value 2,18.99685293792133,Accepted,High,In Progress,Org line A2,A2_2,cn,M1 2nd,PROD753,Sweden
6,,,,,,,,,,,,
6,,,,,,,,,,,,
6,Completed-Closed,Value 3,19.062805298753858,Completed,High,Closed,Org line A2,A2_2,cn,M1 2nd,PROD753,China
7,Accepted-In Progress,Value 2,18.140691102079035,Accepted,Medium,In Progress,Org line A2,A2_2,cn,G167 2nd,PROD681,Sweden
7,,,,,,,,,,,,
7,,,,,,,,,,,,
7,Accepted-In Progress,Value 2,18.99749156067146,Accepted,Medium,In Progress,Org line A2,A2_2,cn,M1 2nd,PROD681,Sweden
7,,,,,,,,,,,,
7,,,,,,,,,,,,
7,Completed-Closed,Value 2,19.056082062275983,Completed,Medium,Closed,Org line A2,A2_2,cn,M1 2nd,PROD681,Sweden
8,Accepted-In Progress,Value 5,18.310584934466377,Accepted,High,In Progress,Org line V7n,,nl,V32 2nd,PROD542,Netherlands
8,,,,,,,,,,,,
8,,,,,,,,,,,,
8,Queued-Awaiting Assignment,Value 6,19.07513571767496,Queued,High,Awaiting Assignment,Org line V7n,,nl,V32 2nd,PROD542,Netherlands
8,,,,,,,,,,,,
8,,,,,,,,,,,,
8,Accepted-In Progress,Value 5,19.07514129950856,Accepted,High,In Progress,Org line V7n,,nl,V37 2nd,PROD542,Netherlands
8,,,,,,,,,,,,
9,Accepted-In Progress,Value 2,18.310636867349235,Accepted,Low,In Progress,Org line A2,A2_2,cn,M1 2nd,PROD753,Sweden
9,,,,,,,,,,,,
9,,,,,,,,,,,,
9,Accepted-In Progress,Value 3,19.061941048727018,Accepted,Low,In Progress,Org line A2,A2_2,cn,M1 2nd,PROD753,China
9,,,,,,,,,,,,
10,Accepted-In Progress,Value 7,18.506137914622155,Accepted,Medium,In Progress,Org line A2,A2_1,se,M18 2nd,PROD38,Sweden
10,,,,,,,,,,,,
10,,,,,,,,,,,,
11,Accepted-In Progress,Value 8,18.542708181599526,Accepted,Medium,In Progress,Org line C,E_10,se,G260 2nd,PROD425,Sweden
11,,,,,,,,,,,,
11,,,,,,,,,,,,
11,Queued-Awaiting Assignment,Value 8,18.736836360062657,Queued,Medium,Awaiting Assignment,Org line C,E_10,se,G260 2nd,PROD425,Sweden
11,,,,,,,,,,G152 3rd,,
11,,,,,,,,,,G152 3rd,,
11,Queued-Awaiting Assignment,Value 9,19.042692110348675,Queued,Medium,Awaiting Assignment,Org line C,E_10,se,G260 2nd,PROD425,Sweden
11,,Value 10,,,,,,,,G150 2nd,,
11,,Value 10,,,,,,,,G150 2nd,,
12,Accepted-In Progress,Value 11,18.563327417139917,Accepted,Low,In Progress,Org line C,C_6,se,G237 3rd,PROD498,Sweden
12,,,,,,,,,,,,
12,,,,,,,,,,,,
13,Queued-Awaiting Assignment,Value 12,18.570299607738527,Queued,Medium,Awaiting Assignment,Org line A2,A2_1,pl,W16 3rd,PROD761,POLAND
13,,,,,,,,,,,,
13,,,,,,,,,,,,
13,Queued-Awaiting Assignment,Value 12,18.711309328670165,Queued,Medium,Awaiting Assignment,Org line A2,A2_1,pl,W16 3rd,PROD761,POLAND
13,,,,,,,,,,,,
13,,,,,,,,,,,,
13,Accepted-Wait,Value 12,18.713837127483355,Accepted,Medium,Wait,Org line A2,A2_1,pl,W15 2nd,PROD761,POLAND
13,,,,,,,,,,,,
13,,,,,,,,,,,,
13,Completed-Closed,Value 12,19.118096949245516,Completed,Medium,Closed,Org line A2,A2_1,pl,W15 2nd,PROD761,POLAND
14,Accepted-In Progress,Value 13,18.571480854027495,Accepted,Low,In Progress,Org line C,E_3,se,L54 2nd,PROD385,Sweden
14,,,,,,,,,,,,
14,,,,,,,,,,,,
15,Accepted-In Progress,Value 14,18.573750628502196,Accepted,Medium,In Progress,Org line V2,,se,T2 2nd,PROD631,Sweden
15,,,,,,,,,,,,
16,Accepted-In Progress,Value 15,18.574496030398695,Accepted,Low,In Progress,Org line C,C_5,se,N1 3rd,PROD476,Sweden
16,,,,,,,,,,,,
16,,,,,,,,,,,,
17,Accepted-In Progress,Value 16,18.575159649907533,Accepted,High,In Progress,Org line A2,D_1,in,L50 3rd,PROD611,Sweden
17,,,,,,,,,,,,
17,,,,,,,,,,,,
17,Accepted-Assigned,Value 16,18.841438809725144,Accepted,High,Assigned,Org line A2,D_1,in,L50 3rd,PROD611,Sweden
17,,,,,,,,,,,,
17,,,,,,,,,,,,
17,Accepted-Assigned,Value 18,19.094099405770024,Accepted,High,Assigned,Org line A2,D_1,in,L50 3rd,PROD611,INDIA
17,,Value 19,,,,,,,,,,
17,,Value 19,,,,,,,,,,
18,Accepted-In Progress,Value 3,18.5907795142372,Accepted,Medium,In Progress,Org line A2,A2_2,cn,M1 2nd,PROD753,China
18,,,,,,,,,,,,
18,,,,,,,,,,,,
18,Accepted-In Progress,Value 3,19.06828141724529,Accepted,Medium,In Progress,Org line A2,A2_2,cn,M1 2nd,PROD753,China
18,,,,,,,,,,,,
19,Accepted-Wait,Value 20,18.599444721726414,Accepted,Low,Wait,Org line A2,A2_2,se,G357 2nd,PROD46,Sweden
19,,,,,,,,,,,,
19,,,,,,,,,,,,
19,Accepted-In Progress,Value 21,18.68721314810547,Accepted,Low,In Progress,Org line A2,A2_2,se,G357 2nd,PROD46,POLAND
19,,,,,,,,,,,,
19,,,,,,,,,,,,
19,Accepted-Assigned,Value 21,18.924550191527022,Accepted,Low,Assigned,Org line A2,A2_2,se,G357 2nd,PROD46,POLAND
19,,,,,,,,,,,,
19,,,,,,,,,,,,
19,Completed-Closed,Value 21,19.09415085453348,Completed,Low,Closed,Org line A2,A2_2,se,G357 2nd,PROD46,POLAND
20,Accepted-In Progress,Value 20,18.600014332879756,Accepted,Medium,In Progress,Org line A2,A2_2,se,G357 2nd,PROD48,Sweden
20,,,,,,,,,,,,
20,,,,,,,,,,,,
20,Accepted-In Progress,Value 23,18.687212351432724,Accepted,Medium,In Progress,Org line A1,,se,N5 2nd,PROD48,Brazil
20,,,,,,,,,,,,
20,,,,,,,,,,,,
20,Accepted-Assigned,Value 22,18.924550288197135,Accepted,Medium,Assigned,Org line A2,A2_2,se,G357 2nd,PROD48,POLAND
20,,,,,,,,,,,,
20,,,,,,,,,,,,
21,Accepted-In Progress,Value 20,18.60230174708256,Accepted,Medium,In Progress,Org line A2,A2_2,se,G357 2nd,PROD44,Sweden
21,,,,,,,,,,,,
21,,,,,,,,,,,,
21,Accepted-In Progress,Value 21,18.68721280339138,Accepted,Medium,In Progress,Org line A2,A2_2,se,G357 2nd,PROD44,POLAND
21,,,,,,,,,,,,
21,,,,,,,,,,,,
22,Accepted-In Progress,Value 24,18.60572747574817,Accepted,Medium,In Progress,Org line A2,A2_2,se,G357 2nd,PROD46,Sweden
22,,,,,,,,,,,,
22,,,,,,,,,,,,
22,Accepted-Assigned,Value 25,18.74072533262209,Accepted,Medium,Assigned,Org line A2,A2_2,se,G357 2nd,PROD46,POLAND
22,,,,,,,,,,,,
22,,,,,,,,,,,,
22,Completed-Closed,Value 21,19.095461229671486,Completed,Medium,Closed,Org line A2,A2_2,se,G357 2nd,PROD46,POLAND
23,Queued-Awaiting Assignment,Value 26,18.60956499408893,Queued,Medium,Awaiting Assignment,Org line V2,,se,T12,PROD42,Sweden
23,,,,,,,,,,,,
23,,,,,,,,,,,,
23,Accepted-In Progress,Value 26,18.917273874581216,Accepted,Medium,In Progress,Org line V2,,se,T12,PROD42,Sweden
23,,,,,,,,,,,,
23,,,,,,,,,,,,
24,Accepted-In Progress,Value 27,18.611620936706462,Accepted,Medium,In Progress,Org line A2,A2_1,be,G42 3rd,PROD787,Belgium
24,,,,,,,,,,,,
24,,,,,,,,,,,,
24,Accepted-Assigned,Value 29,18.849409418033744,Accepted,Medium,Assigned,Org line A2,A2_1,be,G42 3rd,PROD787,United Kingdom
24,,,,,,,,,,,,
24,,,,,,,,,,,,
24,Accepted-In Progress,Value 31,18.944332569189545,Accepted,Medium,In Progress,Org line V11,,be,C8,PROD787,Denmark
24,,Value 32,,,,,,,,G8 2nd,,
24,,Value 32,,,,,,,,G8 2nd,,
24,Queued-Awaiting Assignment,Value 33,18.993264099793407,Queued,Medium,Awaiting Assignment,Org line A2,A2_4,be,G7 3rd,PROD787,Belgium
24,,,,,,,,,,,,
24,,,,,,,,,,,,
24,Completed-Closed,Value 27,19.09416659613297,Completed,Medium,Closed,Org line A2,A2_4,be,G7 3rd,PROD787,Belgium
25,Accepted-In Progress,Value 34,18.62003395190887,Accepted,Medium,In Progress,Org line A2,A2_1,se,N15 2nd,PROD180,Belgium
25,,,,,,,,,,,,
25,,,,,,,,,,,,
25,Unmatched-Unmatched,Value 34,18.695121447646684,Unmatched,Medium,Unmatched,Org line A2,A2_1,se,N15 2nd,PROD180,Belgium
25,,,,,,,,,,,,
26,Unmatched-Unmatched,Value 31,18.627158452394077,Unmatched,Major,Unmatched,Org line A2,A2_3,se,G356 2nd,PROD147,Sweden
26,,,,,,,,,,,,
26,,,,,,,,,,,,
26,Completed-Closed,Value 31,19.100855951091866,Completed,Major,Closed,Org line A2,A2_3,se,G356 2nd,PROD147,Sweden
27,Accepted-In Progress,Value 35,18.63422941931183,Accepted,High,In Progress,Org line A2,A2_3,se,M21 3rd,PROD708,Sweden
27,,,,,,,,,,,,
27,,,,,,,,,,,,
28,Accepted-In Progress,Value 1,18.635580673796028,Accepted,Medium,In Progress,Org line A2,A2_2,se,G30 2nd,PROD191,INDIA
28,,,,,,,,,,,,
28,,,,,,,,,,,,
29,Accepted-In Progress,Value 36,18.635807163778786,Accepted,High,In Progress,Org line A2,A2_1,se,L28 2nd,PROD577,Sweden
29,,,,,,,,,,,,
29,,,,,,,,,,,,
30,Accepted-In Progress,Value 37,18.639642684506086,Accepted,Medium,In Progress,Org line A2,A2_1,se,G345 2nd,PROD541,Sweden
30,,,,,,,,,,,,
30,,,,,,,,,,,,
31,Accepted-Wait,Value 37,18.639694033466256,Accepted,Low,Wait,Org line A2,A2_1,se,G345 2nd,PROD541,Sweden
31,,,,,,,,,,,,
31,,,,,,,,,,,,
32,Accepted-In Progress,Value 38,18.649529262947993,Accepted,Medium,In Progress,Org line A2,A2_3,se,G354 3rd,PROD708,Sweden
32,,,,,,,,,,,,
33,Accepted-In Progress,Value 2,18.655521321540906,Accepted,Medium,In Progress,Org line A2,A2_2,cn,M1 2nd,PROD753,Sweden
33,,,,,,,,,,,,
33,,,,,,,,,,,,
33,Accepted-Wait,Value 2,18.68175962112499,Accepted,Medium,Wait,Org line A2,A2_2,cn,M1 2nd,PROD753,Sweden
33,,,,,,,,,,,,
33,,,,,,,,,,,,
33,Completed-Closed,Value 3,19.068293374575124,Completed,Medium,Closed,Org line A2,A2_2,cn,M1 2nd,PROD753,China
34,Accepted-In Progress,Value 7,18.65564819662257,Accepted,Medium,In Progress,Org line C,E_4,gb,G88 2nd,PROD793,Sweden
34,,,,,,,,,,,,
34,,,,,,,,,,,,
34,Accepted-In Progress,Value 7,19.071411430286116,Accepted,Medium,In Progress,Org line C,E_4,gb,G88 2nd,PROD793,Sweden
34,,,,,,,,,,,,
35,Accepted-In Progress,Value 39,18.66046557783297,Accepted,Major,In Progress,Org line A2,A2_3,se,M3 2nd,PROD655,Sweden
35,,,,,,,,,,,,
35,,,,,,,,,,,,
36,Accepted-In Progress,Value 24,18.662972331894434,Accepted,Medium,In Progress,Org line A2,A2_2,se,G357 2nd,PROD46,Sweden
36,,,,,,,,,,,,
36,,,,,,,,,,,,
36,Accepted-Assigned,Value 40,18.687933685495558,Accepted,Medium,Assigned,Org line A2,A2_2,se,G357 2nd,PROD46,POLAND
36,,,,,,,,,,,,
36,,,,,,,,,,,,
37,Accepted-In Progress,Value 41,18.662927815499252,Accepted,Low,In Progress,Org line A2,A2_3,se,G349 3rd,PROD40,Sweden
37,,,,,,,,,,,,
37,,,,,,,,,,,,
37,Completed-Closed,Value 41,19.094196875195788,Completed,Low,Closed,Org line A2,A2_3,se,G349 3rd,PROD40,Sweden
38,Accepted-In Progress,Value 42,18.66445879606787,Accepted,Medium,In Progress,Org line A2,A2_2,se,G341 3rd,PROD246,Sweden
38,,,,,,,,,,,,
39,Accepted-In Progress,Value 39,18.66856560130555,Accepted,Major,In Progress,Org line A2,A2_3,se,M3 2nd,PROD655,Sweden
39,,,,,,,,,,,,
39,,,,,,,,,,,,
40,Accepted-In Progress,Value 43,18.669063809986028,Accepted,Medium,In Progress,Org line A2,A2_2,us,G21 2nd,PROD98,POLAND
40,,,,,,,,,,,,
40,,,,,,,,,,,,
40,Accepted-Assigned,Value 43,18.669094902736937,Accepted,Medium,Assigned,Org line A2,A2_2,us,G21 2nd,PROD98,POLAND
40,,,,,,,,,,,,
40,,,,,,,,,,,,
41,Accepted-In Progress,Value 3,18.67042284455148,Accepted,Medium,In Progress,Org line A2,A2_2,cn,G4 2nd,PROD753,China
41,,,,,,,,,,,,
41,,,,,,,,,,,,
42,Queued-Awaiting Assignment,Value 44,18.675235152269206,Queued,Low,Awaiting Assignment,Org line C,C_3,se,G292 3rd,PROD815,Sweden
42,,,,,,,,,,,,
42,,,,,,,,,,,,
42,Accepted-In Progress,Value 45,18.83524091298419,Accepted,Low,In Progress,Org line C,C_3,se,G292 3rd,PROD815,Sweden
42,,,,,,,,,,,,
43,Accepted-In Progress,Value 46,18.67706663504316,Accepted,Medium,In Progress,Org line G3,,us,G199 3rd,PROD98,USA
43,,,,,,,,,,,,
43,,,,,,,,,,,,
43,Accepted-In Progress,Value 43,19.05243201220282,Accepted,Medium,In Progress,Org line G3,,us,G199 3rd,PROD98,POLAND
43,,,,,,,,,,,,
44,Accepted-In Progress,Value 24,18.67711832643904,Accepted,Medium,In Progress,Org line F,,se,G207 2nd,PROD48,Sweden
44,,,,,,,,,,,,
44,,,,,,,,,,,,
44,Queued-Awaiting Assignment,Value 20,18.687219996400778,Queued,Medium,Awaiting Assignment,Org line A2,A2_2,se,G357 2nd,PROD48,Sweden
44,,,,,,,,,,,,
44,,,,,,,,,,,,
44,Accepted-Wait,Value 43,18.687224699788956,Accepted,Medium,Wait,Org line A2,A2_2,se,G357 2nd,PROD48,POLAND
44,,,,,,,,,,,,
44,,,,,,,,,,,,
44,Accepted-Wait,Value 22,19.036162382473687,Accepted,Medium,Wait,Org line A2,A2_2,se,G357 2nd,PROD48,POLAND
44,,,,,,,,,,,,
45,Accepted-Wait,Value 2,18.677828657657052,Accepted,Medium,Wait,Org line A2,A2_2,cn,M1 2nd,PROD753,Sweden
45,,,,,,,,,,,,
45,,,,,,,,,,,,
45,Completed-Closed,Value 3,19.062820057807457,Completed,Medium,Closed,Org line A2,A2_2,cn,M1 2nd,PROD753,China
46,Accepted-Wait,Value 2,18.677829090679104,Accepted,Medium,Wait,Org line A2,A2_2,cn,M1 2nd,PROD753,Sweden
46,,,,,,,,,,,,
46,,,,,,,,,,,,
46,Completed-Closed,Value 3,19.068290831365083,Completed,Medium,Closed,Org line A2,A2_2,cn,M1 2nd,PROD753,China
47,Accepted-In Progress,Value 20,18.68255317979968,Accepted,Medium,In Progress,Org line A2,A2_2,se,G357 2nd,PROD46,Sweden
47,,,,,,,,,,,,
47,,,,,,,,,,,,
47,Accepted-In Progress,Value 21,18.687213431536968,Accepted,Medium,In Progress,Org line A2,A2_2,se,G357 2nd,PROD46,POLAND
47,,,,,,,,,,,,
47,,,,,,,,,,,,
47,Accepted-Wait,Value 22,19.038424599905582,Accepted,Medium,Wait,Org line A2,A2_2,se,G357 2nd,PROD46,POLAND
47,,,,,,,,,,,,
48,Accepted-In Progress,Value 46,18.684559269040633,Accepted,Low,In Progress,Org line G3,,us,G199 3rd,PROD96,USA
48,,,,,,,,,,,,
48,,,,,,,,,,,,
48,Accepted-In Progress,Value 47,18.684683119828595,Accepted,Low,In Progress,Org line A2,A2_2,us,G21 2nd,PROD96,Sweden
48,,,,,,,,,,,,
48,,,,,,,,,,,,
48,Accepted-In Progress,Value 47,18.68468470952878,Accepted,Low,In Progress,Org line G3,,us,G199 3rd,PROD96,Sweden
48,,,,,,,,,,,,
48,,,,,,,,,,,,
48,Completed-Closed,Value 43,19.062391177730696,Completed,Low,Closed,Org line G3,,us,G199 3rd,PROD96,POLAND
49,Accepted-In Progress,Value 46,18.68636158710289,Accepted,Medium,In Progress,Org line G3,,us,G199 3rd,PROD98,USA
49,,,,,,,,,,,,
49,,,,,,,,,,,,
49,Accepted-Assigned,Value 46,18.68650266230067,Accepted,Medium,Assigned,Org line G3,,us,G199 3rd,PROD98,USA
49,,,,,,,,,,,,
49,,,,,,,,,,,,
50,Accepted-In Progress,Value 15,18.68715575540248,Accepted,Low,In Progress,Org line G4,,se,S28 2nd,PROD633,Sweden
50,,,,,,,,,,,,
50,,,,,,,,,,,,
51,Accepted-In Progress,Value 39,18.688030422106205,Accepted,Medium,In Progress,Org line G4,,se,S30 2nd,PROD410,Sweden
51,,,,,,,,,,,,
51,,,,,,,,,,,,
51,Accepted-Wait,Value 39,18.791961563866924,Accepted,Medium,Wait,Org line G4,,se,S30 2nd,PROD410,Sweden
51,,,,,,,,,,,,
51,,,,,,,,,,,,
52,Accepted-In Progress,Value 21,18.69105358476183,Accepted,Medium,In Progress,Org line A2,A2_2,se,G357 2nd,PROD740,POLAND
52,,,,,,,,,,,,
52,,,,,,,,,,,,
53,Accepted-In Progress,Value 22,18.69177258134655,Accepted,Medium,In Progress,Org line A2,A2_2,se,G357 2nd,PROD47,POLAND
53,,,,,,,,,,,,
53,,,,,,,,,,,,
53,Accepted-Wait,Value 21,19.038424659213124,Accepted,Medium,Wait,Org line A2,A2_2,se,G357 2nd,PROD47,POLAND
53,,,,,,,,,,,,
54,Accepted-In Progress,Value 49,18.69304972469434,Accepted,Medium,In Progress,Org line V2,,se,T2 2nd,PROD451,Sweden
54,,,,,,,,,,,,
55,Accepted-In Progress,Value 2,18.693161456472513,Accepted,High,In Progress,Org line A2,A2_2,cn,M1 2nd,PROD753,Sweden
55,,,,,,,,,,,,
55,,,,,,,,,,,,
55,Accepted-In Progress,Value 50,18.693164205440834,Accepted,High,In Progress,Org line A2,A2_2,cn,G4 2nd,PROD753,POLAND
55,,,,,,,,,,,,
55,,,,,,,,,,,,
55,Accepted-Assigned,Value 2,18.7756672222349,Accepted,High,Assigned,Org line A2,A2_2,cn,M1 2nd,PROD753,Sweden
55,,,,,,,,,,,,
55,,,,,,,,,,,,
55,Completed-Closed,Value 3,19.06281521181067,Completed,High,Closed,Org line A2,A2_2,cn,M1 2nd,PROD753,China
56,Accepted-Assigned,Value 51,18.69386905495896,Accepted,Medium,Assigned,Org line A2,A2_2,se,G167 2nd,PROD681,POLAND
56,,,,,,,,,,,,
56,,,,,,,,,,,,
56,Accepted-Assigned,Value 4,19.032034304051884,Accepted,Medium,Assigned,Org line A2,A2_2,se,G167 2nd,PROD681,Sweden
56,,,,,,,,,,,,
56,,,,,,,,,,,,
56,Completed-Closed,Value 44,19.08443881437225,Completed,Medium,Closed,Org line F,,se,N10 2nd,PROD681,Sweden
57,Accepted-In Progress,Value 52,18.695805059292713,Accepted,Medium,In Progress,Org line A2,D_1,in,L50 3rd,PROD611,Sweden
57,,,,,,,,,,,,
57,,,,,,,,,,,,
57,Completed-Closed,Value 52,19.077380135648454,Completed,Medium,Closed,Org line A2,D_1,in,L50 3rd,PROD611,Sweden
58,Accepted-In Progress,Value 40,18.696298985131595,Accepted,Medium,In Progress,Org line A2,A2_2,se,G357 2nd,PROD740,POLAND
58,,,,,,,,,,,,
58,,,,,,,,,,,,
59,Accepted-In Progress,Value 53,18.697691560546986,Accepted,Medium,In Progress,Org line C,E_3,us,G67 2nd,PROD151,France
59,,,,,,,,,,,,
59,,,,,,,,,,,,
60,Accepted-In Progress,Value 38,18.702827002019,Accepted,Medium,In Progress,Org line A2,A2_3,se,G354 3rd,PROD708,Sweden
60,,,,,,,,,,,,
61,Accepted-In Progress,Value 50,18.702980507732804,Accepted,Low,In Progress,Org line A2,A2_2,cn,G4 2nd,PROD753,POLAND
61,,,,,,,,,,,,
61,,,,,,,,,,,,
61,Accepted-In Progress,Value 2,18.99849085815758,Accepted,Low,In Progress,Org line A2,A2_2,cn,M1 2nd,PROD753,Sweden
61,,,,,,,,,,,,
61,,,,,,,,,,,,
62,Accepted-In Progress,Value 46,18.704813500026336,Accepted,Medium,In Progress,Org line G3,,us,G199 3rd,PROD98,USA
62,,,,,,,,,,,,
62,,,,,,,,,,,,
62,Accepted-Assigned,Value 46,18.704864281160347,Accepted,Medium,Assigned,Org line G3,,us,G199 3rd,PROD98,USA
62,,,,,,,,,,,,
62,,,,,,,,,,,,
63,Accepted-In Progress,Value 55,18.705641857951903,Accepted,Major,In Progress,Org line C,C_5,fr,L65 3rd,PROD808,France
63,,,,,,,,,,,,
63,,,,,,,,,,,,
63,Accepted-In Progress,Value 55,18.706115337714916,Accepted,Major,In Progress,Org line C,C_5,fr,L65 3rd,PROD808,France
63,,,,,,,,,,,,
63,,,,,,,,,,,,
63,Completed-Closed,Value 55,19.10523976663014,Completed,Major,Closed,Org line C,V3_3,fr,V42 2nd,PROD808,France
64,Accepted-In Progress,Value 41,18.706697290185055,Accepted,Medium,In Progress,Org line A2,A2_3,se,G349 3rd,PROD40,Sweden
64,,,,,,,,,,,,
64,,,,,,,,,,,,
64,Completed-Closed,Value 41,19.094195003815152,Completed,Medium,Closed,Org line A2,A2_3,se,G349 3rd,PROD40,Sweden
65,Accepted-In Progress,Value 56,18.706848137356793,Accepted,Medium,In Progress,Org line A2,A2_2,us,G21 2nd,PROD98,Sweden
65,,,,,,,,,,,,
65,,,,,,,,,,,,
65,Accepted-In Progress,Value 54,18.706970505088428,Accepted,Medium,In Progress,Org line G3,,us,G199 3rd,PROD98,Sweden
65,,,,,,,,,,,,
65,,,,,,,,,,,,
65,Completed-Closed,Value 43,19.062395025643667,Completed,Medium,Closed,Org line G3,,us,G199 3rd,PROD98,POLAND
66,Accepted-In Progress,Value 57,18.70993852931625,Accepted,High,In Progress,Org line G4,,se,G51 2nd,PROD798,Sweden
66,,,,,,,,,,,,
66,,,,,,,,,,,,
66,Accepted-In Progress,Value 59,18.724106769886028,Accepted,High,In Progress,Org line G4,,se,G51 2nd,PROD798,Sweden
66,,,,,,,,,,,,
66,,,,,,,,,,,,
67,Accepted-In Progress,Value 60,18.710109065822746,Accepted,Low,In Progress,Org line G4,,se,S30 2nd,PROD412,Sweden
67,,,,,,,,,,,,
67,,,,,,,,,,,,
67,Completed-Closed,Value 60,19.077380929045056,Completed,Low,Closed,Org line G4,,se,S30 2nd,PROD412,Sweden
68,Accepted-In Progress,Value 46,18.711308536008882,Accepted,Medium,In Progress,Org line G3,,us,G199 3rd,PROD96,USA
68,,,,,,,,,,,,
68,,,,,,,,,,,,
68,Accepted-Assigned,Value 46,18.71150876022957,Accepted,Medium,Assigned,Org line G3,,us,G199 3rd,PROD96,USA
68,,,,,,,,,,,,
68,,,,,,,,,,,,
69,Accepted-In Progress,Value 39,18.714080680716794,Accepted,Major,In Progress,Org line A2,A2_3,se,M3 2nd,PROD655,Sweden
69,,,,,,,,,,,,
69,,,,,,,,,,,,
70,Accepted-In Progress,Value 46,18.714144549923894,Accepted,Low,In Progress,Org line G3,,us,G199 3rd,PROD96,USA
70,,,,,,,,,,,,
70,,,,,,,,,,,,
70,Accepted-Assigned,Value 46,18.714609438075318,Accepted,Low,Assigned,Org line G3,,us,G199 3rd,PROD96,USA
70,,,,,,,,,,,,
70,,,,,,,,,,,,
71,Accepted-In Progress,Value 46,18.714467114707144,Accepted,Medium,In Progress,Org line G3,,us,G199 3rd,PROD98,USA
71,,,,,,,,,,,,
71,,,,,,,,,,,,
71,Accepted-Assigned,Value 46,18.71461050389613,Accepted,Medium,Assigned,Org line G3,,us,G199 3rd,PROD98,USA
71,,,,,,,,,,,,
71,,,,,,,,,,,,
72,Accepted-In Progress,Value 61,18.714600665507025,Accepted,High,In Progress,Org line G4,,se,S29 2nd,PROD368,Sweden
72,,,,,,,,,,,,
72,,,,,,,,,,,,
72,Accepted-Wait,Value 62,18.86049259129219,Accepted,High,Wait,Org line G4,,se,S29 2nd,PROD368,Sweden
72,,,,,,,,,,,,
72,,Value 64,,,,,,,,,,
72,Accepted-In Progress,Value 63,19.021979666834458,Accepted,High,In Progress,Org line A2,A2_3,se,S35 2nd,PROD368,Sweden
72,,,,,,,,,,,,
72,,,,,,,,,,,,
72,Completed-Closed,Value 13,19.05926264089624,Completed,High,Closed,Org line A2,A2_3,se,S35 2nd,PROD368,Sweden
73,Accepted-In Progress,Value 61,18.71460653873883,Accepted,Medium,In Progress,Org line G4,,se,S29 2nd,PROD368,Sweden
73,,,,,,,,,,,,
73,,,,,,,,,,,,
73,Accepted-Wait,Value 62,18.78848254418848,Accepted,Medium,Wait,Org line G4,,se,S29 2nd,PROD368,Sweden
73,,,,,,,,,,,,
73,,,,,,,,,,,,
73,Completed-Closed,Value 62,19.059267002502988,Completed,Medium,Closed,Org line A2,A2_3,se,S35 2nd,PROD368,Sweden
74,Accepted-In Progress,Value 46,18.715159861566573,Accepted,Medium,In Progress,Org line G3,,us,G199 3rd,PROD98,USA
74,,,,,,,,,,,,
74,,,,,,,,,,,,
74,Queued-Awaiting Assignment,Value 46,18.715171713165617,Queued,Medium,Awaiting Assignment,Org line G3,,us,G199 3rd,PROD98,USA
74,,,,,,,,,,,,
74,,,,,,,,,,,,
74,Accepted-In Progress,Value 43,19.055677197904625,Accepted,Medium,In Progress,Org line G3,,us,G199 3rd,PROD98,POLAND
74,,,,,,,,,,,,
75,Accepted-In Progress,Value 65,18.71527862447936,Accepted,Medium,In Progress,Org line C,C_5,se,G120 3rd,PROD607,Sweden
75,,,,,,,,,,,,
75,,,,,,,,,,,,
75,Completed-Closed,Value 45,19.07464306831616,Completed,Medium,Closed,Org line C,C_5,se,G120 3rd,PROD607,Sweden
76,Accepted-In Progress,Value 46,18.71663680238198,Accepted,Low,In Progress,Org line G3,,us,G199 3rd,PROD95,USA
76,,,,,,,,,,,,
76,,,,,,,,,,,,
76,Accepted-Assigned,Value 46,18.71682780458284,Accepted,Low,Assigned,Org line G3,,us,G199 3rd,PROD95,USA
76,,,,,,,,,,,,
76,,,,,,,,,,,,
77,Accepted-In Progress,Value 66,18.718363710335417,Accepted,Medium,In Progress,Org line B,E_10,in,G230 2nd,PROD262,France
77,,,,,,,,,,,,
77,,Value 67,,,,,,,,,,
77,Queued-Awaiting Assignment,Value 68,18.738839449737025,Queued,Medium,Awaiting Assignment,Org line F,V8_1,in,!DO NOT USE!,PROD262,Sweden
77,,,,,,,,,,,,
77,,,,,,,,,,,,
77,Accepted-Assigned,Value 71,18.994999049656716,Accepted,Medium,Assigned,Org line B,E_10,in,G230 2nd,PROD262,INDIA
77,,,,,,,,,,,,
77,,,,,,,,,,,,
77,Accepted-Wait,Value 70,19.035160620537308,Accepted,Medium,Wait,Org line B,E_10,in,G230 2nd,PROD262,INDIA
77,,,,,,,,,,,,
77,,,,,,,,,,,,
78,Accepted-In Progress,Value 46,18.719120032034258,Accepted,Medium,In Progress,Org line G3,,us,G199 3rd,PROD97,USA
78,,,,,,,,,,,,
78,,,,,,,,,,,,
78,Accepted-Assigned,Value 46,18.719163406971184,Accepted,Medium,Assigned,Org line G3,,us,G199 3rd,PROD97,USA
78,,,,,,,,,,,,
78,,,,,,,,,,,,
78,Accepted-Assigned,Value 73,18.91833065599211,Accepted,Medium,Assigned,Org line A2,A2_2,us,G21 2nd,PROD97,INDIA
78,,,,,,,,,,,,
78,,,,,,,,,,,,
78,Accepted-In Progress,Value 74,18.958486410923896,Accepted,Medium,In Progress,Org line G3,,us,G199 3rd,PROD97,Sweden
78,,,,,,,,,,,,
78,,,,,,,,,,,,
78,Completed-Closed,Value 43,19.067804671660827,Completed,Medium,Closed,Org line G3,,us,G199 3rd,PROD97,POLAND
79,Accepted-In Progress,Value 46,18.720412933736103,Accepted,Medium,In Progress,Org line G3,,us,G199 3rd,PROD97,USA
79,,,,,,,,,,,,
79,,,,,,,,,,,,
79,Accepted-Assigned,Value 46,18.72053366029048,Accepted,Medium,Assigned,Org line G3,,us,G199 3rd,PROD97,USA
79,,,,,,,,,,,,
79,,,,,,,,,,,,
80,Accepted-In Progress,Value 46,18.722992395351604,Accepted,Medium,In Progress,Org line G3,,us,G199 3rd,PROD97,USA
80,,,,,,,,,,,,
80,,,,,,,,,,,,
80,Accepted-Assigned,Value 46,18.723086117205117,Accepted,Medium,Assigned,Org line G3,,us,G199 3rd,PROD97,USA
80,,,,,,,,,,,,
80,,,,,,,,,,,,
81,Accepted-In Progress,Value 46,18.723630677171222,Accepted,Medium,In Progress,Org line G3,,us,G199 3rd,PROD97,USA
81,,,,,,,,,,,,
81,,,,,,,,,,,,
81,Accepted-Assigned,Value 46,18.724869687775925,Accepted,Medium,Assigned,Org line G3,,us,G199 3rd,PROD97,USA
81,,,,,,,,,,,,
81,,,,,,,,,,,,
82,Accepted-In Progress,Value 55,18.724712570270352,Accepted,Major,In Progress,Org line C,V3_3,fr,V42 2nd,PROD793,France
82,,,,,,,,,,,,
82,,,,,,,,,,,,
82,Accepted-In Progress,Value 55,18.84158505843405,Accepted,Major,In Progress,Org line C,V3_3,fr,V42 2nd,PROD793,France
82,,,,,,,,,,,,
82,,,,,,,,,,,,
82,Completed-Closed,Value 75,19.10569023313514,Completed,Major,Closed,Org line C,V3_3,fr,V42 2nd,PROD793,France
83,Accepted-In Progress,Value 46,18.724861137547588,Accepted,High,In Progress,Org line G3,,se,G199 3rd,PROD632,USA
83,,,,,,,,,,,,
83,,,,,,,,,,,,
83,Accepted-Assigned,Value 46,18.724871355025048,Accepted,High,Assigned,Org line G3,,se,G199 3rd,PROD632,USA
83,,,,,,,,,,,,
83,,,,,,,,,,,,
83,Accepted-Wait,Value 76,18.986817980938028,Accepted,High,Wait,Org line C,E_6,se,G48 2nd,PROD632,Sweden
83,,,,,,,,,,,,
84,Accepted-In Progress,Value 46,18.728129876891366,Accepted,Medium,In Progress,Org line G3,,us,G199 3rd,PROD97,USA
84,,,,,,,,,,,,
84,,,,,,,,,,,,
84,Accepted-Assigned,Value 46,18.728135185889624,Accepted,Medium,Assigned,Org line G3,,us,G199 3rd,PROD97,USA
84,,,,,,,,,,,,
84,,,,,,,,,,,,
85,Accepted-In Progress,Value 38,18.72855566902311,Accepted,Medium,In Progress,Org line A2,A2_3,se,G354 3rd,PROD708,Sweden
85,,,,,,,,,,,,
86,Accepted-In Progress,Value 46,18.728645196247726,Accepted,Medium,In Progress,Org line G3,,us,G199 3rd,PROD96,USA
86,,,,,,,,,,,,
86,,,,,,,,,,,,
86,Accepted-Assigned,Value 46,18.728709332530684,Accepted,Medium,Assigned,Org line G3,,us,G199 3rd,PROD96,USA
86,,,,,,,,,,,,
86,,,,,,,,,,,,
87,Accepted-In Progress,Value 77,18.729382496908173,Accepted,Low,In Progress,Org line C,C_6,se,G250 3rd,PROD660,Sweden
87,,,,,,,,,,,,
87,,,,,,,,,,,,
87,Accepted-In Progress,Value 77,18.820718999966726,Accepted,Low,In Progress,Org line C,C_6,se,G250 3rd,PROD660,Sweden
87,,,,,,,,,,,,
87,,,,,,,,,,,,
87,Accepted-Wait,Value 2,19.020169301636724,Accepted,Low,Wait,Org line C,C_6,se,G250 3rd,PROD660,Sweden
87,,,,,,,,,,,,
88,Accepted-In Progress,Value 46,18.73181265951536,Accepted,Medium,In Progress,Org line G3,,se,G199 3rd,PROD97,USA
88,,,,,,,,,,,,
88,,,,,,,,,,,,
88,Accepted-Assigned,Value 46,18.731996324438796,Accepted,Medium,Assigned,Org line G3,,se,G199 3rd,PROD97,USA
88,,,,,,,,,,,,
88,,,,,,,,,,,,
88,Queued-Awaiting Assignment,Value 72,19.059729953324815,Queued,Medium,Awaiting Assignment,Org line A2,A2_2,se,G21 2nd,PROD97,Sweden
88,,,,,,,,,,,,
88,,,,,,,,,,,,
88,Accepted-Wait,Value 79,19.062391230369823,Accepted,Medium,Wait,Org line A2,A2_2,se,G21 2nd,PROD97,Sweden
88,,,,,,,,,,,,
89,Accepted-In Progress,Value 46,18.73182284284295,Accepted,Medium,In Progress,Org line G3,,us,G199 3rd,PROD97,USA
89,,,,,,,,,,,,
89,,,,,,,,,,,,
89,Accepted-Assigned,Value 46,18.731998741628725,Accepted,Medium,Assigned,Org line G3,,us,G199 3rd,PROD97,USA
89,,,,,,,,,,,,
89,,,,,,,,,,,,
90,Accepted-In Progress,Value 46,18.732486513534266,Accepted,Medium,In Progress,Org line G3,,us,G199 3rd,PROD97,USA
90,,,,,,,,,,,,
90,,,,,,,,,,,,
90,Accepted-Assigned,Value 46,18.732650488480587,Accepted,Medium,Assigned,Org line G3,,us,G199 3rd,PROD97,USA
90,,,,,,,,,,,,
90,,,,,,,,,,,,
91,Accepted-In Progress,Value 46,18.732956243588003,Accepted,Medium,In Progress,Org line G3,,us,G199 3rd,PROD98,USA
91,,,,,,,,,,,,
91,,,,,,,,,,,,
91,Queued-Awaiting Assignment,Value 46,18.732957824231327,Queued,Medium,Awaiting Assignment,Org line G3,,us,G199 3rd,PROD98,USA
91,,,,,,,,,,,,
91,,,,,,,,,,,,
91,Accepted-In Progress,Value 43,19.067455707002356,Accepted,Medium,In Progress,Org line G3,,us,G199 3rd,PROD98,POLAND
91,,,,,,,,,,,,
92,Accepted-In Progress,Value 46,18.733060787516745,Accepted,Medium,In Progress,Org line G3,,us,G199 3rd,PROD98,USA
92,,,,,,,,,,,,
92,,,,,,,,,,,,
92,Accepted-Assigned,Value 46,18.733274634235585,Accepted,Medium,Assigned,Org line G3,,us,G199 3rd,PROD98,USA
92,,,,,,,,,,,,
92,,,,,,,,,,,,
93,Accepted-In Progress,Value 46,18.733691412080248,Accepted,Medium,In Progress,Org line G3,,us,G199 3rd,PROD98,USA
93,,,,,,,,,,,,
93,,,,,,,,,,,,
93,Accepted-Assigned,Value 46,18.734030782450947,Accepted,Medium,Assigned,Org line G3,,us,G199 3rd,PROD98,USA
93,,,,,,,,,,,,
93,,,,,,,,,,,,
94,Accepted-In Progress,Value 46,18.734194497083244,Accepted,Medium,In Progress,Org line G3,,us,G199 3rd,PROD98,USA
94,,,,,,,,,,,,
94,,,,,,,,,,,,
94,Accepted-Assigned,Value 46,18.73433288586966,Accepted,Medium,Assigned,Org line G3,,us,G199 3rd,PROD98,USA
94,,,,,,,,,,,,
94,,,,,,,,,,,,
95,Accepted-In Progress,Value 46,18.734247571768393,Accepted,Medium,In Progress,Org line G3,,us,G199 3rd,PROD98,USA
95,,,,,,,,,,,,
95,,,,,,,,,,,,
95,Accepted-Assigned,Value 46,18.73433467626237,Accepted,Medium,Assigned,Org line G3,,us,G199 3rd,PROD98,USA
95,,,,,,,,,,,,
95,,,,,,,,,,,,
96,Accepted-In Progress,Value 80,18.737449674773426,Accepted,Major,In Progress,Org line A2,A2_3,se,G356 2nd,PROD745,Sweden
96,,,,,,,,,,,,
96,,,,,,,,,,,,
96,Accepted-Wait,Value 31,18.754323789326506,Accepted,Major,Wait,Org line A2,A2_3,se,G356 2nd,PROD745,Sweden
96,,,,,,,,,,,,
96,,,,,,,,,,,,
97,Accepted-In Progress,Value 46,18.738103704008893,Accepted,Medium,In Progress,Org line G3,,us,G199 3rd,PROD97,USA
97,,,,,,,,,,,,
97,,,,,,,,,,,,
97,Accepted-Assigned,Value 46,18.73841965237329,Accepted,Medium,Assigned,Org line G3,,us,G199 3rd,PROD97,USA
97,,,,,,,,,,,,
97,,,,,,,,,,,,
98,Queued-Awaiting Assignment,Value 81,18.738694581968478,Queued,Low,Awaiting Assignment,Org line C,C_6,in,G141 3rd,PROD660,Sweden
98,,,,,,,,,,,,
98,,,,,,,,,,,,
98,Queued-Awaiting Assignment,Value 82,18.7406906599505,Queued,Low,Awaiting Assignment,Org line C,E_7,in,G135 2nd,PROD660,Sweden
98,,,,,,,,,,,,
98,,,,,,,,,,,,
98,Accepted-In Progress,Value 84,19.068360039955255,Accepted,Low,In Progress,Org line C,E_7,in,G162 2nd,PROD660,Sweden
98,,,,,,,,,,,,
99,Accepted-In Progress,Value 46,18.740658781815767,Accepted,Medium,In Progress,Org line G3,,us,G199 3rd,PROD96,USA
99,,,,,,,,,,,,
99,,,,,,,,,,,,
99,Accepted-Assigned,Value 46,18.74099907017795,Accepted,Medium,Assigned,Org line G3,,us,G199 3rd,PROD96,USA
99,,,,,,,,,,,,
99,,,,,,,,,,,,
100,Accepted-In Progress,Value 46,18.740735411070542,Accepted,Medium,In Progress,Org line G3,,us,G199 3rd,PROD97,USA
100,,,,,,,,,,,,
100,,,,,,,,,,,,
100,Accepted-Assigned,Value 46,18.740997727228894,Accepted,Medium,Assigned,Org line G3,,us,G199 3rd,PROD97,USA
100,,,,,,,,,,,,
100,,,,,,,,,,,,
101,Accepted-In Progress,Value 85,18.74123834765084,Accepted,Medium,In Progress,Org line C,E_10,se,G276 2nd,PROD698,0
101,,,,,,,,,,,,
101,,,,,,,,,,,,
101,Queued-Awaiting Assignment,Value 86,19.03617913413088,Queued,Medium,Awaiting Assignment,Org line C,E_10,se,G276 2nd,PROD698,Sweden
101,,,,,,,,,,,,
101,,,,,,,,,,,,
101,Accepted-In Progress,Value 89,19.039006070682614,Accepted,Medium,In Progress,Org line C,C_6,se,G278 3rd,PROD698,Sweden
101,,,,,,,,,,,,
102,Accepted-In Progress,Value 46,18.741257986097317,Accepted,Medium,In Progress,Org line G3,,us,G199 3rd,PROD96,USA
102,,,,,,,,,,,,
102,,,,,,,,,,,,
102,Accepted-Assigned,Value 46,18.74127011297199,Accepted,Medium,Assigned,Org line G3,,us,G199 3rd,PROD96,USA
102,,,,,,,,,,,,
102,,,,,,,,,,,,
103,Accepted-In Progress,Value 48,18.741279685188715,Accepted,Medium,In Progress,Org line G4,,se,S30 2nd,PROD410,Sweden
103,,,,,,,,,,,,
104,Accepted-Assigned,Value 45,18.74306482837599,Accepted,High,Assigned,Org line G4,,se,S30 2nd,PROD412,Sweden
104,,,,,,,,,,,,
104,,,,,,,,,,,,
105,Accepted-In Progress,Value 46,18.745607805060057,Accepted,Medium,In Progress,Org line G3,,us,G199 3rd,PROD96,USA
105,,,,,,,,,,,,
105,,,,,,,,,,,,
105,Accepted-Assigned,Value 46,18.74573781043845,Accepted,Medium,Assigned,Org line G3,,us,G199 3rd,PROD96,USA
105,,,,,,,,,,,,
105,,,,,,,,,,,,
105,Accepted-In Progress,Value 90,18.753824547480697,Accepted,Medium,In Progress,Org line A2,A2_2,us,G21 2nd,PROD96,Sweden
105,,,,,,,,,,,,
105,,,,,,,,,,,,
105,Accepted-In Progress,Value 54,18.75451183868406,Accepted,Medium,In Progress,Org line G3,,us,G199 3rd,PROD96,Sweden
105,,,,,,,,,,,,
105,,,,,,,,,,,,
105,Completed-Closed,Value 43,19.068979773389913,Completed,Medium,Closed,Org line G3,,us,G199 3rd,PROD96,POLAND
106,Accepted-In Progress,Value 46,18.746155081927103,Accepted,Medium,In Progress,Org line G3,,us,G199 3rd,PROD96,USA
106,,,,,,,,,,,,
106,,,,,,,,,,,,
106,Accepted-Assigned,Value 46,18.74623971839367,Accepted,Medium,Assigned,Org line G3,,us,G199 3rd,PROD96,USA
106,,,,,,,,,,,,
106,,,,,,,,,,,,
107,Accepted-In Progress,Value 46,18.746307725681035,Accepted,Medium,In Progress,Org line G3,,us,G199 3rd,PROD96,USA
107,,,,,,,,,,,,
107,,,,,,,,,,,,
107,Accepted-Assigned,Value 46,18.746316910426295,Accepted,Medium,Assigned,Org line G3,,us,G199 3rd,PROD96,USA
107,,,,,,,,,,,,
107,,,,,,,,,,,,
108,Queued-Awaiting Assignment,Value 68,18.747625877218447,Queued,High,Awaiting Assignment,Org line C,E_7,se,G153 2nd,PROD153,Sweden
108,,,,,,,,,,,,
108,,,,,,,,,,,,
108,Accepted-Assigned,Value 92,18.759864201889243,Accepted,High,Assigned,Org line C,E_7,se,G153 2nd,PROD153,Sweden
108,,,,,,,,,,,,
108,,,,,,,,,,,,
108,Queued-Awaiting Assignment,Value 68,18.840354417282587,Queued,High,Awaiting Assignment,Org line C,E_7,se,G153 2nd,PROD153,Sweden
108,,,,,,,,,,,,
108,,,,,,,,,,,,
108,Accepted-In Progress,Value 8,18.849876577795786,Accepted,High,In Progress,Org line C,C_4,se,G155 3rd,PROD153,Sweden
108,,,,,,,,,,,,
108,,,,,,,,,,,,
108,Completed-Closed,Value 8,18.850004985696483,Completed,High,Closed,Org line C,C_4,se,G155 3rd,PROD153,Sweden
108,,,,,,,,,,,,
108,,,,,,,,,,,,
108,Accepted-In Progress,Value 13,19.079938934826693,Accepted,High,In Progress,Org line F,,se,S1 2nd,PROD153,Sweden
108,,,,,,,,,,,,
109,Accepted-In Progress,Value 46,18.747625538290432,Accepted,Medium,In Progress,Org line G3,,us,G199 3rd,PROD96,USA
109,,,,,,,,,,,,
109,,,,,,,,,,,,
109,Accepted-Assigned,Value 46,18.747630045302476,Accepted,Medium,Assigned,Org line G3,,us,G199 3rd,PROD96,USA
109,,,,,,,,,,,,
109,,,,,,,,,,,,
110,Accepted-In Progress,Value 95,18.75004655391723,Accepted,Medium,In Progress,Org line C,C_6,in,M5 2nd,PROD660,Sweden
110,,,,,,,,,,,,
110,,,,,,,,,,,,
110,Queued-Awaiting Assignment,Value 82,18.754319154793777,Queued,Medium,Awaiting Assignment,Org line C,E_7,in,G135 2nd,PROD660,Sweden
110,,,,,,,,,,,,
110,,,,,,,,,,,,
110,Accepted-In Progress,Value 84,19.06836080391266,Accepted,Medium,In Progress,Org line C,E_7,in,G162 2nd,PROD660,Sweden
110,,,,,,,,,,,,
111,Accepted-In Progress,Value 46,18.750575215863304,Accepted,Medium,In Progress,Org line G3,,us,G199 3rd,PROD96,USA
111,,,,,,,,,,,,
111,,,,,,,,,,,,
111,Accepted-Assigned,Value 46,18.75078932540231,Accepted,Medium,Assigned,Org line G3,,us,G199 3rd,PROD96,USA
111,,,,,,,,,,,,
111,,,,,,,,,,,,
111,Accepted-Assigned,Value 97,18.923120488312605,Accepted,Medium,Assigned,Org line A2,A2_2,us,G21 2nd,PROD96,France
111,,,,,,,,,,,,
111,,,,,,,,,,,,
111,Completed-Closed,Value 43,19.069627855718487,Completed,Medium,Closed,Org line G3,,us,G199 3rd,PROD96,POLAND
112,Accepted-In Progress,Value 3,18.751173151264947,Accepted,Medium,In Progress,Org line A2,A2_2,cn,M1 2nd,PROD753,China
112,,,,,,,,,,,,
112,,,,,,,,,,,,
113,Accepted-In Progress,Value 98,18.75318012780604,Accepted,High,In Progress,Org line A2,A2_3,se,M3 2nd,PROD655,Sweden
113,,,,,,,,,,,,
113,,,,,,,,,,,,
113,Accepted-Assigned,Value 39,19.093312112060044,Accepted,High,Assigned,Org line A2,A2_3,se,M3 2nd,PROD655,Sweden
113,,,,,,,,,,,,
114,Accepted-In Progress,Value 40,18.75359616975766,Accepted,Medium,In Progress,Org line A2,A2_2,se,G357 2nd,PROD46,POLAND
114,,,,,,,,,,,,
114,,,,,,,,,,,,
114,Accepted-Wait,Value 40,18.75378510134401,Accepted,Medium,Wait,Org line A2,A2_2,se,G357 2nd,PROD46,POLAND
114,,,,,,,,,,,,
114,,,,,,,,,,,,
114,Accepted-In Progress,Value 40,19.093339324290493,Accepted,Medium,In Progress,Org line A2,A2_2,se,G357 2nd,PROD46,POLAND
114,,,,,,,,,,,,
115,Accepted-In Progress,Value 2,18.754326969735303,Accepted,Medium,In Progress,Org line A2,A2_2,cn,M1 2nd,PROD287,Sweden
115,,,,,,,,,,,,
115,,,,,,,,,,,,
115,Accepted-Wait,Value 2,19.10955905584407,Accepted,Medium,Wait,Org line A2,A2_2,cn,M1 2nd,PROD287,Sweden
115,,,,,,,,,,,,
116,Accepted-In Progress,Value 46,18.754421310099627,Accepted,Medium,In Progress,Org line G3,,us,G199 3rd,PROD98,USA
116,,,,,,,,,,,,
116,,,,,,,,,,,,
116,Accepted-Assigned,Value 46,18.75442670336908,Accepted,Medium,Assigned,Org line G3,,us,G199 3rd,PROD98,USA
116,,,,,,,,,,,,
116,,,,,,,,,,,,
116,Accepted-Wait,Value 56,18.802003428255215,Accepted,Medium,Wait,Org line A2,A2_2,us,G21 2nd,PROD98,Sweden
116,,,,,,,,,,,,
116,,,,,,,,,,,,
116,Accepted-Assigned,Value 46,18.896061291628424,Accepted,Medium,Assigned,Org line G3,,us,G199 3rd,PROD98,USA
116,,,,,,,,,,,,
116,,,,,,,,,,,,
117,Accepted-In Progress,Value 46,18.75486285308946,Accepted,Medium,In Progress,Org line G3,,us,G199 3rd,PROD98,USA
117,,,,,,,,,,,,
117,,,,,,,,,,,,
117,Accepted-Assigned,Value 46,18.75500806760583,Accepted,Medium,Assigned,Org line G3,,us,G199 3rd,PROD98,USA
117,,,,,,,,,,,,
117,,,,,,,,,,,,
117,Accepted-In Progress,Value 56,18.756209213937343,Accepted,Medium,In Progress,Org line A2,A2_2,us,G21 2nd,PROD98,Sweden
117,,,,,,,,,,,,
117,,,,,,,,,,,,
117,Accepted-Assigned,Value 46,18.758162706343178,Accepted,Medium,Assigned,Org line G3,,us,G199 3rd,PROD98,USA
117,,,,,,,,,,,,
117,,,,,,,,,,,,
118,Accepted-In Progress,Value 88,18.75502789560772,Accepted,High,In Progress,Org line G4,,se,S29 2nd,PROD551,Sweden
118,,,,,,,,,,,,
118,,,,,,,,,,,,
118,Accepted-Wait,Value 62,18.860494034204194,Accepted,High,Wait,Org line G4,,se,S29 2nd,PROD551,Sweden
118,,,,,,,,,,,,
118,,,,,,,,,,,,
118,Accepted-In Progress,Value 62,19.059263950436343,Accepted,High,In Progress,Org line A2,A2_3,se,S35 2nd,PROD551,Sweden
118,,,,,,,,,,,,
119,Accepted-In Progress,Value 46,18.755004445552906,Accepted,Medium,In Progress,Org line G3,,us,G199 3rd,PROD98,USA
119,,,,,,,,,,,,
119,,,,,,,,,,,,
119,Accepted-Assigned,Value 46,18.755010615919787,Accepted,Medium,Assigned,Org line G3,,us,G199 3rd,PROD98,USA
119,,,,,,,,,,,,
119,,,,,,,,,,,,
120,Accepted-In Progress,Value 99,18.75558513786456,Accepted,Medium,In Progress,Org line A2,D_1,in,L50 3rd,PROD611,Sweden
120,,,,,,,,,,,,
120,,,,,,,,,,,,
120,Completed-Closed,Value 99,18.85093210579489,Completed,Medium,Closed,Org line A2,D_1,in,L50 3rd,PROD611,Sweden
120,,,,,,,,,,,,
120,,,,,,,,,,,,
120,Completed-Closed,Value 100,19.094266231089236,Completed,Medium,Closed,Org line A2,D_1,in,L50 3rd,PROD611,Sweden
121,Accepted-In Progress,Value 76,18.756072153833593,Accepted,High,In Progress,Org line G4,,se,S33 2nd,PROD368,Sweden
121,,,,,,,,,,,,
121,,,,,,,,,,,,
121,Accepted-Wait,Value 76,18.801451323301656,Accepted,High,Wait,Org line G4,,se,S33 2nd,PROD368,Sweden
121,,,,,,,,,,,,
122,Accepted-In Progress,Value 2,18.759298177991393,Accepted,Medium,In Progress,Org line A2,A2_2,se,M1 2nd,PROD681,Sweden
122,,,,,,,,,,,,
122,,,,,,,,,,,,
122,Accepted-In Progress,Value 44,19.084440230380938,Accepted,Medium,In Progress,Org line F,,se,N10 2nd,PROD681,Sweden
122,,,,,,,,,,,,
123,Accepted-In Progress,Value 46,18.759874260245375,Accepted,Medium,In Progress,Org line G3,,us,G199 3rd,PROD98,USA
123,,,,,,,,,,,,
123,,,,,,,,,,,,
123,Accepted-Wait,Value 47,18.759916316185336,Accepted,Medium,Wait,Org line G3,,us,G199 3rd,PROD98,Sweden
123,,,,,,,,,,,,
123,,,,,,,,,,,,
123,Completed-Closed,Value 43,19.069650421147163,Completed,Medium,Closed,Org line G3,,us,G199 3rd,PROD98,POLAND
124,Accepted-In Progress,Value 101,18.764164428538145,Accepted,Medium,In Progress,Org line G4,,se,S28 2nd,PROD633,Sweden
124,,,,,,,,,,,,
125,Accepted-In Progress,Value 102,18.764812457457328,Accepted,Medium,In Progress,Org line C,C_6,se,M5 2nd,PROD660,Sweden
125,,,,,,,,,,,,
125,,,,,,,,,,,,
125,Queued-Awaiting Assignment,Value 103,18.77688570346572,Queued,Medium,Awaiting Assignment,Org line C,E_10,se,G140 2nd,PROD660,Sweden
125,,,,,,,,,,,,
125,,,,,,,,,,,,
125,Accepted-Assigned,Value 76,18.777707747910696,Accepted,Medium,Assigned,Org line C,C_6,se,G141 3rd,PROD660,Sweden
125,,,,,,,,,,,,
125,,,,,,,,,,,,
125,Accepted-Assigned,Value 104,18.90789998671479,Accepted,Medium,Assigned,Org line C,C_6,se,G141 3rd,PROD660,Sweden
125,,,,,,,,,,,,
125,,,,,,,,,,,,
125,Accepted-Assigned,Value 93,18.93602216812631,Accepted,Medium,Assigned,Org line C,C_6,se,G141 3rd,PROD660,Sweden
125,,Value 105,,,,,,,,,,
125,,,,,,,,,,,,
125,Accepted-Wait,Value 106,19.05186787359473,Accepted,Medium,Wait,Org line C,C_6,se,G141 3rd,PROD660,Sweden
125,,,,,,,,,,,,
126,Accepted-In Progress,Value 46,18.767157178434168,Accepted,Medium,In Progress,Org line G3,,us,G199 3rd,PROD98,USA
126,,,,,,,,,,,,
126,,,,,,,,,,,,
126,Accepted-Assigned,Value 46,18.767436770674518,Accepted,Medium,Assigned,Org line G3,,us,G199 3rd,PROD98,USA
126,,Value 107,,,,,,,,,,
126,,Value 107,,,,,,,,,,
126,Accepted-In Progress,Value 74,18.922557727805263,Accepted,Medium,In Progress,Org line G3,,us,G199 3rd,PROD98,Sweden
126,,,,,,,,,,,,
126,,,,,,,,,,,,
126,Queued-Awaiting Assignment,Value 46,18.923053754825496,Queued,Medium,Awaiting Assignment,Org line G3,,us,G199 3rd,PROD98,USA
126,,,,,,,,,,,,
126,,,,,,,,,,,,
126,Accepted-In Progress,Value 43,19.069651022118503,Accepted,Medium,In Progress,Org line A2,A2_2,us,G21 2nd,PROD98,POLAND
126,,,,,,,,,,,,
127,Accepted-In Progress,Value 108,18.76825441668475,Accepted,High,In Progress,Org line G4,,se,S33 2nd,PROD374,Sweden
127,,,,,,,,,,,,
127,,,,,,,,,,,,
127,Accepted-Assigned,Value 8,18.805031559307203,Accepted,High,Assigned,Org line G4,,se,S33 2nd,PROD374,Sweden
127,,,,,,,,,,,,
127,,,,,,,,,,,,
127,Completed-Closed,Value 8,19.06560052546088,Completed,High,Closed,Org line G4,,se,S33 2nd,PROD374,Sweden
128,Accepted-In Progress,Value 109,18.768484457629402,Accepted,Low,In Progress,Org line V2,,se,T3 2nd,PROD29,Sweden
128,,,,,,,,,,,,
129,Accepted-In Progress,Value 46,18.7684291435796,Accepted,Medium,In Progress,Org line G3,,us,G199 3rd,PROD98,USA
129,,,,,,,,,,,,
129,,,,,,,,,,,,
129,Accepted-Assigned,Value 46,18.76846442853368,Accepted,Medium,Assigned,Org line G3,,us,G199 3rd,PROD98,USA
129,,,,,,,,,,,,
129,,,,,,,,,,,,
130,Accepted-In Progress,Value 38,18.772663187311203,Accepted,Medium,In Progress,Org line A2,A2_3,se,G354 3rd,PROD729,Sweden
130,,,,,,,,,,,,
130,,,,,,,,,,,,
131,Accepted-In Progress,Value 46,18.77340156865527,Accepted,Medium,In Progress,Org line G3,,us,G199 3rd,PROD97,USA
131,,,,,,,,,,,,
131,,,,,,,,,,,,
131,Accepted-Assigned,Value 46,18.775827590945436,Accepted,Medium,Assigned,Org line G3,,us,G199 3rd,PROD97,USA
131,,,,,,,,,,,,
131,,,,,,,,,,,,
131,Completed-Closed,Value 43,19.06746774753111,Completed,Medium,Closed,Org line G3,,us,G199 3rd,PROD97,POLAND
132,Accepted-In Progress,Value 46,18.779333380966296,Accepted,Medium,In Progress,Org line G3,,us,G199 3rd,PROD97,USA
132,,,,,,,,,,,,
132,,,,,,,,,,,,
132,Accepted-Assigned,Value 46,18.779709620217265,Accepted,Medium,Assigned,Org line G3,,us,G199 3rd,PROD97,USA
132,,,,,,,,,,,,
132,,,,,,,,,,,,
132,Accepted-Wait,Value 73,18.928799000103847,Accepted,Medium,Wait,Org line A2,A2_2,us,G21 2nd,PROD97,INDIA
132,,,,,,,,,,,,
132,,,,,,,,,,,,
132,Accepted-Assigned,Value 46,18.943750317700164,Accepted,Medium,Assigned,Org line G3,,us,G199 3rd,PROD97,USA
132,,,,,,,,,,,,
132,,,,,,,,,,,,
133,Accepted-In Progress,Value 46,18.780010034992866,Accepted,Medium,In Progress,Org line G3,,us,G199 3rd,PROD97,USA
133,,,,,,,,,,,,
133,,,,,,,,,,,,
133,Accepted-Assigned,Value 46,18.7800176447381,Accepted,Medium,Assigned,Org line G3,,us,G199 3rd,PROD97,USA
133,,,,,,,,,,,,
133,,Value 110,,,,,,,,,,
133,Queued-Awaiting Assignment,Value 46,18.7962038372691,Queued,Medium,Awaiting Assignment,Org line G3,,us,G199 3rd,PROD97,USA
133,,,,,,,,,,,,
133,,,,,,,,,,,,
133,Accepted-In Progress,Value 43,19.067815708020845,Accepted,Medium,In Progress,Org line G3,,us,G199 3rd,PROD97,POLAND
133,,,,,,,,,,,,
134,Accepted-In Progress,Value 46,18.781716114398662,Accepted,Medium,In Progress,Org line G3,,us,G199 3rd,PROD98,USA
134,,,,,,,,,,,,
134,,,,,,,,,,,,
134,Accepted-Assigned,Value 46,18.78184013670307,Accepted,Medium,Assigned,Org line G3,,us,G199 3rd,PROD98,USA
134,,,,,,,,,,,,
134,,,,,,,,,,,,
135,Accepted-In Progress,Value 46,18.781805118477266,Accepted,Medium,In Progress,Org line G3,,us,G199 3rd,PROD97,USA
135,,,,,,,,,,,,
135,,,,,,,,,,,,
135,Accepted-Assigned,Value 46,18.781832059971332,Accepted,Medium,Assigned,Org line G3,,us,G199 3rd,PROD97,USA
135,,,,,,,,,,,,
135,,,,,,,,,,,,
136,Accepted-In Progress,Value 46,18.784162287345413,Accepted,Medium,In Progress,Org line G3,,us,G199 3rd,PROD97,USA
136,,,,,,,,,,,,
136,,,,,,,,,,,,
136,Accepted-Assigned,Value 46,18.784201290197256,Accepted,Medium,Assigned,Org line G3,,us,G199 3rd,PROD97,USA
136,,,,,,,,,,,,
136,,,,,,,,,,,,
136,Accepted-Assigned,Value 46,18.81266941138263,Accepted,Medium,Assigned,Org line G3,,us,G199 3rd,PROD97,USA
136,,,,,,,,,,,,
136,,Value 110,,,,,,,,,,
136,Queued-Awaiting Assignment,Value 46,18.82137317426463,Queued,Medium,Awaiting Assignment,Org line G3,,us,G199 3rd,PROD97,USA
136,,,,,,,,,,,,
136,,,,,,,,,,,,
136,Accepted-In Progress,Value 43,19.06965470110039,Accepted,Medium,In Progress,Org line G3,,us,G199 3rd,PROD97,POLAND
136,,,,,,,,,,,,
137,Accepted-In Progress,Value 81,18.787908555994115,Accepted,Low,In Progress,Org line C,C_6,se,G261 3rd,PROD424,Sweden
137,,,,,,,,,,,,
137,,,,,,,,,,,,
137,Accepted-Wait,Value 111,18.78964791890859,Accepted,Low,Wait,Org line C,C_6,se,N54 3rd,PROD424,USA
137,,,,,,,,,,,,
137,,,,,,,,,,,,
137,Accepted-In Progress,Value 111,18.793239260420325,Accepted,Low,In Progress,Org line C,C_6,se,G261 3rd,PROD424,USA
137,,,,,,,,,,,,
137,,,,,,,,,,,,
137,Accepted-In Progress,Value 113,19.002896726933454,Accepted,Low,In Progress,Org line C,C_6,se,G141 3rd,PROD424,Sweden
137,,,,,,,,,,,,
137,,,,,,,,,,,,
137,Completed-Closed,Value 113,19.061931095402734,Completed,Low,Closed,Org line C,C_6,se,G261 3rd,PROD424,Sweden
138,Accepted-In Progress,Value 114,18.788938172195483,Accepted,Low,In Progress,Org line G4,,se,S30 2nd,PROD412,Sweden
138,,,,,,,,,,,,
138,,,,,,,,,,,,
138,Completed-Closed,Value 114,19.091154141089294,Completed,Low,Closed,Org line G4,,se,S30 2nd,PROD412,Sweden
139,Accepted-In Progress,Value 46,18.789038422216937,Accepted,Medium,In Progress,Org line G3,,us,G199 3rd,PROD97,USA
139,,,,,,,,,,,,
139,,,,,,,,,,,,
139,Accepted-Assigned,Value 46,18.789049914106133,Accepted,Medium,Assigned,Org line G3,,us,G199 3rd,PROD97,USA
139,,,,,,,,,,,,
139,,,,,,,,,,,,
139,Accepted-Wait,Value 73,18.92879902416891,Accepted,Medium,Wait,Org line A2,A2_2,us,G21 2nd,PROD97,INDIA
139,,,,,,,,,,,,
139,,,,,,,,,,,,
139,Accepted-Assigned,Value 46,18.93356935629335,Accepted,Medium,Assigned,Org line G3,,us,G199 3rd,PROD97,USA
139,,,,,,,,,,,,
139,,,,,,,,,,,,
140,Accepted-In Progress,Value 115,18.793197177287905,Accepted,Medium,In Progress,Org line G4,,se,S28 2nd,PROD108,Sweden
140,,,,,,,,,,,,
141,Accepted-In Progress,Value 46,18.793653403684043,Accepted,Medium,In Progress,Org line G3,,us,G199 3rd,PROD98,USA
141,,,,,,,,,,,,
141,,,,,,,,,,,,
141,Accepted-Assigned,Value 46,18.794462218295873,Accepted,Medium,Assigned,Org line G3,,us,G199 3rd,PROD98,USA
141,,,,,,,,,,,,
141,,,,,,,,,,,,
142,Accepted-In Progress,Value 46,18.79445157291036,Accepted,Medium,In Progress,Org line G3,,us,G199 3rd,PROD97,USA
142,,,,,,,,,,,,
142,,,,,,,,,,,,
142,Accepted-Assigned,Value 46,18.794460601195482,Accepted,Medium,Assigned,Org line G3,,us,G199 3rd,PROD97,USA
142,,,,,,,,,,,,
142,,,,,,,,,,,,
143,Accepted-In Progress,Value 46,18.800354523436027,Accepted,Medium,In Progress,Org line G3,,us,G199 3rd,PROD96,USA
143,,,,,,,,,,,,
143,,,,,,,,,,,,
143,Accepted-Assigned,Value 46,18.800358395347,Accepted,Medium,Assigned,Org line G3,,us,G199 3rd,PROD96,USA
143,,,,,,,,,,,,
143,,,,,,,,,,,,
144,Accepted-In Progress,Value 46,18.801454794635617,Accepted,Medium,In Progress,Org line G3,,us,G199 3rd,PROD98,USA
144,,,,,,,,,,,,
144,,,,,,,,,,,,
144,Accepted-Assigned,Value 46,18.80148439615145,Accepted,Medium,Assigned,Org line G3,,us,G199 3rd,PROD98,USA
144,,,,,,,,,,,,
144,,,,,,,,,,,,
145,Accepted-In Progress,Value 76,18.801987474241347,Accepted,High,In Progress,Org line G4,,se,S33 2nd,PROD680,Sweden
145,,,,,,,,,,,,
145,,,,,,,,,,,,
145,Accepted-Wait,Value 76,18.80498909794833,Accepted,High,Wait,Org line G4,,se,S33 2nd,PROD680,Sweden
145,,,,,,,,,,,,
145,,,,,,,,,,,,
145,Completed-Closed,Value 76,19.062526714303957,Completed,High,Closed,Org line G4,,se,S33 2nd,PROD680,Sweden
146,Queued-Awaiting Assignment,Value 58,18.804396984066003,Queued,Medium,Awaiting Assignment,Org line G4,,se,G51 2nd,PROD821,Sweden
146,,,,,,,,,,,,
146,,,,,,,,,,,,
147,Accepted-In Progress,Value 88,18.805065208449292,Accepted,Medium,In Progress,Org line G4,,se,S29 2nd,PROD368,Sweden
147,,,,,,,,,,,,
147,,,,,,,,,,,,
147,Accepted-Wait,Value 62,18.86049088427307,Accepted,Medium,Wait,Org line G4,,se,S29 2nd,PROD368,Sweden
147,,,,,,,,,,,,
147,,,,,,,,,,,,
147,Accepted-Assigned,Value 13,19.059270503391495,Accepted,Medium,Assigned,Org line A2,A2_3,se,S35 2nd,PROD368,Sweden
147,,,,,,,,,,,,
147,,,,,,,,,,,,
148,Accepted-In Progress,Value 8,18.806145103939716,Accepted,Low,In Progress,Org line C,,se,G37 2nd,PROD415,Sweden
148,,,,,,,,,,,,
148,,,,,,,,,,,,
149,Accepted-In Progress,Value 48,18.806281210041476,Accepted,Medium,In Progress,Org line G4,,se,S30 2nd,PROD412,Sweden
149,,,,,,,,,,,,
149,,,,,,,,,,,,
149,Accepted-In Progress,Value 60,19.077387701411354,Accepted,Medium,In Progress,Org line G4,,se,S30 2nd,PROD412,Sweden
149,,,,,,,,,,,,
150,Accepted-In Progress,Value 48,18.81022556750946,Accepted,Medium,In Progress,Org line G4,,se,S30 2nd,PROD412,Sweden
150,,,,,,,,,,,,
150,,,,,,,,,,,,
151,Accepted-In Progress,Value 2,18.81037813236525,Accepted,Low,In Progress,Org line A2,A2_2,cn,M1 2nd,PROD753,Sweden
151,,,,,,,,,,,,
152,Accepted-In Progress,Value 81,18.810916925033023,Accepted,Medium,In Progress,Org line C,C_6,se,G141 3rd,PROD660,Sweden
152,,,,,,,,,,,,
152,,,,,,,,,,,,
152,Accepted-Assigned,Value 81,18.812822549729358,Accepted,Medium,Assigned,Org line C,C_6,se,G141 3rd,PROD660,Sweden
152,,,,,,,,,,,,
152,,Value 105,,,,,,,,,,
152,Accepted-Assigned,Value 106,19.029633849742698,Accepted,Medium,Assigned,Org line C,C_6,se,G141 3rd,PROD660,Sweden
152,,,,,,,,,,,,
152,,,,,,,,,,,,
152,Completed-Closed,Value 106,19.06476420593028,Completed,Medium,Closed,Org line C,C_6,se,G141 3rd,PROD660,Sweden
153,Accepted-In Progress,Value 46,18.81265741742676,Accepted,Medium,In Progress,Org line G3,,us,G199 3rd,PROD98,USA
153,,,,,,,,,,,,
153,,,,,,,,,,,,
153,Accepted-Assigned,Value 46,18.812668755941996,Accepted,Medium,Assigned,Org line G3,,us,G199 3rd,PROD98,USA
153,,,,,,,,,,,,
153,,,,,,,,,,,,
153,Accepted-Wait,Value 56,18.81488433184083,Accepted,Medium,Wait,Org line A2,A2_2,us,G21 2nd,PROD98,Sweden
153,,,,,,,,,,,,
153,,,,,,,,,,,,
153,Accepted-Assigned,Value 46,18.81509269031286,Accepted,Medium,Assigned,Org line G3,,us,G199 3rd,PROD98,USA
153,,,,,,,,,,,,
153,,,,,,,,,,,,
154,Accepted-In Progress,Value 8,18.814462857545582,Accepted,Low,In Progress,Org line G4,,se,S33 2nd,PROD304,Sweden
154,,,,,,,,,,,,
154,,,,,,,,,,,,
155,Accepted-In Progress,Value 8,18.814546242628175,Accepted,Low,In Progress,Org line G4,,se,S33 2nd,PROD374,Sweden
155,,,,,,,,,,,,
155,,,,,,,,,,,,
155,Completed-Closed,Value 8,19.080968813788967,Completed,Low,Closed,Org line G4,,se,S33 2nd,PROD374,Sweden
156,Accepted-In Progress,Value 66,18.816752270193877,Accepted,Medium,In Progress,Org line B,E_10,in,G230 2nd,PROD424,France
156,,,,,,,,,,,,
156,,,,,,,,,,,,
156,Queued-Awaiting Assignment,Value 81,18.81779340058455,Queued,Medium,Awaiting Assignment,Org line C,C_6,in,G261 3rd,PROD424,Sweden
156,,,,,,,,,,,,
156,,,,,,,,,,,,
156,Accepted-In Progress,Value 120,18.843138227104713,Accepted,Medium,In Progress,Org line C,E_1,in,G195,PROD424,Sweden
156,,,,,,,,,,,,
156,,,,,,,,,,,,
156,Accepted-In Progress,Value 71,18.845372810423168,Accepted,Medium,In Progress,Org line B,E_10,in,G230 2nd,PROD424,INDIA
156,,,,,,,,,,,,
156,,,,,,,,,,,,
156,Accepted-Wait,Value 71,18.96613005379222,Accepted,Medium,Wait,Org line B,E_10,in,G230 2nd,PROD424,INDIA
156,,,,,,,,,,,,
156,,,,,,,,,,,,
157,Accepted-In Progress,Value 121,18.817368577574296,Accepted,Low,In Progress,Org line A2,A2_3,se,G349 3rd,PROD93,Sweden
157,,,,,,,,,,,,
157,,,,,,,,,,,,
157,Accepted-In Progress,Value 41,19.094220672529133,Accepted,Low,In Progress,Org line A2,A2_3,se,G349 3rd,PROD93,Sweden
157,,,,,,,,,,,,
157,,,,,,,,,,,,
158,Accepted-In Progress,Value 81,18.817777743566474,Accepted,Medium,In Progress,Org line C,C_6,se,G141 3rd,PROD734,Sweden
158,,,,,,,,,,,,
158,,,,,,,,,,,,
158,Accepted-Assigned,Value 8,18.943255428401496,Accepted,Medium,Assigned,Org line C,C_6,se,G141 3rd,PROD734,Sweden
158,,,,,,,,,,,,
158,,Value 105,,,,,,,,,,
158,Accepted-Assigned,Value 106,19.051863187016846,Accepted,Medium,Assigned,Org line C,C_6,se,G141 3rd,PROD734,Sweden
158,,,,,,,,,,,,
158,,,,,,,,,,,,
159,Accepted-In Progress,Value 124,18.81903607740493,Accepted,High,In Progress,Org line A2,A2_3,se,U5 2nd,PROD831,Sweden
159,,,,,,,,,,,,
159,,,,,,,,,,,,
159,Accepted-Assigned,Value 125,19.070642963300614,Accepted,High,Assigned,Org line A2,A2_3,se,U5 2nd,PROD831,Sweden
159,,,,,,,,,,,,
159,,,,,,,,,,,,
159,Accepted-In Progress,Value 125,19.114263384685767,Accepted,High,In Progress,Org line A2,A2_3,se,U6 2nd,PROD831,Sweden
159,,,,,,,,,,,,
160,Accepted-In Progress,Value 77,18.81906575387913,Accepted,Medium,In Progress,Org line C,C_6,se,G250 3rd,PROD660,Sweden
160,,,,,,,,,,,,
160,,,,,,,,,,,,
160,Accepted-Wait,Value 77,18.83337921476816,Accepted,Medium,Wait,Org line C,C_6,se,G250 3rd,PROD660,Sweden
160,,,,,,,,,,,,
160,,,,,,,,,,,,
160,Accepted-Wait,Value 77,18.92102939541392,Accepted,Medium,Wait,Org line C,C_6,se,G250 3rd,PROD660,Sweden
160,,,,,,,,,,,,
160,,,,,,,,,,,,
161,Accepted-In Progress,Value 39,18.821386330151046,Accepted,Major,In Progress,Org line A2,A2_3,se,M3 2nd,PROD655,Sweden
161,,,,,,,,,,,,
161,,,,,,,,,,,,
162,Accepted-In Progress,Value 31,18.82139821986895,Accepted,Medium,In Progress,Org line A2,A2_4,se,G61 3rd,PROD194,Sweden
162,,,,,,,,,,,,
162,,,,,,,,,,,,
162,Accepted-In Progress,Value 31,19.074722112757613,Accepted,Medium,In Progress,Org line A2,A2_4,se,G60 2nd,PROD194,Sweden
162,,,,,,,,,,,,
162,,,,,,,,,,,,
163,Accepted-In Progress,Value 128,18.82256755090369,Accepted,Medium,In Progress,Org line C,E_4,us,G88 2nd,PROD793,USA
163,,,,,,,,,,,,
163,,,,,,,,,,,,
164,Accepted-In Progress,Value 81,18.823031554332292,Accepted,Medium,In Progress,Org line C,C_6,se,G141 3rd,PROD660,Sweden
164,,,,,,,,,,,,
164,,,,,,,,,,,,
164,Accepted-Assigned,Value 123,18.825627684501573,Accepted,Medium,Assigned,Org line C,C_6,se,G141 3rd,PROD660,Sweden
164,,,,,,,,,,,,
164,,,,,,,,,,,,
164,Completed-Closed,Value 113,19.086266020940815,Completed,Medium,Closed,Org line C,C_6,se,G141 3rd,PROD660,Sweden
165,Accepted-In Progress,Value 58,18.823184097057727,Accepted,Medium,In Progress,Org line G4,,se,G51 2nd,PROD821,Sweden
165,,,,,,,,,,,,
165,,,,,,,,,,,,
165,Completed-Closed,Value 116,19.06564676661091,Completed,Medium,Closed,Org line G4,,se,G51 2nd,PROD821,Sweden
166,Accepted-In Progress,Value 46,18.826024237999174,Accepted,Medium,In Progress,Org line G3,,us,G199 3rd,PROD98,USA
166,,,,,,,,,,,,
166,,,,,,,,,,,,
166,Accepted-Assigned,Value 46,18.826040866549743,Accepted,Medium,Assigned,Org line G3,,us,G199 3rd,PROD98,USA
166,,,,,,,,,,,,
166,,,,,,,,,,,,
167,Accepted-In Progress,Value 46,18.826614608843567,Accepted,Medium,In Progress,Org line G3,,us,G199 3rd,PROD97,USA
167,,,,,,,,,,,,
167,,,,,,,,,,,,
167,Accepted-Assigned,Value 46,18.827113090800953,Accepted,Medium,Assigned,Org line G3,,us,G199 3rd,PROD97,USA
167,,,,,,,,,,,,
167,,,,,,,,,,,,
168,Accepted-In Progress,Value 3,18.82665545552396,Accepted,Medium,In Progress,Org line A2,A2_2,cn,M1 2nd,PROD753,China
168,,,,,,,,,,,,
168,,,,,,,,,,,,
169,Accepted-In Progress,Value 46,18.82946624677702,Accepted,Medium,In Progress,Org line G3,,us,G199 3rd,PROD97,USA
169,,,,,,,,,,,,
169,,,,,,,,,,,,
169,Accepted-Assigned,Value 46,18.829517714271716,Accepted,Medium,Assigned,Org line G3,,us,G199 3rd,PROD97,USA
169,,,,,,,,,,,,
169,,,,,,,,,,,,
170,Accepted-In Progress,Value 46,18.82954589867885,Accepted,Medium,In Progress,Org line G3,,us,G199 3rd,PROD97,USA
170,,,,,,,,,,,,
170,,,,,,,,,,,,
170,Accepted-Assigned,Value 46,18.830094240240044,Accepted,Medium,Assigned,Org line G3,,us,G199 3rd,PROD97,USA
170,,,,,,,,,,,,
170,,,,,,,,,,,,
171,Accepted-In Progress,Value 62,18.832876788398156,Accepted,Low,In Progress,Org line A2,A2_4,us,G113 2nd,PROD546,USA
171,,,,,,,,,,,,
171,,,,,,,,,,,,
171,Accepted-In Progress,Value 62,19.01361940339849,Accepted,Low,In Progress,Org line A2,A2_4,us,G113 2nd,PROD546,USA
171,,,,,,,,,,,,
171,,,,,,,,,,,,
172,Accepted-In Progress,Value 80,18.832911367594143,Accepted,Medium,In Progress,Org line A2,A2_4,us,L23 3rd,PROD521,Sweden
172,,,,,,,,,,,,
172,,,,,,,,,,,,
173,Accepted-In Progress,Value 2,18.833337880643047,Accepted,High,In Progress,Org line A2,A2_2,cn,M1 2nd,PROD753,Sweden
173,,,,,,,,,,,,
174,Accepted-In Progress,Value 81,18.835109339708435,Accepted,Medium,In Progress,Org line C,C_6,se,G141 3rd,PROD660,Sweden
174,,,,,,,,,,,,
174,,,,,,,,,,,,
174,Queued-Awaiting Assignment,Value 84,18.83685276132253,Queued,Medium,Awaiting Assignment,Org line C,E_7,se,G135 2nd,PROD660,Sweden
174,,,,,,,,,,,,
174,,,,,,,,,,,,
174,Accepted-In Progress,Value 84,19.068361060309194,Accepted,Medium,In Progress,Org line C,E_7,se,G135 2nd,PROD660,Sweden
174,,,,,,,,,,,,
175,Accepted-In Progress,Value 129,18.837921980477006,Accepted,Medium,In Progress,Org line G4,,se,S30 2nd,PROD412,Sweden
175,,,,,,,,,,,,
175,,,,,,,,,,,,
175,Accepted-In Progress,Value 128,18.849941008398947,Accepted,Medium,In Progress,Org line A2,A2_3,se,S21 2nd,PROD412,Sweden
175,,,,,,,,,,,,
175,,,,,,,,,,,,
175,Accepted-In Progress,Value 128,18.849948872332995,Accepted,Medium,In Progress,Org line A2,A2_3,se,S21 2nd,PROD412,Sweden
175,,,,,,,,,,,,
175,,,,,,,,,,,,
175,Accepted-In Progress,Value 129,18.850521933259312,Accepted,Medium,In Progress,Org line G4,,se,S30 2nd,PROD412,Sweden
175,,,,,,,,,,,,
175,,,,,,,,,,,,
175,Completed-Closed,Value 60,19.077385647926878,Completed,Medium,Closed,Org line G4,,se,S30 2nd,PROD412,Sweden
176,Accepted-In Progress,Value 130,18.837479865447367,Accepted,High,In Progress,Org line C,E_6,se,G334 2nd,PROD101,Sweden
176,,,,,,,,,,,,
176,,,,,,,,,,,,
176,Completed-Closed,Value 20,19.07560024413873,Completed,High,Closed,Org line C,E_6,se,G334 2nd,PROD101,Sweden
177,Accepted-In Progress,Value 104,18.837993892674106,Accepted,Medium,In Progress,Org line V2,,se,T4 2nd,PROD63,Sweden
177,,,,,,,,,,,,
177,,,,,,,,,,,,
177,Completed-Closed,Value 104,19.08935432931088,Completed,Medium,Closed,Org line V2,,se,T4 2nd,PROD63,Sweden
178,Accepted-In Progress,Value 46,18.840844259274284,Accepted,Medium,In Progress,Org line G3,,us,G199 3rd,PROD98,USA
178,,,,,,,,,,,,
178,,,,,,,,,,,,
178,Accepted-Assigned,Value 46,18.84085535491905,Accepted,Medium,Assigned,Org line G3,,us,G199 3rd,PROD98,USA
178,,,,,,,,,,,,
178,,,,,,,,,,,,
178,Queued-Awaiting Assignment,Value 4,18.842637599208206,Queued,Medium,Awaiting Assignment,Org line A2,A2_2,us,G21 2nd,PROD98,Sweden
178,,,,,,,,,,,,
178,,,,,,,,,,,,
178,Accepted-Wait,Value 56,18.84531714285085,Accepted,Medium,Wait,Org line A2,A2_2,us,G21 2nd,PROD98,Sweden
178,,,,,,,,,,,,
178,,,,,,,,,,,,
178,Queued-Awaiting Assignment,Value 72,18.896058432041492,Queued,Medium,Awaiting Assignment,Org line A2,A2_2,us,G21 2nd,PROD98,Sweden
178,,,,,,,,,,,,
178,,,,,,,,,,,,
178,Accepted-Assigned,Value 46,18.89606194435908,Accepted,Medium,Assigned,Org line G3,,us,G199 3rd,PROD98,USA
178,,,,,,,,,,,,
178,,,,,,,,,,,,
179,Accepted-In Progress,Value 46,18.841325732476488,Accepted,Medium,In Progress,Org line G3,,us,G199 3rd,PROD98,USA
179,,,,,,,,,,,,
179,,,,,,,,,,,,
179,Accepted-Assigned,Value 46,18.841372863776847,Accepted,Medium,Assigned,Org line G3,,us,G199 3rd,PROD98,USA
179,,,,,,,,,,,,
179,,,,,,,,,,,,
180,Accepted-In Progress,Value 60,18.841963700989048,Accepted,Medium,In Progress,Org line G4,,se,S30 2nd,PROD412,Sweden
180,,,,,,,,,,,,
180,,,,,,,,,,,,
180,Accepted-In Progress,Value 60,19.07738860888421,Accepted,Medium,In Progress,Org line G4,,se,S30 2nd,PROD412,Sweden
180,,,,,,,,,,,,
181,Accepted-In Progress,Value 46,18.842417514268096,Accepted,Medium,In Progress,Org line G3,,us,G199 3rd,PROD98,USA
181,,,,,,,,,,,,
181,,,,,,,,,,,,
181,Accepted-Wait,Value 74,18.842546299808756,Accepted,Medium,Wait,Org line G3,,us,G199 3rd,PROD98,Sweden
181,,,,,,,,,,,,
181,,,,,,,,,,,,
181,Accepted-Assigned,Value 46,18.842620372183376,Accepted,Medium,Assigned,Org line G3,,us,G199 3rd,PROD98,USA
181,,,,,,,,,,,,
181,,,,,,,,,,,,
182,Accepted-In Progress,Value 116,18.84305238776817,Accepted,Low,In Progress,Org line G4,,se,G51 2nd,PROD54,Sweden
182,,,,,,,,,,,,
182,,,,,,,,,,,,
183,Accepted-Assigned,Value 59,18.843174386751386,Accepted,Medium,Assigned,Org line G4,,se,G51 2nd,PROD405,Sweden
183,,Value 131,,,,,,,,,,
183,,Value 131,,,,,,,,,,
184,Accepted-Assigned,Value 59,18.84317590074831,Accepted,Medium,Assigned,Org line G4,,se,G51 2nd,PROD405,Sweden
184,,Value 131,,,,,,,,,,
184,,Value 131,,,,,,,,,,
185,Accepted-In Progress,Value 3,18.847163316306794,Accepted,Medium,In Progress,Org line A2,A2_2,cn,M1 2nd,PROD753,China
185,,,,,,,,,,,,
185,,,,,,,,,,,,
186,Accepted-In Progress,Value 129,18.84723039591256,Accepted,Medium,In Progress,Org line G4,,se,S30 2nd,PROD412,Sweden
186,,,,,,,,,,,,
186,,,,,,,,,,,,
186,Accepted-Assigned,Value 88,19.07059609116151,Accepted,Medium,Assigned,Org line G4,,se,S30 2nd,PROD412,Sweden
186,,,,,,,,,,,,
186,,,,,,,,,,,,
186,Accepted-In Progress,Value 60,19.083635969972146,Accepted,Medium,In Progress,Org line G4,,se,S30 2nd,PROD412,Sweden
186,,,,,,,,,,,,
187,Accepted-In Progress,Value 46,18.84882685572981,Accepted,Medium,In Progress,Org line G3,,us,G199 3rd,PROD98,USA
187,,,,,,,,,,,,
187,,,,,,,,,,,,
187,Accepted-Assigned,Value 46,18.848829788448338,Accepted,Medium,Assigned,Org line G3,,us,G199 3rd,PROD98,USA
187,,,,,,,,,,,,
187,,,,,,,,,,,,
188,Accepted-In Progress,Value 8,18.849828230959403,Accepted,Medium,In Progress,Org line C,,se,G37 2nd,PROD415,Sweden
188,,,,,,,,,,,,
189,Accepted-In Progress,Value 46,18.84985122627191,Accepted,Medium,In Progress,Org line G3,,us,G199 3rd,PROD97,USA
189,,,,,,,,,,,,
189,,,,,,,,,,,,
189,Accepted-Assigned,Value 46,18.84991627696489,Accepted,Medium,Assigned,Org line G3,,us,G199 3rd,PROD97,USA
189,,,,,,,,,,,,
189,,,,,,,,,,,,
190,Accepted-In Progress,Value 48,18.849892488901613,Accepted,Medium,In Progress,Org line G4,,se,S30 2nd,PROD409,Sweden
190,,,,,,,,,,,,
191,Accepted-In Progress,Value 46,18.849909975201363,Accepted,Medium,In Progress,Org line G3,,us,G199 3rd,PROD97,USA
191,,,,,,,,,,,,
191,,,,,,,,,,,,
191,Accepted-Assigned,Value 46,18.84991428488278,Accepted,Medium,Assigned,Org line G3,,us,G199 3rd,PROD97,USA
191,,,,,,,,,,,,
191,,,,,,,,,,,,
191,Accepted-In Progress,Value 56,18.928323511802216,Accepted,Medium,In Progress,Org line A2,A2_2,us,G21 2nd,PROD97,Sweden
191,,,,,,,,,,,,
191,,,,,,,,,,,,
191,Accepted-Assigned,Value 46,18.928368551919423,Accepted,Medium,Assigned,Org line G3,,us,G199 3rd,PROD97,USA
191,,,,,,,,,,,,
191,,,,,,,,,,,,
191,Accepted-In Progress,Value 72,18.93746468563466,Accepted,Medium,In Progress,Org line A2,A2_2,us,G21 2nd,PROD97,Sweden
191,,,,,,,,,,,,
191,,,,,,,,,,,,
191,Accepted-Assigned,Value 56,18.93904300974907,Accepted,Medium,Assigned,Org line A2,A2_2,us,G21 2nd,PROD97,Sweden
191,,,,,,,,,,,,
191,,,,,,,,,,,,
191,Accepted-In Progress,Value 74,18.95848592033992,Accepted,Medium,In Progress,Org line G3,,us,G199 3rd,PROD97,Sweden
191,,,,,,,,,,,,
191,,,,,,,,,,,,
191,Completed-Closed,Value 43,19.06970583963727,Completed,Medium,Closed,Org line G3,,us,G199 3rd,PROD97,POLAND
192,Accepted-In Progress,Value 46,18.85031899967103,Accepted,Medium,In Progress,Org line G3,,us,G199 3rd,PROD97,USA
192,,,,,,,,,,,,
192,,,,,,,,,,,,
192,Accepted-Assigned,Value 46,18.850368591676258,Accepted,Medium,Assigned,Org line G3,,us,G199 3rd,PROD97,USA
192,,,,,,,,,,,,
192,,,,,,,,,,,,
193,Accepted-In Progress,Value 46,18.850401966147256,Accepted,Medium,In Progress,Org line G3,,us,G199 3rd,PROD98,USA
193,,,,,,,,,,,,
193,,,,,,,,,,,,
193,Accepted-Assigned,Value 46,18.850407353849814,Accepted,Medium,Assigned,Org line G3,,us,G199 3rd,PROD98,USA
193,,,,,,,,,,,,
193,,,,,,,,,,,,
194,Accepted-In Progress,Value 132,18.8504500575233,Accepted,Medium,In Progress,Org line G4,,se,S33 2nd,PROD374,Sweden
194,,,,,,,,,,,,
194,,,,,,,,,,,,
195,Accepted-In Progress,Value 46,18.851025191931726,Accepted,Medium,In Progress,Org line G3,,us,G199 3rd,PROD97,USA
195,,,,,,,,,,,,
195,,,,,,,,,,,,
195,Accepted-Assigned,Value 46,18.851146761837885,Accepted,Medium,Assigned,Org line G3,,us,G199 3rd,PROD97,USA
195,,,,,,,,,,,,
195,,,,,,,,,,,,
196,Accepted-In Progress,Value 46,18.854950564222364,Accepted,Medium,In Progress,Org line G3,,us,G199 3rd,PROD97,USA
196,,,,,,,,,,,,
196,,,,,,,,,,,,
196,Accepted-Assigned,Value 46,18.85498814524357,Accepted,Medium,Assigned,Org line G3,,us,G199 3rd,PROD97,USA
196,,,,,,,,,,,,
196,,,,,,,,,,,,
197,Accepted-In Progress,Value 46,18.854981914223973,Accepted,Medium,In Progress,Org line G3,,us,G199 3rd,PROD97,USA
197,,,,,,,,,,,,
197,,,,,,,,,,,,
197,Accepted-Assigned,Value 46,18.854987147764874,Accepted,Medium,Assigned,Org line A2,A2_2,us,G21 2nd,PROD97,USA
197,,,,,,,,,,,,
197,,,,,,,,,,,,
198,Accepted-In Progress,Value 46,18.856684698174,Accepted,Medium,In Progress,Org line G3,,us,G199 3rd,PROD96,USA
198,,,,,,,,,,,,
198,,,,,,,,,,,,
198,Accepted-Assigned,Value 46,18.86107170163063,Accepted,Medium,Assigned,Org line G3,,us,G199 3rd,PROD96,USA
198,,,,,,,,,,,,
198,,,,,,,,,,,,
198,Completed-Closed,Value 43,19.06743440659053,Completed,Medium,Closed,Org line G3,,us,G199 3rd,PROD96,POLAND
199,Accepted-In Progress,Value 118,18.856791720189722,Accepted,Major,In Progress,Org line C,E_3,be,G64 2nd,PROD436,France
199,,,,,,,,,,,,
200,Accepted-In Progress,Value 133,18.857239365997025,Accepted,Medium,In Progress,Org line G4,,se,S33 2nd,PROD374,Sweden
200,,,,,,,,,,,,
200,,,,,,,,,,,,
200,Accepted-Wait,Value 133,18.933376110659097,Accepted,Medium,Wait,Org line G4,,se,S33 2nd,PROD374,Sweden
200,,,,,,,,,,,,
201,Accepted-In Progress,Value 84,18.857703981176286,Accepted,Medium,In Progress,Org line C,E_7,se,G135 2nd,PROD310,Sweden
201,,,,,,,,,,,,
201,,,,,,,,,,,,
201,Accepted-Wait,Value 84,18.999981426763583,Accepted,Medium,Wait,Org line C,E_7,se,G135 2nd,PROD310,Sweden
201,,,,,,,,,,,,
202,Accepted-In Progress,Value 46,18.857844221400295,Accepted,Medium,In Progress,Org line G3,,us,G199 3rd,PROD97,USA
202,,,,,,,,,,,,
202,,,,,,,,,,,,
202,Accepted-Assigned,Value 46,18.858304301415686,Accepted,Medium,Assigned,Org line G3,,us,G199 3rd,PROD97,USA
202,,,,,,,,,,,,
202,,,,,,,,,,,,
203,Accepted-In Progress,Value 60,18.860451422331927,Accepted,Medium,In Progress,Org line G4,,se,S30 2nd,PROD411,Sweden
203,,,,,,,,,,,,
203,,,,,,,,,,,,
203,Accepted-Wait,Value 134,19.06826586988622,Accepted,Medium,Wait,Org line G4,,se,S30 2nd,PROD411,Sweden
203,,,,,,,,,,,,
204,Accepted-In Progress,Value 46,18.861046632340987,Accepted,Medium,In Progress,Org line G3,,us,G199 3rd,PROD97,USA
204,,,,,,,,,,,,
204,,,,,,,,,,,,
204,Accepted-Assigned,Value 46,18.86107033680618,Accepted,Medium,Assigned,Org line G3,,us,G199 3rd,PROD97,USA
204,,,,,,,,,,,,
204,,,,,,,,,,,,
204,Accepted-Wait,Value 73,18.9225492280475,Accepted,Medium,Wait,Org line A2,A2_2,us,G21 2nd,PROD97,INDIA
204,,,,,,,,,,,,
204,,,,,,,,,,,,
204,Accepted-Wait,Value 56,18.924565870089353,Accepted,Medium,Wait,Org line A2,A2_2,us,G21 2nd,PROD97,Sweden
204,,,,,,,,,,,,
204,,,,,,,,,,,,
204,Accepted-Assigned,Value 46,18.924620510525692,Accepted,Medium,Assigned,Org line G3,,us,G199 3rd,PROD97,USA
204,,,,,,,,,,,,
204,,,,,,,,,,,,
205,Accepted-In Progress,Value 135,18.861144614025235,Accepted,Medium,In Progress,Org line A2,A2_2,br,S2 2nd,PROD144,Brazil
205,,,,,,,,,,,,
205,,,,,,,,,,,,
205,Accepted-In Progress,Value 136,19.042723092262566,Accepted,Medium,In Progress,Org line A2,A2_2,br,S2 2nd,PROD144,Brazil
205,,,,,,,,,,,,
205,,,,,,,,,,,,
205,Accepted-Wait,Value 137,19.094214971826766,Accepted,Medium,Wait,Org line A2,A2_2,br,S2 2nd,PROD144,Brazil
205,,,,,,,,,,,,
206,Accepted-In Progress,Value 115,18.86213765275395,Accepted,Medium,In Progress,Org line G4,,se,S28 2nd,PROD108,Sweden
206,,,,,,,,,,,,
207,Accepted-In Progress,Value 138,18.86217772343746,Accepted,High,In Progress,Org line A2,A2_4,se,G105 2nd,PROD337,Sweden
207,,,,,,,,,,,,
207,,,,,,,,,,,,
208,Accepted-In Progress,Value 139,18.86219466183769,Accepted,Medium,In Progress,Org line G4,,se,S33 2nd,PROD374,Sweden
208,,,,,,,,,,,,
208,,,,,,,,,,,,
209,Accepted-In Progress,Value 46,18.86446174573169,Accepted,Medium,In Progress,Org line G3,,us,G199 3rd,PROD98,USA
209,,,,,,,,,,,,
209,,,,,,,,,,,,
209,Accepted-Assigned,Value 46,18.86506363471962,Accepted,Medium,Assigned,Org line G3,,us,G199 3rd,PROD98,USA
209,,,,,,,,,,,,
209,,,,,,,,,,,,
210,Accepted-In Progress,Value 46,18.8650889625832,Accepted,Medium,In Progress,Org line G3,,us,G199 3rd,PROD96,USA
210,,,,,,,,,,,,
210,,,,,,,,,,,,
210,Accepted-Assigned,Value 78,18.86606350178427,Accepted,Medium,Assigned,Org line A2,A2_2,us,G21 2nd,PROD96,Sweden
210,,,,,,,,,,,,
210,,,,,,,,,,,,
210,Completed-Closed,Value 43,19.067436250165134,Completed,Medium,Closed,Org line A2,A2_2,us,G21 2nd,PROD96,POLAND
211,Accepted-In Progress,Value 140,18.865550964877816,Accepted,High,In Progress,Org line C,E_4,us,G88 2nd,PROD219,Sweden
211,,,,,,,,,,,,
211,,,,,,,,,,,,
211,Completed-Closed,Value 140,19.095466026966424,Completed,High,Closed,Org line C,E_4,us,G88 2nd,PROD219,Sweden
212,Accepted-In Progress,Value 46,18.86610964162824,Accepted,Medium,In Progress,Org line G3,,us,G199 3rd,PROD97,USA
212,,,,,,,,,,,,
212,,,,,,,,,,,,
212,Accepted-Assigned,Value 46,18.86612295215799,Accepted,Medium,Assigned,Org line G3,,us,G199 3rd,PROD97,USA
212,,,,,,,,,,,,
212,,,,,,,,,,,,
213,Accepted-In Progress,Value 46,18.86651790217098,Accepted,Medium,In Progress,Org line G3,,us,G199 3rd,PROD98,USA
213,,,,,,,,,,,,
213,,,,,,,,,,,,
213,Accepted-In Progress,Value 78,18.866591026793124,Accepted,Medium,In Progress,Org line G3,,us,G199 3rd,PROD98,Sweden
213,,,,,,,,,,,,
213,,,,,,,,,,,,
213,Accepted-Assigned,Value 56,18.922535303786784,Accepted,Medium,Assigned,Org line A2,A2_2,us,G21 2nd,PROD98,Sweden
213,,,,,,,,,,,,
213,,,,,,,,,,,,
213,Accepted-In Progress,Value 56,18.9226310927255,Accepted,Medium,In Progress,Org line A2,A2_2,us,G21 2nd,PROD98,Sweden
213,,,,,,,,,,,,
213,,,,,,,,,,,,
213,Accepted-Assigned,Value 46,18.923119701743808,Accepted,Medium,Assigned,Org line G3,,us,G199 3rd,PROD98,USA
213,,,,,,,,,,,,
213,,,,,,,,,,,,
214,Queued-Awaiting Assignment,Value 58,18.868634220608065,Queued,Major,Awaiting Assignment,Org line G4,,se,G51 2nd,PROD798,Sweden
214,,Value 141,,,,,,,,,,
214,,Value 142,,,,,,,,,,
214,Queued-Awaiting Assignment,Value 58,18.962329591601055,Queued,Major,Awaiting Assignment,Org line G4,,se,G51 2nd,PROD798,Sweden
214,,,,,,,,,,,,
214,,,,,,,,,,,,
215,Accepted-In Progress,Value 29,18.868898161523553,Accepted,Medium,In Progress,Org line A2,A2_1,gb,G42 3rd,PROD235,United Kingdom
215,,,,,,,,,,,,
215,,,,,,,,,,,,
215,Accepted-In Progress,Value 29,18.885915011602844,Accepted,Medium,In Progress,Org line A2,A2_1,gb,G42 3rd,PROD235,United Kingdom
215,,,,,,,,,,,,
215,,,,,,,,,,,,
215,Accepted-Assigned,Value 29,18.965105785956325,Accepted,Medium,Assigned,Org line A2,A2_1,gb,G42 3rd,PROD235,United Kingdom
215,,,,,,,,,,,,
215,,,,,,,,,,,,
215,Accepted-In Progress,Value 143,19.115111720094006,Accepted,Medium,In Progress,Org line A2,A2_1,gb,G42 3rd,PROD235,United Kingdom
215,,,,,,,,,,,,
216,Accepted-In Progress,Value 46,18.869916065908047,Accepted,Medium,In Progress,Org line G3,,us,G199 3rd,PROD96,USA
216,,,,,,,,,,,,
216,,,,,,,,,,,,
216,Accepted-Assigned,Value 46,18.86992412527962,Accepted,Medium,Assigned,Org line G3,,us,G199 3rd,PROD96,USA
216,,,,,,,,,,,,
216,,,,,,,,,,,,
217,Accepted-In Progress,Value 62,18.872152800644486,Accepted,Medium,In Progress,Org line A2,A2_3,se,S35 2nd,PROD368,Sweden
217,,,,,,,,,,,,
217,,,,,,,,,,,,
217,Accepted-Wait,Value 62,18.96402891740771,Accepted,Medium,Wait,Org line A2,A2_3,se,S35 2nd,PROD368,Sweden
217,,,,,,,,,,,,
217,,,,,,,,,,,,
218,Accepted-In Progress,Value 46,18.87347851649783,Accepted,Medium,In Progress,Org line G3,,us,G199 3rd,PROD96,USA
218,,,,,,,,,,,,
218,,,,,,,,,,,,
218,Accepted-Assigned,Value 46,18.873758491473694,Accepted,Medium,Assigned,Org line G3,,us,G199 3rd,PROD96,USA
218,,,,,,,,,,,,
218,,,,,,,,,,,,
219,Accepted-In Progress,Value 46,18.873485529862407,Accepted,Medium,In Progress,Org line G3,,us,G199 3rd,PROD96,USA
219,,,,,,,,,,,,
219,,,,,,,,,,,,
219,Accepted-Assigned,Value 46,18.873760074287528,Accepted,Medium,Assigned,Org line G3,,us,G199 3rd,PROD96,USA
219,,,,,,,,,,,,
219,,,,,,,,,,,,
220,Accepted-In Progress,Value 62,18.8761512267688,Accepted,High,In Progress,Org line C,C_3,se,G91 3rd,PROD219,Sweden
220,,,,,,,,,,,,
221,Accepted-In Progress,Value 132,18.877200016525467,Accepted,Medium,In Progress,Org line G4,,se,S33 2nd,PROD374,Sweden
221,,,,,,,,,,,,
221,,,,,,,,,,,,
222,Accepted-In Progress,Value 126,18.877588450968272,Accepted,Medium,In Progress,Org line A2,A2_3,se,U6 2nd,PROD831,Sweden
222,,,,,,,,,,,,
223,Accepted-In Progress,Value 8,18.878207149125178,Accepted,Low,In Progress,Org line G4,,se,S33 2nd,PROD374,Sweden
223,,,,,,,,,,,,
223,,,,,,,,,,,,
224,Accepted-In Progress,Value 132,18.878218325142836,Accepted,Low,In Progress,Org line G4,,se,S33 2nd,PROD374,Sweden
224,,,,,,,,,,,,
224,,,,,,,,,,,,
225,Accepted-In Progress,Value 144,18.879801493906772,Accepted,High,In Progress,Org line C,V3_3,fr,V42 2nd,PROD157,France
225,,,,,,,,,,,,
226,Accepted-In Progress,Value 58,18.880333190326997,Accepted,Medium,In Progress,Org line G4,,se,G51 2nd,PROD821,Sweden
226,,,,,,,,,,,,
226,,,,,,,,,,,,
226,Completed-Closed,Value 116,19.081322997102767,Completed,Medium,Closed,Org line G4,,se,G51 2nd,PROD821,Sweden
227,Accepted-In Progress,Value 98,18.881453221923294,Accepted,High,In Progress,Org line A2,A2_3,se,G110 2nd,PROD539,Sweden
227,,,,,,,,,,,,
227,,,,,,,,,,,,
227,Accepted-In Progress,Value 129,18.88414613920346,Accepted,High,In Progress,Org line G4,,se,S30 2nd,PROD539,Sweden
227,,,,,,,,,,,,
227,,,,,,,,,,,,
227,Completed-Closed,Value 39,19.099530106115356,Completed,High,Closed,Org line A2,A2_3,se,M3 2nd,PROD539,Sweden
228,Accepted-In Progress,Value 139,18.88157616915659,Accepted,Medium,In Progress,Org line G4,,se,S33 2nd,PROD374,Sweden
228,,,,,,,,,,,,
228,,,,,,,,,,,,
229,Accepted-In Progress,Value 46,18.881994676911173,Accepted,Medium,In Progress,Org line G3,,us,G199 3rd,PROD96,USA
229,,,,,,,,,,,,
229,,,,,,,,,,,,
229,Accepted-Assigned,Value 46,18.88200192711424,Accepted,Medium,Assigned,Org line G3,,us,G199 3rd,PROD96,USA
229,,,,,,,,,,,,
229,,,,,,,,,,,,
230,Accepted-In Progress,Value 41,18.8836048410936,Accepted,Medium,In Progress,Org line A2,A2_3,se,G349 3rd,PROD80,Sweden
230,,,,,,,,,,,,
230,,,,,,,,,,,,
231,Accepted-In Progress,Value 8,18.884678869958538,Accepted,Medium,In Progress,Org line C,C_6,se,G141 3rd,PROD660,Sweden
231,,,,,,,,,,,,
231,,,,,,,,,,,,
231,Completed-Closed,Value 8,18.96550266310571,Completed,Medium,Closed,Org line C,C_6,se,G141 3rd,PROD660,Sweden
231,,,,,,,,,,,,
231,,,,,,,,,,,,
231,Accepted-In Progress,Value 106,19.043092337163525,Accepted,Medium,In Progress,Org line C,C_6,se,G141 3rd,PROD660,Sweden
231,,,,,,,,,,,,
231,,,,,,,,,,,,
232,Accepted-In Progress,Value 41,18.885209456908015,Accepted,Medium,In Progress,Org line A2,A2_3,se,G349 3rd,PROD750,Sweden
232,,,,,,,,,,,,
232,,,,,,,,,,,,
233,Accepted-In Progress,Value 46,18.88743036590424,Accepted,Medium,In Progress,Org line G3,,us,G199 3rd,PROD97,USA
233,,,,,,,,,,,,
233,,,,,,,,,,,,
233,Accepted-In Progress,Value 74,18.88745207369189,Accepted,Medium,In Progress,Org line G3,,us,G199 3rd,PROD97,Sweden
233,,,,,,,,,,,,
233,,,,,,,,,,,,
233,Completed-Closed,Value 43,19.06896820078209,Completed,Medium,Closed,Org line G3,,us,G199 3rd,PROD97,POLAND
234,Accepted-In Progress,Value 46,18.887981241778068,Accepted,Medium,In Progress,Org line G3,,us,G199 3rd,PROD96,USA
234,,,,,,,,,,,,
234,,,,,,,,,,,,
234,Accepted-Assigned,Value 46,18.88798727680134,Accepted,Medium,Assigned,Org line G3,,us,G199 3rd,PROD96,USA
234,,,,,,,,,,,,
234,,,,,,,,,,,,
235,Accepted-In Progress,Value 46,18.88836235439787,Accepted,Medium,In Progress,Org line G3,,us,G199 3rd,PROD97,USA
235,,,,,,,,,,,,
235,,,,,,,,,,,,
235,Accepted-Assigned,Value 46,18.888501210581882,Accepted,Medium,Assigned,Org line G3,,us,G199 3rd,PROD97,USA
235,,,,,,,,,,,,
235,,,,,,,,,,,,
236,Accepted-In Progress,Value 145,18.888454914801617,Accepted,Medium,In Progress,Org line C,E_10,se,G271 2nd,PROD154,Sweden
236,,,,,,,,,,,,
236,,,,,,,,,,,,
236,Accepted-In Progress,Value 146,18.88963058691031,Accepted,Medium,In Progress,Org line C,C_6,se,G290 3rd,PROD154,Belgium
236,,,,,,,,,,,,
236,,,,,,,,,,,,
236,Queued-Awaiting Assignment,Value 147,19.002530928326532,Queued,Medium,Awaiting Assignment,Org line C,C_6,se,G270 3rd,PROD154,France
236,,,,,,,,,,,,
236,,,,,,,,,,,,
236,Queued-Awaiting Assignment,Value 147,19.00386932607788,Queued,Medium,Awaiting Assignment,Org line C,C_6,se,G270 3rd,PROD154,France
236,,,,,,,,,,,,
236,,,,,,,,,,,,
236,Queued-Awaiting Assignment,Value 151,19.06886570963741,Queued,Medium,Awaiting Assignment,Org line A2,A2_1,se,J2 2nd,PROD154,Sweden
236,,,,,,,,,,,,
236,,,,,,,,,,,,
236,Completed-Closed,Value 151,19.08716842198651,Completed,Medium,Closed,Org line A2,A2_1,se,J2 2nd,PROD154,Sweden
237,Accepted-In Progress,Value 152,18.888984278856338,Accepted,Low,In Progress,Org line C,V3_2,fr,G96,PROD642,INDIA
237,,,,,,,,,,,,
237,,,,,,,,,,,,
237,Completed-Closed,Value 152,19.003318643347555,Completed,Low,Closed,Org line C,V3_2,fr,G96,PROD642,INDIA
237,,Value 153,,,,,,,,,,
237,,,,,,,,,,,,
237,Accepted-In Progress,Value 152,19.036038606049203,Accepted,Low,In Progress,Org line C,E_8,fr,G181 2nd,PROD642,INDIA
237,,,,,,,,,,,,
237,,,,,,,,,,,,
237,Queued-Awaiting Assignment,Value 156,19.039821411057634,Queued,Low,Awaiting Assignment,Org line C,E_8,fr,G181 2nd,PROD642,INDIA
237,,,,,,,,,,,,
237,,,,,,,,,,,,
237,Accepted-In Progress,Value 152,19.068337832609558,Accepted,Low,In Progress,Org line C,E_8,fr,G181 2nd,PROD642,INDIA
237,,,,,,,,,,,,
237,,,,,,,,,,,,
237,Accepted-Wait,Value 157,19.07678800330275,Accepted,Low,Wait,Org line C,E_6,fr,G130 3rd,PROD642,INDIA
237,,,,,,,,,,,,
237,,,,,,,,,,,,
237,Queued-Awaiting Assignment,Value 154,19.077339982735598,Queued,Low,Awaiting Assignment,Org line C,E_6,fr,G130 3rd,PROD642,France
237,,,,,,,,,,,,
237,,,,,,,,,,,,
237,Accepted-In Progress,Value 84,19.07772769717496,Accepted,Low,In Progress,Org line C,V3_2,fr,G97,PROD642,China
237,,,,,,,,,,,,
237,,,,,,,,,,B4 2nd,,
237,Queued-Awaiting Assignment,Value 154,19.077783100081387,Queued,Low,Awaiting Assignment,Org line C,E_6,fr,G130 3rd,PROD642,France
237,,,,,,,,,,,,
237,,,,,,,,,,,,
237,Accepted-Wait,Value 88,19.080081515973724,Accepted,Low,Wait,Org line C,E_6,fr,G130 3rd,PROD642,China
237,,,,,,,,,,,,
238,Accepted-In Progress,Value 8,18.88965083928588,Accepted,High,In Progress,Org line G4,,se,S33 2nd,PROD374,Sweden
238,,,,,,,,,,,,
238,,,,,,,,,,,,
239,Accepted-In Progress,Value 139,18.891851641675103,Accepted,Medium,In Progress,Org line G4,,se,S33 2nd,PROD374,Sweden
239,,,,,,,,,,,,
239,,,,,,,,,,,,
240,Accepted-In Progress,Value 57,18.892749720149983,Accepted,Low,In Progress,Org line A2,A2_3,se,U6 2nd,PROD829,Sweden
240,,,,,,,,,,,,
240,,,,,,,,,,,,
241,Accepted-In Progress,Value 81,18.892862761286953,Accepted,Medium,In Progress,Org line C,C_6,se,G261 3rd,PROD424,Sweden
241,,,,,,,,,,,,
241,,,,,,,,,,,,
241,Accepted-Wait,Value 42,18.89977585143203,Accepted,Medium,Wait,Org line C,C_6,se,G261 3rd,PROD424,Sweden
241,,,,,,,,,,,,
242,Accepted-In Progress,Value 60,18.892911634758587,Accepted,Medium,In Progress,Org line G4,,se,S30 2nd,PROD412,Sweden
242,,,,,,,,,,,,
242,,,,,,,,,,,,
243,Accepted-In Progress,Value 46,18.89599359182123,Accepted,Medium,In Progress,Org line G3,,us,G199 3rd,PROD96,USA
243,,,,,,,,,,,,
243,,,,,,,,,,,,
243,Accepted-Assigned,Value 46,18.896027616365178,Accepted,Medium,Assigned,Org line G3,,us,G199 3rd,PROD96,USA
243,,,,,,,,,,,,
243,,,,,,,,,,,,
244,Accepted-In Progress,Value 68,18.896099770926806,Accepted,Medium,In Progress,Org line A2,A2_2,pl,W8 2nd,PROD703,POLAND
244,,,,,,,,,,,,
244,,,,,,,,,,,,
245,Accepted-In Progress,Value 158,18.89616819701334,Accepted,Low,In Progress,Org line A2,A2_3,pl,N26 2nd,PROD791,POLAND
245,,,,,,,,,,,,
245,,,,,,,,,,,,
245,Accepted-Wait,Value 159,18.92888887306614,Accepted,Low,Wait,Org line A2,A2_3,pl,N26 2nd,PROD791,POLAND
245,,,,,,,,,,,,
245,,,,,,,,,,,,
245,Accepted-Wait,Value 160,19.04177351236016,Accepted,Low,Wait,Org line A2,A2_3,pl,N26 2nd,PROD791,POLAND
245,,,,,,,,,,,,
245,,,,,,,,,,,,
246,Accepted-In Progress,Value 46,18.89700458352538,Accepted,Medium,In Progress,Org line G3,,us,G199 3rd,PROD97,USA
246,,,,,,,,,,,,
246,,,,,,,,,,,,
246,Accepted-Assigned,Value 46,18.897104519880934,Accepted,Medium,Assigned,Org line G3,,us,G199 3rd,PROD97,USA
246,,,,,,,,,,,,
246,,,,,,,,,,,,
247,Accepted-In Progress,Value 46,18.897009564432825,Accepted,Medium,In Progress,Org line G3,,us,G199 3rd,PROD97,USA
247,,,,,,,,,,,,
247,,,,,,,,,,,,
247,Accepted-Assigned,Value 46,18.89710583019063,Accepted,Medium,Assigned,Org line G3,,us,G199 3rd,PROD97,USA
247,,,,,,,,,,,,
247,,,,,,,,,,,,
248,Accepted-In Progress,Value 46,18.897122857850515,Accepted,Medium,In Progress,Org line G3,,us,G199 3rd,PROD97,USA
248,,,,,,,,,,,,
248,,,,,,,,,,,,
248,Accepted-Assigned,Value 46,18.897129583137403,Accepted,Medium,Assigned,Org line G3,,us,G199 3rd,PROD97,USA
248,,,,,,,,,,,,
248,,,,,,,,,,,,
248,Accepted-Assigned,Value 79,19.017437837317843,Accepted,Medium,Assigned,Org line A2,A2_2,us,G21 2nd,PROD97,Sweden
248,,,,,,,,,,,,
248,,,,,,,,,,,,
248,Accepted-In Progress,Value 43,19.070741440887524,Accepted,Medium,In Progress,Org line G3,,us,G199 3rd,PROD97,POLAND
248,,,,,,,,,,,,
249,Accepted-In Progress,Value 46,18.898631684494823,Accepted,Medium,In Progress,Org line G3,,us,G199 3rd,PROD97,USA
249,,,,,,,,,,,,
249,,,,,,,,,,,,
249,Accepted-Assigned,Value 46,18.898753343818278,Accepted,Medium,Assigned,Org line G3,,us,G199 3rd,PROD97,USA
249,,,,,,,,,,,,
249,,,,,,,,,,,,
250,Accepted-In Progress,Value 161,18.898693024418762,Accepted,Low,In Progress,Org line A2,A2_4,us,L23 3rd,PROD546,Sweden
250,,,,,,,,,,,,
250,,,,,,,,,,,,
251,Accepted-In Progress,Value 46,18.899360718371074,Accepted,Medium,In Progress,Org line G3,,us,G199 3rd,PROD96,USA
251,,,,,,,,,,,,
251,,,,,,,,,,,,
251,Accepted-Assigned,Value 46,18.899363333082782,Accepted,Medium,Assigned,Org line G3,,us,G199 3rd,PROD96,USA
251,,,,,,,,,,,,
251,,,,,,,,,,,,
251,Accepted-Assigned,Value 56,18.906718296321937,Accepted,Medium,Assigned,Org line A2,A2_2,us,G21 2nd,PROD96,Sweden
251,,,,,,,,,,,,
251,,,,,,,,,,,,
251,Accepted-In Progress,Value 74,18.924859506197,Accepted,Medium,In Progress,Org line G3,,us,G199 3rd,PROD96,Sweden
251,,,,,,,,,,,,
251,,,,,,,,,,,,
251,Completed-Closed,Value 43,19.067456838263077,Completed,Medium,Closed,Org line G3,,us,G199 3rd,PROD96,POLAND
252,Accepted-In Progress,Value 162,18.89935216164823,Accepted,Medium,In Progress,Org line A2,D_1,in,L50 3rd,PROD611,Sweden
252,,,,,,,,,,,,
253,Accepted-In Progress,Value 132,18.899778403124316,Accepted,High,In Progress,Org line G4,,se,S33 2nd,PROD374,Sweden
253,,,,,,,,,,,,
253,,,,,,,,,,,,
254,Accepted-In Progress,Value 15,18.899896399393228,Accepted,Low,In Progress,Org line G4,,se,S28 2nd,PROD633,Sweden
254,,,,,,,,,,,,
254,,,,,,,,,,,,
254,Completed-Closed,Value 15,19.06841314930271,Completed,Low,Closed,Org line G4,,se,S28 2nd,PROD633,Sweden
255,Accepted-In Progress,Value 108,18.899944633086267,Accepted,Medium,In Progress,Org line G4,,se,S33 2nd,PROD374,Sweden
255,,,,,,,,,,,,
255,,,,,,,,,,,,
255,Queued-Awaiting Assignment,Value 108,18.99850503770661,Queued,Medium,Awaiting Assignment,Org line G4,,se,S33 2nd,PROD374,Sweden
255,,,,,,,,,,,,
255,,,,,,,,,,,,
255,Completed-Closed,Value 76,19.06514085727821,Completed,Medium,Closed,Org line G4,,se,S33 2nd,PROD374,Sweden
256,Accepted-In Progress,Value 132,18.901042306613622,Accepted,Medium,In Progress,Org line G4,,se,S33 2nd,PROD374,Sweden
256,,,,,,,,,,,,
256,,,,,,,,,,,,
256,Completed-Closed,Value 132,19.057838552370875,Completed,Medium,Closed,Org line G4,,se,S33 2nd,PROD374,Sweden
257,Accepted-In Progress,Value 162,18.902556513370403,Accepted,Medium,In Progress,Org line A2,D_1,in,L50 3rd,PROD611,Sweden
257,,,,,,,,,,,,
258,Accepted-In Progress,Value 163,18.903628140039967,Accepted,High,In Progress,Org line A2,A2_5,fr,V5 3rd,PROD230,France
258,,,,,,,,,,,,
259,Accepted-In Progress,Value 163,18.90362835597674,Accepted,High,In Progress,Org line A2,A2_5,fr,V5 3rd,PROD230,France
259,,,,,,,,,,,,
260,Accepted-In Progress,Value 46,18.904056374395456,Accepted,Medium,In Progress,Org line G3,,us,G199 3rd,PROD97,USA
260,,,,,,,,,,,,
260,,,,,,,,,,,,
260,Accepted-Assigned,Value 46,18.904062337848583,Accepted,Medium,Assigned,Org line G3,,us,G199 3rd,PROD97,USA
260,,,,,,,,,,,,
260,,,,,,,,,,,,
261,Accepted-In Progress,Value 46,18.90409607663287,Accepted,Medium,In Progress,Org line G3,,us,G199 3rd,PROD97,USA
261,,,,,,,,,,,,
261,,,,,,,,,,,,
261,Accepted-Assigned,Value 46,18.904099647166905,Accepted,Medium,Assigned,Org line G3,,us,G199 3rd,PROD97,USA
261,,,,,,,,,,,,
261,,,,,,,,,,,,
262,Accepted-In Progress,Value 8,18.9062303988588,Accepted,High,In Progress,Org line G4,,se,S33 2nd,PROD374,Sweden
262,,,,,,,,,,,,
263,Accepted-In Progress,Value 164,18.906231340357422,Accepted,Medium,In Progress,Org line G4,,se,S33 2nd,PROD745,Sweden
263,,,,,,,,,,,,
263,,,,,,,,,,,,
263,Completed-Closed,Value 164,19.064231825914955,Completed,Medium,Closed,Org line G4,,se,S33 2nd,PROD745,Sweden
264,Accepted-In Progress,Value 46,18.906421714089937,Accepted,Medium,In Progress,Org line G3,,us,G199 3rd,PROD96,USA
264,,,,,,,,,,,,
264,,,,,,,,,,,,
264,Accepted-Assigned,Value 46,18.912025693549705,Accepted,Medium,Assigned,Org line G3,,us,G199 3rd,PROD96,USA
264,,,,,,,,,,,,
264,,,,,,,,,,,,
265,Accepted-Wait,Value 143,18.90777981609079,Accepted,Medium,Wait,Org line A2,A2_1,gb,G42 3rd,PROD236,United Kingdom
265,,,,,,,,,,,,
265,,,,,,,,,,,,
266,Accepted-In Progress,Value 139,18.909999682019016,Accepted,Medium,In Progress,Org line G4,,se,S33 2nd,PROD374,Sweden
266,,,,,,,,,,,,
267,Accepted-In Progress,Value 46,18.910340825595565,Accepted,Medium,In Progress,Org line G3,,us,G199 3rd,PROD97,USA
267,,,,,,,,,,,,
267,,,,,,,,,,,,
267,Accepted-Assigned,Value 46,18.91045492890156,Accepted,Medium,Assigned,Org line G3,,us,G199 3rd,PROD97,USA
267,,,,,,,,,,,,
267,,,,,,,,,,,,
268,Accepted-In Progress,Value 165,18.91065448646772,Accepted,High,In Progress,Org line C,V3_3,se,N22 2nd,PROD835,USA
268,,,,,,,,,,,,
268,,,,,,,,,,,,
268,Accepted-In Progress,Value 165,18.91537894920118,Accepted,High,In Progress,Org line C,V3_3,se,N22 2nd,PROD835,USA
268,,,,,,,,,,,,
268,,,,,,,,,,,,
268,Accepted-In Progress,Value 166,18.922090491159047,Accepted,High,In Progress,Org line C,E_1,se,G294 2nd,PROD835,Sweden
268,,,,,,,,,,,,
269,Accepted-In Progress,Value 38,18.91151952485553,Accepted,Low,In Progress,Org line A2,A2_3,se,G354 3rd,PROD729,Sweden
269,,,,,,,,,,,,
270,Accepted-In Progress,Value 163,18.912111146541033,Accepted,Medium,In Progress,Org line A2,A2_5,fr,V5 3rd,PROD230,France
270,,,,,,,,,,,,
271,Accepted-In Progress,Value 76,18.914791222799412,Accepted,Low,In Progress,Org line G4,,se,S33 2nd,PROD374,Sweden
271,,,,,,,,,,,,
271,,,,,,,,,,,,
272,Accepted-In Progress,Value 46,18.91477987462625,Accepted,Medium,In Progress,Org line G3,,us,G199 3rd,PROD96,USA
272,,,,,,,,,,,,
272,,,,,,,,,,,,
272,Accepted-Assigned,Value 46,18.91491867346235,Accepted,Medium,Assigned,Org line G3,,us,G199 3rd,PROD96,USA
272,,,,,,,,,,,,
272,,,,,,,,,,,,
273,Accepted-In Progress,Value 167,18.914775811216806,Accepted,Low,In Progress,Org line V2,,se,T10 2nd,PROD421,Sweden
273,,,,,,,,,,,,
274,Accepted-In Progress,Value 60,18.915260094810648,Accepted,High,In Progress,Org line G4,,se,S30 2nd,PROD412,Sweden
274,,,,,,,,,,,,
274,,,,,,,,,,,,
274,Accepted-Assigned,Value 60,19.067828524286075,Accepted,High,Assigned,Org line G4,,se,S30 2nd,PROD412,Sweden
274,,,,,,,,,,,,
274,,,,,,,,,,,,
275,Accepted-In Progress,Value 28,18.91577151161146,Accepted,Medium,In Progress,Org line A2,A2_1,gb,G42 3rd,PROD236,United Kingdom
275,,,,,,,,,,,,
276,Accepted-In Progress,Value 168,18.915763258736447,Accepted,Medium,In Progress,Org line V11,,gb,V50 2nd,PROD158,United Kingdom
276,,,,,,,,,,,,
276,,,,,,,,,,,,
277,Accepted-In Progress,Value 168,18.918870097276802,Accepted,High,In Progress,Org line V11,,gb,V50 2nd,PROD158,United Kingdom
277,,,,,,,,,,,,
277,,,,,,,,,,,,
277,Completed-Closed,Value 168,19.10518379141131,Completed,High,Closed,Org line V11,,gb,V50 2nd,PROD158,United Kingdom
278,Accepted-In Progress,Value 46,18.918893320620665,Accepted,Medium,In Progress,Org line G3,,us,G199 3rd,PROD98,USA
278,,,,,,,,,,,,
278,,,,,,,,,,,,
278,Accepted-Assigned,Value 46,18.91893178803431,Accepted,Medium,Assigned,Org line G3,,us,G199 3rd,PROD98,USA
278,,,,,,,,,,,,
278,,,,,,,,,,,,
279,Accepted-In Progress,Value 29,18.920968240186564,Accepted,High,In Progress,Org line A2,A2_1,gb,G42 3rd,PROD236,United Kingdom
279,,,,,,,,,,,,
279,,,,,,,,,,,,
279,Accepted-In Progress,Value 143,18.990356921747892,Accepted,High,In Progress,Org line A2,A2_1,gb,G42 3rd,PROD236,United Kingdom
279,,,,,,,,,,,,
279,,,,,,,,,,,,
280,Accepted-In Progress,Value 169,18.920965839012695,Accepted,Medium,In Progress,Org line A2,A2_4,fr,V36 3rd,PROD222,France
280,,,,,,,,,,,,
280,,,,,,,,,,,,
280,Completed-Closed,Value 169,19.10508474910374,Completed,Medium,Closed,Org line A2,A2_4,fr,V36 3rd,PROD222,France
281,Accepted-In Progress,Value 133,18.92140126066797,Accepted,Low,In Progress,Org line G4,,se,S33 2nd,PROD448,Sweden
281,,,,,,,,,,,,
282,Accepted-In Progress,Value 46,18.921449413661136,Accepted,Medium,In Progress,Org line G3,,us,G199 3rd,PROD97,USA
282,,,,,,,,,,,,
282,,,,,,,,,,,,
282,Accepted-Assigned,Value 46,18.921473025659854,Accepted,Medium,Assigned,Org line G3,,us,G199 3rd,PROD97,USA
282,,,,,,,,,,,,
282,,,,,,,,,,,,
283,Accepted-In Progress,Value 46,18.921509981924675,Accepted,Medium,In Progress,Org line G3,,us,G199 3rd,PROD97,USA
283,,,,,,,,,,,,
283,,,,,,,,,,,,
283,Accepted-Assigned,Value 46,18.921513399916247,Accepted,Medium,Assigned,Org line G3,,us,G199 3rd,PROD97,USA
283,,,,,,,,,,,,
283,,,,,,,,,,,,
284,Accepted-In Progress,Value 46,18.921511848488898,Accepted,Medium,In Progress,Org line G3,,us,G199 3rd,PROD98,USA
284,,,,,,,,,,,,
284,,,,,,,,,,,,
284,Accepted-Assigned,Value 46,18.921583950955586,Accepted,Medium,Assigned,Org line G3,,us,G199 3rd,PROD98,USA
284,,,,,,,,,,,,
284,,,,,,,,,,,,
285,Accepted-In Progress,Value 168,18.921603130136283,Accepted,Medium,In Progress,Org line V11,,gb,V50 2nd,PROD158,United Kingdom
285,,,,,,,,,,,,
285,,,,,,,,,,,,
286,Accepted-In Progress,Value 39,18.922047178315477,Accepted,Major,In Progress,Org line A2,A2_3,se,M3 2nd,PROD655,Sweden
286,,,,,,,,,,,,
286,,,,,,,,,,,,
287,Accepted-In Progress,Value 170,18.922092780612488,Accepted,High,In Progress,Org line A2,A2_3,se,M3 2nd,PROD655,INDIA
287,,,,,,,,,,,,
287,,,,,,,,,,,,
287,Completed-Closed,Value 170,19.07138655179834,Completed,High,Closed,Org line A2,A2_3,se,M3 2nd,PROD655,INDIA
288,Accepted-In Progress,Value 164,18.9221263465477,Accepted,High,In Progress,Org line A2,A2_4,se,G105 2nd,PROD337,Sweden
288,,,,,,,,,,,,
288,,,,,,,,,,,,
289,Accepted-In Progress,Value 168,18.922550662840738,Accepted,Medium,In Progress,Org line V11,,gb,V50 2nd,PROD158,United Kingdom
289,,,,,,,,,,,,
289,,,,,,,,,,,,
290,Accepted-In Progress,Value 168,18.922590085552518,Accepted,Medium,In Progress,Org line V11,,gb,V50 2nd,PROD158,United Kingdom
290,,,,,,,,,,,,
290,,,,,,,,,,,,
291,Accepted-In Progress,Value 76,18.92304314748786,Accepted,High,In Progress,Org line C,E_6,se,G48 2nd,PROD98,Sweden
291,,,,,,,,,,,,
291,,,,,,,,,,,,
291,Completed-Closed,Value 76,19.077297255942568,Completed,High,Closed,Org line C,E_6,se,G48 2nd,PROD98,Sweden
292,Accepted-In Progress,Value 168,18.923074218863473,Accepted,Medium,In Progress,Org line V11,,gb,V50 2nd,PROD158,United Kingdom
292,,,,,,,,,,,,
292,,,,,,,,,,,,
293,Accepted-In Progress,Value 119,18.923166664867267,Accepted,Major,In Progress,Org line A2,A2_3,se,M3 2nd,PROD234,Sweden
293,,,,,,,,,,,,
293,,,,,,,,,,,,
293,Completed-Closed,Value 39,19.099528665665577,Completed,Major,Closed,Org line A2,A2_3,se,M3 2nd,PROD234,Sweden
294,Accepted-In Progress,Value 133,18.924696877676627,Accepted,Low,In Progress,Org line G4,,se,S33 2nd,PROD374,Sweden
294,,,,,,,,,,,,
294,,,,,,,,,,,,
294,Completed-Closed,Value 133,19.092360560710922,Completed,Low,Closed,Org line G4,,se,S33 2nd,PROD374,Sweden
295,Accepted-In Progress,Value 171,18.924826448653953,Accepted,Medium,In Progress,Org line C,C_3,gb,G94 3rd,PROD793,United Kingdom
295,,,,,,,,,,,,
295,,,,,,,,,,,,
295,Completed-Closed,Value 171,19.07463330301864,Completed,Medium,Closed,Org line C,C_3,gb,G94 3rd,PROD793,United Kingdom
296,Accepted-In Progress,Value 50,18.92515227717437,Accepted,Low,In Progress,Org line A2,A2_1,pl,W9 2nd,PROD756,POLAND
296,,,,,,,,,,,,
296,,,,,,,,,,,,
296,Accepted-In Progress,Value 172,18.97953051857449,Accepted,Low,In Progress,Org line A2,A2_1,pl,W9 2nd,PROD756,POLAND
296,,,,,,,,,,,,
296,,,,,,,,,,,,
296,Accepted-In Progress,Value 173,19.032893828837175,Accepted,Low,In Progress,Org line A2,A2_1,pl,W15 2nd,PROD756,POLAND
296,,,,,,,,,,,,
296,,,,,,,,,,,,
296,Accepted-Wait,Value 173,19.045510587300694,Accepted,Low,Wait,Org line A2,A2_1,pl,W15 2nd,PROD756,POLAND
296,,,,,,,,,,,,
297,Accepted-In Progress,Value 58,18.925185263567794,Accepted,Medium,In Progress,Org line G4,,be,G51 2nd,PROD816,Sweden
297,,,,,,,,,,,,
297,,,,,,,,,,,,
297,Queued-Awaiting Assignment,Value 77,19.064323014222715,Queued,Medium,Awaiting Assignment,Org line C,E_1,be,G55 2nd,PROD816,Belgium
297,,,,,,,,,,,,
297,,,,,,,,,,,,
298,Accepted-In Progress,Value 174,18.92541869739747,Accepted,Major,In Progress,Org line C,C_5,in,G120 3rd,PROD604,Sweden
298,,,,,,,,,,,,
298,,,,,,,,,,,,
298,Queued-Awaiting Assignment,Value 13,18.968621847190693,Queued,Major,Awaiting Assignment,Org line C,,in,G163 3rd,PROD604,Sweden
298,,,,,,,,,,,,
298,,,,,,,,,,,,
298,Accepted-In Progress,Value 175,18.968626235255424,Accepted,Major,In Progress,Org line C,E_8,in,G181 2nd,PROD604,INDIA
298,,,,,,,,,,,,
298,,,,,,,,,,,,
298,Accepted-Assigned,Value 177,18.986332859406723,Accepted,Major,Assigned,Org line C,E_7,in,G157 2nd,PROD604,Sweden
298,,,,,,,,,,,,
298,,,,,,,,,,,,
298,Accepted-In Progress,Value 176,19.088090177083743,Accepted,Major,In Progress,Org line C,E_7,in,G157 2nd,PROD604,INDIA
298,,,,,,,,,,,,
299,Accepted-In Progress,Value 60,18.9262192515193,Accepted,Medium,In Progress,Org line G4,,se,S30 2nd,PROD412,Sweden
299,,,,,,,,,,,,
299,,,,,,,,,,,,
300,Accepted-In Progress,Value 46,18.92625409665954,Accepted,Medium,In Progress,Org line G3,,us,G199 3rd,PROD98,USA
300,,,,,,,,,,,,
300,,,,,,,,,,,,
300,Accepted-Assigned,Value 46,18.92628838569794,Accepted,Medium,Assigned,Org line G3,,us,G199 3rd,PROD98,USA
300,,,,,,,,,,,,
300,,,,,,,,,,,,
301,Accepted-In Progress,Value 46,18.926270991018715,Accepted,Medium,In Progress,Org line G3,,us,G199 3rd,PROD98,USA
301,,,,,,,,,,,,
301,,,,,,,,,,,,
301,Accepted-Assigned,Value 46,18.926289187872452,Accepted,Medium,Assigned,Org line G3,,us,G199 3rd,PROD98,USA
301,,,,,,,,,,,,
301,,,,,,,,,,,,
302,Accepted-In Progress,Value 46,18.926751826780574,Accepted,Medium,In Progress,Org line G3,,us,G199 3rd,PROD97,USA
302,,,,,,,,,,,,
302,,,,,,,,,,,,
302,Accepted-Assigned,Value 46,18.9267701354565,Accepted,Medium,Assigned,Org line G3,,us,G199 3rd,PROD97,USA
302,,,,,,,,,,,,
302,,,,,,,,,,,,
302,Accepted-Assigned,Value 73,18.931951416669378,Accepted,Medium,Assigned,Org line A2,A2_2,us,G21 2nd,PROD97,INDIA
302,,,,,,,,,,,,
302,,,,,,,,,,,,
302,Accepted-In Progress,Value 78,18.934000660382424,Accepted,Medium,In Progress,Org line G3,,us,G199 3rd,PROD97,Sweden
302,,,,,,,,,,,,
302,,,,,,,,,,,,
302,Completed-Closed,Value 43,19.07077156064698,Completed,Medium,Closed,Org line G3,,us,G199 3rd,PROD97,POLAND
303,Accepted-In Progress,Value 46,18.926762232081703,Accepted,Medium,In Progress,Org line G3,,us,G199 3rd,PROD97,USA
303,,,,,,,,,,,,
303,,,,,,,,,,,,
303,Accepted-Assigned,Value 46,18.92676827868146,Accepted,Medium,Assigned,Org line G3,,us,G199 3rd,PROD97,USA
303,,,,,,,,,,,,
303,,,,,,,,,,,,
304,Accepted-In Progress,Value 46,18.928242647573157,Accepted,Medium,In Progress,Org line G3,,us,G199 3rd,PROD96,USA
304,,,,,,,,,,,,
304,,,,,,,,,,,,
304,Accepted-Assigned,Value 46,18.928287221823688,Accepted,Medium,Assigned,Org line G3,,us,G199 3rd,PROD96,USA
304,,,,,,,,,,,,
304,,,,,,,,,,,,
305,Accepted-In Progress,Value 46,18.92871686266429,Accepted,Medium,In Progress,Org line G3,,us,G199 3rd,PROD98,USA
305,,,,,,,,,,,,
305,,,,,,,,,,,,
305,Accepted-Assigned,Value 46,18.928773322349972,Accepted,Medium,Assigned,Org line G3,,us,G199 3rd,PROD98,USA
305,,,,,,,,,,,,
305,,,,,,,,,,,,
306,Accepted-In Progress,Value 178,18.929306163042234,Accepted,Low,In Progress,Org line C,E_4,us,G88 2nd,PROD348,France
306,,,,,,,,,,,,
307,Accepted-In Progress,Value 123,18.929362625544197,Accepted,Medium,In Progress,Org line C,C_6,se,G141 3rd,PROD660,Sweden
307,,,,,,,,,,,,
307,,,,,,,,,,,,
307,Accepted-Wait,Value 106,19.074140530880634,Accepted,Medium,Wait,Org line C,C_6,se,G141 3rd,PROD660,Sweden
307,,,,,,,,,,,,
308,Accepted-In Progress,Value 179,18.929347611279486,Accepted,Low,In Progress,Org line A2,A2_2,se,G40,PROD215,Sweden
308,,,,,,,,,,,,
308,,,,,,,,,,,,
308,Accepted-In Progress,Value 57,18.93389002654505,Accepted,Low,In Progress,Org line A2,A2_2,se,G39 3rd,PROD215,Sweden
308,,,,,,,,,,,,
308,,,,,,,,,,,,
308,Accepted-In Progress,Value 57,18.936526816150643,Accepted,Low,In Progress,Org line A2,A2_2,se,G39 3rd,PROD215,Sweden
308,,,,,,,,,,,,
308,,,,,,,,,,,,
309,Accepted-In Progress,Value 46,18.929369522289473,Accepted,Medium,In Progress,Org line G3,,us,G199 3rd,PROD97,USA
309,,,,,,,,,,,,
309,,,,,,,,,,,,
309,Accepted-Assigned,Value 46,18.929824458101013,Accepted,Medium,Assigned,Org line G3,,us,G199 3rd,PROD97,USA
309,,,,,,,,,,,,
309,,,,,,,,,,,,
309,Accepted-Assigned,Value 73,18.93195146464802,Accepted,Medium,Assigned,Org line A2,A2_2,us,G21 2nd,PROD97,INDIA
309,,,,,,,,,,,,
309,,,,,,,,,,,,
309,Accepted-In Progress,Value 78,18.93399996013099,Accepted,Medium,In Progress,Org line G3,,us,G199 3rd,PROD97,Sweden
309,,,,,,,,,,,,
309,,,,,,,,,,,,
309,Completed-Closed,Value 43,19.070765547207692,Completed,Medium,Closed,Org line G3,,us,G199 3rd,PROD97,POLAND
310,Accepted-In Progress,Value 57,18.929407041674644,Accepted,Low,In Progress,Org line A2,A2_2,se,G39 3rd,PROD215,Sweden
310,,,,,,,,,,,,
310,,,,,,,,,,,,
310,Completed-Closed,Value 57,19.096472588155265,Completed,Low,Closed,Org line A2,A2_2,se,G39 3rd,PROD215,Sweden
311,Accepted-In Progress,Value 180,18.92940997582362,Accepted,High,In Progress,Org line B,E_6,br,S16,PROD132,Brazil
311,,,,,,,,,,,,
311,,,,,,,,,,,,
311,Accepted-In Progress,Value 180,19.01266330486915,Accepted,High,In Progress,Org line B,E_6,br,S16,PROD132,Brazil
311,,,,,,,,,,,,
311,,Value 181,,,,,,,,,,
311,Queued-Awaiting Assignment,Value 135,19.013526070003405,Queued,High,Awaiting Assignment,Org line A2,A2_2,br,S2 2nd,PROD132,Brazil
311,,,,,,,,,,,,
311,,,,,,,,,,,,
311,Accepted-In Progress,Value 180,19.019301793261572,Accepted,High,In Progress,Org line B,E_6,br,S16,PROD132,Brazil
311,,,,,,,,,,,,
311,,,,,,,,,,,,
311,Accepted-Wait,Value 182,19.022616459488756,Accepted,High,Wait,Org line A2,A2_2,br,S2 2nd,PROD132,Brazil
311,,,,,,,,,,,,
311,,,,,,,,,,,,
311,Accepted-In Progress,Value 183,19.049163342096016,Accepted,High,In Progress,Org line A2,A2_3,br,S3 2nd,PROD132,Brazil
311,,Value 184,,,,,,,,,,
311,,,,,,,,,,,,
311,Completed-Closed,Value 183,19.068338852986155,Completed,High,Closed,Org line A2,A2_3,br,S3 2nd,PROD132,Brazil
312,Accepted-In Progress,Value 163,18.929766152421664,Accepted,High,In Progress,Org line A2,A2_5,fr,V5 3rd,PROD230,France
312,,,,,,,,,,,,
313,Accepted-In Progress,Value 8,18.931779602386364,Accepted,High,In Progress,Org line G4,,se,S33 2nd,PROD374,Sweden
313,,,,,,,,,,,,
313,,,,,,,,,,,,
314,Accepted-In Progress,Value 46,18.932028575344216,Accepted,Medium,In Progress,Org line G3,,us,G199 3rd,PROD96,USA
314,,,,,,,,,,,,
314,,,,,,,,,,,,
314,Accepted-Assigned,Value 46,18.932031771669525,Accepted,Medium,Assigned,Org line G3,,us,G199 3rd,PROD96,USA
314,,,,,,,,,,,,
314,,,,,,,,,,,,
315,Accepted-In Progress,Value 2,18.932534439071855,Accepted,High,In Progress,Org line A2,A2_2,cn,M1 2nd,PROD753,Sweden
315,,,,,,,,,,,,
315,,,,,,,,,,,,
316,Accepted-In Progress,Value 46,18.93298023304505,Accepted,Medium,In Progress,Org line G3,,us,G199 3rd,PROD96,USA
316,,,,,,,,,,,,
316,,,,,,,,,,,,
316,Accepted-Assigned,Value 46,18.93299135857345,Accepted,Medium,Assigned,Org line G3,,us,G199 3rd,PROD96,USA
316,,,,,,,,,,,,
316,,,,,,,,,,,,
317,Accepted-In Progress,Value 46,18.93344219479547,Accepted,Medium,In Progress,Org line G3,,us,G199 3rd,PROD97,USA
317,,,,,,,,,,,,
317,,,,,,,,,,,,
317,Accepted-Assigned,Value 46,18.93344559619877,Accepted,Medium,Assigned,Org line G3,,us,G199 3rd,PROD97,USA
317,,,,,,,,,,,,
317,,,,,,,,,,,,
318,Accepted-In Progress,Value 185,18.93350640031909,Accepted,Medium,In Progress,Org line A2,D_1,pl,G197 2nd,PROD604,POLAND
318,,,,,,,,,,,,
319,Accepted-In Progress,Value 25,18.933542698987797,Accepted,Medium,In Progress,Org line A2,D_1,kr,V17 3rd,PROD604,POLAND
319,,,,,,,,,,,,
320,Accepted-In Progress,Value 106,18.935465021897354,Accepted,Low,In Progress,Org line G4,,se,S28 2nd,PROD108,Sweden
320,,,,,,,,,,,,
321,Accepted-In Progress,Value 104,18.935932509883223,Accepted,Major,In Progress,Org line C,E_8,in,G186 2nd,PROD436,Sweden
321,,,,,,,,,,,,
321,,,,,,,,,,,,
321,Accepted-Assigned,Value 187,19.035226307967978,Accepted,Major,Assigned,Org line C,E_8,in,G181 2nd,PROD436,INDIA
321,,,,,,,,,,,,
321,,,,,,,,,,,,
322,Accepted-In Progress,Value 46,18.93614200254138,Accepted,Medium,In Progress,Org line G3,,us,G199 3rd,PROD98,USA
322,,,,,,,,,,,,
322,,,,,,,,,,,,
322,Accepted-Assigned,Value 46,18.936432987970747,Accepted,Medium,Assigned,Org line G3,,us,G199 3rd,PROD98,USA
322,,,,,,,,,,,,
322,,,,,,,,,,,,
323,Accepted-In Progress,Value 188,18.93654287519472,Accepted,Medium,In Progress,Org line A2,A2_4,se,G18 3rd,PROD67,INDIA
323,,,,,,,,,,,,
323,,,,,,,,,,,,
323,Accepted-Wait,Value 189,18.947298705719316,Accepted,Medium,Wait,Org line A2,A2_4,se,G18 3rd,PROD67,Sweden
323,,,,,,,,,,,,
323,,,,,,,,,,,,
323,Completed-Closed,Value 190,19.058832443375454,Completed,Medium,Closed,Org line A2,A2_4,se,G18 3rd,PROD67,Sweden
324,Accepted-In Progress,Value 128,18.936609042899768,Accepted,Medium,In Progress,Org line A2,A2_4,se,M13 2nd,PROD563,Sweden
324,,,,,,,,,,,,
324,,,,,,,,,,,,
325,Accepted-In Progress,Value 46,18.936652045978853,Accepted,Medium,In Progress,Org line G3,,us,G199 3rd,PROD98,USA
325,,,,,,,,,,,,
325,,,,,,,,,,,,
325,Completed-Closed,Value 43,19.0674357892718,Completed,Medium,Closed,Org line G3,,us,G199 3rd,PROD98,POLAND
326,Accepted-In Progress,Value 46,18.937048668754706,Accepted,Medium,In Progress,Org line G3,,us,G199 3rd,PROD97,USA
326,,,,,,,,,,,,
326,,,,,,,,,,,,
326,Accepted-Assigned,Value 46,18.937069421202544,Accepted,Medium,Assigned,Org line G3,,us,G199 3rd,PROD97,USA
326,,,,,,,,,,,,
326,,,,,,,,,,,,
327,Accepted-In Progress,Value 46,18.93712511296347,Accepted,Medium,In Progress,Org line G3,,us,G199 3rd,PROD97,USA
327,,,,,,,,,,,,
327,,,,,,,,,,,,
327,Accepted-Assigned,Value 46,18.93747055454412,Accepted,Medium,Assigned,Org line G3,,us,G199 3rd,PROD97,USA
327,,,,,,,,,,,,
327,,,,,,,,,,,,
328,Accepted-In Progress,Value 46,18.93711412282732,Accepted,Medium,In Progress,Org line G3,,us,G199 3rd,PROD98,USA
328,,,,,,,,,,,,
328,,,,,,,,,,,,
328,Accepted-Assigned,Value 46,18.937469552537628,Accepted,Medium,Assigned,Org line G3,,us,G199 3rd,PROD98,USA
328,,,,,,,,,,,,
328,,,,,,,,,,,,
329,Accepted-In Progress,Value 76,18.937583154592186,Accepted,Medium,In Progress,Org line A2,A2_4,se,M13 2nd,PROD563,Sweden
329,,,,,,,,,,,,
330,Accepted-In Progress,Value 103,18.939193807490398,Accepted,Low,In Progress,Org line C,C_6,se,G141 3rd,PROD434,Sweden
330,,,,,,,,,,,,
330,,,,,,,,,,,,
330,Queued-Awaiting Assignment,Value 103,18.939205626214168,Queued,Low,Awaiting Assignment,Org line C,C_6,se,G141 3rd,PROD434,Sweden
330,,,,,,,,,,,,
330,,,,,,,,,,,,
330,Accepted-Assigned,Value 2,18.940120786836687,Accepted,Low,Assigned,Org line C,C_6,se,G250 3rd,PROD434,Sweden
330,,,,,,,,,,,,
330,,,,,,,,,,,,
330,Completed-Closed,Value 2,19.067429677177643,Completed,Low,Closed,Org line C,C_6,se,G250 3rd,PROD434,Sweden
331,Accepted-In Progress,Value 191,18.93956991377144,Accepted,Medium,In Progress,Org line V2,,se,T10 2nd,PROD205,Sweden
331,,,,,,,,,,,,
332,Accepted-In Progress,Value 132,18.939541457747364,Accepted,Medium,In Progress,Org line G4,,se,S33 2nd,PROD374,Sweden
332,,,,,,,,,,,,
332,,,,,,,,,,,,
332,Completed-Closed,Value 132,19.057841143454304,Completed,Medium,Closed,Org line G4,,se,S33 2nd,PROD374,Sweden
333,Accepted-Assigned,Value 13,18.939601630481338,Accepted,Medium,Assigned,Org line C,C_2,be,G58 3rd,PROD330,Sweden
333,,,,,,,,,,,,
333,,,,,,,,,,,,
333,Accepted-In Progress,Value 193,19.029189602326813,Accepted,Medium,In Progress,Org line C,C_2,be,G58 3rd,PROD330,Belgium
333,,,,,,,,,,,,
334,Accepted-In Progress,Value 100,18.940656826283714,Accepted,Medium,In Progress,Org line A2,D_1,in,L50 3rd,PROD611,Sweden
334,,,,,,,,,,,,
334,,,,,,,,,,,,
334,Accepted-In Progress,Value 194,19.094268020756388,Accepted,Medium,In Progress,Org line A2,D_1,in,L50 3rd,PROD611,INDIA
334,,,,,,,,,,,,
335,Accepted-In Progress,Value 120,18.941156229672888,Accepted,Low,In Progress,Org line A2,A2_3,se,N23 2nd,PROD76,Sweden
335,,,,,,,,,,,,
335,,,,,,,,,,,,
335,Accepted-In Progress,Value 195,19.06198859159917,Accepted,Low,In Progress,Org line A2,A2_3,se,N23 2nd,PROD76,Sweden
335,,,,,,,,,,,,
336,Accepted-In Progress,Value 168,18.941201753204428,Accepted,Medium,In Progress,Org line V11,,gb,V50 2nd,PROD158,United Kingdom
336,,,,,,,,,,,,
336,,,,,,,,,,,,
337,Accepted-In Progress,Value 46,18.941224897450294,Accepted,Medium,In Progress,Org line G3,,us,G199 3rd,PROD97,USA
337,,,,,,,,,,,,
337,,,,,,,,,,,,
337,Accepted-Assigned,Value 46,18.94261455472997,Accepted,Medium,Assigned,Org line G3,,us,G199 3rd,PROD97,USA
337,,,,,,,,,,,,
337,,,,,,,,,,,,
338,Accepted-In Progress,Value 139,18.94129200382197,Accepted,Medium,In Progress,Org line G4,,se,S33 2nd,PROD374,Sweden
338,,,,,,,,,,,,
339,Accepted-In Progress,Value 139,18.942783431932853,Accepted,Medium,In Progress,Org line G4,,se,S33 2nd,PROD374,Sweden
339,,,,,,,,,,,,
340,Accepted-In Progress,Value 46,18.94324716799141,Accepted,Medium,In Progress,Org line G3,,us,G199 3rd,PROD97,USA
340,,,,,,,,,,,,
340,,,,,,,,,,,,
340,Accepted-Assigned,Value 46,18.943583144991823,Accepted,Medium,Assigned,Org line G3,,us,G199 3rd,PROD97,USA
340,,,,,,,,,,,,
340,,,,,,,,,,,,
341,Accepted-In Progress,Value 60,18.94328430075611,Accepted,Low,In Progress,Org line G4,,se,S30 2nd,PROD410,Sweden
341,,,,,,,,,,,,
341,,,,,,,,,,,,
342,Accepted-In Progress,Value 46,18.943319931970624,Accepted,Medium,In Progress,Org line G3,,us,G199 3rd,PROD96,USA
342,,,,,,,,,,,,
342,,,,,,,,,,,,
342,Accepted-Assigned,Value 46,18.943580175071872,Accepted,Medium,Assigned,Org line G3,,us,G199 3rd,PROD96,USA
342,,,,,,,,,,,,
342,,,,,,,,,,,,
343,Accepted-In Progress,Value 46,18.9433203411085,Accepted,Medium,In Progress,Org line G3,,us,G199 3rd,PROD96,USA
343,,,,,,,,,,,,
343,,,,,,,,,,,,
343,Accepted-Assigned,Value 46,18.943581994963985,Accepted,Medium,Assigned,Org line G3,,us,G199 3rd,PROD96,USA
343,,,,,,,,,,,,
343,,,,,,,,,,,,
344,Accepted-In Progress,Value 60,18.943693085102847,Accepted,High,In Progress,Org line G4,,se,S30 2nd,PROD412,Sweden
344,,,,,,,,,,,,
344,,,,,,,,,,,,
345,Accepted-In Progress,Value 133,18.94449726541896,Accepted,Low,In Progress,Org line G4,,se,S33 2nd,PROD374,Sweden
345,,,,,,,,,,,,
345,,,,,,,,,,,,
346,Accepted-In Progress,Value 31,18.94636076090742,Accepted,Medium,In Progress,Org line A2,A2_3,se,U6 2nd,PROD807,Sweden
346,,,,,,,,,,,,
346,,,,,,,,,,,,
347,Accepted-In Progress,Value 196,18.946797220484907,Accepted,Medium,In Progress,Org line V2,,se,T13 2nd,PROD279,Sweden
347,,,,,,,,,,,,
347,,,,,,,,,,,,
347,Accepted-Wait,Value 122,19.055657738415157,Accepted,Medium,Wait,Org line V2,,se,T16 2nd,PROD279,Sweden
347,,,,,,,,,,,,
348,Accepted-In Progress,Value 57,18.94687236772239,Accepted,Low,In Progress,Org line A2,A2_3,se,U6 2nd,PROD827,Sweden
348,,,,,,,,,,,,
348,,,,,,,,,,,,
348,Accepted-In Progress,Value 57,19.071535954273617,Accepted,Low,In Progress,Org line A2,A2_3,se,U6 2nd,PROD827,Sweden
348,,,,,,,,,,,,
349,Accepted-In Progress,Value 121,18.947411338421922,Accepted,Medium,In Progress,Org line A2,A2_3,se,U5 2nd,PROD228,Sweden
349,,,,,,,,,,,,
349,,,,,,,,,,,,
349,Completed-Closed,Value 121,19.05516305830728,Completed,Medium,Closed,Org line A2,A2_3,se,U5 2nd,PROD228,Sweden
350,Accepted-In Progress,Value 164,18.947441354738775,Accepted,High,In Progress,Org line A2,A2_4,se,G105 2nd,PROD337,Sweden
350,,,,,,,,,,,,
350,,,,,,,,,,,,
351,Accepted-In Progress,Value 164,18.947935883051702,Accepted,High,In Progress,Org line A2,A2_4,se,G105 2nd,PROD337,Sweden
351,,,,,,,,,,,,
351,,,,,,,,,,,,
352,Accepted-In Progress,Value 164,18.947937234661065,Accepted,High,In Progress,Org line A2,A2_4,se,G105 2nd,PROD337,Sweden
352,,,,,,,,,,,,
352,,,,,,,,,,,,
353,Accepted-Wait,Value 44,18.9484711368072,Accepted,Major,Wait,Org line C,C_3,se,G62 3rd,PROD348,Sweden
353,,,,,,,,,,,,
353,,,,,,,,,,,,
353,Accepted-In Progress,Value 197,19.09645596704331,Accepted,Major,In Progress,Org line C,C_3,se,G62 3rd,PROD348,USA
353,,,,,,,,,,,,
354,Accepted-In Progress,Value 46,18.950404032718474,Accepted,Medium,In Progress,Org line G3,,us,G199 3rd,PROD98,USA
354,,,,,,,,,,,,
354,,,,,,,,,,,,
354,Accepted-Assigned,Value 46,18.950566007302807,Accepted,Medium,Assigned,Org line G3,,us,G199 3rd,PROD98,USA
354,,,,,,,,,,,,
354,,,,,,,,,,,,
354,Queued-Awaiting Assignment,Value 46,18.96450833448884,Queued,Medium,Awaiting Assignment,Org line G3,,us,G199 3rd,PROD98,USA
354,,,,,,,,,,,,
354,,,,,,,,,,,,
354,Accepted-In Progress,Value 43,19.068960722704,Accepted,Medium,In Progress,Org line G3,,us,G199 3rd,PROD98,POLAND
354,,,,,,,,,,,,
355,Accepted-In Progress,Value 46,18.950969772779295,Accepted,Medium,In Progress,Org line G3,,us,G199 3rd,PROD97,USA
355,,,,,,,,,,,,
355,,,,,,,,,,,,
355,Accepted-Assigned,Value 46,18.951073231930486,Accepted,Medium,Assigned,Org line G3,,us,G199 3rd,PROD97,USA
355,,,,,,,,,,,,
355,,,,,,,,,,,,
356,Accepted-In Progress,Value 46,18.950961593501148,Accepted,Medium,In Progress,Org line G3,,us,G199 3rd,PROD97,USA
356,,,,,,,,,,,,
356,,,,,,,,,,,,
356,Accepted-Assigned,Value 46,18.951072319950377,Accepted,Medium,Assigned,Org line G3,,us,G199 3rd,PROD97,USA
356,,,,,,,,,,,,
356,,,,,,,,,,,,
356,Accepted-Assigned,Value 56,18.962246462250604,Accepted,Medium,Assigned,Org line A2,A2_2,us,G21 2nd,PROD97,Sweden
356,,,,,,,,,,,,
356,,,,,,,,,,,,
356,Accepted-In Progress,Value 78,18.96874209285504,Accepted,Medium,In Progress,Org line G3,,us,G199 3rd,PROD97,Sweden
356,,,,,,,,,,,,
356,,,,,,,,,,,,
356,Completed-Closed,Value 43,19.067602891080174,Completed,Medium,Closed,Org line G3,,us,G199 3rd,PROD97,POLAND
357,Accepted-In Progress,Value 198,18.953554548341987,Accepted,Medium,In Progress,Org line A2,A2_1,gb,G42 3rd,PROD236,United Kingdom
357,,,,,,,,,,,,
357,,,,,,,,,,,,
358,Accepted-In Progress,Value 104,18.95417010401825,Accepted,Medium,In Progress,Org line C,E_8,in,G186 2nd,PROD756,Sweden
358,,,,,,,,,,,,
358,,,,,,,,,,,,
358,Accepted-In Progress,Value 186,19.03522888799391,Accepted,Medium,In Progress,Org line C,E_8,in,G181 2nd,PROD756,INDIA
358,,,,,,,,,,,,
358,,,,,,,,,,,,
358,Accepted-Assigned,Value 186,19.055592155239236,Accepted,Medium,Assigned,Org line C,E_8,in,G181 2nd,PROD756,Sweden
358,,,,,,,,,,,,
358,,,,,,,,,,,,
359,Accepted-In Progress,Value 191,18.954431772887858,Accepted,Medium,In Progress,Org line V2,,se,T10 2nd,PROD615,Sweden
359,,,,,,,,,,,,
359,,,,,,,,,,,,
359,Completed-Closed,Value 191,19.06898908681029,Completed,Medium,Closed,Org line V2,,se,T10 2nd,PROD615,Sweden
360,Accepted-In Progress,Value 46,18.954489015737636,Accepted,Medium,In Progress,Org line G3,,us,G199 3rd,PROD98,USA
360,,,,,,,,,,,,
360,,,,,,,,,,,,
360,Accepted-Assigned,Value 46,18.954970266724878,Accepted,Medium,Assigned,Org line G3,,us,G199 3rd,PROD98,USA
360,,,,,,,,,,,,
360,,,,,,,,,,,,
361,Accepted-In Progress,Value 143,18.955061422315392,Accepted,Medium,In Progress,Org line A2,A2_1,gb,G42 3rd,PROD235,United Kingdom
361,,,,,,,,,,,,
361,,,,,,,,,,,,
362,Accepted-In Progress,Value 132,18.955566999187305,Accepted,Medium,In Progress,Org line G4,,se,S33 2nd,PROD374,Sweden
362,,,,,,,,,,,,
362,,,,,,,,,,,,
363,Accepted-In Progress,Value 46,18.95742923981443,Accepted,Medium,In Progress,Org line G3,,us,G199 3rd,PROD97,USA
363,,,,,,,,,,,,
363,,,,,,,,,,,,
363,Accepted-Assigned,Value 46,18.958485476478018,Accepted,Medium,Assigned,Org line G3,,us,G199 3rd,PROD97,USA
363,,,,,,,,,,,,
363,,,,,,,,,,,,
364,Accepted-In Progress,Value 46,18.958003209269325,Accepted,Medium,In Progress,Org line G3,,us,G199 3rd,PROD98,USA
364,,,,,,,,,,,,
364,,,,,,,,,,,,
364,Accepted-Assigned,Value 46,18.95800746888505,Accepted,Medium,Assigned,Org line G3,,us,G199 3rd,PROD98,USA
364,,,,,,,,,,,,
364,,,,,,,,,,,,
365,Accepted-In Progress,Value 200,18.95824252012648,Accepted,High,In Progress,Org line C,E_7,in,G157 2nd,PROD675,Sweden
365,,,,,,,,,,,,
365,,,,,,,,,,,,
365,Accepted-In Progress,Value 200,19.072454903204676,Accepted,High,In Progress,Org line C,E_7,in,G157 2nd,PROD675,Sweden
365,,,,,,,,,,,,
366,Accepted-In Progress,Value 29,18.95893222305868,Accepted,Medium,In Progress,Org line A2,A2_1,gb,G42 3rd,PROD236,United Kingdom
366,,,,,,,,,,,,
366,,,,,,,,,,,,
366,Accepted-Wait,Value 198,18.989908316048695,Accepted,Medium,Wait,Org line A2,A2_1,gb,G42 3rd,PROD236,United Kingdom
366,,,,,,,,,,,,
367,Accepted-In Progress,Value 77,18.95910458908246,Accepted,Low,In Progress,Org line C,C_2,be,G58 3rd,PROD328,Sweden
367,,,,,,,,,,,,
367,,,,,,,,,,,,
368,Accepted-In Progress,Value 39,18.960498972807336,Accepted,Medium,In Progress,Org line C,E_1,se,G55 2nd,PROD835,Sweden
368,,,,,,,,,,,,
368,,,,,,,,,,,,
368,Queued-Awaiting Assignment,Value 201,19.002398737216158,Queued,Medium,Awaiting Assignment,Org line A2,A2_1,se,D4,PROD835,INDIA
368,,Value 202,,,,,,,,,,
368,,,,,,,,,,,,
368,Accepted-In Progress,Value 203,19.002886743647025,Accepted,Medium,In Progress,Org line C,E_1,se,G294 2nd,PROD835,INDIA
368,,,,,,,,,,,,
368,,,,,,,,,,,,
368,Queued-Awaiting Assignment,Value 166,19.002969422588684,Queued,Medium,Awaiting Assignment,Org line C,E_1,se,G294 2nd,PROD835,Sweden
368,,,,,,,,,,,,
368,,,,,,,,,,,,
368,Accepted-In Progress,Value 39,19.06154174790662,Accepted,Medium,In Progress,Org line C,E_1,se,G294 2nd,PROD835,Sweden
368,,,,,,,,,,,,
369,Accepted-In Progress,Value 46,18.960655987226936,Accepted,Medium,In Progress,Org line G3,,us,G199 3rd,PROD96,USA
369,,,,,,,,,,,,
369,,,,,,,,,,,,
369,Accepted-Assigned,Value 46,18.960931683381062,Accepted,Medium,Assigned,Org line G3,,us,G199 3rd,PROD96,USA
369,,,,,,,,,,,,
369,,,,,,,,,,,,
370,Accepted-In Progress,Value 163,18.96097661264076,Accepted,High,In Progress,Org line A2,A2_5,fr,V5 3rd,PROD230,France
370,,,,,,,,,,,,
371,Accepted-In Progress,Value 158,18.961002484500064,Accepted,Medium,In Progress,Org line A2,A2_1,pl,W6 2nd,PROD791,POLAND
371,,,,,,,,,,,,
371,,,,,,,,,,,,
371,Accepted-In Progress,Value 158,19.062492681876524,Accepted,Medium,In Progress,Org line A2,A2_1,pl,W6 2nd,PROD791,POLAND
371,,,,,,,,,,,,
372,Accepted-In Progress,Value 31,18.960989318539564,Accepted,Medium,In Progress,Org line C,E_3,se,G68 2nd,PROD714,Sweden
372,,,,,,,,,,,,
372,,,,,,,,,,,,
373,Accepted-In Progress,Value 77,18.961492787256454,Accepted,Medium,In Progress,Org line G4,,se,M19 2nd,PROD286,Sweden
373,,,,,,,,,,,,
374,Accepted-In Progress,Value 77,18.961494359398333,Accepted,Low,In Progress,Org line G4,,se,M19 2nd,PROD286,Sweden
374,,,,,,,,,,,,
375,Accepted-In Progress,Value 77,18.961495215341206,Accepted,Low,In Progress,Org line G4,,se,M19 2nd,PROD286,Sweden
375,,,,,,,,,,,,
376,Accepted-In Progress,Value 77,18.961496275078986,Accepted,Medium,In Progress,Org line G4,,se,M19 2nd,PROD286,Sweden
376,,,,,,,,,,,,
377,Accepted-In Progress,Value 77,18.96150115451647,Accepted,Medium,In Progress,Org line G4,,se,M19 2nd,PROD286,Sweden
377,,,,,,,,,,,,
378,Accepted-In Progress,Value 77,18.961501812481757,Accepted,Medium,In Progress,Org line G4,,se,M19 2nd,PROD286,Sweden
378,,,,,,,,,,,,
379,Accepted-In Progress,Value 77,18.96150821160828,Accepted,Medium,In Progress,Org line G4,,se,M19 2nd,PROD286,Sweden
379,,,,,,,,,,,,
380,Accepted-In Progress,Value 77,18.961526279166687,Accepted,Medium,In Progress,Org line G4,,se,M19 2nd,PROD286,Sweden
380,,,,,,,,,,,,
381,Accepted-In Progress,Value 46,18.96219840721559,Accepted,Low,In Progress,Org line G3,,us,G199 3rd,PROD96,USA
381,,,,,,,,,,,,
381,,,,,,,,,,,,
381,Accepted-Assigned,Value 46,18.962240678778606,Accepted,Low,Assigned,Org line G3,,us,G199 3rd,PROD96,USA
381,,,,,,,,,,,,
381,,Value 205,,,,,,,,,,
381,Accepted-In Progress,Value 135,18.965737698810827,Accepted,Low,In Progress,Org line A2,A2_2,us,S2 2nd,PROD96,Brazil
381,,,,,,,,,,,,
381,,,,,,,,,,,,
381,Accepted-In Progress,Value 78,18.96581206811494,Accepted,Low,In Progress,Org line G3,,us,G199 3rd,PROD96,Sweden
381,,,,,,,,,,,,
381,,,,,,,,,,,,
381,Completed-Closed,Value 43,19.067431285075784,Completed,Low,Closed,Org line G3,,us,G199 3rd,PROD96,POLAND
382,Accepted-In Progress,Value 163,18.964082703883726,Accepted,High,In Progress,Org line A2,A2_5,fr,V5 3rd,PROD230,France
382,,,,,,,,,,,,
383,Accepted-In Progress,Value 206,18.964521018813965,Accepted,Major,In Progress,Org line C,E_6,se,S20 2nd,PROD374,Sweden
383,,,,,,,,,,,,
383,,,,,,,,,,,,
383,Queued-Awaiting Assignment,Value 108,18.998506317054527,Queued,Major,Awaiting Assignment,Org line G4,,se,S33 2nd,PROD374,Sweden
383,,,,,,,,,,,,
383,,,,,,,,,,,,
383,Completed-Closed,Value 76,19.057923658018353,Completed,Major,Closed,Org line G4,,se,S33 2nd,PROD374,Sweden
384,Queued-Awaiting Assignment,Value 207,18.96462255727793,Queued,High,Awaiting Assignment,Org line C,E_1,se,G99 2nd,PROD24,Sweden
384,,,,,,,,,,,,
384,,,,,,,,,,,,
385,Accepted-In Progress,Value 57,18.965056887589583,Accepted,Low,In Progress,Org line A2,A2_2,se,G39 3rd,PROD215,Sweden
385,,,,,,,,,,,,
385,,,,,,,,,,,,
385,Accepted-Wait,Value 57,19.096471499422382,Accepted,Low,Wait,Org line A2,A2_2,se,G39 3rd,PROD215,Sweden
385,,,,,,,,,,,,
386,Accepted-In Progress,Value 163,18.965492456020716,Accepted,High,In Progress,Org line A2,A2_5,fr,V5 3rd,PROD230,France
386,,,,,,,,,,,,
387,Accepted-In Progress,Value 118,18.96556643762936,Accepted,High,In Progress,Org line C,C_3,se,G62 3rd,PROD348,France
387,,,,,,,,,,,,
387,,,,,,,,,,,,
387,Completed-Closed,Value 44,19.118593695165355,Completed,High,Closed,Org line C,C_3,se,G292 3rd,PROD348,Sweden
388,Accepted-In Progress,Value 208,18.965706429235542,Accepted,Major,In Progress,Org line C,E_1,be,G55 2nd,PROD816,Sweden
388,,,,,,,,,,,,
388,,,,,,,,,,,,
388,Accepted-Assigned,Value 210,18.98878981874083,Accepted,Major,Assigned,Org line C,E_1,be,G55 2nd,PROD816,Sweden
388,,,,,,,,,,,,
388,,,,,,,,,,,,
388,Completed-Closed,Value 77,19.061587760932948,Completed,Major,Closed,Org line C,E_1,be,G55 2nd,PROD816,Belgium
389,Accepted-In Progress,Value 166,18.96598174532444,Accepted,High,In Progress,Org line C,E_1,se,G294 2nd,PROD835,Sweden
389,,,,,,,,,,,,
390,Accepted-Assigned,Value 112,18.966032522888657,Accepted,Low,Assigned,Org line G4,,se,S33 2nd,PROD448,Sweden
390,,,,,,,,,,,,
390,,,,,,,,,,,,
390,Accepted-Assigned,Value 31,19.068333520852846,Accepted,Low,Assigned,Org line G4,,se,S33 2nd,PROD448,Sweden
390,,,,,,,,,,,,
390,,,,,,,,,,,,
391,Accepted-In Progress,Value 76,18.96614402160432,Accepted,Medium,In Progress,Org line G4,,se,S33 2nd,PROD304,Sweden
391,,,,,,,,,,,,
391,,,,,,,,,,,,
391,Completed-Closed,Value 76,19.067531325822756,Completed,Medium,Closed,Org line G4,,se,S33 2nd,PROD304,Sweden
392,Accepted-In Progress,Value 156,18.966278328677948,Accepted,High,In Progress,Org line C,E_8,br,G181 2nd,PROD473,INDIA
392,,,,,,,,,,,,
392,,,,,,,,,,,,
392,Accepted-In Progress,Value 212,19.065300265385414,Accepted,High,In Progress,Org line B,E_6,br,S4 2nd,PROD473,Brazil
392,,,,,,,,,,,,
393,Accepted-In Progress,Value 104,18.96801165513025,Accepted,High,In Progress,Org line C,E_8,in,G186 2nd,PROD473,Sweden
393,,,,,,,,,,,,
394,Accepted-In Progress,Value 139,18.968077294440217,Accepted,Medium,In Progress,Org line G4,,se,S33 2nd,PROD374,Sweden
394,,,,,,,,,,,,
394,,,,,,,,,,,,
395,Accepted-In Progress,Value 46,18.96905895185621,Accepted,Medium,In Progress,Org line G3,,us,G199 3rd,PROD97,USA
395,,,,,,,,,,,,
395,,,,,,,,,,,,
395,Accepted-Assigned,Value 46,18.969338528817747,Accepted,Medium,Assigned,Org line G3,,us,G199 3rd,PROD97,USA
395,,,,,,,,,,,,
395,,,,,,,,,,,,
396,Accepted-In Progress,Value 213,18.969066897760744,Accepted,Medium,In Progress,Org line A2,A2_1,pl,W16 3rd,PROD509,POLAND
396,,,,,,,,,,,,
396,,,,,,,,,,,,
396,Completed-Closed,Value 213,19.055593612689876,Completed,Medium,Closed,Org line A2,A2_1,pl,W16 3rd,PROD509,POLAND
397,Accepted-In Progress,Value 143,18.96910132735796,Accepted,Medium,In Progress,Org line A2,A2_1,gb,G42 3rd,PROD236,United Kingdom
397,,,,,,,,,,,,
397,,,,,,,,,,,,
398,Accepted-In Progress,Value 156,18.970999984014803,Accepted,Medium,In Progress,Org line C,E_8,br,G181 2nd,PROD476,INDIA
398,,,,,,,,,,,,
398,,,,,,,,,,,,
398,Accepted-Assigned,Value 23,18.971001102939546,Accepted,Medium,Assigned,Org line C,E_8,br,G181 2nd,PROD476,Brazil
398,,,,,,,,,,,,
398,,,,,,,,,,,,
399,Accepted-In Progress,Value 143,18.971075710477887,Accepted,Medium,In Progress,Org line A2,A2_1,gb,G42 3rd,PROD236,United Kingdom
399,,,,,,,,,,,,
399,,,,,,,,,,,,
400,Accepted-In Progress,Value 143,18.97111488643457,Accepted,High,In Progress,Org line A2,A2_1,gb,G42 3rd,PROD236,United Kingdom
400,,,,,,,,,,,,
400,,,,,,,,,,,,
400,Completed-Closed,Value 143,19.10956555852293,Completed,High,Closed,Org line A2,A2_1,gb,G42 3rd,PROD236,United Kingdom
401,Accepted-In Progress,Value 120,18.971115186318205,Accepted,Low,In Progress,Org line A2,A2_3,se,N23 2nd,PROD76,Sweden
401,,,,,,,,,,,,
401,,,,,,,,,,,,
401,Accepted-Assigned,Value 120,18.97148581987946,Accepted,Low,Assigned,Org line A2,A2_3,se,N23 2nd,PROD76,Sweden
401,,,,,,,,,,,,
401,,,,,,,,,,,,
402,Accepted-In Progress,Value 120,18.971116339715966,Accepted,Low,In Progress,Org line A2,A2_3,se,N23 2nd,PROD76,Sweden
402,,,,,,,,,,,,
402,,,,,,,,,,,,
402,Accepted-Wait,Value 120,19.068405410687635,Accepted,Low,Wait,Org line A2,A2_3,se,N23 2nd,PROD76,Sweden
402,,,,,,,,,,,,
403,Accepted-In Progress,Value 120,18.97111715862757,Accepted,Low,In Progress,Org line A2,A2_3,se,N23 2nd,PROD76,Sweden
403,,,,,,,,,,,,
403,,,,,,,,,,,,
403,Accepted-Wait,Value 120,19.068405504869922,Accepted,Low,Wait,Org line A2,A2_3,se,N23 2nd,PROD76,Sweden
403,,,,,,,,,,,,
404,Accepted-In Progress,Value 104,18.971317708339967,Accepted,Low,In Progress,Org line C,E_8,in,G186 2nd,PROD476,Sweden
404,,,,,,,,,,,,
404,,,,,,,,,,,,
404,Accepted-In Progress,Value 199,18.98242267575548,Accepted,Low,In Progress,Org line C,E_8,in,G186 2nd,PROD476,INDIA
404,,,,,,,,,,,,
404,,,,,,,,,,,,
404,Accepted-Assigned,Value 186,19.009112794992486,Accepted,Low,Assigned,Org line C,E_8,in,G186 2nd,PROD476,INDIA
404,,,,,,,,,,,,
404,,,,,,,,,,,,
404,Accepted-Wait,Value 215,19.020248290948697,Accepted,Low,Wait,Org line C,E_8,in,G186 2nd,PROD476,Sweden
404,,,,,,,,,,,,
405,Accepted-In Progress,Value 46,18.971488610065432,Accepted,Medium,In Progress,Org line G3,,us,G199 3rd,PROD97,USA
405,,,,,,,,,,,,
405,,,,,,,,,,,,
405,Accepted-Assigned,Value 46,18.971512118802558,Accepted,Medium,Assigned,Org line G3,,us,G199 3rd,PROD97,USA
405,,,,,,,,,,,,
405,,,,,,,,,,,,
406,Accepted-In Progress,Value 46,18.971723424740812,Accepted,Low,In Progress,Org line G3,,us,G199 3rd,PROD96,USA
406,,,,,,,,,,,,
406,,,,,,,,,,,,
406,Accepted-Assigned,Value 46,18.971848651675895,Accepted,Low,Assigned,Org line G3,,us,G199 3rd,PROD96,USA
406,,,,,,,,,,,,
406,,,,,,,,,,,,
407,Accepted-In Progress,Value 216,18.97173477297936,Accepted,Major,In Progress,Org line A2,A2_1,se,M19 2nd,PROD700,Sweden
407,,,,,,,,,,,,
407,,,,,,,,,,,,
407,Accepted-In Progress,Value 216,19.068342060624786,Accepted,Major,In Progress,Org line A2,A2_1,se,M19 2nd,PROD700,Sweden
407,,,,,,,,,,,,
408,Accepted-In Progress,Value 46,18.971969414624624,Accepted,Medium,In Progress,Org line G3,,us,G199 3rd,PROD97,USA
408,,,,,,,,,,,,
408,,,,,,,,,,,,
408,Accepted-Assigned,Value 46,18.971976484656956,Accepted,Medium,Assigned,Org line G3,,us,G199 3rd,PROD97,USA
408,,,,,,,,,,,,
408,,,,,,,,,,,,
409,Accepted-Wait,Value 217,18.972007166980937,Accepted,High,Wait,Org line C,E_5,in,G92,PROD793,INDIA
409,,,,,,,,,,,,
409,,,,,,,,,,,,
409,Completed-Closed,Value 217,19.080907215790802,Completed,High,Closed,Org line C,E_5,in,G92,PROD793,INDIA
410,Accepted-In Progress,Value 46,18.972944175146914,Accepted,Medium,In Progress,Org line G3,,us,G199 3rd,PROD98,USA
410,,,,,,,,,,,,
410,,,,,,,,,,,,
410,Accepted-Assigned,Value 46,18.972945925107403,Accepted,Medium,Assigned,Org line G3,,us,G199 3rd,PROD98,USA
410,,,,,,,,,,,,
410,,,,,,,,,,,,
411,Accepted-In Progress,Value 46,18.972948250708047,Accepted,Medium,In Progress,Org line G3,,us,G199 3rd,PROD97,USA
411,,,,,,,,,,,,
411,,,,,,,,,,,,
411,Accepted-Assigned,Value 46,18.972952562265235,Accepted,Medium,Assigned,Org line G3,,us,G199 3rd,PROD97,USA
411,,,,,,,,,,,,
411,,,,,,,,,,,,
412,Accepted-In Progress,Value 46,18.973049702650048,Accepted,Medium,In Progress,Org line G3,,us,G199 3rd,PROD97,USA
412,,,,,,,,,,,,
412,,,,,,,,,,,,
412,Accepted-Assigned,Value 46,18.9745076141034,Accepted,Medium,Assigned,Org line G3,,us,G199 3rd,PROD97,USA
412,,,,,,,,,,,,
412,,,,,,,,,,,,
413,Accepted-In Progress,Value 46,18.973104445008456,Accepted,Medium,In Progress,Org line G3,,us,G199 3rd,PROD97,USA
413,,,,,,,,,,,,
413,,,,,,,,,,,,
413,Accepted-Assigned,Value 46,18.974579908804216,Accepted,Medium,Assigned,Org line G3,,us,G199 3rd,PROD97,USA
413,,,,,,,,,,,,
413,,,,,,,,,,,,
414,Accepted-In Progress,Value 29,18.9745781099773,Accepted,High,In Progress,Org line A2,A2_1,gb,G42 3rd,PROD235,United Kingdom
414,,,,,,,,,,,,
414,,,,,,,,,,,,
414,Accepted-In Progress,Value 29,19.0005050711883,Accepted,High,In Progress,Org line A2,A2_1,gb,G42 3rd,PROD235,United Kingdom
414,,,,,,,,,,,,
414,,,,,,,,,,,,
414,Completed-Closed,Value 143,19.074620324073056,Completed,High,Closed,Org line A2,A2_1,gb,G42 3rd,PROD235,United Kingdom
415,Accepted-In Progress,Value 218,18.97558445891752,Accepted,Medium,In Progress,Org line C,E_5,us,G77,PROD398,INDIA
415,,,,,,,,,,,,
415,,,,,,,,,,,,
415,Accepted-In Progress,Value 13,18.99370827108963,Accepted,Medium,In Progress,Org line C,C_1,us,G14 3rd,PROD398,Sweden
415,,,,,,,,,,,,
415,,,,,,,,,,,,
415,Accepted-Wait,Value 220,19.012986930413508,Accepted,Medium,Wait,Org line C,C_1,us,G14 3rd,PROD398,Belgium
415,,,,,,,,,,,,
415,,,,,,,,,,,,
416,Accepted-In Progress,Value 148,18.97644216477777,Accepted,Medium,In Progress,Org line C,E_6,fr,W12 2nd,PROD802,France
416,,,,,,,,,,,,
416,,,,,,,,,,,,
416,Accepted-In Progress,Value 221,19.099461296960712,Accepted,Medium,In Progress,Org line A2,A2_5,fr,V4 3rd,PROD802,France
416,,,,,,,,,,,,
417,Accepted-In Progress,Value 62,18.97647221134427,Accepted,Low,In Progress,Org line A2,A2_4,us,L23 3rd,PROD546,USA
417,,,,,,,,,,,,
417,,,,,,,,,,,,
417,Accepted-Assigned,Value 161,19.01319519855666,Accepted,Low,Assigned,Org line A2,A2_4,us,L23 3rd,PROD546,Sweden
417,,Value 222,,,,,,,,,,
417,,,,,,,,,,,,
417,Queued-Awaiting Assignment,Value 62,19.077375987159236,Queued,Low,Awaiting Assignment,Org line A2,A2_4,us,L23 3rd,PROD546,USA
417,,Value 222,,,,,,,,,,
417,,,,,,,,,,,,
417,Completed-Closed,Value 62,19.077850208753915,Completed,Low,Closed,Org line A2,A2_4,us,G113 2nd,PROD546,USA
418,Accepted-In Progress,Value 63,18.9780973096561,Accepted,Medium,In Progress,Org line A2,A2_3,se,S35 2nd,PROD680,Sweden
418,,,,,,,,,,,,
418,,,,,,,,,,,,
418,Accepted-Assigned,Value 63,18.99568221997452,Accepted,Medium,Assigned,Org line A2,A2_3,se,S35 2nd,PROD680,Sweden
418,,,,,,,,,,,,
418,,,,,,,,,,,,
418,Accepted-In Progress,Value 38,19.059209090854115,Accepted,Medium,In Progress,Org line A2,A2_3,se,S35 2nd,PROD680,Sweden
418,,,,,,,,,,,,
419,Accepted-In Progress,Value 29,18.97800735371764,Accepted,Medium,In Progress,Org line A2,A2_1,gb,G42 3rd,PROD236,United Kingdom
419,,,,,,,,,,,,
419,,,,,,,,,,,,
419,Accepted-In Progress,Value 143,19.109564187691447,Accepted,Medium,In Progress,Org line A2,A2_1,gb,G42 3rd,PROD236,United Kingdom
419,,,,,,,,,,,,
420,Accepted-In Progress,Value 208,18.978716020680572,Accepted,High,In Progress,Org line C,E_1,be,G55 2nd,PROD821,Sweden
420,,,,,,,,,,,,
420,,,,,,,,,,,,
420,Accepted-Wait,Value 208,18.997163869438573,Accepted,High,Wait,Org line C,E_1,be,G55 2nd,PROD821,Sweden
420,,,,,,,,,,,,
420,,,,,,,,,,,,
420,Completed-Closed,Value 117,19.07105433415882,Completed,High,Closed,Org line C,E_1,be,G55 2nd,PROD821,Sweden
421,Accepted-In Progress,Value 223,18.979547342744244,Accepted,Medium,In Progress,Org line A2,A2_1,pl,W9 2nd,PROD756,POLAND
421,,,,,,,,,,,,
421,,,,,,,,,,,,
421,Accepted-In Progress,Value 172,18.99001874054202,Accepted,Medium,In Progress,Org line A2,A2_1,pl,W9 2nd,PROD756,POLAND
421,,,,,,,,,,,,
421,,,,,,,,,,,,
421,Accepted-In Progress,Value 173,18.99859038570313,Accepted,Medium,In Progress,Org line A2,A2_1,pl,W15 2nd,PROD756,POLAND
421,,,,,,,,,,,,
421,,,,,,,,,,,,
422,Accepted-In Progress,Value 198,18.98002616962892,Accepted,High,In Progress,Org line A2,A2_1,gb,G42 3rd,PROD236,United Kingdom
422,,,,,,,,,,,,
422,,,,,,,,,,,,
423,Accepted-In Progress,Value 220,18.981471298721797,Accepted,High,In Progress,Org line C,E_1,us,G13 2nd,PROD398,Belgium
423,,,,,,,,,,,,
423,,,,,,,,,,,,
424,Accepted-In Progress,Value 129,18.981591493063522,Accepted,High,In Progress,Org line G4,,br,S30 2nd,PROD266,Sweden
424,,,,,,,,,,,,
424,,,,,,,,,,,,
424,Accepted-In Progress,Value 212,19.071953600445827,Accepted,High,In Progress,Org line B,E_6,br,S4 2nd,PROD266,Brazil
424,,,,,,,,,,,,
425,Accepted-In Progress,Value 188,18.98232444000577,Accepted,Low,In Progress,Org line C,E_4,us,G88 2nd,PROD423,INDIA
425,,,,,,,,,,,,
425,,,,,,,,,,,,
426,Accepted-In Progress,Value 46,18.98339465346344,Accepted,Medium,In Progress,Org line G3,,us,G199 3rd,PROD98,USA
426,,,,,,,,,,,,
426,,,,,,,,,,,,
426,Accepted-Assigned,Value 46,18.983419877732427,Accepted,Medium,Assigned,Org line G3,,us,G199 3rd,PROD98,USA
426,,,,,,,,,,,,
426,,,,,,,,,,,,
426,Accepted-In Progress,Value 56,19.007185721176963,Accepted,Medium,In Progress,Org line A2,A2_2,us,G21 2nd,PROD98,Sweden
426,,,,,,,,,,,,
426,,,,,,,,,,,,
426,Accepted-In Progress,Value 43,19.070675946854962,Accepted,Medium,In Progress,Org line G3,,us,G199 3rd,PROD98,POLAND
426,,,,,,,,,,,,
427,Accepted-In Progress,Value 2,18.984795539017817,Accepted,Low,In Progress,Org line A2,A2_2,cn,M1 2nd,PROD753,Sweden
427,,,,,,,,,,,,
427,,,,,,,,,,,,
427,Accepted-In Progress,Value 3,19.06189316653624,Accepted,Low,In Progress,Org line A2,A2_2,cn,M1 2nd,PROD753,China
427,,,,,,,,,,,,
428,Accepted-In Progress,Value 206,18.984924116653442,Accepted,High,In Progress,Org line C,E_6,se,S20 2nd,PROD108,Sweden
428,,,,,,,,,,,,
428,,,,,,,,,,,,
428,Queued-Awaiting Assignment,Value 62,18.988271062060953,Queued,High,Awaiting Assignment,Org line G4,,se,S28 2nd,PROD108,Sweden
428,,,,,,,,,,,,
428,,,,,,,,,,,,
428,Completed-Closed,Value 93,19.064699338084527,Completed,High,Closed,Org line G4,,se,S28 2nd,PROD108,Sweden
429,Accepted-In Progress,Value 57,18.985316328742158,Accepted,Medium,In Progress,Org line C,E_1,be,G55 2nd,PROD795,Sweden
429,,,,,,,,,,,,
429,,,,,,,,,,,,
429,Accepted-Wait,Value 57,18.99568382367974,Accepted,Medium,Wait,Org line C,E_1,be,G55 2nd,PROD795,Sweden
429,,,,,,,,,,,,
430,Accepted-In Progress,Value 77,18.985462564930952,Accepted,Medium,In Progress,Org line G4,,se,M19 2nd,PROD286,Sweden
430,,,,,,,,,,,,
431,Accepted-In Progress,Value 77,18.985486838910163,Accepted,Low,In Progress,Org line G4,,se,M19 2nd,PROD286,Sweden
431,,,,,,,,,,,,
432,Accepted-In Progress,Value 224,18.985491221807074,Accepted,Medium,In Progress,Org line B,E_10,se,G230 2nd,PROD253,Brazil
432,,,,,,,,,,,,
432,,,,,,,,,,,,
432,Accepted-In Progress,Value 224,18.986499209732703,Accepted,Medium,In Progress,Org line B,E_10,se,G230 2nd,PROD253,Brazil
432,,,,,,,,,,,,
432,,,,,,,,,,,,
432,Accepted-Wait,Value 2,19.02018007477145,Accepted,Medium,Wait,Org line C,C_6,se,G250 3rd,PROD253,Sweden
432,,,,,,,,,,,,
433,Accepted-In Progress,Value 77,18.985831806805436,Accepted,Low,In Progress,Org line G4,,se,M19 2nd,PROD286,Sweden
433,,,,,,,,,,,,
434,Accepted-In Progress,Value 29,18.985893678596593,Accepted,High,In Progress,Org line A2,A2_1,gb,G42 3rd,PROD236,United Kingdom
434,,,,,,,,,,,,
434,,,,,,,,,,,,
434,Accepted-Wait,Value 143,18.992209230238615,Accepted,High,Wait,Org line A2,A2_1,gb,G42 3rd,PROD236,United Kingdom
434,,,,,,,,,,,,
435,Accepted-In Progress,Value 77,18.985933369312562,Accepted,Low,In Progress,Org line G4,,se,M19 2nd,PROD286,Sweden
435,,,,,,,,,,,,
436,Accepted-In Progress,Value 77,18.98630034147164,Accepted,Low,In Progress,Org line G4,,se,M19 2nd,PROD286,Sweden
436,,,,,,,,,,,,
437,Accepted-In Progress,Value 77,18.9863032155885,Accepted,Low,In Progress,Org line G4,,se,M19 2nd,PROD286,Sweden
437,,,,,,,,,,,,
438,Accepted-In Progress,Value 77,18.986306839463207,Accepted,Low,In Progress,Org line G4,,se,M19 2nd,PROD286,Sweden
438,,,,,,,,,,,,
439,Accepted-In Progress,Value 94,18.9874503734632,Accepted,Low,In Progress,Org line F,,se,S1 2nd,PROD153,Sweden
439,,,,,,,,,,,,
439,,,,,,,,,,,,
439,Accepted-Wait,Value 123,19.055591222469715,Accepted,Low,Wait,Org line F,,se,S1 2nd,PROD153,Sweden
439,,,,,,,,,,,,
440,Accepted-In Progress,Value 104,18.988630626641697,Accepted,Medium,In Progress,Org line C,E_8,in,G186 2nd,PROD476,Sweden
440,,,,,,,,,,,,
440,,,,,,,,,,,,
440,Accepted-In Progress,Value 186,19.019226241165086,Accepted,Medium,In Progress,Org line C,E_8,in,G181 2nd,PROD476,INDIA
440,,,,,,,,,,,,
440,,,,,,,,,,,,
440,Accepted-In Progress,Value 214,19.045476158187807,Accepted,Medium,In Progress,Org line C,E_8,in,G181 2nd,PROD476,Sweden
440,,,,,,,,,,,,
441,Accepted-In Progress,Value 120,18.988746490220063,Accepted,Low,In Progress,Org line A2,A2_3,se,N23 2nd,PROD554,Sweden
441,,,,,,,,,,,,
441,,,,,,,,,,,,
441,Accepted-In Progress,Value 195,19.061988949689322,Accepted,Low,In Progress,Org line A2,A2_3,se,N23 2nd,PROD554,Sweden
441,,,,,,,,,,,,
442,Accepted-In Progress,Value 225,18.98889735284484,Accepted,Medium,In Progress,Org line C,E_4,us,G88 2nd,PROD219,INDIA
442,,,,,,,,,,,,
442,,,,,,,,,,,,
442,Accepted-In Progress,Value 225,19.05595886763717,Accepted,Medium,In Progress,Org line C,E_4,us,G88 2nd,PROD219,INDIA
442,,,,,,,,,,,,
443,Accepted-In Progress,Value 226,18.988895732553736,Accepted,Medium,In Progress,Org line G4,,se,S33 2nd,PROD397,Sweden
443,,,,,,,,,,,,
444,Accepted-In Progress,Value 227,18.989349730593815,Accepted,Medium,In Progress,Org line A2,A2_1,se,G103 3rd,PROD823,Sweden
444,,,,,,,,,,,,
444,,,,,,,,,,,,
444,Accepted-In Progress,Value 227,19.09332374828822,Accepted,Medium,In Progress,Org line A2,A2_1,se,G103 3rd,PROD823,Sweden
444,,,,,,,,,,,,
445,Accepted-In Progress,Value 46,18.989818697541107,Accepted,Medium,In Progress,Org line G3,,us,G199 3rd,PROD97,USA
445,,,,,,,,,,,,
445,,,,,,,,,,,,
445,Accepted-Assigned,Value 46,18.990142483884902,Accepted,Medium,Assigned,Org line G3,,us,G199 3rd,PROD97,USA
445,,,,,,,,,,,,
445,,,,,,,,,,,,
446,Accepted-In Progress,Value 228,18.99031825481766,Accepted,Medium,In Progress,Org line V2,,se,T2 2nd,PROD615,Sweden
446,,,,,,,,,,,,
447,Accepted-In Progress,Value 228,18.990329326101723,Accepted,Low,In Progress,Org line V2,,se,T2 2nd,PROD615,Sweden
447,,,,,,,,,,,,
447,,,,,,,,,,,,
448,Accepted-In Progress,Value 216,18.99184469726295,Accepted,Medium,In Progress,Org line A2,A2_1,se,M19 2nd,PROD566,Sweden
448,,,,,,,,,,,,
448,,,,,,,,,,,,
448,Accepted-In Progress,Value 216,19.029663574528794,Accepted,Medium,In Progress,Org line A2,A2_1,se,M19 2nd,PROD566,Sweden
448,,,,,,,,,,,,
448,,,,,,,,,,,,
449,Accepted-In Progress,Value 229,18.992105705450445,Accepted,High,In Progress,Org line C,E_10,se,G271 2nd,PROD802,Sweden
449,,,,,,,,,,,,
449,,Value 230,,,,,,,,,,
449,Queued-Awaiting Assignment,Value 44,18.992156393447402,Queued,High,Awaiting Assignment,Org line C,C_6,se,G273 3rd,PROD802,Sweden
449,,,,,,,,,,,,
449,,,,,,,,,,,,
449,Accepted-In Progress,Value 8,19.046418700179707,Accepted,High,In Progress,Org line C,E_6,se,G48 2nd,PROD802,Sweden
449,,,,,,,,,,,,
449,,,,,,,,,,S45 2nd,,
449,Accepted-In Progress,Value 232,19.046812942141017,Accepted,High,In Progress,Org line C,E_6,se,G48 2nd,PROD802,Sweden
449,,,,,,,,,,,,
449,,,,,,,,,,,,
449,Accepted-In Progress,Value 102,19.04682560805551,Accepted,High,In Progress,Org line C,V3_3,se,G335 2nd,PROD802,Sweden
449,,,,,,,,,,,,
449,,,,,,,,,,,,
450,Accepted-In Progress,Value 46,18.99215760188656,Accepted,Medium,In Progress,Org line G3,,us,G199 3rd,PROD97,USA
450,,,,,,,,,,,,
450,,,,,,,,,,,,
450,Accepted-Assigned,Value 46,18.99216626420675,Accepted,Medium,Assigned,Org line G3,,us,G199 3rd,PROD97,USA
450,,,,,,,,,,,,
450,,,,,,,,,,,,
451,Accepted-In Progress,Value 46,18.992155083362178,Accepted,Medium,In Progress,Org line G3,,us,G199 3rd,PROD96,USA
451,,,,,,,,,,,,
451,,,,,,,,,,,,
451,Accepted-Assigned,Value 46,18.99216829707415,Accepted,Medium,Assigned,Org line G3,,us,G199 3rd,PROD96,USA
451,,,,,,,,,,,,
451,,,,,,,,,,,,
452,Accepted-In Progress,Value 104,18.992177512687867,Accepted,Medium,In Progress,Org line C,E_8,in,G186 2nd,PROD476,Sweden
452,,,,,,,,,,,,
452,,,,,,,,,,,,
452,Accepted-Wait,Value 186,19.019226812759808,Accepted,Medium,Wait,Org line C,E_8,in,G181 2nd,PROD476,INDIA
452,,,,,,,,,,,,
452,,,,,,,,,,,,
452,Accepted-In Progress,Value 214,19.045483107278546,Accepted,Medium,In Progress,Org line C,E_8,in,G181 2nd,PROD476,Sweden
452,,,,,,,,,,,,
453,Accepted-In Progress,Value 60,18.992270624020737,Accepted,Low,In Progress,Org line G4,,se,S30 2nd,PROD412,Sweden
453,,,,,,,,,,,,
453,,,,,,,,,,,,
454,Accepted-In Progress,Value 38,18.992663769935046,Accepted,Medium,In Progress,Org line V2,,0,T11 2nd,PROD498,Sweden
454,,,,,,,,,,,,
455,Accepted-In Progress,Value 46,18.9927077982075,Accepted,Medium,In Progress,Org line G3,,us,G199 3rd,PROD97,USA
455,,,,,,,,,,,,
455,,,,,,,,,,,,
455,Accepted-Assigned,Value 46,18.993068654260377,Accepted,Medium,Assigned,Org line G3,,us,G199 3rd,PROD97,USA
455,,,,,,,,,,,,
455,,,,,,,,,,,,
456,Accepted-In Progress,Value 46,18.99318463660665,Accepted,Medium,In Progress,Org line G3,,us,G199 3rd,PROD97,USA
456,,,,,,,,,,,,
456,,,,,,,,,,,,
456,Accepted-Assigned,Value 46,18.993295331660633,Accepted,Medium,Assigned,Org line G3,,us,G199 3rd,PROD97,USA
456,,,,,,,,,,,,
456,,,,,,,,,,,,
457,Queued-Awaiting Assignment,Value 233,18.99372069751451,Queued,Medium,Awaiting Assignment,Org line C,V3_2,us,N38,PROD745,USA
457,,Value 234,,,,,,,,,,
457,,,,,,,,,,,,
457,Completed-Closed,Value 235,19.06579618966264,Completed,Medium,Closed,Org line A2,A2_3,us,N5 2nd,PROD745,USA
458,Accepted-In Progress,Value 120,18.993714506873868,Accepted,Medium,In Progress,Org line A2,A2_3,se,N23 2nd,PROD76,Sweden
458,,,,,,,,,,,,
458,,,,,,,,,,,,
458,Completed-Closed,Value 120,19.06925183489501,Completed,Medium,Closed,Org line A2,A2_3,se,N23 2nd,PROD76,Sweden
459,Accepted-In Progress,Value 164,18.994361982312757,Accepted,High,In Progress,Org line A2,A2_4,se,G105 2nd,PROD337,Sweden
459,,,,,,,,,,,,
459,,,,,,,,,,,,
460,Accepted-In Progress,Value 164,18.994367019520112,Accepted,High,In Progress,Org line A2,A2_4,se,G105 2nd,PROD337,Sweden
460,,,,,,,,,,,,
460,,,,,,,,,,,,
461,Accepted-In Progress,Value 69,18.995123281806585,Accepted,High,In Progress,Org line B,E_10,pl,G230 2nd,PROD321,INDIA
461,,,,,,,,,,,,
461,,,,,,,,,,,,
461,Accepted-In Progress,Value 236,18.996179059854597,Accepted,High,In Progress,Org line C,V3_2,pl,V27,PROD321,France
461,,,,,,,,,,,,
461,,,,,,,,,,,,
461,Queued-Awaiting Assignment,Value 103,19.00192305789423,Queued,High,Awaiting Assignment,Org line C,C_6,pl,G261 3rd,PROD321,Sweden
461,,,,,,,,,,,,
461,,,,,,,,,,,,
461,Accepted-In Progress,Value 45,19.06251634048382,Accepted,High,In Progress,Org line C,E_10,pl,G249 3rd,PROD321,Sweden
461,,,,,,,,,,,,
461,,,,,,,,,,,,
462,Accepted-In Progress,Value 29,18.9952754992016,Accepted,Medium,In Progress,Org line A2,A2_1,gb,G42 3rd,PROD235,United Kingdom
462,,,,,,,,,,,,
462,,,,,,,,,,,,
462,Accepted-Wait,Value 29,19.006261165777946,Accepted,Medium,Wait,Org line A2,A2_1,gb,G42 3rd,PROD235,United Kingdom
462,,,,,,,,,,,,
462,,,,,,,,,,,,
463,Accepted-In Progress,Value 46,18.995677808365127,Accepted,Medium,In Progress,Org line G3,,us,G199 3rd,PROD97,USA
463,,,,,,,,,,,,
463,,Value 238,,,,,,,,,,
463,Accepted-Assigned,Value 46,18.99568565809028,Accepted,Medium,Assigned,Org line G3,,us,G199 3rd,PROD97,USA
463,,,,,,,,,,,,
463,,,,,,,,,,,,
464,Accepted-In Progress,Value 216,18.995708818640658,Accepted,Low,In Progress,Org line A2,A2_1,se,M19 2nd,PROD566,Sweden
464,,,,,,,,,,,,
464,,,,,,,,,,,,
464,Accepted-Wait,Value 216,19.029663705065705,Accepted,Low,Wait,Org line A2,A2_1,se,M19 2nd,PROD566,Sweden
464,,,,,,,,,,,,
465,Accepted-In Progress,Value 46,18.99573101085138,Accepted,Medium,In Progress,Org line G3,,us,G199 3rd,PROD96,USA
465,,,,,,,,,,,,
465,,,,,,,,,,,,
465,Accepted-Assigned,Value 46,18.995979097941753,Accepted,Medium,Assigned,Org line G3,,us,G199 3rd,PROD96,USA
465,,,,,,,,,,,,
465,,,,,,,,,,,,
466,Accepted-In Progress,Value 239,18.996008799454714,Accepted,High,In Progress,Org line B,E_10,in,G238 2nd,PROD209,INDIA
466,,,,,,,,,,,,
466,,,,,,,,,,,,
466,Completed-Closed,Value 239,19.08264716811399,Completed,High,Closed,Org line B,E_10,in,G238 2nd,PROD209,INDIA
467,Accepted-In Progress,Value 46,18.99610508141932,Accepted,Medium,In Progress,Org line G3,,us,G199 3rd,PROD98,USA
467,,,,,,,,,,,,
467,,,,,,,,,,,,
467,Accepted-Assigned,Value 46,18.996107612513757,Accepted,Medium,Assigned,Org line G3,,us,G199 3rd,PROD98,USA
467,,,,,,,,,,,,
467,,,,,,,,,,,,
468,Accepted-In Progress,Value 240,18.996152231844462,Accepted,High,In Progress,Org line V2,,se,T10 2nd,PROD615,Sweden
468,,,,,,,,,,,,
469,Accepted-In Progress,Value 138,18.99620383997253,Accepted,Medium,In Progress,Org line A2,A2_4,se,G105 2nd,PROD337,Sweden
469,,,,,,,,,,,,
470,Accepted-In Progress,Value 172,18.99657578290674,Accepted,Medium,In Progress,Org line A2,A2_1,pl,W15 2nd,PROD756,POLAND
470,,,,,,,,,,,,
470,,,,,,,,,,,,
470,Accepted-Wait,Value 172,19.019626255582722,Accepted,Medium,Wait,Org line A2,A2_1,pl,W15 2nd,PROD756,POLAND
470,,,,,,,,,,,,
470,,,,,,,,,,,,
470,Completed-Closed,Value 39,19.080893506735972,Completed,Medium,Closed,Org line A2,A2_1,pl,W15 2nd,PROD756,POLAND
471,Accepted-In Progress,Value 241,18.9966417494492,Accepted,Low,In Progress,Org line C,E_7,se,G153 2nd,PROD673,INDIA
471,,,,,,,,,,,,
471,,,,,,,,,,,,
472,Accepted-In Progress,Value 98,18.99666952560477,Accepted,High,In Progress,Org line A2,A2_3,se,G110 2nd,PROD539,Sweden
472,,,,,,,,,,,,
472,,,,,,,,,,,,
472,Completed-Closed,Value 39,19.099531064723386,Completed,High,Closed,Org line A2,A2_3,se,M3 2nd,PROD539,Sweden
473,Accepted-In Progress,Value 242,18.996707447440503,Accepted,Low,In Progress,Org line D,D_2,us,G122 3rd,PROD618,USA
473,,,,,,,,,,,,
473,,,,,,,,,,,,
473,Completed-Closed,Value 243,19.091098256709614,Completed,Low,Closed,Org line D,D_2,us,G122 3rd,PROD618,Belgium
474,Accepted-In Progress,Value 244,18.996729769271784,Accepted,Low,In Progress,Org line C,E_10,se,G255 2nd,PROD399,Sweden
474,,,,,,,,,,,,
475,Accepted-In Progress,Value 46,18.99705046059915,Accepted,Medium,In Progress,Org line G3,,us,G199 3rd,PROD97,USA
475,,,,,,,,,,,,
475,,Value 238,,,,,,,,,,
475,Accepted-Assigned,Value 46,18.998560743936835,Accepted,Medium,Assigned,Org line G3,,us,G199 3rd,PROD97,USA
475,,,,,,,,,,,,
475,,,,,,,,,,,,
476,Accepted-In Progress,Value 46,18.997183079621,Accepted,Medium,In Progress,Org line G3,,us,G199 3rd,PROD97,USA
476,,,,,,,,,,,,
476,,Value 238,,,,,,,,,,
476,Accepted-Assigned,Value 46,18.998558819407908,Accepted,Medium,Assigned,Org line G3,,us,G199 3rd,PROD97,USA
476,,,,,,,,,,,,
476,,,,,,,,,,,,
477,Accepted-In Progress,Value 243,18.997191827744988,Accepted,Low,In Progress,Org line D,D_2,us,G122 3rd,PROD618,Belgium
477,,,,,,,,,,,,
477,,,,,,,,,,,,
478,Accepted-In Progress,Value 245,18.99852080499437,Accepted,High,In Progress,Org line C,C_5,fr,V43 3rd,PROD353,France
478,,,,,,,,,,,,
479,Accepted-In Progress,Value 246,18.998623953956546,Accepted,Medium,In Progress,Org line C,C_6,0,N30 3rd,PROD100,Sweden
479,,,,,,,,,,,,
479,,,,,,,,,,,,
480,Accepted-In Progress,Value 46,18.998645419542967,Accepted,Medium,In Progress,Org line G3,,us,G199 3rd,PROD97,USA
480,,,,,,,,,,,,
480,,Value 238,,,,,,,,,,
480,Accepted-Assigned,Value 46,18.99867002080497,Accepted,Medium,Assigned,Org line G3,,us,G199 3rd,PROD97,USA
480,,,,,,,,,,,,
480,,,,,,,,,,,,
481,Accepted-In Progress,Value 62,18.998996086036424,Accepted,Medium,In Progress,Org line C,E_4,us,G88 2nd,PROD794,Sweden
481,,,,,,,,,,,,
482,Accepted-In Progress,Value 2,18.9990468185529,Accepted,Low,In Progress,Org line C,C_4,se,G155 3rd,PROD474,Sweden
482,,,,,,,,,,,,
482,,,,,,,,,,,,
483,Accepted-In Progress,Value 46,18.999097436338612,Accepted,Medium,In Progress,Org line G3,,us,G199 3rd,PROD97,USA
483,,,,,,,,,,,,
483,,Value 238,,,,,,,,,,
483,Accepted-Assigned,Value 46,18.999103375040058,Accepted,Medium,Assigned,Org line A2,A2_2,us,G21 2nd,PROD97,USA
483,,,,,,,,,,,,
483,,,,,,,,,,,,
484,Accepted-In Progress,Value 247,18.99998823426452,Accepted,Medium,In Progress,Org line C,C_3,in,G211 3rd,PROD325,Sweden
484,,,,,,,,,,,,
484,,,,,,,,,,,,
484,Queued-Awaiting Assignment,Value 249,19.001926536132267,Queued,Medium,Awaiting Assignment,Org line C,E_4,in,G93 2nd,PROD325,INDIA
484,,,,,,,,,,,,
484,,,,,,,,,,,,
484,Accepted-In Progress,Value 250,19.10157351500739,Accepted,Medium,In Progress,Org line C,E_4,in,G93 2nd,PROD325,Sweden
484,,,,,,,,,,,,
485,Accepted-In Progress,Value 251,19.000351525096114,Accepted,Major,In Progress,Org line A2,A2_5,se,G350 2nd,PROD92,Sweden
485,,,,,,,,,,,,
485,,Value 252,,,,,,,,,,
485,Queued-Awaiting Assignment,Value 251,19.06862071439009,Queued,Major,Awaiting Assignment,Org line A2,A2_5,se,G350 2nd,PROD92,Sweden
485,,,,,,,,,,,,
485,,,,,,,,,,,,
486,Accepted-In Progress,Value 46,19.00057321486904,Accepted,Medium,In Progress,Org line G3,,us,G199 3rd,PROD98,USA
486,,,,,,,,,,,,
486,,Value 238,,,,,,,,,,
486,Accepted-Assigned,Value 46,19.00057833287732,Accepted,Medium,Assigned,Org line G3,,us,G199 3rd,PROD98,USA
486,,,,,,,,,,,,
486,,,,,,,,,,,,
487,Accepted-In Progress,Value 12,19.00084060413367,Accepted,Medium,In Progress,Org line A2,A2_1,pl,W16 3rd,PROD756,POLAND
487,,,,,,,,,,,,
487,,,,,,,,,,,,
487,Accepted-In Progress,Value 253,19.117769864846544,Accepted,Medium,In Progress,Org line A2,A2_1,pl,W16 3rd,PROD756,POLAND
487,,,,,,,,,,,,
488,Accepted-In Progress,Value 254,19.001275906321304,Accepted,Major,In Progress,Org line C,E_8,in,G119 2nd,PROD597,INDIA
488,,,,,,,,,,,,
488,,,,,,,,,,,,
488,Completed-Closed,Value 254,19.075476448662798,Completed,Major,Closed,Org line C,E_8,in,G119 2nd,PROD597,INDIA
489,Accepted-In Progress,Value 117,19.00197865792557,Accepted,Medium,In Progress,Org line C,C_1,be,G56 3rd,PROD387,Sweden
489,,,,,,,,,,,,
489,,,,,,,,,,,,
489,Accepted-In Progress,Value 117,19.067892440862448,Accepted,Medium,In Progress,Org line C,C_1,be,G56 3rd,PROD387,Sweden
489,,,,,,,,,,,,
490,Accepted-In Progress,Value 38,19.002022087882438,Accepted,Medium,In Progress,Org line A2,A2_3,se,S35 2nd,PROD680,Sweden
490,,,,,,,,,,,,
490,,,,,,,,,,,,
491,Accepted-In Progress,Value 60,19.002019146760404,Accepted,Low,In Progress,Org line G4,,se,S30 2nd,PROD412,Sweden
491,,,,,,,,,,,,
492,Accepted-In Progress,Value 216,19.002037900458724,Accepted,Low,In Progress,Org line A2,A2_1,se,M19 2nd,PROD566,Sweden
492,,,,,,,,,,,,
492,,,,,,,,,,,,
492,Accepted-Wait,Value 216,19.042685684071675,Accepted,Low,Wait,Org line A2,A2_1,se,M19 2nd,PROD566,Sweden
492,,,,,,,,,,,,
493,Accepted-In Progress,Value 255,19.002338576985967,Accepted,High,In Progress,Org line A2,D_1,pl,V14 3rd,PROD71,POLAND
493,,,,,,,,,,,,
493,,,,,,,,,,,,
493,Accepted-Assigned,Value 255,19.049186422072346,Accepted,High,Assigned,Org line A2,D_1,pl,V11 3rd,PROD71,POLAND
493,,,,,,,,,,,,
493,,,,,,,,,,,,
493,Completed-Closed,Value 255,19.119852018169745,Completed,High,Closed,Org line A2,D_1,pl,V11 3rd,PROD71,POLAND
494,Accepted-In Progress,Value 46,19.00242649924602,Accepted,Medium,In Progress,Org line G3,,us,G199 3rd,PROD97,USA
494,,,,,,,,,,,,
494,,Value 238,,,,,,,,,,
494,Accepted-Assigned,Value 46,19.002436135010974,Accepted,Medium,Assigned,Org line G3,,us,G199 3rd,PROD97,USA
494,,,,,,,,,,,,
494,,,,,,,,,,,,
495,Accepted-In Progress,Value 46,19.00243235113987,Accepted,Medium,In Progress,Org line G3,,us,G199 3rd,PROD97,USA
495,,,,,,,,,,,,
495,,Value 238,,,,,,,,,,
495,Accepted-Assigned,Value 46,19.00244149500477,Accepted,Medium,Assigned,Org line G3,,us,G199 3rd,PROD97,USA
495,,,,,,,,,,,,
495,,,,,,,,,,,,
496,Accepted-In Progress,Value 8,19.002526848615325,Accepted,Major,In Progress,Org line C,E_6,se,G48 2nd,PROD148,Sweden
496,,,,,,,,,,,,
496,,,,,,,,,,,,
496,Accepted-In Progress,Value 38,19.06199082966051,Accepted,Major,In Progress,Org line C,E_6,se,G48 2nd,PROD148,Sweden
496,,,,,,,,,,,,
496,,,,,,,,,,,,
496,Accepted-Assigned,Value 38,19.094209388370313,Accepted,Major,Assigned,Org line C,E_6,se,G48 2nd,PROD148,Sweden
496,,,,,,,,,,,,
496,,,,,,,,,,,,
497,Accepted-In Progress,Value 58,19.0028690673431,Accepted,High,In Progress,Org line G4,,se,G51 2nd,PROD54,Sweden
497,,,,,,,,,,,,
497,,,,,,,,,,,,
497,Completed-Closed,Value 116,19.06421591597129,Completed,High,Closed,Org line G4,,se,G51 2nd,PROD54,Sweden
498,Accepted-In Progress,Value 195,19.002860944183347,Accepted,Medium,In Progress,Org line A2,A2_3,se,N23 2nd,PROD554,Sweden
498,,,,,,,,,,,,
499,Accepted-In Progress,Value 207,19.00287053665587,Accepted,Medium,In Progress,Org line C,E_1,se,G99 2nd,PROD150,Sweden
499,,,,,,,,,,,,
499,,,,,,,,,,,,
499,Completed-Closed,Value 257,19.087136532567715,Completed,Medium,Closed,Org line C,E_1,se,G99 2nd,PROD150,INDIA
500,Accepted-In Progress,Value 46,19.00291798926952,Accepted,Medium,In Progress,Org line G3,,us,G199 3rd,PROD97,USA
500,,,,,,,,,,,,
500,,Value 238,,,,,,,,,,
500,Accepted-Assigned,Value 46,19.002922095317548,Accepted,Medium,Assigned,Org line G3,,us,G199 3rd,PROD97,USA
500,,,,,,,,,,,,
500,,,,,,,,,,,,
501,Accepted-In Progress,Value 46,19.002950295311592,Accepted,Medium,In Progress,Org line G3,,us,G199 3rd,PROD97,USA
501,,,,,,,,,,,,
501,,Value 238,,,,,,,,,,
501,Accepted-Assigned,Value 46,19.00295449619352,Accepted,Medium,Assigned,Org line G3,,us,G199 3rd,PROD97,USA
501,,,,,,,,,,,,
501,,,,,,,,,,,,
502,Accepted-In Progress,Value 88,19.002987147393572,Accepted,Medium,In Progress,Org line G4,,se,S30 2nd,PROD412,Sweden
502,,,,,,,,,,,,
502,,,,,,,,,,,,
502,Accepted-Assigned,Value 60,19.06760210559732,Accepted,Medium,Assigned,Org line G4,,se,S30 2nd,PROD412,Sweden
502,,,,,,,,,,,,
502,,,,,,,,,,,,
502,Accepted-In Progress,Value 88,19.06760277587606,Accepted,Medium,In Progress,Org line G4,,se,S30 2nd,PROD412,Sweden
502,,,,,,,,,,,,
503,Accepted-In Progress,Value 46,19.002991929070927,Accepted,Medium,In Progress,Org line G3,,us,G199 3rd,PROD98,USA
503,,,,,,,,,,,,
503,,Value 238,,,,,,,,,,
503,Accepted-Assigned,Value 46,19.002999878000324,Accepted,Medium,Assigned,Org line G3,,us,G199 3rd,PROD98,USA
503,,,,,,,,,,,,
503,,,,,,,,,,,,
504,Accepted-In Progress,Value 7,19.003325584525797,Accepted,Low,In Progress,Org line A2,A2_2,se,G139 3rd,PROD573,Sweden
504,,,,,,,,,,,,
504,,,,,,,,,,,,
504,Queued-Awaiting Assignment,Value 7,19.003367001641017,Queued,Low,Awaiting Assignment,Org line A2,A2_2,se,G139 3rd,PROD573,Sweden
504,,,,,,,,,,,,
504,,Value 258,,,,,,,,,,
504,Queued-Awaiting Assignment,Value 12,19.00337978883576,Queued,Low,Awaiting Assignment,Org line C,C_6,se,G144 3rd,PROD573,Sweden
504,,,,,,,,,,,,
504,,,,,,,,,,,,
504,Completed-Closed,Value 237,19.05558391397839,Completed,Low,Closed,Org line C,C_6,se,G144 3rd,PROD573,Sweden
505,Accepted-In Progress,Value 259,19.003458088689626,Accepted,Major,In Progress,Org line A2,A2_3,pl,N26 2nd,PROD791,POLAND
505,,,,,,,,,,,,
505,,,,,,,,,,,,
505,Completed-Closed,Value 259,19.06245014234524,Completed,Major,Closed,Org line A2,A2_3,pl,N26 2nd,PROD791,POLAND
506,Accepted-In Progress,Value 235,19.003454649275472,Accepted,Major,In Progress,Org line A2,A2_3,us,N5 2nd,PROD56,USA
506,,,,,,,,,,,,
506,,,,,,,,,,,,
506,Accepted-Assigned,Value 235,19.0302532860747,Accepted,Major,Assigned,Org line A2,A2_3,us,N5 2nd,PROD56,USA
506,,,,,,,,,,,,
507,Accepted-In Progress,Value 243,19.005381017511677,Accepted,High,In Progress,Org line D,D_2,us,G122 3rd,PROD618,Belgium
507,,,,,,,,,,,,
507,,,,,,,,,,,,
507,Completed-Closed,Value 243,19.091098461307585,Completed,High,Closed,Org line D,D_2,us,G122 3rd,PROD618,Belgium
508,Accepted-In Progress,Value 207,19.0059259933031,Accepted,Medium,In Progress,Org line C,E_1,se,G99 2nd,PROD153,Sweden
508,,,,,,,,,,,,
508,,,,,,,,,,,,
508,Completed-Closed,Value 260,19.05461996001288,Completed,Medium,Closed,Org line C,E_1,se,G99 2nd,PROD153,France
509,Accepted-In Progress,Value 195,19.006352089810512,Accepted,Medium,In Progress,Org line A2,A2_3,se,N23 2nd,PROD76,Sweden
509,,,,,,,,,,,,
509,,,,,,,,,,,,
510,Accepted-In Progress,Value 201,19.0066490065627,Accepted,High,In Progress,Org line A2,A2_1,pl,D4,PROD791,INDIA
510,,,,,,,,,,,,
510,,,,,,,,,,,,
510,Accepted-Assigned,Value 160,19.016339310642547,Accepted,High,Assigned,Org line A2,A2_3,pl,N26 2nd,PROD791,POLAND
510,,,,,,,,,,,,
510,,,,,,,,,,,,
510,Completed-Closed,Value 160,19.06202665375819,Completed,High,Closed,Org line A2,A2_3,pl,N26 2nd,PROD791,POLAND
511,Accepted-In Progress,Value 244,19.006784131827168,Accepted,High,In Progress,Org line C,E_10,se,G255 2nd,PROD462,Sweden
511,,,,,,,,,,,,
511,,,,,,,,,,,,
512,Accepted-In Progress,Value 244,19.006804026200292,Accepted,Low,In Progress,Org line C,E_10,se,G255 2nd,PROD462,Sweden
512,,,,,,,,,,,,
513,Accepted-In Progress,Value 254,19.006823063214462,Accepted,Medium,In Progress,Org line C,E_8,in,G119 2nd,PROD597,INDIA
513,,,,,,,,,,,,
514,Accepted-In Progress,Value 72,19.006857374555686,Accepted,Medium,In Progress,Org line A2,A2_2,pl,G21 2nd,PROD604,Sweden
514,,,,,,,,,,,,
514,,,,,,,,,,,,
514,Queued-Awaiting Assignment,Value 223,19.012923620732995,Queued,Medium,Awaiting Assignment,Org line A2,D_1,pl,G197 2nd,PROD604,POLAND
514,,Value 261,,,,,,,,,,
514,,,,,,,,,,,,
514,Accepted-In Progress,Value 262,19.02207484521798,Accepted,Medium,In Progress,Org line A2,D_1,pl,V18 3rd,PROD604,Sweden
514,,,,,,,,,,,,
514,,,,,,,,,,,,
514,Queued-Awaiting Assignment,Value 223,19.02255002612325,Queued,Medium,Awaiting Assignment,Org line A2,D_1,pl,G197 2nd,PROD604,POLAND
514,,,,,,,,,,,,
514,,,,,,,,,,,,
514,Accepted-Wait,Value 223,19.064742233679176,Accepted,Medium,Wait,Org line A2,D_1,pl,G197 2nd,PROD604,POLAND
514,,,,,,,,,,,,
515,Accepted-In Progress,Value 46,19.00719121152765,Accepted,Medium,In Progress,Org line G3,,us,G199 3rd,PROD98,USA
515,,,,,,,,,,,,
515,,Value 238,,,,,,,,,,
515,Accepted-Assigned,Value 46,19.007388043215585,Accepted,Medium,Assigned,Org line A2,A2_2,us,G21 2nd,PROD98,USA
515,,,,,,,,,,,,
515,,,,,,,,,,,,
516,Accepted-In Progress,Value 207,19.007212093497973,Accepted,Medium,In Progress,Org line C,E_1,se,G99 2nd,PROD150,Sweden
516,,,,,,,,,,,,
516,,,,,,,,,,,,
516,Completed-Closed,Value 207,19.087537695161632,Completed,Medium,Closed,Org line C,E_1,se,L1 2nd,PROD150,Sweden
517,Accepted-In Progress,Value 46,19.007257710798076,Accepted,Medium,In Progress,Org line G3,,us,G199 3rd,PROD97,USA
517,,,,,,,,,,,,
517,,Value 238,,,,,,,,,,
517,Accepted-Assigned,Value 46,19.00726150982821,Accepted,Medium,Assigned,Org line G3,,us,G199 3rd,PROD97,USA
517,,,,,,,,,,,,
517,,,,,,,,,,,,
518,Accepted-In Progress,Value 46,19.0073802403231,Accepted,Medium,In Progress,Org line G3,,us,G199 3rd,PROD97,USA
518,,,,,,,,,,,,
518,,Value 238,,,,,,,,,,
518,Accepted-Assigned,Value 46,19.007385012163372,Accepted,Medium,Assigned,Org line G3,,us,G199 3rd,PROD97,USA
518,,,,,,,,,,,,
518,,,,,,,,,,,,
519,Accepted-In Progress,Value 263,19.008765070104534,Accepted,Medium,In Progress,Org line C,C_3,gb,G94 3rd,PROD348,Sweden
519,,,,,,,,,,,,
519,,,,,,,,,,,,
520,Queued-Awaiting Assignment,Value 217,19.00868445751994,Queued,Medium,Awaiting Assignment,Org line C,E_5,us,G92,PROD348,INDIA
520,,Value 264,,,,,,,,,,
520,,,,,,,,,,,,
520,Accepted-In Progress,Value 265,19.012471631244807,Accepted,Medium,In Progress,Org line C,E_4,us,G88 2nd,PROD348,INDIA
520,,,,,,,,,,,,
520,,,,,,,,,,,,
520,Accepted-Wait,Value 265,19.055124908977344,Accepted,Medium,Wait,Org line C,E_4,us,G88 2nd,PROD348,INDIA
520,,,,,,,,,,,,
520,,,,,,,,,,,,
521,Accepted-In Progress,Value 266,19.00872775273985,Accepted,Medium,In Progress,Org line C,E_1,se,G294 2nd,PROD306,USA
521,,,,,,,,,,,,
521,,,,,,,,,,,,
522,Accepted-In Progress,Value 58,19.00900845690603,Accepted,Major,In Progress,Org line G4,,in,G51 2nd,PROD597,Sweden
522,,,,,,,,,,,,
522,,,,,,,,,,,,
522,Queued-Awaiting Assignment,Value 58,19.019252479224463,Queued,Major,Awaiting Assignment,Org line G4,,in,G51 2nd,PROD597,Sweden
522,,,,,,,,,,,,
522,,,,,,,,,,,,
522,Accepted-Assigned,Value 57,19.061585695818458,Accepted,Major,Assigned,Org line C,C_1,in,G56 3rd,PROD597,Sweden
522,,,,,,,,,,,,
522,,,,,,,,,,,,
522,Accepted-In Progress,Value 254,19.117695949050745,Accepted,Major,In Progress,Org line C,E_8,in,G119 2nd,PROD597,INDIA
522,,,,,,,,,,,,
522,,,,,,,,,,,,
523,Accepted-In Progress,Value 150,19.009103406565057,Accepted,High,In Progress,Org line C,E_4,fr,G88 2nd,PROD348,USA
523,,,,,,,,,,,,
523,,Value 268,,,,,,,,,,
523,Queued-Awaiting Assignment,Value 150,19.009474157468546,Queued,High,Awaiting Assignment,Org line C,E_4,fr,G88 2nd,PROD348,USA
523,,Value 269,,,,,,,,,,
523,,,,,,,,,,,,
523,Completed-Closed,Value 118,19.074701429320378,Completed,High,Closed,Org line C,,fr,V34 2nd,PROD348,France
524,Accepted-In Progress,Value 270,19.009191835283175,Accepted,Low,In Progress,Org line C,E_4,us,G88 2nd,PROD348,Sweden
524,,,,,,,,,,,,
525,Accepted-In Progress,Value 164,19.00958108848305,Accepted,Low,In Progress,Org line G4,,se,S33 2nd,PROD374,Sweden
525,,,,,,,,,,,,
526,Accepted-In Progress,Value 68,19.009623451490736,Accepted,Medium,In Progress,Org line C,E_7,se,G153 2nd,PROD153,Sweden
526,,,,,,,,,,,,
526,,,,,,,,,,,,
526,Accepted-In Progress,Value 271,19.012915202737926,Accepted,Medium,In Progress,Org line C,E_7,se,G153 2nd,PROD153,INDIA
526,,,,,,,,,,,,
527,Accepted-In Progress,Value 272,19.009605405535012,Accepted,Low,In Progress,Org line V2,,se,T10 2nd,PROD615,Sweden
527,,,,,,,,,,,,
527,,,,,,,,,,,,
527,Completed-Closed,Value 191,19.076831758418464,Completed,Low,Closed,Org line V2,,se,T10 2nd,PROD615,Sweden
528,Accepted-In Progress,Value 77,19.009613607273586,Accepted,High,In Progress,Org line C,E_1,be,G55 2nd,PROD745,Belgium
528,,,,,,,,,,,,
528,,,,,,,,,,,,
528,Accepted-Assigned,Value 119,19.010547355376346,Accepted,High,Assigned,Org line C,E_1,be,G55 2nd,PROD745,Sweden
528,,,,,,,,,,,,
528,,,,,,,,,,,,
528,Completed-Closed,Value 273,19.080958061152828,Completed,High,Closed,Org line C,E_1,be,G55 2nd,PROD745,Sweden
529,Accepted-In Progress,Value 274,19.00967065133449,Accepted,Medium,In Progress,Org line C,E_4,us,G88 2nd,PROD498,INDIA
529,,,,,,,,,,,,
530,Accepted-In Progress,Value 46,19.009784224805006,Accepted,Medium,In Progress,Org line G3,,us,G199 3rd,PROD97,USA
530,,,,,,,,,,,,
530,,Value 238,,,,,,,,,,
530,Accepted-Assigned,Value 46,19.009787209756215,Accepted,Medium,Assigned,Org line G3,,us,G199 3rd,PROD97,USA
530,,,,,,,,,,,,
530,,,,,,,,,,,,
531,Accepted-In Progress,Value 275,19.010126587212063,Accepted,Low,In Progress,Org line C,C_6,fr,G286 3rd,PROD646,France
531,,,,,,,,,,,,
531,,,,,,,,,,,,
532,Accepted-In Progress,Value 46,19.010224519786068,Accepted,Medium,In Progress,Org line G3,,us,G199 3rd,PROD97,USA
532,,,,,,,,,,,,
532,,,,,,,,,,,,
532,Accepted-Assigned,Value 46,19.010268863038878,Accepted,Medium,Assigned,Org line G3,,us,G199 3rd,PROD97,USA
532,,,,,,,,,,,,
532,,,,,,,,,,,,
533,Accepted-In Progress,Value 276,19.010436430170166,Accepted,Medium,In Progress,Org line C,E_4,us,G88 2nd,PROD793,INDIA
533,,,,,,,,,,,,
533,,,,,,,,,,,,
534,Accepted-In Progress,Value 46,19.010537492529817,Accepted,Medium,In Progress,Org line G3,,us,G199 3rd,PROD96,USA
534,,,,,,,,,,,,
534,,Value 238,,,,,,,,,,
534,Accepted-Assigned,Value 46,19.010540713627545,Accepted,Medium,Assigned,Org line G3,,us,G199 3rd,PROD96,USA
534,,,,,,,,,,,,
534,,,,,,,,,,,,
535,Accepted-In Progress,Value 104,19.010593097975672,Accepted,Medium,In Progress,Org line C,E_8,in,G186 2nd,PROD474,Sweden
535,,,,,,,,,,,,
535,,,,,,,,,,,,
535,Accepted-Wait,Value 277,19.01582505817934,Accepted,Medium,Wait,Org line C,E_8,in,G186 2nd,PROD474,INDIA
535,,,,,,,,,,,,
535,,Value 278,,,,,,,,,,
535,Queued-Awaiting Assignment,Value 156,19.062337552811567,Queued,Medium,Awaiting Assignment,Org line C,E_8,in,G181 2nd,PROD474,INDIA
535,,,,,,,,,,,,
535,,,,,,,,,,,,
535,Accepted-Assigned,Value 279,19.07771056975717,Accepted,Medium,Assigned,Org line C,E_8,in,G186 2nd,PROD474,INDIA
535,,,,,,,,,,,,
535,,,,,,,,,,G188 2nd,,
535,Accepted-In Progress,Value 199,19.09375201017663,Accepted,Medium,In Progress,Org line C,E_8,in,G186 2nd,PROD474,INDIA
535,,,,,,,,,,,,
535,,,,,,,,,,,,
536,Accepted-In Progress,Value 254,19.01059412357051,Accepted,Medium,In Progress,Org line C,E_8,se,G119 2nd,PROD597,INDIA
536,,,,,,,,,,,,
536,,,,,,,,,,,,
536,Accepted-Assigned,Value 280,19.02246857787831,Accepted,Medium,Assigned,Org line C,C_5,se,G120 3rd,PROD597,France
536,,,,,,,,,,,,
536,,,,,,,,,,,,
537,Accepted-In Progress,Value 228,19.010667303976486,Accepted,Medium,In Progress,Org line V2,,se,T2 2nd,PROD615,Sweden
537,,,,,,,,,,,,
537,,,,,,,,,,,,
538,Accepted-In Progress,Value 133,19.010772084381774,Accepted,Medium,In Progress,Org line G4,,se,S33 2nd,PROD374,Sweden
538,,,,,,,,,,,,
539,Accepted-In Progress,Value 281,19.012055464078575,Accepted,Low,In Progress,Org line A2,A2_3,se,S35 2nd,PROD680,Sweden
539,,,,,,,,,,,,
539,,,,,,,,,,,,
539,Completed-Closed,Value 63,19.05834500272189,Completed,Low,Closed,Org line A2,A2_3,se,S35 2nd,PROD680,Sweden
540,Accepted-In Progress,Value 132,19.012081226697344,Accepted,Medium,In Progress,Org line G4,,se,S33 2nd,PROD374,Sweden
540,,,,,,,,,,,,
541,Accepted-In Progress,Value 46,19.012113531441216,Accepted,Medium,In Progress,Org line G3,,us,G199 3rd,PROD97,USA
541,,,,,,,,,,,,
541,,Value 238,,,,,,,,,,
541,Accepted-Assigned,Value 46,19.01213411160944,Accepted,Medium,Assigned,Org line G3,,us,G199 3rd,PROD97,USA
541,,,,,,,,,,,,
541,,,,,,,,,,,,
542,Accepted-In Progress,Value 46,19.01213939219756,Accepted,Medium,In Progress,Org line G3,,us,G199 3rd,PROD97,USA
542,,,,,,,,,,,,
542,,Value 238,,,,,,,,,,
542,Accepted-Assigned,Value 46,19.012144966121433,Accepted,Medium,Assigned,Org line G3,,us,G199 3rd,PROD97,USA
542,,,,,,,,,,,,
542,,,,,,,,,,,,
543,Accepted-In Progress,Value 282,19.012224669280787,Accepted,High,In Progress,Org line A2,A2_3,se,S3 2nd,PROD412,Brazil
543,,,,,,,,,,,,
543,,,,,,,,,,,,
543,Queued-Awaiting Assignment,Value 129,19.04826877604515,Queued,High,Awaiting Assignment,Org line A2,A2_3,se,S21 2nd,PROD412,Sweden
543,,,,,,,,,,,,
543,,,,,,,,,,,,
543,Accepted-In Progress,Value 60,19.077397678381974,Accepted,High,In Progress,Org line G4,,se,S30 2nd,PROD412,Sweden
543,,,,,,,,,,,,
544,Accepted-In Progress,Value 101,19.01259063554897,Accepted,Medium,In Progress,Org line G4,,se,S28 2nd,PROD633,Sweden
544,,,,,,,,,,,,
545,Accepted-In Progress,Value 101,19.012982942912352,Accepted,Medium,In Progress,Org line G4,,se,S28 2nd,PROD633,Sweden
545,,,,,,,,,,,,
546,Accepted-In Progress,Value 77,19.01304858809901,Accepted,Medium,In Progress,Org line C,E_7,se,G153 2nd,PROD671,Sweden
546,,,,,,,,,,,,
547,Accepted-In Progress,Value 150,19.013092054233706,Accepted,Major,In Progress,Org line C,E_4,us,G88 2nd,PROD17,USA
547,,,,,,,,,,,,
547,,,,,,,,,,,,
547,Accepted-In Progress,Value 284,19.059120212894097,Accepted,Major,In Progress,Org line C,E_4,us,G88 2nd,PROD17,INDIA
547,,,,,,,,,,,,
548,Accepted-In Progress,Value 285,19.013262350282556,Accepted,Medium,In Progress,Org line C,E_10,se,G138 2nd,PROD802,Sweden
548,,,,,,,,,,,,
548,,,,,,,,,,,,
548,Queued-Awaiting Assignment,Value 44,19.01342437499484,Queued,Medium,Awaiting Assignment,Org line C,C_6,se,G273 3rd,PROD802,Sweden
548,,,,,,,,,,,,
548,,,,,,,,,,,,
548,Queued-Awaiting Assignment,Value 229,19.02255473160002,Queued,Medium,Awaiting Assignment,Org line C,E_10,se,G271 2nd,PROD802,Sweden
548,,,,,,,,,,,,
548,,,,,,,,,,,,
548,Accepted-In Progress,Value 7,19.022555547798046,Accepted,Medium,In Progress,Org line C,E_10,se,G143 2nd,PROD802,Sweden
548,,,,,,,,,,,,
548,,,,,,,,,,,,
548,Accepted-In Progress,Value 286,19.0337388295129,Accepted,Medium,In Progress,Org line C,E_10,se,G138 2nd,PROD802,Sweden
548,,,,,,,,,,,,
548,,,,,,,,,,,,
549,Accepted-In Progress,Value 287,19.013439168040872,Accepted,Medium,In Progress,Org line C,E_2,se,G57 2nd,PROD327,Sweden
549,,,,,,,,,,,,
550,Accepted-In Progress,Value 60,19.013523372568617,Accepted,Medium,In Progress,Org line G4,,se,S30 2nd,PROD408,Sweden
550,,,,,,,,,,,,
550,,,,,,,,,,,,
551,Accepted-In Progress,Value 46,19.01396551652185,Accepted,Medium,In Progress,Org line G3,,us,G199 3rd,PROD96,USA
551,,,,,,,,,,,,
551,,Value 238,,,,,,,,,,
551,Accepted-Assigned,Value 46,19.013969975263034,Accepted,Medium,Assigned,Org line G3,,us,G199 3rd,PROD96,USA
551,,,,,,,,,,,,
551,,,,,,,,,,,,
552,Accepted-In Progress,Value 11,19.015280309364865,Accepted,Major,In Progress,Org line C,V3_2,se,S25,PROD535,Sweden
552,,,,,,,,,,,,
553,Accepted-In Progress,Value 271,19.015292514740842,Accepted,Low,In Progress,Org line C,E_7,se,G153 2nd,PROD673,INDIA
553,,,,,,,,,,,,
553,,,,,,,,,,,,
554,Accepted-In Progress,Value 138,19.015354984952054,Accepted,High,In Progress,Org line A2,A2_4,se,G105 2nd,PROD337,Sweden
554,,,,,,,,,,,,
554,,,,,,,,,,,,
555,Accepted-In Progress,Value 68,19.015835299165715,Accepted,Low,In Progress,Org line A2,A2_2,pl,J3 2nd,PROD355,POLAND
555,,,,,,,,,,,,
555,,,,,,,,,,,,
555,Accepted-Wait,Value 288,19.016350334570678,Accepted,Low,Wait,Org line A2,A2_2,pl,J3 2nd,PROD355,POLAND
555,,,,,,,,,,,,
556,Accepted-In Progress,Value 15,19.01591249198231,Accepted,High,In Progress,Org line G4,,se,S28 2nd,PROD633,Sweden
556,,,,,,,,,,,,
557,Accepted-In Progress,Value 289,19.015915993586887,Accepted,High,In Progress,Org line G4,,se,S33 2nd,PROD448,Sweden
557,,,,,,,,,,,,
557,,,,,,,,,,,,
558,Accepted-In Progress,Value 29,19.015942070505233,Accepted,Low,In Progress,Org line A2,A2_1,gb,G42 3rd,PROD235,United Kingdom
558,,,,,,,,,,,,
558,,,,,,,,,,,,
558,Accepted-Wait,Value 143,19.022989818562525,Accepted,Low,Wait,Org line A2,A2_1,gb,G42 3rd,PROD235,United Kingdom
558,,,,,,,,,,,,
559,Accepted-In Progress,Value 128,19.015944684225254,Accepted,Low,In Progress,Org line C,E_10,se,G240 2nd,PROD412,Sweden
559,,,,,,,,,,,,
560,Accepted-In Progress,Value 150,19.015956335598702,Accepted,Medium,In Progress,Org line C,C_6,fr,G248 3rd,PROD585,USA
560,,,,,,,,,,,,
560,,,,,,,,,,,,
560,Accepted-In Progress,Value 150,19.068865850845825,Accepted,Medium,In Progress,Org line C,C_6,fr,G270 3rd,PROD585,USA
560,,,,,,,,,,,,
561,Accepted-In Progress,Value 290,19.016084089269423,Accepted,Medium,In Progress,Org line C,E_4,in,G93 2nd,PROD701,Brazil
561,,,,,,,,,,,,
561,,,,,,,,,,,,
561,Accepted-In Progress,Value 213,19.05928185083274,Accepted,Medium,In Progress,Org line C,E_4,in,G93 2nd,PROD701,POLAND
561,,,,,,,,,,,,
562,Accepted-In Progress,Value 164,19.016310901419626,Accepted,Medium,In Progress,Org line A2,A2_4,se,G105 2nd,PROD163,Sweden
562,,,,,,,,,,,,
562,,,,,,,,,,,,
562,Accepted-Wait,Value 93,19.10958737106121,Accepted,Medium,Wait,Org line A2,A2_4,se,G105 2nd,PROD163,Sweden
562,,,,,,,,,,,,
562,,,,,,,,,,,,
563,Accepted-In Progress,Value 291,19.0163192688299,Accepted,High,In Progress,Org line A2,A2_3,se,S21 2nd,PROD290,Sweden
563,,,,,,,,,,,,
563,,,,,,,,,,,,
564,Accepted-In Progress,Value 292,19.01634380290793,Accepted,High,In Progress,Org line C,E_4,us,G88 2nd,PROD197,INDIA
564,,,,,,,,,,,,
564,,,,,,,,,,,,
564,Accepted-In Progress,Value 292,19.062016580170578,Accepted,High,In Progress,Org line C,E_4,us,G88 2nd,PROD197,INDIA
564,,,,,,,,,,,,
564,,,,,,,,,,,,
564,Accepted-In Progress,Value 150,19.080543332477884,Accepted,High,In Progress,Org line C,E_4,us,G88 2nd,PROD197,USA
564,,,,,,,,,,,,
564,,,,,,,,,,,,
564,Queued-Awaiting Assignment,Value 217,19.083964591005827,Queued,High,Awaiting Assignment,Org line C,E_5,us,G92,PROD197,INDIA
564,,,,,,,,,,,,
564,,,,,,,,,,,,
564,Completed-Closed,Value 294,19.086680566999398,Completed,High,Closed,Org line C,E_4,us,G88 2nd,PROD197,Sweden
565,Accepted-In Progress,Value 295,19.016601322042575,Accepted,High,In Progress,Org line C,E_8,in,G183 2nd,PROD476,France
565,,,,,,,,,,,,
565,,,,,,,,,,,,
565,Accepted-Wait,Value 186,19.019225378276285,Accepted,High,Wait,Org line C,E_8,in,G181 2nd,PROD476,INDIA
565,,,,,,,,,,,,
565,,,,,,,,,,,,
565,Completed-Closed,Value 187,19.058717982297456,Completed,High,Closed,Org line C,E_8,in,G181 2nd,PROD476,INDIA
566,Accepted-In Progress,Value 77,19.016883973330046,Accepted,Medium,In Progress,Org line G4,,se,M19 2nd,PROD286,Sweden
566,,,,,,,,,,,,
567,Accepted-In Progress,Value 77,19.01688511919995,Accepted,Medium,In Progress,Org line G4,,se,M19 2nd,PROD286,Sweden
567,,,,,,,,,,,,
568,Accepted-In Progress,Value 295,19.01694237796917,Accepted,Medium,In Progress,Org line C,E_8,in,G183 2nd,PROD476,France
568,,,,,,,,,,,,
568,,,,,,,,,,,,
568,Accepted-Wait,Value 186,19.019227395346398,Accepted,Medium,Wait,Org line C,E_8,in,G181 2nd,PROD476,INDIA
568,,,,,,,,,,,,
568,,,,,,,,,,,,
568,Accepted-In Progress,Value 214,19.09325691468587,Accepted,Medium,In Progress,Org line C,E_8,in,G181 2nd,PROD476,Sweden
568,,,,,,,,,,,,
569,Accepted-In Progress,Value 103,19.01726065139718,Accepted,Medium,In Progress,Org line C,C_6,se,G141 3rd,PROD660,Sweden
569,,,,,,,,,,,,
569,,,,,,,,,,,,
569,Accepted-In Progress,Value 106,19.071893467685257,Accepted,Medium,In Progress,Org line C,C_6,se,G141 3rd,PROD660,Sweden
569,,,,,,,,,,,,
569,,,,,,,,,,,,
570,Accepted-In Progress,Value 68,19.017245309004934,Accepted,Medium,In Progress,Org line V2,,se,T10 2nd,PROD615,Sweden
570,,,,,,,,,,,,
571,Accepted-In Progress,Value 296,19.017362210335225,Accepted,Medium,In Progress,Org line A2,A2_4,se,G105 2nd,PROD337,Sweden
571,,,,,,,,,,,,
572,Accepted-In Progress,Value 296,19.017366136361566,Accepted,Medium,In Progress,Org line A2,A2_4,se,G105 2nd,PROD337,Sweden
572,,,,,,,,,,,,
573,Accepted-In Progress,Value 297,19.017373151410926,Accepted,Medium,In Progress,Org line A2,A2_4,se,G105 2nd,PROD337,Sweden
573,,,,,,,,,,,,
574,Accepted-In Progress,Value 297,19.018779192527525,Accepted,Medium,In Progress,Org line A2,A2_4,se,G105 2nd,PROD337,Sweden
574,,,,,,,,,,,,
575,Accepted-In Progress,Value 281,19.018781117022453,Accepted,High,In Progress,Org line C,E_8,in,G186 2nd,PROD474,Sweden
575,,,,,,,,,,,,
575,,,,,,,,,,,,
576,Accepted-In Progress,Value 165,19.018852128295563,Accepted,High,In Progress,Org line C,V3_3,us,N22 2nd,PROD671,USA
576,,,,,,,,,,,,
576,,,,,,,,,,,,
576,Accepted-In Progress,Value 165,19.019225878422116,Accepted,High,In Progress,Org line C,V3_3,us,N22 2nd,PROD671,USA
576,,,,,,,,,,,,
576,,,,,,,,,,,,
577,Accepted-In Progress,Value 298,19.019175505336026,Accepted,Low,In Progress,Org line G4,,se,S33 2nd,PROD397,Sweden
577,,,,,,,,,,,,
578,Accepted-In Progress,Value 126,19.01925494141171,Accepted,Medium,In Progress,Org line A2,A2_3,se,U6 2nd,PROD802,Sweden
578,,,,,,,,,,,,
578,,,,,,,,,,,,
578,Accepted-In Progress,Value 126,19.038529805953697,Accepted,Medium,In Progress,Org line A2,A2_3,se,U6 2nd,PROD802,Sweden
578,,,,,,,,,,,,
578,,,,,,,,,,,,
578,Completed-Closed,Value 13,19.070648533723986,Completed,Medium,Closed,Org line A2,A2_3,se,U5 2nd,PROD802,Sweden
579,Accepted-In Progress,Value 118,19.019264795595973,Accepted,High,In Progress,Org line C,C_6,fr,G225 3rd,PROD804,France
579,,,,,,,,,,,,
580,Accepted-In Progress,Value 13,19.019708413580386,Accepted,Medium,In Progress,Org line A2,D_1,se,L38 3rd,PROD607,Sweden
580,,,,,,,,,,,,
581,Accepted-In Progress,Value 55,19.019617877340107,Accepted,High,In Progress,Org line C,V3_3,us,V42 2nd,PROD794,France
581,,,,,,,,,,,,
581,,,,,,,,,,,,
581,Queued-Awaiting Assignment,Value 150,19.037241955427866,Queued,High,Awaiting Assignment,Org line C,E_4,us,G88 2nd,PROD794,USA
581,,,,,,,,,,,,
581,,,,,,,,,,,,
582,Queued-Awaiting Assignment,Value 300,19.019703134355986,Queued,Medium,Awaiting Assignment,Org line A2,D_1,fr,V21 2nd,PROD603,France
582,,,,,,,,,,,,
582,,,,,,,,,,,,
582,Accepted-In Progress,Value 300,19.019719422404048,Accepted,Medium,In Progress,Org line A2,D_1,fr,V44 3rd,PROD603,France
582,,,,,,,,,,,,
582,,,,,,,,,,,,
583,Queued-Awaiting Assignment,Value 150,19.019841901125787,Queued,High,Awaiting Assignment,Org line C,E_4,us,G88 2nd,PROD348,USA
583,,,,,,,,,,,,
583,,,,,,,,,,,,
583,Accepted-In Progress,Value 299,19.030619349515067,Accepted,High,In Progress,Org line C,E_4,us,G88 2nd,PROD348,INDIA
583,,,,,,,,,,,,
584,Accepted-In Progress,Value 133,19.019844411296575,Accepted,High,In Progress,Org line G4,,se,S33 2nd,PROD374,Sweden
584,,,,,,,,,,,,
585,Accepted-In Progress,Value 164,19.020175226326096,Accepted,Medium,In Progress,Org line G4,,se,S33 2nd,PROD374,Sweden
585,,,,,,,,,,,,
586,Accepted-In Progress,Value 46,19.02024483193387,Accepted,Medium,In Progress,Org line G3,,us,G199 3rd,PROD97,USA
586,,,,,,,,,,,,
586,,,,,,,,,,,,
586,Accepted-Assigned,Value 46,19.02024742894136,Accepted,Medium,Assigned,Org line G3,,us,G199 3rd,PROD97,USA
586,,,,,,,,,,,,
586,,,,,,,,,,,,
587,Accepted-In Progress,Value 69,19.0204767131757,Accepted,Medium,In Progress,Org line B,E_10,in,G230 2nd,PROD424,INDIA
587,,,,,,,,,,,,
587,,,,,,,,,,,,
587,Completed-Closed,Value 71,19.08668234974363,Completed,Medium,Closed,Org line B,E_10,in,G230 2nd,PROD424,INDIA
588,Accepted-In Progress,Value 69,19.020479457790046,Accepted,Medium,In Progress,Org line B,E_10,in,G230 2nd,PROD321,INDIA
588,,,,,,,,,,,,
588,,,,,,,,,,,,
588,Completed-Closed,Value 71,19.061990039757077,Completed,Medium,Closed,Org line B,E_10,in,G230 2nd,PROD321,INDIA
589,Accepted-In Progress,Value 244,19.020636975052227,Accepted,Medium,In Progress,Org line C,E_10,se,G255 2nd,PROD399,Sweden
589,,,,,,,,,,,,
590,Accepted-In Progress,Value 62,19.020686895897565,Accepted,Low,In Progress,Org line A2,A2_3,se,S35 2nd,PROD551,Sweden
590,,,,,,,,,,,,
590,,,,,,,,,,,,
590,Accepted-Wait,Value 62,19.042741731412836,Accepted,Low,Wait,Org line A2,A2_3,se,S35 2nd,PROD551,Sweden
590,,,,,,,,,,,,
590,,,,,,,,,,,,
591,Accepted-In Progress,Value 301,19.021422083529917,Accepted,Low,In Progress,Org line B,E_10,in,G238 2nd,PROD209,INDIA
591,,,,,,,,,,,,
592,Accepted-In Progress,Value 132,19.02151858168954,Accepted,Medium,In Progress,Org line G4,,se,S33 2nd,PROD374,Sweden
592,,,,,,,,,,,,
593,Accepted-In Progress,Value 207,19.021222542940993,Accepted,Medium,In Progress,Org line C,E_1,se,G99 2nd,PROD153,Sweden
593,,,,,,,,,,,,
593,,,,,,,,,,,,
593,Completed-Closed,Value 237,19.06201913412163,Completed,Medium,Closed,Org line C,E_1,se,G99 2nd,PROD153,USA
594,Accepted-In Progress,Value 29,19.021963075732987,Accepted,Medium,In Progress,Org line A2,A2_1,gb,G42 3rd,PROD236,United Kingdom
594,,,,,,,,,,,,
594,,,,,,,,,,,,
594,Completed-Closed,Value 143,19.109564328289633,Completed,Medium,Closed,Org line A2,A2_1,gb,G42 3rd,PROD236,United Kingdom
595,Accepted-In Progress,Value 57,19.02199274439669,Accepted,Medium,In Progress,Org line C,C_1,be,G56 3rd,PROD795,Sweden
595,,,,,,,,,,,,
595,,,,,,,,,,,,
595,Completed-Closed,Value 57,19.057927565460066,Completed,Medium,Closed,Org line C,C_1,be,G56 3rd,PROD795,Sweden
596,Accepted-In Progress,Value 77,19.022085142969406,Accepted,Medium,In Progress,Org line G4,,se,M19 2nd,PROD286,Sweden
596,,,,,,,,,,,,
597,Accepted-In Progress,Value 302,19.02213659725515,Accepted,High,In Progress,Org line V5,,de,V19 2nd,PROD637,Germany
597,,,,,,,,,,,,
598,Accepted-Wait,Value 303,19.022347373808564,Accepted,Medium,Wait,Org line C,E_4,in,G88 2nd,PROD794,INDIA
598,,,,,,,,,,,,
598,,,,,,,,,,,,
598,Queued-Awaiting Assignment,Value 150,19.08404660061466,Queued,Medium,Awaiting Assignment,Org line C,E_4,in,G88 2nd,PROD794,USA
598,,,,,,,,,,,,
598,,,,,,,,,,,,
598,Completed-Closed,Value 303,19.093380171867516,Completed,Medium,Closed,Org line C,E_5,in,G92,PROD794,INDIA
599,Accepted-Wait,Value 304,19.022535460368534,Accepted,Low,Wait,Org line A2,A2_3,se,S35 2nd,PROD551,Sweden
599,,,,,,,,,,,,
599,,,,,,,,,,,,
599,Completed-Closed,Value 304,19.08094103031138,Completed,Low,Closed,Org line A2,A2_3,se,S35 2nd,PROD551,Sweden
600,Accepted-In Progress,Value 273,19.022558796150026,Accepted,Medium,In Progress,Org line C,E_4,us,G88 2nd,PROD348,Sweden
600,,,,,,,,,,,,
601,Accepted-In Progress,Value 77,19.022562389592878,Accepted,Medium,In Progress,Org line G4,,se,M19 2nd,PROD286,Sweden
601,,,,,,,,,,,,
602,Accepted-In Progress,Value 8,19.022561321421428,Accepted,Medium,In Progress,Org line A2,A2_4,se,G105 2nd,PROD337,Sweden
602,,,,,,,,,,,,
603,Queued-Awaiting Assignment,Value 69,19.022944332894223,Queued,Medium,Awaiting Assignment,Org line B,E_10,in,G230 2nd,PROD424,INDIA
603,,,,,,,,,,,,
603,,,,,,,,,,,,
603,Accepted-In Progress,Value 71,19.053168961481223,Accepted,Medium,In Progress,Org line B,E_10,in,G230 2nd,PROD424,INDIA
603,,,,,,,,,,,,
604,Accepted-Wait,Value 20,19.022933145961083,Accepted,Medium,Wait,Org line C,E_6,se,G334 2nd,PROD289,Sweden
604,,,,,,,,,,,,
605,Accepted-In Progress,Value 60,19.023073031118706,Accepted,Medium,In Progress,Org line G4,,se,S30 2nd,PROD412,Sweden
605,,,,,,,,,,,,
605,,,,,,,,,,,,
605,Accepted-In Progress,Value 134,19.091097325788322,Accepted,Medium,In Progress,Org line G4,,se,S30 2nd,PROD412,Sweden
605,,,,,,,,,,,,
606,Accepted-In Progress,Value 114,19.0233919812928,Accepted,Medium,In Progress,Org line G4,,se,S30 2nd,PROD408,Sweden
606,,,,,,,,,,,,
606,,,,,,,,,,,,
606,Completed-Closed,Value 114,19.09115372680143,Completed,Medium,Closed,Org line G4,,se,S30 2nd,PROD408,Sweden
607,Accepted-In Progress,Value 4,19.02341117582063,Accepted,Medium,In Progress,Org line C,V3_2,se,M11,PROD512,Sweden
607,,,,,,,,,,,,
608,Accepted-In Progress,Value 305,19.02340680276272,Accepted,Medium,In Progress,Org line A2,A2_2,pl,G171 2nd,PROD686,Belgium
608,,,,,,,,,,,,
608,,,,,,,,,,,,
608,Accepted-In Progress,Value 213,19.079932277991606,Accepted,Medium,In Progress,Org line A2,A2_2,pl,G171 2nd,PROD686,POLAND
608,,,,,,,,,,,,
609,Accepted-In Progress,Value 44,19.023434288673883,Accepted,Medium,In Progress,Org line C,C_6,se,G273 3rd,PROD802,Sweden
609,,,,,,,,,,,,
609,,,,,,,,,,,,
609,Accepted-Wait,Value 204,19.023905558338257,Accepted,Medium,Wait,Org line C,C_6,se,G273 3rd,PROD802,Sweden
609,,,,,,,,,,,,
610,Accepted-In Progress,Value 103,19.023506305621492,Accepted,Medium,In Progress,Org line C,C_6,se,G141 3rd,PROD660,Sweden
610,,,,,,,,,,,,
610,,,,,,,,,,,,
610,Accepted-In Progress,Value 306,19.025818509648527,Accepted,Medium,In Progress,Org line C,C_6,se,G250 3rd,PROD660,Sweden
610,,,,,,,,,,,,
610,,,,,,,,,,,,
611,Accepted-In Progress,Value 2,19.02350793646427,Accepted,Medium,In Progress,Org line C,C_6,se,G250 3rd,PROD660,Sweden
611,,,,,,,,,,,,
611,,,,,,,,,,,,
612,Queued-Awaiting Assignment,Value 98,19.023540279139105,Queued,High,Awaiting Assignment,Org line A2,A2_3,se,G361 2nd,PROD234,Sweden
612,,,,,,,,,,,,
612,,,,,,,,,,,,
613,Accepted-In Progress,Value 111,19.02358488404606,Accepted,Major,In Progress,Org line A2,A2_5,us,N30 2nd,PROD487,USA
613,,,,,,,,,,,,
614,Accepted-In Progress,Value 307,19.02395626262333,Accepted,Medium,In Progress,Org line C,E_4,us,G88 2nd,PROD774,INDIA
614,,,,,,,,,,,,
614,,,,,,,,,,,,
614,Accepted-Wait,Value 307,19.049162712683145,Accepted,Medium,Wait,Org line C,E_4,us,G88 2nd,PROD774,INDIA
614,,,,,,,,,,,,
614,,,,,,,,,,,,
614,Completed-Closed,Value 299,19.084933708284552,Completed,Medium,Closed,Org line C,E_4,us,G88 2nd,PROD774,INDIA
615,Accepted-In Progress,Value 46,19.023893413872816,Accepted,Medium,In Progress,Org line G3,,us,G199 3rd,PROD96,USA
615,,,,,,,,,,,,
615,,,,,,,,,,,,
615,Completed-Closed,Value 43,19.055147894189183,Completed,Medium,Closed,Org line G3,,us,G199 3rd,PROD96,POLAND
616,Accepted-In Progress,Value 308,19.023995296989906,Accepted,High,In Progress,Org line C,E_7,in,G157 2nd,PROD424,USA
616,,,,,,,,,,,,
616,,,,,,,,,,,,
616,Accepted-Wait,Value 308,19.04334585007002,Accepted,High,Wait,Org line C,E_7,in,G165 2nd,PROD424,USA
616,,,,,,,,,,,,
617,Accepted-In Progress,Value 309,19.02400044420509,Accepted,Major,In Progress,Org line C,C_1,se,G100 3rd,PROD153,Sweden
617,,,,,,,,,,,,
618,Accepted-In Progress,Value 256,19.02530990765608,Accepted,Medium,In Progress,Org line A2,D_1,pl,V11 3rd,PROD74,POLAND
618,,,,,,,,,,,,
618,,,,,,,,,,,,
618,Completed-Closed,Value 256,19.061963440711352,Completed,Medium,Closed,Org line A2,D_1,pl,V11 3rd,PROD74,POLAND
619,Accepted-In Progress,Value 150,19.025483291859484,Accepted,Medium,In Progress,Org line C,E_7,se,G135 2nd,PROD806,Sweden
619,,,,,,,,,,,,
619,,,,,,,,,,,,
620,Accepted-In Progress,Value 285,19.025596722019788,Accepted,Low,In Progress,Org line C,E_10,se,G138 2nd,PROD802,Sweden
620,,,,,,,,,,,,
620,,,,,,,,,,,,
620,Queued-Awaiting Assignment,Value 44,19.03374020540911,Queued,Low,Awaiting Assignment,Org line C,C_6,se,R4 3rd,PROD802,Sweden
620,,,,,,,,,,,,
620,,,,,,,,,,,,
621,Accepted-In Progress,Value 94,19.02563369914237,Accepted,Low,In Progress,Org line F,,se,S1 2nd,PROD813,Sweden
621,,,,,,,,,,,,
621,,,,,,,,,,,,
621,Accepted-Assigned,Value 123,19.02575962736111,Accepted,Low,Assigned,Org line F,,se,S1 2nd,PROD813,Sweden
621,,,,,,,,,,,,
621,,,,,,,,,,,,
622,Accepted-In Progress,Value 94,19.02563541389527,Accepted,Low,In Progress,Org line F,,se,S1 2nd,PROD812,Sweden
622,,,,,,,,,,,,
622,,,,,,,,,,,,
622,Accepted-Assigned,Value 123,19.025786218734407,Accepted,Low,Assigned,Org line F,,se,S1 2nd,PROD812,Sweden
622,,,,,,,,,,,,
623,Accepted-In Progress,Value 4,19.025768227317926,Accepted,Low,In Progress,Org line C,V3_2,se,M11,PROD512,Sweden
623,,,,,,,,,,,,
624,Accepted-In Progress,Value 227,19.025870476502227,Accepted,Medium,In Progress,Org line A2,A2_1,se,N16 2nd,PROD753,Sweden
624,,,,,,,,,,,,
624,,,,,,,,,,,,
624,Completed-Closed,Value 167,19.057908916409307,Completed,Medium,Closed,Org line A2,A2_1,se,N16 2nd,PROD753,Sweden
625,Accepted-In Progress,Value 46,19.025899953032813,Accepted,Medium,In Progress,Org line G3,,us,G199 3rd,PROD96,USA
625,,,,,,,,,,,,
625,,,,,,,,,,,,
625,Completed-Closed,Value 43,19.067427744553978,Completed,Medium,Closed,Org line G3,,us,G199 3rd,PROD96,POLAND
626,Queued-Awaiting Assignment,Value 150,19.025921834659197,Queued,High,Awaiting Assignment,Org line C,E_4,us,G88 2nd,PROD793,USA
626,,,,,,,,,,,,
626,,,,,,,,,,,,
626,Completed-Closed,Value 150,19.05663091110388,Completed,High,Closed,Org line C,E_4,us,G88 2nd,PROD793,USA
627,Accepted-In Progress,Value 311,19.026252004561922,Accepted,High,In Progress,Org line G4,,se,S30 2nd,PROD412,Sweden
627,,,,,,,,,,,,
627,,,,,,,,,,,,
627,Completed-Closed,Value 60,19.067451239557467,Completed,High,Closed,Org line G4,,se,S30 2nd,PROD412,Sweden
628,Accepted-In Progress,Value 285,19.026284034853884,Accepted,Medium,In Progress,Org line C,E_10,se,G145 2nd,PROD104,Sweden
628,,,,,,,,,,,,
628,,,,,,,,,,,,
628,Queued-Awaiting Assignment,Value 77,19.032867122185493,Queued,Medium,Awaiting Assignment,Org line C,E_10,se,G140 2nd,PROD104,Sweden
628,,,,,,,,,,,,
628,,,,,,,,,,,,
628,Accepted-In Progress,Value 103,19.033304444619663,Accepted,Medium,In Progress,Org line C,C_6,se,G141 3rd,PROD104,Sweden
628,,,,,,,,,,,,
628,,,,,,,,,,,,
628,Queued-Awaiting Assignment,Value 113,19.033407031585746,Queued,Medium,Awaiting Assignment,Org line C,C_6,se,G141 3rd,PROD104,Sweden
628,,,,,,,,,,,,
628,,Value 312,,,,,,,,,,
628,Queued-Awaiting Assignment,Value 113,19.042267114047693,Queued,Medium,Awaiting Assignment,Org line C,C_6,se,G141 3rd,PROD104,Sweden
628,,Value 312,,,,,,,,,,
628,,Value 312,,,,,,,,,,
629,Accepted-In Progress,Value 309,19.026333958367992,Accepted,Medium,In Progress,Org line C,C_1,se,G100 3rd,PROD153,Sweden
629,,,,,,,,,,,,
629,,,,,,,,,,,,
629,Completed-Closed,Value 309,19.055107156715128,Completed,Medium,Closed,Org line C,C_1,se,G100 3rd,PROD153,Sweden
630,Accepted-In Progress,Value 296,19.026467508433807,Accepted,Medium,In Progress,Org line A2,A2_4,se,G105 2nd,PROD337,Sweden
630,,,,,,,,,,,,
631,Accepted-In Progress,Value 313,19.02665861868894,Accepted,Medium,In Progress,Org line A2,A2_4,in,G31 3rd,PROD194,Sweden
631,,,,,,,,,,,,
631,,,,,,,,,,,,
631,Completed-Closed,Value 313,19.077683110327804,Completed,Medium,Closed,Org line A2,A2_4,in,G31 3rd,PROD194,Sweden
632,Accepted-In Progress,Value 314,19.026738913600155,Accepted,Low,In Progress,Org line C,,fr,N18 2nd,PROD696,USA
632,,,,,,,,,,,,
632,,Value 315,,,,,,,,M16 3rd,,
632,Queued-Awaiting Assignment,Value 148,19.04273826344056,Queued,Low,Awaiting Assignment,Org line C,E_6,fr,W12 2nd,PROD696,France
632,,,,,,,,,,,,
632,,,,,,,,,,,,
633,Accepted-In Progress,Value 77,19.026743670321746,Accepted,Low,In Progress,Org line C,C_1,be,G56 3rd,PROD394,Belgium
633,,,,,,,,,,,,
634,Accepted-In Progress,Value 43,19.02680942204275,Accepted,Medium,In Progress,Org line G3,,us,G199 3rd,PROD97,POLAND
634,,,,,,,,,,,,
635,Accepted-In Progress,Value 39,19.02691476088141,Accepted,High,In Progress,Org line C,E_7,se,G157 2nd,PROD677,Sweden
635,,,,,,,,,,,,
635,,,,,,,,,,,,
635,Accepted-In Progress,Value 177,19.084504679824907,Accepted,High,In Progress,Org line C,E_7,se,G136 2nd,PROD677,Sweden
635,,,,,,,,,,,,
636,Accepted-In Progress,Value 256,19.02718792582595,Accepted,High,In Progress,Org line A2,A2_2,pl,L60 2nd,PROD229,POLAND
636,,,,,,,,,,,,
636,,,,,,,,,,,,
636,Completed-Closed,Value 256,19.072311574399663,Completed,High,Closed,Org line A2,A2_2,pl,L60 2nd,PROD229,POLAND
637,Accepted-In Progress,Value 256,19.02718825842962,Accepted,High,In Progress,Org line A2,A2_2,pl,L60 2nd,PROD229,POLAND
637,,,,,,,,,,,,
637,,,,,,,,,,,,
637,Completed-Closed,Value 256,19.072310485101305,Completed,High,Closed,Org line A2,A2_2,pl,L60 2nd,PROD229,POLAND
638,Accepted-Wait,Value 20,19.027188967256752,Accepted,Medium,Wait,Org line A2,A2_2,se,G357 2nd,PROD233,Sweden
638,,,,,,,,,,,,
638,,,,,,,,,,,,
638,Accepted-Wait,Value 40,19.055078046140686,Accepted,Medium,Wait,Org line A2,A2_2,se,G357 2nd,PROD233,POLAND
638,,,,,,,,,,,,
639,Accepted-Wait,Value 256,19.027189294407563,Accepted,High,Wait,Org line A2,A2_2,pl,L60 2nd,PROD229,POLAND
639,,,,,,,,,,,,
640,Accepted-Wait,Value 256,19.027189741513503,Accepted,Low,Wait,Org line A2,A2_4,pl,W11 2nd,PROD555,POLAND
640,,,,,,,,,,,,
640,,,,,,,,,,,,
641,Accepted-Wait,Value 256,19.027190106831622,Accepted,Medium,Wait,Org line A2,A2_4,pl,W11 2nd,PROD370,POLAND
641,,,,,,,,,,,,
642,Accepted-In Progress,Value 251,19.027222881321556,Accepted,Low,In Progress,Org line G1,E_6,se,G358 2nd,PROD380,Sweden
642,,,,,,,,,,,,
642,,,,,,,,,,,,
643,Accepted-Wait,Value 213,19.02733615795634,Accepted,Medium,Wait,Org line A2,A2_3,pl,N26 2nd,PROD791,POLAND
643,,,,,,,,,,,,
644,Accepted-In Progress,Value 229,19.028136367086635,Accepted,High,In Progress,Org line C,E_10,se,G271 2nd,PROD802,Sweden
644,,,,,,,,,,,,
644,,,,,,,,,,,,
644,Queued-Awaiting Assignment,Value 44,19.028599573350583,Queued,High,Awaiting Assignment,Org line C,C_6,se,G273 3rd,PROD802,Sweden
644,,,,,,,,,,,,
644,,,,,,,,,,,,
644,Accepted-In Progress,Value 128,19.028660804017534,Accepted,High,In Progress,Org line C,C_6,se,R4 3rd,PROD802,Sweden
644,,,,,,,,,,,,
644,,,,,,,,,,,,
644,Accepted-Assigned,Value 39,19.029608649611678,Accepted,High,Assigned,Org line C,E_10,se,R6 2nd,PROD802,Sweden
644,,,,,,,,,,,,
644,,,,,,,,,,,,
644,Accepted-In Progress,Value 317,19.0427065303989,Accepted,High,In Progress,Org line C,E_5,se,G81,PROD802,INDIA
644,,,,,,,,,,,,
644,,,,,,,,,,,,
644,Accepted-Assigned,Value 318,19.042707867168897,Accepted,High,Assigned,Org line C,E_10,se,G271 2nd,PROD802,Sweden
644,,,,,,,,,,,,
644,,,,,,,,,,,,
644,Completed-Closed,Value 76,19.063987694967157,Completed,High,Closed,Org line C,C_6,se,G273 3rd,PROD802,Sweden
645,Accepted-In Progress,Value 319,19.02856445358991,Accepted,Medium,In Progress,Org line C,E_4,us,G88 2nd,PROD348,INDIA
645,,,,,,,,,,,,
645,,,,,,,,,,,,
645,Accepted-Assigned,Value 319,19.029193552932856,Accepted,Medium,Assigned,Org line C,E_4,us,G88 2nd,PROD348,INDIA
645,,,,,,,,,,,,
645,,,,,,,,,,,,
646,Accepted-In Progress,Value 2,19.02859589263973,Accepted,Medium,In Progress,Org line V2,,se,T3 2nd,PROD61,Sweden
646,,,,,,,,,,,,
647,Accepted-In Progress,Value 43,19.028641797104356,Accepted,Medium,In Progress,Org line G3,,us,G199 3rd,PROD97,POLAND
647,,,,,,,,,,,,
648,Accepted-In Progress,Value 267,19.028664533489753,Accepted,High,In Progress,Org line C,E_8,in,G119 2nd,PROD597,INDIA
648,,,,,,,,,,,,
649,Accepted-In Progress,Value 320,19.029077335469193,Accepted,High,In Progress,Org line C,C_5,se,G120 3rd,PROD597,Sweden
649,,,,,,,,,,,,
650,Accepted-In Progress,Value 320,19.029077836154027,Accepted,High,In Progress,Org line C,C_5,se,G120 3rd,PROD597,Sweden
650,,,,,,,,,,,,
651,Accepted-In Progress,Value 320,19.029078282416382,Accepted,Low,In Progress,Org line C,C_5,se,G120 3rd,PROD597,Sweden
651,,,,,,,,,,,,
652,Accepted-In Progress,Value 321,19.029145535142494,Accepted,Medium,In Progress,Org line C,E_4,us,G88 2nd,PROD348,INDIA
652,,,,,,,,,,,,
652,,,,,,,,,,,,
653,Accepted-In Progress,Value 300,19.029167471026128,Accepted,Medium,In Progress,Org line A2,D_1,fr,V21 2nd,PROD603,France
653,,,,,,,,,,,,
653,,,,,,,,,,,,
653,Queued-Awaiting Assignment,Value 300,19.029168064175316,Queued,Medium,Awaiting Assignment,Org line A2,D_1,fr,V21 2nd,PROD603,France
653,,,,,,,,,,,,
653,,,,,,,,,,,,
653,Completed-Closed,Value 300,19.06833175218998,Completed,Medium,Closed,Org line A2,D_1,fr,V21 2nd,PROD603,France
654,Accepted-In Progress,Value 300,19.029182577174765,Accepted,Medium,In Progress,Org line A2,D_1,fr,V21 2nd,PROD596,France
654,,,,,,,,,,,,
655,Accepted-In Progress,Value 13,19.029279842029187,Accepted,High,In Progress,Org line C,,in,G163 3rd,PROD671,Sweden
655,,,,,,,,,,,,
655,,,,,,,,,,,,
655,Queued-Awaiting Assignment,Value 83,19.03046781534214,Queued,High,Awaiting Assignment,Org line C,,in,G163 3rd,PROD671,Sweden
655,,,,,,,,,,,,
655,,,,,,,,,,,,
655,Accepted-In Progress,Value 83,19.055674214352795,Accepted,High,In Progress,Org line C,E_7,in,G162 2nd,PROD671,Sweden
655,,,,,,,,,,,,
656,Accepted-Assigned,Value 17,19.02958765898971,Accepted,Medium,Assigned,Org line A2,D_1,in,L50 3rd,PROD611,Sweden
656,,,,,,,,,,,,
656,,,,,,,,,,,,
657,Accepted-In Progress,Value 20,19.029552693585952,Accepted,High,In Progress,Org line C,E_8,in,G186 2nd,PROD476,Sweden
657,,,,,,,,,,,,
657,,,,,,,,,,,,
658,Accepted-In Progress,Value 160,19.02959976713483,Accepted,Medium,In Progress,Org line A2,A2_3,pl,N26 2nd,PROD791,POLAND
658,,,,,,,,,,,,
658,,,,,,,,,,,,
658,Accepted-Assigned,Value 323,19.05966314820592,Accepted,Medium,Assigned,Org line A2,A2_3,pl,N26 2nd,PROD791,POLAND
658,,,,,,,,,,,,
658,,,,,,,,,,,,
658,Completed-Closed,Value 323,19.100305193128108,Completed,Medium,Closed,Org line A2,A2_3,pl,N26 2nd,PROD791,POLAND
659,Accepted-In Progress,Value 28,19.0296541431919,Accepted,High,In Progress,Org line A2,A2_1,gb,G42 3rd,PROD236,United Kingdom
659,,,,,,,,,,,,
660,Accepted-In Progress,Value 324,19.030071212622246,Accepted,Low,In Progress,Org line C,E_2,se,G57 2nd,PROD329,Sweden
660,,,,,,,,,,,,
660,,,,,,,,,,,,
661,Accepted-In Progress,Value 217,19.030407418077633,Accepted,Medium,In Progress,Org line C,E_5,in,G92,PROD423,INDIA
661,,,,,,,,,,,,
661,,,,,,,,,,,,
661,Queued-Awaiting Assignment,Value 217,19.039819785067447,Queued,Medium,Awaiting Assignment,Org line C,E_5,in,G92,PROD423,INDIA
661,,,,,,,,,,,,
661,,,,,,,,,,,,
661,Completed-Closed,Value 303,19.08003644953659,Completed,Medium,Closed,Org line C,E_5,in,G92,PROD423,INDIA
662,Accepted-In Progress,Value 45,19.030622256616464,Accepted,High,In Progress,Org line C,C_6,se,G268 3rd,PROD802,Sweden
662,,,,,,,,,,,,
662,,,,,,,,,,,,
663,Accepted-In Progress,Value 254,19.031745009948015,Accepted,High,In Progress,Org line C,E_8,in,G119 2nd,PROD597,INDIA
663,,,,,,,,,,,,
663,,,,,,,,,,,,
663,Accepted-In Progress,Value 254,19.075499344889543,Accepted,High,In Progress,Org line C,E_8,in,G119 2nd,PROD597,INDIA
663,,,,,,,,,,,,
664,Accepted-In Progress,Value 254,19.031907079659447,Accepted,Medium,In Progress,Org line C,E_8,in,G119 2nd,PROD597,INDIA
664,,,,,,,,,,,,
664,,,,,,,,,,,,
664,Completed-Closed,Value 325,19.055648511983485,Completed,Medium,Closed,Org line C,E_8,in,G119 2nd,PROD597,INDIA
665,Accepted-In Progress,Value 65,19.031953271935247,Accepted,High,In Progress,Org line C,E_1,se,L1 2nd,PROD153,Sweden
665,,,,,,,,,,,,
665,,Value 326,,,,,,,,,,
665,Accepted-Assigned,Value 77,19.087142515120714,Accepted,High,Assigned,Org line C,E_1,se,G99 2nd,PROD153,Sweden
665,,,,,,,,,,,,
665,,,,,,,,,,,,
666,Accepted-In Progress,Value 149,19.032004367484117,Accepted,High,In Progress,Org line C,E_6,se,V29 2nd,PROD412,France
666,,,,,,,,,,,,
666,,,,,,,,,,,,
666,Accepted-In Progress,Value 48,19.045422400146123,Accepted,High,In Progress,Org line G4,,se,S30 2nd,PROD412,Sweden
666,,,,,,,,,,,,
667,Accepted-In Progress,Value 76,19.032371721658315,Accepted,Major,In Progress,Org line G4,,se,S33 2nd,PROD659,Sweden
667,,,,,,,,,,,,
667,,,,,,,,,,,,
668,Accepted-In Progress,Value 211,19.032465883567923,Accepted,Low,In Progress,Org line G4,,se,S33 2nd,PROD448,Sweden
668,,,,,,,,,,,,
669,Accepted-Wait,Value 30,19.03249252500593,Accepted,High,Wait,Org line A2,A2_1,gb,G42 3rd,PROD236,United Kingdom
669,,,,,,,,,,,,
670,Accepted-In Progress,Value 254,19.032533635604302,Accepted,High,In Progress,Org line C,E_8,in,G119 2nd,PROD597,INDIA
670,,,,,,,,,,,,
670,,,,,,,,,,,,
670,Completed-Closed,Value 327,19.117799706533212,Completed,High,Closed,Org line C,E_8,in,G119 2nd,PROD597,INDIA
671,Queued-Awaiting Assignment,Value 25,19.032604631472037,Queued,Medium,Awaiting Assignment,Org line A2,D_1,kr,V17 3rd,PROD594,POLAND
671,,,,,,,,,,,,
671,,,,,,,,,,,,
671,Accepted-Wait,Value 328,19.035255720950776,Accepted,Medium,Wait,Org line A2,D_1,kr,V14 3rd,PROD594,POLAND
671,,Value 329,,,,,,,,V12 3rd,,
671,,Value 329,,,,,,,,V12 3rd,,
672,Accepted-In Progress,Value 20,19.032857796917835,Accepted,High,In Progress,Org line C,E_3,us,G67 2nd,PROD151,Sweden
672,,,,,,,,,,,,
672,,,,,,,,,,,,
672,Completed-Closed,Value 20,19.059731056413682,Completed,High,Closed,Org line C,E_3,us,G67 2nd,PROD151,Sweden
673,Accepted-In Progress,Value 254,19.032990890611877,Accepted,Low,In Progress,Org line C,E_8,in,G119 2nd,PROD597,INDIA
673,,,,,,,,,,,,
673,,,,,,,,,,,,
673,Completed-Closed,Value 325,19.055631171785073,Completed,Low,Closed,Org line C,E_8,in,G119 2nd,PROD597,INDIA
674,Accepted-In Progress,Value 330,19.033312421755458,Accepted,Medium,In Progress,Org line C,C_2,be,G58 3rd,PROD330,Belgium
674,,,,,,,,,,,,
674,,,,,,,,,,,,
674,Completed-Closed,Value 330,19.080905975627722,Completed,Medium,Closed,Org line C,C_2,be,G58 3rd,PROD330,Belgium
675,Accepted-In Progress,Value 309,19.033757669376012,Accepted,Low,In Progress,Org line C,C_1,se,G100 3rd,PROD153,Sweden
675,,,,,,,,,,,,
675,,,,,,,,,,,,
676,Accepted-In Progress,Value 300,19.033825929759992,Accepted,Medium,In Progress,Org line A2,D_1,fr,V21 2nd,PROD596,France
676,,,,,,,,,,,,
677,Accepted-In Progress,Value 300,19.03382645515513,Accepted,Low,In Progress,Org line A2,D_1,fr,V21 2nd,PROD596,France
677,,,,,,,,,,,,
678,Accepted-In Progress,Value 76,19.03381249146682,Accepted,High,In Progress,Org line G4,,se,S33 2nd,PROD448,Sweden
678,,,,,,,,,,,,
678,,,,,,,,,,,,
679,Accepted-In Progress,Value 42,19.03383308485975,Accepted,Major,In Progress,Org line G1,E_6,se,G358 2nd,PROD152,Sweden
679,,,,,,,,,,,,
679,,,,,,,,,,,,
679,Completed-Closed,Value 42,19.08713512550713,Completed,Major,Closed,Org line G1,E_6,se,G358 2nd,PROD152,Sweden
680,Accepted-In Progress,Value 237,19.033870343632053,Accepted,Medium,In Progress,Org line A2,A2_1,se,N15 2nd,PROD180,Sweden
680,,,,,,,,,,,,
681,Accepted-In Progress,Value 331,19.03381863919691,Accepted,High,In Progress,Org line C,E_7,in,G165 2nd,PROD671,France
681,,,,,,,,,,,,
681,,,,,,,,,,,,
681,Completed-Closed,Value 331,19.074672519626397,Completed,High,Closed,Org line C,E_7,in,G165 2nd,PROD671,France
682,Accepted-In Progress,Value 229,19.03446194322448,Accepted,High,In Progress,Org line C,E_10,se,G271 2nd,PROD802,Sweden
682,,,,,,,,,,,,
682,,,,,,,,,,,,
682,Queued-Awaiting Assignment,Value 44,19.035154140268734,Queued,High,Awaiting Assignment,Org line C,C_6,se,G273 3rd,PROD802,Sweden
682,,,,,,,,,,,,
682,,,,,,,,,,,,
682,Completed-Closed,Value 333,19.067905622591933,Completed,High,Closed,Org line C,C_6,se,G273 3rd,PROD802,Sweden
683,Accepted-In Progress,Value 133,19.035182387008476,Accepted,Medium,In Progress,Org line G4,,se,S33 2nd,PROD374,Sweden
683,,,,,,,,,,,,
683,,,,,,,,,,,,
683,Completed-Closed,Value 133,19.071665349523798,Completed,Medium,Closed,Org line G4,,se,S33 2nd,PROD374,Sweden
684,Accepted-In Progress,Value 334,19.03530824352793,Accepted,Medium,In Progress,Org line C,C_6,in,G239 3rd,PROD671,INDIA
684,,,,,,,,,,,,
684,,,,,,,,,,,,
684,Queued-Awaiting Assignment,Value 335,19.07722958632621,Queued,Medium,Awaiting Assignment,Org line C,C_6,in,G239 3rd,PROD671,France
684,,,,,,,,,,,,
684,,,,,,,,,,,,
684,Accepted-In Progress,Value 334,19.079992312041902,Accepted,Medium,In Progress,Org line C,E_7,in,G165 2nd,PROD671,INDIA
684,,,,,,,,,,,,
685,Accepted-In Progress,Value 310,19.035316318271192,Accepted,Medium,In Progress,Org line C,E_4,us,G88 2nd,PROD436,USA
685,,,,,,,,,,,,
686,Accepted-In Progress,Value 156,19.035481919956947,Accepted,Medium,In Progress,Org line C,E_8,in,G181 2nd,PROD474,INDIA
686,,,,,,,,,,,,
686,,,,,,,,,,,,
686,Accepted-Wait,Value 338,19.03903024302532,Accepted,Medium,Wait,Org line C,E_8,in,G186 2nd,PROD474,INDIA
686,,,,,,,,,,,,
687,Accepted-In Progress,Value 339,19.03560998801404,Accepted,Medium,In Progress,Org line C,E_4,us,G88 2nd,PROD219,INDIA
687,,,,,,,,,,,,
688,Accepted-In Progress,Value 207,19.035945866370202,Accepted,Medium,In Progress,Org line C,E_1,se,G99 2nd,PROD153,Sweden
688,,,,,,,,,,,,
688,,,,,,,,,,,,
688,Completed-Closed,Value 340,19.08711993528909,Completed,Medium,Closed,Org line C,E_1,se,G99 2nd,PROD153,INDIA
689,Accepted-In Progress,Value 207,19.035948049978035,Accepted,Medium,In Progress,Org line C,E_1,se,G99 2nd,PROD153,Sweden
689,,,,,,,,,,,,
689,,,,,,,,,,,,
689,Completed-Closed,Value 207,19.087537469301058,Completed,Medium,Closed,Org line C,C_1,se,G100 3rd,PROD153,Sweden
690,Accepted-In Progress,Value 341,19.036068476133927,Accepted,Medium,In Progress,Org line C,E_4,us,G88 2nd,PROD794,Sweden
690,,,,,,,,,,,,
691,Accepted-In Progress,Value 342,19.036222438566227,Accepted,Medium,In Progress,Org line A2,A2_3,pl,N26 2nd,PROD791,POLAND
691,,,,,,,,,,,,
692,Accepted-In Progress,Value 108,19.036544358570648,Accepted,High,In Progress,Org line C,C_6,se,G290 3rd,PROD154,Sweden
692,,,,,,,,,,,,
692,,,,,,,,,,,,
693,Accepted-In Progress,Value 219,19.036613525483784,Accepted,Low,In Progress,Org line C,C_1,us,G14 3rd,PROD398,France
693,,,,,,,,,,,,
694,Accepted-In Progress,Value 150,19.036652695439585,Accepted,Medium,In Progress,Org line C,E_4,in,G88 2nd,PROD565,USA
694,,,,,,,,,,,,
694,,,,,,,,,,,,
694,Queued-Awaiting Assignment,Value 307,19.062703815812053,Queued,Medium,Awaiting Assignment,Org line C,E_4,in,G87 2nd,PROD565,INDIA
694,,,,,,,,,,,,
694,,,,,,,,,,,,
694,Accepted-In Progress,Value 343,19.08758446260156,Accepted,Medium,In Progress,Org line C,E_4,in,G87 2nd,PROD565,Sweden
694,,,,,,,,,,,,
695,Accepted-In Progress,Value 150,19.03667196658114,Accepted,Medium,In Progress,Org line C,E_4,us,G88 2nd,PROD348,USA
695,,,,,,,,,,,,
695,,,,,,,,,,,,
695,Accepted-Assigned,Value 150,19.03667608217479,Accepted,Medium,Assigned,Org line C,E_4,us,G88 2nd,PROD348,USA
695,,,,,,,,,,,,
695,,,,,,,,,,,,
695,Completed-Closed,Value 319,19.089261429093835,Completed,Medium,Closed,Org line C,E_4,us,G88 2nd,PROD348,INDIA
696,Accepted-In Progress,Value 104,19.036737619621984,Accepted,Medium,In Progress,Org line C,E_8,in,G186 2nd,PROD473,Sweden
696,,,,,,,,,,,,
696,,,,,,,,,,,,
696,Completed-Closed,Value 104,19.07471170869899,Completed,Medium,Closed,Org line C,E_8,in,G186 2nd,PROD473,Sweden
697,Accepted-In Progress,Value 4,19.03710807668674,Accepted,Low,In Progress,Org line A2,A2_2,se,G167 2nd,PROD681,Sweden
697,,,,,,,,,,,,
697,,,,,,,,,,,,
697,Completed-Closed,Value 4,19.104673555847175,Completed,Low,Closed,Org line A2,A2_2,se,G167 2nd,PROD681,Sweden
698,Accepted-In Progress,Value 285,19.03708529932168,Accepted,Medium,In Progress,Org line C,E_10,se,G138 2nd,PROD659,Sweden
698,,,,,,,,,,,,
698,,,,,,,,,,G80,,
698,Queued-Awaiting Assignment,Value 285,19.037088047317635,Queued,Medium,Awaiting Assignment,Org line C,E_10,se,G138 2nd,PROD659,Sweden
698,,,,,,,,,,,,
698,,,,,,,,,,,,
699,Accepted-In Progress,Value 200,19.03712340347209,Accepted,Medium,In Progress,Org line C,C_6,se,G237 3rd,PROD208,Sweden
699,,,,,,,,,,,,
699,,,,,,,,,,,,
699,Queued-Awaiting Assignment,Value 200,19.03995914759528,Queued,Medium,Awaiting Assignment,Org line C,C_6,se,G237 3rd,PROD208,Sweden
699,,,,,,,,,,,,
699,,,,,,,,,,,,
699,Accepted-In Progress,Value 344,19.039959642861294,Accepted,Medium,In Progress,Org line C,C_6,se,G237 3rd,PROD208,Sweden
699,,,,,,,,,,,,
700,Accepted-In Progress,Value 345,19.03715811056543,Accepted,High,In Progress,Org line C,C_6,se,G268 3rd,PROD805,Sweden
700,,,,,,,,,,,,
701,Accepted-In Progress,Value 133,19.03717561211456,Accepted,Medium,In Progress,Org line G4,,se,S33 2nd,PROD374,Sweden
701,,,,,,,,,,,,
701,,,,,,,,,,,,
702,Accepted-In Progress,Value 150,19.038444597131043,Accepted,Medium,In Progress,Org line C,E_4,us,G88 2nd,PROD793,USA
702,,,,,,,,,,,,
702,,,,,,,,,,,,
702,Accepted-Wait,Value 150,19.071315522892018,Accepted,Medium,Wait,Org line C,E_4,us,G88 2nd,PROD793,USA
702,,,,,,,,,,,,
702,,,,,,,,,,,,
702,Completed-Closed,Value 294,19.08668540660314,Completed,Medium,Closed,Org line C,E_4,us,G88 2nd,PROD793,Sweden
703,Accepted-In Progress,Value 346,19.03846188208918,Accepted,Major,In Progress,Org line A2,A2_5,se,G350 2nd,PROD92,China
703,,,,,,,,,,,,
703,,,,,,,,,,,,
704,Accepted-In Progress,Value 123,19.038529536402276,Accepted,Low,In Progress,Org line C,C_6,se,G269 3rd,PROD209,Sweden
704,,,,,,,,,,,,
704,,,,,,,,,,,,
704,Accepted-Assigned,Value 347,19.049226457393683,Accepted,Low,Assigned,Org line C,C_6,se,G269 3rd,PROD209,Sweden
704,,,,,,,,,,,,
704,,,,,,,,,,,,
704,Completed-Closed,Value 347,19.07366610265512,Completed,Low,Closed,Org line C,C_6,se,G269 3rd,PROD209,Sweden
705,Accepted-In Progress,Value 349,19.038810003095687,Accepted,Medium,In Progress,Org line C,E_4,in,G93 2nd,PROD325,INDIA
705,,,,,,,,,,,,
705,,,,,,,,,,,,
705,Completed-Closed,Value 349,19.061975763461557,Completed,Medium,Closed,Org line C,E_4,in,G93 2nd,PROD325,INDIA
705,,,,,,,,,,,,
705,,,,,,,,,,,,
706,Accepted-In Progress,Value 151,19.03928555802303,Accepted,High,In Progress,Org line A2,A2_1,se,T17 2nd,PROD350,Sweden
706,,,,,,,,,,,,
706,,,,,,,,,,,,
706,Accepted-Wait,Value 151,19.045051063621962,Accepted,High,Wait,Org line A2,A2_1,se,J2 2nd,PROD350,Sweden
706,,,,,,,,,,,,
707,Accepted-In Progress,Value 119,19.039297635503072,Accepted,Medium,In Progress,Org line A2,A2_1,cn,N19 2nd,PROD38,Sweden
707,,,,,,,,,,,,
707,,,,,,,,,,,,
707,Queued-Awaiting Assignment,Value 350,19.03936698391871,Queued,Medium,Awaiting Assignment,Org line B,A2_1,cn,D1,PROD38,China
707,,,,,,,,,,,,
707,,,,,,,,,,,,
708,Accepted-In Progress,Value 151,19.0393472098218,Accepted,Medium,In Progress,Org line A2,A2_1,se,T17 2nd,PROD350,Sweden
708,,,,,,,,,,,,
708,,,,,,,,,,,,
708,Accepted-Wait,Value 151,19.045050801178625,Accepted,Medium,Wait,Org line A2,A2_1,se,J2 2nd,PROD350,Sweden
708,,,,,,,,,,,,
709,Accepted-In Progress,Value 352,19.03936858371278,Accepted,Medium,In Progress,Org line C,E_6,fr,T8 2nd,PROD637,France
709,,,,,,,,,,,,
709,,,,,,,,,,,,
709,Accepted-In Progress,Value 353,19.045875673891604,Accepted,Medium,In Progress,Org line A2,A2_4,fr,W6 2nd,PROD637,France
709,,,,,,,,,,,,
710,Accepted-In Progress,Value 322,19.039376410277843,Accepted,Medium,In Progress,Org line A2,D_1,in,L50 3rd,PROD611,Sweden
710,,,,,,,,,,,,
710,,,,,,,,,,,,
710,Completed-Closed,Value 322,19.080029565787914,Completed,Medium,Closed,Org line A2,D_1,in,L50 3rd,PROD611,Sweden
711,Accepted-In Progress,Value 321,19.039388508206276,Accepted,Medium,In Progress,Org line C,E_4,us,G88 2nd,PROD701,INDIA
711,,,,,,,,,,,,
711,,,,,,,,,,,,
712,Accepted-In Progress,Value 13,19.03950828919029,Accepted,Medium,In Progress,Org line A2,A2_3,se,U5 2nd,PROD372,Sweden
712,,,,,,,,,,,,
712,,,,,,,,,,,,
713,Accepted-In Progress,Value 354,19.03949491088481,Accepted,Medium,In Progress,Org line A2,A2_2,in,G34 3rd,PROD363,POLAND
713,,,,,,,,,,,,
713,,,,,,,,,,,,
713,Accepted-Wait,Value 354,19.03984679662121,Accepted,Medium,Wait,Org line A2,A2_2,in,G34 3rd,PROD363,POLAND
713,,,,,,,,,,,,
713,,,,,,,,,,,,
713,Accepted-In Progress,Value 354,19.042631174482416,Accepted,Medium,In Progress,Org line A2,A2_2,in,G34 3rd,PROD363,POLAND
713,,,,,,,,,,,,
713,,,,,,,,,,,,
713,Accepted-Wait,Value 354,19.046836033656223,Accepted,Medium,Wait,Org line A2,A2_2,in,G34 3rd,PROD363,POLAND
713,,,,,,,,,,,,
713,,,,,,,,,,,,
713,Accepted-In Progress,Value 354,19.049685127732193,Accepted,Medium,In Progress,Org line A2,A2_2,in,G34 3rd,PROD363,POLAND
713,,,,,,,,,,,,
713,,,,,,,,,,,,
713,Accepted-Wait,Value 354,19.055172326333373,Accepted,Medium,Wait,Org line A2,A2_2,in,G34 3rd,PROD363,POLAND
713,,,,,,,,,,,,
713,,,,,,,,,,,,
713,Accepted-In Progress,Value 354,19.05560457795039,Accepted,Medium,In Progress,Org line A2,A2_2,in,G34 3rd,PROD363,POLAND
713,,,,,,,,,,,,
713,,,,,,,,,,,,
713,Accepted-In Progress,Value 354,19.055610073784884,Accepted,Medium,In Progress,Org line A2,A2_2,in,G115 3rd,PROD363,POLAND
713,,,,,,,,,,,,
713,,,,,,,,,,,,
713,Accepted-Wait,Value 355,19.05562534218873,Accepted,Medium,Wait,Org line C,E_10,in,G263 2nd,PROD363,Sweden
713,,,,,,,,,,,,
713,,,,,,,,,,,,
713,Accepted-Wait,Value 292,19.08183423619013,Accepted,Medium,Wait,Org line C,E_5,in,G92,PROD363,INDIA
713,,,,,,,,,,,,
713,,,,,,,,,,,,
713,Accepted-In Progress,Value 303,19.089331035891753,Accepted,Medium,In Progress,Org line C,E_5,in,G92,PROD363,INDIA
713,,,,,,,,,,,,
713,,,,,,,,,,,,
713,Accepted-In Progress,Value 355,19.09333854345474,Accepted,Medium,In Progress,Org line C,E_10,in,G263 2nd,PROD363,Sweden
713,,,,,,,,,,,,
714,Accepted-In Progress,Value 29,19.039967125654908,Accepted,High,In Progress,Org line A2,A2_1,gb,G42 3rd,PROD236,United Kingdom
714,,,,,,,,,,,,
714,,,,,,,,,,,,
714,Accepted-In Progress,Value 143,19.115114286793474,Accepted,High,In Progress,Org line A2,A2_1,gb,G42 3rd,PROD236,United Kingdom
714,,,,,,,,,,,,
715,Accepted-In Progress,Value 155,19.03985989025913,Accepted,High,In Progress,Org line A2,D_1,pl,V10 3rd,PROD69,POLAND
715,,,,,,,,,,,,
716,Accepted-In Progress,Value 50,19.03994936065788,Accepted,High,In Progress,Org line A2,D_1,pl,W12 2nd,PROD739,POLAND
716,,,,,,,,,,,,
716,,,,,,,,,,,,
716,Accepted-Wait,Value 357,19.076862649944108,Accepted,High,Wait,Org line A2,D_1,pl,W12 2nd,PROD739,POLAND
716,,,,,,,,,,,,
716,,,,,,,,,,,,
716,Accepted-In Progress,Value 50,19.078741440046493,Accepted,High,In Progress,Org line A2,D_1,pl,W12 2nd,PROD739,POLAND
716,,,,,,,,,,,,
717,Accepted-In Progress,Value 86,19.039999952385692,Accepted,Low,In Progress,Org line C,E_10,fr,G276 2nd,PROD422,Sweden
717,,,,,,,,,,,,
717,,,,,,,,,,,,
717,Accepted-Wait,Value 87,19.040005200902122,Accepted,Low,Wait,Org line C,E_10,fr,G276 2nd,PROD422,Sweden
717,,,,,,,,,,,,
717,,,,,,,,,,,,
717,Completed-Closed,Value 248,19.062375133195275,Completed,Low,Closed,Org line A2,A2_2,fr,G22 2nd,PROD422,France
717,,,,,,,,,,,,
717,,,,,,,,,,,,
718,Accepted-In Progress,Value 119,19.040214591542917,Accepted,Medium,In Progress,Org line A2,A2_1,cn,N19 2nd,PROD38,Sweden
718,,,,,,,,,,,,
718,,,,,,,,,,,,
718,Queued-Awaiting Assignment,Value 350,19.04027626681777,Queued,Medium,Awaiting Assignment,Org line B,A2_1,cn,D1,PROD38,China
718,,,,,,,,,,,,
718,,,,,,,,,,,,
719,Accepted-In Progress,Value 13,19.040338853107695,Accepted,Major,In Progress,Org line C,E_1,us,G13 2nd,PROD153,Sweden
719,,,,,,,,,,,,
719,,,,,,,,,,,,
719,Accepted-Assigned,Value 236,19.040380837003138,Accepted,Major,Assigned,Org line C,C_1,us,G14 3rd,PROD153,France
719,,,,,,,,,,,,
719,,,,,,,,,,,,
719,Accepted-Assigned,Value 236,19.055197494847295,Accepted,Major,Assigned,Org line C,C_1,us,G14 3rd,PROD153,France
719,,,,,,,,,,,,
719,,,,,,,,,,,,
720,Accepted-In Progress,Value 151,19.040333256556806,Accepted,Low,In Progress,Org line A2,A2_1,cn,T17 2nd,PROD350,Sweden
720,,,,,,,,,,,,
720,,,,,,,,,,,,
720,Accepted-Wait,Value 151,19.045050870806456,Accepted,Low,Wait,Org line A2,A2_1,cn,J2 2nd,PROD350,Sweden
720,,,,,,,,,,,,
720,,,,,,,,,,,,
721,Accepted-In Progress,Value 43,19.04035994751799,Accepted,Medium,In Progress,Org line G3,,us,G199 3rd,PROD97,POLAND
721,,,,,,,,,,,,
722,Accepted-In Progress,Value 217,19.040371635351708,Accepted,High,In Progress,Org line C,E_5,se,G92,PROD436,INDIA
722,,,,,,,,,,,,
722,,,,,,,,,,,,
722,Queued-Awaiting Assignment,Value 150,19.042206888137887,Queued,High,Awaiting Assignment,Org line C,E_4,se,G88 2nd,PROD436,USA
722,,,,,,,,,,,,
722,,,,,,,,,,,,
722,Accepted-In Progress,Value 128,19.042251785332088,Accepted,High,In Progress,Org line C,C_6,se,R4 3rd,PROD436,Sweden
722,,,,,,,,,,,,
722,,,,,,,,,,,,
722,Accepted-In Progress,Value 128,19.067460441529434,Accepted,High,In Progress,Org line C,C_6,se,R4 3rd,PROD436,Sweden
722,,,,,,,,,,,,
722,,,,,,,,,,,,
722,Queued-Awaiting Assignment,Value 44,19.06746186607302,Queued,High,Awaiting Assignment,Org line C,C_6,se,G273 3rd,PROD436,Sweden
722,,,,,,,,,,,,
722,,,,,,,,,,,,
722,Accepted-In Progress,Value 361,19.07378273236962,Accepted,High,In Progress,Org line C,C_6,se,G273 3rd,PROD436,Sweden
722,,,,,,,,,,,,
722,,,,,,,,,,,,
723,Queued-Awaiting Assignment,Value 362,19.04038289794621,Queued,Medium,Awaiting Assignment,Org line C,E_10,fr,G222 2nd,PROD13,INDIA
723,,Value 363,,,,,,,,,,
723,,,,,,,,,,,,
723,Accepted-In Progress,Value 364,19.049667737130832,Accepted,Medium,In Progress,Org line C,C_6,fr,G225 3rd,PROD13,Belgium
723,,,,,,,,,,,,
723,,,,,,,,,,,,
723,Completed-Closed,Value 364,19.120304699847562,Completed,Medium,Closed,Org line C,C_6,fr,G225 3rd,PROD13,Belgium
724,Accepted-Assigned,Value 100,19.04038778392482,Accepted,Medium,Assigned,Org line A2,D_1,in,L50 3rd,PROD611,Sweden
724,,,,,,,,,,,,
724,,,,,,,,,,,,
725,Accepted-In Progress,Value 62,19.04040124176671,Accepted,High,In Progress,Org line G4,,se,S30 2nd,PROD412,Sweden
725,,,,,,,,,,,,
725,,,,,,,,,,,,
725,Completed-Closed,Value 48,19.0614667390794,Completed,High,Closed,Org line G4,,se,S30 2nd,PROD412,Sweden
726,Accepted-In Progress,Value 77,19.040424524858313,Accepted,Major,In Progress,Org line C,C_6,se,G290 3rd,PROD659,Sweden
726,,,,,,,,,,,,
726,,,,,,,,,,,,
727,Accepted-In Progress,Value 68,19.040427301359056,Accepted,High,In Progress,Org line A2,A2_4,se,G118 2nd,PROD591,Sweden
727,,,,,,,,,,,,
728,Accepted-In Progress,Value 251,19.041674117886622,Accepted,Medium,In Progress,Org line A2,A2_3,se,V13 2nd,PROD676,Sweden
728,,,,,,,,,,,,
728,,,,,,,,,,,,
728,Queued-Awaiting Assignment,Value 176,19.0427325192495,Queued,Medium,Awaiting Assignment,Org line C,E_7,se,G157 2nd,PROD676,INDIA
728,,,,,,,,,,,,
728,,,,,,,,,,,,
728,Queued-Awaiting Assignment,Value 39,19.052761262823147,Queued,Medium,Awaiting Assignment,Org line C,E_10,se,R6 2nd,PROD676,Sweden
728,,,,,,,,,,,,
728,,,,,,,,,,,,
728,Completed-Closed,Value 39,19.06114892837814,Completed,Medium,Closed,Org line C,E_10,se,R6 2nd,PROD676,Sweden
729,Accepted-In Progress,Value 274,19.04170356216473,Accepted,Major,In Progress,Org line C,E_4,us,G88 2nd,PROD793,INDIA
729,,,,,,,,,,,,
729,,,,,,,,,,,,
729,Completed-Closed,Value 274,19.055719745670693,Completed,Major,Closed,Org line C,E_4,us,G88 2nd,PROD793,INDIA
730,Queued-Awaiting Assignment,Value 68,19.04178751040969,Queued,Medium,Awaiting Assignment,Org line C,E_7,be,G153 2nd,PROD807,Sweden
730,,,,,,,,,,,,
730,,,,,,,,,,,,
730,Accepted-In Progress,Value 77,19.04362986100169,Accepted,Medium,In Progress,Org line C,E_7,be,G134 2nd,PROD807,Sweden
730,,,,,,,,,,,,
730,,,,,,,,,,,,
730,Queued-Awaiting Assignment,Value 44,19.058987604756176,Queued,Medium,Awaiting Assignment,Org line C,C_6,be,G273 3rd,PROD807,Sweden
730,,,,,,,,,,,,
730,,Value 365,,,,,,,,,,
730,Accepted-In Progress,Value 366,19.059174332749343,Accepted,Medium,In Progress,Org line C,C_6,be,G287 3rd,PROD807,Sweden
730,,,,,,,,,,,,
731,Accepted-In Progress,Value 169,19.041731092505977,Accepted,Major,In Progress,Org line C,E_8,in,G181 2nd,PROD476,France
731,,,,,,,,,,,,
732,Accepted-In Progress,Value 129,19.041770621375804,Accepted,High,In Progress,Org line A2,A2_3,se,S21 2nd,PROD231,Sweden
732,,,,,,,,,,,,
732,,,,,,,,,,,,
732,Completed-Closed,Value 291,19.04217039526183,Completed,High,Closed,Org line A2,A2_3,se,S21 2nd,PROD231,Sweden
732,,,,,,,,,,,,
732,,,,,,,,,,,,
732,Accepted-Assigned,Value 60,19.068489511938054,Accepted,High,Assigned,Org line G4,,se,S30 2nd,PROD231,Sweden
732,,,,,,,,,,,,
732,,,,,,,,,,,,
733,Accepted-In Progress,Value 237,19.04176212032878,Accepted,Low,In Progress,Org line C,C_6,se,G144 3rd,PROD667,Sweden
733,,,,,,,,,,,,
733,,,,,,,,,,,,
733,Accepted-In Progress,Value 113,19.0430616725868,Accepted,Low,In Progress,Org line C,C_6,se,G141 3rd,PROD667,Sweden
733,,,,,,,,,,,,
733,,,,,,,,,,,,
733,Completed-Closed,Value 237,19.090620012208802,Completed,Low,Closed,Org line C,C_6,se,G144 3rd,PROD667,Sweden
734,Accepted-In Progress,Value 367,19.041788714071597,Accepted,Medium,In Progress,Org line C,C_1,us,G14 3rd,PROD398,Sweden
734,,,,,,,,,,,,
734,,,,,,,,,,,,
735,Accepted-In Progress,Value 368,19.04182684361134,Accepted,Low,In Progress,Org line C,V3_2,se,G371,PROD262,Sweden
735,,,,,,,,,,,,
735,,,,,,,,,,,,
736,Accepted-In Progress,Value 211,19.042134755143262,Accepted,Medium,In Progress,Org line G4,,se,S33 2nd,PROD374,Sweden
736,,,,,,,,,,,,
737,Accepted-In Progress,Value 369,19.042176959136114,Accepted,Medium,In Progress,Org line A2,A2_2,in,G38 2nd,PROD215,Sweden
737,,,,,,,,,,,,
738,Accepted-In Progress,Value 8,19.04260713197991,Accepted,Medium,In Progress,Org line A2,A2_4,se,G105 2nd,PROD337,Sweden
738,,,,,,,,,,,,
739,Accepted-In Progress,Value 151,19.04255600081482,Accepted,High,In Progress,Org line A2,A2_1,se,T17 2nd,PROD350,Sweden
739,,,,,,,,,,,,
739,,,,,,,,,,,,
739,Accepted-Wait,Value 151,19.045050710126837,Accepted,High,Wait,Org line A2,A2_1,se,J2 2nd,PROD350,Sweden
739,,,,,,,,,,,,
739,,,,,,,,,,,,
740,Accepted-In Progress,Value 229,19.042625064584573,Accepted,Medium,In Progress,Org line C,E_10,se,G271 2nd,PROD802,Sweden
740,,,,,,,,,,,,
740,,Value 370,,,,,,,,,,
740,Queued-Awaiting Assignment,Value 44,19.04308399224146,Queued,Medium,Awaiting Assignment,Org line C,C_6,se,G273 3rd,PROD802,Sweden
740,,,,,,,,,,,,
740,,,,,,,,,,,,
740,Completed-Closed,Value 371,19.07052178977742,Completed,Medium,Closed,Org line C,C_6,se,G273 3rd,PROD802,France
741,Accepted-In Progress,Value 63,19.04307168134183,Accepted,Low,In Progress,Org line C,E_9,se,N12 2nd,PROD277,Sweden
741,,,,,,,,,,,,
742,Accepted-In Progress,Value 372,19.042681410601446,Accepted,Medium,In Progress,Org line A2,A2_4,in,G31 3rd,PROD194,INDIA
742,,,,,,,,,,,,
742,,,,,,,,,,,,
742,Completed-Closed,Value 372,19.058687497284705,Completed,Medium,Closed,Org line A2,A2_4,in,G31 3rd,PROD194,INDIA
743,Accepted-In Progress,Value 298,19.042735960399696,Accepted,Medium,In Progress,Org line G4,,se,S33 2nd,PROD397,Sweden
743,,,,,,,,,,,,
744,Accepted-In Progress,Value 209,19.042753885326,Accepted,Medium,In Progress,Org line C,C_1,be,G56 3rd,PROD816,Sweden
744,,,,,,,,,,,,
745,Accepted-In Progress,Value 166,19.04292997701987,Accepted,Major,In Progress,Org line C,E_1,se,G294 2nd,PROD834,Sweden
745,,,,,,,,,,,,
746,Accepted-In Progress,Value 29,19.043126590863217,Accepted,High,In Progress,Org line A2,A2_1,gb,G42 3rd,PROD236,United Kingdom
746,,,,,,,,,,,,
746,,,,,,,,,,,,
746,Accepted-In Progress,Value 143,19.115112713816956,Accepted,High,In Progress,Org line A2,A2_1,gb,G42 3rd,PROD236,United Kingdom
746,,,,,,,,,,,,
747,Accepted-In Progress,Value 43,19.04316950426876,Accepted,Medium,In Progress,Org line G3,,us,G199 3rd,PROD97,POLAND
747,,,,,,,,,,,,
748,Accepted-In Progress,Value 43,19.043161943443497,Accepted,Medium,In Progress,Org line G3,,us,G199 3rd,PROD98,POLAND
748,,,,,,,,,,,,
749,Accepted-In Progress,Value 25,19.043182270074645,Accepted,High,In Progress,Org line A2,A2_2,pl,M15 2nd,PROD786,POLAND
749,,,,,,,,,,,,
749,,,,,,,,,,,,
749,Accepted-Assigned,Value 197,19.043688113398638,Accepted,High,Assigned,Org line A2,A2_2,pl,M15 2nd,PROD786,China
749,,,,,,,,,,,,
749,,,,,,,,,,,,
750,Accepted-In Progress,Value 373,19.043534824165484,Accepted,Medium,In Progress,Org line D,D_2,in,G121 2nd,PROD597,Sweden
750,,,,,,,,,,,,
750,,,,,,,,,,,,
750,Accepted-In Progress,Value 373,19.044988664440808,Accepted,Medium,In Progress,Org line D,D_2,in,G121 2nd,PROD597,Sweden
750,,,,,,,,,,,,
750,,,,,,,,,,,,
750,Completed-Closed,Value 373,19.056482701459903,Completed,Medium,Closed,Org line C,E_8,in,G119 2nd,PROD597,Sweden
750,,,,,,,,,,,,
750,,,,,,,,,,,,
751,Accepted-In Progress,Value 76,19.043533338305107,Accepted,Medium,In Progress,Org line C,C_6,se,G290 3rd,PROD154,Sweden
751,,,,,,,,,,,,
752,Accepted-In Progress,Value 298,19.043567791459935,Accepted,High,In Progress,Org line G4,,se,S33 2nd,PROD397,Sweden
752,,,,,,,,,,,,
753,Accepted-In Progress,Value 77,19.043599293360238,Accepted,Medium,In Progress,Org line C,E_1,br,G55 2nd,PROD745,Belgium
753,,,,,,,,,,,,
753,,,,,,,,,,,,
753,Accepted-Assigned,Value 167,19.04363568049416,Accepted,Medium,Assigned,Org line C,C_1,br,G56 3rd,PROD745,Sweden
753,,Value 374,,,,,,,,,,
753,,,,,,,,,,,,
753,Accepted-In Progress,Value 212,19.103482110666054,Accepted,Medium,In Progress,Org line B,E_6,br,S4 2nd,PROD745,Brazil
753,,,,,,,,,,,,
754,Accepted-In Progress,Value 375,19.043961957702827,Accepted,Major,In Progress,Org line C,E_6,se,G355 2nd,PROD151,Sweden
754,,,,,,,,,,,,
755,Accepted-In Progress,Value 69,19.04501171242017,Accepted,Low,In Progress,Org line B,E_10,in,G230 2nd,PROD336,INDIA
755,,,,,,,,,,,,
755,,,,,,,,,,,,
755,Queued-Awaiting Assignment,Value 69,19.045012714028424,Queued,Low,Awaiting Assignment,Org line B,E_10,in,G230 2nd,PROD336,INDIA
755,,,,,,,,,,,,
755,,,,,,,,,,,,
755,Accepted-In Progress,Value 213,19.04510514154817,Accepted,Low,In Progress,Org line C,E_10,in,G249 3rd,PROD336,POLAND
755,,,,,,,,,,,,
755,,Value 376,,,,,,,,,,
755,Queued-Awaiting Assignment,Value 377,19.077006391423517,Queued,Low,Awaiting Assignment,Org line C,E_10,in,G231 2nd,PROD336,INDIA
755,,,,,,,,,,,,
755,,,,,,,,,,,,
755,Accepted-Wait,Value 378,19.077327282608742,Accepted,Low,Wait,Org line C,E_10,in,G231 2nd,PROD336,INDIA
755,,,,,,,,,,,,
755,,,,,,,,,,,,
755,Accepted-In Progress,Value 71,19.08043042509129,Accepted,Low,In Progress,Org line B,E_10,in,G230 2nd,PROD336,INDIA
755,,,,,,,,,,,,
756,Accepted-In Progress,Value 379,19.04501185168127,Accepted,Low,In Progress,Org line B,E_3,br,S12 2nd,PROD140,Brazil
756,,,,,,,,,,,,
756,,,,,,,,,,,,
756,Accepted-In Progress,Value 379,19.061547032084,Accepted,Low,In Progress,Org line B,E_3,br,S12 2nd,PROD140,Brazil
756,,,,,,,,,,,,
757,Accepted-In Progress,Value 248,19.045064121430045,Accepted,Medium,In Progress,Org line A2,A2_2,fr,G22 2nd,PROD631,France
757,,,,,,,,,,,,
757,,,,,,,,,,,,
758,Accepted-In Progress,Value 151,19.04530630268408,Accepted,Low,In Progress,Org line A2,A2_1,se,T17 2nd,PROD350,Sweden
758,,,,,,,,,,,,
758,,,,,,,,,,,,
758,Accepted-Wait,Value 151,19.045365442701026,Accepted,Low,Wait,Org line A2,A2_1,se,J2 2nd,PROD350,Sweden
758,,,,,,,,,,,,
759,Accepted-In Progress,Value 381,19.045357625389205,Accepted,Low,In Progress,Org line C,E_10,cn,G293 2nd,PROD826,China
759,,,,,,,,,,,,
759,,,,,,,,,,,,
760,Accepted-In Progress,Value 373,19.0454171906932,Accepted,Low,In Progress,Org line C,E_8,in,G119 2nd,PROD597,Sweden
760,,,,,,,,,,,,
761,Accepted-In Progress,Value 316,19.045425789220655,Accepted,Low,In Progress,Org line C,E_4,in,G89 2nd,PROD436,INDIA
761,,,,,,,,,,,,
761,,,,,,,,,,,,
761,Completed-Closed,Value 316,19.11547627024374,Completed,Low,Closed,Org line C,E_4,in,G89 2nd,PROD436,INDIA
762,Accepted-In Progress,Value 143,19.045440555386087,Accepted,Medium,In Progress,Org line A2,A2_1,gb,G42 3rd,PROD236,United Kingdom
762,,,,,,,,,,,,
762,,,,,,,,,,,,
762,Completed-Closed,Value 143,19.10956557860836,Completed,Medium,Closed,Org line A2,A2_1,gb,G42 3rd,PROD236,United Kingdom
763,Accepted-In Progress,Value 214,19.045527862977114,Accepted,Medium,In Progress,Org line A2,A2_4,se,G105 2nd,PROD337,Sweden
763,,,,,,,,,,,,
763,,,,,,,,,,,,
763,Completed-Closed,Value 164,19.104753708058816,Completed,Medium,Closed,Org line A2,A2_4,se,G105 2nd,PROD337,Sweden
764,Accepted-In Progress,Value 382,19.045447852725264,Accepted,High,In Progress,Org line C,,fr,V34 2nd,PROD424,France
764,,,,,,,,,,,,
765,Accepted-In Progress,Value 42,19.045464492386834,Accepted,Medium,In Progress,Org line C,E_10,se,G138 2nd,PROD802,Sweden
765,,,,,,,,,,,,
765,,,,,,,,,,,,
766,Accepted-In Progress,Value 76,19.04548647473273,Accepted,Medium,In Progress,Org line A2,A2_4,se,G105 2nd,PROD337,Sweden
766,,,,,,,,,,,,
766,,,,,,,,,,,,
767,Accepted-In Progress,Value 2,19.045494226794016,Accepted,High,In Progress,Org line A2,A2_2,cn,M1 2nd,PROD753,Sweden
767,,,,,,,,,,,,
767,,,,,,,,,,,,
768,Accepted-In Progress,Value 81,19.04559045870606,Accepted,High,In Progress,Org line A2,D_1,se,G124 3rd,PROD605,Sweden
768,,,,,,,,,,,,
769,Accepted-In Progress,Value 383,19.04591635035549,Accepted,Medium,In Progress,Org line C,C_6,se,G269 3rd,PROD621,INDIA
769,,,,,,,,,,,,
770,Accepted-In Progress,Value 384,19.045877375689734,Accepted,Medium,In Progress,Org line A2,A2_5,se,A10,PROD320,Sweden
770,,,,,,,,,,,,
770,,,,,,,,,,,,
770,Completed-Closed,Value 385,19.10203878488605,Completed,Medium,Closed,Org line A2,A2_5,se,A10,PROD320,Sweden
771,Accepted-In Progress,Value 385,19.045910239091324,Accepted,Medium,In Progress,Org line A2,A2_5,se,A10,PROD320,Sweden
771,,,,,,,,,,,,
771,,,,,,,,,,,,
771,Accepted-Wait,Value 385,19.049174404762653,Accepted,Medium,Wait,Org line A2,A2_5,se,A10,PROD320,Sweden
771,,,,,,,,,,,,
771,,,,,,,,,,,,
771,Completed-Closed,Value 385,19.083216323973073,Completed,Medium,Closed,Org line A2,A2_5,se,A10,PROD320,Sweden
772,Accepted-Wait,Value 385,19.045928604879517,Accepted,Medium,Wait,Org line A2,A2_5,se,A10,PROD320,Sweden
772,,,,,,,,,,,,
772,,,,,,,,,,,,
772,Completed-Closed,Value 385,19.084982465780776,Completed,Medium,Closed,Org line A2,A2_5,se,A10,PROD320,Sweden
773,Accepted-In Progress,Value 385,19.045929610921107,Accepted,Medium,In Progress,Org line A2,A2_5,se,A10,PROD320,Sweden
773,,,,,,,,,,,,
773,,,,,,,,,,,,
773,Accepted-Wait,Value 385,19.072331822624395,Accepted,Medium,Wait,Org line A2,A2_5,se,A10,PROD320,Sweden
773,,,,,,,,,,,,
774,Accepted-In Progress,Value 386,19.04599796051483,Accepted,Medium,In Progress,Org line A2,A2_2,fr,L53 2nd,PROD422,Sweden
774,,,,,,,,,,,,
774,,,,,,,,,,,,
774,Queued-Awaiting Assignment,Value 248,19.052344954420374,Queued,Medium,Awaiting Assignment,Org line A2,A2_2,fr,G34 3rd,PROD422,France
774,,,,,,,,,,,,
774,,,,,,,,,,,,
774,Accepted-In Progress,Value 354,19.061581655135672,Accepted,Medium,In Progress,Org line A2,A2_2,fr,G34 3rd,PROD422,POLAND
774,,,,,,,,,,,,
775,Accepted-In Progress,Value 15,19.04599973166666,Accepted,Medium,In Progress,Org line G4,,se,S28 2nd,PROD633,Sweden
775,,,,,,,,,,,,
776,Accepted-In Progress,Value 387,19.04600285659155,Accepted,High,In Progress,Org line C,E_10,us,G288 2nd,PROD408,Sweden
776,,,,,,,,,,,,
776,,,,,,,,,,,,
776,Queued-Awaiting Assignment,Value 104,19.046009470270235,Queued,High,Awaiting Assignment,Org line C,C_6,us,G290 3rd,PROD408,Sweden
776,,,,,,,,,,,,
776,,,,,,,,,,,,
776,Accepted-In Progress,Value 13,19.046329710468203,Accepted,High,In Progress,Org line C,C_6,us,G290 3rd,PROD408,Sweden
776,,,,,,,,,,,,
776,,,,,,,,,,,,
776,Completed-Closed,Value 127,19.048834094404008,Completed,High,Closed,Org line C,C_6,us,G290 3rd,PROD408,USA
776,,,,,,,,,,,,
776,,,,,,,,,,,,
776,Completed-Closed,Value 165,19.075625194638185,Completed,High,Closed,Org line C,V3_3,us,N22 2nd,PROD408,USA
777,Accepted-In Progress,Value 301,19.04616425852591,Accepted,Medium,In Progress,Org line B,E_10,in,G238 2nd,PROD209,INDIA
777,,,,,,,,,,,,
778,Accepted-In Progress,Value 211,19.046362163184575,Accepted,Low,In Progress,Org line G4,,se,S33 2nd,PROD374,Sweden
778,,,,,,,,,,,,
779,Queued-Awaiting Assignment,Value 33,19.046382275102584,Queued,Medium,Awaiting Assignment,Org line A2,A2_4,be,G7 3rd,PROD766,Belgium
779,,,,,,,,,,,,
779,,,,,,,,,,,,
780,Accepted-In Progress,Value 217,19.046469377503545,Accepted,Medium,In Progress,Org line C,E_5,in,G92,PROD698,INDIA
780,,,,,,,,,,,,
780,,,,,,,,,,,,
780,Accepted-In Progress,Value 389,19.058333713353868,Accepted,Medium,In Progress,Org line C,E_5,in,G92,PROD698,INDIA
780,,,,,,,,,,,,
780,,,,,,,,,,,,
780,Accepted-In Progress,Value 87,19.059202986357995,Accepted,Medium,In Progress,Org line C,E_10,in,G276 2nd,PROD698,Sweden
780,,,,,,,,,,,,
780,,,,,,,,,,,,
780,Accepted-In Progress,Value 87,19.087646918438697,Accepted,Medium,In Progress,Org line C,E_10,in,G276 2nd,PROD698,Sweden
780,,,,,,,,,,,,
781,Accepted-In Progress,Value 76,19.04644822437879,Accepted,High,In Progress,Org line C,E_6,se,G48 2nd,PROD148,Sweden
781,,,,,,,,,,,,
781,,,,,,,,,,,,
782,Accepted-In Progress,Value 113,19.04679158776238,Accepted,Medium,In Progress,Org line C,C_6,se,G141 3rd,PROD663,Sweden
782,,,,,,,,,,,,
782,,,,,,,,,,,,
782,Completed-Closed,Value 113,19.086264679471366,Completed,Medium,Closed,Org line C,C_6,se,G141 3rd,PROD663,Sweden
783,Accepted-In Progress,Value 211,19.046803676513953,Accepted,High,In Progress,Org line G4,,se,S33 2nd,PROD374,Sweden
783,,,,,,,,,,,,
784,Accepted-In Progress,Value 391,19.04681929383115,Accepted,Major,In Progress,Org line C,E_1,se,G213 2nd,PROD582,Belgium
784,,,,,,,,,,,,
784,,,,,,,,,,,,
784,Completed-Closed,Value 391,19.059666320454788,Completed,Major,Closed,Org line C,E_3,se,G71 2nd,PROD582,Belgium
785,Accepted-In Progress,Value 147,19.047312661574054,Accepted,Major,In Progress,Org line C,C_6,fr,G225 3rd,PROD793,France
785,,,,,,,,,,,,
785,,,,,,,,,,,,
785,Accepted-Wait,Value 392,19.049667923726872,Accepted,Major,Wait,Org line C,C_6,fr,G225 3rd,PROD793,Belgium
785,,,,,,,,,,,,
786,Accepted-In Progress,Value 151,19.048061081295955,Accepted,Low,In Progress,Org line A2,A2_1,se,T17 2nd,PROD350,Sweden
786,,,,,,,,,,,,
786,,,,,,,,,,,,
786,Accepted-Wait,Value 151,19.056087354193334,Accepted,Low,Wait,Org line A2,A2_1,se,J2 2nd,PROD350,Sweden
786,,,,,,,,,,,,
787,Accepted-In Progress,Value 8,19.048175188200826,Accepted,Medium,In Progress,Org line A2,A2_4,se,G105 2nd,PROD337,Sweden
787,,,,,,,,,,,,
788,Accepted-In Progress,Value 351,19.048168807741916,Accepted,High,In Progress,Org line B,A2_1,cn,D1,PROD350,THAILAND
788,,,,,,,,,,,,
788,,,,,,,,,,,,
789,Accepted-In Progress,Value 351,19.048171178394163,Accepted,Medium,In Progress,Org line B,A2_1,cn,D1,PROD350,THAILAND
789,,,,,,,,,,,,
789,,,,,,,,,,,,
790,Accepted-In Progress,Value 351,19.048173047147607,Accepted,High,In Progress,Org line B,A2_1,cn,D1,PROD350,THAILAND
790,,,,,,,,,,,,
790,,,,,,,,,,,,
791,Accepted-In Progress,Value 320,19.04817231032524,Accepted,High,In Progress,Org line C,C_5,se,G120 3rd,PROD597,Sweden
791,,,,,,,,,,,,
792,Accepted-In Progress,Value 118,19.048292277076172,Accepted,Major,In Progress,Org line C,E_3,be,G64 2nd,PROD378,France
792,,,,,,,,,,,,
793,Accepted-In Progress,Value 20,19.048326614709108,Accepted,Medium,In Progress,Org line C,E_3,us,G67 2nd,PROD151,Sweden
793,,,,,,,,,,,,
793,,,,,,,,,,,,
793,Completed-Closed,Value 20,19.076850364009907,Completed,Medium,Closed,Org line C,E_3,us,G67 2nd,PROD151,Sweden
794,Accepted-In Progress,Value 393,19.048495141365496,Accepted,Medium,In Progress,Org line C,E_4,us,G88 2nd,PROD794,Sweden
794,,,,,,,,,,,,
794,,,,,,,,,,,,
794,Completed-Closed,Value 393,19.119830055630814,Completed,Medium,Closed,Org line C,E_4,us,G88 2nd,PROD794,Sweden
794,,,,,,,,,,,,
794,,,,,,,,,,,,
795,Accepted-In Progress,Value 209,19.04863312407058,Accepted,Low,In Progress,Org line A2,A2_1,se,N7 2nd,PROD746,Sweden
795,,,,,,,,,,,,
795,,,,,,,,,,,,
796,Accepted-In Progress,Value 385,19.048645948401983,Accepted,Medium,In Progress,Org line A2,A2_5,se,A10,PROD236,Sweden
796,,,,,,,,,,,,
796,,,,,,,,,,,,
796,Accepted-Wait,Value 385,19.049126552781967,Accepted,Medium,Wait,Org line A2,A2_5,se,A10,PROD236,Sweden
796,,,,,,,,,,,,
796,,,,,,,,,,,,
796,Accepted-In Progress,Value 385,19.068824774046018,Accepted,Medium,In Progress,Org line A2,A2_5,se,A10,PROD236,Sweden
796,,,,,,,,,,,,
797,Accepted-In Progress,Value 29,19.04873180261099,Accepted,High,In Progress,Org line A2,A2_1,gb,G42 3rd,PROD236,United Kingdom
797,,,,,,,,,,,,
797,,,,,,,,,,,,
797,Accepted-In Progress,Value 143,19.05654069178733,Accepted,High,In Progress,Org line A2,A2_1,gb,G42 3rd,PROD236,United Kingdom
797,,,,,,,,,,,,
798,Accepted-In Progress,Value 245,19.048743200899988,Accepted,Medium,In Progress,Org line A2,A2_3,us,N5 2nd,PROD488,USA
798,,,,,,,,,,,,
798,,,,,,,,,,,,
799,Accepted-In Progress,Value 148,19.048775826183213,Accepted,Medium,In Progress,Org line A2,A2_5,fr,V37 2nd,PROD525,France
799,,,,,,,,,,,,
799,,,,,,,,,,,,
800,Accepted-In Progress,Value 394,19.049060459835832,Accepted,Major,In Progress,Org line C,E_6,fr,V29 2nd,PROD413,France
800,,,,,,,,,,,,
800,,,,,,,,,,,,
800,Accepted-In Progress,Value 394,19.099874887056718,Accepted,Major,In Progress,Org line C,E_6,fr,V29 2nd,PROD413,France
800,,,,,,,,,,,,
800,,,,,,,,,,,,
801,Accepted-In Progress,Value 165,19.049096270059035,Accepted,High,In Progress,Org line C,V3_3,us,N22 2nd,PROD476,USA
801,,,,,,,,,,,,
801,,,,,,,,,,,,
801,Accepted-Wait,Value 165,19.052789734063158,Accepted,High,Wait,Org line C,V3_3,us,N22 2nd,PROD476,USA
801,,,,,,,,,,,,
801,,,,,,,,,,,,
801,Completed-Closed,Value 165,19.072355426794054,Completed,High,Closed,Org line C,V3_3,us,N22 2nd,PROD476,USA
802,Accepted-In Progress,Value 125,19.04912620072458,Accepted,Low,In Progress,Org line A2,A2_3,se,U6 2nd,PROD831,Sweden
802,,,,,,,,,,,,
802,,,,,,,,,,,,
802,Completed-Closed,Value 125,19.06746220649674,Completed,Low,Closed,Org line A2,A2_3,se,U6 2nd,PROD831,Sweden
803,Accepted-In Progress,Value 290,19.049137162453345,Accepted,Low,In Progress,Org line C,E_4,in,G93 2nd,PROD325,Brazil
803,,,,,,,,,,,,
803,,,,,,,,,,,,
804,Accepted-In Progress,Value 213,19.0492009674644,Accepted,High,In Progress,Org line A2,A2_3,pl,N26 2nd,PROD791,POLAND
804,,,,,,,,,,,,
804,,,,,,,,,,,,
804,Completed-Closed,Value 213,19.10471915534675,Completed,High,Closed,Org line A2,A2_3,pl,N26 2nd,PROD791,POLAND
805,Accepted-In Progress,Value 395,19.04920864811412,Accepted,Low,In Progress,Org line A2,A2_3,se,G45 2nd,PROD711,Brazil
805,,,,,,,,,,,,
805,,,,,,,,,,,,
806,Accepted-In Progress,Value 96,19.049223278521872,Accepted,Medium,In Progress,Org line C,E_10,se,G285 2nd,PROD646,Sweden
806,,,,,,,,,,,,
806,,,,,,,,,,,,
806,Completed-Closed,Value 179,19.05836176212449,Completed,Medium,Closed,Org line C,E_10,se,G285 2nd,PROD646,Sweden
807,Accepted-In Progress,Value 155,19.049593634425115,Accepted,Medium,In Progress,Org line A2,D_1,pl,V10 3rd,PROD71,POLAND
807,,,,,,,,,,,,
807,,,,,,,,,,,,
808,Accepted-In Progress,Value 396,19.049575501111544,Accepted,Low,In Progress,Org line A2,A2_4,in,G31 3rd,PROD194,Sweden
808,,,,,,,,,,,,
809,Accepted-In Progress,Value 2,19.049582763007262,Accepted,Low,In Progress,Org line V2,,se,T3 2nd,PROD59,Sweden
809,,,,,,,,,,,,
810,Accepted-In Progress,Value 297,19.049650996658674,Accepted,Medium,In Progress,Org line A2,A2_4,se,G105 2nd,PROD337,Sweden
810,,,,,,,,,,,,
811,Accepted-In Progress,Value 58,19.049669581764444,Accepted,High,In Progress,Org line G4,,se,G51 2nd,PROD337,Sweden
811,,,,,,,,,,,,
811,,,,,,,,,,,,
811,Completed-Closed,Value 116,19.106498696216626,Completed,High,Closed,Org line G4,,se,G51 2nd,PROD337,Sweden
812,Accepted-In Progress,Value 337,19.049714571644568,Accepted,Low,In Progress,Org line C,E_7,in,G165 2nd,PROD424,INDIA
812,,,,,,,,,,,,
812,,,,,,,,,,,,
812,Accepted-In Progress,Value 397,19.05189585961454,Accepted,Low,In Progress,Org line C,E_7,in,G165 2nd,PROD424,INDIA
812,,,,,,,,,,,,
812,,,,,,,,,,,,
812,Completed-Closed,Value 397,19.111054010768473,Completed,Low,Closed,Org line C,E_7,in,G165 2nd,PROD424,INDIA
813,Accepted-In Progress,Value 293,19.049784678039327,Accepted,Low,In Progress,Org line C,,ca,N19 2nd,PROD424,Canada
813,,,,,,,,,,,,
814,Accepted-In Progress,Value 293,19.049785125817397,Accepted,Low,In Progress,Org line C,,ca,N19 2nd,PROD424,Canada
814,,,,,,,,,,,,
815,Accepted-In Progress,Value 77,19.050049807527543,Accepted,Low,In Progress,Org line C,E_7,se,G160 2nd,PROD673,Sweden
815,,,,,,,,,,,,
816,Accepted-In Progress,Value 379,19.050059128393748,Accepted,Low,In Progress,Org line B,E_3,br,S12 2nd,PROD551,Brazil
816,,,,,,,,,,,,
816,,,,,,,,,,,,
816,Queued-Awaiting Assignment,Value 398,19.05559797442946,Queued,Low,Awaiting Assignment,Org line A2,A2_1,br,S1 2nd,PROD551,Brazil
816,,Value 399,,,,,,,,,,
816,,Value 399,,,,,,,,,,
817,Accepted-In Progress,Value 400,19.05183880156248,Accepted,High,In Progress,Org line C,E_2,se,G57 2nd,PROD236,Belgium
817,,,,,,,,,,,,
817,,,,,,,,,,,,
817,Completed-Closed,Value 401,19.071476902249703,Completed,High,Closed,Org line C,E_2,se,G57 2nd,PROD236,Belgium
818,Accepted-In Progress,Value 402,19.051857537560053,Accepted,Medium,In Progress,Org line C,E_4,us,G88 2nd,PROD219,Sweden
818,,,,,,,,,,,,
818,,,,,,,,,,,,
818,Completed-Closed,Value 402,19.118180080128877,Completed,Medium,Closed,Org line C,E_4,us,G88 2nd,PROD219,Sweden
819,Accepted-In Progress,Value 42,19.05183454043056,Accepted,Low,In Progress,Org line C,E_6,se,S20 2nd,PROD802,Sweden
819,,,,,,,,,,,,
819,,,,,,,,,,,,
819,Accepted-In Progress,Value 42,19.089838464652107,Accepted,Low,In Progress,Org line C,E_6,se,S20 2nd,PROD802,Sweden
819,,,,,,,,,,,,
820,Accepted-In Progress,Value 62,19.052222851272923,Accepted,Medium,In Progress,Org line C,E_5,se,G76,PROD152,Sweden
820,,,,,,,,,,,,
820,,,,,,,,,,,,
821,Accepted-In Progress,Value 254,19.05232413258907,Accepted,Medium,In Progress,Org line C,E_8,in,G119 2nd,PROD597,INDIA
821,,,,,,,,,,,,
821,,,,,,,,,,,,
821,Completed-Closed,Value 254,19.07547746178126,Completed,Medium,Closed,Org line C,E_8,in,G119 2nd,PROD597,INDIA
822,Accepted-In Progress,Value 150,19.052761496676467,Accepted,High,In Progress,Org line A2,A2_4,in,G2 3rd,PROD153,Sweden
822,,,,,,,,,,,,
823,Accepted-In Progress,Value 68,19.052862133566805,Accepted,Medium,In Progress,Org line A2,A2_4,se,G118 2nd,PROD591,Sweden
823,,,,,,,,,,,,
824,Accepted-In Progress,Value 150,19.053076218996086,Accepted,High,In Progress,Org line C,E_4,us,G88 2nd,PROD793,USA
824,,,,,,,,,,,,
824,,,,,,,,,,,,
824,Queued-Awaiting Assignment,Value 150,19.06465506987622,Queued,High,Awaiting Assignment,Org line C,E_4,us,G88 2nd,PROD793,USA
824,,,,,,,,,,,,
824,,,,,,,,,,,,
824,Queued-Awaiting Assignment,Value 150,19.084047939911752,Queued,High,Awaiting Assignment,Org line C,E_4,us,G88 2nd,PROD793,USA
824,,,,,,,,,,,,
824,,,,,,,,,,,,
825,Accepted-In Progress,Value 403,19.053364767784686,Accepted,Low,In Progress,Org line G4,,se,M18 2nd,PROD78,Sweden
825,,,,,,,,,,,,
826,Accepted-In Progress,Value 123,19.054709509359395,Accepted,Low,In Progress,Org line G4,,se,S29 2nd,PROD710,Sweden
826,,,,,,,,,,,,
826,,,,,,,,,,,,
826,Completed-Closed,Value 123,19.064720849131824,Completed,Low,Closed,Org line G4,,se,S29 2nd,PROD710,Sweden
827,Accepted-In Progress,Value 69,19.055176329372998,Accepted,Medium,In Progress,Org line B,E_10,in,G230 2nd,PROD752,INDIA
827,,,,,,,,,,,,
827,,,,,,,,,,,,
827,Completed-Closed,Value 71,19.080936436688276,Completed,Medium,Closed,Org line B,E_10,in,G230 2nd,PROD752,INDIA
828,Accepted-In Progress,Value 404,19.055180390718682,Accepted,Low,In Progress,Org line C,E_2,se,G57 2nd,PROD329,Sweden
828,,,,,,,,,,,,
828,,,,,,,,,,,,
829,Accepted-In Progress,Value 405,19.055307042345543,Accepted,Low,In Progress,Org line C,E_4,us,G88 2nd,PROD348,USA
829,,,,,,,,,,,,
830,Accepted-In Progress,Value 225,19.055557663387418,Accepted,Low,In Progress,Org line C,E_4,us,G88 2nd,PROD219,INDIA
830,,,,,,,,,,,,
830,,,,,,,,,,,,
830,Completed-Closed,Value 225,19.06728835011472,Completed,Low,Closed,Org line C,E_4,us,G88 2nd,PROD219,INDIA
831,Accepted-In Progress,Value 123,19.055573144588532,Accepted,Low,In Progress,Org line A2,A2_4,0,G11 2nd,PROD765,Belgium
831,,,,,,,,,,,,
832,Accepted-In Progress,Value 297,19.055580103366005,Accepted,Medium,In Progress,Org line A2,A2_4,se,G105 2nd,PROD337,Sweden
832,,,,,,,,,,,,
833,Accepted-In Progress,Value 281,19.055594799848098,Accepted,Medium,In Progress,Org line C,V3_1,se,G346,PROD631,Sweden
833,,,,,,,,,,,,
834,Accepted-In Progress,Value 77,19.055603088717135,Accepted,Low,In Progress,Org line C,E_7,se,G160 2nd,PROD673,Sweden
834,,,,,,,,,,,,
835,Accepted-In Progress,Value 248,19.056068967441192,Accepted,Medium,In Progress,Org line C,E_6,fr,G130 3rd,PROD643,France
835,,,,,,,,,,,,
836,Accepted-In Progress,Value 43,19.056094743760795,Accepted,Medium,In Progress,Org line G3,,us,G199 3rd,PROD98,POLAND
836,,,,,,,,,,,,
837,Accepted-In Progress,Value 119,19.056082454270822,Accepted,Low,In Progress,Org line C,E_4,in,G93 2nd,PROD325,Sweden
837,,,,,,,,,,,,
837,,,,,,,,,,,,
838,Accepted-In Progress,Value 86,19.0565685632244,Accepted,Medium,In Progress,Org line C,E_10,us,G236 2nd,PROD494,Sweden
838,,,,,,,,,,,,
838,,Value 406,,,,,,,,,,
838,Queued-Awaiting Assignment,Value 155,19.056576934034336,Queued,Medium,Awaiting Assignment,Org line C,V3_2,us,G97,PROD494,POLAND
838,,,,,,,,,,,,
838,,,,,,,,,,,,
838,Queued-Awaiting Assignment,Value 407,19.057936908360972,Queued,Medium,Awaiting Assignment,Org line C,E_10,us,G84 2nd,PROD494,Sweden
838,,,,,,,,,,,,
838,,,,,,,,,,,,
838,Accepted-In Progress,Value 408,19.068386364753817,Accepted,Medium,In Progress,Org line C,V3_2,us,N34,PROD494,USA
838,,,,,,,,,,,,
839,Accepted-In Progress,Value 150,19.056576738133828,Accepted,Medium,In Progress,Org line C,E_4,us,G88 2nd,PROD793,USA
839,,,,,,,,,,,,
839,,,,,,,,,,,,
839,Accepted-Assigned,Value 276,19.080922852048335,Accepted,Medium,Assigned,Org line C,E_4,us,G88 2nd,PROD793,INDIA
839,,,,,,,,,,,,
839,,,,,,,,,,,,
840,Accepted-In Progress,Value 76,19.056949694946493,Accepted,High,In Progress,Org line G4,,se,S33 2nd,PROD374,Sweden
840,,,,,,,,,,,,
841,Accepted-In Progress,Value 209,19.05779283715192,Accepted,Major,In Progress,Org line G1,E_6,se,G358 2nd,PROD292,Sweden
841,,,,,,,,,,,,
842,Accepted-In Progress,Value 409,19.05780379418834,Accepted,Medium,In Progress,Org line A2,A2_1,pl,W15 2nd,PROD509,POLAND
842,,,,,,,,,,,,
842,,,,,,,,,,,,
842,Accepted-Wait,Value 409,19.093315745844084,Accepted,Medium,Wait,Org line A2,A2_1,pl,W15 2nd,PROD509,POLAND
842,,,,,,,,,,,,
843,Accepted-Assigned,Value 259,19.057843073542703,Accepted,Medium,Assigned,Org line A2,A2_3,pl,N26 2nd,PROD791,POLAND
843,,,,,,,,,,,,
843,,,,,,,,,,,,
843,Completed-Closed,Value 160,19.061570644587334,Completed,Medium,Closed,Org line A2,A2_3,pl,N26 2nd,PROD791,POLAND
844,Accepted-In Progress,Value 41,19.057815464992295,Accepted,Medium,In Progress,Org line A2,A2_3,se,G349 3rd,PROD40,Sweden
844,,,,,,,,,,,,
845,Accepted-In Progress,Value 355,19.057838171639684,Accepted,High,In Progress,Org line C,E_10,in,G263 2nd,PROD494,Sweden
845,,,,,,,,,,,,
845,,,,,,,,,,,,
845,Queued-Awaiting Assignment,Value 86,19.057865568051657,Queued,High,Awaiting Assignment,Org line C,E_10,in,G236 2nd,PROD494,Sweden
845,,,,,,,,,,,,
845,,,,,,,,,,,,
845,Accepted-In Progress,Value 355,19.057865959347993,Accepted,High,In Progress,Org line C,E_10,in,G236 2nd,PROD494,Sweden
845,,,,,,,,,,,,
845,,,,,,,,,,,,
845,Queued-Awaiting Assignment,Value 86,19.064739450352878,Queued,High,Awaiting Assignment,Org line C,E_10,in,G236 2nd,PROD494,Sweden
845,,,,,,,,,,,,
845,,,,,,,,,,,,
845,Completed-Closed,Value 355,19.064745059010022,Completed,High,Closed,Org line C,E_10,in,G236 2nd,PROD494,Sweden
845,,,,,,,,,,,,
845,,,,,,,,,,,,
845,Accepted-In Progress,Value 355,19.071896559659944,Accepted,High,In Progress,Org line C,E_10,in,G236 2nd,PROD494,Sweden
845,,,,,,,,,,,,
845,,,,,,,,,,,,
845,Completed-Closed,Value 355,19.071926655076023,Completed,High,Closed,Org line C,E_10,in,G236 2nd,PROD494,Sweden
846,Accepted-In Progress,Value 31,19.057864600385734,Accepted,High,In Progress,Org line G4,,se,S33 2nd,PROD448,Sweden
846,,,,,,,,,,,,
847,Accepted-In Progress,Value 43,19.05786866140365,Accepted,Medium,In Progress,Org line G3,,us,G199 3rd,PROD98,POLAND
847,,,,,,,,,,,,
848,Accepted-In Progress,Value 29,19.0578858042168,Accepted,Medium,In Progress,Org line A2,A2_1,gb,G42 3rd,PROD236,United Kingdom
848,,,,,,,,,,,,
848,,,,,,,,,,,,
848,Accepted-In Progress,Value 28,19.075105578353565,Accepted,Medium,In Progress,Org line A2,A2_1,gb,G42 3rd,PROD236,United Kingdom
848,,,,,,,,,,,,
848,,,,,,,,,,,,
848,Completed-Closed,Value 84,19.095588553893457,Completed,Medium,Closed,Org line A2,A2_1,gb,G42 3rd,PROD236,POLAND
849,Accepted-In Progress,Value 39,19.057899996255546,Accepted,Low,In Progress,Org line C,E_7,in,G157 2nd,PROD674,Sweden
849,,,,,,,,,,,,
850,Accepted-In Progress,Value 255,19.057922040047487,Accepted,Medium,In Progress,Org line A2,A2_2,in,J7 2nd,PROD471,POLAND
850,,,,,,,,,,,,
850,,,,,,,,,,,,
850,Accepted-In Progress,Value 355,19.057927089588414,Accepted,Medium,In Progress,Org line C,E_10,in,G236 2nd,PROD471,Sweden
850,,,,,,,,,,,,
851,Accepted-In Progress,Value 126,19.057958554792005,Accepted,Major,In Progress,Org line A2,A2_3,se,U6 2nd,PROD831,Sweden
851,,,,,,,,,,,,
851,,,,,,,,,,,,
851,Completed-Closed,Value 126,19.058334130893623,Completed,Major,Closed,Org line A2,A2_3,se,U6 2nd,PROD831,Sweden
852,Queued-Awaiting Assignment,Value 150,19.057970948141,Queued,High,Awaiting Assignment,Org line C,C_6,se,G248 3rd,PROD585,USA
852,,,,,,,,,,,,
852,,,,,,,,,,,,
853,Accepted-In Progress,Value 410,19.05800659931198,Accepted,High,In Progress,Org line C,C_5,fr,V43 3rd,PROD609,France
853,,,,,,,,,,,,
854,Accepted-In Progress,Value 150,19.058204695790085,Accepted,High,In Progress,Org line C,C_6,in,G248 3rd,PROD585,USA
854,,,,,,,,,,,,
854,,,,,,,,,,,,
854,Completed-Closed,Value 411,19.058285647548757,Completed,High,Closed,Org line C,E_5,in,G77,PROD585,INDIA
855,Accepted-In Progress,Value 321,19.058280176970356,Accepted,Medium,In Progress,Org line C,E_4,us,G88 2nd,PROD815,INDIA
855,,,,,,,,,,,,
855,,,,,,,,,,,,
856,Accepted-In Progress,Value 2,19.05826830016235,Accepted,Low,In Progress,Org line V2,,se,T3 2nd,PROD61,Sweden
856,,,,,,,,,,,,
857,Accepted-In Progress,Value 206,19.05829130837664,Accepted,Medium,In Progress,Org line G4,,se,S33 2nd,PROD527,Sweden
857,,,,,,,,,,,,
857,,,,,,,,,,,,
857,Completed-Closed,Value 206,19.116014202863177,Completed,Medium,Closed,Org line G4,,se,S33 2nd,PROD527,Sweden
858,Accepted-In Progress,Value 285,19.058311446076008,Accepted,Low,In Progress,Org line C,E_10,se,G138 2nd,PROD802,Sweden
858,,,,,,,,,,,,
858,,,,,,,,,,,,
858,Accepted-Wait,Value 123,19.058326678575536,Accepted,Low,Wait,Org line C,E_10,se,G138 2nd,PROD802,Sweden
858,,,,,,,,,,,,
859,Accepted-In Progress,Value 164,19.058297487152196,Accepted,Low,In Progress,Org line G4,,se,S33 2nd,PROD397,Sweden
859,,,,,,,,,,,,
860,Accepted-In Progress,Value 161,19.0582979364201,Accepted,Low,In Progress,Org line A2,A2_4,us,L23 3rd,PROD546,Sweden
860,,,,,,,,,,,,
861,Accepted-In Progress,Value 289,19.058366867582052,Accepted,Medium,In Progress,Org line G4,,se,S33 2nd,PROD448,Sweden
861,,,,,,,,,,,,
861,,,,,,,,,,,,
861,Completed-Closed,Value 289,19.086327109860854,Completed,Medium,Closed,Org line G4,,se,S33 2nd,PROD448,Sweden
862,Accepted-In Progress,Value 43,19.058390338610067,Accepted,Medium,In Progress,Org line G3,,us,G199 3rd,PROD97,POLAND
862,,,,,,,,,,,,
863,Accepted-In Progress,Value 24,19.05841415788996,Accepted,Low,In Progress,Org line C,C_6,se,G268 3rd,PROD805,Sweden
863,,,,,,,,,,,,
864,Accepted-In Progress,Value 412,19.058420129797074,Accepted,Medium,In Progress,Org line C,E_7,in,G165 2nd,PROD671,INDIA
864,,,,,,,,,,,,
865,Accepted-In Progress,Value 77,19.05847809243724,Accepted,Major,In Progress,Org line C,E_7,se,G160 2nd,PROD327,Sweden
865,,,,,,,,,,,,
865,,,,,,,,,,,,
865,Accepted-Wait,Value 77,19.05979003031199,Accepted,Major,Wait,Org line C,E_7,se,G160 2nd,PROD327,Sweden
865,,,,,,,,,,,,
865,,Value 413,,,,,,,,,,
865,Accepted-Assigned,Value 77,19.061940158724806,Accepted,Major,Assigned,Org line C,E_7,se,G160 2nd,PROD327,Sweden
865,,,,,,,,,,,,
865,,,,,,,,,,,,
866,Accepted-In Progress,Value 414,19.058519533031085,Accepted,Medium,In Progress,Org line A2,D_1,in,L50 3rd,PROD611,Sweden
866,,,,,,,,,,,,
867,Accepted-In Progress,Value 348,19.05873015490947,Accepted,Medium,In Progress,Org line C,C_6,se,G269 3rd,PROD621,Sweden
867,,,,,,,,,,,,
868,Accepted-In Progress,Value 108,19.05887237435029,Accepted,Medium,In Progress,Org line A2,A2_3,se,G362 3rd,PROD241,Sweden
868,,,,,,,,,,,,
869,Accepted-In Progress,Value 415,19.058849553827006,Accepted,Low,In Progress,Org line C,E_4,in,G87 2nd,PROD565,INDIA
869,,,,,,,,,,,,
869,,,,,,,,,,,,
869,Completed-Closed,Value 415,19.07191150841451,Completed,Low,Closed,Org line C,E_4,in,G87 2nd,PROD565,INDIA
870,Accepted-In Progress,Value 168,19.058885538174557,Accepted,Medium,In Progress,Org line V11,,gb,V50 2nd,PROD158,United Kingdom
870,,,,,,,,,,,,
870,,,,,,,,,,,,
871,Accepted-In Progress,Value 358,19.058884323222113,Accepted,High,In Progress,Org line C,C_1,us,G14 3rd,PROD332,USA
871,,,,,,,,,,,,
872,Accepted-In Progress,Value 196,19.059180236748396,Accepted,Low,In Progress,Org line V2,,se,T13 2nd,PROD399,Sweden
872,,,,,,,,,,,,
873,Accepted-In Progress,Value 77,19.05918717047022,Accepted,High,In Progress,Org line C,E_7,se,G160 2nd,PROD673,Sweden
873,,,,,,,,,,,,
874,Accepted-In Progress,Value 77,19.059218062705952,Accepted,Medium,In Progress,Org line C,C_1,be,G56 3rd,PROD816,Belgium
874,,,,,,,,,,,,
874,,,,,,,,,,,,
874,Queued-Awaiting Assignment,Value 77,19.05923988736321,Queued,Medium,Awaiting Assignment,Org line C,C_1,be,G56 3rd,PROD816,Belgium
874,,,,,,,,,,,,
874,,,,,,,,,,,,
874,Completed-Closed,Value 416,19.06192326959778,Completed,Medium,Closed,Org line C,E_1,be,G55 2nd,PROD816,INDIA
875,Accepted-In Progress,Value 417,19.059225946674115,Accepted,Medium,In Progress,Org line C,E_7,se,G153 2nd,PROD673,France
875,,,,,,,,,,,,
875,,,,,,,,,,,,
875,Completed-Closed,Value 417,19.074704897387594,Completed,Medium,Closed,Org line C,E_7,se,G153 2nd,PROD673,France
876,Accepted-In Progress,Value 149,19.05924770251299,Accepted,Medium,In Progress,Org line C,E_6,fr,V29 2nd,PROD673,France
876,,,,,,,,,,,,
877,Accepted-In Progress,Value 42,19.059264594644958,Accepted,High,In Progress,Org line C,E_10,se,S52 2nd,PROD626,Sweden
877,,,,,,,,,,,,
877,,,,,,,,,,,,
877,Completed-Closed,Value 42,19.061073921704207,Completed,High,Closed,Org line C,C_6,se,M7 2nd,PROD626,Sweden
877,,Value 418,,,,,,,,S37,,
877,,,,,,,,,,,,
877,Accepted-In Progress,Value 43,19.077839267035426,Accepted,High,In Progress,Org line C,V3_2,se,S25,PROD626,Sweden
877,,,,,,,,,,,,
878,Accepted-In Progress,Value 150,19.05932051248341,Accepted,Major,In Progress,Org line C,E_4,se,G88 2nd,PROD348,USA
878,,,,,,,,,,,,
878,,,,,,,,,,,,
878,Completed-Closed,Value 419,19.059330006060875,Completed,Major,Closed,Org line C,E_1,se,M28 2nd,PROD348,Sweden
878,,,,,,,,,,,,
878,,,,,,,,,,,,
879,Accepted-In Progress,Value 43,19.05935173851625,Accepted,Medium,In Progress,Org line G3,,us,G199 3rd,PROD97,POLAND
879,,,,,,,,,,,,
880,Accepted-In Progress,Value 285,19.05943645151146,Accepted,Medium,In Progress,Org line C,E_10,se,G138 2nd,PROD802,Sweden
880,,,,,,,,,,,,
880,,,,,,,,,,,,
880,Accepted-In Progress,Value 114,19.059600170912965,Accepted,Medium,In Progress,Org line C,C_6,se,G290 3rd,PROD802,Sweden
880,,,,,,,,,,S40,,
880,,Value 420,,,,,,,,G80,,
880,Queued-Awaiting Assignment,Value 285,19.05989408906797,Queued,Medium,Awaiting Assignment,Org line C,E_10,se,G138 2nd,PROD802,Sweden
880,,,,,,,,,,,,
880,,,,,,,,,,,,
880,Completed-Closed,Value 114,19.067380726702325,Completed,Medium,Closed,Org line C,C_6,se,G290 3rd,PROD802,Sweden
881,Accepted-In Progress,Value 211,19.059621454102878,Accepted,Medium,In Progress,Org line G4,,se,S33 2nd,PROD374,Sweden
881,,,,,,,,,,,,
882,Accepted-In Progress,Value 421,19.05962744519691,Accepted,Low,In Progress,Org line C,C_6,se,G268 3rd,PROD802,Sweden
882,,,,,,,,,,,,
882,,,,,,,,,,,,
883,Accepted-In Progress,Value 88,19.059642203721243,Accepted,Medium,In Progress,Org line G4,,se,S30 2nd,PROD412,Sweden
883,,,,,,,,,,,,
883,,,,,,,,,,,,
883,Completed-Closed,Value 88,19.064011938367383,Completed,Medium,Closed,Org line G4,,se,S30 2nd,PROD412,Sweden
884,Accepted-In Progress,Value 88,19.059652871317272,Accepted,Medium,In Progress,Org line G4,,se,S30 2nd,PROD412,Sweden
884,,,,,,,,,,,,
884,,,,,,,,,,,,
884,Completed-Closed,Value 88,19.11507861207646,Completed,Medium,Closed,Org line G4,,se,S30 2nd,PROD412,Sweden
885,Accepted-In Progress,Value 385,19.059652623234935,Accepted,Medium,In Progress,Org line A2,A2_5,se,A10,PROD461,Sweden
885,,,,,,,,,,,,
886,Accepted-In Progress,Value 422,19.059672358784223,Accepted,Major,In Progress,Org line C,C_6,se,G241 3rd,PROD214,Sweden
886,,,,,,,,,,,,
886,,,,,,,,,,,,
886,Completed-Closed,Value 422,19.081767766086163,Completed,Major,Closed,Org line C,C_6,se,G241 3rd,PROD214,Sweden
887,Accepted-In Progress,Value 112,19.059663855496886,Accepted,Medium,In Progress,Org line C,V3_2,se,M25,PROD815,Sweden
887,,,,,,,,,,,,
888,Accepted-In Progress,Value 311,19.059696078931708,Accepted,Medium,In Progress,Org line C,E_10,se,G253 2nd,PROD683,Sweden
888,,,,,,,,,,,,
888,,,,,,,,,,,,
888,Queued-Awaiting Assignment,Value 39,19.059701694834406,Queued,Medium,Awaiting Assignment,Org line C,C_6,se,G254 3rd,PROD683,Sweden
888,,,,,,,,,,,,
888,,,,,,,,,,,,
888,Completed-Closed,Value 8,19.062401889736197,Completed,Medium,Closed,Org line C,C_6,se,G254 3rd,PROD683,Sweden
889,Accepted-In Progress,Value 29,19.05970446582741,Accepted,Medium,In Progress,Org line A2,A2_1,gb,G42 3rd,PROD236,United Kingdom
889,,,,,,,,,,,,
889,,,,,,,,,,,,
889,Accepted-Assigned,Value 29,19.068339941386714,Accepted,Medium,Assigned,Org line A2,A2_1,gb,G42 3rd,PROD236,United Kingdom
889,,,,,,,,,,,,
889,,,,,,,,,,,,
890,Accepted-In Progress,Value 68,19.05972794770558,Accepted,Medium,In Progress,Org line A2,A2_4,se,G118 2nd,PROD591,Sweden
890,,,,,,,,,,,,
891,Accepted-In Progress,Value 133,19.059723160592874,Accepted,High,In Progress,Org line G4,,se,S33 2nd,PROD374,Sweden
891,,,,,,,,,,,,
891,,,,,,,,,,,,
891,Completed-Closed,Value 133,19.06144868807149,Completed,High,Closed,Org line G4,,se,S33 2nd,PROD374,Sweden
892,Accepted-In Progress,Value 424,19.05981030145647,Accepted,Medium,In Progress,Org line A2,A2_2,br,S2 2nd,PROD53,Brazil
892,,,,,,,,,,,,
893,Queued-Awaiting Assignment,Value 150,19.05984912738806,Queued,Medium,Awaiting Assignment,Org line C,E_4,us,G88 2nd,PROD436,USA
893,,Value 425,,,,,,,,,,
893,,Value 426,,,,,,,,,,
893,Accepted-In Progress,Value 150,19.067928467719515,Accepted,Medium,In Progress,Org line C,C_6,us,N55 3rd,PROD436,USA
893,,,,,,,,,,,,
894,Accepted-In Progress,Value 132,19.061049907416653,Accepted,Medium,In Progress,Org line G4,,se,S33 2nd,PROD374,Sweden
894,,,,,,,,,,,,
895,Accepted-In Progress,Value 41,19.061017922610468,Accepted,Medium,In Progress,Org line A2,A2_3,se,G349 3rd,PROD40,Sweden
895,,,,,,,,,,,,
896,Accepted-In Progress,Value 2,19.0610892597643,Accepted,Medium,In Progress,Org line C,C_6,se,G250 3rd,PROD650,Sweden
896,,,,,,,,,,,,
896,,,,,,,,,,,,
896,Accepted-Assigned,Value 428,19.114638800663364,Accepted,Medium,Assigned,Org line C,C_7,se,G112 3rd,PROD650,Sweden
896,,,,,,,,,,,,
896,,,,,,,,,,,,
897,Accepted-In Progress,Value 43,19.06111879145595,Accepted,Medium,In Progress,Org line G3,,us,G199 3rd,PROD97,POLAND
897,,,,,,,,,,,,
898,Accepted-In Progress,Value 429,19.06111560799945,Accepted,High,In Progress,Org line A2,A2_1,pl,N14 2nd,PROD776,POLAND
898,,,,,,,,,,,,
898,,,,,,,,,,,,
898,Completed-Closed,Value 429,19.06190345729288,Completed,High,Closed,Org line A2,A2_1,pl,N14 2nd,PROD776,POLAND
899,Accepted-In Progress,Value 6,19.061118722937955,Accepted,High,In Progress,Org line V7n,,nl,V37 2nd,PROD542,Netherlands
899,,,,,,,,,,,,
899,,,,,,,,,,,,
899,Accepted-In Progress,Value 5,19.11678357726416,Accepted,High,In Progress,Org line V7n,,nl,V37 2nd,PROD542,Netherlands
899,,,,,,,,,,,,
900,Accepted-In Progress,Value 299,19.06114021627623,Accepted,Medium,In Progress,Org line C,E_4,us,G88 2nd,PROD793,INDIA
900,,,,,,,,,,,,
900,,,,,,,,,,,,
901,Accepted-In Progress,Value 430,19.06150404662439,Accepted,High,In Progress,Org line C,,fr,U5 2nd,PROD348,France
901,,,,,,,,,,,,
901,,,,,,,,,,,,
901,Completed-Closed,Value 236,19.081874967919074,Completed,High,Closed,Org line C,,fr,U5 2nd,PROD348,France
902,Accepted-In Progress,Value 299,19.061536742927217,Accepted,Medium,In Progress,Org line C,E_4,us,G88 2nd,PROD794,INDIA
902,,,,,,,,,,,,
903,Accepted-In Progress,Value 431,19.06155957596655,Accepted,High,In Progress,Org line C,E_8,in,G186 2nd,PROD597,INDIA
903,,,,,,,,,,,,
903,,,,,,,,,,,,
903,Completed-Closed,Value 431,19.068866551657667,Completed,High,Closed,Org line C,E_8,in,G186 2nd,PROD597,INDIA
904,Accepted-In Progress,Value 45,19.06153943508241,Accepted,Medium,In Progress,Org line V2,,se,T3 2nd,PROD58,Sweden
904,,,,,,,,,,,,
905,Accepted-In Progress,Value 299,19.061540430809206,Accepted,Major,In Progress,Org line C,E_4,us,G88 2nd,PROD793,INDIA
905,,,,,,,,,,,,
906,Accepted-In Progress,Value 7,19.061593766598822,Accepted,Medium,In Progress,Org line C,E_10,se,G240 2nd,PROD214,Sweden
906,,,,,,,,,,,,
906,,,,,,,,,,,,
906,Completed-Closed,Value 7,19.099921871998365,Completed,Medium,Closed,Org line C,E_10,se,G240 2nd,PROD214,Sweden
907,Accepted-In Progress,Value 24,19.061586169952264,Accepted,Major,In Progress,Org line C,E_8,in,G186 2nd,PROD474,Sweden
907,,,,,,,,,,,,
907,,,,,,,,,,,,
907,Completed-Closed,Value 24,19.068866138492535,Completed,Major,Closed,Org line C,E_8,in,G186 2nd,PROD474,Sweden
907,,,,,,,,,,,,
907,,,,,,,,,,,,
908,Accepted-In Progress,Value 93,19.061574290198582,Accepted,High,In Progress,Org line G4,,se,S28 2nd,PROD108,Sweden
908,,,,,,,,,,,,
908,,,,,,,,,,,,
909,Accepted-In Progress,Value 43,19.061632175666784,Accepted,Medium,In Progress,Org line G3,,us,G199 3rd,PROD97,POLAND
909,,,,,,,,,,,,
910,Accepted-In Progress,Value 187,19.061621481752713,Accepted,Major,In Progress,Org line C,E_8,in,G186 2nd,PROD474,INDIA
910,,,,,,,,,,,,
910,,,,,,,,,,,,
910,Accepted-Wait,Value 432,19.080936627874358,Accepted,Major,Wait,Org line C,E_8,in,G181 2nd,PROD474,INDIA
910,,,,,,,,,,,,
910,,,,,,,,,,,,
910,Accepted-Assigned,Value 232,19.093685837806305,Accepted,Major,Assigned,Org line C,E_8,in,G186 2nd,PROD474,Sweden
910,,,,,,,,,,,,
910,,,,,,,,,,,,
911,Accepted-In Progress,Value 43,19.06195994397167,Accepted,Medium,In Progress,Org line G3,,us,G199 3rd,PROD98,POLAND
911,,,,,,,,,,,,
912,Accepted-In Progress,Value 43,19.061973620156515,Accepted,Medium,In Progress,Org line G3,,us,G199 3rd,PROD97,POLAND
912,,,,,,,,,,,,
913,Accepted-In Progress,Value 433,19.062031098110634,Accepted,High,In Progress,Org line C,E_1,be,G55 2nd,PROD745,Sweden
913,,,,,,,,,,,,
913,,,,,,,,,,,,
913,Completed-Closed,Value 433,19.103421798100126,Completed,High,Closed,Org line C,E_1,be,G55 2nd,PROD745,Sweden
914,Accepted-In Progress,Value 88,19.062386466517495,Accepted,High,In Progress,Org line G4,,se,S30 2nd,PROD412,Sweden
914,,,,,,,,,,,,
914,,,,,,,,,,,,
914,Accepted-In Progress,Value 88,19.06246853846707,Accepted,High,In Progress,Org line G4,,se,S30 2nd,PROD412,Sweden
914,,,,,,,,,,,,
915,Accepted-In Progress,Value 43,19.062442657474353,Accepted,Medium,In Progress,Org line G3,,us,G199 3rd,PROD96,POLAND
915,,,,,,,,,,,,
916,Accepted-In Progress,Value 434,19.062400326369573,Accepted,Major,In Progress,Org line F,,be,G207 2nd,PROD821,Belgium
916,,,,,,,,,,,,
916,,,,,,,,,,,,
916,Queued-Awaiting Assignment,Value 77,19.069292151821816,Queued,Major,Awaiting Assignment,Org line C,C_1,be,G56 3rd,PROD821,Belgium
916,,,,,,,,,,,,
916,,,,,,,,,,,,
917,Accepted-In Progress,Value 435,19.06245943256065,Accepted,Low,In Progress,Org line C,E_7,in,G165 2nd,PROD674,INDIA
917,,,,,,,,,,,,
918,Accepted-Wait,Value 143,19.06252775115373,Accepted,Medium,Wait,Org line A2,A2_1,gb,G42 3rd,PROD236,United Kingdom
918,,,,,,,,,,,,
918,,,,,,,,,,,,
919,Accepted-In Progress,Value 436,19.062781620672716,Accepted,Major,In Progress,Org line C,E_5,fr,V56 2nd,PROD378,France
919,,,,,,,,,,,,
920,Accepted-In Progress,Value 123,19.06278930821786,Accepted,Medium,In Progress,Org line C,C_6,se,G269 3rd,PROD807,Sweden
920,,,,,,,,,,,,
920,,,,,,,,,,,,
920,Completed-Closed,Value 348,19.073750590163836,Completed,Medium,Closed,Org line C,C_6,se,G269 3rd,PROD807,Sweden
921,Accepted-In Progress,Value 63,19.062959813405747,Accepted,High,In Progress,Org line C,E_9,se,N12 2nd,PROD277,Sweden
921,,,,,,,,,,,,
922,Accepted-In Progress,Value 76,19.062989826507167,Accepted,Medium,In Progress,Org line G4,,se,S33 2nd,PROD304,Sweden
922,,,,,,,,,,,,
923,Accepted-In Progress,Value 437,19.063008070665678,Accepted,Major,In Progress,Org line C,C_5,0,L65 3rd,PROD474,France
923,,,,,,,,,,,,
924,Accepted-In Progress,Value 43,19.063894247531245,Accepted,Medium,In Progress,Org line G3,,us,G199 3rd,PROD97,POLAND
924,,,,,,,,,,,,
925,Accepted-In Progress,Value 43,19.06390705108203,Accepted,Medium,In Progress,Org line G3,,us,G199 3rd,PROD97,POLAND
925,,,,,,,,,,,,
926,Accepted-In Progress,Value 8,19.064195077135096,Accepted,Medium,In Progress,Org line G4,,se,S33 2nd,PROD374,Sweden
926,,,,,,,,,,,,
927,Accepted-In Progress,Value 232,19.064207803273774,Accepted,Medium,In Progress,Org line C,E_3,se,G71 2nd,PROD386,Sweden
927,,,,,,,,,,,,
928,Accepted-In Progress,Value 43,19.064309286069914,Accepted,Medium,In Progress,Org line G3,,us,G199 3rd,PROD97,POLAND
928,,,,,,,,,,,,
929,Accepted-In Progress,Value 331,19.06422214757119,Accepted,High,In Progress,Org line C,E_7,in,G165 2nd,PROD22,France
929,,,,,,,,,,,,
930,Accepted-In Progress,Value 434,19.0642270970942,Accepted,Medium,In Progress,Org line F,,se,G207 2nd,PROD766,Belgium
930,,,,,,,,,,,,
930,,,,,,,,,,,,
930,Completed-Closed,Value 434,19.09379884497776,Completed,Medium,Closed,Org line F,,se,G207 2nd,PROD766,Belgium
931,Accepted-In Progress,Value 438,19.064253436341208,Accepted,Low,In Progress,Org line C,V3_3,gb,W1,PROD473,United Kingdom
931,,,,,,,,,,,,
931,,,,,,,,,,,,
931,Accepted-Assigned,Value 438,19.064255432904556,Accepted,Low,Assigned,Org line C,V3_3,gb,W1,PROD473,United Kingdom
931,,,,,,,,,,,,
932,Accepted-In Progress,Value 133,19.06427195694029,Accepted,Medium,In Progress,Org line G4,,se,S33 2nd,PROD374,Sweden
932,,,,,,,,,,,,
932,,,,,,,,,,,,
932,Completed-Closed,Value 133,19.089527486011626,Completed,Medium,Closed,Org line G4,,se,S33 2nd,PROD374,Sweden
933,Accepted-In Progress,Value 434,19.06427285537765,Accepted,Medium,In Progress,Org line F,,se,G207 2nd,PROD753,Belgium
933,,,,,,,,,,,,
934,Accepted-In Progress,Value 256,19.064296251242943,Accepted,Medium,In Progress,Org line A2,A2_3,pl,N26 2nd,PROD791,POLAND
934,,,,,,,,,,,,
935,Accepted-In Progress,Value 385,19.06429147544156,Accepted,Medium,In Progress,Org line A2,A2_5,se,A10,PROD461,Sweden
935,,,,,,,,,,,,
935,,,,,,,,,,,,
935,Completed-Closed,Value 385,19.106435946033116,Completed,Medium,Closed,Org line A2,A2_5,se,A10,PROD461,Sweden
936,Accepted-In Progress,Value 106,19.06463797969124,Accepted,Medium,In Progress,Org line G4,,se,S29 2nd,PROD551,Sweden
936,,,,,,,,,,,,
937,Accepted-In Progress,Value 439,19.064710939192665,Accepted,Major,In Progress,Org line C,E_1,be,G213 2nd,PROD715,Sweden
937,,,,,,,,,,,,
938,Accepted-In Progress,Value 440,19.064729209746037,Accepted,Low,In Progress,Org line A2,A2_3,se,G348 2nd,PROD484,Sweden
938,,,,,,,,,,,,
939,Accepted-In Progress,Value 441,19.064752264092704,Accepted,Medium,In Progress,Org line V2,,se,T3 2nd,PROD60,Sweden
939,,,,,,,,,,,,
940,Accepted-In Progress,Value 129,19.064882046470103,Accepted,High,In Progress,Org line A2,A2_3,se,S21 2nd,PROD722,Sweden
940,,,,,,,,,,,,
940,,,,,,,,,,,,
940,Completed-Closed,Value 442,19.065589789946497,Completed,High,Closed,Org line A2,A2_3,se,S21 2nd,PROD722,Sweden
941,Accepted-In Progress,Value 440,19.065078029782054,Accepted,Low,In Progress,Org line A2,A2_3,se,G348 2nd,PROD484,Sweden
941,,,,,,,,,,,,
942,Accepted-In Progress,Value 440,19.06508495422923,Accepted,Low,In Progress,Org line A2,A2_3,se,G348 2nd,PROD484,Sweden
942,,,,,,,,,,,,
943,Accepted-In Progress,Value 440,19.06509130640926,Accepted,Low,In Progress,Org line A2,A2_3,se,G348 2nd,PROD484,Sweden
943,,,,,,,,,,,,
944,Accepted-In Progress,Value 20,19.065094178001374,Accepted,Medium,In Progress,Org line C,E_3,us,G67 2nd,PROD151,Sweden
944,,,,,,,,,,,,
945,Accepted-In Progress,Value 113,19.06516668428183,Accepted,Medium,In Progress,Org line C,C_6,se,G141 3rd,PROD661,Sweden
945,,,,,,,,,,,,
945,,,,,,,,,,,,
945,Accepted-In Progress,Value 133,19.065557866064445,Accepted,Medium,In Progress,Org line C,E_4,se,G88 2nd,PROD661,Sweden
945,,,,,,,,,,,,
945,,,,,,,,,,,,
945,Completed-Closed,Value 127,19.071892315361726,Completed,Medium,Closed,Org line C,C_6,se,G250 3rd,PROD661,Sweden
946,Accepted-In Progress,Value 68,19.065184316602984,Accepted,Major,In Progress,Org line C,E_7,in,G153 2nd,PROD715,Sweden
946,,,,,,,,,,,,
946,,,,,,,,,,,,
946,Queued-Awaiting Assignment,Value 337,19.06600028621619,Queued,Major,Awaiting Assignment,Org line C,E_7,in,G162 2nd,PROD715,INDIA
946,,,,,,,,,,,,
946,,,,,,,,,,,,
946,Accepted-In Progress,Value 176,19.071407470844992,Accepted,Major,In Progress,Org line C,E_7,in,G157 2nd,PROD715,INDIA
946,,,,,,,,,,,,
946,,,,,,,,,,,,
946,Accepted-In Progress,Value 176,19.07234387233858,Accepted,Major,In Progress,Org line C,E_7,in,G157 2nd,PROD715,INDIA
946,,,,,,,,,,,,
946,,,,,,,,,,,,
946,Completed-Closed,Value 443,19.073695062277515,Completed,Major,Closed,Org line C,E_7,in,G165 2nd,PROD715,INDIA
947,Accepted-In Progress,Value 43,19.065209517841716,Accepted,Medium,In Progress,Org line G3,,us,G199 3rd,PROD96,POLAND
947,,,,,,,,,,,,
948,Accepted-In Progress,Value 88,19.065221501461444,Accepted,Medium,In Progress,Org line A2,A2_3,us,N5 2nd,PROD231,USA
948,,,,,,,,,,,,
949,Accepted-In Progress,Value 164,19.065538025939176,Accepted,Medium,In Progress,Org line G4,,se,S33 2nd,PROD397,Sweden
949,,,,,,,,,,,,
950,Accepted-In Progress,Value 211,19.065567379319987,Accepted,Low,In Progress,Org line G4,,se,S33 2nd,PROD374,Sweden
950,,,,,,,,,,,,
951,Accepted-In Progress,Value 439,19.065600740589755,Accepted,Major,In Progress,Org line C,E_1,be,G213 2nd,PROD715,Sweden
951,,,,,,,,,,,,
952,Accepted-In Progress,Value 444,19.065644893500238,Accepted,Medium,In Progress,Org line A2,A2_3,se,G362 3rd,PROD241,POLAND
952,,,,,,,,,,,,
952,,,,,,,,,,,,
953,Accepted-In Progress,Value 253,19.06569831512852,Accepted,Medium,In Progress,Org line A2,A2_1,pl,W16 3rd,PROD761,POLAND
953,,,,,,,,,,,,
953,,,,,,,,,,,,
954,Queued-Awaiting Assignment,Value 165,19.065748801243373,Queued,Major,Awaiting Assignment,Org line C,V3_3,us,N22 2nd,PROD306,USA
954,,,,,,,,,,,,
954,,,,,,,,,,,,
955,Accepted-In Progress,Value 50,19.06600450839136,Accepted,Low,In Progress,Org line A2,A2_1,pl,W15 2nd,PROD756,POLAND
955,,,,,,,,,,,,
956,Accepted-In Progress,Value 322,19.066024732625458,Accepted,Medium,In Progress,Org line A2,D_1,in,L50 3rd,PROD611,Sweden
956,,,,,,,,,,,,
956,,,,,,,,,,,,
957,Accepted-In Progress,Value 68,19.06603492326064,Accepted,High,In Progress,Org line C,E_7,us,G153 2nd,PROD597,Sweden
957,,,,,,,,,,,,
957,,,,,,,,,,,,
957,Queued-Awaiting Assignment,Value 337,19.066040372559232,Queued,High,Awaiting Assignment,Org line C,E_7,us,G162 2nd,PROD597,INDIA
957,,,,,,,,,,,,
957,,,,,,,,,,,,
957,Accepted-In Progress,Value 175,19.06926096280631,Accepted,High,In Progress,Org line C,E_7,us,G153 2nd,PROD597,INDIA
957,,,,,,,,,,,,
957,,,,,,,,,,,,
957,Accepted-Assigned,Value 128,19.080961936455488,Accepted,High,Assigned,Org line A2,D_1,us,N31 3rd,PROD597,USA
957,,,,,,,,,,,,
958,Accepted-In Progress,Value 446,19.066059122325107,Accepted,Major,In Progress,Org line C,E_4,in,G93 2nd,PROD219,Sweden
958,,,,,,,,,,,,
958,,,,,,,,,,,,
958,Completed-Closed,Value 446,19.092422657675158,Completed,Major,Closed,Org line C,E_4,in,G93 2nd,PROD219,Sweden
958,,,,,,,,,,,,
958,,,,,,,,,,,,
958,Accepted-In Progress,Value 446,19.092429262530104,Accepted,Major,In Progress,Org line C,E_4,in,G93 2nd,PROD219,Sweden
958,,,,,,,,,,,,
959,Queued-Awaiting Assignment,Value 76,19.066102373940662,Queued,Medium,Awaiting Assignment,Org line A2,A2_2,se,G25 3rd,PROD179,Sweden
959,,,,,,,,,,,,
959,,,,,,,,,,,,
960,Accepted-In Progress,Value 447,19.06618931205263,Accepted,High,In Progress,Org line C,V3_2,fr,T14,PROD436,France
960,,,,,,,,,,,,
960,,,,,,,,,,,,
961,Accepted-In Progress,Value 111,19.06620232222738,Accepted,Medium,In Progress,Org line A2,A2_5,us,N30 2nd,PROD487,USA
961,,,,,,,,,,,,
962,Accepted-In Progress,Value 180,19.066275996162393,Accepted,Medium,In Progress,Org line B,E_6,br,S16,PROD119,Brazil
962,,,,,,,,,,,,
962,,Value 448,,,,,,,,,,
962,Queued-Awaiting Assignment,Value 282,19.072412509161072,Queued,Medium,Awaiting Assignment,Org line A2,A2_3,br,S3 2nd,PROD119,Brazil
962,,Value 184,,,,,,,,,,
962,,Value 184,,,,,,,,,,
963,Accepted-In Progress,Value 394,19.067391301590625,Accepted,High,In Progress,Org line C,E_6,fr,V29 2nd,PROD193,France
963,,,,,,,,,,,,
963,,,,,,,,,,,,
964,Accepted-In Progress,Value 432,19.067404977023298,Accepted,Medium,In Progress,Org line C,E_8,in,G181 2nd,PROD476,INDIA
964,,,,,,,,,,,,
964,,,,,,,,,,,,
964,Completed-Closed,Value 432,19.073860918551816,Completed,Medium,Closed,Org line C,E_8,in,G181 2nd,PROD476,INDIA
964,,,,,,,,,,,,
964,,,,,,,,,,,,
964,Completed-Closed,Value 432,19.080881616446142,Completed,Medium,Closed,Org line C,E_8,in,G181 2nd,PROD476,INDIA
965,Accepted-In Progress,Value 15,19.067437795203727,Accepted,Low,In Progress,Org line G4,,se,S28 2nd,PROD343,Sweden
965,,,,,,,,,,,,
966,Accepted-In Progress,Value 449,19.06744737962711,Accepted,Medium,In Progress,Org line C,C_1,fr,L57 3rd,PROD821,France
966,,,,,,,,,,,,
967,Accepted-In Progress,Value 7,19.06749160295701,Accepted,Medium,In Progress,Org line C,E_4,us,G88 2nd,PROD815,Sweden
967,,,,,,,,,,,,
968,Accepted-In Progress,Value 87,19.06751266648458,Accepted,Medium,In Progress,Org line C,E_10,in,G276 2nd,PROD698,Sweden
968,,,,,,,,,,,,
968,,,,,,,,,,,,
969,Accepted-In Progress,Value 149,19.067567281903994,Accepted,High,In Progress,Org line B,C_6,br,S17 3rd,PROD807,Brazil
969,,,,,,,,,,,,
970,Accepted-In Progress,Value 450,19.06773834622597,Accepted,Low,In Progress,Org line C,E_1,us,G13 2nd,PROD433,INDIA
970,,,,,,,,,,,,
971,Accepted-In Progress,Value 451,19.067853873621065,Accepted,Medium,In Progress,Org line C,,se,G163 3rd,PROD278,Sweden
971,,,,,,,,,,,,
971,,,,,,,,,,,,
971,Completed-Closed,Value 119,19.090283737603652,Completed,Medium,Closed,Org line C,,se,G163 3rd,PROD278,Sweden
972,Accepted-In Progress,Value 311,19.067906078033808,Accepted,Major,In Progress,Org line A2,A2_3,se,N4 2nd,PROD55,Sweden
972,,,,,,,,,,,,
973,Accepted-In Progress,Value 63,19.067899225443885,Accepted,Major,In Progress,Org line A2,A2_3,se,S35 2nd,PROD368,Sweden
973,,,,,,,,,,,,
973,,,,,,,,,,,,
973,Completed-Closed,Value 63,19.089260686062275,Completed,Major,Closed,Org line A2,A2_3,se,S35 2nd,PROD368,Sweden
974,Accepted-In Progress,Value 8,19.067997528654075,Accepted,Medium,In Progress,Org line G4,,se,S33 2nd,PROD374,Sweden
974,,,,,,,,,,,,
974,,,,,,,,,,,,
974,Completed-Closed,Value 8,19.070141921173025,Completed,Medium,Closed,Org line G4,,se,S33 2nd,PROD374,Sweden
975,Accepted-In Progress,Value 134,19.068239405851752,Accepted,Medium,In Progress,Org line G4,,se,S30 2nd,PROD412,Sweden
975,,,,,,,,,,,,
975,,,,,,,,,,,,
975,Completed-Closed,Value 134,19.07770959000194,Completed,Medium,Closed,Org line G4,,se,S30 2nd,PROD412,Sweden
976,Accepted-In Progress,Value 77,19.06831709519185,Accepted,Medium,In Progress,Org line C,E_1,be,G55 2nd,PROD221,Belgium
976,,,,,,,,,,,,
976,,,,,,,,,,,,
976,Queued-Awaiting Assignment,Value 254,19.071497355165036,Queued,Medium,Awaiting Assignment,Org line C,E_8,be,G119 2nd,PROD221,INDIA
976,,,,,,,,,,,,
976,,,,,,,,,,,,
976,Queued-Awaiting Assignment,Value 77,19.07997493889866,Queued,Medium,Awaiting Assignment,Org line C,E_1,be,G55 2nd,PROD221,Belgium
976,,,,,,,,,,,,
976,,,,,,,,,,,,
976,Accepted-In Progress,Value 452,19.081784183967375,Accepted,Medium,In Progress,Org line C,E_1,be,G55 2nd,PROD221,Sweden
976,,,,,,,,,,,,
976,,,,,,,,,,,,
977,Accepted-In Progress,Value 453,19.068357742846935,Accepted,Low,In Progress,Org line C,E_4,in,G93 2nd,PROD325,INDIA
977,,,,,,,,,,,,
977,,,,,,,,,,,,
978,Accepted-In Progress,Value 68,19.06840339099866,Accepted,High,In Progress,Org line A2,A2_4,se,G118 2nd,PROD591,Sweden
978,,,,,,,,,,,,
979,Queued-Awaiting Assignment,Value 94,19.068470263557593,Queued,High,Awaiting Assignment,Org line F,,us,S1 2nd,PROD437,Sweden
979,,,,,,,,,,,,
979,,,,,,,,,,,,
979,Accepted-In Progress,Value 165,19.090813533420146,Accepted,High,In Progress,Org line C,V3_3,us,N22 2nd,PROD437,USA
979,,,,,,,,,,,,
980,Accepted-In Progress,Value 454,19.068651970459932,Accepted,Low,In Progress,Org line C,,jp,S30 2nd,PROD683,Japan
980,,,,,,,,,,,,
981,Accepted-In Progress,Value 134,19.06875324387739,Accepted,Medium,In Progress,Org line G4,,se,S30 2nd,PROD412,Sweden
981,,,,,,,,,,,,
981,,,,,,,,,,,,
982,Accepted-In Progress,Value 128,19.068797629169115,Accepted,Medium,In Progress,Org line A2,A2_4,se,M13 2nd,PROD563,Sweden
982,,,,,,,,,,,,
982,,,,,,,,,,,,
983,Accepted-In Progress,Value 43,19.06881110232536,Accepted,Medium,In Progress,Org line G3,,us,G199 3rd,PROD96,POLAND
983,,,,,,,,,,,,
984,Accepted-In Progress,Value 164,19.06882955439697,Accepted,Medium,In Progress,Org line C,E_6,se,S20 2nd,PROD412,Sweden
984,,,,,,,,,,,,
985,Accepted-In Progress,Value 76,19.068847174552317,Accepted,High,In Progress,Org line C,C_6,se,G273 3rd,PROD802,Sweden
985,,,,,,,,,,,,
985,,,,,,,,,,,,
986,Accepted-In Progress,Value 293,19.068866023433863,Accepted,Major,In Progress,Org line C,E_4,us,G88 2nd,PROD348,USA
986,,,,,,,,,,,,
987,Accepted-In Progress,Value 310,19.06887448021115,Accepted,Medium,In Progress,Org line C,E_4,us,G88 2nd,PROD104,USA
987,,,,,,,,,,,,
988,Accepted-In Progress,Value 455,19.06896227061846,Accepted,Medium,In Progress,Org line C,,mx,N13 2nd,PROD572,Mexico
988,,,,,,,,,,,,
989,Accepted-In Progress,Value 444,19.069208646093298,Accepted,High,In Progress,Org line A2,A2_3,se,G362 3rd,PROD241,POLAND
989,,,,,,,,,,,,
989,,,,,,,,,,,,
990,Accepted-In Progress,Value 213,19.069281936820612,Accepted,Medium,In Progress,Org line A2,A2_3,pl,N26 2nd,PROD791,POLAND
990,,,,,,,,,,,,
990,,,,,,,,,,,,
991,Accepted-In Progress,Value 236,19.069260905299686,Accepted,Major,In Progress,Org line C,,fr,U5 2nd,PROD773,France
991,,,,,,,,,,,,
991,,,,,,,,,,,,
992,Accepted-In Progress,Value 236,19.06926477391988,Accepted,Major,In Progress,Org line C,,fr,U5 2nd,PROD773,France
992,,,,,,,,,,,,
992,,,,,,,,,,,,
993,Accepted-In Progress,Value 371,19.069340893819565,Accepted,High,In Progress,Org line C,C_6,se,G273 3rd,PROD803,France
993,,,,,,,,,,,,
993,,,,,,,,,,,,
994,Accepted-In Progress,Value 456,19.070503864936278,Accepted,Medium,In Progress,Org line C,E_4,us,G88 2nd,PROD181,INDIA
994,,,,,,,,,,,,
994,,,,,,,,,,,,
995,Accepted-In Progress,Value 457,19.07051284567168,Accepted,Medium,In Progress,Org line A2,A2_4,fr,V23 2nd,PROD231,France
995,,,,,,,,,,,,
996,Accepted-In Progress,Value 93,19.07054018420462,Accepted,Medium,In Progress,Org line G4,,se,S28 2nd,PROD108,Sweden
996,,,,,,,,,,,,
997,Accepted-In Progress,Value 384,19.070553926286504,Accepted,Medium,In Progress,Org line A2,A2_5,se,A10,PROD461,Sweden
997,,,,,,,,,,,,
997,,,,,,,,,,,,
998,Accepted-In Progress,Value 458,19.07055163421226,Accepted,Low,In Progress,Org line C,C_6,fr,G225 3rd,PROD481,France
998,,,,,,,,,,,,
999,Accepted-In Progress,Value 458,19.07055251658315,Accepted,Low,In Progress,Org line C,C_6,fr,G225 3rd,PROD256,France
999,,,,,,,,,,,,
1000,Accepted-In Progress,Value 133,19.070593908823046,Accepted,High,In Progress,Org line G4,,se,S33 2nd,PROD374,Sweden
1000,,,,,,,,,,,,
1001,Accepted-In Progress,Value 291,19.070625990807166,Accepted,Medium,In Progress,Org line A2,A2_3,se,S21 2nd,PROD231,Sweden
1001,,,,,,,,,,,,
1002,Accepted-In Progress,Value 226,19.070648789534623,Accepted,Medium,In Progress,Org line G4,,se,S33 2nd,PROD397,Sweden
1002,,,,,,,,,,,,
1003,Queued-Awaiting Assignment,Value 459,19.0707003157718,Queued,Major,Awaiting Assignment,Org line A2,A2_1,us,N24 2nd,PROD214,USA
1003,,,,,,,,,,,,
1003,,,,,,,,,,,,
1004,Accepted-In Progress,Value 94,19.070694552482614,Accepted,High,In Progress,Org line F,,us,S1 2nd,PROD807,Sweden
1004,,,,,,,,,,,,
1004,,,,,,,,,,,,
1004,Accepted-In Progress,Value 460,19.110886121650314,Accepted,High,In Progress,Org line C,,us,N6 2nd,PROD807,USA
1004,,,,,,,,,,,,
1005,Accepted-In Progress,Value 310,19.07079134418945,Accepted,Medium,In Progress,Org line C,E_4,us,G88 2nd,PROD214,USA
1005,,,,,,,,,,,,
1006,Accepted-In Progress,Value 2,19.070966320151317,Accepted,Medium,In Progress,Org line C,C_6,se,G250 3rd,PROD660,Sweden
1006,,,,,,,,,,,,
1006,,,,,,,,,,,,
1006,Accepted-Wait,Value 8,19.071598273041058,Accepted,Medium,Wait,Org line C,C_6,se,G250 3rd,PROD660,Sweden
1006,,,,,,,,,,,,
1006,,,,,,,,,,,,
1007,Accepted-Wait,Value 385,19.07097164870257,Accepted,Medium,Wait,Org line A2,A2_5,se,A10,PROD320,Sweden
1007,,,,,,,,,,,,
1007,,,,,,,,,,,,
1007,Completed-Closed,Value 385,19.101631924731112,Completed,Medium,Closed,Org line A2,A2_5,se,A10,PROD320,Sweden
1008,Accepted-In Progress,Value 39,19.071046208909134,Accepted,Major,In Progress,Org line C,C_6,se,G254 3rd,PROD683,Sweden
1008,,,,,,,,,,,,
1009,Accepted-In Progress,Value 187,19.071089548029573,Accepted,Major,In Progress,Org line C,E_8,in,G186 2nd,PROD597,INDIA
1009,,,,,,,,,,,,
1009,,,,,,,,,,,,
1009,Accepted-Assigned,Value 237,19.080002278576405,Accepted,Major,Assigned,Org line C,E_8,in,G186 2nd,PROD597,Sweden
1009,,,,,,,,,,,,
1009,,,,,,,,,,,,
1009,Accepted-In Progress,Value 237,19.0845183446123,Accepted,Major,In Progress,Org line C,E_8,in,G181 2nd,PROD597,Sweden
1009,,,,,,,,,,,,
1009,,,,,,,,,,,,
1009,Completed-Closed,Value 176,19.087589698201207,Completed,Major,Closed,Org line C,E_7,in,G157 2nd,PROD597,INDIA
1009,,,,,,,,,,,,
1009,,,,,,,,,,,,
1010,Accepted-In Progress,Value 55,19.07111019672469,Accepted,Medium,In Progress,Org line C,V3_3,fr,V42 2nd,PROD358,France
1010,,,,,,,,,,,,
1010,,,,,,,,,,,,
1010,Completed-Closed,Value 149,19.111613013406703,Completed,Medium,Closed,Org line C,E_6,fr,V29 2nd,PROD358,France
1011,Accepted-In Progress,Value 44,19.071129258687186,Accepted,Low,In Progress,Org line C,C_6,se,G273 3rd,PROD802,Sweden
1011,,,,,,,,,,,,
1011,,,,,,,,,,,,
1012,Accepted-In Progress,Value 461,19.071373514994068,Accepted,Medium,In Progress,Org line C,E_1,se,G294 2nd,PROD306,INDIA
1012,,,,,,,,,,,,
1013,Accepted-In Progress,Value 155,19.071267273571237,Accepted,Medium,In Progress,Org line A2,D_1,pl,V10 3rd,PROD69,POLAND
1013,,,,,,,,,,,,
1013,,,,,,,,,,,,
1013,Completed-Closed,Value 155,19.08716328174798,Completed,Medium,Closed,Org line A2,D_1,pl,V10 3rd,PROD69,POLAND
1014,Accepted-In Progress,Value 462,19.071369414547505,Accepted,High,In Progress,Org line C,E_3,be,G64 2nd,PROD379,France
1014,,,,,,,,,,,,
1015,Accepted-In Progress,Value 463,19.071398284255203,Accepted,Medium,In Progress,Org line C,E_4,in,G93 2nd,PROD279,Sweden
1015,,,,,,,,,,,,
1016,Accepted-In Progress,Value 123,19.071441628985973,Accepted,Medium,In Progress,Org line C,C_6,se,G269 3rd,PROD802,Sweden
1016,,,,,,,,,,,,
1016,,,,,,,,,,,,
1016,Accepted-In Progress,Value 123,19.071455744700465,Accepted,Medium,In Progress,Org line C,C_6,se,G269 3rd,PROD802,Sweden
1016,,,,,,,,,,,,
1017,Accepted-In Progress,Value 464,19.07142044460743,Accepted,Medium,In Progress,Org line A2,A2_1,se,M28 2nd,PROD715,Sweden
1017,,,,,,,,,,,,
1017,,,,,,,,,,,,
1017,Accepted-In Progress,Value 127,19.071532960287954,Accepted,Medium,In Progress,Org line A2,A2_1,se,M28 2nd,PROD715,Sweden
1017,,,,,,,,,,,,
1017,,,,,,,,,,,,
1017,Accepted-In Progress,Value 127,19.080934250963686,Accepted,Medium,In Progress,Org line A2,A2_1,se,M28 2nd,PROD715,Sweden
1017,,,,,,,,,,,,
1017,,,,,,,,,,,,
1018,Accepted-In Progress,Value 384,19.07149514349531,Accepted,Medium,In Progress,Org line A2,A2_5,se,A10,PROD236,Sweden
1018,,,,,,,,,,,,
1019,Accepted-In Progress,Value 360,19.071507469318753,Accepted,Medium,In Progress,Org line C,C_6,se,G273 3rd,PROD804,Sweden
1019,,,,,,,,,,,,
1019,,,,,,,,,,,,
1020,Accepted-In Progress,Value 466,19.071503995361038,Accepted,Medium,In Progress,Org line C,E_7,se,G153 2nd,PROD673,INDIA
1020,,,,,,,,,,,,
1021,Accepted-In Progress,Value 285,19.071534212129738,Accepted,Low,In Progress,Org line A2,A2_3,se,S35 2nd,PROD368,Sweden
1021,,,,,,,,,,,,
1022,Queued-Awaiting Assignment,Value 427,19.07153860921159,Queued,Medium,Awaiting Assignment,Org line C,C_6,se,G148 3rd,PROD544,Sweden
1022,,,,,,,,,,,,
1022,,,,,,,,,,,,
1023,Accepted-In Progress,Value 30,19.07154102942396,Accepted,Low,In Progress,Org line A2,A2_2,se,G30 2nd,PROD378,USA
1023,,,,,,,,,,,,
1024,Accepted-In Progress,Value 31,19.07155145609086,Accepted,Medium,In Progress,Org line V2,,se,T2 2nd,PROD492,Sweden
1024,,,,,,,,,,,,
1025,Accepted-In Progress,Value 133,19.071579225232654,Accepted,Low,In Progress,Org line G4,,se,S33 2nd,PROD374,Sweden
1025,,,,,,,,,,,,
1026,Accepted-In Progress,Value 293,19.071561230666354,Accepted,Low,In Progress,Org line A2,A2_5,us,N30 2nd,PROD485,USA
1026,,,,,,,,,,,,
1027,Accepted-In Progress,Value 128,19.071835104217982,Accepted,Major,In Progress,Org line C,E_1,be,G213 2nd,PROD715,Sweden
1027,,,,,,,,,,,,
1028,Accepted-In Progress,Value 254,19.071788798963507,Accepted,Major,In Progress,Org line C,E_8,se,G119 2nd,PROD72,INDIA
1028,,,,,,,,,,,,
1028,,Value 467,,,,,,,,,,
1028,Accepted-In Progress,Value 280,19.07186970139542,Accepted,Major,In Progress,Org line C,C_5,se,G120 3rd,PROD72,France
1028,,,,,,,,,,,,
1029,Accepted-In Progress,Value 8,19.071885557817808,Accepted,Medium,In Progress,Org line G4,,se,S29 2nd,PROD411,Sweden
1029,,,,,,,,,,,,
1029,,,,,,,,,,,,
1029,Accepted-In Progress,Value 468,19.08363158969005,Accepted,Medium,In Progress,Org line G4,,se,S29 2nd,PROD411,Sweden
1029,,,,,,,,,,,,
1029,,,,,,,,,,,,
1029,Completed-Closed,Value 39,19.099531434979156,Completed,Medium,Closed,Org line A2,A2_3,se,M3 2nd,PROD411,Sweden
1030,Accepted-In Progress,Value 276,19.071893655393943,Accepted,Major,In Progress,Org line C,E_4,us,G88 2nd,PROD793,INDIA
1030,,,,,,,,,,,,
1031,Accepted-In Progress,Value 469,19.07192286452167,Accepted,High,In Progress,Org line A2,A2_4,us,G113 2nd,PROD521,Sweden
1031,,,,,,,,,,,,
1031,,,,,,,,,,,,
1032,Accepted-In Progress,Value 140,19.07196858484391,Accepted,Medium,In Progress,Org line A2,D_1,se,L38 3rd,PROD607,Sweden
1032,,,,,,,,,,,,
1032,,,,,,,,,,,,
1033,Accepted-In Progress,Value 412,19.071973668226487,Accepted,High,In Progress,Org line C,E_7,in,G165 2nd,PROD671,INDIA
1033,,,,,,,,,,,,
1034,Accepted-In Progress,Value 155,19.072003823884742,Accepted,Medium,In Progress,Org line A2,A2_1,be,G54 2nd,PROD715,POLAND
1034,,,,,,,,,,,,
1034,,,,,,,,,,,,
1034,Queued-Awaiting Assignment,Value 391,19.077805793237573,Queued,Medium,Awaiting Assignment,Org line C,E_1,be,G213 2nd,PROD715,Belgium
1034,,Value 470,,,,,,,,,,
1034,,Value 470,,,,,,,,,,
1035,Accepted-In Progress,Value 355,19.072026492166053,Accepted,Low,In Progress,Org line C,E_10,in,G263 2nd,PROD104,Sweden
1035,,,,,,,,,,,,
1035,,,,,,,,,,,,
1036,Accepted-In Progress,Value 96,19.072019959708065,Accepted,High,In Progress,Org line C,E_10,se,G285 2nd,PROD646,Sweden
1036,,,,,,,,,,,,
1037,Accepted-In Progress,Value 438,19.07202086685163,Accepted,Medium,In Progress,Org line C,C_4,se,G155 3rd,PROD673,United Kingdom
1037,,,,,,,,,,,,
1037,,,,,,,,,,,,
1037,Accepted-Wait,Value 438,19.075605428574406,Accepted,Medium,Wait,Org line C,C_4,se,G155 3rd,PROD673,United Kingdom
1037,,,,,,,,,,,,
1038,Accepted-In Progress,Value 294,19.072035219421625,Accepted,High,In Progress,Org line C,E_4,us,G88 2nd,OTHERS,Sweden
1038,,,,,,,,,,,,
1039,Accepted-In Progress,Value 139,19.072325208770597,Accepted,Medium,In Progress,Org line G4,,se,S33 2nd,PROD374,Sweden
1039,,,,,,,,,,,,
1040,Accepted-In Progress,Value 471,19.072342569392056,Accepted,Medium,In Progress,Org line C,E_10,in,G271 2nd,PROD802,Sweden
1040,,,,,,,,,,,,
1040,,,,,,,,,,,,
1041,Accepted-In Progress,Value 353,19.072350371410476,Accepted,High,In Progress,Org line A2,A2_4,fr,W6 2nd,PROD66,France
1041,,,,,,,,,,,,
1042,Accepted-In Progress,Value 359,19.072997091411327,Accepted,Major,In Progress,Org line C,E_4,us,G88 2nd,PROD436,INDIA
1042,,,,,,,,,,,,
1042,,,,,,,,,,,,
1042,Accepted-Wait,Value 359,19.073431896547085,Accepted,Major,Wait,Org line C,E_4,us,G88 2nd,PROD436,INDIA
1042,,,,,,,,,,,,
1042,,,,,,,,,,,,
1042,Accepted-Assigned,Value 299,19.080542267617254,Accepted,Major,Assigned,Org line C,E_4,us,G88 2nd,PROD436,INDIA
1042,,,,,,,,,,,,
1042,,,,,,,,,,,,
1043,Accepted-In Progress,Value 472,19.072969403283295,Accepted,High,In Progress,Org line A2,D_1,in,G123 2nd,PROD605,INDIA
1043,,,,,,,,,,,,
1044,Accepted-In Progress,Value 8,19.073453283039758,Accepted,Medium,In Progress,Org line G4,,se,S33 2nd,PROD374,Sweden
1044,,,,,,,,,,,,
1045,Accepted-In Progress,Value 77,19.073660070162383,Accepted,High,In Progress,Org line C,E_7,se,G160 2nd,PROD673,Sweden
1045,,,,,,,,,,,,
1046,Accepted-In Progress,Value 273,19.073716458756696,Accepted,Medium,In Progress,Org line A2,A2_3,se,G349 3rd,PROD80,Sweden
1046,,,,,,,,,,,,
1047,Accepted-In Progress,Value 150,19.073697492890634,Accepted,Medium,In Progress,Org line C,E_4,in,G88 2nd,PROD793,USA
1047,,,,,,,,,,,,
1047,,,,,,,,,,,,
1047,Accepted-Assigned,Value 294,19.080914512052434,Accepted,Medium,Assigned,Org line C,E_4,in,G88 2nd,PROD793,Sweden
1047,,,,,,,,,,,,
1047,,,,,,,,,,,,
1047,Accepted-In Progress,Value 446,19.09332598365339,Accepted,Medium,In Progress,Org line C,E_4,in,G93 2nd,PROD793,Sweden
1047,,,,,,,,,,,,
1047,,,,,,,,,,,,
1047,Completed-Closed,Value 446,19.093327861764557,Completed,Medium,Closed,Org line C,E_4,in,G93 2nd,PROD793,Sweden
1047,,,,,,,,,,,,
1047,,,,,,,,,,,,
1048,Accepted-In Progress,Value 273,19.073769934940934,Accepted,Medium,In Progress,Org line A2,A2_3,se,G349 3rd,PROD80,Sweden
1048,,,,,,,,,,,,
1049,Accepted-In Progress,Value 473,19.073737297894006,Accepted,Medium,In Progress,Org line C,E_10,in,G271 2nd,PROD802,Sweden
1049,,,,,,,,,,,,
1050,Accepted-In Progress,Value 385,19.073824740508545,Accepted,Medium,In Progress,Org line A2,A2_5,se,A10,PROD320,Sweden
1050,,,,,,,,,,,,
1050,,,,,,,,,,,,
1051,Accepted-In Progress,Value 2,19.07376417890701,Accepted,Medium,In Progress,Org line C,C_4,se,G155 3rd,PROD673,Sweden
1051,,,,,,,,,,,,
1051,,,,,,,,,,,,
1052,Accepted-In Progress,Value 150,19.073773463487846,Accepted,Medium,In Progress,Org line C,E_4,us,G88 2nd,PROD793,USA
1052,,,,,,,,,,,,
1052,,,,,,,,,,,,
1052,Accepted-In Progress,Value 393,19.0863855381319,Accepted,Medium,In Progress,Org line C,E_4,us,G88 2nd,PROD793,Sweden
1052,,,,,,,,,,,,
1052,,,,,,,,,,,,
1052,Completed-Closed,Value 276,19.099035174298624,Completed,Medium,Closed,Org line C,E_4,us,G88 2nd,PROD793,INDIA
1053,Accepted-In Progress,Value 273,19.073776955592077,Accepted,Medium,In Progress,Org line A2,A2_3,se,G349 3rd,PROD93,Sweden
1053,,,,,,,,,,,,
1054,Accepted-In Progress,Value 126,19.07378934179488,Accepted,Medium,In Progress,Org line A2,A2_3,se,U6 2nd,PROD831,Sweden
1054,,,,,,,,,,,,
1054,,,,,,,,,,,,
1055,Accepted-In Progress,Value 43,19.073789659254363,Accepted,High,In Progress,Org line G3,,us,G199 3rd,PROD98,POLAND
1055,,,,,,,,,,,,
1056,Accepted-In Progress,Value 474,19.07383238005477,Accepted,Medium,In Progress,Org line A2,A2_5,cn,N18 2nd,PROD789,China
1056,,,,,,,,,,,,
1056,,,,,,,,,,,,
1057,Accepted-In Progress,Value 126,19.073920084941733,Accepted,High,In Progress,Org line A2,A2_3,se,U6 2nd,PROD831,Sweden
1057,,,,,,,,,,,,
1057,,,,,,,,,,,,
1058,Accepted-In Progress,Value 33,19.074060498738916,Accepted,Medium,In Progress,Org line A2,A2_4,be,G7 3rd,PROD737,Belgium
1058,,,,,,,,,,,,
1058,,,,,,,,,,,,
1058,Queued-Awaiting Assignment,Value 475,19.080442356935315,Queued,Medium,Awaiting Assignment,Org line A2,A2_4,be,G7 3rd,PROD737,Belgium
1058,,,,,,,,,,,,
1058,,,,,,,,,,,,
1059,Queued-Awaiting Assignment,Value 96,19.074142445372047,Queued,Major,Awaiting Assignment,Org line C,E_10,se,G285 2nd,PROD209,Sweden
1059,,,,,,,,,,,,
1059,,,,,,,,,,,,
1060,Accepted-In Progress,Value 298,19.074129408029197,Accepted,Medium,In Progress,Org line G4,,se,S33 2nd,PROD397,Sweden
1060,,,,,,,,,,,,
1061,Accepted-In Progress,Value 43,19.074195425386822,Accepted,Medium,In Progress,Org line G3,,us,G199 3rd,PROD98,POLAND
1061,,,,,,,,,,,,
1062,Accepted-In Progress,Value 106,19.074160502799614,Accepted,Medium,In Progress,Org line G4,,se,S29 2nd,PROD176,Sweden
1062,,,,,,,,,,,,
1063,Accepted-Assigned,Value 476,19.07419501441754,Accepted,Medium,Assigned,Org line A2,A2_3,se,G348 2nd,PROD82,Sweden
1063,,,,,,,,,,,,
1063,,,,,,,,,,,,
1064,Accepted-In Progress,Value 345,19.074199181326097,Accepted,Medium,In Progress,Org line C,C_6,se,G268 3rd,PROD805,Sweden
1064,,,,,,,,,,,,
1064,,,,,,,,,,,,
1064,Accepted-Wait,Value 45,19.102993432804105,Accepted,Medium,Wait,Org line C,C_6,se,G268 3rd,PROD805,Sweden
1064,,,,,,,,,,,,
1065,Accepted-In Progress,Value 477,19.074249765482865,Accepted,Low,In Progress,Org line A2,A2_4,in,G17 3rd,PROD66,Sweden
1065,,,,,,,,,,,,
1065,,,,,,,,,,,,
1065,Accepted-In Progress,Value 477,19.094247865146052,Accepted,Low,In Progress,Org line A2,A2_4,in,G17 3rd,PROD66,Sweden
1065,,,,,,,,,,,,
1066,Accepted-In Progress,Value 76,19.07424785639877,Accepted,Medium,In Progress,Org line A2,A2_4,se,M13 2nd,PROD705,Sweden
1066,,,,,,,,,,,,
1067,Accepted-Wait,Value 38,19.074268117473196,Accepted,Medium,Wait,Org line A2,A2_1,se,N7 2nd,PROD746,Sweden
1067,,,,,,,,,,,,
1067,,,,,,,,,,,,
1067,Accepted-In Progress,Value 111,19.07462018887482,Accepted,Medium,In Progress,Org line A2,A2_3,se,G44 2nd,PROD746,Sweden
1067,,,,,,,,,,,,
1068,Accepted-In Progress,Value 76,19.07428332211257,Accepted,Medium,In Progress,Org line G4,,se,S33 2nd,PROD374,Sweden
1068,,,,,,,,,,,,
1069,Accepted-In Progress,Value 307,19.07431465656905,Accepted,Medium,In Progress,Org line C,E_4,in,G87 2nd,PROD168,INDIA
1069,,,,,,,,,,,,
1069,,,,,,,,,,,,
1070,Accepted-In Progress,Value 385,19.074705562922357,Accepted,Medium,In Progress,Org line A2,A2_5,se,A10,PROD320,Sweden
1070,,,,,,,,,,,,
1070,,,,,,,,,,,,
1071,Accepted-In Progress,Value 477,19.074634410589127,Accepted,Low,In Progress,Org line A2,A2_4,in,G17 3rd,PROD194,Sweden
1071,,,,,,,,,,,,
1072,Accepted-In Progress,Value 478,19.074632029051067,Accepted,Medium,In Progress,Org line A2,A2_1,pl,W16 3rd,PROD756,POLAND
1072,,,,,,,,,,,,
1072,,,,,,,,,,,,
1072,Accepted-Wait,Value 478,19.09329688268667,Accepted,Medium,Wait,Org line A2,A2_1,pl,W16 3rd,PROD756,POLAND
1072,,,,,,,,,,,,
1072,,,,,,,,,,,,
1072,Completed-Closed,Value 478,19.106406649848804,Completed,Medium,Closed,Org line A2,A2_1,pl,W16 3rd,PROD756,POLAND
1073,Accepted-In Progress,Value 76,19.07462241444346,Accepted,Major,In Progress,Org line A2,A2_3,se,V23 2nd,PROD221,Sweden
1073,,,,,,,,,,,,
1073,,,,,,,,,,,,
1073,Accepted-Assigned,Value 77,19.105634958638355,Accepted,Major,Assigned,Org line A2,A2_3,se,V23 2nd,PROD221,Sweden
1073,,,,,,,,,,,,
1073,,,,,,,,,,,,
1074,Accepted-In Progress,Value 43,19.074668781063576,Accepted,Medium,In Progress,Org line G3,,us,G199 3rd,PROD98,POLAND
1074,,,,,,,,,,,,
1075,Accepted-In Progress,Value 359,19.074706899190033,Accepted,High,In Progress,Org line C,E_4,us,G88 2nd,PROD793,INDIA
1075,,,,,,,,,,,,
1075,,,,,,,,,,,,
1075,Accepted-In Progress,Value 359,19.083955282078083,Accepted,High,In Progress,Org line C,E_4,us,G88 2nd,PROD793,INDIA
1075,,,,,,,,,,,,
1075,,,,,,,,,,,,
1075,Completed-Closed,Value 393,19.086382064086166,Completed,High,Closed,Org line C,E_4,us,G88 2nd,PROD793,Sweden
1076,Accepted-In Progress,Value 308,19.07468940278122,Accepted,Medium,In Progress,Org line C,,us,N6 2nd,PROD378,USA
1076,,,,,,,,,,,,
1077,Accepted-In Progress,Value 385,19.074709410536517,Accepted,Medium,In Progress,Org line A2,A2_5,se,A10,PROD320,Sweden
1077,,,,,,,,,,,,
1077,,,,,,,,,,,,
1078,Accepted-In Progress,Value 385,19.074726048697592,Accepted,Medium,In Progress,Org line A2,A2_5,se,A10,PROD320,Sweden
1078,,,,,,,,,,,,
1079,Accepted-In Progress,Value 359,19.074702796790596,Accepted,High,In Progress,Org line C,E_4,us,G88 2nd,PROD793,INDIA
1079,,,,,,,,,,,,
1079,,,,,,,,,,,,
1079,Accepted-In Progress,Value 359,19.083956029062204,Accepted,High,In Progress,Org line C,E_4,us,G88 2nd,PROD793,INDIA
1079,,,,,,,,,,,,
1079,,,,,,,,,,,,
1079,Completed-Closed,Value 294,19.086684209548345,Completed,High,Closed,Org line C,E_4,us,G88 2nd,PROD793,Sweden
1080,Accepted-In Progress,Value 187,19.074722897867087,Accepted,Medium,In Progress,Org line C,E_8,in,G186 2nd,PROD62,INDIA
1080,,,,,,,,,,,,
1080,,,,,,,,,,,,
1080,Accepted-Assigned,Value 480,19.075071945353457,Accepted,Medium,Assigned,Org line C,E_8,in,G181 2nd,PROD62,INDIA
1080,,,,,,,,,,,,
1080,,,,,,,,,,,,
1080,Accepted-Assigned,Value 187,19.07511560930289,Accepted,Medium,Assigned,Org line C,E_8,in,G186 2nd,PROD62,INDIA
1080,,,,,,,,,,,,
1080,,,,,,,,,,,,
1080,Accepted-In Progress,Value 481,19.111702231827614,Accepted,Medium,In Progress,Org line C,E_4,in,G87 2nd,PROD62,INDIA
1080,,,,,,,,,,,,
1080,,,,,,,,,,,,
1080,Accepted-In Progress,Value 482,19.112158942536396,Accepted,Medium,In Progress,Org line C,E_4,in,G87 2nd,PROD62,Sweden
1080,,,,,,,,,,,,
1081,Queued-Awaiting Assignment,Value 165,19.07472313703939,Queued,Major,Awaiting Assignment,Org line C,V3_3,us,N22 2nd,PROD835,USA
1081,,,,,,,,,,,,
1081,,,,,,,,,,,,
1082,Accepted-In Progress,Value 187,19.07503459481771,Accepted,Medium,In Progress,Org line C,E_8,us,G186 2nd,PROD476,INDIA
1082,,,,,,,,,,,,
1082,,,,,,,,,,,,
1082,Accepted-Assigned,Value 480,19.075070749908434,Accepted,Medium,Assigned,Org line C,E_8,us,G181 2nd,PROD476,INDIA
1082,,,,,,,,,,,,
1082,,,,,,,,,,,,
1082,Accepted-Assigned,Value 63,19.07737471149534,Accepted,Medium,Assigned,Org line C,C_1,us,G14 3rd,PROD476,Sweden
1082,,Value 278,,,,,,,,,,
1082,,,,,,,,,,,,
1082,Accepted-In Progress,Value 116,19.08766349157557,Accepted,Medium,In Progress,Org line C,C_1,us,G14 3rd,PROD476,Sweden
1082,,,,,,,,,,,,
1083,Accepted-In Progress,Value 438,19.0750292826744,Accepted,Low,In Progress,Org line C,V3_3,gb,W1,PROD673,United Kingdom
1083,,,,,,,,,,,,
1083,,,,,,,,,,,,
1084,Accepted-Assigned,Value 289,19.07507041726261,Accepted,Medium,Assigned,Org line G4,,se,S33 2nd,PROD448,Sweden
1084,,,,,,,,,,,,
1084,,,,,,,,,,,,
1085,Accepted-In Progress,Value 187,19.075041897669244,Accepted,Low,In Progress,Org line C,E_8,us,G186 2nd,PROD476,INDIA
1085,,,,,,,,,,,,
1085,,,,,,,,,,,,
1085,Accepted-Wait,Value 199,19.080098354598643,Accepted,Low,Wait,Org line C,E_8,us,G186 2nd,PROD476,INDIA
1085,,,,,,,,,,,,
1085,,,,,,,,,,,,
1085,Accepted-Assigned,Value 236,19.09335354253947,Accepted,Low,Assigned,Org line C,E_1,us,G13 2nd,PROD476,France
1085,,,,,,,,,,,,
1085,,,,,,,,,,,,
1086,Accepted-In Progress,Value 43,19.075082532775905,Accepted,Medium,In Progress,Org line G3,,us,G199 3rd,PROD98,POLAND
1086,,,,,,,,,,,,
1087,Accepted-In Progress,Value 301,19.075300914291503,Accepted,Major,In Progress,Org line B,E_10,in,G238 2nd,PROD209,INDIA
1087,,,,,,,,,,,,
1088,Accepted-In Progress,Value 289,19.07549281429696,Accepted,Low,In Progress,Org line G4,,se,S33 2nd,PROD448,Sweden
1088,,,,,,,,,,,,
1088,,,,,,,,,,,,
1088,Completed-Closed,Value 289,19.12022214782422,Completed,Low,Closed,Org line G4,,se,S33 2nd,PROD448,Sweden
1089,Accepted-In Progress,Value 88,19.075490621837062,Accepted,Medium,In Progress,Org line C,C_6,se,G278 3rd,PROD631,Sweden
1089,,,,,,,,,,,,
1089,,,,,,,,,,,,
1089,Accepted-Assigned,Value 93,19.10560203949738,Accepted,Medium,Assigned,Org line C,C_6,se,G278 3rd,PROD631,Sweden
1089,,,,,,,,,,,,
1089,,,,,,,,,,,,
1090,Accepted-In Progress,Value 76,19.07561795318737,Accepted,Medium,In Progress,Org line C,E_10,se,G291 2nd,PROD660,Sweden
1090,,,,,,,,,,,,
1090,,,,,,,,,,,,
1090,Completed-Closed,Value 76,19.096301210060588,Completed,Medium,Closed,Org line C,E_10,se,G291 2nd,PROD660,Sweden
1091,Accepted-In Progress,Value 337,19.075596841513534,Accepted,Major,In Progress,Org line C,E_7,in,G162 2nd,PROD678,INDIA
1091,,,,,,,,,,,,
1091,,,,,,,,,,,,
1091,Queued-Awaiting Assignment,Value 229,19.07727458235989,Queued,Major,Awaiting Assignment,Org line C,E_10,in,G271 2nd,PROD678,Sweden
1091,,Value 483,,,,,,,,,,
1091,,,,,,,,,,,,
1091,Accepted-In Progress,Value 484,19.078169580580386,Accepted,Major,In Progress,Org line B,E_10,in,G230 2nd,PROD678,INDIA
1091,,,,,,,,,,,,
1091,,,,,,,,,,,,
1091,Queued-Awaiting Assignment,Value 337,19.080041848927628,Queued,Major,Awaiting Assignment,Org line C,E_7,in,G162 2nd,PROD678,INDIA
1091,,,,,,,,,,,,
1091,,,,,,,,,,,,
1091,Accepted-In Progress,Value 485,19.08357121198803,Accepted,Major,In Progress,Org line B,C_6,in,S13 3rd,PROD678,INDIA
1091,,,,,,,,,,,,
1091,,,,,,,,,,,,
1091,Queued-Awaiting Assignment,Value 154,19.0848822823497,Queued,Major,Awaiting Assignment,Org line C,E_6,in,G130 3rd,PROD678,France
1091,,,,,,,,,,,,
1091,,,,,,,,,,,,
1091,Queued-Awaiting Assignment,Value 484,19.084894531761474,Queued,Major,Awaiting Assignment,Org line B,C_6,in,S13 3rd,PROD678,INDIA
1091,,,,,,,,,,,,
1091,,,,,,,,,,,,
1091,Accepted-In Progress,Value 485,19.09423773874883,Accepted,Major,In Progress,Org line B,C_6,in,S13 3rd,PROD678,INDIA
1091,,,,,,,,,,,,
1091,,,,,,,,,,,,
1091,Queued-Awaiting Assignment,Value 150,19.09424085928096,Queued,Major,Awaiting Assignment,Org line C,E_4,in,G88 2nd,PROD678,USA
1091,,,,,,,,,,,,
1091,,,,,,,,,,,,
1091,Completed-Closed,Value 337,19.110756467413527,Completed,Major,Closed,Org line C,E_7,in,G165 2nd,PROD678,INDIA
1092,Accepted-In Progress,Value 486,19.075599376600277,Accepted,Medium,In Progress,Org line A2,A2_5,us,N4 2nd,PROD668,USA
1092,,,,,,,,,,,,
1093,Accepted-In Progress,Value 98,19.07564053449674,Accepted,Major,In Progress,Org line A2,A2_3,us,G361 2nd,PROD214,Sweden
1093,,,,,,,,,,,,
1093,,,,,,,,,,,,
1093,Completed-Closed,Value 165,19.09117217011715,Completed,Major,Closed,Org line C,V3_3,us,N22 2nd,PROD214,USA
1094,Queued-Awaiting Assignment,Value 98,19.075675665158926,Queued,High,Awaiting Assignment,Org line A2,A2_3,se,G361 2nd,PROD655,Sweden
1094,,,,,,,,,,,,
1094,,,,,,,,,,,,
1095,Accepted-In Progress,Value 332,19.07609876204405,Accepted,Low,In Progress,Org line C,E_10,in,G271 2nd,PROD802,Sweden
1095,,,,,,,,,,,,
1095,,,,,,,,,,,,
1096,Accepted-In Progress,Value 332,19.076107625175045,Accepted,Low,In Progress,Org line C,E_10,in,G271 2nd,PROD802,Sweden
1096,,,,,,,,,,,,
1096,,,,,,,,,,,,
1097,Accepted-In Progress,Value 339,19.07679599382607,Accepted,Low,In Progress,Org line C,E_4,in,G93 2nd,PROD455,INDIA
1097,,,,,,,,,,,,
1098,Accepted-In Progress,Value 25,19.076818890991554,Accepted,Medium,In Progress,Org line A2,A2_5,se,A10,PROD320,POLAND
1098,,,,,,,,,,,,
1098,,,,,,,,,,,,
1098,Completed-Closed,Value 25,19.110731756326544,Completed,Medium,Closed,Org line A2,A2_5,se,A10,PROD320,POLAND
1099,Accepted-In Progress,Value 187,19.076848086322244,Accepted,Medium,In Progress,Org line C,E_8,in,G186 2nd,PROD473,INDIA
1099,,,,,,,,,,,,
1099,,,,,,,,,,,,
1099,Accepted-Wait,Value 279,19.077267233560956,Accepted,Medium,Wait,Org line C,E_8,in,G186 2nd,PROD473,INDIA
1099,,,,,,,,,,,,
1100,Accepted-In Progress,Value 226,19.07696876030599,Accepted,Low,In Progress,Org line G4,,se,S33 2nd,PROD397,Sweden
1100,,,,,,,,,,,,
1101,Accepted-In Progress,Value 24,19.07726479086424,Accepted,High,In Progress,Org line C,V3_2,se,M12,PROD502,Sweden
1101,,,,,,,,,,,,
1102,Accepted-In Progress,Value 43,19.07725733308237,Accepted,Medium,In Progress,Org line G3,,us,G199 3rd,PROD96,POLAND
1102,,,,,,,,,,,,
1103,Queued-Awaiting Assignment,Value 77,19.077386560587165,Queued,High,Awaiting Assignment,Org line C,E_1,se,G55 2nd,PROD188,Belgium
1103,,,,,,,,,,,,
1103,,,,,,,,,,,,
1103,Queued-Awaiting Assignment,Value 77,19.077730797081816,Queued,High,Awaiting Assignment,Org line C,E_1,se,G55 2nd,PROD188,Belgium
1103,,,,,,,,,,,,
1103,,,,,,,,,,,,
1103,Accepted-Assigned,Value 209,19.08178857751188,Accepted,High,Assigned,Org line C,C_1,se,G56 3rd,PROD188,Sweden
1103,,,,,,,,,,,,
1103,,,,,,,,,,,,
1103,Completed-Closed,Value 116,19.10650207589081,Completed,High,Closed,Org line G4,,se,G51 2nd,PROD188,Sweden
1104,Accepted-In Progress,Value 108,19.077406115170827,Accepted,High,In Progress,Org line C,E_9,se,N12 2nd,PROD745,Sweden
1104,,,,,,,,,,,,
1104,,,,,,,,,,,,
1105,Accepted-In Progress,Value 367,19.07770364405942,Accepted,Medium,In Progress,Org line C,E_1,us,G13 2nd,PROD398,Sweden
1105,,,,,,,,,,,,
1105,,,,,,,,,,,,
1106,Accepted-In Progress,Value 404,19.077720838985677,Accepted,Medium,In Progress,Org line C,C_2,be,G58 3rd,PROD329,Sweden
1106,,,,,,,,,,,,
1107,Accepted-In Progress,Value 487,19.077727396514586,Accepted,High,In Progress,Org line A2,A2_4,be,G111 2nd,PROD153,Belgium
1107,,,,,,,,,,,,
1107,,,,,,,,,,,,
1108,Accepted-In Progress,Value 488,19.07779674817423,Accepted,High,In Progress,Org line V7n,,nl,V32 2nd,PROD542,Netherlands
1108,,,,,,,,,,,,
1108,,,,,,,,,,,,
1108,Accepted-In Progress,Value 5,19.08132439686961,Accepted,High,In Progress,Org line V7n,,nl,V37 2nd,PROD542,Netherlands
1108,,,,,,,,,,,,
1108,,,,,,,,,,,,
1108,Completed-Closed,Value 5,19.08132490822306,Completed,High,Closed,Org line V7n,,nl,V37 2nd,PROD542,Netherlands
1108,,,,,,,,,,,,
1108,,,,,,,,,,,,
1109,Accepted-Wait,Value 471,19.077782281086225,Accepted,Medium,Wait,Org line C,E_10,in,G271 2nd,PROD802,Sweden
1109,,,,,,,,,,,,
1110,Accepted-In Progress,Value 88,19.077767850074054,Accepted,High,In Progress,Org line G4,,se,S30 2nd,PROD412,Sweden
1110,,,,,,,,,,,,
1110,,,,,,,,,,,,
1110,Completed-Closed,Value 88,19.115074357392007,Completed,High,Closed,Org line G4,,se,S30 2nd,PROD412,Sweden
1111,Accepted-In Progress,Value 489,19.07782585795424,Accepted,Medium,In Progress,Org line A2,A2_4,0,G11 2nd,PROD49,Belgium
1111,,,,,,,,,,,,
1112,Queued-Awaiting Assignment,Value 283,19.07783592385265,Queued,High,Awaiting Assignment,Org line C,V3_2,se,G49,PROD412,Sweden
1112,,Value 490,,,,,,,,,,
1112,,,,,,,,,,,,
1112,Accepted-Assigned,Value 88,19.08396975801576,Accepted,High,Assigned,Org line G4,,se,S30 2nd,PROD412,Sweden
1112,,,,,,,,,,,,
1112,,,,,,,,,,,,
1112,Completed-Closed,Value 88,19.104735372261864,Completed,High,Closed,Org line G4,,se,S30 2nd,PROD412,Sweden
1113,Queued-Awaiting Assignment,Value 283,19.077837380341403,Queued,High,Awaiting Assignment,Org line C,V3_2,fr,G49,PROD374,Sweden
1113,,Value 490,,,,,,,,S36,,
1113,,Value 490,,,,,,,,S36,,
1113,Queued-Awaiting Assignment,Value 283,19.077838017878516,Queued,High,Awaiting Assignment,Org line C,V3_2,fr,G49,PROD374,Sweden
1113,,,,,,,,,,,,
1113,,,,,,,,,,,,
1113,Completed-Cancelled,Value 491,19.077869572866117,Completed,High,Cancelled,Org line A2,A2_4,fr,V23 2nd,PROD374,France
1113,,,,,,,,,,,,
1113,,,,,,,,,,,,
1114,Accepted-In Progress,Value 298,19.078174554816307,Accepted,Medium,In Progress,Org line G4,,se,S33 2nd,PROD397,Sweden
1114,,,,,,,,,,,,
1115,Accepted-In Progress,Value 213,19.078167031274887,Accepted,Low,In Progress,Org line A2,A2_2,pl,G171 2nd,PROD686,POLAND
1115,,,,,,,,,,,,
1116,Accepted-In Progress,Value 355,19.078246113715718,Accepted,Low,In Progress,Org line C,E_10,in,G263 2nd,PROD802,Sweden
1116,,,,,,,,,,,,
1116,,,,,,,,,,,,
1116,Completed-Closed,Value 355,19.109014594000655,Completed,Low,Closed,Org line C,E_10,in,G263 2nd,PROD802,Sweden
1117,Accepted-In Progress,Value 415,19.07824459564872,Accepted,Low,In Progress,Org line C,E_4,in,G87 2nd,PROD565,INDIA
1117,,,,,,,,,,,,
1117,,,,,,,,,,,,
1118,Accepted-In Progress,Value 493,19.078355843649323,Accepted,Major,In Progress,Org line C,E_8,in,G186 2nd,PROD473,Sweden
1118,,,,,,,,,,,,
1118,,,,,,,,,,,,
1119,Accepted-In Progress,Value 333,19.078370587367726,Accepted,Major,In Progress,Org line C,E_10,in,G266 2nd,PROD805,Sweden
1119,,,,,,,,,,,,
1120,Accepted-In Progress,Value 461,19.078540461180445,Accepted,Medium,In Progress,Org line C,E_1,se,G294 2nd,PROD306,INDIA
1120,,,,,,,,,,,,
1121,Accepted-In Progress,Value 7,19.078726028573683,Accepted,Major,In Progress,Org line C,V3_2,se,U4,PROD535,Sweden
1121,,,,,,,,,,,,
1122,Accepted-In Progress,Value 150,19.078718276140215,Accepted,High,In Progress,Org line C,E_4,us,G88 2nd,PROD278,USA
1122,,,,,,,,,,,,
1122,,,,,,,,,,,,
1122,Accepted-In Progress,Value 307,19.084887825484454,Accepted,High,In Progress,Org line C,E_4,us,G87 2nd,PROD278,INDIA
1122,,,,,,,,,,,,
1122,,,,,,,,,,,,
1122,Queued-Awaiting Assignment,Value 150,19.084904953936963,Queued,High,Awaiting Assignment,Org line C,E_4,us,G88 2nd,PROD278,USA
1122,,,,,,,,,,,,
1122,,,,,,,,,,,,
1122,Accepted-In Progress,Value 307,19.092940181591064,Accepted,High,In Progress,Org line C,E_4,us,G87 2nd,PROD278,INDIA
1122,,,,,,,,,,,,
1122,,,,,,,,,,,,
1122,Completed-Closed,Value 274,19.101625481607513,Completed,High,Closed,Org line C,E_4,us,G88 2nd,PROD278,INDIA
1123,Accepted-In Progress,Value 396,19.07875788697457,Accepted,Medium,In Progress,Org line A2,A2_4,in,G31 3rd,PROD194,Sweden
1123,,,,,,,,,,,,
1123,,,,,,,,,,,,
1124,Accepted-In Progress,Value 150,19.07882995302252,Accepted,High,In Progress,Org line C,E_4,us,G88 2nd,PROD668,USA
1124,,,,,,,,,,,,
1124,,,,,,,,,,,,
1124,Accepted-Assigned,Value 405,19.080541580109546,Accepted,High,Assigned,Org line C,E_4,us,G88 2nd,PROD668,USA
1124,,,,,,,,,,,,
1124,,,,,,,,,,,,
1125,Accepted-In Progress,Value 114,19.079351752601625,Accepted,Major,In Progress,Org line C,C_6,se,G268 3rd,PROD802,Sweden
1125,,,,,,,,,,,,
1126,Accepted-In Progress,Value 166,19.07988302017278,Accepted,Major,In Progress,Org line A2,A2_1,se,T17 2nd,PROD834,Sweden
1126,,,,,,,,,,,,
1126,,,,,,,,,,,,
1126,Accepted-In Progress,Value 151,19.08308815189969,Accepted,Major,In Progress,Org line A2,A2_1,se,J2 2nd,PROD834,Sweden
1126,,,,,,,,,,,,
1126,,,,,,,,,,,,
1126,Completed-Closed,Value 151,19.08716277850642,Completed,Major,Closed,Org line A2,A2_1,se,J2 2nd,PROD834,Sweden
1127,Accepted-In Progress,Value 494,19.07992018488645,Accepted,High,In Progress,Org line C,E_10,jp,S51 2nd,PROD803,Japan
1127,,,,,,,,,,,,
1127,,,,,,,,,,,,
1127,Completed-Closed,Value 494,19.098873837425145,Completed,High,Closed,Org line C,E_10,jp,S51 2nd,PROD803,Japan
1128,Accepted-In Progress,Value 151,19.079932184888705,Accepted,Medium,In Progress,Org line A2,A2_1,se,T17 2nd,PROD350,Sweden
1128,,,,,,,,,,,,
1128,,,,,,,,,,,,
1128,Accepted-In Progress,Value 151,19.102886914348403,Accepted,Medium,In Progress,Org line A2,A2_1,se,J2 2nd,PROD350,Sweden
1128,,,,,,,,,,,,
1128,,,,,,,,,,,,
1128,Accepted-Wait,Value 151,19.102894653531738,Accepted,Medium,Wait,Org line A2,A2_1,se,J2 2nd,PROD350,Sweden
1128,,Value 495,,,,,,,,,,
1128,,Value 495,,,,,,,,,,
1129,Accepted-In Progress,Value 298,19.079989250170154,Accepted,Medium,In Progress,Org line G4,,se,S33 2nd,PROD397,Sweden
1129,,,,,,,,,,,,
1130,Accepted-In Progress,Value 77,19.080048344708104,Accepted,Major,In Progress,Org line C,E_7,se,G160 2nd,PROD673,Sweden
1130,,,,,,,,,,,,
1130,,,,,,,,,,,,
1131,Accepted-In Progress,Value 88,19.079993574026854,Accepted,High,In Progress,Org line G4,,se,S30 2nd,PROD412,Sweden
1131,,,,,,,,,,,,
1131,,,,,,,,,,,,
1131,Accepted-In Progress,Value 88,19.11507175063977,Accepted,High,In Progress,Org line G4,,se,S30 2nd,PROD412,Sweden
1131,,,,,,,,,,,,
1132,Accepted-In Progress,Value 123,19.08002684020341,Accepted,High,In Progress,Org line C,E_10,se,G138 2nd,PROD802,Sweden
1132,,,,,,,,,,,,
1133,Accepted-In Progress,Value 44,19.08002948303783,Accepted,High,In Progress,Org line C,C_6,se,G273 3rd,PROD802,Sweden
1133,,,,,,,,,,,,
1133,,,,,,,,,,,,
1133,Accepted-In Progress,Value 128,19.08084260124702,Accepted,High,In Progress,Org line C,C_6,se,G273 3rd,PROD802,Sweden
1133,,,,,,,,,,,,
1133,,,,,,,,,,,,
1133,Completed-Closed,Value 360,19.094219642529858,Completed,High,Closed,Org line C,C_6,se,G273 3rd,PROD802,Sweden
1134,Accepted-In Progress,Value 150,19.08015563276146,Accepted,High,In Progress,Org line C,,be,N6 2nd,PROD821,USA
1134,,,,,,,,,,,,
1134,,,,,,,,,,,,
1134,Accepted-In Progress,Value 28,19.08319393886819,Accepted,High,In Progress,Org line C,E_1,be,G213 2nd,PROD821,USA
1134,,,,,,,,,,,,
1134,,,,,,,,,,,,
1134,Completed-Closed,Value 496,19.096168190279887,Completed,High,Closed,Org line C,E_1,be,G55 2nd,PROD821,USA
1135,Accepted-In Progress,Value 13,19.080409140768197,Accepted,Medium,In Progress,Org line A2,D_1,se,L38 3rd,PROD607,Sweden
1135,,,,,,,,,,,,
1135,,,,,,,,,,,,
1136,Accepted-In Progress,Value 497,19.080389784410414,Accepted,High,In Progress,Org line C,E_3,be,G64 2nd,PROD379,Sweden
1136,,,,,,,,,,,,
1136,,,,,,,,,,,,
1136,Completed-Closed,Value 497,19.089416198219688,Completed,High,Closed,Org line C,E_3,be,G64 2nd,PROD379,Sweden
1137,Accepted-In Progress,Value 116,19.08041836902803,Accepted,Low,In Progress,Org line C,E_4,in,G93 2nd,PROD325,INDIA
1137,,,,,,,,,,,,
1137,,,,,,,,,,,,
1138,Accepted-In Progress,Value 114,19.08044811601533,Accepted,High,In Progress,Org line C,C_6,se,G268 3rd,PROD802,Sweden
1138,,,,,,,,,,,,
1139,Accepted-In Progress,Value 113,19.080533107701317,Accepted,Medium,In Progress,Org line C,C_6,in,G261 3rd,PROD13,Sweden
1139,,,,,,,,,,,,
1139,,,,,,,,,,,,
1139,Queued-Awaiting Assignment,Value 69,19.080848905792905,Queued,Medium,Awaiting Assignment,Org line B,E_10,in,G230 2nd,PROD13,INDIA
1139,,Value 498,,,,,,,,,,
1139,,,,,,,,,,,,
1139,Accepted-In Progress,Value 499,19.08128384932423,Accepted,Medium,In Progress,Org line C,E_10,in,G285 2nd,PROD13,Belgium
1139,,,,,,,,,,,,
1139,,,,,,,,,,,,
1139,Completed-Closed,Value 70,19.090350724134186,Completed,Medium,Closed,Org line B,E_10,in,G230 2nd,PROD13,INDIA
1140,Accepted-In Progress,Value 133,19.080540298139024,Accepted,Medium,In Progress,Org line G4,,se,S33 2nd,PROD374,Sweden
1140,,,,,,,,,,,,
1140,,,,,,,,,,,,
1141,Accepted-In Progress,Value 385,19.0808332942177,Accepted,High,In Progress,Org line A2,A2_5,se,A10,PROD236,Sweden
1141,,,,,,,,,,,,
1141,,,,,,,,,,,,
1142,Accepted-In Progress,Value 500,19.080925089470345,Accepted,High,In Progress,Org line C,E_1,se,L1 2nd,PROD153,Sweden
1142,,,,,,,,,,,,
1142,,,,,,,,,,,,
1143,Accepted-In Progress,Value 501,19.080864269081307,Accepted,Low,In Progress,Org line C,,jp,S22 2nd,PROD448,Japan
1143,,,,,,,,,,,,
1144,Accepted-In Progress,Value 68,19.080908037397993,Accepted,High,In Progress,Org line A2,A2_4,se,G118 2nd,PROD591,Sweden
1144,,,,,,,,,,,,
1145,Accepted-In Progress,Value 68,19.08091023868186,Accepted,Medium,In Progress,Org line A2,A2_4,se,G35 2nd,PROD591,Sweden
1145,,,,,,,,,,,,
1145,,,,,,,,,,,,
1145,Completed-Closed,Value 68,19.081823498018196,Completed,Medium,Closed,Org line A2,A2_4,se,G35 2nd,PROD591,Sweden
1146,Accepted-In Progress,Value 45,19.08093345004686,Accepted,High,In Progress,Org line C,C_6,se,G268 3rd,PROD805,Sweden
1146,,,,,,,,,,,,
1147,Accepted-In Progress,Value 172,19.08095875354134,Accepted,High,In Progress,Org line A2,D_1,pl,W14 2nd,PROD784,POLAND
1147,,,,,,,,,,,,
1147,,,,,,,,,,,,
1148,Queued-Awaiting Assignment,Value 345,19.08097343309835,Queued,High,Awaiting Assignment,Org line C,C_6,se,G268 3rd,PROD85,Sweden
1148,,,,,,,,,,,,
1148,,,,,,,,,,,,
1148,Completed-Closed,Value 45,19.103422146708926,Completed,High,Closed,Org line C,C_6,se,G268 3rd,PROD85,Sweden
1149,Accepted-In Progress,Value 114,19.08098544630305,Accepted,High,In Progress,Org line C,C_6,se,G268 3rd,PROD805,Sweden
1149,,,,,,,,,,,,
1150,Queued-Awaiting Assignment,Value 494,19.08129389597117,Queued,Medium,Awaiting Assignment,Org line C,E_10,jp,S51 2nd,PROD804,Japan
1150,,,,,,,,,,,,
1150,,,,,,,,,,,,
1150,Accepted-In Progress,Value 502,19.081339034904378,Accepted,Medium,In Progress,Org line C,E_10,jp,S51 2nd,PROD804,Japan
1150,,,,,,,,,,,,
1151,Accepted-In Progress,Value 43,19.08134733520504,Accepted,Medium,In Progress,Org line G3,,us,G199 3rd,PROD96,POLAND
1151,,,,,,,,,,,,
1152,Accepted-In Progress,Value 298,19.08138160485202,Accepted,Medium,In Progress,Org line G4,,se,S33 2nd,PROD397,Sweden
1152,,,,,,,,,,,,
1153,Accepted-In Progress,Value 237,19.08138960523804,Accepted,Low,In Progress,Org line C,C_6,se,G144 3rd,PROD660,Sweden
1153,,,,,,,,,,,,
1153,,,,,,,,,,,,
1153,Completed-Closed,Value 237,19.083177910165336,Completed,Low,Closed,Org line C,C_6,se,G144 3rd,PROD660,Sweden
1154,Accepted-In Progress,Value 226,19.08142936346978,Accepted,High,In Progress,Org line G4,,se,S33 2nd,PROD397,Sweden
1154,,,,,,,,,,,,
1155,Accepted-In Progress,Value 58,19.081483471997238,Accepted,Major,In Progress,Org line G4,,se,G51 2nd,PROD221,Sweden
1155,,,,,,,,,,,,
1155,,,,,,,,,,,,
1155,Queued-Awaiting Assignment,Value 58,19.084991657079613,Queued,Major,Awaiting Assignment,Org line G4,,se,G51 2nd,PROD221,Sweden
1155,,,,,,,,,,,,
1155,,,,,,,,,,,,
1155,Accepted-In Progress,Value 229,19.095465925113267,Accepted,Major,In Progress,Org line V5,,se,V20 2nd,PROD221,INDIA
1155,,,,,,,,,,,,
1156,Accepted-In Progress,Value 503,19.08156784901509,Accepted,Major,In Progress,Org line A2,A2_3,se,V13 2nd,PROD617,Sweden
1156,,,,,,,,,,,,
1157,Accepted-In Progress,Value 504,19.08162811026669,Accepted,Major,In Progress,Org line B,A2_1,cn,D1,PROD350,China
1157,,,,,,,,,,,,
1158,Accepted-In Progress,Value 77,19.081577691417927,Accepted,Major,In Progress,Org line G4,,se,M8 2nd,PROD221,Sweden
1158,,,,,,,,,,,,
1158,,,,,,,,,,,,
1158,Queued-Awaiting Assignment,Value 82,19.093341498378987,Queued,Major,Awaiting Assignment,Org line C,V3_3,se,G101 2nd,PROD221,Sweden
1158,,,,,,,,,,,,
1158,,,,,,,,,,,,
1158,Accepted-In Progress,Value 82,19.093763977975232,Accepted,Major,In Progress,Org line C,E_7,se,G162 2nd,PROD221,Sweden
1158,,,,,,,,,,,,
1158,,,,,,,,,,,,
1158,Completed-Closed,Value 82,19.099463259958863,Completed,Major,Closed,Org line C,V3_3,se,G101 2nd,PROD221,Sweden
1159,Accepted-In Progress,Value 20,19.081725765028015,Accepted,High,In Progress,Org line C,E_6,se,G334 2nd,PROD289,Sweden
1159,,,,,,,,,,,,
1159,,,,,,,,,,,,
1160,Accepted-In Progress,Value 150,19.081731052043757,Accepted,High,In Progress,Org line C,E_4,us,G88 2nd,PROD412,USA
1160,,,,,,,,,,,,
1160,,,,,,,,,,,,
1160,Accepted-Assigned,Value 273,19.086683598176457,Accepted,High,Assigned,Org line C,E_4,us,G88 2nd,PROD412,Sweden
1160,,,,,,,,,,,,
1160,,,,,,,,,,,,
1161,Accepted-In Progress,Value 187,19.081736359683788,Accepted,Major,In Progress,Org line C,E_8,in,G186 2nd,PROD473,INDIA
1161,,,,,,,,,,,,
1161,,,,,,,,,,,,
1161,Accepted-Assigned,Value 104,19.093681853346038,Accepted,Major,Assigned,Org line C,E_8,in,G181 2nd,PROD473,Sweden
1161,,,,,,,,,,,,
1162,Accepted-In Progress,Value 104,19.08175258705052,Accepted,High,In Progress,Org line C,E_8,in,G186 2nd,PROD473,Sweden
1162,,,,,,,,,,,,
1163,Accepted-In Progress,Value 166,19.08188548355987,Accepted,Medium,In Progress,Org line C,E_1,se,G294 2nd,PROD834,Sweden
1163,,,,,,,,,,,,
1163,,,,,,,,,,,,
1164,Accepted-In Progress,Value 505,19.08191158892158,Accepted,Medium,In Progress,Org line V11,,gb,V50 2nd,PROD158,United Kingdom
1164,,,,,,,,,,,,
1164,,,,,,,,,,,,
1164,Completed-Closed,Value 506,19.102935501880008,Completed,Medium,Closed,Org line C,V3_3,gb,W1,PROD158,United Kingdom
1165,Accepted-In Progress,Value 345,19.082285001153643,Accepted,Medium,In Progress,Org line C,C_6,se,G268 3rd,PROD771,Sweden
1165,,,,,,,,,,,,
1165,,,,,,,,,,,,
1165,Accepted-Assigned,Value 114,19.083104182041307,Accepted,Medium,Assigned,Org line C,C_6,se,G268 3rd,PROD771,Sweden
1165,,,,,,,,,,,,
1165,,,,,,,,,,,,
1166,Accepted-In Progress,Value 393,19.083028452958782,Accepted,Low,In Progress,Org line C,E_4,us,G88 2nd,PROD794,Sweden
1166,,,,,,,,,,,,
1167,Accepted-In Progress,Value 415,19.08309907242934,Accepted,Medium,In Progress,Org line C,E_4,in,G87 2nd,PROD565,INDIA
1167,,,,,,,,,,,,
1167,,,,,,,,,,,,
1168,Accepted-In Progress,Value 463,19.083111390107437,Accepted,Low,In Progress,Org line C,E_4,in,G93 2nd,PROD424,Sweden
1168,,,,,,,,,,,,
1168,,,,,,,,,,,,
1169,Accepted-In Progress,Value 296,19.083221005087804,Accepted,Medium,In Progress,Org line A2,A2_4,se,G105 2nd,PROD337,Sweden
1169,,,,,,,,,,,,
1170,Accepted-In Progress,Value 273,19.083215880606442,Accepted,High,In Progress,Org line C,E_4,us,G88 2nd,PROD348,Sweden
1170,,,,,,,,,,,,
1171,Accepted-In Progress,Value 507,19.08334622192923,Accepted,High,In Progress,Org line C,E_5,au,G73,PROD790,INDIA
1171,,,,,,,,,,,,
1171,,,,,,,,,,,,
1171,Accepted-In Progress,Value 445,19.11193269469833,Accepted,High,In Progress,Org line B,A2_1,au,D10,PROD790,Australia
1171,,,,,,,,,,,,
1172,Accepted-In Progress,Value 508,19.08333911349664,Accepted,Major,In Progress,Org line C,,us,N6 2nd,PROD154,USA
1172,,,,,,,,,,,,
1173,Accepted-In Progress,Value 508,19.083339716607092,Accepted,Major,In Progress,Org line C,,us,N6 2nd,PROD154,USA
1173,,,,,,,,,,,,
1174,Accepted-In Progress,Value 114,19.08352324632445,Accepted,Medium,In Progress,Org line C,E_3,se,G70 2nd,PROD384,Sweden
1174,,,,,,,,,,,,
1175,Accepted-In Progress,Value 384,19.083536527688874,Accepted,Medium,In Progress,Org line A2,A2_5,se,A10,PROD320,Sweden
1175,,,,,,,,,,,,
1176,Accepted-In Progress,Value 123,19.08353906849635,Accepted,Medium,In Progress,Org line C,C_6,in,G269 3rd,PROD802,Sweden
1176,,,,,,,,,,,,
1176,,Value 509,,,,,,,,,,
1176,Queued-Awaiting Assignment,Value 229,19.086292300015746,Queued,Medium,Awaiting Assignment,Org line C,E_10,in,G271 2nd,PROD802,Sweden
1176,,Value 370,,,,,,,,,,
1176,,Value 370,,,,,,,,,,
1177,Accepted-In Progress,Value 358,19.083595443900442,Accepted,High,In Progress,Org line C,E_1,us,G13 2nd,PROD398,USA
1177,,,,,,,,,,,,
1177,,,,,,,,,,,,
1177,Accepted-Assigned,Value 127,19.085069990690027,Accepted,High,Assigned,Org line C,C_1,us,G14 3rd,PROD398,USA
1177,,,,,,,,,,,,
1177,,,,,,,,,,,,
1177,Completed-Closed,Value 220,19.111177119230366,Completed,High,Closed,Org line C,E_1,us,G13 2nd,PROD398,Belgium
1178,Accepted-In Progress,Value 220,19.083563713478476,Accepted,Medium,In Progress,Org line C,E_1,us,G13 2nd,PROD398,Belgium
1178,,,,,,,,,,,,
1178,,,,,,,,,,,,
1179,Accepted-In Progress,Value 43,19.08356465659308,Accepted,Medium,In Progress,Org line G3,,us,G199 3rd,PROD97,POLAND
1179,,,,,,,,,,,,
1180,Accepted-Wait,Value 123,19.083587899191002,Accepted,Low,Wait,Org line G4,,se,S29 2nd,PROD710,Sweden
1180,,,,,,,,,,,,
1180,,,,,,,,,,,,
1180,Accepted-In Progress,Value 123,19.087218785683223,Accepted,Low,In Progress,Org line G4,,se,S29 2nd,PROD710,Sweden
1180,,,,,,,,,,,,
1181,Accepted-In Progress,Value 114,19.08363683056649,Accepted,Medium,In Progress,Org line C,E_3,se,G70 2nd,PROD384,Sweden
1181,,,,,,,,,,,,
1181,,,,,,,,,,,,
1182,Accepted-In Progress,Value 88,19.08361776848594,Accepted,High,In Progress,Org line G4,,se,S30 2nd,PROD412,Sweden
1182,,,,,,,,,,,,
1182,,,,,,,,,,,,
1182,Completed-Closed,Value 88,19.10224328089728,Completed,High,Closed,Org line G4,,se,S30 2nd,PROD412,Sweden
1183,Accepted-In Progress,Value 90,19.083647626582323,Accepted,Medium,In Progress,Org line A2,A2_3,se,U6 2nd,PROD780,Sweden
1183,,,,,,,,,,,,
1184,Accepted-In Progress,Value 298,19.08395070743214,Accepted,Medium,In Progress,Org line G4,,se,S33 2nd,PROD397,Sweden
1184,,,,,,,,,,,,
1185,Accepted-In Progress,Value 484,19.083959892764252,Accepted,High,In Progress,Org line B,C_6,in,S13 3rd,PROD802,INDIA
1185,,,,,,,,,,,,
1185,,,,,,,,,,,,
1185,Queued-Awaiting Assignment,Value 229,19.106417207857337,Queued,High,Awaiting Assignment,Org line C,E_10,in,G271 2nd,PROD802,Sweden
1185,,,,,,,,,,,,
1185,,,,,,,,,,,,
1185,Accepted-In Progress,Value 510,19.112148780538803,Accepted,High,In Progress,Org line C,E_10,in,G271 2nd,PROD802,Sweden
1185,,,,,,,,,,,,
1186,Queued-Awaiting Assignment,Value 63,19.084021050603535,Queued,Medium,Awaiting Assignment,Org line A2,A2_3,se,S35 2nd,PROD551,Sweden
1186,,,,,,,,,,S34 2nd,,
1186,,,,,,,,,,S34 2nd,,
1187,Accepted-In Progress,Value 120,19.084016362929816,Accepted,High,In Progress,Org line A2,A2_3,se,N23 2nd,PROD554,Sweden
1187,,,,,,,,,,,,
1187,,,,,,,,,,,,
1188,Accepted-In Progress,Value 511,19.084018006193762,Accepted,Low,In Progress,Org line A2,A2_2,se,G40,PROD215,Sweden
1188,,,,,,,,,,,,
1188,,,,,,,,,,,,
1188,Accepted-In Progress,Value 240,19.08976072393607,Accepted,Low,In Progress,Org line C,C_1,se,G194 3rd,PROD215,Sweden
1188,,,,,,,,,,,,
1189,Accepted-In Progress,Value 276,19.084065062151918,Accepted,Major,In Progress,Org line C,E_4,us,G88 2nd,PROD793,INDIA
1189,,,,,,,,,,,,
1189,,,,,,,,,,,,
1189,Completed-Closed,Value 276,19.09244092946814,Completed,Major,Closed,Org line C,E_4,us,G88 2nd,PROD793,INDIA
1189,,,,,,,,,,,,
1189,,,,,,,,,,,,
1189,Completed-Closed,Value 276,19.09332290109372,Completed,Major,Closed,Org line C,E_4,us,G88 2nd,PROD793,INDIA
1189,,,,,,,,,,,,
1189,,,,,,,,,,,,
1190,Accepted-In Progress,Value 291,19.084067859168705,Accepted,Medium,In Progress,Org line A2,A2_3,se,S21 2nd,PROD231,Sweden
1190,,,,,,,,,,,,
1191,Accepted-In Progress,Value 13,19.08406840517844,Accepted,Low,In Progress,Org line C,E_7,in,G157 2nd,PROD677,Sweden
1191,,,,,,,,,,,,
1192,Accepted-In Progress,Value 512,19.084099352110627,Accepted,Low,In Progress,Org line C,E_4,in,G93 2nd,PROD325,Brazil
1192,,,,,,,,,,,,
1193,Accepted-In Progress,Value 166,19.0842097859104,Accepted,Medium,In Progress,Org line C,E_1,se,G294 2nd,PROD834,Sweden
1193,,,,,,,,,,,,
1193,,,,,,,,,,,,
1193,Accepted-In Progress,Value 166,19.108995502144676,Accepted,Medium,In Progress,Org line C,E_1,se,G294 2nd,PROD834,Sweden
1193,,,,,,,,,,,,
1194,Accepted-In Progress,Value 133,19.08443876803011,Accepted,Medium,In Progress,Org line G4,,se,S33 2nd,PROD374,Sweden
1194,,,,,,,,,,,,
1194,,,,,,,,,,,,
1194,Completed-Closed,Value 133,19.090722390720856,Completed,Medium,Closed,Org line G4,,se,S33 2nd,PROD374,Sweden
1195,Accepted-In Progress,Value 285,19.084449318534446,Accepted,Low,In Progress,Org line A2,A2_3,se,S35 2nd,PROD368,Sweden
1195,,,,,,,,,,,,
1196,Accepted-In Progress,Value 187,19.084457196583685,Accepted,Medium,In Progress,Org line C,E_8,in,G186 2nd,PROD62,INDIA
1196,,,,,,,,,,,,
1196,,,,,,,,,,,,
1196,Accepted-Assigned,Value 480,19.087979103770827,Accepted,Medium,Assigned,Org line C,E_8,in,G181 2nd,PROD62,INDIA
1196,,,,,,,,,,,,
1196,,,,,,,,,,,,
1196,Accepted-Assigned,Value 480,19.09330722276237,Accepted,Medium,Assigned,Org line C,E_8,in,G181 2nd,PROD62,INDIA
1196,,,,,,,,,,,,
1196,,,,,,,,,,,,
1196,Accepted-Assigned,Value 187,19.09330823839089,Accepted,Medium,Assigned,Org line C,E_8,in,G186 2nd,PROD62,INDIA
1196,,,,,,,,,,,,
1196,,,,,,,,,,,,
1196,Queued-Awaiting Assignment,Value 307,19.111683511902225,Queued,Medium,Awaiting Assignment,Org line C,E_4,in,G87 2nd,PROD62,INDIA
1196,,,,,,,,,,,,
1196,,,,,,,,,,,,
1196,Completed-Closed,Value 482,19.112158892452875,Completed,Medium,Closed,Org line C,E_4,in,G87 2nd,PROD62,Sweden
1197,Queued-Awaiting Assignment,Value 2,19.084547841175045,Queued,Medium,Awaiting Assignment,Org line A2,A2_2,cn,G167 2nd,PROD681,Sweden
1197,,,,,,,,,,,,
1197,,,,,,,,,,,,
1198,Accepted-In Progress,Value 402,19.084523277070698,Accepted,Low,In Progress,Org line C,E_7,in,G162 2nd,PROD190,Belgium
1198,,,,,,,,,,,,
1199,Accepted-Wait,Value 501,19.084720349552423,Accepted,Low,Wait,Org line C,,jp,S22 2nd,PROD412,Japan
1199,,,,,,,,,,,,
1200,Accepted-In Progress,Value 324,19.084848322901692,Accepted,Medium,In Progress,Org line C,E_2,se,G57 2nd,PROD341,Sweden
1200,,,,,,,,,,,,
1201,Accepted-In Progress,Value 513,19.084868174752994,Accepted,Low,In Progress,Org line A2,D_1,kr,V17 3rd,PROD604,POLAND
1201,,,,,,,,,,,,
1201,,,,,,,,,,,,
1201,Accepted-In Progress,Value 513,19.097214375595758,Accepted,Low,In Progress,Org line A2,D_1,kr,V17 3rd,PROD604,POLAND
1201,,,,,,,,,,,,
1202,Accepted-In Progress,Value 91,19.084896590471413,Accepted,High,In Progress,Org line C,E_4,us,G88 2nd,PROD348,France
1202,,,,,,,,,,,,
1203,Accepted-In Progress,Value 514,19.08493347668849,Accepted,Medium,In Progress,Org line C,E_8,in,G119 2nd,PROD597,Sweden
1203,,,,,,,,,,,,
1203,,,,,,,,,,,,
1204,Accepted-In Progress,Value 307,19.084938371073818,Accepted,Medium,In Progress,Org line C,C_3,se,G95 3rd,PROD565,INDIA
1204,,,,,,,,,,,,
1204,,,,,,,,,,,,
1204,Accepted-In Progress,Value 343,19.086239360825466,Accepted,Medium,In Progress,Org line C,C_3,se,G95 3rd,PROD565,Sweden
1204,,,,,,,,,,,,
1205,Accepted-In Progress,Value 387,19.084974113256212,Accepted,Medium,In Progress,Org line C,E_10,se,G288 2nd,PROD659,Sweden
1205,,,,,,,,,,,,
1205,,,,,,,,,,,,
1205,Queued-Awaiting Assignment,Value 104,19.0850230900656,Queued,Medium,Awaiting Assignment,Org line C,C_6,se,G290 3rd,PROD659,Sweden
1205,,,,,,,,,,,,
1205,,,,,,,,,,,,
1206,Accepted-In Progress,Value 228,19.085037787272118,Accepted,Major,In Progress,Org line V2,,se,T2 2nd,PROD615,Sweden
1206,,,,,,,,,,,,
1207,Accepted-In Progress,Value 517,19.085824364404512,Accepted,Major,In Progress,Org line C,E_8,in,G119 2nd,PROD617,Korea
1207,,,,,,,,,,,,
1207,,,,,,,,,,,,
1208,Accepted-In Progress,Value 43,19.086028691620257,Accepted,Medium,In Progress,Org line G3,,us,G199 3rd,PROD98,POLAND
1208,,,,,,,,,,,,
1209,Accepted-In Progress,Value 126,19.086193424812464,Accepted,Major,In Progress,Org line A2,A2_3,se,U6 2nd,PROD153,Sweden
1209,,,,,,,,,,,,
1210,Accepted-In Progress,Value 231,19.086260721869028,Accepted,Medium,In Progress,Org line C,E_10,se,G285 2nd,PROD646,Belgium
1210,,,,,,,,,,,,
1211,Accepted-In Progress,Value 77,19.086308792827797,Accepted,Medium,In Progress,Org line C,E_6,se,M3 2nd,PROD346,Sweden
1211,,,,,,,,,,,,
1211,,,,,,,,,,,,
1211,Accepted-Assigned,Value 518,19.0923535262855,Accepted,Medium,Assigned,Org line C,,se,S51 2nd,PROD346,Sweden
1211,,,,,,,,,,,,
1211,,,,,,,,,,,,
1211,Accepted-Assigned,Value 518,19.093326116346145,Accepted,Medium,Assigned,Org line C,,se,S51 2nd,PROD346,Sweden
1211,,,,,,,,,,,,
1211,,,,,,,,,,,,
1211,Accepted-Assigned,Value 518,19.09332655014925,Accepted,Medium,Assigned,Org line C,E_6,se,M3 2nd,PROD346,Sweden
1211,,,,,,,,,,,,
1211,,,,,,,,,,,,
1212,Accepted-In Progress,Value 43,19.086283074407046,Accepted,High,In Progress,Org line G3,,us,G199 3rd,PROD97,POLAND
1212,,,,,,,,,,,,
1213,Accepted-In Progress,Value 434,19.086641726019177,Accepted,Low,In Progress,Org line F,,se,G207 2nd,PROD454,Belgium
1213,,,,,,,,,,,,
1214,Accepted-In Progress,Value 150,19.086672850300403,Accepted,High,In Progress,Org line C,E_4,us,G88 2nd,PROD793,USA
1214,,,,,,,,,,,,
1214,,,,,,,,,,,,
1214,Queued-Awaiting Assignment,Value 150,19.088437821607116,Queued,High,Awaiting Assignment,Org line C,E_4,us,G88 2nd,PROD793,USA
1214,,,,,,,,,,,,
1214,,,,,,,,,,,,
1214,Accepted-Wait,Value 276,19.089216016040275,Accepted,High,Wait,Org line C,E_4,us,G88 2nd,PROD793,INDIA
1214,,,,,,,,,,,,
1215,Accepted-In Progress,Value 444,19.086731895403922,Accepted,Medium,In Progress,Org line C,E_1,be,G128 2nd,PROD636,POLAND
1215,,,,,,,,,,,,
1216,Queued-Awaiting Assignment,Value 407,19.08670351124001,Queued,Medium,Awaiting Assignment,Org line C,E_10,in,G84 2nd,PROD454,Sweden
1216,,,,,,,,,,,,
1216,,,,,,,,,,,,
1216,Completed-Closed,Value 519,19.106348820610982,Completed,Medium,Closed,Org line C,V3_2,in,G41 2nd,PROD454,INDIA
1217,Queued-Awaiting Assignment,Value 520,19.08672361398993,Queued,Medium,Awaiting Assignment,Org line A2,A2_5,in,A8 2nd,PROD327,Sweden
1217,,,,,,,,,,,,
1217,,,,,,,,,,,,
1217,Accepted-In Progress,Value 521,19.08717506677119,Accepted,Medium,In Progress,Org line C,E_5,in,G75,PROD327,INDIA
1217,,,,,,,,,,,,
1218,Accepted-In Progress,Value 494,19.086774996693244,Accepted,Major,In Progress,Org line C,E_10,jp,S51 2nd,PROD408,Japan
1218,,,,,,,,,,,,
1218,,,,,,,,,,,,
1219,Accepted-In Progress,Value 126,19.086738399245494,Accepted,Major,In Progress,Org line A2,A2_3,se,U6 2nd,PROD830,Sweden
1219,,,,,,,,,,,,
1220,Accepted-In Progress,Value 522,19.08678386844442,Accepted,High,In Progress,Org line C,E_10,in,G288 2nd,PROD154,Sweden
1220,,,,,,,,,,,,
1221,Accepted-In Progress,Value 276,19.08682193337402,Accepted,High,In Progress,Org line C,E_4,us,G88 2nd,PROD793,INDIA
1221,,,,,,,,,,,,
1221,,,,,,,,,,,,
1221,Accepted-In Progress,Value 276,19.093315041544276,Accepted,High,In Progress,Org line C,E_4,us,G88 2nd,PROD793,INDIA
1221,,,,,,,,,,,,
1222,Accepted-In Progress,Value 43,19.08707736242074,Accepted,High,In Progress,Org line G3,,us,G199 3rd,PROD97,POLAND
1222,,,,,,,,,,,,
1223,Accepted-In Progress,Value 77,19.087189090511092,Accepted,Low,In Progress,Org line C,C_2,be,G58 3rd,PROD327,Sweden
1223,,,,,,,,,,,,
1223,,,,,,,,,,,,
1224,Accepted-In Progress,Value 289,19.08713272733727,Accepted,Medium,In Progress,Org line G4,,se,S33 2nd,PROD448,Sweden
1224,,,,,,,,,,,,
1225,Accepted-In Progress,Value 367,19.087148091957634,Accepted,Low,In Progress,Org line C,E_1,us,G13 2nd,PROD398,Sweden
1225,,,,,,,,,,,,
1226,Accepted-In Progress,Value 229,19.087189475634826,Accepted,High,In Progress,Org line C,E_10,se,G271 2nd,PROD802,Sweden
1226,,,,,,,,,,,,
1226,,Value 370,,,,,,,,,,
1226,Accepted-Assigned,Value 523,19.087205419627203,Accepted,High,Assigned,Org line C,E_10,se,G271 2nd,PROD802,Sweden
1226,,,,,,,,,,,,
1226,,,,,,,,,,,,
1226,Accepted-In Progress,Value 122,19.0880277797095,Accepted,High,In Progress,Org line C,C_6,se,G273 3rd,PROD802,Sweden
1226,,,,,,,,,,,,
1226,,,,,,,,,,,,
1226,Accepted-Wait,Value 231,19.088036178596155,Accepted,High,Wait,Org line C,C_6,se,G273 3rd,PROD802,Sweden
1226,,,,,,,,,,,,
1227,Accepted-In Progress,Value 77,19.087162932559988,Accepted,High,In Progress,Org line C,E_1,nl,G55 2nd,PROD821,Belgium
1227,,,,,,,,,,,,
1227,,,,,,,,,,,,
1227,Accepted-In Progress,Value 488,19.087169022791887,Accepted,High,In Progress,Org line V7n,,nl,V32 2nd,PROD821,Netherlands
1227,,,,,,,,,,,,
1228,Accepted-In Progress,Value 395,19.087182527979884,Accepted,Medium,In Progress,Org line A2,A2_3,se,G45 2nd,PROD711,Brazil
1228,,,,,,,,,,,,
1229,Accepted-In Progress,Value 68,19.08720923998569,Accepted,Medium,In Progress,Org line A2,A2_4,se,G118 2nd,PROD591,Sweden
1229,,,,,,,,,,,,
1230,Accepted-In Progress,Value 126,19.087545246061982,Accepted,High,In Progress,Org line A2,A2_3,se,U6 2nd,PROD802,Sweden
1230,,,,,,,,,,,,
1230,,,,,,,,,,,,
1230,Completed-Closed,Value 31,19.093319813420948,Completed,High,Closed,Org line A2,A2_3,se,U6 2nd,PROD802,Sweden
1231,Accepted-In Progress,Value 311,19.087615701273307,Accepted,Low,In Progress,Org line V2,,se,T2 2nd,PROD367,Sweden
1231,,,,,,,,,,,,
1231,,,,,,,,,,,,
1231,Accepted-In Progress,Value 311,19.08980181013765,Accepted,Low,In Progress,Org line V2,,se,T2 2nd,PROD367,Sweden
1231,,,,,,,,,,,,
1231,,,,,,,,,,,,
1231,Accepted-In Progress,Value 311,19.089802301809723,Accepted,Low,In Progress,Org line V2,,se,T4 2nd,PROD367,Sweden
1231,,,,,,,,,,,,
1232,Accepted-In Progress,Value 44,19.087637032937337,Accepted,Major,In Progress,Org line C,C_6,se,G273 3rd,PROD802,Sweden
1232,,,,,,,,,,,,
1232,,,,,,,,,,,,
1232,Accepted-Assigned,Value 44,19.08764882777661,Accepted,Major,Assigned,Org line C,C_6,se,G273 3rd,PROD802,Sweden
1232,,,,,,,,,,,,
1232,,,,,,,,,,,,
1233,Accepted-In Progress,Value 87,19.087649074142526,Accepted,Medium,In Progress,Org line C,E_10,in,G276 2nd,PROD698,Sweden
1233,,,,,,,,,,,,
1234,Accepted-In Progress,Value 43,19.087680336458305,Accepted,High,In Progress,Org line G3,,us,G199 3rd,PROD98,POLAND
1234,,,,,,,,,,,,
1235,Accepted-In Progress,Value 31,19.08773206007443,Accepted,Medium,In Progress,Org line G4,,se,S33 2nd,PROD448,Sweden
1235,,,,,,,,,,,,
1236,Accepted-In Progress,Value 324,19.08797540436418,Accepted,Medium,In Progress,Org line C,E_2,se,G57 2nd,PROD327,Sweden
1236,,,,,,,,,,,,
1236,,,,,,,,,,,,
1236,Accepted-Wait,Value 423,19.09019237253646,Accepted,Medium,Wait,Org line C,E_2,se,G57 2nd,PROD327,Sweden
1236,,,,,,,,,,,,
1236,,,,,,,,,,,,
1237,Accepted-In Progress,Value 524,19.087961904748937,Accepted,Low,In Progress,Org line C,A2_1,be,D2,PROD235,Belgium
1237,,,,,,,,,,,,
1237,,,,,,,,,,,,
1238,Accepted-In Progress,Value 525,19.087972413017035,Accepted,Medium,In Progress,Org line C,E_3,us,G67 2nd,PROD151,Sweden
1238,,,,,,,,,,,,
1238,,,,,,,,,,,,
1239,Accepted-In Progress,Value 521,19.087980607131893,Accepted,Medium,In Progress,Org line C,E_5,in,G75,PROD327,INDIA
1239,,,,,,,,,,,,
1239,,,,,,,,,,,,
1240,Accepted-In Progress,Value 2,19.08806166214123,Accepted,Low,In Progress,Org line V2,,se,T3 2nd,PROD449,Sweden
1240,,,,,,,,,,,,
1241,Accepted-In Progress,Value 165,19.088066274454956,Accepted,Medium,In Progress,Org line C,V3_3,us,N22 2nd,PROD209,USA
1241,,,,,,,,,,,,
1242,Accepted-In Progress,Value 303,19.088534049574957,Accepted,Medium,In Progress,Org line C,E_5,in,G92,PROD793,INDIA
1242,,,,,,,,,,,,
1242,,,,,,,,,,,,
1242,Completed-Closed,Value 303,19.10599524904338,Completed,Medium,Closed,Org line C,E_5,in,G92,PROD793,INDIA
1243,Accepted-In Progress,Value 526,19.08863800065819,Accepted,Major,In Progress,Org line C,E_10,in,G209 2nd,PROD473,Sweden
1243,,,,,,,,,,,,
1243,,,,,,,,,,,,
1243,Completed-Closed,Value 493,19.114639405172802,Completed,Major,Closed,Org line C,E_8,in,G186 2nd,PROD473,Sweden
1244,Accepted-In Progress,Value 39,19.088868211378767,Accepted,Medium,In Progress,Org line C,C_3,se,G95 3rd,PROD325,Sweden
1244,,,,,,,,,,,,
1244,,,,,,,,,,,,
1244,Accepted-In Progress,Value 453,19.08887446040314,Accepted,Medium,In Progress,Org line C,C_3,se,G211 3rd,PROD325,INDIA
1244,,,,,,,,,,,,
1244,,,,,,,,,,,,
1244,Completed-Closed,Value 453,19.10253278896452,Completed,Medium,Closed,Org line C,C_3,se,G211 3rd,PROD325,INDIA
1245,Accepted-In Progress,Value 387,19.089302827890357,Accepted,Medium,In Progress,Org line C,E_10,se,G288 2nd,PROD631,Sweden
1245,,,,,,,,,,,,
1245,,Value 527,,,,,,,,,,
1245,Queued-Awaiting Assignment,Value 229,19.089797953576458,Queued,Medium,Awaiting Assignment,Org line C,E_10,se,G271 2nd,PROD631,Sweden
1245,,Value 370,,,,,,,,,,
1245,,,,,,,,,,,,
1245,Accepted-In Progress,Value 44,19.089803479773074,Accepted,Medium,In Progress,Org line C,C_6,se,G273 3rd,PROD631,Sweden
1245,,,,,,,,,,,,
1245,,,,,,,,,,,,
1246,Accepted-In Progress,Value 114,19.08930147511607,Accepted,Major,In Progress,Org line C,C_6,se,G268 3rd,PROD805,Sweden
1246,,,,,,,,,,,,
1247,Accepted-In Progress,Value 337,19.08933625210711,Accepted,Medium,In Progress,Org line C,E_7,in,G162 2nd,PROD473,INDIA
1247,,,,,,,,,,,,
1247,,,,,,,,,,,,
1247,Queued-Awaiting Assignment,Value 187,19.08934370233215,Queued,Medium,Awaiting Assignment,Org line C,E_8,in,G186 2nd,PROD473,INDIA
1247,,,,,,,,,,,,
1247,,,,,,,,,,,,
1247,Accepted-In Progress,Value 337,19.09412847829278,Accepted,Medium,In Progress,Org line C,E_7,in,G165 2nd,PROD473,INDIA
1247,,,,,,,,,,,,
1247,,,,,,,,,,,,
1247,Accepted-In Progress,Value 479,19.0964310882787,Accepted,Medium,In Progress,Org line C,E_8,in,G181 2nd,PROD473,Sweden
1247,,,,,,,,,,,,
1247,,,,,,,,,,,,
1247,Accepted-In Progress,Value 13,19.09691668213114,Accepted,Medium,In Progress,Org line C,E_7,in,G157 2nd,PROD473,Sweden
1247,,,,,,,,,,,,
1248,Accepted-In Progress,Value 528,19.089366857113284,Accepted,Medium,In Progress,Org line C,E_10,se,G138 2nd,PROD276,Sweden
1248,,,,,,,,,,,,
1248,,,,,,,,,,,,
1249,Accepted-In Progress,Value 528,19.089376500083738,Accepted,Medium,In Progress,Org line C,E_10,se,G138 2nd,PROD802,Sweden
1249,,,,,,,,,,,,
1250,Accepted-In Progress,Value 529,19.089437460770377,Accepted,Medium,In Progress,Org line G4,,se,S29 2nd,PROD527,Sweden
1250,,,,,,,,,,,,
1251,Accepted-In Progress,Value 512,19.089491050639417,Accepted,Low,In Progress,Org line C,E_4,in,G93 2nd,PROD279,Brazil
1251,,,,,,,,,,,,
1252,Queued-Awaiting Assignment,Value 216,19.08947106492559,Queued,High,Awaiting Assignment,Org line A2,A2_1,se,M19 2nd,PROD700,Sweden
1252,,,,,,,,,,,,
1252,,,,,,,,,,,,
1253,Accepted-In Progress,Value 42,19.089772391318757,Accepted,Medium,In Progress,Org line A2,A2_1,in,M22 2nd,PROD327,Sweden
1253,,,,,,,,,,,,
1253,,,,,,,,,,,,
1253,Accepted-In Progress,Value 155,19.093800125366855,Accepted,Medium,In Progress,Org line A2,A2_1,in,M22 2nd,PROD327,POLAND
1253,,,,,,,,,,,,
1253,,,,,,,,,,,,
1253,Accepted-In Progress,Value 521,19.09545864767838,Accepted,Medium,In Progress,Org line C,E_5,in,G75,PROD327,INDIA
1253,,,,,,,,,,,,
1254,Accepted-In Progress,Value 148,19.089785733352052,Accepted,High,In Progress,Org line C,E_6,fr,W12 2nd,PROD190,France
1254,,,,,,,,,,,,
1254,,,,,,,,,,,,
1254,Completed-Closed,Value 148,19.099502118413326,Completed,High,Closed,Org line C,E_6,fr,W12 2nd,PROD190,France
1255,Accepted-In Progress,Value 530,19.08981164865468,Accepted,Medium,In Progress,Org line C,E_10,se,G140 2nd,PROD664,Sweden
1255,,,,,,,,,,,,
1256,Accepted-In Progress,Value 76,19.090218415528405,Accepted,Major,In Progress,Org line C,C_6,se,G278 3rd,PROD802,Sweden
1256,,,,,,,,,,,,
1257,Accepted-In Progress,Value 511,19.090282498776403,Accepted,Medium,In Progress,Org line A2,A2_2,in,G40,PROD424,Sweden
1257,,,,,,,,,,,,
1257,,,,,,,,,,,,
1257,Accepted-Assigned,Value 179,19.09417132825308,Accepted,Medium,Assigned,Org line A2,A2_2,in,G40,PROD424,Sweden
1257,,,,,,,,,,,,
1257,,,,,,,,,,,,
1257,Queued-Awaiting Assignment,Value 511,19.095897215882648,Queued,Medium,Awaiting Assignment,Org line A2,A2_2,in,G40,PROD424,Sweden
1257,,,,,,,,,,,,
1257,,,,,,,,,,,,
1257,Accepted-In Progress,Value 57,19.100272239975258,Accepted,Medium,In Progress,Org line A2,A2_2,in,G39 3rd,PROD424,Sweden
1257,,,,,,,,,,,,
1257,,,,,,,,,,,,
1257,Accepted-In Progress,Value 71,19.101738187260434,Accepted,Medium,In Progress,Org line B,E_10,in,G230 2nd,PROD424,INDIA
1257,,,,,,,,,,,,
1257,,,,,,,,,,,,
1257,Accepted-In Progress,Value 71,19.103344489834548,Accepted,Medium,In Progress,Org line B,E_10,in,G230 2nd,PROD424,INDIA
1257,,,,,,,,,,,,
1257,,,,,,,,,,,,
1257,Completed-Closed,Value 71,19.10563186337784,Completed,Medium,Closed,Org line B,E_10,in,G230 2nd,PROD424,INDIA
1258,Accepted-In Progress,Value 62,19.090312486155394,Accepted,Major,In Progress,Org line C,E_4,us,G88 2nd,PROD793,Sweden
1258,,,,,,,,,,,,
1258,,,,,,,,,,,,
1258,Completed-Closed,Value 62,19.093796136260764,Completed,Major,Closed,Org line C,E_4,us,G88 2nd,PROD793,Sweden
1258,,,,,,,,,,,,
1258,,,,,,,,,,,,
1259,Accepted-In Progress,Value 166,19.090532495780835,Accepted,High,In Progress,Org line C,E_1,se,G294 2nd,PROD790,Sweden
1259,,,,,,,,,,,,
1259,,,,,,,,,,,,
1259,Completed-Closed,Value 119,19.090756100109854,Completed,High,Closed,Org line A2,A2_1,se,N19 2nd,PROD790,Sweden
1260,Accepted-In Progress,Value 358,19.0906012158346,Accepted,High,In Progress,Org line C,E_1,us,G13 2nd,PROD398,USA
1260,,,,,,,,,,,,
1260,,,,,,,,,,,,
1260,Accepted-Wait,Value 220,19.091189508364995,Accepted,High,Wait,Org line C,E_1,us,G13 2nd,PROD398,Belgium
1260,,,,,,,,,,,,
1260,,,,,,,,,,,,
1260,Completed-Closed,Value 220,19.118503382504482,Completed,High,Closed,Org line C,E_1,us,G13 2nd,PROD398,Belgium
1261,Accepted-In Progress,Value 403,19.090629428174136,Accepted,Medium,In Progress,Org line G4,,se,M18 2nd,PROD78,Sweden
1261,,,,,,,,,,,,
1262,Accepted-In Progress,Value 82,19.09068902815451,Accepted,Major,In Progress,Org line C,V3_3,se,G101 2nd,PROD221,Sweden
1262,,,,,,,,,,,,
1263,Accepted-In Progress,Value 478,19.0909725438024,Accepted,Medium,In Progress,Org line A2,A2_1,pl,W16 3rd,PROD756,POLAND
1263,,,,,,,,,,,,
1263,,,,,,,,,,,,
1263,Accepted-Wait,Value 478,19.093296785716056,Accepted,Medium,Wait,Org line A2,A2_1,pl,W16 3rd,PROD756,POLAND
1263,,,,,,,,,,,,
1264,Accepted-In Progress,Value 531,19.091086410415766,Accepted,Major,In Progress,Org line C,E_4,us,G88 2nd,PROD219,Sweden
1264,,,,,,,,,,,,
1265,Accepted-In Progress,Value 43,19.09109910067597,Accepted,Medium,In Progress,Org line G3,,us,G199 3rd,PROD97,POLAND
1265,,,,,,,,,,,,
1266,Accepted-Wait,Value 204,19.091176486806372,Accepted,Low,Wait,Org line C,E_9,se,N12 2nd,PROD479,Sweden
1266,,,,,,,,,,,,
1267,Accepted-In Progress,Value 43,19.09157419692263,Accepted,Medium,In Progress,Org line G3,,us,G199 3rd,PROD96,POLAND
1267,,,,,,,,,,,,
1268,Accepted-In Progress,Value 532,19.092272220675007,Accepted,Low,In Progress,Org line C,E_1,be,G213 2nd,PROD715,Sweden
1268,,,,,,,,,,,,
1268,,,,,,,,,,,,
1269,Accepted-In Progress,Value 532,19.09227346214873,Accepted,Major,In Progress,Org line C,E_1,be,G213 2nd,PROD715,Sweden
1269,,,,,,,,,,,,
1270,Accepted-In Progress,Value 114,19.092369679336898,Accepted,High,In Progress,Org line C,C_6,se,G268 3rd,PROD802,Sweden
1270,,,,,,,,,,,,
1271,Accepted-In Progress,Value 175,19.09240818098821,Accepted,Major,In Progress,Org line C,E_8,in,G186 2nd,PROD474,INDIA
1271,,,,,,,,,,,,
1272,Accepted-In Progress,Value 175,19.09240936099418,Accepted,Major,In Progress,Org line C,E_8,in,G181 2nd,PROD474,INDIA
1272,,,,,,,,,,,,
1273,Accepted-In Progress,Value 533,19.092449531449112,Accepted,High,In Progress,Other,,se,V46 2nd,PROD805,Sweden
1273,,,,,,,,,,,,
1273,,,,,,,,,,,,
1273,Queued-Awaiting Assignment,Value 345,19.09245541078902,Queued,High,Awaiting Assignment,Org line C,C_6,se,G268 3rd,PROD805,Sweden
1273,,,,,,,,,,,,
1273,,,,,,,,,,,,
1274,Accepted-In Progress,Value 534,19.092456074830455,Accepted,Medium,In Progress,Org line A2,A2_2,us,N12 2nd,PROD669,USA
1274,,,,,,,,,,,,
1274,,,,,,,,,,,,
1274,Completed-Closed,Value 535,19.095560822293848,Completed,Medium,Closed,Org line A2,A2_2,us,N12 2nd,PROD669,USA
1275,Accepted-In Progress,Value 536,19.092463992213553,Accepted,Medium,In Progress,Org line A2,A2_5,us,N30 2nd,PROD383,USA
1275,,,,,,,,,,,,
1275,,,,,,,,,,,,
1275,Queued-Awaiting Assignment,Value 536,19.09549136261688,Queued,Medium,Awaiting Assignment,Org line A2,A2_5,us,N30 2nd,PROD383,USA
1275,,Value 537,,,,,,,,,,
1275,,Value 537,,,,,,,,,,
1276,Accepted-In Progress,Value 538,19.09247526543732,Accepted,Medium,In Progress,Org line C,E_6,se,M13 2nd,PROD383,Sweden
1276,,,,,,,,,,,,
1276,,,,,,,,,,,,
1276,Completed-Closed,Value 538,19.105601968919192,Completed,Medium,Closed,Org line C,E_6,se,M3 2nd,PROD383,Sweden
1277,Accepted-In Progress,Value 13,19.09247621040046,Accepted,Low,In Progress,Org line A2,A2_3,se,S35 2nd,PROD368,Sweden
1277,,,,,,,,,,,,
1277,,,,,,,,,,,,
1278,Accepted-In Progress,Value 232,19.092524387013725,Accepted,Major,In Progress,Org line C,C_5,se,G120 3rd,PROD597,Sweden
1278,,,,,,,,,,,,
1279,Accepted-In Progress,Value 538,19.09252972450459,Accepted,Medium,In Progress,Org line C,E_6,se,M13 2nd,PROD383,Sweden
1279,,,,,,,,,,,,
1279,,,,,,,,,,,,
1279,Completed-Closed,Value 538,19.10560471138231,Completed,Medium,Closed,Org line C,E_6,se,M3 2nd,PROD383,Sweden
1280,Accepted-In Progress,Value 204,19.092780712742083,Accepted,Low,In Progress,Org line C,E_9,se,N12 2nd,PROD277,Sweden
1280,,,,,,,,,,,,
1280,,,,,,,,,,,,
1281,Queued-Awaiting Assignment,Value 217,19.09287205608914,Queued,Medium,Awaiting Assignment,Org line C,E_5,se,G92,PROD815,INDIA
1281,,,,,,,,,,,,
1281,,,,,,,,,,G365,,
1281,Accepted-In Progress,Value 77,19.09369353628956,Accepted,Medium,In Progress,Org line C,V3_2,se,N20,PROD815,Sweden
1281,,,,,,,,,,G365,,
1281,,Value 539,,,,,,,,,,
1281,Accepted-In Progress,Value 273,19.093726232500735,Accepted,Medium,In Progress,Org line C,E_4,se,G88 2nd,PROD815,Sweden
1281,,,,,,,,,,,,
1281,,,,,,,,,,L59 3rd,,
1281,Queued-Awaiting Assignment,Value 118,19.093750382830635,Queued,Medium,Awaiting Assignment,Org line C,C_3,se,G62 3rd,PROD815,France
1281,,,,,,,,,,,,
1281,,,,,,,,,,,,
1282,Queued-Awaiting Assignment,Value 511,19.09299253750336,Queued,Medium,Awaiting Assignment,Org line A2,A2_2,fr,G40,PROD424,Sweden
1282,,Value 540,,,,,Org line V4,,,V5 2nd,,
1282,,Value 540,,,,,Org line V4,,,V5 2nd,,
1283,Accepted-In Progress,Value 151,19.092922929832415,Accepted,Medium,In Progress,Org line A2,A2_1,se,J2 2nd,PROD350,Sweden
1283,,,,,,,,,,,,
1283,,,,,,,,,,,,
1284,Accepted-In Progress,Value 237,19.092925829823308,Accepted,Medium,In Progress,Org line C,C_6,se,G144 3rd,PROD660,Sweden
1284,,,,,,,,,,,,
1284,,,,,,,,,,,,
1284,Completed-Closed,Value 237,19.093349225030824,Completed,Medium,Closed,Org line C,C_6,se,G144 3rd,PROD660,Sweden
1285,Accepted-In Progress,Value 541,19.092931691046832,Accepted,Low,In Progress,Org line A2,A2_3,se,G349 3rd,PROD750,Sweden
1285,,,,,,,,,,,,
1285,,,,,,,,,,,,
1286,Accepted-In Progress,Value 337,19.092997270077262,Accepted,Medium,In Progress,Org line C,E_7,in,G165 2nd,PROD671,INDIA
1286,,,,,,,,,,,,
1286,,,,,,,,,,,,
1286,Accepted-In Progress,Value 71,19.094174051251702,Accepted,Medium,In Progress,Org line B,E_10,in,G230 2nd,PROD671,INDIA
1286,,,,,,,,,,,,
1286,,,,,,,,,,,,
1286,Accepted-Wait,Value 412,19.111169509055106,Accepted,Medium,Wait,Org line C,E_7,in,G165 2nd,PROD671,INDIA
1286,,,,,,,,,,,,
1286,,Value 542,,,,,,,,,,
1286,Queued-Awaiting Assignment,Value 337,19.111547842098886,Queued,Medium,Awaiting Assignment,Org line C,E_7,in,G165 2nd,PROD671,INDIA
1286,,,,,,,,,,,,
1286,,,,,,,,,,,,
1286,Accepted-In Progress,Value 71,19.111921037558474,Accepted,Medium,In Progress,Org line B,E_10,in,G230 2nd,PROD671,INDIA
1286,,,,,,,,,,,,
1286,,,,,,,,,,,,
1286,Queued-Awaiting Assignment,Value 69,19.111990156851324,Queued,Medium,Awaiting Assignment,Org line B,E_10,in,G230 2nd,PROD671,INDIA
1286,,,,,,,,,,,,
1286,,,,,,,,,,,,
1287,Accepted-In Progress,Value 543,19.09323154788046,Accepted,Major,In Progress,Org line C,,jp,S28 2nd,PROD348,Japan
1287,,,,,,,,,,,,
1287,,,,,,,,,,,,
1287,Completed-Closed,Value 543,19.110743156504043,Completed,Major,Closed,Org line C,,jp,S28 2nd,PROD348,Japan
1288,Accepted-In Progress,Value 544,19.093276263460375,Accepted,Medium,In Progress,Org line A2,A2_4,us,N28 2nd,PROD383,USA
1288,,,,,,,,,,,,
1288,,,,,,,,,,,,
1288,Completed-Closed,Value 544,19.09957427213871,Completed,Medium,Closed,Org line A2,A2_4,us,N28 2nd,PROD383,USA
1289,Accepted-In Progress,Value 38,19.09328344961523,Accepted,Medium,In Progress,Org line A2,A2_3,se,N22 2nd,PROD383,Sweden
1289,,,,,,,,,,,,
1289,,,,,,,,,,,,
1289,Completed-Closed,Value 38,19.118543533530673,Completed,Medium,Closed,Org line A2,A2_3,se,N22 2nd,PROD383,Sweden
1290,Accepted-In Progress,Value 2,19.093379671744852,Accepted,Low,In Progress,Org line V2,,se,T3 2nd,PROD688,Sweden
1290,,,,,,,,,,,,
1291,Accepted-In Progress,Value 273,19.09338348389802,Accepted,Medium,In Progress,Org line C,E_1,be,G55 2nd,PROD745,Sweden
1291,,,,,,,,,,,,
1292,Queued-Awaiting Assignment,Value 391,19.093386331521025,Queued,High,Awaiting Assignment,Org line C,E_1,se,G213 2nd,PROD715,Belgium
1292,,,,,,,,,,,,
1292,,,,,,,,,,,,
1293,Accepted-In Progress,Value 229,19.09366599697553,Accepted,High,In Progress,Org line C,E_10,se,G271 2nd,PROD802,Sweden
1293,,,,,,,,,,,,
1293,,,,,,,,,,,,
1293,Queued-Awaiting Assignment,Value 44,19.093686995898693,Queued,High,Awaiting Assignment,Org line C,C_6,se,G273 3rd,PROD802,Sweden
1293,,,,,,,,,,,,
1293,,,,,,,,,,,,
1293,Completed-Closed,Value 360,19.109525351706637,Completed,High,Closed,Org line C,C_6,se,G273 3rd,PROD802,Sweden
1294,Accepted-In Progress,Value 42,19.093680384040418,Accepted,Medium,In Progress,Org line A2,A2_1,se,M22 2nd,PROD327,Sweden
1294,,,,,,,,,,,,
1294,,,,,,,,,,,,
1294,Accepted-In Progress,Value 155,19.093800212086375,Accepted,Medium,In Progress,Org line A2,A2_1,se,M22 2nd,PROD327,POLAND
1294,,,,,,,,,,,,
1294,,,,,,,,,,,,
1295,Accepted-In Progress,Value 77,19.09371214198815,Accepted,High,In Progress,Org line C,E_1,be,G55 2nd,PROD597,Belgium
1295,,,,,,,,,,,,
1295,,,,,,,,,,,,
1295,Accepted-In Progress,Value 119,19.096006191648627,Accepted,High,In Progress,Org line C,E_1,be,G55 2nd,PROD597,Sweden
1295,,,,,,,,,,,,
1295,,,,,,,,,,,,
1295,Completed-Closed,Value 57,19.096331226117346,Completed,High,Closed,Org line C,E_1,be,G55 2nd,PROD597,Sweden
1296,Accepted-In Progress,Value 492,19.093701698963862,Accepted,Low,In Progress,Org line V5,,fr,V28,PROD207,France
1296,,,,,,,,,,,,
1297,Accepted-In Progress,Value 358,19.093834685050787,Accepted,Low,In Progress,Org line C,E_1,us,G13 2nd,PROD398,USA
1297,,,,,,,,,,,,
1297,,,,,,,,,,,,
1297,Accepted-Assigned,Value 220,19.115305132902552,Accepted,Low,Assigned,Org line C,E_1,us,G13 2nd,PROD398,Belgium
1297,,,,,,,,,,,,
1297,,,,,,,,,,,,
1298,Accepted-In Progress,Value 229,19.09381587758937,Accepted,High,In Progress,Org line C,E_10,se,G271 2nd,PROD802,Sweden
1298,,,,,,,,,,,,
1298,,,,,,,,,,,,
1298,Accepted-In Progress,Value 104,19.105664826905915,Accepted,High,In Progress,Org line C,C_6,se,G290 3rd,PROD802,Sweden
1298,,,,,,,,,,,,
1298,,,,,,,,,,,,
1298,Completed-Closed,Value 371,19.106377060637428,Completed,High,Closed,Org line C,C_6,se,G273 3rd,PROD802,France
1299,Accepted-In Progress,Value 403,19.094167524201392,Accepted,Low,In Progress,Org line G4,,se,M18 2nd,PROD32,Sweden
1299,,,,,,,,,,,,
1300,Accepted-In Progress,Value 360,19.094217215398658,Accepted,Low,In Progress,Org line C,C_6,se,G273 3rd,PROD802,Sweden
1300,,,,,,,,,,,,
1301,Accepted-In Progress,Value 545,19.09426512975401,Accepted,Medium,In Progress,Org line A2,A2_2,pl,G132,PROD653,POLAND
1301,,,,,,,,,,,,
1302,Accepted-In Progress,Value 197,19.094575092451027,Accepted,Medium,In Progress,Org line A2,A2_1,se,J2 2nd,PROD350,China
1302,,,,,,,,,,,,
1302,,,,,,,,,,,,
1303,Accepted-In Progress,Value 285,19.095486412666883,Accepted,Low,In Progress,Org line A2,A2_3,se,S35 2nd,PROD551,Sweden
1303,,,,,,,,,,,,
1304,Accepted-In Progress,Value 516,19.095468206621486,Accepted,Medium,In Progress,Org line C,E_6,fr,V52,PROD698,France
1304,,,,,,,,,,,,
1305,Accepted-In Progress,Value 249,19.09546241626569,Accepted,Low,In Progress,Org line C,E_4,in,G93 2nd,PROD325,INDIA
1305,,,,,,,,,,,,
1306,Accepted-In Progress,Value 172,19.09547599324762,Accepted,Medium,In Progress,Org line A2,A2_1,pl,W9 2nd,PROD756,POLAND
1306,,,,,,,,,,,,
1306,,,,,,,,,,,,
1307,Accepted-In Progress,Value 330,19.095499683773898,Accepted,Low,In Progress,Org line C,E_2,se,G57 2nd,PROD330,Belgium
1307,,,,,,,,,,,,
1307,,,,,,,,,,,,
1308,Accepted-In Progress,Value 43,19.09553989832856,Accepted,High,In Progress,Org line G3,,us,G199 3rd,PROD97,POLAND
1308,,,,,,,,,,,,
1309,Accepted-In Progress,Value 164,19.095549217160066,Accepted,High,In Progress,Org line G4,,se,S33 2nd,PROD397,Sweden
1309,,,,,,,,,,,,
1310,Accepted-In Progress,Value 388,19.095488928385272,Accepted,Medium,In Progress,Org line A2,A2_4,be,G7 3rd,PROD765,Belgium
1310,,,,,,,,,,,,
1310,,,,,,,,,,,,
1311,Accepted-In Progress,Value 385,19.095549191698897,Accepted,Medium,In Progress,Org line A2,A2_5,se,A10,PROD320,Sweden
1311,,,,,,,,,,,,
1312,Accepted-In Progress,Value 119,19.095704192382595,Accepted,Major,In Progress,Org line C,E_1,be,G55 2nd,PROD745,Sweden
1312,,,,,,,,,,,,
1313,Accepted-In Progress,Value 150,19.095626000007577,Accepted,Low,In Progress,Org line C,E_4,in,G88 2nd,PROD802,USA
1313,,,,,,,,,,,,
1313,,,,,,,,,,,,
1313,Queued-Awaiting Assignment,Value 86,19.09646430561549,Queued,Low,Awaiting Assignment,Org line C,E_10,in,G263 2nd,PROD802,Sweden
1313,,,,,,,,,,,,
1313,,,,,,,,,,,,
1313,Accepted-Assigned,Value 276,19.10164837399428,Accepted,Low,Assigned,Org line C,E_4,in,G88 2nd,PROD802,INDIA
1313,,,,,,,,,,,,
1313,,,,,,,,,,,,
1313,Accepted-In Progress,Value 356,19.102476894638126,Accepted,Low,In Progress,Org line C,E_10,in,G263 2nd,PROD802,Sweden
1313,,,,,,,,,,,,
1313,,,,,,,,,,,,
1313,Completed-Closed,Value 355,19.11724498470667,Completed,Low,Closed,Org line C,E_10,in,G263 2nd,PROD802,Sweden
1314,Accepted-In Progress,Value 521,19.09589850376874,Accepted,Medium,In Progress,Org line C,E_5,in,G75,PROD327,INDIA
1314,,,,,,,,,,,,
1314,,,,,,,,,,,,
1315,Accepted-In Progress,Value 156,19.095920926974205,Accepted,Medium,In Progress,Org line C,E_8,in,G181 2nd,PROD62,INDIA
1315,,,,,,,,,,,,
1315,,,,,,,,,,,,
1315,Accepted-Assigned,Value 206,19.09592932600232,Accepted,Medium,Assigned,Org line C,E_8,in,G181 2nd,PROD62,Sweden
1315,,,,,,,,,,,,
1315,,,,,,,,,,,,
1315,Completed-Closed,Value 482,19.112159263070865,Completed,Medium,Closed,Org line C,E_4,in,G87 2nd,PROD62,Sweden
1316,Accepted-In Progress,Value 70,19.095936157159834,Accepted,Medium,In Progress,Org line B,E_10,in,G230 2nd,PROD424,INDIA
1316,,,,,,,,,,,,
1317,Accepted-In Progress,Value 211,19.095939399652693,Accepted,Low,In Progress,Org line G4,,se,S33 2nd,PROD374,Sweden
1317,,,,,,,,,,,,
1318,Accepted-In Progress,Value 546,19.095958024694532,Accepted,Low,In Progress,Org line A2,A2_3,se,M21 3rd,PROD729,Sweden
1318,,,,,,,,,,,,
1319,Accepted-In Progress,Value 93,19.095986574952956,Accepted,Medium,In Progress,Org line G4,,se,S28 2nd,PROD201,Sweden
1319,,,,,,,,,,,,
1320,Accepted-In Progress,Value 2,19.09610507348136,Accepted,High,In Progress,Other,,in,G172,PROD455,Czech Republic
1320,,,,,,,,,,,,
1320,,,,,,,,,,,,
1320,Completed-Closed,Value 339,19.107742591373484,Completed,High,Closed,Org line C,E_4,in,G93 2nd,PROD455,INDIA
1321,Accepted-In Progress,Value 547,19.09612469803125,Accepted,High,In Progress,Org line C,C_5,in,G120 3rd,PROD597,Sweden
1321,,,,,,,,,,,,
1321,,,,,,,,,,,,
1321,Queued-Awaiting Assignment,Value 187,19.09988386136634,Queued,High,Awaiting Assignment,Org line C,E_8,in,G186 2nd,PROD597,INDIA
1321,,,,,,,,,,,,
1321,,,,,,,,,,,,
1321,Completed-Closed,Value 175,19.111675790331986,Completed,High,Closed,Org line C,E_8,in,G181 2nd,PROD597,INDIA
1322,Accepted-In Progress,Value 548,19.096340863222682,Accepted,High,In Progress,Org line V7n,,nl,V37 2nd,PROD542,Netherlands
1322,,,,,,,,,,,,
1323,Accepted-In Progress,Value 43,19.09636465538284,Accepted,High,In Progress,Org line G3,,us,G199 3rd,PROD96,POLAND
1323,,,,,,,,,,,,
1324,Accepted-In Progress,Value 325,19.09636430939312,Accepted,High,In Progress,Org line C,C_5,se,G120 3rd,PROD597,INDIA
1324,,,,,,,,,,,,
1324,,,,,,,,,,,,
1324,Accepted-In Progress,Value 104,19.111727039197397,Accepted,High,In Progress,Org line C,C_5,se,G120 3rd,PROD597,Sweden
1324,,,,,,,,,,,,
1325,Accepted-In Progress,Value 211,19.09639070094164,Accepted,Medium,In Progress,Org line G4,,se,S33 2nd,PROD374,Sweden
1325,,,,,,,,,,,,
1326,Accepted-In Progress,Value 43,19.09642812211884,Accepted,Medium,In Progress,Org line G3,,us,G199 3rd,PROD97,POLAND
1326,,,,,,,,,,,,
1327,Accepted-In Progress,Value 2,19.096764041031186,Accepted,Low,In Progress,Org line V2,,se,T3 2nd,PROD688,Sweden
1327,,,,,,,,,,,,
1328,Accepted-In Progress,Value 375,19.096757576638815,Accepted,Major,In Progress,Org line C,E_4,us,G88 2nd,PROD348,Sweden
1328,,,,,,,,,,,,
1329,Accepted-In Progress,Value 549,19.09678205057743,Accepted,Medium,In Progress,Org line C,E_8,in,G119 2nd,PROD597,MALAYSIA
1329,,,,,,,,,,,,
1330,Accepted-In Progress,Value 229,19.096833585281356,Accepted,High,In Progress,Org line C,E_10,se,G271 2nd,PROD802,Sweden
1330,,,,,,,,,,,,
1330,,Value 483,,,,,,,,,,
1330,Accepted-Assigned,Value 550,19.09684226652986,Accepted,High,Assigned,Org line C,E_10,se,G271 2nd,PROD802,Sweden
1330,,,,,,,,,,,,
1330,,,,,,,,,,,,
1330,Completed-Closed,Value 128,19.102923865755237,Completed,High,Closed,Org line C,C_6,se,G273 3rd,PROD802,Sweden
1331,Accepted-In Progress,Value 551,19.096876405940208,Accepted,Medium,In Progress,Org line A2,A2_4,be,G304 2nd,PROD636,Belgium
1331,,,,,,,,,,,,
1331,,,,,,,,,,,,
1331,Accepted-In Progress,Value 551,19.10028822000797,Accepted,Medium,In Progress,Org line A2,A2_4,be,G304 2nd,PROD636,Belgium
1331,,,,,,,,,,,,
1331,,,,,,,,,,,,
1331,Accepted-In Progress,Value 444,19.100290794629384,Accepted,Medium,In Progress,Org line C,E_1,be,G128 2nd,PROD636,POLAND
1331,,,,,,,,,,,,
1332,Queued-Awaiting Assignment,Value 249,19.096968281087698,Queued,High,Awaiting Assignment,Org line C,E_4,in,G93 2nd,PROD754,INDIA
1332,,,,,,,,,,,,
1332,,,,,,,,,,,,
1333,Accepted-In Progress,Value 216,19.096973808481383,Accepted,Medium,In Progress,Org line A2,A2_1,se,M19 2nd,PROD741,Sweden
1333,,,,,,,,,,,,
1333,,,,,,,,,,,,
1333,Accepted-In Progress,Value 216,19.10911553361887,Accepted,Medium,In Progress,Org line A2,A2_1,se,M19 2nd,PROD741,Sweden
1333,,,,,,,,,,,,
1334,Accepted-In Progress,Value 553,19.09717086781748,Accepted,Major,In Progress,Org line C,E_1,be,G213 2nd,PROD715,Sweden
1334,,,,,,,,,,,,
1335,Accepted-In Progress,Value 84,19.097253829891258,Accepted,Medium,In Progress,Org line A2,A2_2,fr,T13 2nd,PROD200,POLAND
1335,,,,,,,,,,,,
1336,Accepted-In Progress,Value 229,19.097242610409115,Accepted,High,In Progress,Org line C,E_10,fr,G271 2nd,PROD802,Sweden
1336,,,,,,,,,,,,
1336,,Value 483,,,,,,,,,,
1336,Accepted-Assigned,Value 554,19.09725391122823,Accepted,High,Assigned,Org line C,E_10,fr,G271 2nd,PROD802,Sweden
1336,,,,,,,,,,,,
1336,,Value 555,,,,,,,,,,
1336,Queued-Awaiting Assignment,Value 149,19.099098826970373,Queued,High,Awaiting Assignment,Org line C,E_6,fr,V29 2nd,PROD802,France
1336,,,,,,,,,,,,
1336,,,,,,,,,,,,
1336,Accepted-In Progress,Value 283,19.11377517312098,Accepted,High,In Progress,Org line C,V3_3,fr,V42 2nd,PROD802,France
1336,,,,,,,,,,,,
1337,Accepted-In Progress,Value 43,19.097495803536322,Accepted,Medium,In Progress,Org line G3,,us,G199 3rd,PROD96,POLAND
1337,,,,,,,,,,,,
1338,Accepted-In Progress,Value 43,19.098318990308826,Accepted,Medium,In Progress,Org line G3,,us,G199 3rd,PROD97,POLAND
1338,,,,,,,,,,,,
1339,Accepted-In Progress,Value 247,19.09850549333284,Accepted,Medium,In Progress,Org line C,C_3,se,G211 3rd,PROD325,Sweden
1339,,,,,,,,,,,,
1339,,,,,,,,,,,,
1339,Completed-Closed,Value 453,19.101632876265093,Completed,Medium,Closed,Org line C,C_3,se,G211 3rd,PROD325,INDIA
1340,Accepted-In Progress,Value 552,19.09868252477654,Accepted,Major,In Progress,Org line C,E_4,in,G93 2nd,PROD251,USA
1340,,,,,,,,,,,,
1341,Accepted-In Progress,Value 212,19.09882396596646,Accepted,Major,In Progress,Org line B,E_6,br,S4 2nd,PROD436,Brazil
1341,,,,,,,,,,,,
1341,,,,,,,,,,,,
1342,Accepted-In Progress,Value 43,19.098978353356436,Accepted,Medium,In Progress,Org line G3,,us,G199 3rd,PROD96,POLAND
1342,,,,,,,,,,,,
1343,Accepted-In Progress,Value 44,19.09903531638499,Accepted,High,In Progress,Org line C,C_6,se,G273 3rd,PROD802,Sweden
1343,,,,,,,,,,,,
1343,,,,,,,,,,,,
1343,Completed-Closed,Value 360,19.099054990077594,Completed,High,Closed,Org line C,C_6,se,G273 3rd,PROD802,Sweden
1344,Accepted-In Progress,Value 44,19.09904649547421,Accepted,Major,In Progress,Org line C,C_6,se,G278 3rd,PROD632,Sweden
1344,,,,,,,,,,,,
1344,,,,,,,,,,,,
1344,Completed-Closed,Value 44,19.104737193747102,Completed,Major,Closed,Org line C,C_6,se,G278 3rd,PROD632,Sweden
1345,Accepted-In Progress,Value 556,19.099052244816413,Accepted,Medium,In Progress,Org line C,E_1,be,G128 2nd,PROD636,Belgium
1345,,,,,,,,,,,,
1346,Accepted-In Progress,Value 444,19.099060810412333,Accepted,Medium,In Progress,Org line C,E_1,be,G128 2nd,PROD636,POLAND
1346,,,,,,,,,,,,
1347,Accepted-In Progress,Value 120,19.099111304327035,Accepted,Medium,In Progress,Org line A2,A2_3,se,N23 2nd,PROD414,Sweden
1347,,,,,,,,,,,,
1347,,,,,,,,,,,,
1347,Completed-Closed,Value 557,19.102908402945516,Completed,Medium,Closed,Org line A2,A2_3,se,N23 2nd,PROD414,Sweden
1348,Queued-Awaiting Assignment,Value 387,19.099382626765056,Queued,High,Awaiting Assignment,Org line C,E_10,in,G288 2nd,PROD791,Sweden
1348,,,,,,,,,,,,
1348,,,,,,,,,,,,
1349,Accepted-In Progress,Value 559,19.099581747912424,Accepted,Major,In Progress,Org line C,V3_2,se,M9,PROD153,Sweden
1349,,,,,,,,,,,,
1349,,,,,,,,,,,,
1349,Queued-Awaiting Assignment,Value 559,19.114769695906382,Queued,Major,Awaiting Assignment,Org line C,V3_2,se,M9,PROD153,Sweden
1349,,,,,,,,,,,,
1349,,,,,,,,,,,,
1350,Accepted-In Progress,Value 42,19.09994350552245,Accepted,Medium,In Progress,Org line A2,A2_1,se,M22 2nd,PROD327,Sweden
1350,,,,,,,,,,,,
1350,,,,,,,,,,,,
1350,Accepted-Wait,Value 155,19.102600188724754,Accepted,Medium,Wait,Org line A2,A2_1,se,M22 2nd,PROD327,POLAND
1350,,,,,,,,,,,,
1351,Accepted-In Progress,Value 324,19.099947632417642,Accepted,Medium,In Progress,Org line C,E_2,se,G57 2nd,PROD327,Sweden
1351,,,,,,,,,,,,
1351,,,,,,,,,,,,
1351,Completed-Closed,Value 423,19.100397351786786,Completed,Medium,Closed,Org line C,E_2,se,G57 2nd,PROD327,Sweden
1352,Accepted-In Progress,Value 324,19.099959115642033,Accepted,Medium,In Progress,Org line C,E_2,se,G57 2nd,PROD327,Sweden
1352,,,,,,,,,,,,
1352,,,,,,,,,,,,
1352,Completed-Closed,Value 423,19.100397762262777,Completed,Medium,Closed,Org line C,E_2,se,G57 2nd,PROD327,Sweden
1353,Accepted-In Progress,Value 42,19.10035729662803,Accepted,Medium,In Progress,Org line C,E_6,se,S20 2nd,PROD634,Sweden
1353,,,,,,,,,,,,
1353,,,,,,,,,,,,
1354,Accepted-In Progress,Value 43,19.100329357407666,Accepted,High,In Progress,Org line G3,,us,G199 3rd,PROD97,POLAND
1354,,,,,,,,,,,,
1355,Accepted-In Progress,Value 444,19.100326220341437,Accepted,Medium,In Progress,Org line A2,A2_2,pl,G217 3rd,PROD796,POLAND
1355,,,,,,,,,,,,
1356,Accepted-In Progress,Value 43,19.100396677794983,Accepted,High,In Progress,Org line G3,,us,G199 3rd,PROD96,POLAND
1356,,,,,,,,,,,,
1357,Accepted-In Progress,Value 168,19.100396044343626,Accepted,Medium,In Progress,Org line V11,,gb,V50 2nd,PROD158,United Kingdom
1357,,,,,,,,,,,,
1357,,,,,,,,,,,,
1358,Queued-Awaiting Assignment,Value 150,19.100435804040604,Queued,High,Awaiting Assignment,Org line C,,us,N6 2nd,PROD316,USA
1358,,,,,,,,,,,,
1358,,,,,,,,,,,,
1359,Accepted-In Progress,Value 239,19.100429343070726,Accepted,Medium,In Progress,Org line B,E_10,in,G238 2nd,PROD209,INDIA
1359,,,,,,,,,,,,
1360,Accepted-In Progress,Value 410,19.101637537756247,Accepted,Major,In Progress,Org line C,C_5,fr,V43 3rd,PROD609,France
1360,,,,,,,,,,,,
1361,Accepted-In Progress,Value 525,19.101601900332184,Accepted,Medium,In Progress,Org line C,E_3,us,G67 2nd,PROD151,Sweden
1361,,,,,,,,,,,,
1361,,,,,,,,,,,,
1362,Accepted-In Progress,Value 156,19.10159320462821,Accepted,Medium,In Progress,Org line C,E_8,in,G181 2nd,PROD476,INDIA
1362,,,,,,,,,,,,
1362,,,,,,,,,,,,
1362,Accepted-Wait,Value 560,19.109005545511195,Accepted,Medium,Wait,Org line C,E_8,in,G181 2nd,PROD476,INDIA
1362,,,,,,,,,,,,
1363,Accepted-In Progress,Value 561,19.101668765643666,Accepted,Medium,In Progress,Org line G4,,se,G51 2nd,PROD319,Sweden
1363,,,,,,,,,,,,
1363,,,,,,,,,,,,
1363,Accepted-In Progress,Value 561,19.11476574462153,Accepted,Medium,In Progress,Org line G4,,se,G51 2nd,PROD319,Sweden
1363,,,,,,,,,,,,
1363,,,,,,,,,,,,
1363,Completed-Closed,Value 561,19.11476645395574,Completed,Medium,Closed,Org line G4,,se,G51 2nd,PROD319,Sweden
1363,,,,,,,,,,,,
1363,,,,,,,,,,,,
1364,Accepted-In Progress,Value 43,19.10168126158669,Accepted,Medium,In Progress,Org line G3,,us,G199 3rd,PROD96,POLAND
1364,,,,,,,,,,,,
1365,Accepted-In Progress,Value 168,19.101808368187985,Accepted,Medium,In Progress,Org line V11,,gb,V50 2nd,PROD161,United Kingdom
1365,,,,,,,,,,,,
1366,Accepted-In Progress,Value 239,19.10199324007957,Accepted,High,In Progress,Org line B,E_10,in,G238 2nd,PROD209,INDIA
1366,,,,,,,,,,,,
1367,Accepted-In Progress,Value 562,19.10201589131626,Accepted,Medium,In Progress,Org line G4,,se,O3 2nd,PROD483,Sweden
1367,,,,,,,,,,,,
1367,,,,,,,,,,,,
1367,Completed-Closed,Value 562,19.105630265332426,Completed,Medium,Closed,Org line G4,,se,S50 3rd,PROD483,Sweden
1368,Accepted-In Progress,Value 123,19.102031145322133,Accepted,Medium,In Progress,Org line C,E_1,se,G294 2nd,PROD401,Sweden
1368,,,,,,,,,,,,
1369,Accepted-In Progress,Value 478,19.102037555476723,Accepted,Medium,In Progress,Org line A2,A2_1,pl,W16 3rd,PROD761,POLAND
1369,,,,,,,,,,,,
1369,,,,,,,,,,,,
1369,Accepted-Wait,Value 478,19.10216840572928,Accepted,Medium,Wait,Org line A2,A2_1,pl,W16 3rd,PROD761,POLAND
1369,,,,,,,,,,,,
1369,,,,,,,,,,,,
1369,Completed-Closed,Value 478,19.113765627571897,Completed,Medium,Closed,Org line A2,A2_1,pl,W16 3rd,PROD761,POLAND
1370,Accepted-In Progress,Value 43,19.102057918954895,Accepted,Medium,In Progress,Org line G3,,us,G199 3rd,PROD96,POLAND
1370,,,,,,,,,,,,
1371,Accepted-In Progress,Value 39,19.102163185200432,Accepted,Medium,In Progress,Org line C,E_1,se,G99 2nd,PROD153,Sweden
1371,,,,,,,,,,,,
1372,Accepted-In Progress,Value 560,19.102476758096998,Accepted,Major,In Progress,Org line C,E_8,in,G181 2nd,PROD476,INDIA
1372,,,,,,,,,,,,
1373,Accepted-In Progress,Value 209,19.10248255349294,Accepted,Medium,In Progress,Org line C,C_1,be,G56 3rd,PROD744,Sweden
1373,,,,,,,,,,,,
1374,Accepted-In Progress,Value 311,19.102512035659075,Accepted,Low,In Progress,Org line C,E_10,se,G253 2nd,PROD683,Sweden
1374,,,,,,,,,,,,
1375,Accepted-In Progress,Value 43,19.102549066657822,Accepted,Medium,In Progress,Org line G3,,us,G199 3rd,PROD97,POLAND
1375,,,,,,,,,,,,
1376,Accepted-In Progress,Value 43,19.10255139780004,Accepted,Medium,In Progress,Org line G3,,us,G199 3rd,PROD96,POLAND
1376,,,,,,,,,,,,
1377,Accepted-In Progress,Value 229,19.102687611010555,Accepted,High,In Progress,Org line C,E_10,pl,G271 2nd,PROD802,Sweden
1377,,,,,,,,,,,,
1377,,Value 563,,,,,,,,,,
1377,Queued-Awaiting Assignment,Value 86,19.102721187429122,Queued,High,Awaiting Assignment,Org line C,E_10,pl,G276 2nd,PROD802,Sweden
1377,,,,,,,,,,,,
1377,,,,,,,,,,,,
1377,Queued-Awaiting Assignment,Value 44,19.105669474681008,Queued,High,Awaiting Assignment,Org line C,C_6,pl,G273 3rd,PROD802,Sweden
1377,,,,,,,,,,,,
1377,,,,,,,,,,,,
1377,Accepted-Assigned,Value 354,19.11085448822891,Accepted,High,Assigned,Org line A2,A2_2,pl,N28 2nd,PROD802,POLAND
1377,,,,,,,,,,,,
1377,,,,,,,,,,,,
1378,Accepted-In Progress,Value 474,19.102833132699644,Accepted,Medium,In Progress,Org line A2,A2_5,cn,N18 2nd,PROD789,China
1378,,,,,,,,,,,,
1378,,,,,,,,,,,,
1378,Completed-Closed,Value 474,19.11799788313731,Completed,Medium,Closed,Org line A2,A2_5,cn,N18 2nd,PROD789,China
1379,Accepted-In Progress,Value 308,19.10271688489728,Accepted,High,In Progress,Org line C,,us,N6 2nd,PROD181,USA
1379,,,,,,,,,,,,
1379,,,,,,,,,,,,
1380,Accepted-In Progress,Value 77,19.10289406715548,Accepted,Medium,In Progress,Org line C,E_5,be,G75,PROD821,Belgium
1380,,,,,,,,,,,,
1380,,,,,,,,,,,,
1380,Accepted-In Progress,Value 77,19.102894385618487,Accepted,Medium,In Progress,Org line C,E_5,be,G74,PROD821,Belgium
1380,,,,,,,,,,,,
1380,,,,,,,,,,,,
1380,Accepted-Assigned,Value 449,19.11118410770657,Accepted,Medium,Assigned,Org line C,E_1,be,G55 2nd,PROD821,France
1380,,,,,,,,,,,,
1380,,,,,,,,,,,,
1381,Accepted-In Progress,Value 31,19.102973305714016,Accepted,Low,In Progress,Org line C,C_6,se,G268 3rd,PROD805,Sweden
1381,,,,,,,,,,,,
1381,,,,,,,,,,,,
1382,Accepted-In Progress,Value 253,19.10298982896265,Accepted,Medium,In Progress,Org line A2,A2_1,pl,W16 3rd,PROD756,POLAND
1382,,,,,,,,,,,,
1383,Accepted-In Progress,Value 558,19.103399385836006,Accepted,High,In Progress,Org line C,E_10,in,G288 2nd,PROD154,Sweden
1383,,,,,,,,,,,,
1383,,,,,,,,,,,,
1384,Accepted-In Progress,Value 81,19.103418372633307,Accepted,Major,In Progress,Org line A2,D_1,se,G197 2nd,PROD617,Sweden
1384,,,,,,,,,,,,
1384,,,,,,,,,,,,
1384,Queued-Awaiting Assignment,Value 564,19.10343560089473,Queued,Major,Awaiting Assignment,Org line A2,D_1,se,V16 3rd,PROD617,Korea
1384,,Value 565,,,,,,,,,,
1384,,,,,,,,,,,,
1384,Accepted-In Progress,Value 251,19.1116632382687,Accepted,Major,In Progress,Org line A2,A2_3,se,V13 2nd,PROD617,Sweden
1384,,,,,,,,,,,,
1384,,,,,,,,,,,,
1384,Completed-Closed,Value 81,19.120651173116435,Completed,Major,Closed,Org line A2,A2_3,se,V13 2nd,PROD617,Sweden
1385,Queued-Awaiting Assignment,Value 104,19.103490911207118,Queued,High,Awaiting Assignment,Org line C,C_6,us,G290 3rd,PROD154,Sweden
1385,,,,,,,,,,,,
1385,,,,,,,,,,,,
1385,Accepted-In Progress,Value 508,19.112690007330055,Accepted,High,In Progress,Org line C,,us,N6 2nd,PROD154,USA
1385,,,,,,,,,,,,
1386,Accepted-In Progress,Value 111,19.103493997945712,Accepted,High,In Progress,Org line C,C_6,us,N55 3rd,PROD785,USA
1386,,,,,,,,,,,,
1386,,,,,,,,,,,,
1386,Completed-Closed,Value 111,19.113854329163704,Completed,High,Closed,Org line C,C_6,us,N55 3rd,PROD785,USA
1387,Accepted-In Progress,Value 273,19.10348149937416,Accepted,High,In Progress,Org line A2,A2_3,se,G349 3rd,PROD750,Sweden
1387,,,,,,,,,,,,
1388,Accepted-In Progress,Value 566,19.10465660120396,Accepted,Major,In Progress,Org line C,E_6,se,U2 2nd,PROD802,Sweden
1388,,,,,,,,,,,,
1389,Accepted-In Progress,Value 567,19.104643910263558,Accepted,Major,In Progress,Org line C,,jp,S29 2nd,PROD348,Japan
1389,,,,,,,,,,,,
1390,Accepted-In Progress,Value 271,19.10476335011105,Accepted,Medium,In Progress,Org line C,E_7,se,G153 2nd,PROD671,INDIA
1390,,,,,,,,,,,,
1391,Accepted-In Progress,Value 68,19.104751376999268,Accepted,Medium,In Progress,Org line A2,A2_4,se,G118 2nd,PROD591,Sweden
1391,,,,,,,,,,,,
1392,Accepted-In Progress,Value 43,19.10477902140105,Accepted,High,In Progress,Org line G3,,us,G199 3rd,PROD98,POLAND
1392,,,,,,,,,,,,
1393,Accepted-In Progress,Value 433,19.10480308286186,Accepted,Medium,In Progress,Org line C,E_1,be,G55 2nd,PROD227,Sweden
1393,,,,,,,,,,,,
1394,Queued-Awaiting Assignment,Value 345,19.104921923556798,Queued,Major,Awaiting Assignment,Org line C,C_6,in,G268 3rd,PROD805,Sweden
1394,,Value 568,,,,,,,,,,
1394,,Value 568,,,,,,,,,,
1395,Accepted-In Progress,Value 345,19.104927149882265,Accepted,Major,In Progress,Org line C,C_6,se,G268 3rd,PROD805,Sweden
1395,,,,,,,,,,,,
1395,,,,,,,,,,,,
1395,Completed-Closed,Value 45,19.10870287384732,Completed,Major,Closed,Org line C,C_6,se,G268 3rd,PROD805,Sweden
1396,Accepted-In Progress,Value 43,19.105122229678283,Accepted,Medium,In Progress,Org line G3,,us,G199 3rd,PROD96,POLAND
1396,,,,,,,,,,,,
1397,Accepted-In Progress,Value 332,19.105182520471683,Accepted,Low,In Progress,Org line C,E_10,in,G271 2nd,PROD802,Sweden
1397,,,,,,,,,,,,
1397,,,,,,,,,,,,
1398,Accepted-In Progress,Value 273,19.10519382774288,Accepted,Major,In Progress,Org line A2,A2_2,se,G28 3rd,PROD182,Sweden
1398,,,,,,,,,,,,
1399,Accepted-In Progress,Value 373,19.105535119054633,Accepted,Medium,In Progress,Org line C,E_8,in,G119 2nd,PROD597,Sweden
1399,,,,,,,,,,,,
1400,Accepted-In Progress,Value 373,19.105539767432617,Accepted,Medium,In Progress,Org line C,E_8,in,G119 2nd,PROD597,Sweden
1400,,,,,,,,,,,,
1400,,,,,,,,,,,,
1401,Accepted-In Progress,Value 337,19.10564920477902,Accepted,High,In Progress,Org line C,E_7,in,G162 2nd,PROD646,INDIA
1401,,,,,,,,,,,,
1401,,Value 569,,,,,,,,G79,,
1401,Accepted-In Progress,Value 79,19.1056543164021,Accepted,High,In Progress,Org line C,E_7,in,G162 2nd,PROD646,INDIA
1401,,,,,,,,,,,,
1401,,,,,,,,,,,,
1401,Completed-Closed,Value 397,19.117296407365103,Completed,High,Closed,Org line C,E_7,in,G162 2nd,PROD646,INDIA
1402,Accepted-In Progress,Value 523,19.10567535242205,Accepted,Medium,In Progress,Org line C,E_10,in,G271 2nd,PROD802,Sweden
1402,,,,,,,,,,,,
1402,,,,,,,,,,,,
1402,Completed-Closed,Value 523,19.113847129327898,Completed,Medium,Closed,Org line C,E_10,in,G271 2nd,PROD802,Sweden
1403,Accepted-In Progress,Value 158,19.10602044027254,Accepted,Medium,In Progress,Org line A2,A2_3,se,G362 3rd,PROD241,POLAND
1403,,,,,,,,,,,,
1404,Accepted-In Progress,Value 367,19.10606872462743,Accepted,High,In Progress,Org line C,E_1,us,G13 2nd,PROD398,Sweden
1404,,,,,,,,,,,,
1404,,,,,,,,,,,,
1405,Accepted-In Progress,Value 308,19.10611654812892,Accepted,High,In Progress,Org line C,,us,N6 2nd,PROD487,USA
1405,,,,,,,,,,,,
1406,Queued-Awaiting Assignment,Value 69,19.10639599602014,Queued,High,Awaiting Assignment,Org line B,E_10,se,G230 2nd,PROD424,INDIA
1406,,,,,,,,,,,,
1406,,,,,,,,,,,,
1406,Accepted-In Progress,Value 127,19.107811884377842,Accepted,High,In Progress,Org line C,C_6,se,G250 3rd,PROD424,Sweden
1406,,,,,,,,,,,,
1406,,,,,,,,,,,,
1406,Completed-Closed,Value 2,19.117736222157603,Completed,High,Closed,Org line C,C_6,se,G250 3rd,PROD424,Sweden
1407,Accepted-In Progress,Value 86,19.106335581879502,Accepted,High,In Progress,Org line C,E_10,in,G236 2nd,PROD471,Sweden
1407,,,,,,,,,,,,
1407,,,,,,,,,,,,
1407,Completed-Closed,Value 465,19.106463196355687,Completed,High,Closed,Org line C,E_10,in,G236 2nd,PROD471,Sweden
1408,Accepted-In Progress,Value 43,19.106483454801886,Accepted,Medium,In Progress,Org line G3,,us,G199 3rd,PROD97,POLAND
1408,,,,,,,,,,,,
1409,Accepted-In Progress,Value 341,19.106478302083353,Accepted,Medium,In Progress,Org line C,E_4,us,G88 2nd,PROD794,Sweden
1409,,,,,,,,,,,,
1410,Accepted-In Progress,Value 4,19.106872048401097,Accepted,Low,In Progress,Org line C,E_9,se,N12 2nd,PROD673,Sweden
1410,,,,,,,,,,,,
1410,,,,,,,,,,,,
1410,Completed-Closed,Value 4,19.10939765534619,Completed,Low,Closed,Org line C,E_9,se,N12 2nd,PROD673,Sweden
1411,Accepted-In Progress,Value 43,19.10670919134979,Accepted,Medium,In Progress,Org line G3,,us,G199 3rd,PROD96,POLAND
1411,,,,,,,,,,,,
1412,Accepted-In Progress,Value 43,19.10671741968349,Accepted,High,In Progress,Org line G3,,us,G199 3rd,PROD97,POLAND
1412,,,,,,,,,,,,
1413,Accepted-In Progress,Value 570,19.107278055878577,Accepted,Major,In Progress,Org line C,C_5,se,G120 3rd,PROD597,Sweden
1413,,,,,,,,,,,,
1413,,Value 571,,,,,,,,,,
1413,Accepted-In Progress,Value 570,19.1177076735433,Accepted,Major,In Progress,Org line C,C_5,se,G120 3rd,PROD597,Sweden
1413,,,,,,,,,,,,
1414,Accepted-In Progress,Value 229,19.107617877020253,Accepted,High,In Progress,Org line C,E_10,in,G271 2nd,PROD802,Sweden
1414,,,,,,,,,,,,
1414,,,,,,,,,,,,
1414,Queued-Awaiting Assignment,Value 44,19.10763247227075,Queued,High,Awaiting Assignment,Org line C,C_6,in,G273 3rd,PROD802,Sweden
1414,,,,,,,,,,,,
1414,,,,,,,,,,,,
1414,Accepted-In Progress,Value 558,19.107711321175785,Accepted,High,In Progress,Org line C,E_10,in,G288 2nd,PROD802,Sweden
1414,,,,,,,,,,,,
1414,,,,,,,,,,,,
1414,Queued-Awaiting Assignment,Value 387,19.110796880536153,Queued,High,Awaiting Assignment,Org line C,E_10,in,G288 2nd,PROD802,Sweden
1414,,,,,,,,,,,,
1414,,,,,,,,,,,,
1414,Completed-Closed,Value 558,19.1108406269788,Completed,High,Closed,Org line C,E_10,in,G288 2nd,PROD802,Sweden
1415,Accepted-In Progress,Value 229,19.107624120654002,Accepted,High,In Progress,Org line C,E_10,in,G271 2nd,PROD802,Sweden
1415,,,,,,,,,,,,
1415,,,,,,,,,,,,
1415,Queued-Awaiting Assignment,Value 44,19.10763193394575,Queued,High,Awaiting Assignment,Org line C,C_6,in,G273 3rd,PROD802,Sweden
1415,,,,,,,,,,,,
1415,,,,,,,,,,,,
1415,Accepted-In Progress,Value 558,19.107711165224796,Accepted,High,In Progress,Org line C,E_10,in,G288 2nd,PROD802,Sweden
1415,,,,,,,,,,,,
1415,,,,,,,,,,,,
1415,Queued-Awaiting Assignment,Value 387,19.110797462296656,Queued,High,Awaiting Assignment,Org line C,E_10,in,G288 2nd,PROD802,Sweden
1415,,,,,,,,,,,,
1415,,,,,,,,,,,,
1415,Completed-Closed,Value 558,19.11084078244251,Completed,High,Closed,Org line C,E_10,in,G288 2nd,PROD802,Sweden
1416,Accepted-In Progress,Value 383,19.107708503992843,Accepted,Medium,In Progress,Org line C,C_6,se,G269 3rd,PROD621,INDIA
1416,,,,,,,,,,,,
1417,Accepted-In Progress,Value 251,19.10776142043045,Accepted,High,In Progress,Org line G1,E_6,se,G358 2nd,PROD291,Sweden
1417,,,,,,,,,,,,
1418,Accepted-Assigned,Value 573,19.107831672874227,Accepted,High,Assigned,Org line A2,D_1,pl,W14 2nd,PROD782,POLAND
1418,,,,,,,,,,,,
1418,,,,,,,,,,,,
1419,Queued-Awaiting Assignment,Value 387,19.108223911321648,Queued,High,Awaiting Assignment,Org line C,E_10,se,G288 2nd,PROD488,Sweden
1419,,,,,,,,,,,,
1419,,,,,,,,,,,,
1419,Accepted-In Progress,Value 13,19.10859061371152,Accepted,High,In Progress,Org line C,C_6,se,G290 3rd,PROD488,Sweden
1419,,,,,,,,,,,,
1420,Queued-Awaiting Assignment,Value 77,19.108713141281388,Queued,Major,Awaiting Assignment,Org line C,E_1,fr,G55 2nd,PROD816,Belgium
1420,,,,,,,,,,,,
1420,,,,,,,,,,,,
1420,Completed-Closed,Value 55,19.118664016744543,Completed,Major,Closed,Org line C,V3_3,fr,V42 2nd,PROD816,France
1421,Accepted-In Progress,Value 380,19.108810573631978,Accepted,Low,In Progress,Org line B,E_3,br,S12 2nd,PROD120,Brazil
1421,,,,,,,,,,,,
1421,,,,,,,,,,,,
1422,Accepted-In Progress,Value 385,19.109076810825012,Accepted,Low,In Progress,Org line A2,A2_5,se,A10,PROD461,Sweden
1422,,,,,,,,,,,,
1423,Accepted-In Progress,Value 34,19.109119436962093,Accepted,High,In Progress,Org line A2,A2_4,0,G11 2nd,PROD604,Belgium
1423,,,,,,,,,,,,
1424,Accepted-In Progress,Value 129,19.109130267780618,Accepted,Major,In Progress,Org line A2,A2_3,se,S21 2nd,PROD673,Sweden
1424,,,,,,,,,,,,
1424,,,,,,,,,,,,
1424,Accepted-In Progress,Value 77,19.110475792390037,Accepted,Major,In Progress,Org line C,E_7,se,G134 2nd,PROD673,Sweden
1424,,,,,,,,,,,,
1424,,,,,,,,,,,,
1424,Queued-Awaiting Assignment,Value 44,19.112117076846694,Queued,Major,Awaiting Assignment,Org line C,C_6,se,G273 3rd,PROD673,Sweden
1424,,,,,,,,,,,,
1424,,,,,,,,,,,,
1424,Accepted-In Progress,Value 360,19.12028315461049,Accepted,Major,In Progress,Org line C,C_6,se,G273 3rd,PROD673,Sweden
1424,,,,,,,,,,,,
1425,Accepted-In Progress,Value 336,19.10944212092069,Accepted,Major,In Progress,Org line C,E_4,us,G88 2nd,PROD348,China
1425,,,,,,,,,,,,
1426,Accepted-In Progress,Value 237,19.109539296479337,Accepted,Major,In Progress,Org line C,C_6,us,N55 3rd,PROD785,USA
1426,,,,,,,,,,,,
1427,Accepted-In Progress,Value 62,19.110659530448746,Accepted,High,In Progress,Org line A2,A2_3,se,S35 2nd,PROD368,Sweden
1427,,,,,,,,,,,,
1427,,,,,,,,,,,,
1427,Completed-Closed,Value 13,19.112515403533376,Completed,High,Closed,Org line A2,A2_3,se,S35 2nd,PROD368,Sweden
1428,Accepted-In Progress,Value 574,19.11081712660564,Accepted,Major,In Progress,Org line A2,A2_1,se,D7,PROD238,Sweden
1428,,,,,,,,,,,,
1429,Accepted-In Progress,Value 77,19.11080789882198,Accepted,Major,In Progress,Org line A2,A2_5,cn,N18 2nd,PROD789,China
1429,,,,,,,,,,,,
1430,Accepted-In Progress,Value 219,19.110816474645457,Accepted,Low,In Progress,Org line C,C_1,us,G14 3rd,PROD398,France
1430,,,,,,,,,,,,
1431,Accepted-In Progress,Value 345,19.11090291082766,Accepted,High,In Progress,Org line C,C_6,se,G268 3rd,PROD805,Sweden
1431,,,,,,,,,,,,
1431,,,,,,,,,,,,
1431,Accepted-In Progress,Value 345,19.111249011974163,Accepted,High,In Progress,Org line C,C_6,se,G268 3rd,PROD805,Sweden
1431,,,,,,,,,,,,
1431,,,,,,,,,,,,
1431,Accepted-In Progress,Value 45,19.11130601216292,Accepted,High,In Progress,Org line C,C_6,se,G268 3rd,PROD805,Sweden
1431,,,,,,,,,,,,
1432,Accepted-In Progress,Value 575,19.110899741566065,Accepted,Low,In Progress,Org line C,E_10,in,G266 2nd,PROD805,Sweden
1432,,,,,,,,,,,,
1432,,,,,,,,,,,,
1432,Accepted-Wait,Value 575,19.111250811607665,Accepted,Low,Wait,Org line C,E_10,in,G266 2nd,PROD805,Sweden
1432,,,,,,,,,,,,
1432,,,,,,,,,,,,
1433,Accepted-In Progress,Value 150,19.11090098520156,Accepted,High,In Progress,Org line C,,us,N6 2nd,PROD378,USA
1433,,,,,,,,,,,,
1433,,,,,,,,,,,,
1433,Completed-Closed,Value 308,19.118181568635435,Completed,High,Closed,Org line C,,us,N6 2nd,PROD378,USA
1434,Queued-Awaiting Assignment,Value 150,19.11120600528417,Queued,Major,Awaiting Assignment,Org line C,E_4,in,G88 2nd,PROD794,USA
1434,,Value 576,,,,,,,,,,
1434,,Value 576,,,,,,,,,,
1435,Accepted-In Progress,Value 150,19.111215896134425,Accepted,High,In Progress,Org line C,E_4,us,G88 2nd,PROD793,USA
1435,,,,,,,,,,,,
1435,,,,,,,,,,,,
1435,Completed-Closed,Value 393,19.11732868967716,Completed,High,Closed,Org line C,E_4,us,G88 2nd,PROD793,Sweden
1436,Accepted-In Progress,Value 88,19.11125923826073,Accepted,High,In Progress,Org line G4,,se,S30 2nd,PROD802,Sweden
1436,,,,,,,,,,,,
1436,,,,,,,,,,,,
1436,Completed-Closed,Value 88,19.11507274939622,Completed,High,Closed,Org line G4,,se,S30 2nd,PROD802,Sweden
1437,Accepted-In Progress,Value 43,19.11131237316442,Accepted,Low,In Progress,Org line G3,,us,G199 3rd,PROD428,POLAND
1437,,,,,,,,,,,,
1438,Completed-Closed,Value 68,19.111739149539957,Completed,Medium,Closed,Org line A2,A2_4,se,G118 2nd,PROD591,Sweden
1439,Accepted-In Progress,Value 380,19.111725606188948,Accepted,Medium,In Progress,Org line B,E_3,br,S12 2nd,PROD119,Brazil
1439,,,,,,,,,,,,
1439,,,,,,,,,,,,
1440,Accepted-In Progress,Value 31,19.112161662067766,Accepted,Medium,In Progress,Org line C,C_4,se,G155 3rd,PROD673,Sweden
1440,,,,,,,,,,,,
1441,Accepted-In Progress,Value 228,19.112455097616536,Accepted,Medium,In Progress,Org line V2,,se,T2 2nd,PROD631,Sweden
1441,,,,,,,,,,,,
1442,Accepted-In Progress,Value 43,19.112515964268713,Accepted,High,In Progress,Org line G3,,us,G199 3rd,PROD98,POLAND
1442,,,,,,,,,,,,
1443,Accepted-In Progress,Value 577,19.1125374972691,Accepted,Medium,In Progress,Org line A2,A2_4,se,G47 2nd,PROD243,Sweden
1443,,,,,,,,,,,,
1444,Accepted-In Progress,Value 249,19.113207377012532,Accepted,High,In Progress,Org line C,E_4,in,G93 2nd,PROD701,INDIA
1444,,,,,,,,,,,,
1444,,,,,,,,,,,,
1444,Completed-Closed,Value 119,19.114201014905433,Completed,High,Closed,Org line C,E_4,in,G93 2nd,PROD701,Sweden
1445,Accepted-In Progress,Value 43,19.113469810397106,Accepted,High,In Progress,Org line G3,,us,G199 3rd,PROD98,POLAND
1445,,,,,,,,,,,,
1446,Accepted-In Progress,Value 43,19.113477353069324,Accepted,High,In Progress,Org line G3,,us,G199 3rd,PROD97,POLAND
1446,,,,,,,,,,,,
1447,Accepted-In Progress,Value 43,19.113811209372614,Accepted,High,In Progress,Org line G3,,us,G199 3rd,PROD98,POLAND
1447,,,,,,,,,,,,
1448,Accepted-In Progress,Value 387,19.113919175348826,Accepted,Medium,In Progress,Org line C,E_10,in,G288 2nd,PROD154,Sweden
1448,,,,,,,,,,,,
1449,Accepted-In Progress,Value 114,19.113836159478403,Accepted,Medium,In Progress,Org line C,E_7,se,G161 2nd,PROD671,Sweden
1449,,,,,,,,,,,,
1450,Accepted-In Progress,Value 43,19.11386062397768,Accepted,High,In Progress,Org line G3,,us,G199 3rd,PROD96,POLAND
1450,,,,,,,,,,,,
1451,Accepted-In Progress,Value 43,19.113870308614093,Accepted,Medium,In Progress,Org line G3,,us,G199 3rd,PROD97,POLAND
1451,,,,,,,,,,,,
1452,Accepted-In Progress,Value 515,19.11406400164391,Accepted,High,In Progress,Org line C,E_10,in,G288 2nd,PROD154,Sweden
1452,,,,,,,,,,,,
1453,Accepted-In Progress,Value 8,19.114201794614175,Accepted,High,In Progress,Org line C,C_1,be,G56 3rd,PROD795,Sweden
1453,,,,,,,,,,,,
1454,Accepted-In Progress,Value 43,19.114335415716862,Accepted,High,In Progress,Org line G3,,us,G199 3rd,PROD97,POLAND
1454,,,,,,,,,,,,
1455,Accepted-In Progress,Value 81,19.1143030616168,Accepted,Major,In Progress,Org line A2,D_1,se,L45 3rd,PROD617,Sweden
1455,,,,,,,,,,,,
1456,Accepted-In Progress,Value 578,19.114330633133157,Accepted,Major,In Progress,Org line V5,,se,V20 2nd,PROD221,INDIA
1456,,,,,,,,,,,,
1457,Accepted-In Progress,Value 515,19.11450869773363,Accepted,High,In Progress,Org line C,E_10,in,G288 2nd,PROD154,Sweden
1457,,,,,,,,,,,,
1458,Accepted-In Progress,Value 579,19.11465010143222,Accepted,High,In Progress,Org line A2,,kr,S60 2nd,PROD221,Korea
1458,,,,,,,,,,,,
1458,,,,,,,,,,,,
1458,Accepted-Assigned,Value 579,19.1211200075315,Accepted,High,Assigned,Org line A2,,kr,S60 2nd,PROD221,Korea
1458,,,,,,,,,,,,
1459,Accepted-In Progress,Value 387,19.114667961582352,Accepted,High,In Progress,Org line C,E_10,in,G288 2nd,PROD154,Sweden
1459,,,,,,,,,,,,
1460,Accepted-In Progress,Value 276,19.1146916314101,Accepted,High,In Progress,Org line C,E_4,us,G88 2nd,PROD793,INDIA
1460,,,,,,,,,,,,
1461,Accepted-In Progress,Value 43,19.11476028472941,Accepted,Medium,In Progress,Org line G3,,us,G199 3rd,PROD96,POLAND
1461,,,,,,,,,,,,
1462,Accepted-In Progress,Value 192,19.11472493707622,Accepted,Medium,In Progress,Org line C,C_2,se,G58 3rd,PROD327,Belgium
1462,,,,,,,,,,,,
1462,,,,,,,,,,,,
1462,Accepted-Assigned,Value 330,19.114728653733923,Accepted,Medium,Assigned,Org line C,E_2,se,G57 2nd,PROD327,Belgium
1462,,,,,,,,,,,,
1462,,,,,,,,,,,,
1463,Accepted-In Progress,Value 43,19.114774021821077,Accepted,Medium,In Progress,Org line G3,,us,G199 3rd,PROD96,POLAND
1463,,,,,,,,,,,,
1464,Accepted-In Progress,Value 43,19.11517639991055,Accepted,Medium,In Progress,Org line G3,,us,G199 3rd,PROD96,POLAND
1464,,,,,,,,,,,,
1465,Accepted-In Progress,Value 43,19.11518561243681,Accepted,High,In Progress,Org line G3,,us,G199 3rd,PROD98,POLAND
1465,,,,,,,,,,,,
1466,Accepted-In Progress,Value 43,19.11553847568512,Accepted,Medium,In Progress,Org line G3,,us,G199 3rd,PROD97,POLAND
1466,,,,,,,,,,,,
1467,Accepted-In Progress,Value 43,19.11554227916626,Accepted,Medium,In Progress,Org line G3,,us,G199 3rd,PROD96,POLAND
1467,,,,,,,,,,,,
1468,Accepted-In Progress,Value 580,19.115709877527312,Accepted,Low,In Progress,Org line G4,,se,S32 2nd,PROD633,Sweden
1468,,,,,,,,,,,,
1469,Accepted-In Progress,Value 390,19.116020958055426,Accepted,Low,In Progress,Org line C,E_10,in,G276 2nd,PROD631,Sweden
1469,,,,,,,,,,,,
1470,Accepted-In Progress,Value 2,19.116809834197248,Accepted,Medium,In Progress,Org line C,C_6,se,G250 3rd,PROD434,Sweden
1470,,,,,,,,,,,,
1470,,,,,,,,,,,,
1470,Completed-Closed,Value 306,19.117646718627498,Completed,Medium,Closed,Org line C,C_6,se,G250 3rd,PROD434,Sweden
1471,Accepted-In Progress,Value 375,19.11690758747848,Accepted,Medium,In Progress,Org line C,E_1,us,G13 2nd,PROD460,Sweden
1471,,,,,,,,,,,,
1472,Accepted-In Progress,Value 15,19.117079696765536,Accepted,High,In Progress,Org line G4,,se,S28 2nd,PROD343,Sweden
1472,,,,,,,,,,,,
1473,Accepted-In Progress,Value 522,19.117233339499073,Accepted,High,In Progress,Org line C,E_10,in,G288 2nd,PROD154,Sweden
1473,,,,,,,,,,,,
1474,Accepted-In Progress,Value 43,19.117252513906493,Accepted,High,In Progress,Org line G3,,us,G199 3rd,PROD98,POLAND
1474,,,,,,,,,,,,
1475,Accepted-In Progress,Value 43,19.11733915292865,Accepted,High,In Progress,Org line G3,,us,G199 3rd,PROD97,POLAND
1475,,,,,,,,,,,,
1476,Accepted-In Progress,Value 276,19.117617480067924,Accepted,High,In Progress,Org line C,E_4,us,G88 2nd,PROD166,INDIA
1476,,,,,,,,,,,,
1477,Accepted-In Progress,Value 272,19.117671613067948,Accepted,Medium,In Progress,Org line V2,,se,T10 2nd,PROD334,Sweden
1477,,,,,,,,,,,,
1477,,,,,,,,,,,,
1477,Completed-Closed,Value 9,19.119897363148603,Completed,Medium,Closed,Org line V2,,se,T2 2nd,PROD334,Sweden
1478,Accepted-In Progress,Value 43,19.118185267489963,Accepted,Medium,In Progress,Org line G3,,us,G199 3rd,PROD98,POLAND
1478,,,,,,,,,,,,
1479,Accepted-In Progress,Value 81,19.118517735138745,Accepted,Medium,In Progress,Org line V2,,se,T10 2nd,PROD615,Sweden
1479,,,,,,,,,,,,
1479,,,,,,,,,,,,
1479,Completed-Closed,Value 68,19.120678739001853,Completed,Medium,Closed,Org line V2,,se,T10 2nd,PROD615,Sweden
1480,Accepted-In Progress,Value 572,19.119897566908115,Accepted,Major,In Progress,Org line C,E_10,in,G288 2nd,PROD154,Sweden
1480,,,,,,,,,,,,
1481,Accepted-In Progress,Value 581,19.11990261118525,Accepted,Major,In Progress,Org line F,,se,G207 2nd,PROD186,Sweden
1481,,,,,,,,,,,,
1481,,,,,,,,,,,,
1481,Completed-Closed,Value 581,19.121331224221436,Completed,Major,Closed,Org line F,,se,G207 2nd,PROD186,Sweden
1481,,,,,,,,,,,,
1481,,Value 582,,,,,,,,,,
1481,Accepted-In Progress,Value 581,19.121331517016205,Accepted,Major,In Progress,Org line C,E_6,se,U2 2nd,PROD186,Sweden
1481,,,,,,,,,,,,
1482,Accepted-In Progress,Value 43,19.12026065009733,Accepted,Medium,In Progress,Org line G3,,us,G199 3rd,PROD97,POLAND
1482,,,,,,,,,,,,
1483,Queued-Awaiting Assignment,Value 547,19.120371076329505,Queued,Major,Awaiting Assignment,Org line C,C_5,in,G120 3rd,PROD597,Sweden
1483,,Value 583,,,,,,,,,,
1483,,Value 583,,,,,,,,,,
1484,Accepted-In Progress,Value 31,19.120685934511442,Accepted,High,In Progress,Org line V2,,se,T2 2nd,PROD493,Sweden
1484,,,,,,,,,,,,
1484,,,,,,,,,,,,
1484,Accepted-In Progress,Value 584,19.120749634114702,Accepted,High,In Progress,Org line V2,,se,T2 2nd,PROD493,Sweden
1484,,,,,,,,,,,,
1485,Accepted-In Progress,Value 585,19.120743725139214,Accepted,Medium,In Progress,Org line C,E_7,se,G161 2nd,PROD671,Sweden
1485,,,,,,,,,,,,
1486,Accepted-In Progress,Value 4,19.12111999264048,Accepted,Major,In Progress,Org line A2,A2_3,se,U6 2nd,PROD831,Sweden
1486,,,,,,,,,,,,
1487,Accepted-In Progress,Value 43,19.121265685662625,Accepted,High,In Progress,Org line G3,,us,G199 3rd,PROD97,POLAND
1487,Completed-Closed,Value 43,19.12126609262437,Completed,High,Closed,Org line G3,,us,G199 3rd,PROD97,POLAND
