CaseID,Activity,org:resource,time:timestamp,concept:name,impact,lifecycle:transition,org:group,org:role,organization country,organization involved,product,resource country
1,Queued-Awaiting Assignment,Value 1,0.0,Queued,High,Awaiting Assignment,Org line A2,A2_2,se,J11 2nd,PROD191,INDIA
1,Accepted-In Progress,Value 1,19.087575582551246,Accepted,High,In Progress,Org line A2,A2_2,se,J11 2nd,PROD191,INDIA
1,Accepted-Assigned,Value 1,19.087576326835947,Accepted,High,Assigned,Org line A2,A2_2,se,J11 2nd,PROD191,INDIA
1,Accepted-In Progress,Value 1,19.087580268969127,Accepted,High,In Progress,Org line A2,A2_2,se,J11 2nd,PROD191,INDIA
1,Completed-Closed,Value 1,19.087581028649257,Completed,High,Closed,Org line A2,A2_2,se,J11 2nd,PROD191,INDIA
2,Accepted-In Progress,Value 2,17.06971703951763,Accepted,Medium,In Progress,Org line A2,A2_2,cn,M1 2nd,PROD753,Sweden
2,Accepted-In Progress,Value 2,17.070145843525836,Accepted,Medium,In Progress,Org line A2,A2_2,cn,M1 2nd,PROD753,Sweden
2,Accepted-Wait,Value 2,18.625817469113876,Accepted,Medium,Wait,Org line A2,A2_2,cn,M1 2nd,PROD753,Sweden
2,Accepted-In Progress,Value 2,18.997473687636635,Accepted,Medium,In Progress,Org line A2,A2_2,cn,M1 2nd,PROD753,Sweden
2,Accepted-In Progress,Value 3,19.06285259535793,Accepted,Medium,In Progress,Org line A2,A2_2,cn,M1 2nd,PROD753,China
2,Completed-Closed,Value 3,19.062852611142386,Completed,Medium,Closed,Org line A2,A2_2,cn,M1 2nd,PROD753,China
3,Accepted-In Progress,Value 2,17.436833715366276,Accepted,Medium,In Progress,Org line A2,A2_2,cn,M1 2nd,PROD753,Sweden
3,Accepted-Wait,Value 2,18.625817460968516,Accepted,Medium,Wait,Org line A2,A2_2,cn,M1 2nd,PROD753,Sweden
3,Accepted-In Progress,Value 2,18.997474271801213,Accepted,Medium,In Progress,Org line A2,A2_2,cn,M1 2nd,PROD753,Sweden
3,Accepted-In Progress,Value 3,19.061914332516814,Accepted,Medium,In Progress,Org line A2,A2_2,cn,M1 2nd,PROD753,China
3,Completed-Closed,Value 3,19.06191434304966,Completed,Medium,Closed,Org line A2,A2_2,cn,M1 2nd,PROD753,China
4,Accepted-In Progress,Value 2,17.54870190182382,Accepted,Low,In Progress,Org line A2,A2_2,cn,M1 2nd,PROD753,Sweden
4,Accepted-Wait,Value 2,18.625817477259233,Accepted,Low,Wait,Org line A2,A2_2,cn,M1 2nd,PROD753,Sweden
4,Accepted-In Progress,Value 2,18.997474305503005,Accepted,Low,In Progress,Org line A2,A2_2,cn,M1 2nd,PROD753,Sweden
4,Accepted-In Progress,Value 3,19.06190428413004,Accepted,Low,In Progress,Org line A2,A2_2,cn,M1 2nd,PROD753,China
4,Completed-Closed,Value 3,19.061904373660138,Completed,Low,Closed,Org line A2,A2_2,cn,M1 2nd,PROD753,China
5,Accepted-In Progress,Value 4,17.6944210245022,Accepted,Medium,In Progress,Org line A2,A2_2,se,G167 2nd,PROD681,Sweden
5,Accepted-Wait,Value 4,18.625817469113876,Accepted,Medium,Wait,Org line A2,A2_2,se,G167 2nd,PROD681,Sweden
5,Queued-Awaiting Assignment,Value 4,18.797286738313225,Queued,Medium,Awaiting Assignment,Org line A2,A2_2,se,G167 2nd,PROD681,Sweden
5,Accepted-In Progress,Value 4,18.99848930383784,Accepted,Medium,In Progress,Org line A2,A2_2,se,M1 2nd,PROD681,Sweden
5,Accepted-Assigned,Value 4,19.032034423427376,Accepted,Medium,Assigned,Org line A2,A2_2,se,G167 2nd,PROD681,Sweden
5,Accepted-In Progress,Value 4,19.055115884419866,Accepted,Medium,In Progress,Org line A2,A2_2,se,G167 2nd,PROD681,Sweden
5,Completed-Closed,Value 4,19.05511629800301,Completed,Medium,Closed,Org line A2,A2_2,se,G167 2nd,PROD681,Sweden
6,Accepted-In Progress,Value 2,18.108500356699842,Accepted,High,In Progress,Org line A2,A2_2,cn,M1 2nd,PROD753,Sweden
6,Accepted-In Progress,Value 2,18.273452502002172,Accepted,High,In Progress,Org line A2,A2_2,cn,M1 2nd,PROD753,Sweden
6,Accepted-Wait,Value 2,18.625817485404593,Accepted,High,Wait,Org line A2,A2_2,cn,M1 2nd,PROD753,Sweden
6,Accepted-In Progress,Value 2,18.99685293792133,Accepted,High,In Progress,Org line A2,A2_2,cn,M1 2nd,PROD753,Sweden
6,Accepted-In Progress,Value 2,18.99685296602361,Accepted,High,In Progress,Org line A2,A2_2,cn,M1 2nd,PROD753,Sweden
6,Accepted-In Progress,Value 3,19.062805282968657,Accepted,High,In Progress,Org line A2,A2_2,cn,M1 2nd,PROD753,China
6,Completed-Closed,Value 3,19.062805298753858,Completed,High,Closed,Org line A2,A2_2,cn,M1 2nd,PROD753,China
7,Accepted-In Progress,Value 2,18.140691102079035,Accepted,Medium,In Progress,Org line A2,A2_2,cn,G167 2nd,PROD681,Sweden
7,Accepted-Wait,Value 2,18.625817485404593,Accepted,Medium,Wait,Org line A2,A2_2,cn,G167 2nd,PROD681,Sweden
7,Queued-Awaiting Assignment,Value 2,18.7972841582491,Queued,Medium,Awaiting Assignment,Org line A2,A2_2,cn,G167 2nd,PROD681,Sweden
7,Accepted-In Progress,Value 2,18.99749156067146,Accepted,Medium,In Progress,Org line A2,A2_2,cn,M1 2nd,PROD681,Sweden
7,Accepted-Assigned,Value 4,19.03203410871014,Accepted,Medium,Assigned,Org line A2,A2_2,cn,G167 2nd,PROD681,Sweden
7,Accepted-In Progress,Value 2,19.05608183979236,Accepted,Medium,In Progress,Org line A2,A2_2,cn,M1 2nd,PROD681,Sweden
7,Completed-Closed,Value 2,19.056082062275983,Completed,Medium,Closed,Org line A2,A2_2,cn,M1 2nd,PROD681,Sweden
8,Accepted-In Progress,Value 5,18.310584934466377,Accepted,High,In Progress,Org line V7n,,nl,V32 2nd,PROD542,Netherlands
8,Accepted-In Progress,Value 5,19.067398587146972,Accepted,High,In Progress,Org line V7n,,nl,V32 2nd,PROD542,Netherlands
8,Accepted-In Progress,Value 5,19.067403515735506,Accepted,High,In Progress,Org line V7n,,nl,V32 2nd,PROD542,Netherlands
8,Queued-Awaiting Assignment,Value 6,19.07513571767496,Queued,High,Awaiting Assignment,Org line V7n,,nl,V32 2nd,PROD542,Netherlands
8,Accepted-In Progress,Value 5,19.075141024055675,Accepted,High,In Progress,Org line V7n,,nl,V37 2nd,PROD542,Netherlands
8,Queued-Awaiting Assignment,Value 6,19.075141159183516,Queued,High,Awaiting Assignment,Org line V7n,,nl,V32 2nd,PROD542,Netherlands
8,Accepted-In Progress,Value 5,19.07514129950856,Accepted,High,In Progress,Org line V7n,,nl,V37 2nd,PROD542,Netherlands
8,Completed-Closed,Value 5,19.08930267929024,Completed,High,Closed,Org line V7n,,nl,V37 2nd,PROD542,Netherlands
9,Accepted-In Progress,Value 2,18.310636867349235,Accepted,Low,In Progress,Org line A2,A2_2,cn,M1 2nd,PROD753,Sweden
9,Accepted-Wait,Value 2,18.625817493549953,Accepted,Low,Wait,Org line A2,A2_2,cn,M1 2nd,PROD753,Sweden
9,Accepted-In Progress,Value 2,19.0320302018672,Accepted,Low,In Progress,Org line A2,A2_2,cn,M1 2nd,PROD753,Sweden
9,Accepted-In Progress,Value 3,19.061941048727018,Accepted,Low,In Progress,Org line A2,A2_2,cn,M1 2nd,PROD753,China
9,Completed-Closed,Value 3,19.061941717544727,Completed,Low,Closed,Org line A2,A2_2,cn,M1 2nd,PROD753,China
10,Accepted-In Progress,Value 7,18.506137914622155,Accepted,Medium,In Progress,Org line A2,A2_1,se,M18 2nd,PROD38,Sweden
10,Accepted-In Progress,Value 7,19.093311162782825,Accepted,Medium,In Progress,Org line A2,A2_1,se,M18 2nd,PROD38,Sweden
10,Completed-Closed,Value 7,19.093311632317906,Completed,Medium,Closed,Org line A2,A2_1,se,M18 2nd,PROD38,Sweden
11,Accepted-In Progress,Value 8,18.542708181599526,Accepted,Medium,In Progress,Org line C,E_10,se,G260 2nd,PROD425,Sweden
11,Queued-Awaiting Assignment,Value 8,18.542713678204972,Queued,Medium,Awaiting Assignment,Org line C,E_10,se,G260 2nd,PROD425,Sweden
11,Accepted-Assigned,Value 8,18.542812567685395,Accepted,Medium,Assigned,Org line C,E_10,se,G260 2nd,PROD425,Sweden
11,Queued-Awaiting Assignment,Value 8,18.736836360062657,Queued,Medium,Awaiting Assignment,Org line C,E_10,se,G260 2nd,PROD425,Sweden
11,Accepted-In Progress,Value 9,18.754920855520684,Accepted,Medium,In Progress,Org line C,C_6,se,G152 3rd,PROD425,Sweden
11,Accepted-Wait,Value 9,19.011280376526354,Accepted,Medium,Wait,Org line C,C_6,se,G152 3rd,PROD425,Sweden
11,Queued-Awaiting Assignment,Value 9,19.042692110348675,Queued,Medium,Awaiting Assignment,Org line C,E_10,se,G260 2nd,PROD425,Sweden
11,Accepted-In Progress,Value 10,19.07463324582013,Accepted,Medium,In Progress,Org line C,E_10,se,G150 2nd,PROD425,Sweden
11,Completed-Closed,Value 10,19.07661430779273,Completed,Medium,Closed,Org line C,E_10,se,G150 2nd,PROD425,Sweden
12,Accepted-In Progress,Value 11,18.563327417139917,Accepted,Low,In Progress,Org line C,C_6,se,G237 3rd,PROD498,Sweden
12,Unmatched-Unmatched,Value 11,18.568466832670847,Unmatched,Low,Unmatched,Org line C,C_6,se,G237 3rd,PROD498,Sweden
12,Completed-Closed,Value 11,19.10774305921168,Completed,Low,Closed,Org line C,C_6,se,G237 3rd,PROD498,Sweden
13,Queued-Awaiting Assignment,Value 12,18.570299607738527,Queued,Medium,Awaiting Assignment,Org line A2,A2_1,pl,W16 3rd,PROD761,POLAND
13,Accepted-In Progress,Value 12,18.578841071530125,Accepted,Medium,In Progress,Org line A2,A2_1,pl,W16 3rd,PROD761,POLAND
13,Accepted-Wait,Value 12,18.57884116543854,Accepted,Medium,Wait,Org line A2,A2_1,pl,W16 3rd,PROD761,POLAND
13,Queued-Awaiting Assignment,Value 12,18.711309328670165,Queued,Medium,Awaiting Assignment,Org line A2,A2_1,pl,W16 3rd,PROD761,POLAND
13,Queued-Awaiting Assignment,Value 12,18.711310442881665,Queued,Medium,Awaiting Assignment,Org line A2,A2_1,pl,W15 2nd,PROD761,POLAND
13,Accepted-In Progress,Value 12,18.713835143372798,Accepted,Medium,In Progress,Org line A2,A2_1,pl,W15 2nd,PROD761,POLAND
13,Accepted-Wait,Value 12,18.713837127483355,Accepted,Medium,Wait,Org line A2,A2_1,pl,W15 2nd,PROD761,POLAND
13,Accepted-In Progress,Value 12,19.019255523981915,Accepted,Medium,In Progress,Org line A2,A2_1,pl,W15 2nd,PROD761,POLAND
13,Accepted-Wait,Value 12,19.118078667290632,Accepted,Medium,Wait,Org line A2,A2_1,pl,W15 2nd,PROD761,POLAND
13,Completed-Closed,Value 12,19.118096949245516,Completed,Medium,Closed,Org line A2,A2_1,pl,W15 2nd,PROD761,POLAND
14,Accepted-In Progress,Value 13,18.571480854027495,Accepted,Low,In Progress,Org line C,E_3,se,L54 2nd,PROD385,Sweden
14,Unmatched-Unmatched,Value 13,18.615196621869988,Unmatched,Low,Unmatched,Org line C,E_3,se,L54 2nd,PROD385,Sweden
14,Completed-Closed,Value 13,19.08668811923703,Completed,Low,Closed,Org line C,E_3,se,L54 2nd,PROD385,Sweden
15,Accepted-In Progress,Value 14,18.573750628502196,Accepted,Medium,In Progress,Org line V2,,se,T2 2nd,PROD631,Sweden
15,Completed-Closed,Value 14,19.07105794014122,Completed,Medium,Closed,Org line V2,,se,T2 2nd,PROD631,Sweden
16,Accepted-In Progress,Value 15,18.574496030398695,Accepted,Low,In Progress,Org line C,C_5,se,N1 3rd,PROD476,Sweden
16,Accepted-Assigned,Value 15,18.57449767666368,Accepted,Low,Assigned,Org line C,C_5,se,N1 3rd,PROD476,Sweden
16,Completed-Closed,Value 15,19.118095246528537,Completed,Low,Closed,Org line C,C_5,se,N1 3rd,PROD476,Sweden
17,Accepted-In Progress,Value 16,18.575159649907533,Accepted,High,In Progress,Org line A2,D_1,in,L50 3rd,PROD611,Sweden
17,Accepted-Assigned,Value 16,18.648621060371998,Accepted,High,Assigned,Org line A2,D_1,in,L50 3rd,PROD611,Sweden
17,Accepted-In Progress,Value 16,18.69716939565979,Accepted,High,In Progress,Org line A2,D_1,in,L50 3rd,PROD611,Sweden
17,Accepted-Assigned,Value 16,18.841438809725144,Accepted,High,Assigned,Org line A2,D_1,in,L50 3rd,PROD611,Sweden
17,Accepted-In Progress,Value 16,18.841480125495416,Accepted,High,In Progress,Org line A2,D_1,in,L50 3rd,PROD611,Sweden
17,Accepted-In Progress,Value 17,19.094097891181125,Accepted,High,In Progress,Org line A2,D_1,in,L50 3rd,PROD611,Sweden
17,Accepted-Assigned,Value 18,19.094099405770024,Accepted,High,Assigned,Org line A2,D_1,in,L50 3rd,PROD611,INDIA
17,Accepted-In Progress,Value 19,19.102907983388995,Accepted,High,In Progress,Org line A2,D_1,in,L50 3rd,PROD611,INDIA
17,Completed-Closed,Value 19,19.102908104706565,Completed,High,Closed,Org line A2,D_1,in,L50 3rd,PROD611,INDIA
18,Accepted-In Progress,Value 3,18.5907795142372,Accepted,Medium,In Progress,Org line A2,A2_2,cn,M1 2nd,PROD753,China
18,Accepted-Wait,Value 3,18.625817509840672,Accepted,Medium,Wait,Org line A2,A2_2,cn,M1 2nd,PROD753,China
18,Accepted-In Progress,Value 3,18.996851015723337,Accepted,Medium,In Progress,Org line A2,A2_2,cn,M1 2nd,PROD753,China
18,Accepted-In Progress,Value 3,19.06828141724529,Accepted,Medium,In Progress,Org line A2,A2_2,cn,M1 2nd,PROD753,China
18,Completed-Closed,Value 3,19.06828143294429,Completed,Medium,Closed,Org line A2,A2_2,cn,M1 2nd,PROD753,China
19,Accepted-Wait,Value 20,18.599444721726414,Accepted,Low,Wait,Org line A2,A2_2,se,G357 2nd,PROD46,Sweden
19,Unmatched-Unmatched,Value 20,18.60002173827982,Unmatched,Low,Unmatched,Org line A2,A2_2,se,G357 2nd,PROD46,Sweden
19,Queued-Awaiting Assignment,Value 20,18.687212320791453,Queued,Low,Awaiting Assignment,Org line A2,A2_2,se,G357 2nd,PROD46,Sweden
19,Accepted-In Progress,Value 21,18.68721314810547,Accepted,Low,In Progress,Org line A2,A2_2,se,G357 2nd,PROD46,POLAND
19,Accepted-Wait,Value 21,18.687213209387963,Accepted,Low,Wait,Org line A2,A2_2,se,G357 2nd,PROD46,POLAND
19,Accepted-Assigned,Value 22,18.924549659841215,Accepted,Low,Assigned,Org line A2,A2_2,se,G357 2nd,PROD46,POLAND
19,Accepted-Assigned,Value 21,18.924550191527022,Accepted,Low,Assigned,Org line A2,A2_2,se,G357 2nd,PROD46,POLAND
19,Accepted-Wait,Value 21,19.038424761653417,Accepted,Low,Wait,Org line A2,A2_2,se,G357 2nd,PROD46,POLAND
19,Accepted-In Progress,Value 21,19.0941508392354,Accepted,Low,In Progress,Org line A2,A2_2,se,G357 2nd,PROD46,POLAND
19,Completed-Closed,Value 21,19.09415085453348,Completed,Low,Closed,Org line A2,A2_2,se,G357 2nd,PROD46,POLAND
20,Accepted-In Progress,Value 20,18.600014332879756,Accepted,Medium,In Progress,Org line A2,A2_2,se,G357 2nd,PROD48,Sweden
20,Accepted-Wait,Value 20,18.600014408104183,Accepted,Medium,Wait,Org line A2,A2_2,se,G357 2nd,PROD48,Sweden
20,Queued-Awaiting Assignment,Value 20,18.687212022039002,Queued,Medium,Awaiting Assignment,Org line A2,A2_2,se,G357 2nd,PROD48,Sweden
20,Accepted-In Progress,Value 23,18.687212351432724,Accepted,Medium,In Progress,Org line A1,,se,N5 2nd,PROD48,Brazil
20,Accepted-In Progress,Value 21,18.687717689805076,Accepted,Medium,In Progress,Org line A2,A2_2,se,G357 2nd,PROD48,POLAND
20,Accepted-Wait,Value 21,18.753335288165026,Accepted,Medium,Wait,Org line A2,A2_2,se,G357 2nd,PROD48,POLAND
20,Accepted-Assigned,Value 22,18.924550288197135,Accepted,Medium,Assigned,Org line A2,A2_2,se,G357 2nd,PROD48,POLAND
20,Accepted-Wait,Value 22,19.03616232843563,Accepted,Medium,Wait,Org line A2,A2_2,se,G357 2nd,PROD48,POLAND
20,Completed-Closed,Value 22,19.062370195553505,Completed,Medium,Closed,Org line A2,A2_2,se,G357 2nd,PROD48,POLAND
21,Accepted-In Progress,Value 20,18.60230174708256,Accepted,Medium,In Progress,Org line A2,A2_2,se,G357 2nd,PROD44,Sweden
21,Accepted-Assigned,Value 20,18.602305824930003,Accepted,Medium,Assigned,Org line A2,A2_2,se,G357 2nd,PROD44,Sweden
21,Queued-Awaiting Assignment,Value 20,18.687212075661243,Queued,Medium,Awaiting Assignment,Org line A2,A2_2,se,G357 2nd,PROD44,Sweden
21,Accepted-In Progress,Value 21,18.68721280339138,Accepted,Medium,In Progress,Org line A2,A2_2,se,G357 2nd,PROD44,POLAND
21,Accepted-Wait,Value 21,18.68721289531515,Accepted,Medium,Wait,Org line A2,A2_2,se,G357 2nd,PROD44,POLAND
21,Completed-Closed,Value 21,19.094151043209774,Completed,Medium,Closed,Org line A2,A2_2,se,G357 2nd,PROD44,POLAND
22,Accepted-In Progress,Value 24,18.60572747574817,Accepted,Medium,In Progress,Org line A2,A2_2,se,G357 2nd,PROD46,Sweden
22,Accepted-In Progress,Value 24,18.68793253727576,Accepted,Medium,In Progress,Org line A2,A2_2,se,G357 2nd,PROD46,Sweden
22,Accepted-Assigned,Value 25,18.687932713336213,Accepted,Medium,Assigned,Org line A2,A2_2,se,G357 2nd,PROD46,POLAND
22,Accepted-Assigned,Value 25,18.74072533262209,Accepted,Medium,Assigned,Org line A2,A2_2,se,G357 2nd,PROD46,POLAND
22,Accepted-Assigned,Value 20,18.78779176807569,Accepted,Medium,Assigned,Org line A2,A2_2,se,G357 2nd,PROD46,Sweden
22,Accepted-In Progress,Value 21,19.095461071798333,Accepted,Medium,In Progress,Org line A2,A2_2,se,G357 2nd,PROD46,POLAND
22,Completed-Closed,Value 21,19.095461229671486,Completed,Medium,Closed,Org line A2,A2_2,se,G357 2nd,PROD46,POLAND
23,Queued-Awaiting Assignment,Value 26,18.60956499408893,Queued,Medium,Awaiting Assignment,Org line V2,,se,T12,PROD42,Sweden
23,Accepted-In Progress,Value 26,18.62003253458725,Accepted,Medium,In Progress,Org line V2,,se,T12,PROD42,Sweden
23,Accepted-Wait,Value 26,18.806716553068664,Accepted,Medium,Wait,Org line V2,,se,T12,PROD42,Sweden
23,Accepted-In Progress,Value 26,18.917273874581216,Accepted,Medium,In Progress,Org line V2,,se,T12,PROD42,Sweden
23,Accepted-Wait,Value 26,19.055657484040236,Accepted,Medium,Wait,Org line V2,,se,T12,PROD42,Sweden
23,Completed-Closed,Value 26,19.100351093610787,Completed,Medium,Closed,Org line V2,,se,T12,PROD42,Sweden
24,Accepted-In Progress,Value 27,18.611620936706462,Accepted,Medium,In Progress,Org line A2,A2_1,be,G42 3rd,PROD787,Belgium
24,Accepted-In Progress,Value 27,18.810814600049696,Accepted,Medium,In Progress,Org line A2,A2_1,be,G42 3rd,PROD787,Belgium
24,Queued-Awaiting Assignment,Value 28,18.843298946298116,Queued,Medium,Awaiting Assignment,Org line A2,A2_1,be,G42 3rd,PROD787,United Kingdom
24,Accepted-Assigned,Value 29,18.849409418033744,Accepted,Medium,Assigned,Org line A2,A2_1,be,G42 3rd,PROD787,United Kingdom
24,Accepted-Assigned,Value 30,18.874412215578285,Accepted,Medium,Assigned,Org line A2,A2_1,be,G42 3rd,PROD787,United Kingdom
24,Accepted-Wait,Value 30,18.876657967740762,Accepted,Medium,Wait,Org line A2,A2_1,be,G42 3rd,PROD787,United Kingdom
24,Accepted-In Progress,Value 31,18.944332569189545,Accepted,Medium,In Progress,Org line V11,,be,C8,PROD787,Denmark
24,Queued-Awaiting Assignment,Value 32,18.944333919754435,Queued,Medium,Awaiting Assignment,Org line A2,A2_2,be,G8 2nd,PROD787,Belgium
24,Accepted-In Progress,Value 32,18.993263862885502,Accepted,Medium,In Progress,Org line A2,A2_2,be,G8 2nd,PROD787,Belgium
24,Queued-Awaiting Assignment,Value 33,18.993264099793407,Queued,Medium,Awaiting Assignment,Org line A2,A2_4,be,G7 3rd,PROD787,Belgium
24,Accepted-Assigned,Value 27,18.993264381826553,Accepted,Medium,Assigned,Org line A2,A2_4,be,G7 3rd,PROD787,Belgium
24,Accepted-In Progress,Value 27,19.02306626399222,Accepted,Medium,In Progress,Org line A2,A2_4,be,G7 3rd,PROD787,Belgium
24,Completed-Closed,Value 27,19.09416659613297,Completed,Medium,Closed,Org line A2,A2_4,be,G7 3rd,PROD787,Belgium
25,Accepted-In Progress,Value 34,18.62003395190887,Accepted,Medium,In Progress,Org line A2,A2_1,se,N15 2nd,PROD180,Belgium
25,Queued-Awaiting Assignment,Value 34,18.62430152000816,Queued,Medium,Awaiting Assignment,Org line A2,A2_1,se,N15 2nd,PROD180,Belgium
25,Accepted-In Progress,Value 34,18.695121371646973,Accepted,Medium,In Progress,Org line A2,A2_1,se,N15 2nd,PROD180,Belgium
25,Unmatched-Unmatched,Value 34,18.695121447646684,Unmatched,Medium,Unmatched,Org line A2,A2_1,se,N15 2nd,PROD180,Belgium
25,Completed-Closed,Value 34,19.06201986607753,Completed,Medium,Closed,Org line A2,A2_1,se,N15 2nd,PROD180,Belgium
26,Unmatched-Unmatched,Value 31,18.627158452394077,Unmatched,Major,Unmatched,Org line A2,A2_3,se,G356 2nd,PROD147,Sweden
26,Accepted-Assigned,Value 31,18.85270331335705,Accepted,Major,Assigned,Org line A2,A2_3,se,G356 2nd,PROD147,Sweden
26,Accepted-In Progress,Value 31,19.10085584472093,Accepted,Major,In Progress,Org line A2,A2_3,se,G356 2nd,PROD147,Sweden
26,Completed-Closed,Value 31,19.100855951091866,Completed,Major,Closed,Org line A2,A2_3,se,G356 2nd,PROD147,Sweden
27,Accepted-In Progress,Value 35,18.63422941931183,Accepted,High,In Progress,Org line A2,A2_3,se,M21 3rd,PROD708,Sweden
27,Accepted-In Progress,Value 35,19.058280235111926,Accepted,High,In Progress,Org line A2,A2_3,se,M21 3rd,PROD708,Sweden
27,Completed-Closed,Value 35,19.058280626246038,Completed,High,Closed,Org line A2,A2_3,se,M21 3rd,PROD708,Sweden
28,Accepted-In Progress,Value 1,18.635580673796028,Accepted,Medium,In Progress,Org line A2,A2_2,se,G30 2nd,PROD191,INDIA
28,Accepted-In Progress,Value 1,19.087584067364002,Accepted,Medium,In Progress,Org line A2,A2_2,se,G30 2nd,PROD191,INDIA
28,Completed-Closed,Value 1,19.08758418028903,Completed,Medium,Closed,Org line A2,A2_2,se,G30 2nd,PROD191,INDIA
29,Accepted-In Progress,Value 36,18.635807163778786,Accepted,High,In Progress,Org line A2,A2_1,se,L28 2nd,PROD577,Sweden
29,Accepted-In Progress,Value 36,19.087153863899736,Accepted,High,In Progress,Org line A2,A2_1,se,L28 2nd,PROD577,Sweden
29,Completed-Closed,Value 36,19.087154675255476,Completed,High,Closed,Org line A2,A2_1,se,L28 2nd,PROD577,Sweden
30,Accepted-In Progress,Value 37,18.639642684506086,Accepted,Medium,In Progress,Org line A2,A2_1,se,G345 2nd,PROD541,Sweden
30,Unmatched-Unmatched,Value 37,18.639650324357206,Unmatched,Medium,Unmatched,Org line A2,A2_1,se,G345 2nd,PROD541,Sweden
30,Completed-Closed,Value 37,19.068335169160093,Completed,Medium,Closed,Org line A2,A2_1,se,G345 2nd,PROD541,Sweden
31,Accepted-Wait,Value 37,18.639694033466256,Accepted,Low,Wait,Org line A2,A2_1,se,G345 2nd,PROD541,Sweden
31,Accepted-In Progress,Value 37,19.068335713362526,Accepted,Low,In Progress,Org line A2,A2_1,se,G345 2nd,PROD541,Sweden
31,Completed-Closed,Value 37,19.06833589650751,Completed,Low,Closed,Org line A2,A2_1,se,G345 2nd,PROD541,Sweden
32,Accepted-In Progress,Value 38,18.649529262947993,Accepted,Medium,In Progress,Org line A2,A2_3,se,G354 3rd,PROD708,Sweden
32,Completed-Closed,Value 38,19.089870518965995,Completed,Medium,Closed,Org line A2,A2_3,se,G354 3rd,PROD708,Sweden
33,Accepted-In Progress,Value 2,18.655521321540906,Accepted,Medium,In Progress,Org line A2,A2_2,cn,M1 2nd,PROD753,Sweden
33,Accepted-Wait,Value 2,18.664367260209904,Accepted,Medium,Wait,Org line A2,A2_2,cn,M1 2nd,PROD753,Sweden
33,Accepted-Assigned,Value 2,18.669085128827852,Accepted,Medium,Assigned,Org line A2,A2_2,cn,M1 2nd,PROD753,Sweden
33,Accepted-Wait,Value 2,18.68175962112499,Accepted,Medium,Wait,Org line A2,A2_2,cn,M1 2nd,PROD753,Sweden
33,Accepted-In Progress,Value 2,18.99684954878028,Accepted,Medium,In Progress,Org line A2,A2_2,cn,M1 2nd,PROD753,Sweden
33,Accepted-In Progress,Value 3,19.068293154791796,Accepted,Medium,In Progress,Org line A2,A2_2,cn,M1 2nd,PROD753,China
33,Completed-Closed,Value 3,19.068293374575124,Completed,Medium,Closed,Org line A2,A2_2,cn,M1 2nd,PROD753,China
34,Accepted-In Progress,Value 7,18.65564819662257,Accepted,Medium,In Progress,Org line C,E_4,gb,G88 2nd,PROD793,Sweden
34,Queued-Awaiting Assignment,Value 7,18.656334839045247,Queued,Medium,Awaiting Assignment,Org line C,E_4,gb,G88 2nd,PROD793,Sweden
34,Queued-Awaiting Assignment,Value 7,19.007292185216297,Queued,Medium,Awaiting Assignment,Org line C,E_4,gb,G88 2nd,PROD793,Sweden
34,Accepted-In Progress,Value 7,19.071411430286116,Accepted,Medium,In Progress,Org line C,E_4,gb,G88 2nd,PROD793,Sweden
34,Completed-Closed,Value 7,19.071412411014826,Completed,Medium,Closed,Org line C,E_4,gb,G88 2nd,PROD793,Sweden
35,Accepted-In Progress,Value 39,18.66046557783297,Accepted,Major,In Progress,Org line A2,A2_3,se,M3 2nd,PROD655,Sweden
35,Accepted-In Progress,Value 39,19.09952875696175,Accepted,Major,In Progress,Org line A2,A2_3,se,M3 2nd,PROD655,Sweden
35,Completed-Closed,Value 39,19.099528985202152,Completed,Major,Closed,Org line A2,A2_3,se,M3 2nd,PROD655,Sweden
36,Accepted-In Progress,Value 24,18.662972331894434,Accepted,Medium,In Progress,Org line A2,A2_2,se,G357 2nd,PROD46,Sweden
36,Accepted-Assigned,Value 24,18.67248709233185,Accepted,Medium,Assigned,Org line A2,A2_2,se,G357 2nd,PROD46,Sweden
36,Accepted-In Progress,Value 24,18.68793356301884,Accepted,Medium,In Progress,Org line A2,A2_2,se,G357 2nd,PROD46,Sweden
36,Accepted-Assigned,Value 40,18.687933685495558,Accepted,Medium,Assigned,Org line A2,A2_2,se,G357 2nd,PROD46,POLAND
36,Accepted-In Progress,Value 40,19.093338466902182,Accepted,Medium,In Progress,Org line A2,A2_2,se,G357 2nd,PROD46,POLAND
36,Completed-Closed,Value 40,19.093338482212694,Completed,Medium,Closed,Org line A2,A2_2,se,G357 2nd,PROD46,POLAND
37,Accepted-In Progress,Value 41,18.662927815499252,Accepted,Low,In Progress,Org line A2,A2_3,se,G349 3rd,PROD40,Sweden
37,Accepted-Assigned,Value 41,19.04681490967224,Accepted,Low,Assigned,Org line A2,A2_3,se,G349 3rd,PROD40,Sweden
37,Accepted-Wait,Value 41,19.09419228597273,Accepted,Low,Wait,Org line A2,A2_3,se,G349 3rd,PROD40,Sweden
37,Completed-Closed,Value 41,19.094196875195788,Completed,Low,Closed,Org line A2,A2_3,se,G349 3rd,PROD40,Sweden
38,Accepted-In Progress,Value 42,18.66445879606787,Accepted,Medium,In Progress,Org line A2,A2_2,se,G341 3rd,PROD246,Sweden
38,Completed-Closed,Value 42,19.080909158709865,Completed,Medium,Closed,Org line A2,A2_2,se,G341 3rd,PROD246,Sweden
39,Accepted-In Progress,Value 39,18.66856560130555,Accepted,Major,In Progress,Org line A2,A2_3,se,M3 2nd,PROD655,Sweden
39,Accepted-In Progress,Value 39,19.099529142434395,Accepted,Major,In Progress,Org line A2,A2_3,se,M3 2nd,PROD655,Sweden
39,Completed-Closed,Value 39,19.099529325026648,Completed,Major,Closed,Org line A2,A2_3,se,M3 2nd,PROD655,Sweden
40,Accepted-In Progress,Value 43,18.669063809986028,Accepted,Medium,In Progress,Org line A2,A2_2,us,G21 2nd,PROD98,POLAND
40,Queued-Awaiting Assignment,Value 43,18.66906884916785,Queued,Medium,Awaiting Assignment,Org line A2,A2_2,us,G21 2nd,PROD98,POLAND
40,Accepted-In Progress,Value 43,18.66909484813436,Accepted,Medium,In Progress,Org line A2,A2_2,us,G21 2nd,PROD98,POLAND
40,Accepted-Assigned,Value 43,18.669094902736937,Accepted,Medium,Assigned,Org line A2,A2_2,us,G21 2nd,PROD98,POLAND
40,Accepted-In Progress,Value 43,19.048891126739797,Accepted,Medium,In Progress,Org line A2,A2_2,us,G21 2nd,PROD98,POLAND
40,Completed-Closed,Value 43,19.055148477428748,Completed,Medium,Closed,Org line A2,A2_2,us,G21 2nd,PROD98,POLAND
41,Accepted-In Progress,Value 3,18.67042284455148,Accepted,Medium,In Progress,Org line A2,A2_2,cn,G4 2nd,PROD753,China
41,Accepted-In Progress,Value 3,19.078268666842337,Accepted,Medium,In Progress,Org line A2,A2_2,cn,G4 2nd,PROD753,China
41,Completed-Closed,Value 3,19.078269340371495,Completed,Medium,Closed,Org line A2,A2_2,cn,G4 2nd,PROD753,China
42,Queued-Awaiting Assignment,Value 44,18.675235152269206,Queued,Low,Awaiting Assignment,Org line C,C_3,se,G292 3rd,PROD815,Sweden
42,Accepted-In Progress,Value 44,18.675235260805863,Accepted,Low,In Progress,Org line C,C_3,se,G292 3rd,PROD815,Sweden
42,Queued-Awaiting Assignment,Value 44,18.834719380770974,Queued,Low,Awaiting Assignment,Org line C,C_3,se,G292 3rd,PROD815,Sweden
42,Accepted-In Progress,Value 45,18.83524091298419,Accepted,Low,In Progress,Org line C,C_3,se,G292 3rd,PROD815,Sweden
42,Completed-Closed,Value 45,19.096439213374794,Completed,Low,Closed,Org line C,C_3,se,G292 3rd,PROD815,Sweden
43,Accepted-In Progress,Value 46,18.67706663504316,Accepted,Medium,In Progress,Org line G3,,us,G199 3rd,PROD98,USA
43,Accepted-In Progress,Value 46,18.677069892918116,Accepted,Medium,In Progress,Org line G3,,us,G199 3rd,PROD98,USA
43,Accepted-Assigned,Value 46,18.677191363064527,Accepted,Medium,Assigned,Org line G3,,us,G199 3rd,PROD98,USA
43,Accepted-In Progress,Value 43,19.05243201220282,Accepted,Medium,In Progress,Org line G3,,us,G199 3rd,PROD98,POLAND
43,Completed-Closed,Value 43,19.06742795405266,Completed,Medium,Closed,Org line G3,,us,G199 3rd,PROD98,POLAND
44,Accepted-In Progress,Value 24,18.67711832643904,Accepted,Medium,In Progress,Org line F,,se,G207 2nd,PROD48,Sweden
44,Accepted-Wait,Value 24,18.67711902286176,Accepted,Medium,Wait,Org line F,,se,G207 2nd,PROD48,Sweden
44,Accepted-In Progress,Value 24,18.68721926101561,Accepted,Medium,In Progress,Org line F,,se,G207 2nd,PROD48,Sweden
44,Queued-Awaiting Assignment,Value 20,18.687219996400778,Queued,Medium,Awaiting Assignment,Org line A2,A2_2,se,G357 2nd,PROD48,Sweden
44,Accepted-In Progress,Value 20,18.687222807712004,Accepted,Medium,In Progress,Org line A2,A2_2,se,G357 2nd,PROD48,Sweden
44,Accepted-Assigned,Value 43,18.687223091140766,Accepted,Medium,Assigned,Org line A2,A2_2,se,G357 2nd,PROD48,POLAND
44,Accepted-Wait,Value 43,18.687224699788956,Accepted,Medium,Wait,Org line A2,A2_2,se,G357 2nd,PROD48,POLAND
44,Accepted-Assigned,Value 21,18.924541847652396,Accepted,Medium,Assigned,Org line A2,A2_2,se,G357 2nd,PROD48,POLAND
44,Accepted-Assigned,Value 22,18.92454907982001,Accepted,Medium,Assigned,Org line A2,A2_2,se,G357 2nd,PROD48,POLAND
44,Accepted-Wait,Value 22,19.036162382473687,Accepted,Medium,Wait,Org line A2,A2_2,se,G357 2nd,PROD48,POLAND
44,Completed-Closed,Value 22,19.062370400850398,Completed,Medium,Closed,Org line A2,A2_2,se,G357 2nd,PROD48,POLAND
45,Accepted-Wait,Value 2,18.677828657657052,Accepted,Medium,Wait,Org line A2,A2_2,cn,M1 2nd,PROD753,Sweden
45,Accepted-In Progress,Value 2,18.99684912162404,Accepted,Medium,In Progress,Org line A2,A2_2,cn,M1 2nd,PROD753,Sweden
45,Accepted-In Progress,Value 3,19.062819968359303,Accepted,Medium,In Progress,Org line A2,A2_2,cn,M1 2nd,PROD753,China
45,Completed-Closed,Value 3,19.062820057807457,Completed,Medium,Closed,Org line A2,A2_2,cn,M1 2nd,PROD753,China
46,Accepted-Wait,Value 2,18.677829090679104,Accepted,Medium,Wait,Org line A2,A2_2,cn,M1 2nd,PROD753,Sweden
46,Accepted-In Progress,Value 2,18.99684903169639,Accepted,Medium,In Progress,Org line A2,A2_2,cn,M1 2nd,PROD753,Sweden
46,Accepted-In Progress,Value 3,19.068290569717593,Accepted,Medium,In Progress,Org line A2,A2_2,cn,M1 2nd,PROD753,China
46,Completed-Closed,Value 3,19.068290831365083,Completed,Medium,Closed,Org line A2,A2_2,cn,M1 2nd,PROD753,China
47,Accepted-In Progress,Value 20,18.68255317979968,Accepted,Medium,In Progress,Org line A2,A2_2,se,G357 2nd,PROD46,Sweden
47,Accepted-Wait,Value 20,18.68255425725197,Accepted,Medium,Wait,Org line A2,A2_2,se,G357 2nd,PROD46,Sweden
47,Queued-Awaiting Assignment,Value 20,18.68721215992476,Queued,Medium,Awaiting Assignment,Org line A2,A2_2,se,G357 2nd,PROD46,Sweden
47,Accepted-In Progress,Value 21,18.687213431536968,Accepted,Medium,In Progress,Org line A2,A2_2,se,G357 2nd,PROD46,POLAND
47,Accepted-Wait,Value 21,18.68721351580037,Accepted,Medium,Wait,Org line A2,A2_2,se,G357 2nd,PROD46,POLAND
47,Accepted-Assigned,Value 22,19.038424470507298,Accepted,Medium,Assigned,Org line A2,A2_2,se,G357 2nd,PROD46,POLAND
47,Accepted-Wait,Value 22,19.038424599905582,Accepted,Medium,Wait,Org line A2,A2_2,se,G357 2nd,PROD46,POLAND
47,Completed-Closed,Value 22,19.062371248357632,Completed,Medium,Closed,Org line A2,A2_2,se,G357 2nd,PROD46,POLAND
48,Accepted-In Progress,Value 46,18.684559269040633,Accepted,Low,In Progress,Org line G3,,us,G199 3rd,PROD96,USA
48,Queued-Awaiting Assignment,Value 46,18.68456214160647,Queued,Low,Awaiting Assignment,Org line G3,,us,G199 3rd,PROD96,USA
48,Accepted-In Progress,Value 47,18.684681437969125,Accepted,Low,In Progress,Org line A2,A2_2,us,G21 2nd,PROD96,Sweden
48,Accepted-In Progress,Value 47,18.684683119828595,Accepted,Low,In Progress,Org line A2,A2_2,us,G21 2nd,PROD96,Sweden
48,Accepted-In Progress,Value 47,18.68468338861866,Accepted,Low,In Progress,Org line A2,A2_2,us,G21 2nd,PROD96,Sweden
48,Accepted-In Progress,Value 47,18.684683672768077,Accepted,Low,In Progress,Org line A2,A2_2,us,G21 2nd,PROD96,Sweden
48,Accepted-In Progress,Value 47,18.68468470952878,Accepted,Low,In Progress,Org line G3,,us,G199 3rd,PROD96,Sweden
48,Accepted-Assigned,Value 46,18.684684778646126,Accepted,Low,Assigned,Org line G3,,us,G199 3rd,PROD96,USA
48,Accepted-In Progress,Value 43,19.062391067188518,Accepted,Low,In Progress,Org line G3,,us,G199 3rd,PROD96,POLAND
48,Completed-Closed,Value 43,19.062391177730696,Completed,Low,Closed,Org line G3,,us,G199 3rd,PROD96,POLAND
49,Accepted-In Progress,Value 46,18.68636158710289,Accepted,Medium,In Progress,Org line G3,,us,G199 3rd,PROD98,USA
49,Queued-Awaiting Assignment,Value 46,18.686366348197836,Queued,Medium,Awaiting Assignment,Org line G3,,us,G199 3rd,PROD98,USA
49,Accepted-In Progress,Value 47,18.6864994196805,Accepted,Medium,In Progress,Org line G3,,us,G199 3rd,PROD98,Sweden
49,Accepted-Assigned,Value 46,18.68650266230067,Accepted,Medium,Assigned,Org line G3,,us,G199 3rd,PROD98,USA
49,Accepted-In Progress,Value 43,19.052449716320975,Accepted,Medium,In Progress,Org line G3,,us,G199 3rd,PROD98,POLAND
49,Completed-Closed,Value 43,19.067428111176643,Completed,Medium,Closed,Org line G3,,us,G199 3rd,PROD98,POLAND
50,Accepted-In Progress,Value 15,18.68715575540248,Accepted,Low,In Progress,Org line G4,,se,S28 2nd,PROD633,Sweden
50,Accepted-Wait,Value 15,18.811954266187275,Accepted,Low,Wait,Org line G4,,se,S28 2nd,PROD633,Sweden
50,Completed-Closed,Value 15,19.068411992961735,Completed,Low,Closed,Org line G4,,se,S28 2nd,PROD633,Sweden
51,Accepted-In Progress,Value 39,18.688030422106205,Accepted,Medium,In Progress,Org line G4,,se,S30 2nd,PROD410,Sweden
51,Unmatched-Unmatched,Value 39,18.693205987306037,Unmatched,Medium,Unmatched,Org line G4,,se,S30 2nd,PROD410,Sweden
51,Accepted-In Progress,Value 39,18.79195384441349,Accepted,Medium,In Progress,Org line G4,,se,S30 2nd,PROD410,Sweden
51,Accepted-Wait,Value 39,18.791961563866924,Accepted,Medium,Wait,Org line G4,,se,S30 2nd,PROD410,Sweden
51,Accepted-In Progress,Value 48,19.061442402282086,Accepted,Medium,In Progress,Org line G4,,se,S30 2nd,PROD410,Sweden
51,Completed-Closed,Value 48,19.061442549811545,Completed,Medium,Closed,Org line G4,,se,S30 2nd,PROD410,Sweden
52,Accepted-In Progress,Value 21,18.69105358476183,Accepted,Medium,In Progress,Org line A2,A2_2,se,G357 2nd,PROD740,POLAND
52,Accepted-Wait,Value 21,18.691054317332693,Accepted,Medium,Wait,Org line A2,A2_2,se,G357 2nd,PROD740,POLAND
52,Completed-Closed,Value 21,19.094152435333736,Completed,Medium,Closed,Org line A2,A2_2,se,G357 2nd,PROD740,POLAND
53,Accepted-In Progress,Value 22,18.69177258134655,Accepted,Medium,In Progress,Org line A2,A2_2,se,G357 2nd,PROD47,POLAND
53,Accepted-Assigned,Value 22,18.92454942420764,Accepted,Medium,Assigned,Org line A2,A2_2,se,G357 2nd,PROD47,POLAND
53,Accepted-Assigned,Value 21,18.924550040479946,Accepted,Medium,Assigned,Org line A2,A2_2,se,G357 2nd,PROD47,POLAND
53,Accepted-Wait,Value 21,19.038424659213124,Accepted,Medium,Wait,Org line A2,A2_2,se,G357 2nd,PROD47,POLAND
53,Completed-Closed,Value 21,19.09415314924271,Completed,Medium,Closed,Org line A2,A2_2,se,G357 2nd,PROD47,POLAND
54,Accepted-In Progress,Value 49,18.69304972469434,Accepted,Medium,In Progress,Org line V2,,se,T2 2nd,PROD451,Sweden
54,Completed-Closed,Value 49,19.087622758840048,Completed,Medium,Closed,Org line V2,,se,T2 2nd,PROD451,Sweden
55,Accepted-In Progress,Value 2,18.693161456472513,Accepted,High,In Progress,Org line A2,A2_2,cn,M1 2nd,PROD753,Sweden
55,Accepted-In Progress,Value 2,18.693163101285492,Accepted,High,In Progress,Org line A2,A2_2,cn,M1 2nd,PROD753,Sweden
55,Queued-Awaiting Assignment,Value 2,18.693164083603065,Queued,High,Awaiting Assignment,Org line A2,A2_2,cn,M1 2nd,PROD753,Sweden
55,Accepted-In Progress,Value 50,18.693164205440834,Accepted,High,In Progress,Org line A2,A2_2,cn,G4 2nd,PROD753,POLAND
55,Queued-Awaiting Assignment,Value 2,18.693164289204294,Queued,High,Awaiting Assignment,Org line A2,A2_2,cn,M1 2nd,PROD753,Sweden
55,Accepted-In Progress,Value 50,18.69316441104204,Accepted,High,In Progress,Org line A2,A2_2,cn,M1 2nd,PROD753,POLAND
55,Accepted-Assigned,Value 2,18.7756672222349,Accepted,High,Assigned,Org line A2,A2_2,cn,M1 2nd,PROD753,Sweden
55,Accepted-In Progress,Value 2,18.998490813267512,Accepted,High,In Progress,Org line A2,A2_2,cn,M1 2nd,PROD753,Sweden
55,Accepted-In Progress,Value 3,19.062815138147126,Accepted,High,In Progress,Org line A2,A2_2,cn,M1 2nd,PROD753,China
55,Completed-Closed,Value 3,19.06281521181067,Completed,High,Closed,Org line A2,A2_2,cn,M1 2nd,PROD753,China
56,Accepted-Assigned,Value 51,18.69386905495896,Accepted,Medium,Assigned,Org line A2,A2_2,se,G167 2nd,PROD681,POLAND
56,Queued-Awaiting Assignment,Value 2,18.797283410303734,Queued,Medium,Awaiting Assignment,Org line A2,A2_2,se,G167 2nd,PROD681,Sweden
56,Accepted-In Progress,Value 2,18.997487117718723,Accepted,Medium,In Progress,Org line A2,A2_2,se,M1 2nd,PROD681,Sweden
56,Accepted-Assigned,Value 4,19.032034304051884,Accepted,Medium,Assigned,Org line A2,A2_2,se,G167 2nd,PROD681,Sweden
56,Accepted-Wait,Value 4,19.059190111874628,Accepted,Medium,Wait,Org line A2,A2_2,se,G167 2nd,PROD681,Sweden
56,Accepted-In Progress,Value 44,19.084438201626046,Accepted,Medium,In Progress,Org line F,,se,N10 2nd,PROD681,Sweden
56,Completed-Closed,Value 44,19.08443881437225,Completed,Medium,Closed,Org line F,,se,N10 2nd,PROD681,Sweden
57,Accepted-In Progress,Value 52,18.695805059292713,Accepted,Medium,In Progress,Org line A2,D_1,in,L50 3rd,PROD611,Sweden
57,Accepted-Wait,Value 52,18.715939421306615,Accepted,Medium,Wait,Org line A2,D_1,in,L50 3rd,PROD611,Sweden
57,Accepted-In Progress,Value 52,18.954935669496816,Accepted,Medium,In Progress,Org line A2,D_1,in,L50 3rd,PROD611,Sweden
57,Completed-Closed,Value 52,19.077380135648454,Completed,Medium,Closed,Org line A2,D_1,in,L50 3rd,PROD611,Sweden
58,Accepted-In Progress,Value 40,18.696298985131595,Accepted,Medium,In Progress,Org line A2,A2_2,se,G357 2nd,PROD740,POLAND
58,Accepted-Wait,Value 40,18.75424297203137,Accepted,Medium,Wait,Org line A2,A2_2,se,G357 2nd,PROD740,POLAND
58,Completed-Closed,Value 40,19.094176422396146,Completed,Medium,Closed,Org line A2,A2_2,se,G357 2nd,PROD740,POLAND
59,Accepted-In Progress,Value 53,18.697691560546986,Accepted,Medium,In Progress,Org line C,E_3,us,G67 2nd,PROD151,France
59,Accepted-In Progress,Value 53,19.089390902880787,Accepted,Medium,In Progress,Org line C,E_3,us,G67 2nd,PROD151,France
59,Completed-Closed,Value 53,19.08939166118666,Completed,Medium,Closed,Org line C,E_3,us,G67 2nd,PROD151,France
60,Accepted-In Progress,Value 38,18.702827002019,Accepted,Medium,In Progress,Org line A2,A2_3,se,G354 3rd,PROD708,Sweden
60,Completed-Closed,Value 38,19.08987133324178,Completed,Medium,Closed,Org line A2,A2_3,se,G354 3rd,PROD708,Sweden
61,Accepted-In Progress,Value 50,18.702980507732804,Accepted,Low,In Progress,Org line A2,A2_2,cn,G4 2nd,PROD753,POLAND
61,Accepted-In Progress,Value 50,18.702981518156097,Accepted,Low,In Progress,Org line A2,A2_2,cn,G4 2nd,PROD753,POLAND
61,Queued-Awaiting Assignment,Value 2,18.702981616182182,Queued,Low,Awaiting Assignment,Org line A2,A2_2,cn,M1 2nd,PROD753,Sweden
61,Accepted-In Progress,Value 2,18.99849085815758,Accepted,Low,In Progress,Org line A2,A2_2,cn,M1 2nd,PROD753,Sweden
61,Accepted-In Progress,Value 3,19.07085657490743,Accepted,Low,In Progress,Org line A2,A2_2,cn,M1 2nd,PROD753,China
61,Completed-Closed,Value 3,19.070856741932698,Completed,Low,Closed,Org line A2,A2_2,cn,M1 2nd,PROD753,China
62,Accepted-In Progress,Value 46,18.704813500026336,Accepted,Medium,In Progress,Org line G3,,us,G199 3rd,PROD98,USA
62,Queued-Awaiting Assignment,Value 46,18.704814862352166,Queued,Medium,Awaiting Assignment,Org line G3,,us,G199 3rd,PROD98,USA
62,Accepted-In Progress,Value 54,18.70486425105521,Accepted,Medium,In Progress,Org line G3,,us,G199 3rd,PROD98,Sweden
62,Accepted-Assigned,Value 46,18.704864281160347,Accepted,Medium,Assigned,Org line G3,,us,G199 3rd,PROD98,USA
62,Accepted-In Progress,Value 43,19.062393583336025,Accepted,Medium,In Progress,Org line G3,,us,G199 3rd,PROD98,POLAND
62,Completed-Closed,Value 43,19.062393883378295,Completed,Medium,Closed,Org line G3,,us,G199 3rd,PROD98,POLAND
63,Accepted-In Progress,Value 55,18.705641857951903,Accepted,Major,In Progress,Org line C,C_5,fr,L65 3rd,PROD808,France
63,Accepted-In Progress,Value 55,18.70611438307133,Accepted,Major,In Progress,Org line C,C_5,fr,L65 3rd,PROD808,France
63,Queued-Awaiting Assignment,Value 55,18.706115330198042,Queued,Major,Awaiting Assignment,Org line C,V3_3,fr,V42 2nd,PROD808,France
63,Accepted-In Progress,Value 55,18.706115337714916,Accepted,Major,In Progress,Org line C,C_5,fr,L65 3rd,PROD808,France
63,Accepted-In Progress,Value 55,18.706116788470748,Accepted,Major,In Progress,Org line C,C_5,fr,L65 3rd,PROD808,France
63,Accepted-In Progress,Value 55,18.822593871238993,Accepted,Major,In Progress,Org line C,V3_3,fr,V42 2nd,PROD808,France
63,Completed-Closed,Value 55,19.10523976663014,Completed,Major,Closed,Org line C,V3_3,fr,V42 2nd,PROD808,France
64,Accepted-In Progress,Value 41,18.706697290185055,Accepted,Medium,In Progress,Org line A2,A2_3,se,G349 3rd,PROD40,Sweden
64,Accepted-In Progress,Value 41,19.094193147728447,Accepted,Medium,In Progress,Org line A2,A2_3,se,G349 3rd,PROD40,Sweden
64,Accepted-Wait,Value 41,19.094193183422455,Accepted,Medium,Wait,Org line A2,A2_3,se,G349 3rd,PROD40,Sweden
64,Completed-Closed,Value 41,19.094195003815152,Completed,Medium,Closed,Org line A2,A2_3,se,G349 3rd,PROD40,Sweden
65,Accepted-In Progress,Value 56,18.706848137356793,Accepted,Medium,In Progress,Org line A2,A2_2,us,G21 2nd,PROD98,Sweden
65,Accepted-In Progress,Value 56,18.706848805868386,Accepted,Medium,In Progress,Org line A2,A2_2,us,G21 2nd,PROD98,Sweden
65,Queued-Awaiting Assignment,Value 46,18.70684911383425,Queued,Medium,Awaiting Assignment,Org line G3,,us,G199 3rd,PROD98,USA
65,Accepted-In Progress,Value 54,18.706970505088428,Accepted,Medium,In Progress,Org line G3,,us,G199 3rd,PROD98,Sweden
65,Accepted-Assigned,Value 46,18.706970542640676,Accepted,Medium,Assigned,Org line G3,,us,G199 3rd,PROD98,USA
65,Accepted-In Progress,Value 43,19.062394988796417,Accepted,Medium,In Progress,Org line G3,,us,G199 3rd,PROD98,POLAND
65,Completed-Closed,Value 43,19.062395025643667,Completed,Medium,Closed,Org line G3,,us,G199 3rd,PROD98,POLAND
66,Accepted-In Progress,Value 57,18.70993852931625,Accepted,High,In Progress,Org line G4,,se,G51 2nd,PROD798,Sweden
66,Accepted-Assigned,Value 57,18.709963741739056,Accepted,High,Assigned,Org line G4,,se,G51 2nd,PROD798,Sweden
66,Queued-Awaiting Assignment,Value 58,18.724094218970748,Queued,High,Awaiting Assignment,Org line G4,,se,G51 2nd,PROD798,Sweden
66,Accepted-In Progress,Value 59,18.724106769886028,Accepted,High,In Progress,Org line G4,,se,G51 2nd,PROD798,Sweden
66,Unmatched-Unmatched,Value 59,18.724108888760302,Unmatched,High,Unmatched,Org line G4,,se,G51 2nd,PROD798,Sweden
66,Completed-Closed,Value 59,19.068331333571095,Completed,High,Closed,Org line G4,,se,G51 2nd,PROD798,Sweden
67,Accepted-In Progress,Value 60,18.710109065822746,Accepted,Low,In Progress,Org line G4,,se,S30 2nd,PROD412,Sweden
67,Unmatched-Unmatched,Value 60,18.710564742883722,Unmatched,Low,Unmatched,Org line G4,,se,S30 2nd,PROD412,Sweden
67,Accepted-In Progress,Value 60,19.077380343072463,Accepted,Low,In Progress,Org line G4,,se,S30 2nd,PROD412,Sweden
67,Completed-Closed,Value 60,19.077380929045056,Completed,Low,Closed,Org line G4,,se,S30 2nd,PROD412,Sweden
68,Accepted-In Progress,Value 46,18.711308536008882,Accepted,Medium,In Progress,Org line G3,,us,G199 3rd,PROD96,USA
68,Queued-Awaiting Assignment,Value 46,18.711309201545284,Queued,Medium,Awaiting Assignment,Org line G3,,us,G199 3rd,PROD96,USA
68,Accepted-In Progress,Value 54,18.71150872284736,Accepted,Medium,In Progress,Org line G3,,us,G199 3rd,PROD96,Sweden
68,Accepted-Assigned,Value 46,18.71150876022957,Accepted,Medium,Assigned,Org line G3,,us,G199 3rd,PROD96,USA
68,Accepted-In Progress,Value 43,19.053252924902175,Accepted,Medium,In Progress,Org line G3,,us,G199 3rd,PROD96,POLAND
68,Completed-Closed,Value 43,19.055675215936905,Completed,Medium,Closed,Org line G3,,us,G199 3rd,PROD96,POLAND
69,Accepted-In Progress,Value 39,18.714080680716794,Accepted,Major,In Progress,Org line A2,A2_3,se,M3 2nd,PROD655,Sweden
69,Accepted-In Progress,Value 39,19.099529411250757,Accepted,Major,In Progress,Org line A2,A2_3,se,M3 2nd,PROD655,Sweden
69,Completed-Closed,Value 39,19.099529543122905,Completed,Major,Closed,Org line A2,A2_3,se,M3 2nd,PROD655,Sweden
70,Accepted-In Progress,Value 46,18.714144549923894,Accepted,Low,In Progress,Org line G3,,us,G199 3rd,PROD96,USA
70,Queued-Awaiting Assignment,Value 46,18.71414925512972,Queued,Low,Awaiting Assignment,Org line G3,,us,G199 3rd,PROD96,USA
70,Accepted-In Progress,Value 54,18.714609400808836,Accepted,Low,In Progress,Org line G3,,us,G199 3rd,PROD96,Sweden
70,Accepted-Assigned,Value 46,18.714609438075318,Accepted,Low,Assigned,Org line G3,,us,G199 3rd,PROD96,USA
70,Accepted-In Progress,Value 43,19.067431871669903,Accepted,Low,In Progress,Org line G3,,us,G199 3rd,PROD96,POLAND
70,Completed-Closed,Value 43,19.067432034030716,Completed,Low,Closed,Org line G3,,us,G199 3rd,PROD96,POLAND
71,Accepted-In Progress,Value 46,18.714467114707144,Accepted,Medium,In Progress,Org line G3,,us,G199 3rd,PROD98,USA
71,Queued-Awaiting Assignment,Value 46,18.714469798272138,Queued,Medium,Awaiting Assignment,Org line G3,,us,G199 3rd,PROD98,USA
71,Accepted-In Progress,Value 54,18.7146104591764,Accepted,Medium,In Progress,Org line G3,,us,G199 3rd,PROD98,Sweden
71,Accepted-Assigned,Value 46,18.71461050389613,Accepted,Medium,Assigned,Org line G3,,us,G199 3rd,PROD98,USA
71,Accepted-In Progress,Value 43,19.057859339016385,Accepted,Medium,In Progress,Org line G3,,us,G199 3rd,PROD98,POLAND
71,Completed-Closed,Value 43,19.05785934959203,Completed,Medium,Closed,Org line G3,,us,G199 3rd,PROD98,POLAND
72,Accepted-In Progress,Value 61,18.714600665507025,Accepted,High,In Progress,Org line G4,,se,S29 2nd,PROD368,Sweden
72,Accepted-In Progress,Value 61,18.71852024709779,Accepted,High,In Progress,Org line G4,,se,S29 2nd,PROD368,Sweden
72,Accepted-In Progress,Value 62,18.718520373309264,Accepted,High,In Progress,Org line G4,,se,S29 2nd,PROD368,Sweden
72,Accepted-Wait,Value 62,18.86049259129219,Accepted,High,Wait,Org line G4,,se,S29 2nd,PROD368,Sweden
72,Accepted-Assigned,Value 63,18.96400828135754,Accepted,High,Assigned,Org line A2,A2_3,se,S35 2nd,PROD368,Sweden
72,Accepted-Assigned,Value 64,18.964027569949938,Accepted,High,Assigned,Org line A2,A2_3,se,S35 2nd,PROD368,Sweden
72,Accepted-In Progress,Value 63,19.021979666834458,Accepted,High,In Progress,Org line A2,A2_3,se,S35 2nd,PROD368,Sweden
72,Accepted-Assigned,Value 13,19.021980308110358,Accepted,High,Assigned,Org line A2,A2_3,se,S35 2nd,PROD368,Sweden
72,Accepted-In Progress,Value 13,19.0592625405685,Accepted,High,In Progress,Org line A2,A2_3,se,S35 2nd,PROD368,Sweden
72,Completed-Closed,Value 13,19.05926264089624,Completed,High,Closed,Org line A2,A2_3,se,S35 2nd,PROD368,Sweden
73,Accepted-In Progress,Value 61,18.71460653873883,Accepted,Medium,In Progress,Org line G4,,se,S29 2nd,PROD368,Sweden
73,Accepted-In Progress,Value 61,18.71852067770158,Accepted,Medium,In Progress,Org line G4,,se,S29 2nd,PROD368,Sweden
73,Accepted-In Progress,Value 62,18.718520766791997,Accepted,Medium,In Progress,Org line G4,,se,S29 2nd,PROD368,Sweden
73,Accepted-Wait,Value 62,18.78848254418848,Accepted,Medium,Wait,Org line G4,,se,S29 2nd,PROD368,Sweden
73,Accepted-Assigned,Value 63,18.96402493891724,Accepted,Medium,Assigned,Org line A2,A2_3,se,S35 2nd,PROD368,Sweden
73,Accepted-Wait,Value 62,18.964027279549317,Accepted,Medium,Wait,Org line A2,A2_3,se,S35 2nd,PROD368,Sweden
73,Completed-Closed,Value 62,19.059267002502988,Completed,Medium,Closed,Org line A2,A2_3,se,S35 2nd,PROD368,Sweden
74,Accepted-In Progress,Value 46,18.715159861566573,Accepted,Medium,In Progress,Org line G3,,us,G199 3rd,PROD98,USA
74,Queued-Awaiting Assignment,Value 46,18.715168763315,Queued,Medium,Awaiting Assignment,Org line G3,,us,G199 3rd,PROD98,USA
74,Accepted-In Progress,Value 4,18.71516877076413,Accepted,Medium,In Progress,Org line A2,A2_2,us,G21 2nd,PROD98,Sweden
74,Queued-Awaiting Assignment,Value 46,18.715171713165617,Queued,Medium,Awaiting Assignment,Org line G3,,us,G199 3rd,PROD98,USA
74,Accepted-In Progress,Value 47,18.7153882203608,Accepted,Medium,In Progress,Org line G3,,us,G199 3rd,PROD98,Sweden
74,Accepted-Assigned,Value 46,18.715392852691416,Accepted,Medium,Assigned,Org line G3,,us,G199 3rd,PROD98,USA
74,Accepted-In Progress,Value 43,19.055677197904625,Accepted,Medium,In Progress,Org line G3,,us,G199 3rd,PROD98,POLAND
74,Completed-Closed,Value 43,19.067458158065634,Completed,Medium,Closed,Org line G3,,us,G199 3rd,PROD98,POLAND
75,Accepted-In Progress,Value 65,18.71527862447936,Accepted,Medium,In Progress,Org line C,C_5,se,G120 3rd,PROD607,Sweden
75,Accepted-In Progress,Value 65,19.057967823381908,Accepted,Medium,In Progress,Org line C,C_5,se,G120 3rd,PROD607,Sweden
75,Accepted-In Progress,Value 45,19.057995882417032,Accepted,Medium,In Progress,Org line C,C_5,se,G120 3rd,PROD607,Sweden
75,Completed-Closed,Value 45,19.07464306831616,Completed,Medium,Closed,Org line C,C_5,se,G120 3rd,PROD607,Sweden
76,Accepted-In Progress,Value 46,18.71663680238198,Accepted,Low,In Progress,Org line G3,,us,G199 3rd,PROD95,USA
76,Queued-Awaiting Assignment,Value 46,18.71664027601587,Queued,Low,Awaiting Assignment,Org line G3,,us,G199 3rd,PROD95,USA
76,Accepted-In Progress,Value 47,18.71682686011127,Accepted,Low,In Progress,Org line G3,,us,G199 3rd,PROD95,Sweden
76,Accepted-Assigned,Value 46,18.71682780458284,Accepted,Low,Assigned,Org line G3,,us,G199 3rd,PROD95,USA
76,Accepted-In Progress,Value 43,19.06743211259239,Accepted,Low,In Progress,Org line G3,,us,G199 3rd,PROD95,POLAND
76,Completed-Closed,Value 43,19.06743256301253,Completed,Low,Closed,Org line G3,,us,G199 3rd,PROD95,POLAND
77,Accepted-In Progress,Value 66,18.718363710335417,Accepted,Medium,In Progress,Org line B,E_10,in,G230 2nd,PROD262,France
77,Queued-Awaiting Assignment,Value 66,18.71836402962615,Queued,Medium,Awaiting Assignment,Org line B,E_10,in,G230 2nd,PROD262,France
77,Accepted-In Progress,Value 67,18.72928826897838,Accepted,Medium,In Progress,Org line B,E_10,in,G230 2nd,PROD262,United Kingdom
77,Queued-Awaiting Assignment,Value 68,18.738839449737025,Queued,Medium,Awaiting Assignment,Org line F,V8_1,in,!DO NOT USE!,PROD262,Sweden
77,Queued-Awaiting Assignment,Value 69,18.99289938694775,Queued,Medium,Awaiting Assignment,Org line B,E_10,in,G230 2nd,PROD262,INDIA
77,Accepted-In Progress,Value 70,18.99499876248149,Accepted,Medium,In Progress,Org line B,E_10,in,G230 2nd,PROD262,INDIA
77,Accepted-Assigned,Value 71,18.994999049656716,Accepted,Medium,Assigned,Org line B,E_10,in,G230 2nd,PROD262,INDIA
77,Accepted-In Progress,Value 71,18.995199477846725,Accepted,Medium,In Progress,Org line B,E_10,in,G230 2nd,PROD262,INDIA
77,Accepted-Assigned,Value 70,19.030622838035733,Accepted,Medium,Assigned,Org line B,E_10,in,G230 2nd,PROD262,INDIA
77,Accepted-Wait,Value 70,19.035160620537308,Accepted,Medium,Wait,Org line B,E_10,in,G230 2nd,PROD262,INDIA
77,Accepted-In Progress,Value 70,19.081012944372876,Accepted,Medium,In Progress,Org line B,E_10,in,G230 2nd,PROD262,INDIA
77,Completed-Closed,Value 70,19.0810133783837,Completed,Medium,Closed,Org line B,E_10,in,G230 2nd,PROD262,INDIA
78,Accepted-In Progress,Value 46,18.719120032034258,Accepted,Medium,In Progress,Org line G3,,us,G199 3rd,PROD97,USA
78,Queued-Awaiting Assignment,Value 46,18.71912168663787,Queued,Medium,Awaiting Assignment,Org line G3,,us,G199 3rd,PROD97,USA
78,Accepted-In Progress,Value 54,18.719163377293455,Accepted,Medium,In Progress,Org line G3,,us,G199 3rd,PROD97,Sweden
78,Accepted-Assigned,Value 46,18.719163406971184,Accepted,Medium,Assigned,Org line G3,,us,G199 3rd,PROD97,USA
78,Queued-Awaiting Assignment,Value 72,18.91832364013522,Queued,Medium,Awaiting Assignment,Org line A2,A2_2,us,G21 2nd,PROD97,Sweden
78,Accepted-In Progress,Value 54,18.918330589116756,Accepted,Medium,In Progress,Org line A2,A2_2,us,G21 2nd,PROD97,Sweden
78,Accepted-Assigned,Value 73,18.91833065599211,Accepted,Medium,Assigned,Org line A2,A2_2,us,G21 2nd,PROD97,INDIA
78,Accepted-Wait,Value 73,18.918398605119705,Accepted,Medium,Wait,Org line A2,A2_2,us,G21 2nd,PROD97,INDIA
78,Queued-Awaiting Assignment,Value 46,18.953472728923654,Queued,Medium,Awaiting Assignment,Org line G3,,us,G199 3rd,PROD97,USA
78,Accepted-In Progress,Value 74,18.958486410923896,Accepted,Medium,In Progress,Org line G3,,us,G199 3rd,PROD97,Sweden
78,Accepted-Assigned,Value 46,18.958486469326733,Accepted,Medium,Assigned,Org line G3,,us,G199 3rd,PROD97,USA
78,Accepted-In Progress,Value 43,19.06780396486892,Accepted,Medium,In Progress,Org line G3,,us,G199 3rd,PROD97,POLAND
78,Completed-Closed,Value 43,19.067804671660827,Completed,Medium,Closed,Org line G3,,us,G199 3rd,PROD97,POLAND
79,Accepted-In Progress,Value 46,18.720412933736103,Accepted,Medium,In Progress,Org line G3,,us,G199 3rd,PROD97,USA
79,Queued-Awaiting Assignment,Value 46,18.720420158622304,Queued,Medium,Awaiting Assignment,Org line G3,,us,G199 3rd,PROD97,USA
79,Accepted-In Progress,Value 47,18.72053202284005,Accepted,Medium,In Progress,Org line G3,,us,G199 3rd,PROD97,Sweden
79,Accepted-Assigned,Value 46,18.72053366029048,Accepted,Medium,Assigned,Org line G3,,us,G199 3rd,PROD97,USA
79,Accepted-In Progress,Value 43,19.06781639909816,Accepted,Medium,In Progress,Org line G3,,us,G199 3rd,PROD97,POLAND
79,Completed-Closed,Value 43,19.067825801890535,Completed,Medium,Closed,Org line G3,,us,G199 3rd,PROD97,POLAND
80,Accepted-In Progress,Value 46,18.722992395351604,Accepted,Medium,In Progress,Org line G3,,us,G199 3rd,PROD97,USA
80,Queued-Awaiting Assignment,Value 46,18.722993954867604,Queued,Medium,Awaiting Assignment,Org line G3,,us,G199 3rd,PROD97,USA
80,Accepted-In Progress,Value 47,18.723084276997763,Accepted,Medium,In Progress,Org line G3,,us,G199 3rd,PROD97,Sweden
80,Accepted-Assigned,Value 46,18.723086117205117,Accepted,Medium,Assigned,Org line G3,,us,G199 3rd,PROD97,USA
80,Accepted-In Progress,Value 43,19.048890726580375,Accepted,Medium,In Progress,Org line G3,,us,G199 3rd,PROD97,POLAND
80,Completed-Closed,Value 43,19.056121017336213,Completed,Medium,Closed,Org line G3,,us,G199 3rd,PROD97,POLAND
81,Accepted-In Progress,Value 46,18.723630677171222,Accepted,Medium,In Progress,Org line G3,,us,G199 3rd,PROD97,USA
81,Accepted-In Progress,Value 46,18.723632080578785,Accepted,Medium,In Progress,Org line G3,,us,G199 3rd,PROD97,USA
81,Accepted-In Progress,Value 47,18.724868345121955,Accepted,Medium,In Progress,Org line G3,,us,G199 3rd,PROD97,Sweden
81,Accepted-Assigned,Value 46,18.724869687775925,Accepted,Medium,Assigned,Org line G3,,us,G199 3rd,PROD97,USA
81,Accepted-In Progress,Value 43,19.068961345007736,Accepted,Medium,In Progress,Org line G3,,us,G199 3rd,PROD97,POLAND
81,Completed-Closed,Value 43,19.06896610901763,Completed,Medium,Closed,Org line G3,,us,G199 3rd,PROD97,POLAND
82,Accepted-In Progress,Value 55,18.724712570270352,Accepted,Major,In Progress,Org line C,V3_3,fr,V42 2nd,PROD793,France
82,Queued-Awaiting Assignment,Value 55,18.724712835891776,Queued,Major,Awaiting Assignment,Org line C,V3_3,fr,V42 2nd,PROD793,France
82,Accepted-In Progress,Value 55,18.728029610946063,Accepted,Major,In Progress,Org line C,V3_3,fr,V42 2nd,PROD793,France
82,Accepted-In Progress,Value 55,18.84158505843405,Accepted,Major,In Progress,Org line C,V3_3,fr,V42 2nd,PROD793,France
82,Accepted-Assigned,Value 75,19.10524056848681,Accepted,Major,Assigned,Org line C,V3_3,fr,V42 2nd,PROD793,France
82,Accepted-In Progress,Value 75,19.105690157522318,Accepted,Major,In Progress,Org line C,V3_3,fr,V42 2nd,PROD793,France
82,Completed-Closed,Value 75,19.10569023313514,Completed,Major,Closed,Org line C,V3_3,fr,V42 2nd,PROD793,France
83,Accepted-In Progress,Value 46,18.724861137547588,Accepted,High,In Progress,Org line G3,,se,G199 3rd,PROD632,USA
83,Queued-Awaiting Assignment,Value 46,18.724862236761364,Queued,High,Awaiting Assignment,Org line G3,,se,G199 3rd,PROD632,USA
83,Accepted-In Progress,Value 47,18.724870809111923,Accepted,High,In Progress,Org line G3,,se,G199 3rd,PROD632,Sweden
83,Accepted-Assigned,Value 46,18.724871355025048,Accepted,High,Assigned,Org line G3,,se,G199 3rd,PROD632,USA
83,Queued-Awaiting Assignment,Value 44,18.922568443208895,Queued,High,Awaiting Assignment,Org line C,C_6,se,G278 3rd,PROD632,Sweden
83,Accepted-In Progress,Value 76,18.986817685726624,Accepted,High,In Progress,Org line C,E_6,se,G48 2nd,PROD632,Sweden
83,Accepted-Wait,Value 76,18.986817980938028,Accepted,High,Wait,Org line C,E_6,se,G48 2nd,PROD632,Sweden
83,Completed-Closed,Value 76,19.05559756104548,Completed,High,Closed,Org line C,E_6,se,G48 2nd,PROD632,Sweden
84,Accepted-In Progress,Value 46,18.728129876891366,Accepted,Medium,In Progress,Org line G3,,us,G199 3rd,PROD97,USA
84,Queued-Awaiting Assignment,Value 46,18.72813320788664,Queued,Medium,Awaiting Assignment,Org line G3,,us,G199 3rd,PROD97,USA
84,Accepted-In Progress,Value 47,18.728133950557364,Accepted,Medium,In Progress,Org line G3,,us,G199 3rd,PROD97,Sweden
84,Accepted-Assigned,Value 46,18.728135185889624,Accepted,Medium,Assigned,Org line G3,,us,G199 3rd,PROD97,USA
84,Accepted-In Progress,Value 43,19.061945303874573,Accepted,Medium,In Progress,Org line G3,,us,G199 3rd,PROD97,POLAND
84,Completed-Closed,Value 43,19.06194546186238,Completed,Medium,Closed,Org line G3,,us,G199 3rd,PROD97,POLAND
85,Accepted-In Progress,Value 38,18.72855566902311,Accepted,Medium,In Progress,Org line A2,A2_3,se,G354 3rd,PROD708,Sweden
85,Completed-Closed,Value 38,19.08987162003058,Completed,Medium,Closed,Org line A2,A2_3,se,G354 3rd,PROD708,Sweden
86,Accepted-In Progress,Value 46,18.728645196247726,Accepted,Medium,In Progress,Org line G3,,us,G199 3rd,PROD96,USA
86,Queued-Awaiting Assignment,Value 46,18.728663062514602,Queued,Medium,Awaiting Assignment,Org line G3,,us,G199 3rd,PROD96,USA
86,Accepted-In Progress,Value 54,18.72870929578597,Accepted,Medium,In Progress,Org line G3,,us,G199 3rd,PROD96,Sweden
86,Accepted-Assigned,Value 46,18.728709332530684,Accepted,Medium,Assigned,Org line G3,,us,G199 3rd,PROD96,USA
86,Accepted-In Progress,Value 43,19.069621359832563,Accepted,Medium,In Progress,Org line G3,,us,G199 3rd,PROD96,POLAND
86,Completed-Closed,Value 43,19.06962558765048,Completed,Medium,Closed,Org line G3,,us,G199 3rd,PROD96,POLAND
87,Accepted-In Progress,Value 77,18.729382496908173,Accepted,Low,In Progress,Org line C,C_6,se,G250 3rd,PROD660,Sweden
87,Unmatched-Unmatched,Value 77,18.72939497428242,Unmatched,Low,Unmatched,Org line C,C_6,se,G250 3rd,PROD660,Sweden
87,Queued-Awaiting Assignment,Value 77,18.819118894052675,Queued,Low,Awaiting Assignment,Org line C,C_6,se,G250 3rd,PROD660,Sweden
87,Accepted-In Progress,Value 77,18.820718999966726,Accepted,Low,In Progress,Org line C,C_6,se,G250 3rd,PROD660,Sweden
87,Accepted-Wait,Value 77,18.820719361925637,Accepted,Low,Wait,Org line C,C_6,se,G250 3rd,PROD660,Sweden
87,Accepted-Assigned,Value 2,18.82945808057033,Accepted,Low,Assigned,Org line C,C_6,se,G250 3rd,PROD660,Sweden
87,Accepted-Wait,Value 2,19.020169301636724,Accepted,Low,Wait,Org line C,C_6,se,G250 3rd,PROD660,Sweden
87,Completed-Closed,Value 2,19.06744337303507,Completed,Low,Closed,Org line C,C_6,se,G250 3rd,PROD660,Sweden
88,Accepted-In Progress,Value 46,18.73181265951536,Accepted,Medium,In Progress,Org line G3,,se,G199 3rd,PROD97,USA
88,Queued-Awaiting Assignment,Value 46,18.73181396357317,Queued,Medium,Awaiting Assignment,Org line G3,,se,G199 3rd,PROD97,USA
88,Accepted-In Progress,Value 47,18.731994273485185,Accepted,Medium,In Progress,Org line G3,,se,G199 3rd,PROD97,Sweden
88,Accepted-Assigned,Value 46,18.731996324438796,Accepted,Medium,Assigned,Org line G3,,se,G199 3rd,PROD97,USA
88,Accepted-In Progress,Value 43,19.059685126775094,Accepted,Medium,In Progress,Org line G3,,se,G199 3rd,PROD97,POLAND
88,Accepted-In Progress,Value 78,19.059729916379236,Accepted,Medium,In Progress,Org line G3,,se,G199 3rd,PROD97,Sweden
88,Queued-Awaiting Assignment,Value 72,19.059729953324815,Queued,Medium,Awaiting Assignment,Org line A2,A2_2,se,G21 2nd,PROD97,Sweden
88,Accepted-In Progress,Value 78,19.059730021938034,Accepted,Medium,In Progress,Org line A2,A2_2,se,G21 2nd,PROD97,Sweden
88,Accepted-Assigned,Value 79,19.059730217221784,Accepted,Medium,Assigned,Org line A2,A2_2,se,G21 2nd,PROD97,Sweden
88,Accepted-Wait,Value 79,19.062391230369823,Accepted,Medium,Wait,Org line A2,A2_2,se,G21 2nd,PROD97,Sweden
88,Completed-Closed,Value 79,19.07370010566303,Completed,Medium,Closed,Org line A2,A2_2,se,G21 2nd,PROD97,Sweden
89,Accepted-In Progress,Value 46,18.73182284284295,Accepted,Medium,In Progress,Org line G3,,us,G199 3rd,PROD97,USA
89,Queued-Awaiting Assignment,Value 46,18.731825597451873,Queued,Medium,Awaiting Assignment,Org line G3,,us,G199 3rd,PROD97,USA
89,Accepted-In Progress,Value 47,18.73199645628567,Accepted,Medium,In Progress,Org line G3,,us,G199 3rd,PROD97,Sweden
89,Accepted-Assigned,Value 46,18.731998741628725,Accepted,Medium,Assigned,Org line G3,,us,G199 3rd,PROD97,USA
89,Accepted-In Progress,Value 43,19.068979836142056,Accepted,Medium,In Progress,Org line G3,,us,G199 3rd,PROD97,POLAND
89,Completed-Closed,Value 43,19.06962118737484,Completed,Medium,Closed,Org line G3,,us,G199 3rd,PROD97,POLAND
90,Accepted-In Progress,Value 46,18.732486513534266,Accepted,Medium,In Progress,Org line G3,,us,G199 3rd,PROD97,USA
90,Queued-Awaiting Assignment,Value 46,18.732487216372785,Queued,Medium,Awaiting Assignment,Org line G3,,us,G199 3rd,PROD97,USA
90,Accepted-In Progress,Value 47,18.73264750922119,Accepted,Medium,In Progress,Org line G3,,us,G199 3rd,PROD97,Sweden
90,Accepted-Assigned,Value 46,18.732650488480587,Accepted,Medium,Assigned,Org line G3,,us,G199 3rd,PROD97,USA
90,Accepted-In Progress,Value 43,19.06783392193686,Accepted,Medium,In Progress,Org line G3,,us,G199 3rd,PROD97,POLAND
90,Completed-Closed,Value 43,19.067835398301835,Completed,Medium,Closed,Org line G3,,us,G199 3rd,PROD97,POLAND
91,Accepted-In Progress,Value 46,18.732956243588003,Accepted,Medium,In Progress,Org line G3,,us,G199 3rd,PROD98,USA
91,Accepted-In Progress,Value 46,18.732957165630246,Accepted,Medium,In Progress,Org line G3,,us,G199 3rd,PROD98,USA
91,Accepted-In Progress,Value 56,18.732957202219207,Accepted,Medium,In Progress,Org line A2,A2_2,us,G21 2nd,PROD98,Sweden
91,Queued-Awaiting Assignment,Value 46,18.732957824231327,Queued,Medium,Awaiting Assignment,Org line G3,,us,G199 3rd,PROD98,USA
91,Accepted-In Progress,Value 47,18.73327339792049,Accepted,Medium,In Progress,Org line G3,,us,G199 3rd,PROD98,Sweden
91,Accepted-Assigned,Value 46,18.73327344912884,Accepted,Medium,Assigned,Org line G3,,us,G199 3rd,PROD98,USA
91,Accepted-In Progress,Value 43,19.067455707002356,Accepted,Medium,In Progress,Org line G3,,us,G199 3rd,PROD98,POLAND
91,Completed-Closed,Value 43,19.067468449323446,Completed,Medium,Closed,Org line G3,,us,G199 3rd,PROD98,POLAND
92,Accepted-In Progress,Value 46,18.733060787516745,Accepted,Medium,In Progress,Org line G3,,us,G199 3rd,PROD98,USA
92,Queued-Awaiting Assignment,Value 46,18.73306200946067,Queued,Medium,Awaiting Assignment,Org line G3,,us,G199 3rd,PROD98,USA
92,Accepted-In Progress,Value 47,18.73327379295625,Accepted,Medium,In Progress,Org line G3,,us,G199 3rd,PROD98,Sweden
92,Accepted-Assigned,Value 46,18.733274634235585,Accepted,Medium,Assigned,Org line G3,,us,G199 3rd,PROD98,USA
92,Accepted-In Progress,Value 43,19.06914826438389,Accepted,Medium,In Progress,Org line G3,,us,G199 3rd,PROD98,POLAND
92,Completed-Closed,Value 43,19.069148761087863,Completed,Medium,Closed,Org line G3,,us,G199 3rd,PROD98,POLAND
93,Accepted-In Progress,Value 46,18.733691412080248,Accepted,Medium,In Progress,Org line G3,,us,G199 3rd,PROD98,USA
93,Queued-Awaiting Assignment,Value 46,18.73369542659138,Queued,Medium,Awaiting Assignment,Org line G3,,us,G199 3rd,PROD98,USA
93,Accepted-In Progress,Value 47,18.73402769034158,Accepted,Medium,In Progress,Org line G3,,us,G199 3rd,PROD98,Sweden
93,Accepted-Assigned,Value 46,18.734030782450947,Accepted,Medium,Assigned,Org line G3,,us,G199 3rd,PROD98,USA
93,Accepted-In Progress,Value 43,19.069148912713235,Accepted,Medium,In Progress,Org line G3,,us,G199 3rd,PROD98,POLAND
93,Completed-Closed,Value 43,19.06914929961926,Completed,Medium,Closed,Org line G3,,us,G199 3rd,PROD98,POLAND
94,Accepted-In Progress,Value 46,18.734194497083244,Accepted,Medium,In Progress,Org line G3,,us,G199 3rd,PROD98,USA
94,Queued-Awaiting Assignment,Value 46,18.734195512998042,Queued,Medium,Awaiting Assignment,Org line G3,,us,G199 3rd,PROD98,USA
94,Accepted-In Progress,Value 54,18.734332842023267,Accepted,Medium,In Progress,Org line G3,,us,G199 3rd,PROD98,Sweden
94,Accepted-Assigned,Value 46,18.73433288586966,Accepted,Medium,Assigned,Org line G3,,us,G199 3rd,PROD98,USA
94,Accepted-In Progress,Value 43,19.067437229562756,Accepted,Medium,In Progress,Org line G3,,us,G199 3rd,PROD98,POLAND
94,Completed-Closed,Value 43,19.067437475721366,Completed,Medium,Closed,Org line G3,,us,G199 3rd,PROD98,POLAND
95,Accepted-In Progress,Value 46,18.734247571768393,Accepted,Medium,In Progress,Org line G3,,us,G199 3rd,PROD98,USA
95,Queued-Awaiting Assignment,Value 46,18.73425049510627,Queued,Medium,Awaiting Assignment,Org line G3,,us,G199 3rd,PROD98,USA
95,Accepted-In Progress,Value 54,18.734334647031496,Accepted,Medium,In Progress,Org line G3,,us,G199 3rd,PROD98,Sweden
95,Accepted-Assigned,Value 46,18.73433467626237,Accepted,Medium,Assigned,Org line G3,,us,G199 3rd,PROD98,USA
95,Accepted-In Progress,Value 43,19.069149963633297,Accepted,Medium,In Progress,Org line G3,,us,G199 3rd,PROD98,POLAND
95,Completed-Closed,Value 43,19.069618605731424,Completed,Medium,Closed,Org line G3,,us,G199 3rd,PROD98,POLAND
96,Accepted-In Progress,Value 80,18.737449674773426,Accepted,Major,In Progress,Org line A2,A2_3,se,G356 2nd,PROD745,Sweden
96,Queued-Awaiting Assignment,Value 80,18.754206737515908,Queued,Major,Awaiting Assignment,Org line A2,A2_3,se,G356 2nd,PROD745,Sweden
96,Accepted-In Progress,Value 31,18.754323681880084,Accepted,Major,In Progress,Org line A2,A2_3,se,G356 2nd,PROD745,Sweden
96,Accepted-Wait,Value 31,18.754323789326506,Accepted,Major,Wait,Org line A2,A2_3,se,G356 2nd,PROD745,Sweden
96,Accepted-In Progress,Value 31,19.105588770710245,Accepted,Major,In Progress,Org line A2,A2_3,se,G356 2nd,PROD745,Sweden
96,Completed-Closed,Value 31,19.105588896744386,Completed,Major,Closed,Org line A2,A2_3,se,G356 2nd,PROD745,Sweden
97,Accepted-In Progress,Value 46,18.738103704008893,Accepted,Medium,In Progress,Org line G3,,us,G199 3rd,PROD97,USA
97,Queued-Awaiting Assignment,Value 46,18.73812466356466,Queued,Medium,Awaiting Assignment,Org line G3,,us,G199 3rd,PROD97,USA
97,Accepted-In Progress,Value 47,18.738418888190576,Accepted,Medium,In Progress,Org line G3,,us,G199 3rd,PROD97,Sweden
97,Accepted-Assigned,Value 46,18.73841965237329,Accepted,Medium,Assigned,Org line G3,,us,G199 3rd,PROD97,USA
97,Accepted-In Progress,Value 43,19.06914936236076,Accepted,Medium,In Progress,Org line G3,,us,G199 3rd,PROD97,POLAND
97,Completed-Closed,Value 43,19.069149869521098,Completed,Medium,Closed,Org line G3,,us,G199 3rd,PROD97,POLAND
98,Queued-Awaiting Assignment,Value 81,18.738694581968478,Queued,Low,Awaiting Assignment,Org line C,C_6,in,G141 3rd,PROD660,Sweden
98,Accepted-In Progress,Value 77,18.738695629701446,Accepted,Low,In Progress,Org line C,E_10,in,G140 2nd,PROD660,Sweden
98,Queued-Awaiting Assignment,Value 81,18.738711753009245,Queued,Low,Awaiting Assignment,Org line C,C_6,in,G141 3rd,PROD660,Sweden
98,Queued-Awaiting Assignment,Value 82,18.7406906599505,Queued,Low,Awaiting Assignment,Org line C,E_7,in,G135 2nd,PROD660,Sweden
98,Accepted-In Progress,Value 83,19.02594095885223,Accepted,Low,In Progress,Org line C,E_7,in,G162 2nd,PROD660,Sweden
98,Accepted-Assigned,Value 84,19.025947182461636,Accepted,Low,Assigned,Org line C,E_7,in,G162 2nd,PROD660,Sweden
98,Accepted-In Progress,Value 84,19.068360039955255,Accepted,Low,In Progress,Org line C,E_7,in,G162 2nd,PROD660,Sweden
98,Completed-Closed,Value 84,19.068360296351983,Completed,Low,Closed,Org line C,E_7,in,G162 2nd,PROD660,Sweden
99,Accepted-In Progress,Value 46,18.740658781815767,Accepted,Medium,In Progress,Org line G3,,us,G199 3rd,PROD96,USA
99,Queued-Awaiting Assignment,Value 46,18.740664162683828,Queued,Medium,Awaiting Assignment,Org line G3,,us,G199 3rd,PROD96,USA
99,Accepted-In Progress,Value 47,18.740997959522915,Accepted,Medium,In Progress,Org line G3,,us,G199 3rd,PROD96,Sweden
99,Accepted-Assigned,Value 46,18.74099907017795,Accepted,Medium,Assigned,Org line G3,,us,G199 3rd,PROD96,USA
99,Accepted-In Progress,Value 43,19.069165016242703,Accepted,Medium,In Progress,Org line G3,,us,G199 3rd,PROD96,POLAND
99,Completed-Closed,Value 43,19.06917467300758,Completed,Medium,Closed,Org line G3,,us,G199 3rd,PROD96,POLAND
100,Accepted-In Progress,Value 46,18.740735411070542,Accepted,Medium,In Progress,Org line G3,,us,G199 3rd,PROD97,USA
100,Queued-Awaiting Assignment,Value 46,18.740736667238913,Queued,Medium,Awaiting Assignment,Org line G3,,us,G199 3rd,PROD97,USA
100,Accepted-In Progress,Value 47,18.74099655123959,Accepted,Medium,In Progress,Org line G3,,us,G199 3rd,PROD97,Sweden
100,Accepted-Assigned,Value 46,18.740997727228894,Accepted,Medium,Assigned,Org line G3,,us,G199 3rd,PROD97,USA
100,Accepted-In Progress,Value 43,19.069357046531508,Accepted,Medium,In Progress,Org line G3,,us,G199 3rd,PROD97,POLAND
100,Completed-Closed,Value 43,19.069357433357006,Completed,Medium,Closed,Org line G3,,us,G199 3rd,PROD97,POLAND
101,Accepted-In Progress,Value 85,18.74123834765084,Accepted,Medium,In Progress,Org line C,E_10,se,G276 2nd,PROD698,0
101,Accepted-Wait,Value 85,18.741241257881033,Accepted,Medium,Wait,Org line C,E_10,se,G276 2nd,PROD698,0
101,Accepted-In Progress,Value 85,18.96510873904406,Accepted,Medium,In Progress,Org line C,E_10,se,G276 2nd,PROD698,0
101,Queued-Awaiting Assignment,Value 86,19.03617913413088,Queued,Medium,Awaiting Assignment,Org line C,E_10,se,G276 2nd,PROD698,Sweden
101,Accepted-In Progress,Value 87,19.036179658291108,Accepted,Medium,In Progress,Org line C,E_10,se,G276 2nd,PROD698,Sweden
101,Queued-Awaiting Assignment,Value 88,19.03618157120343,Queued,Medium,Awaiting Assignment,Org line C,C_6,se,G278 3rd,PROD698,Sweden
101,Accepted-In Progress,Value 89,19.039006070682614,Accepted,Medium,In Progress,Org line C,C_6,se,G278 3rd,PROD698,Sweden
101,Completed-Closed,Value 89,19.09115510776031,Completed,Medium,Closed,Org line C,C_6,se,G278 3rd,PROD698,Sweden
102,Accepted-In Progress,Value 46,18.741257986097317,Accepted,Medium,In Progress,Org line G3,,us,G199 3rd,PROD96,USA
102,Queued-Awaiting Assignment,Value 46,18.741259822192514,Queued,Medium,Awaiting Assignment,Org line G3,,us,G199 3rd,PROD96,USA
102,Accepted-In Progress,Value 54,18.74127007668593,Accepted,Medium,In Progress,Org line G3,,us,G199 3rd,PROD96,Sweden
102,Accepted-Assigned,Value 46,18.74127011297199,Accepted,Medium,Assigned,Org line G3,,us,G199 3rd,PROD96,USA
102,Accepted-In Progress,Value 43,19.06961719470893,Accepted,Medium,In Progress,Org line G3,,us,G199 3rd,PROD96,POLAND
102,Completed-Closed,Value 43,19.069617968158543,Completed,Medium,Closed,Org line G3,,us,G199 3rd,PROD96,POLAND
103,Accepted-In Progress,Value 48,18.741279685188715,Accepted,Medium,In Progress,Org line G4,,se,S30 2nd,PROD410,Sweden
103,Completed-Closed,Value 48,19.061111170117684,Completed,Medium,Closed,Org line G4,,se,S30 2nd,PROD410,Sweden
104,Accepted-Assigned,Value 45,18.74306482837599,Accepted,High,Assigned,Org line G4,,se,S30 2nd,PROD412,Sweden
104,Accepted-In Progress,Value 60,18.993727429369855,Accepted,High,In Progress,Org line G4,,se,S30 2nd,PROD412,Sweden
104,Completed-Closed,Value 60,19.06109555831534,Completed,High,Closed,Org line G4,,se,S30 2nd,PROD412,Sweden
105,Accepted-In Progress,Value 46,18.745607805060057,Accepted,Medium,In Progress,Org line G3,,us,G199 3rd,PROD96,USA
105,Queued-Awaiting Assignment,Value 46,18.745614250453382,Queued,Medium,Awaiting Assignment,Org line G3,,us,G199 3rd,PROD96,USA
105,Accepted-In Progress,Value 54,18.745737781539006,Accepted,Medium,In Progress,Org line G3,,us,G199 3rd,PROD96,Sweden
105,Accepted-Assigned,Value 46,18.74573781043845,Accepted,Medium,Assigned,Org line G3,,us,G199 3rd,PROD96,USA
105,Accepted-In Progress,Value 54,18.752019476660546,Accepted,Medium,In Progress,Org line A2,A2_2,us,G21 2nd,PROD96,Sweden
105,Accepted-Wait,Value 54,18.752020797709626,Accepted,Medium,Wait,Org line A2,A2_2,us,G21 2nd,PROD96,Sweden
105,Accepted-In Progress,Value 90,18.753824547480697,Accepted,Medium,In Progress,Org line A2,A2_2,us,G21 2nd,PROD96,Sweden
105,Queued-Awaiting Assignment,Value 46,18.754448054127728,Queued,Medium,Awaiting Assignment,Org line G3,,us,G199 3rd,PROD96,USA
105,Accepted-In Progress,Value 54,18.754510993597513,Accepted,Medium,In Progress,Org line A2,A2_2,us,G21 2nd,PROD96,Sweden
105,Accepted-In Progress,Value 54,18.75451183868406,Accepted,Medium,In Progress,Org line G3,,us,G199 3rd,PROD96,Sweden
105,Accepted-Assigned,Value 46,18.754511874492795,Accepted,Medium,Assigned,Org line G3,,us,G199 3rd,PROD96,USA
105,Accepted-In Progress,Value 43,19.068979407335686,Accepted,Medium,In Progress,Org line G3,,us,G199 3rd,PROD96,POLAND
105,Completed-Closed,Value 43,19.068979773389913,Completed,Medium,Closed,Org line G3,,us,G199 3rd,PROD96,POLAND
106,Accepted-In Progress,Value 46,18.746155081927103,Accepted,Medium,In Progress,Org line G3,,us,G199 3rd,PROD96,USA
106,Queued-Awaiting Assignment,Value 46,18.74615838952762,Queued,Medium,Awaiting Assignment,Org line G3,,us,G199 3rd,PROD96,USA
106,Accepted-In Progress,Value 54,18.74623968228749,Accepted,Medium,In Progress,Org line G3,,us,G199 3rd,PROD96,Sweden
106,Accepted-Assigned,Value 46,18.74623971839367,Accepted,Medium,Assigned,Org line G3,,us,G199 3rd,PROD96,USA
106,Accepted-In Progress,Value 43,19.067833230871653,Accepted,Medium,In Progress,Org line G3,,us,G199 3rd,PROD96,POLAND
106,Completed-Closed,Value 43,19.067833717758553,Completed,Medium,Closed,Org line G3,,us,G199 3rd,PROD96,POLAND
107,Accepted-In Progress,Value 46,18.746307725681035,Accepted,Medium,In Progress,Org line G3,,us,G199 3rd,PROD96,USA
107,Queued-Awaiting Assignment,Value 46,18.746308722143326,Queued,Medium,Awaiting Assignment,Org line G3,,us,G199 3rd,PROD96,USA
107,Accepted-In Progress,Value 54,18.746316867102223,Accepted,Medium,In Progress,Org line G3,,us,G199 3rd,PROD96,Sweden
107,Accepted-Assigned,Value 46,18.746316910426295,Accepted,Medium,Assigned,Org line G3,,us,G199 3rd,PROD96,USA
107,Accepted-In Progress,Value 43,19.0696279393338,Accepted,Medium,In Progress,Org line G3,,us,G199 3rd,PROD96,POLAND
107,Completed-Closed,Value 43,19.069628514188878,Completed,Medium,Closed,Org line G3,,us,G199 3rd,PROD96,POLAND
108,Queued-Awaiting Assignment,Value 68,18.747625877218447,Queued,High,Awaiting Assignment,Org line C,E_7,se,G153 2nd,PROD153,Sweden
108,Accepted-In Progress,Value 77,18.758615275185196,Accepted,High,In Progress,Org line C,E_7,se,G153 2nd,PROD153,Sweden
108,Accepted-Assigned,Value 91,18.758672618196364,Accepted,High,Assigned,Org line C,E_7,se,G153 2nd,PROD153,Belgium
108,Accepted-Assigned,Value 92,18.759864201889243,Accepted,High,Assigned,Org line C,E_7,se,G153 2nd,PROD153,Sweden
108,Accepted-In Progress,Value 77,18.769022458783823,Accepted,High,In Progress,Org line C,E_7,se,G134 2nd,PROD153,Sweden
108,Accepted-In Progress,Value 77,18.76902317169978,Accepted,High,In Progress,Org line C,E_7,se,G134 2nd,PROD153,Sweden
108,Queued-Awaiting Assignment,Value 68,18.840354417282587,Queued,High,Awaiting Assignment,Org line C,E_7,se,G153 2nd,PROD153,Sweden
108,Accepted-In Progress,Value 77,18.84089484889714,Accepted,High,In Progress,Org line C,E_7,se,G134 2nd,PROD153,Sweden
108,Queued-Awaiting Assignment,Value 93,18.840895335007577,Queued,High,Awaiting Assignment,Org line C,C_4,se,G155 3rd,PROD153,Sweden
108,Accepted-In Progress,Value 8,18.849876577795786,Accepted,High,In Progress,Org line C,C_4,se,G155 3rd,PROD153,Sweden
108,Completed-Closed,Value 8,18.849939114014866,Completed,High,Closed,Org line C,C_4,se,G155 3rd,PROD153,Sweden
108,Accepted-In Progress,Value 8,18.85000053319657,Accepted,High,In Progress,Org line C,C_4,se,G155 3rd,PROD153,Sweden
108,Completed-Closed,Value 8,18.850004985696483,Completed,High,Closed,Org line C,C_4,se,G155 3rd,PROD153,Sweden
108,Accepted-In Progress,Value 8,18.85000568872097,Accepted,High,In Progress,Org line C,C_4,se,G155 3rd,PROD153,Sweden
108,Queued-Awaiting Assignment,Value 94,19.039465390729756,Queued,High,Awaiting Assignment,Org line F,,se,S1 2nd,PROD153,Sweden
108,Accepted-In Progress,Value 13,19.079938934826693,Accepted,High,In Progress,Org line F,,se,S1 2nd,PROD153,Sweden
108,Completed-Closed,Value 13,19.07993935378686,Completed,High,Closed,Org line F,,se,S1 2nd,PROD153,Sweden
109,Accepted-In Progress,Value 46,18.747625538290432,Accepted,Medium,In Progress,Org line G3,,us,G199 3rd,PROD96,USA
109,Queued-Awaiting Assignment,Value 46,18.747626345948486,Queued,Medium,Awaiting Assignment,Org line G3,,us,G199 3rd,PROD96,USA
109,Accepted-In Progress,Value 54,18.747630002035258,Accepted,Medium,In Progress,Org line G3,,us,G199 3rd,PROD96,Sweden
109,Accepted-Assigned,Value 46,18.747630045302476,Accepted,Medium,Assigned,Org line G3,,us,G199 3rd,PROD96,USA
109,Accepted-In Progress,Value 43,19.06743449562688,Accepted,Medium,In Progress,Org line G3,,us,G199 3rd,PROD96,POLAND
109,Completed-Closed,Value 43,19.0674348674845,Completed,Medium,Closed,Org line G3,,us,G199 3rd,PROD96,POLAND
110,Accepted-In Progress,Value 95,18.75004655391723,Accepted,Medium,In Progress,Org line C,C_6,in,M5 2nd,PROD660,Sweden
110,Queued-Awaiting Assignment,Value 95,18.7500483739465,Queued,Medium,Awaiting Assignment,Org line C,C_6,in,M5 2nd,PROD660,Sweden
110,Accepted-Assigned,Value 96,18.750677991575103,Accepted,Medium,Assigned,Org line C,C_6,in,M5 2nd,PROD660,Sweden
110,Queued-Awaiting Assignment,Value 82,18.754319154793777,Queued,Medium,Awaiting Assignment,Org line C,E_7,in,G135 2nd,PROD660,Sweden
110,Accepted-In Progress,Value 83,19.025946243463398,Accepted,Medium,In Progress,Org line C,E_7,in,G162 2nd,PROD660,Sweden
110,Accepted-Assigned,Value 84,19.02594706781655,Accepted,Medium,Assigned,Org line C,E_7,in,G162 2nd,PROD660,Sweden
110,Accepted-In Progress,Value 84,19.06836080391266,Accepted,Medium,In Progress,Org line C,E_7,in,G162 2nd,PROD660,Sweden
110,Completed-Closed,Value 84,19.068360814377826,Completed,Medium,Closed,Org line C,E_7,in,G162 2nd,PROD660,Sweden
111,Accepted-In Progress,Value 46,18.750575215863304,Accepted,Medium,In Progress,Org line G3,,us,G199 3rd,PROD96,USA
111,Queued-Awaiting Assignment,Value 46,18.750580996603414,Queued,Medium,Awaiting Assignment,Org line G3,,us,G199 3rd,PROD96,USA
111,Accepted-In Progress,Value 54,18.750789289460023,Accepted,Medium,In Progress,Org line G3,,us,G199 3rd,PROD96,Sweden
111,Accepted-Assigned,Value 46,18.75078932540231,Accepted,Medium,Assigned,Org line G3,,us,G199 3rd,PROD96,USA
111,Queued-Awaiting Assignment,Value 72,18.92308654428096,Queued,Medium,Awaiting Assignment,Org line A2,A2_2,us,G21 2nd,PROD96,Sweden
111,Accepted-Assigned,Value 56,18.923086750005837,Accepted,Medium,Assigned,Org line A2,A2_2,us,G21 2nd,PROD96,Sweden
111,Accepted-Assigned,Value 97,18.923120488312605,Accepted,Medium,Assigned,Org line A2,A2_2,us,G21 2nd,PROD96,France
111,Queued-Awaiting Assignment,Value 46,19.032375426467826,Queued,Medium,Awaiting Assignment,Org line G3,,us,G199 3rd,PROD96,USA
111,Accepted-In Progress,Value 43,19.069626460386935,Accepted,Medium,In Progress,Org line G3,,us,G199 3rd,PROD96,POLAND
111,Completed-Closed,Value 43,19.069627855718487,Completed,Medium,Closed,Org line G3,,us,G199 3rd,PROD96,POLAND
112,Accepted-In Progress,Value 3,18.751173151264947,Accepted,Medium,In Progress,Org line A2,A2_2,cn,M1 2nd,PROD753,China
112,Accepted-In Progress,Value 3,19.086625449350333,Accepted,Medium,In Progress,Org line A2,A2_2,cn,M1 2nd,PROD753,China
112,Completed-Closed,Value 3,19.086626440960526,Completed,Medium,Closed,Org line A2,A2_2,cn,M1 2nd,PROD753,China
113,Accepted-In Progress,Value 98,18.75318012780604,Accepted,High,In Progress,Org line A2,A2_3,se,M3 2nd,PROD655,Sweden
113,Queued-Awaiting Assignment,Value 98,18.753181461665296,Queued,High,Awaiting Assignment,Org line A2,A2_3,se,M3 2nd,PROD655,Sweden
113,Accepted-In Progress,Value 98,18.832811262111143,Accepted,High,In Progress,Org line A2,A2_3,se,M3 2nd,PROD655,Sweden
113,Accepted-Assigned,Value 39,19.093312112060044,Accepted,High,Assigned,Org line A2,A2_3,se,M3 2nd,PROD655,Sweden
113,Completed-Closed,Value 39,19.09632688073958,Completed,High,Closed,Org line A2,A2_3,se,M3 2nd,PROD655,Sweden
114,Accepted-In Progress,Value 40,18.75359616975766,Accepted,Medium,In Progress,Org line A2,A2_2,se,G357 2nd,PROD46,POLAND
114,Accepted-Wait,Value 40,18.75359632029212,Accepted,Medium,Wait,Org line A2,A2_2,se,G357 2nd,PROD46,POLAND
114,Accepted-In Progress,Value 40,18.75377507472513,Accepted,Medium,In Progress,Org line A2,A2_2,se,G357 2nd,PROD46,POLAND
114,Accepted-Wait,Value 40,18.75378510134401,Accepted,Medium,Wait,Org line A2,A2_2,se,G357 2nd,PROD46,POLAND
114,Accepted-In Progress,Value 40,18.75421662369426,Accepted,Medium,In Progress,Org line A2,A2_2,se,G357 2nd,PROD46,POLAND
114,Accepted-Wait,Value 40,18.75424305083177,Accepted,Medium,Wait,Org line A2,A2_2,se,G357 2nd,PROD46,POLAND
114,Accepted-In Progress,Value 40,19.093339324290493,Accepted,Medium,In Progress,Org line A2,A2_2,se,G357 2nd,PROD46,POLAND
114,Completed-Closed,Value 40,19.09334021229904,Completed,Medium,Closed,Org line A2,A2_2,se,G357 2nd,PROD46,POLAND
115,Accepted-In Progress,Value 2,18.754326969735303,Accepted,Medium,In Progress,Org line A2,A2_2,cn,M1 2nd,PROD287,Sweden
115,Accepted-Assigned,Value 2,18.77566999891543,Accepted,Medium,Assigned,Org line A2,A2_2,cn,M1 2nd,PROD287,Sweden
115,Accepted-In Progress,Value 2,18.997483489199062,Accepted,Medium,In Progress,Org line A2,A2_2,cn,M1 2nd,PROD287,Sweden
115,Accepted-Wait,Value 2,19.10955905584407,Accepted,Medium,Wait,Org line A2,A2_2,cn,M1 2nd,PROD287,Sweden
115,Completed-Closed,Value 2,19.10956080830763,Completed,Medium,Closed,Org line A2,A2_2,cn,M1 2nd,PROD287,Sweden
116,Accepted-In Progress,Value 46,18.754421310099627,Accepted,Medium,In Progress,Org line G3,,us,G199 3rd,PROD98,USA
116,Queued-Awaiting Assignment,Value 46,18.754424884128717,Queued,Medium,Awaiting Assignment,Org line G3,,us,G199 3rd,PROD98,USA
116,Accepted-In Progress,Value 54,18.754426660394937,Accepted,Medium,In Progress,Org line G3,,us,G199 3rd,PROD98,Sweden
116,Accepted-Assigned,Value 46,18.75442670336908,Accepted,Medium,Assigned,Org line G3,,us,G199 3rd,PROD98,USA
116,Accepted-In Progress,Value 54,18.798669867314587,Accepted,Medium,In Progress,Org line A2,A2_2,us,G21 2nd,PROD98,Sweden
116,Accepted-Assigned,Value 56,18.798669928986,Accepted,Medium,Assigned,Org line A2,A2_2,us,G21 2nd,PROD98,Sweden
116,Accepted-Wait,Value 56,18.802003428255215,Accepted,Medium,Wait,Org line A2,A2_2,us,G21 2nd,PROD98,Sweden
116,Queued-Awaiting Assignment,Value 46,18.89229913751418,Queued,Medium,Awaiting Assignment,Org line G3,,us,G199 3rd,PROD98,USA
116,Accepted-In Progress,Value 78,18.89606114243279,Accepted,Medium,In Progress,Org line G3,,us,G199 3rd,PROD98,Sweden
116,Accepted-Assigned,Value 46,18.896061291628424,Accepted,Medium,Assigned,Org line G3,,us,G199 3rd,PROD98,USA
116,Accepted-In Progress,Value 43,19.069628660515573,Accepted,Medium,In Progress,Org line G3,,us,G199 3rd,PROD98,POLAND
116,Completed-Closed,Value 43,19.069647254283538,Completed,Medium,Closed,Org line G3,,us,G199 3rd,PROD98,POLAND
117,Accepted-In Progress,Value 46,18.75486285308946,Accepted,Medium,In Progress,Org line G3,,us,G199 3rd,PROD98,USA
117,Queued-Awaiting Assignment,Value 46,18.75486467153323,Queued,Medium,Awaiting Assignment,Org line G3,,us,G199 3rd,PROD98,USA
117,Accepted-In Progress,Value 54,18.755008031814857,Accepted,Medium,In Progress,Org line G3,,us,G199 3rd,PROD98,Sweden
117,Accepted-Assigned,Value 46,18.75500806760583,Accepted,Medium,Assigned,Org line G3,,us,G199 3rd,PROD98,USA
117,Accepted-In Progress,Value 54,18.75575324425676,Accepted,Medium,In Progress,Org line A2,A2_2,us,G21 2nd,PROD98,Sweden
117,Accepted-Assigned,Value 56,18.755753280021068,Accepted,Medium,Assigned,Org line A2,A2_2,us,G21 2nd,PROD98,Sweden
117,Accepted-In Progress,Value 56,18.756209213937343,Accepted,Medium,In Progress,Org line A2,A2_2,us,G21 2nd,PROD98,Sweden
117,Queued-Awaiting Assignment,Value 46,18.757997816456367,Queued,Medium,Awaiting Assignment,Org line G3,,us,G199 3rd,PROD98,USA
117,Accepted-In Progress,Value 47,18.758160480018383,Accepted,Medium,In Progress,Org line G3,,us,G199 3rd,PROD98,Sweden
117,Accepted-Assigned,Value 46,18.758162706343178,Accepted,Medium,Assigned,Org line G3,,us,G199 3rd,PROD98,USA
117,Accepted-In Progress,Value 43,19.069647311767948,Accepted,Medium,In Progress,Org line G3,,us,G199 3rd,PROD98,POLAND
117,Completed-Closed,Value 43,19.069650943730956,Completed,Medium,Closed,Org line G3,,us,G199 3rd,PROD98,POLAND
118,Accepted-In Progress,Value 88,18.75502789560772,Accepted,High,In Progress,Org line G4,,se,S29 2nd,PROD551,Sweden
118,Queued-Awaiting Assignment,Value 88,18.79196631692344,Queued,High,Awaiting Assignment,Org line G4,,se,S29 2nd,PROD551,Sweden
118,Accepted-In Progress,Value 62,18.792683996807654,Accepted,High,In Progress,Org line G4,,se,S29 2nd,PROD551,Sweden
118,Accepted-Wait,Value 62,18.860494034204194,Accepted,High,Wait,Org line G4,,se,S29 2nd,PROD551,Sweden
118,Accepted-Assigned,Value 63,18.96402528739879,Accepted,High,Assigned,Org line A2,A2_3,se,S35 2nd,PROD551,Sweden
118,Accepted-Wait,Value 62,18.96402842372727,Accepted,High,Wait,Org line A2,A2_3,se,S35 2nd,PROD551,Sweden
118,Accepted-In Progress,Value 62,19.059263950436343,Accepted,High,In Progress,Org line A2,A2_3,se,S35 2nd,PROD551,Sweden
118,Completed-Closed,Value 62,19.059264446793836,Completed,High,Closed,Org line A2,A2_3,se,S35 2nd,PROD551,Sweden
119,Accepted-In Progress,Value 46,18.755004445552906,Accepted,Medium,In Progress,Org line G3,,us,G199 3rd,PROD98,USA
119,Queued-Awaiting Assignment,Value 46,18.755005927303415,Queued,Medium,Awaiting Assignment,Org line G3,,us,G199 3rd,PROD98,USA
119,Accepted-In Progress,Value 54,18.755010580128904,Accepted,Medium,In Progress,Org line G3,,us,G199 3rd,PROD98,Sweden
119,Accepted-Assigned,Value 46,18.755010615919787,Accepted,Medium,Assigned,Org line G3,,us,G199 3rd,PROD98,USA
119,Accepted-In Progress,Value 43,19.05327497044018,Accepted,Medium,In Progress,Org line G3,,us,G199 3rd,PROD98,POLAND
119,Completed-Closed,Value 43,19.067428441136922,Completed,Medium,Closed,Org line G3,,us,G199 3rd,PROD98,POLAND
120,Accepted-In Progress,Value 99,18.75558513786456,Accepted,Medium,In Progress,Org line A2,D_1,in,L50 3rd,PROD611,Sweden
120,Accepted-Wait,Value 99,18.846981794975395,Accepted,Medium,Wait,Org line A2,D_1,in,L50 3rd,PROD611,Sweden
120,Accepted-In Progress,Value 99,18.850932053767238,Accepted,Medium,In Progress,Org line A2,D_1,in,L50 3rd,PROD611,Sweden
120,Completed-Closed,Value 99,18.85093210579489,Completed,Medium,Closed,Org line A2,D_1,in,L50 3rd,PROD611,Sweden
120,Accepted-In Progress,Value 99,18.862299314724755,Accepted,Medium,In Progress,Org line A2,D_1,in,L50 3rd,PROD611,Sweden
120,Accepted-In Progress,Value 100,18.942792004673183,Accepted,Medium,In Progress,Org line A2,D_1,in,L50 3rd,PROD611,Sweden
120,Completed-Closed,Value 100,19.094266231089236,Completed,Medium,Closed,Org line A2,D_1,in,L50 3rd,PROD611,Sweden
121,Accepted-In Progress,Value 76,18.756072153833593,Accepted,High,In Progress,Org line G4,,se,S33 2nd,PROD368,Sweden
121,Accepted-Assigned,Value 76,18.75607326217311,Accepted,High,Assigned,Org line G4,,se,S33 2nd,PROD368,Sweden
121,Accepted-In Progress,Value 76,18.76229115039845,Accepted,High,In Progress,Org line G4,,se,S33 2nd,PROD368,Sweden
121,Accepted-Wait,Value 76,18.801451323301656,Accepted,High,Wait,Org line G4,,se,S33 2nd,PROD368,Sweden
121,Completed-Closed,Value 76,19.064832918614243,Completed,High,Closed,Org line G4,,se,S33 2nd,PROD368,Sweden
122,Accepted-In Progress,Value 2,18.759298177991393,Accepted,Medium,In Progress,Org line A2,A2_2,se,M1 2nd,PROD681,Sweden
122,Accepted-In Progress,Value 2,18.997486393139223,Accepted,Medium,In Progress,Org line A2,A2_2,se,M1 2nd,PROD681,Sweden
122,Accepted-Assigned,Value 4,19.032034342034997,Accepted,Medium,Assigned,Org line A2,A2_2,se,G167 2nd,PROD681,Sweden
122,Accepted-In Progress,Value 44,19.084440230380938,Accepted,Medium,In Progress,Org line F,,se,N10 2nd,PROD681,Sweden
122,Completed-Closed,Value 44,19.084440642310362,Completed,Medium,Closed,Org line F,,se,N10 2nd,PROD681,Sweden
123,Accepted-In Progress,Value 46,18.759874260245375,Accepted,Medium,In Progress,Org line G3,,us,G199 3rd,PROD98,USA
123,Queued-Awaiting Assignment,Value 46,18.759875848772538,Queued,Medium,Awaiting Assignment,Org line G3,,us,G199 3rd,PROD98,USA
123,Accepted-In Progress,Value 47,18.759915853180722,Accepted,Medium,In Progress,Org line G3,,us,G199 3rd,PROD98,Sweden
123,Accepted-Wait,Value 47,18.759916316185336,Accepted,Medium,Wait,Org line G3,,us,G199 3rd,PROD98,Sweden
123,Accepted-Assigned,Value 46,18.759917007130287,Accepted,Medium,Assigned,Org line G3,,us,G199 3rd,PROD98,USA
123,Accepted-In Progress,Value 43,19.06964976791704,Accepted,Medium,In Progress,Org line G3,,us,G199 3rd,PROD98,POLAND
123,Completed-Closed,Value 43,19.069650421147163,Completed,Medium,Closed,Org line G3,,us,G199 3rd,PROD98,POLAND
124,Accepted-In Progress,Value 101,18.764164428538145,Accepted,Medium,In Progress,Org line G4,,se,S28 2nd,PROD633,Sweden
124,Completed-Closed,Value 101,19.05793714629449,Completed,Medium,Closed,Org line G4,,se,S28 2nd,PROD633,Sweden
125,Accepted-In Progress,Value 102,18.764812457457328,Accepted,Medium,In Progress,Org line C,C_6,se,M5 2nd,PROD660,Sweden
125,Accepted-In Progress,Value 102,18.76729473581963,Accepted,Medium,In Progress,Org line C,C_6,se,M5 2nd,PROD660,Sweden
125,Queued-Awaiting Assignment,Value 103,18.776882033734676,Queued,Medium,Awaiting Assignment,Org line C,E_10,se,G140 2nd,PROD660,Sweden
125,Queued-Awaiting Assignment,Value 103,18.77688570346572,Queued,Medium,Awaiting Assignment,Org line C,E_10,se,G140 2nd,PROD660,Sweden
125,Accepted-Assigned,Value 88,18.77688571046901,Accepted,Medium,Assigned,Org line C,E_10,se,G140 2nd,PROD660,Sweden
125,Accepted-In Progress,Value 88,18.777000557839884,Accepted,Medium,In Progress,Org line C,C_6,se,G141 3rd,PROD660,Sweden
125,Accepted-Assigned,Value 76,18.777707747910696,Accepted,Medium,Assigned,Org line C,C_6,se,G141 3rd,PROD660,Sweden
125,Accepted-Assigned,Value 8,18.77930810468441,Accepted,Medium,Assigned,Org line C,C_6,se,G141 3rd,PROD660,Sweden
125,Accepted-Assigned,Value 76,18.78609664219861,Accepted,Medium,Assigned,Org line C,C_6,se,G141 3rd,PROD660,Sweden
125,Accepted-Assigned,Value 104,18.90789998671479,Accepted,Medium,Assigned,Org line C,C_6,se,G141 3rd,PROD660,Sweden
125,Accepted-In Progress,Value 104,18.917774590942066,Accepted,Medium,In Progress,Org line C,C_6,se,G141 3rd,PROD660,Sweden
125,Accepted-Wait,Value 104,18.925728141878835,Accepted,Medium,Wait,Org line C,C_6,se,G141 3rd,PROD660,Sweden
125,Accepted-Assigned,Value 93,18.93602216812631,Accepted,Medium,Assigned,Org line C,C_6,se,G141 3rd,PROD660,Sweden
125,Accepted-In Progress,Value 105,19.002896872184788,Accepted,Medium,In Progress,Org line C,C_6,se,G141 3rd,PROD660,Sweden
125,Accepted-Assigned,Value 106,19.051863112542105,Accepted,Medium,Assigned,Org line C,C_6,se,G141 3rd,PROD660,Sweden
125,Accepted-Wait,Value 106,19.05186787359473,Accepted,Medium,Wait,Org line C,C_6,se,G141 3rd,PROD660,Sweden
125,Completed-Closed,Value 106,19.075614399974246,Completed,Medium,Closed,Org line C,C_6,se,G141 3rd,PROD660,Sweden
126,Accepted-In Progress,Value 46,18.767157178434168,Accepted,Medium,In Progress,Org line G3,,us,G199 3rd,PROD98,USA
126,Queued-Awaiting Assignment,Value 46,18.767159688903984,Queued,Medium,Awaiting Assignment,Org line G3,,us,G199 3rd,PROD98,USA
126,Accepted-In Progress,Value 47,18.767434409365908,Accepted,Medium,In Progress,Org line G3,,us,G199 3rd,PROD98,Sweden
126,Accepted-Assigned,Value 46,18.767436770674518,Accepted,Medium,Assigned,Org line G3,,us,G199 3rd,PROD98,USA
126,Accepted-In Progress,Value 107,18.911117475722605,Accepted,Medium,In Progress,Org line G3,,us,G199 3rd,PROD98,0
126,Completed-Closed,Value 107,18.911117481846194,Completed,Medium,Closed,Org line G3,,us,G199 3rd,PROD98,0
126,Accepted-In Progress,Value 74,18.922557727805263,Accepted,Medium,In Progress,Org line G3,,us,G199 3rd,PROD98,Sweden
126,Queued-Awaiting Assignment,Value 72,18.92255871459582,Queued,Medium,Awaiting Assignment,Org line A2,A2_2,us,G21 2nd,PROD98,Sweden
126,Accepted-Assigned,Value 56,18.923047026168007,Accepted,Medium,Assigned,Org line A2,A2_2,us,G21 2nd,PROD98,Sweden
126,Queued-Awaiting Assignment,Value 46,18.923053754825496,Queued,Medium,Awaiting Assignment,Org line G3,,us,G199 3rd,PROD98,USA
126,Accepted-In Progress,Value 74,18.92311625293485,Accepted,Medium,In Progress,Org line A2,A2_2,us,G21 2nd,PROD98,Sweden
126,Accepted-Assigned,Value 46,18.923116549411876,Accepted,Medium,Assigned,Org line A2,A2_2,us,G21 2nd,PROD98,USA
126,Accepted-In Progress,Value 43,19.069651022118503,Accepted,Medium,In Progress,Org line A2,A2_2,us,G21 2nd,PROD98,POLAND
126,Completed-Closed,Value 43,19.069652798901217,Completed,Medium,Closed,Org line A2,A2_2,us,G21 2nd,PROD98,POLAND
127,Accepted-In Progress,Value 108,18.76825441668475,Accepted,High,In Progress,Org line G4,,se,S33 2nd,PROD374,Sweden
127,Queued-Awaiting Assignment,Value 108,18.76826023740356,Queued,High,Awaiting Assignment,Org line G4,,se,S33 2nd,PROD374,Sweden
127,Accepted-Assigned,Value 76,18.769125169911607,Accepted,High,Assigned,Org line G4,,se,S33 2nd,PROD374,Sweden
127,Accepted-Assigned,Value 8,18.805031559307203,Accepted,High,Assigned,Org line G4,,se,S33 2nd,PROD374,Sweden
127,Accepted-In Progress,Value 8,18.814314901550233,Accepted,High,In Progress,Org line G4,,se,S33 2nd,PROD374,Sweden
127,Accepted-Wait,Value 8,18.856099696003927,Accepted,High,Wait,Org line G4,,se,S33 2nd,PROD374,Sweden
127,Completed-Closed,Value 8,19.06560052546088,Completed,High,Closed,Org line G4,,se,S33 2nd,PROD374,Sweden
128,Accepted-In Progress,Value 109,18.768484457629402,Accepted,Low,In Progress,Org line V2,,se,T3 2nd,PROD29,Sweden
128,Completed-Closed,Value 109,19.071890532125405,Completed,Low,Closed,Org line V2,,se,T3 2nd,PROD29,Sweden
129,Accepted-In Progress,Value 46,18.7684291435796,Accepted,Medium,In Progress,Org line G3,,us,G199 3rd,PROD98,USA
129,Queued-Awaiting Assignment,Value 46,18.768431544916997,Queued,Medium,Awaiting Assignment,Org line G3,,us,G199 3rd,PROD98,USA
129,Accepted-In Progress,Value 54,18.768464393221098,Accepted,Medium,In Progress,Org line G3,,us,G199 3rd,PROD98,Sweden
129,Accepted-Assigned,Value 46,18.76846442853368,Accepted,Medium,Assigned,Org line G3,,us,G199 3rd,PROD98,USA
129,Accepted-In Progress,Value 43,19.06965300793427,Accepted,Medium,In Progress,Org line G3,,us,G199 3rd,PROD98,POLAND
129,Completed-Closed,Value 43,19.069653593226587,Completed,Medium,Closed,Org line G3,,us,G199 3rd,PROD98,POLAND
130,Accepted-In Progress,Value 38,18.772663187311203,Accepted,Medium,In Progress,Org line A2,A2_3,se,G354 3rd,PROD729,Sweden
130,Accepted-Wait,Value 38,18.772664994771215,Accepted,Medium,Wait,Org line A2,A2_3,se,G354 3rd,PROD729,Sweden
130,Completed-Closed,Value 38,19.089871891455616,Completed,Medium,Closed,Org line A2,A2_3,se,G354 3rd,PROD729,Sweden
131,Accepted-In Progress,Value 46,18.77340156865527,Accepted,Medium,In Progress,Org line G3,,us,G199 3rd,PROD97,USA
131,Queued-Awaiting Assignment,Value 46,18.77340355047419,Queued,Medium,Awaiting Assignment,Org line G3,,us,G199 3rd,PROD97,USA
131,Accepted-In Progress,Value 54,18.77582755589191,Accepted,Medium,In Progress,Org line G3,,us,G199 3rd,PROD97,Sweden
131,Accepted-Assigned,Value 46,18.775827590945436,Accepted,Medium,Assigned,Org line G3,,us,G199 3rd,PROD97,USA
131,Accepted-In Progress,Value 43,19.067455837935377,Accepted,Medium,In Progress,Org line G3,,us,G199 3rd,PROD97,POLAND
131,Accepted-In Progress,Value 43,19.067467742293854,Accepted,Medium,In Progress,Org line G3,,us,G199 3rd,PROD97,POLAND
131,Completed-Closed,Value 43,19.06746774753111,Completed,Medium,Closed,Org line G3,,us,G199 3rd,PROD97,POLAND
132,Accepted-In Progress,Value 46,18.779333380966296,Accepted,Medium,In Progress,Org line G3,,us,G199 3rd,PROD97,USA
132,Queued-Awaiting Assignment,Value 46,18.77933563051045,Queued,Medium,Awaiting Assignment,Org line G3,,us,G199 3rd,PROD97,USA
132,Accepted-In Progress,Value 47,18.779708537767693,Accepted,Medium,In Progress,Org line G3,,us,G199 3rd,PROD97,Sweden
132,Accepted-Assigned,Value 46,18.779709620217265,Accepted,Medium,Assigned,Org line G3,,us,G199 3rd,PROD97,USA
132,Queued-Awaiting Assignment,Value 72,18.92522010249064,Queued,Medium,Awaiting Assignment,Org line A2,A2_2,us,G21 2nd,PROD97,Sweden
132,Accepted-Assigned,Value 73,18.925220205133854,Accepted,Medium,Assigned,Org line A2,A2_2,us,G21 2nd,PROD97,INDIA
132,Accepted-Wait,Value 73,18.928799000103847,Accepted,Medium,Wait,Org line A2,A2_2,us,G21 2nd,PROD97,INDIA
132,Queued-Awaiting Assignment,Value 46,18.94373058657506,Queued,Medium,Awaiting Assignment,Org line G3,,us,G199 3rd,PROD97,USA
132,Accepted-In Progress,Value 78,18.943750282138257,Accepted,Medium,In Progress,Org line G3,,us,G199 3rd,PROD97,Sweden
132,Accepted-Assigned,Value 46,18.943750317700164,Accepted,Medium,Assigned,Org line G3,,us,G199 3rd,PROD97,USA
132,Accepted-In Progress,Value 43,19.067468595966556,Accepted,Medium,In Progress,Org line G3,,us,G199 3rd,PROD97,POLAND
132,Completed-Closed,Value 43,19.067489282904344,Completed,Medium,Closed,Org line G3,,us,G199 3rd,PROD97,POLAND
133,Accepted-In Progress,Value 46,18.780010034992866,Accepted,Medium,In Progress,Org line G3,,us,G199 3rd,PROD97,USA
133,Queued-Awaiting Assignment,Value 46,18.78001173148237,Queued,Medium,Awaiting Assignment,Org line G3,,us,G199 3rd,PROD97,USA
133,Accepted-In Progress,Value 54,18.78001758888697,Accepted,Medium,In Progress,Org line G3,,us,G199 3rd,PROD97,Sweden
133,Accepted-Assigned,Value 46,18.7800176447381,Accepted,Medium,Assigned,Org line G3,,us,G199 3rd,PROD97,USA
133,Queued-Awaiting Assignment,Value 4,18.79315974330805,Queued,Medium,Awaiting Assignment,Org line A2,A2_2,us,G21 2nd,PROD97,Sweden
133,Accepted-Assigned,Value 110,18.793163870554018,Accepted,Medium,Assigned,Org line A2,A2_2,us,G21 2nd,PROD97,INDIA
133,Queued-Awaiting Assignment,Value 46,18.7962038372691,Queued,Medium,Awaiting Assignment,Org line G3,,us,G199 3rd,PROD97,USA
133,Accepted-In Progress,Value 54,18.796223758036515,Accepted,Medium,In Progress,Org line A2,A2_2,us,G21 2nd,PROD97,Sweden
133,Accepted-In Progress,Value 46,18.796224218270247,Accepted,Medium,In Progress,Org line G3,,us,G199 3rd,PROD97,USA
133,Accepted-In Progress,Value 43,19.067815708020845,Accepted,Medium,In Progress,Org line G3,,us,G199 3rd,PROD97,POLAND
133,Completed-Closed,Value 43,19.067816304860372,Completed,Medium,Closed,Org line G3,,us,G199 3rd,PROD97,POLAND
134,Accepted-In Progress,Value 46,18.781716114398662,Accepted,Medium,In Progress,Org line G3,,us,G199 3rd,PROD98,USA
134,Queued-Awaiting Assignment,Value 46,18.781717794057226,Queued,Medium,Awaiting Assignment,Org line G3,,us,G199 3rd,PROD98,USA
134,Accepted-In Progress,Value 54,18.781840073984956,Accepted,Medium,In Progress,Org line G3,,us,G199 3rd,PROD98,Sweden
134,Accepted-Assigned,Value 46,18.78184013670307,Accepted,Medium,Assigned,Org line G3,,us,G199 3rd,PROD98,USA
134,Accepted-In Progress,Value 43,19.067490298910013,Accepted,Medium,In Progress,Org line G3,,us,G199 3rd,PROD98,POLAND
134,Completed-Closed,Value 43,19.067490471735614,Completed,Medium,Closed,Org line G3,,us,G199 3rd,PROD98,POLAND
135,Accepted-In Progress,Value 46,18.781805118477266,Accepted,Medium,In Progress,Org line G3,,us,G199 3rd,PROD97,USA
135,Queued-Awaiting Assignment,Value 46,18.78181177377675,Queued,Medium,Awaiting Assignment,Org line G3,,us,G199 3rd,PROD97,USA
135,Accepted-In Progress,Value 54,18.781832011190183,Accepted,Medium,In Progress,Org line G3,,us,G199 3rd,PROD97,Sweden
135,Accepted-Assigned,Value 46,18.781832059971332,Accepted,Medium,Assigned,Org line G3,,us,G199 3rd,PROD97,USA
135,Accepted-In Progress,Value 43,19.067455769850206,Accepted,Medium,In Progress,Org line G3,,us,G199 3rd,PROD97,POLAND
135,Completed-Closed,Value 43,19.06746568928658,Completed,Medium,Closed,Org line G3,,us,G199 3rd,PROD97,POLAND
136,Accepted-In Progress,Value 46,18.784162287345413,Accepted,Medium,In Progress,Org line G3,,us,G199 3rd,PROD97,USA
136,Queued-Awaiting Assignment,Value 46,18.78416656313336,Queued,Medium,Awaiting Assignment,Org line G3,,us,G199 3rd,PROD97,USA
136,Accepted-In Progress,Value 54,18.78420124848379,Accepted,Medium,In Progress,Org line G3,,us,G199 3rd,PROD97,Sweden
136,Accepted-Assigned,Value 46,18.784201290197256,Accepted,Medium,Assigned,Org line G3,,us,G199 3rd,PROD97,USA
136,Accepted-In Progress,Value 54,18.78904669002532,Accepted,Medium,In Progress,Org line G3,,us,G199 3rd,PROD97,Sweden
136,Accepted-Wait,Value 54,18.812669127583646,Accepted,Medium,Wait,Org line G3,,us,G199 3rd,PROD97,Sweden
136,Accepted-Assigned,Value 46,18.81266941138263,Accepted,Medium,Assigned,Org line G3,,us,G199 3rd,PROD97,USA
136,Accepted-In Progress,Value 74,18.818029947019017,Accepted,Medium,In Progress,Org line A2,A2_2,us,G21 2nd,PROD97,Sweden
136,Accepted-Assigned,Value 110,18.81803064600203,Accepted,Medium,Assigned,Org line A2,A2_2,us,G21 2nd,PROD97,INDIA
136,Queued-Awaiting Assignment,Value 46,18.82137317426463,Queued,Medium,Awaiting Assignment,Org line G3,,us,G199 3rd,PROD97,USA
136,Accepted-In Progress,Value 54,18.826038039582308,Accepted,Medium,In Progress,Org line G3,,us,G199 3rd,PROD97,Sweden
136,Accepted-Assigned,Value 46,18.826038086254005,Accepted,Medium,Assigned,Org line G3,,us,G199 3rd,PROD97,USA
136,Accepted-In Progress,Value 43,19.06965470110039,Accepted,Medium,In Progress,Org line G3,,us,G199 3rd,PROD97,POLAND
136,Completed-Closed,Value 43,19.06965571490836,Completed,Medium,Closed,Org line G3,,us,G199 3rd,PROD97,POLAND
137,Accepted-In Progress,Value 81,18.787908555994115,Accepted,Low,In Progress,Org line C,C_6,se,G261 3rd,PROD424,Sweden
137,Queued-Awaiting Assignment,Value 81,18.78790888154042,Queued,Low,Awaiting Assignment,Org line C,C_6,se,G261 3rd,PROD424,Sweden
137,Accepted-In Progress,Value 111,18.787908943879064,Accepted,Low,In Progress,Org line C,C_6,se,N54 3rd,PROD424,USA
137,Accepted-Wait,Value 111,18.78964791890859,Accepted,Low,Wait,Org line C,C_6,se,N54 3rd,PROD424,USA
137,Accepted-In Progress,Value 81,18.793134435131822,Accepted,Low,In Progress,Org line C,C_6,se,G261 3rd,PROD424,Sweden
137,Accepted-Assigned,Value 111,18.793134572940126,Accepted,Low,Assigned,Org line C,C_6,se,G261 3rd,PROD424,USA
137,Accepted-In Progress,Value 111,18.793239260420325,Accepted,Low,In Progress,Org line C,C_6,se,G261 3rd,PROD424,USA
137,Accepted-Assigned,Value 81,18.873812458290942,Accepted,Low,Assigned,Org line C,C_6,se,G261 3rd,PROD424,Sweden
137,Accepted-Assigned,Value 112,18.875957037667273,Accepted,Low,Assigned,Org line C,C_6,se,G261 3rd,PROD424,Sweden
137,Accepted-In Progress,Value 113,19.002896726933454,Accepted,Low,In Progress,Org line C,C_6,se,G141 3rd,PROD424,Sweden
137,Accepted-Assigned,Value 103,19.019218315750777,Accepted,Low,Assigned,Org line C,C_6,se,G261 3rd,PROD424,Sweden
137,Accepted-In Progress,Value 113,19.019218354223813,Accepted,Low,In Progress,Org line C,C_6,se,G261 3rd,PROD424,Sweden
137,Completed-Closed,Value 113,19.061931095402734,Completed,Low,Closed,Org line C,C_6,se,G261 3rd,PROD424,Sweden
138,Accepted-In Progress,Value 114,18.788938172195483,Accepted,Low,In Progress,Org line G4,,se,S30 2nd,PROD412,Sweden
138,Accepted-Assigned,Value 114,19.061114769968654,Accepted,Low,Assigned,Org line G4,,se,S30 2nd,PROD412,Sweden
138,Accepted-In Progress,Value 114,19.091153849553407,Accepted,Low,In Progress,Org line G4,,se,S30 2nd,PROD412,Sweden
138,Completed-Closed,Value 114,19.091154141089294,Completed,Low,Closed,Org line G4,,se,S30 2nd,PROD412,Sweden
139,Accepted-In Progress,Value 46,18.789038422216937,Accepted,Medium,In Progress,Org line G3,,us,G199 3rd,PROD97,USA
139,Queued-Awaiting Assignment,Value 46,18.78904172242982,Queued,Medium,Awaiting Assignment,Org line G3,,us,G199 3rd,PROD97,USA
139,Accepted-In Progress,Value 54,18.78904986567581,Accepted,Medium,In Progress,Org line G3,,us,G199 3rd,PROD97,Sweden
139,Accepted-Assigned,Value 46,18.789049914106133,Accepted,Medium,Assigned,Org line G3,,us,G199 3rd,PROD97,USA
139,Queued-Awaiting Assignment,Value 72,18.925216546198683,Queued,Medium,Awaiting Assignment,Org line A2,A2_2,us,G21 2nd,PROD97,Sweden
139,Accepted-Assigned,Value 73,18.925216660917975,Accepted,Medium,Assigned,Org line A2,A2_2,us,G21 2nd,PROD97,INDIA
139,Accepted-Wait,Value 73,18.92879902416891,Accepted,Medium,Wait,Org line A2,A2_2,us,G21 2nd,PROD97,INDIA
139,Queued-Awaiting Assignment,Value 46,18.933494729615994,Queued,Medium,Awaiting Assignment,Org line G3,,us,G199 3rd,PROD97,USA
139,Accepted-In Progress,Value 78,18.933569314379906,Accepted,Medium,In Progress,Org line G3,,us,G199 3rd,PROD97,Sweden
139,Accepted-Assigned,Value 46,18.93356935629335,Accepted,Medium,Assigned,Org line G3,,us,G199 3rd,PROD97,USA
139,Accepted-In Progress,Value 43,19.067825869950514,Accepted,Medium,In Progress,Org line G3,,us,G199 3rd,PROD97,POLAND
139,Completed-Closed,Value 43,19.06782596942278,Completed,Medium,Closed,Org line G3,,us,G199 3rd,PROD97,POLAND
140,Accepted-In Progress,Value 115,18.793197177287905,Accepted,Medium,In Progress,Org line G4,,se,S28 2nd,PROD108,Sweden
140,Completed-Closed,Value 115,19.064753141092663,Completed,Medium,Closed,Org line G4,,se,S28 2nd,PROD108,Sweden
141,Accepted-In Progress,Value 46,18.793653403684043,Accepted,Medium,In Progress,Org line G3,,us,G199 3rd,PROD98,USA
141,Queued-Awaiting Assignment,Value 46,18.79365481548537,Queued,Medium,Awaiting Assignment,Org line G3,,us,G199 3rd,PROD98,USA
141,Accepted-In Progress,Value 54,18.794462156364418,Accepted,Medium,In Progress,Org line G3,,us,G199 3rd,PROD98,Sweden
141,Accepted-Assigned,Value 46,18.794462218295873,Accepted,Medium,Assigned,Org line G3,,us,G199 3rd,PROD98,USA
141,Accepted-In Progress,Value 43,19.055678210084483,Accepted,Medium,In Progress,Org line G3,,us,G199 3rd,PROD98,POLAND
141,Completed-Closed,Value 43,19.055678374364888,Completed,Medium,Closed,Org line G3,,us,G199 3rd,PROD98,POLAND
142,Accepted-In Progress,Value 46,18.79445157291036,Accepted,Medium,In Progress,Org line G3,,us,G199 3rd,PROD97,USA
142,Queued-Awaiting Assignment,Value 46,18.794452907890584,Queued,Medium,Awaiting Assignment,Org line G3,,us,G199 3rd,PROD97,USA
142,Accepted-In Progress,Value 54,18.79446055990778,Accepted,Medium,In Progress,Org line G3,,us,G199 3rd,PROD97,Sweden
142,Accepted-Assigned,Value 46,18.794460601195482,Accepted,Medium,Assigned,Org line G3,,us,G199 3rd,PROD97,USA
142,Accepted-In Progress,Value 43,19.06965644652172,Accepted,Medium,In Progress,Org line G3,,us,G199 3rd,PROD97,POLAND
142,Completed-Closed,Value 43,19.069656807102394,Completed,Medium,Closed,Org line G3,,us,G199 3rd,PROD97,POLAND
143,Accepted-In Progress,Value 46,18.800354523436027,Accepted,Medium,In Progress,Org line G3,,us,G199 3rd,PROD96,USA
143,Queued-Awaiting Assignment,Value 46,18.800355159634442,Queued,Medium,Awaiting Assignment,Org line G3,,us,G199 3rd,PROD96,USA
143,Accepted-In Progress,Value 54,18.800358333779627,Accepted,Medium,In Progress,Org line G3,,us,G199 3rd,PROD96,Sweden
143,Accepted-Assigned,Value 46,18.800358395347,Accepted,Medium,Assigned,Org line G3,,us,G199 3rd,PROD96,USA
143,Accepted-In Progress,Value 43,19.069655772392284,Accepted,Medium,In Progress,Org line G3,,us,G199 3rd,PROD96,POLAND
143,Completed-Closed,Value 43,19.100333847601657,Completed,Medium,Closed,Org line G3,,us,G199 3rd,PROD96,POLAND
144,Accepted-In Progress,Value 46,18.801454794635617,Accepted,Medium,In Progress,Org line G3,,us,G199 3rd,PROD98,USA
144,Queued-Awaiting Assignment,Value 46,18.801456666964285,Queued,Medium,Awaiting Assignment,Org line G3,,us,G199 3rd,PROD98,USA
144,Accepted-In Progress,Value 54,18.801484341486486,Accepted,Medium,In Progress,Org line G3,,us,G199 3rd,PROD98,Sweden
144,Accepted-Assigned,Value 46,18.80148439615145,Accepted,Medium,Assigned,Org line G3,,us,G199 3rd,PROD98,USA
144,Accepted-In Progress,Value 43,19.067814875586173,Accepted,Medium,In Progress,Org line G3,,us,G199 3rd,PROD98,POLAND
144,Completed-Closed,Value 43,19.067815320598505,Completed,Medium,Closed,Org line G3,,us,G199 3rd,PROD98,POLAND
145,Accepted-In Progress,Value 76,18.801987474241347,Accepted,High,In Progress,Org line G4,,se,S33 2nd,PROD680,Sweden
145,Accepted-Assigned,Value 76,18.801995464939356,Accepted,High,Assigned,Org line G4,,se,S33 2nd,PROD680,Sweden
145,Accepted-In Progress,Value 76,18.804474107051654,Accepted,High,In Progress,Org line G4,,se,S33 2nd,PROD680,Sweden
145,Accepted-Wait,Value 76,18.80498909794833,Accepted,High,Wait,Org line G4,,se,S33 2nd,PROD680,Sweden
145,Accepted-In Progress,Value 76,18.881162426762724,Accepted,High,In Progress,Org line G4,,se,S33 2nd,PROD680,Sweden
145,Accepted-Wait,Value 76,18.907751233507778,Accepted,High,Wait,Org line G4,,se,S33 2nd,PROD680,Sweden
145,Completed-Closed,Value 76,19.062526714303957,Completed,High,Closed,Org line G4,,se,S33 2nd,PROD680,Sweden
146,Queued-Awaiting Assignment,Value 58,18.804396984066003,Queued,Medium,Awaiting Assignment,Org line G4,,se,G51 2nd,PROD821,Sweden
146,Accepted-In Progress,Value 116,19.065645124360007,Accepted,Medium,In Progress,Org line G4,,se,G51 2nd,PROD821,Sweden
146,Completed-Closed,Value 116,19.065645418181454,Completed,Medium,Closed,Org line G4,,se,G51 2nd,PROD821,Sweden
147,Accepted-In Progress,Value 88,18.805065208449292,Accepted,Medium,In Progress,Org line G4,,se,S29 2nd,PROD368,Sweden
147,Accepted-Assigned,Value 88,18.854381578776287,Accepted,Medium,Assigned,Org line G4,,se,S29 2nd,PROD368,Sweden
147,Accepted-Assigned,Value 62,18.8565630495295,Accepted,Medium,Assigned,Org line G4,,se,S29 2nd,PROD368,Sweden
147,Accepted-Wait,Value 62,18.86049088427307,Accepted,Medium,Wait,Org line G4,,se,S29 2nd,PROD368,Sweden
147,Accepted-Assigned,Value 63,18.964024782100505,Accepted,Medium,Assigned,Org line A2,A2_3,se,S35 2nd,PROD368,Sweden
147,Accepted-Wait,Value 62,18.96402720404514,Accepted,Medium,Wait,Org line A2,A2_3,se,S35 2nd,PROD368,Sweden
147,Accepted-Assigned,Value 13,19.059270503391495,Accepted,Medium,Assigned,Org line A2,A2_3,se,S35 2nd,PROD368,Sweden
147,Accepted-In Progress,Value 13,19.092886960056163,Accepted,Medium,In Progress,Org line A2,A2_3,se,S35 2nd,PROD368,Sweden
147,Completed-Closed,Value 13,19.09288696516197,Completed,Medium,Closed,Org line A2,A2_3,se,S35 2nd,PROD368,Sweden
148,Accepted-In Progress,Value 8,18.806145103939716,Accepted,Low,In Progress,Org line C,,se,G37 2nd,PROD415,Sweden
148,Accepted-In Progress,Value 8,18.810342548397664,Accepted,Low,In Progress,Org line C,,se,G37 2nd,PROD415,Sweden
148,Completed-Closed,Value 8,19.076788356132397,Completed,Low,Closed,Org line C,,se,G37 2nd,PROD415,Sweden
149,Accepted-In Progress,Value 48,18.806281210041476,Accepted,Medium,In Progress,Org line G4,,se,S30 2nd,PROD412,Sweden
149,Completed-Closed,Value 48,19.029648111223345,Completed,Medium,Closed,Org line G4,,se,S30 2nd,PROD412,Sweden
149,Accepted-In Progress,Value 48,19.029661018177524,Accepted,Medium,In Progress,Org line G4,,se,S30 2nd,PROD412,Sweden
149,Accepted-In Progress,Value 60,19.077387701411354,Accepted,Medium,In Progress,Org line G4,,se,S30 2nd,PROD412,Sweden
149,Completed-Closed,Value 60,19.077387706596916,Completed,Medium,Closed,Org line G4,,se,S30 2nd,PROD412,Sweden
150,Accepted-In Progress,Value 48,18.81022556750946,Accepted,Medium,In Progress,Org line G4,,se,S30 2nd,PROD412,Sweden
150,Accepted-Wait,Value 48,18.86937842360399,Accepted,Medium,Wait,Org line G4,,se,S30 2nd,PROD412,Sweden
150,Completed-Closed,Value 48,19.061116646313362,Completed,Medium,Closed,Org line G4,,se,S30 2nd,PROD412,Sweden
151,Accepted-In Progress,Value 2,18.81037813236525,Accepted,Low,In Progress,Org line A2,A2_2,cn,M1 2nd,PROD753,Sweden
151,Completed-Closed,Value 2,19.120236053525872,Completed,Low,Closed,Org line A2,A2_2,cn,M1 2nd,PROD753,Sweden
152,Accepted-In Progress,Value 81,18.810916925033023,Accepted,Medium,In Progress,Org line C,C_6,se,G141 3rd,PROD660,Sweden
152,Queued-Awaiting Assignment,Value 81,18.810920952561975,Queued,Medium,Awaiting Assignment,Org line C,C_6,se,G141 3rd,PROD660,Sweden
152,Accepted-In Progress,Value 117,18.81158323669061,Accepted,Medium,In Progress,Org line C,C_6,se,G141 3rd,PROD660,Sweden
152,Accepted-Assigned,Value 81,18.812822549729358,Accepted,Medium,Assigned,Org line C,C_6,se,G141 3rd,PROD660,Sweden
152,Accepted-Assigned,Value 93,18.813174824159013,Accepted,Medium,Assigned,Org line C,C_6,se,G141 3rd,PROD660,Sweden
152,Accepted-In Progress,Value 105,19.011970216853225,Accepted,Medium,In Progress,Org line C,C_6,se,G141 3rd,PROD660,Sweden
152,Accepted-Assigned,Value 106,19.029633849742698,Accepted,Medium,Assigned,Org line C,C_6,se,G141 3rd,PROD660,Sweden
152,Accepted-In Progress,Value 106,19.03330198968667,Accepted,Medium,In Progress,Org line C,C_6,se,G141 3rd,PROD660,Sweden
152,Accepted-Wait,Value 106,19.03333598428227,Accepted,Medium,Wait,Org line C,C_6,se,G141 3rd,PROD660,Sweden
152,Completed-Closed,Value 106,19.06476420593028,Completed,Medium,Closed,Org line C,C_6,se,G141 3rd,PROD660,Sweden
153,Accepted-In Progress,Value 46,18.81265741742676,Accepted,Medium,In Progress,Org line G3,,us,G199 3rd,PROD98,USA
153,Queued-Awaiting Assignment,Value 46,18.812661160907865,Queued,Medium,Awaiting Assignment,Org line G3,,us,G199 3rd,PROD98,USA
153,Accepted-In Progress,Value 54,18.812668715399262,Accepted,Medium,In Progress,Org line G3,,us,G199 3rd,PROD98,Sweden
153,Accepted-Assigned,Value 46,18.812668755941996,Accepted,Medium,Assigned,Org line G3,,us,G199 3rd,PROD98,USA
153,Accepted-In Progress,Value 54,18.814562442660183,Accepted,Medium,In Progress,Org line A2,A2_2,us,G21 2nd,PROD98,Sweden
153,Accepted-Assigned,Value 56,18.81456249661489,Accepted,Medium,Assigned,Org line A2,A2_2,us,G21 2nd,PROD98,Sweden
153,Accepted-Wait,Value 56,18.81488433184083,Accepted,Medium,Wait,Org line A2,A2_2,us,G21 2nd,PROD98,Sweden
153,Queued-Awaiting Assignment,Value 46,18.814907383046855,Queued,Medium,Awaiting Assignment,Org line G3,,us,G199 3rd,PROD98,USA
153,Accepted-In Progress,Value 54,18.815092622905226,Accepted,Medium,In Progress,Org line G3,,us,G199 3rd,PROD98,Sweden
153,Accepted-Assigned,Value 46,18.81509269031286,Accepted,Medium,Assigned,Org line G3,,us,G199 3rd,PROD98,USA
153,Accepted-In Progress,Value 43,19.067831613148964,Accepted,Medium,In Progress,Org line G3,,us,G199 3rd,PROD98,POLAND
153,Completed-Closed,Value 43,19.067833005751826,Completed,Medium,Closed,Org line G3,,us,G199 3rd,PROD98,POLAND
154,Accepted-In Progress,Value 8,18.814462857545582,Accepted,Low,In Progress,Org line G4,,se,S33 2nd,PROD304,Sweden
154,Accepted-Wait,Value 8,18.856100051850316,Accepted,Low,Wait,Org line G4,,se,S33 2nd,PROD304,Sweden
154,Completed-Closed,Value 8,19.06560879477168,Completed,Low,Closed,Org line G4,,se,S33 2nd,PROD304,Sweden
155,Accepted-In Progress,Value 8,18.814546242628175,Accepted,Low,In Progress,Org line G4,,se,S33 2nd,PROD374,Sweden
155,Accepted-Wait,Value 8,18.878246758241865,Accepted,Low,Wait,Org line G4,,se,S33 2nd,PROD374,Sweden
155,Accepted-Wait,Value 8,19.080968808621943,Accepted,Low,Wait,Org line G4,,se,S33 2nd,PROD374,Sweden
155,Completed-Closed,Value 8,19.080968813788967,Completed,Low,Closed,Org line G4,,se,S33 2nd,PROD374,Sweden
156,Accepted-In Progress,Value 66,18.816752270193877,Accepted,Medium,In Progress,Org line B,E_10,in,G230 2nd,PROD424,France
156,Queued-Awaiting Assignment,Value 66,18.816839643316168,Queued,Medium,Awaiting Assignment,Org line B,E_10,in,G230 2nd,PROD424,France
156,Accepted-In Progress,Value 118,18.817792466145093,Accepted,Medium,In Progress,Org line B,E_10,in,G230 2nd,PROD424,France
156,Queued-Awaiting Assignment,Value 81,18.81779340058455,Queued,Medium,Awaiting Assignment,Org line C,C_6,in,G261 3rd,PROD424,Sweden
156,Accepted-In Progress,Value 42,18.83122170807969,Accepted,Medium,In Progress,Org line C,C_6,in,G261 3rd,PROD424,Sweden
156,Queued-Awaiting Assignment,Value 119,18.834589305569832,Queued,Medium,Awaiting Assignment,Org line C,E_1,in,G195,PROD424,Sweden
156,Accepted-In Progress,Value 120,18.843138227104713,Accepted,Medium,In Progress,Org line C,E_1,in,G195,PROD424,Sweden
156,Queued-Awaiting Assignment,Value 66,18.84314574490582,Queued,Medium,Awaiting Assignment,Org line B,E_10,in,G230 2nd,PROD424,France
156,Accepted-In Progress,Value 71,18.8453678402302,Accepted,Medium,In Progress,Org line B,E_10,in,G230 2nd,PROD424,INDIA
156,Accepted-In Progress,Value 71,18.845372810423168,Accepted,Medium,In Progress,Org line B,E_10,in,G230 2nd,PROD424,INDIA
156,Accepted-Wait,Value 71,18.847209057043717,Accepted,Medium,Wait,Org line B,E_10,in,G230 2nd,PROD424,INDIA
156,Accepted-In Progress,Value 71,18.96548779320404,Accepted,Medium,In Progress,Org line B,E_10,in,G230 2nd,PROD424,INDIA
156,Accepted-Wait,Value 71,18.96613005379222,Accepted,Medium,Wait,Org line B,E_10,in,G230 2nd,PROD424,INDIA
156,Accepted-In Progress,Value 71,19.08101577060665,Accepted,Medium,In Progress,Org line B,E_10,in,G230 2nd,PROD424,INDIA
156,Completed-Closed,Value 71,19.081016814296078,Completed,Medium,Closed,Org line B,E_10,in,G230 2nd,PROD424,INDIA
157,Accepted-In Progress,Value 121,18.817368577574296,Accepted,Low,In Progress,Org line A2,A2_3,se,G349 3rd,PROD93,Sweden
157,Accepted-Assigned,Value 121,18.817370373265,Accepted,Low,Assigned,Org line A2,A2_3,se,G349 3rd,PROD93,Sweden
157,Accepted-Assigned,Value 122,19.044705526780053,Accepted,Low,Assigned,Org line A2,A2_3,se,G349 3rd,PROD93,Sweden
157,Accepted-In Progress,Value 41,19.094220672529133,Accepted,Low,In Progress,Org line A2,A2_3,se,G349 3rd,PROD93,Sweden
157,Accepted-Wait,Value 41,19.094220718420164,Accepted,Low,Wait,Org line A2,A2_3,se,G349 3rd,PROD93,Sweden
157,Completed-Closed,Value 41,19.119807033958832,Completed,Low,Closed,Org line A2,A2_3,se,G349 3rd,PROD93,Sweden
158,Accepted-In Progress,Value 81,18.817777743566474,Accepted,Medium,In Progress,Org line C,C_6,se,G141 3rd,PROD734,Sweden
158,Queued-Awaiting Assignment,Value 81,18.817780217512645,Queued,Medium,Awaiting Assignment,Org line C,C_6,se,G141 3rd,PROD734,Sweden
158,Accepted-In Progress,Value 93,18.817897985059695,Accepted,Medium,In Progress,Org line C,C_6,se,G141 3rd,PROD734,Sweden
158,Accepted-Assigned,Value 8,18.943255428401496,Accepted,Medium,Assigned,Org line C,C_6,se,G141 3rd,PROD734,Sweden
158,Accepted-Assigned,Value 123,18.96754778804116,Accepted,Medium,Assigned,Org line C,C_6,se,G141 3rd,PROD734,Sweden
158,Accepted-In Progress,Value 105,19.0019117731094,Accepted,Medium,In Progress,Org line C,C_6,se,G141 3rd,PROD734,Sweden
158,Accepted-Assigned,Value 106,19.051863187016846,Accepted,Medium,Assigned,Org line C,C_6,se,G141 3rd,PROD734,Sweden
158,Accepted-Wait,Value 106,19.051869176895686,Accepted,Medium,Wait,Org line C,C_6,se,G141 3rd,PROD734,Sweden
158,Completed-Closed,Value 106,19.07562250377521,Completed,Medium,Closed,Org line C,C_6,se,G141 3rd,PROD734,Sweden
159,Accepted-In Progress,Value 124,18.81903607740493,Accepted,High,In Progress,Org line A2,A2_3,se,U5 2nd,PROD831,Sweden
159,Accepted-Assigned,Value 124,19.03857922428334,Accepted,High,Assigned,Org line A2,A2_3,se,U5 2nd,PROD831,Sweden
159,Accepted-In Progress,Value 13,19.070641532840117,Accepted,High,In Progress,Org line A2,A2_3,se,U5 2nd,PROD831,Sweden
159,Accepted-Assigned,Value 125,19.070642963300614,Accepted,High,Assigned,Org line A2,A2_3,se,U5 2nd,PROD831,Sweden
159,Queued-Awaiting Assignment,Value 126,19.105584949347556,Queued,High,Awaiting Assignment,Org line A2,A2_3,se,U6 2nd,PROD831,Sweden
159,Accepted-Assigned,Value 125,19.10558889170302,Accepted,High,Assigned,Org line A2,A2_3,se,U6 2nd,PROD831,Sweden
159,Accepted-In Progress,Value 125,19.114263384685767,Accepted,High,In Progress,Org line A2,A2_3,se,U6 2nd,PROD831,Sweden
159,Completed-Closed,Value 125,19.11426338968359,Completed,High,Closed,Org line A2,A2_3,se,U6 2nd,PROD831,Sweden
160,Accepted-In Progress,Value 77,18.81906575387913,Accepted,Medium,In Progress,Org line C,C_6,se,G250 3rd,PROD660,Sweden
160,Queued-Awaiting Assignment,Value 77,18.81907168235429,Queued,Medium,Awaiting Assignment,Org line C,C_6,se,G250 3rd,PROD660,Sweden
160,Accepted-In Progress,Value 77,18.819082209843046,Accepted,Medium,In Progress,Org line C,C_6,se,G250 3rd,PROD660,Sweden
160,Accepted-Wait,Value 77,18.83337921476816,Accepted,Medium,Wait,Org line C,C_6,se,G250 3rd,PROD660,Sweden
160,Accepted-Assigned,Value 13,18.85323343506874,Accepted,Medium,Assigned,Org line C,C_6,se,G250 3rd,PROD660,Sweden
160,Accepted-In Progress,Value 77,18.902442685004907,Accepted,Medium,In Progress,Org line C,C_6,se,G250 3rd,PROD660,Sweden
160,Accepted-Wait,Value 77,18.92102939541392,Accepted,Medium,Wait,Org line C,C_6,se,G250 3rd,PROD660,Sweden
160,Accepted-In Progress,Value 127,18.958971317243563,Accepted,Medium,In Progress,Org line C,C_6,se,G250 3rd,PROD660,Sweden
160,Completed-Closed,Value 127,19.05559389358012,Completed,Medium,Closed,Org line C,C_6,se,G250 3rd,PROD660,Sweden
161,Accepted-In Progress,Value 39,18.821386330151046,Accepted,Major,In Progress,Org line A2,A2_3,se,M3 2nd,PROD655,Sweden
161,Accepted-In Progress,Value 39,19.099529588770956,Accepted,Major,In Progress,Org line A2,A2_3,se,M3 2nd,PROD655,Sweden
161,Completed-Closed,Value 39,19.09952967499504,Completed,Major,Closed,Org line A2,A2_3,se,M3 2nd,PROD655,Sweden
162,Accepted-In Progress,Value 31,18.82139821986895,Accepted,Medium,In Progress,Org line A2,A2_4,se,G61 3rd,PROD194,Sweden
162,Accepted-Wait,Value 31,19.022891901619737,Accepted,Medium,Wait,Org line A2,A2_4,se,G61 3rd,PROD194,Sweden
162,Queued-Awaiting Assignment,Value 31,19.061992883406504,Queued,Medium,Awaiting Assignment,Org line A2,A2_4,se,G61 3rd,PROD194,Sweden
162,Accepted-In Progress,Value 31,19.074722112757613,Accepted,Medium,In Progress,Org line A2,A2_4,se,G60 2nd,PROD194,Sweden
162,Accepted-Wait,Value 31,19.074723402208612,Accepted,Medium,Wait,Org line A2,A2_4,se,G60 2nd,PROD194,Sweden
162,Completed-Closed,Value 31,19.07830304733577,Completed,Medium,Closed,Org line A2,A2_4,se,G60 2nd,PROD194,Sweden
163,Accepted-In Progress,Value 128,18.82256755090369,Accepted,Medium,In Progress,Org line C,E_4,us,G88 2nd,PROD793,USA
163,Accepted-In Progress,Value 128,19.016435358045083,Accepted,Medium,In Progress,Org line C,E_4,us,G88 2nd,PROD793,USA
163,Completed-Closed,Value 128,19.058883647074026,Completed,Medium,Closed,Org line C,E_4,us,G88 2nd,PROD793,USA
164,Accepted-In Progress,Value 81,18.823031554332292,Accepted,Medium,In Progress,Org line C,C_6,se,G141 3rd,PROD660,Sweden
164,Queued-Awaiting Assignment,Value 81,18.825336638068517,Queued,Medium,Awaiting Assignment,Org line C,C_6,se,G141 3rd,PROD660,Sweden
164,Accepted-In Progress,Value 117,18.825624035938176,Accepted,Medium,In Progress,Org line C,C_6,se,G141 3rd,PROD660,Sweden
164,Accepted-Assigned,Value 123,18.825627684501573,Accepted,Medium,Assigned,Org line C,C_6,se,G141 3rd,PROD660,Sweden
164,Accepted-In Progress,Value 123,19.003314332309944,Accepted,Medium,In Progress,Org line C,C_6,se,G141 3rd,PROD660,Sweden
164,Accepted-Assigned,Value 113,19.049168324044935,Accepted,Medium,Assigned,Org line C,C_6,se,G141 3rd,PROD660,Sweden
164,Completed-Closed,Value 113,19.086266020940815,Completed,Medium,Closed,Org line C,C_6,se,G141 3rd,PROD660,Sweden
165,Accepted-In Progress,Value 58,18.823184097057727,Accepted,Medium,In Progress,Org line G4,,se,G51 2nd,PROD821,Sweden
165,Queued-Awaiting Assignment,Value 58,18.82318538754,Queued,Medium,Awaiting Assignment,Org line G4,,se,G51 2nd,PROD821,Sweden
165,Accepted-In Progress,Value 116,19.065646745623695,Accepted,Medium,In Progress,Org line G4,,se,G51 2nd,PROD821,Sweden
165,Completed-Closed,Value 116,19.06564676661091,Completed,Medium,Closed,Org line G4,,se,G51 2nd,PROD821,Sweden
166,Accepted-In Progress,Value 46,18.826024237999174,Accepted,Medium,In Progress,Org line G3,,us,G199 3rd,PROD98,USA
166,Queued-Awaiting Assignment,Value 46,18.826025058098566,Queued,Medium,Awaiting Assignment,Org line G3,,us,G199 3rd,PROD98,USA
166,Accepted-In Progress,Value 54,18.82604083321291,Accepted,Medium,In Progress,Org line G3,,us,G199 3rd,PROD98,Sweden
166,Accepted-Assigned,Value 46,18.826040866549743,Accepted,Medium,Assigned,Org line G3,,us,G199 3rd,PROD98,USA
166,Accepted-In Progress,Value 43,19.069656875037868,Accepted,Medium,In Progress,Org line G3,,us,G199 3rd,PROD98,POLAND
166,Completed-Closed,Value 43,19.069657894069437,Completed,Medium,Closed,Org line G3,,us,G199 3rd,PROD98,POLAND
167,Accepted-In Progress,Value 46,18.826614608843567,Accepted,Medium,In Progress,Org line G3,,us,G199 3rd,PROD97,USA
167,Queued-Awaiting Assignment,Value 46,18.826615874915813,Queued,Medium,Awaiting Assignment,Org line G3,,us,G199 3rd,PROD97,USA
167,Accepted-In Progress,Value 54,18.82711303751918,Accepted,Medium,In Progress,Org line G3,,us,G199 3rd,PROD97,Sweden
167,Accepted-Assigned,Value 46,18.827113090800953,Accepted,Medium,Assigned,Org line G3,,us,G199 3rd,PROD97,USA
167,Accepted-In Progress,Value 43,19.069657951553236,Accepted,Medium,In Progress,Org line G3,,us,G199 3rd,PROD97,POLAND
167,Completed-Closed,Value 43,19.069663020566335,Completed,Medium,Closed,Org line G3,,us,G199 3rd,PROD97,POLAND
168,Accepted-In Progress,Value 3,18.82665545552396,Accepted,Medium,In Progress,Org line A2,A2_2,cn,M1 2nd,PROD753,China
168,Accepted-In Progress,Value 3,19.086620691662873,Accepted,Medium,In Progress,Org line A2,A2_2,cn,M1 2nd,PROD753,China
168,Completed-Closed,Value 3,19.086621107832983,Completed,Medium,Closed,Org line A2,A2_2,cn,M1 2nd,PROD753,China
169,Accepted-In Progress,Value 46,18.82946624677702,Accepted,Medium,In Progress,Org line G3,,us,G199 3rd,PROD97,USA
169,Queued-Awaiting Assignment,Value 46,18.82947273849831,Queued,Medium,Awaiting Assignment,Org line G3,,us,G199 3rd,PROD97,USA
169,Accepted-In Progress,Value 54,18.829517667762136,Accepted,Medium,In Progress,Org line G3,,us,G199 3rd,PROD97,Sweden
169,Accepted-Assigned,Value 46,18.829517714271716,Accepted,Medium,Assigned,Org line G3,,us,G199 3rd,PROD97,USA
169,Accepted-In Progress,Value 43,19.067438020412546,Accepted,Medium,In Progress,Org line G3,,us,G199 3rd,PROD97,POLAND
169,Completed-Closed,Value 43,19.06743809897375,Completed,Medium,Closed,Org line G3,,us,G199 3rd,PROD97,POLAND
170,Accepted-In Progress,Value 46,18.82954589867885,Accepted,Medium,In Progress,Org line G3,,us,G199 3rd,PROD97,USA
170,Queued-Awaiting Assignment,Value 46,18.8295476792795,Queued,Medium,Awaiting Assignment,Org line G3,,us,G199 3rd,PROD97,USA
170,Accepted-In Progress,Value 54,18.83009410079172,Accepted,Medium,In Progress,Org line G3,,us,G199 3rd,PROD97,Sweden
170,Accepted-Assigned,Value 46,18.830094240240044,Accepted,Medium,Assigned,Org line G3,,us,G199 3rd,PROD97,USA
170,Accepted-In Progress,Value 43,19.069663647658952,Accepted,Medium,In Progress,Org line G3,,us,G199 3rd,PROD97,POLAND
170,Completed-Closed,Value 43,19.069688318215636,Completed,Medium,Closed,Org line G3,,us,G199 3rd,PROD97,POLAND
171,Accepted-In Progress,Value 62,18.832876788398156,Accepted,Low,In Progress,Org line A2,A2_4,us,G113 2nd,PROD546,USA
171,Accepted-In Progress,Value 62,19.013202237397042,Accepted,Low,In Progress,Org line A2,A2_4,us,G113 2nd,PROD546,USA
171,Queued-Awaiting Assignment,Value 62,19.013202281631546,Queued,Low,Awaiting Assignment,Org line A2,A2_4,us,L23 3rd,PROD546,USA
171,Accepted-In Progress,Value 62,19.01361940339849,Accepted,Low,In Progress,Org line A2,A2_4,us,G113 2nd,PROD546,USA
171,Accepted-Assigned,Value 108,19.04239911711249,Accepted,Low,Assigned,Org line A2,A2_4,us,G113 2nd,PROD546,USA
171,Completed-Closed,Value 108,19.05561917337887,Completed,Low,Closed,Org line A2,A2_4,us,G113 2nd,PROD546,USA
172,Accepted-In Progress,Value 80,18.832911367594143,Accepted,Medium,In Progress,Org line A2,A2_4,us,L23 3rd,PROD521,Sweden
172,Accepted-Wait,Value 80,18.832919340107775,Accepted,Medium,Wait,Org line A2,A2_4,us,L23 3rd,PROD521,Sweden
172,Completed-Closed,Value 80,19.11431507083727,Completed,Medium,Closed,Org line A2,A2_4,us,L23 3rd,PROD521,Sweden
173,Accepted-In Progress,Value 2,18.833337880643047,Accepted,High,In Progress,Org line A2,A2_2,cn,M1 2nd,PROD753,Sweden
173,Completed-Closed,Value 2,19.120233887448585,Completed,High,Closed,Org line A2,A2_2,cn,M1 2nd,PROD753,Sweden
174,Accepted-In Progress,Value 81,18.835109339708435,Accepted,Medium,In Progress,Org line C,C_6,se,G141 3rd,PROD660,Sweden
174,Queued-Awaiting Assignment,Value 81,18.835111427574216,Queued,Medium,Awaiting Assignment,Org line C,C_6,se,G141 3rd,PROD660,Sweden
174,Accepted-In Progress,Value 104,18.8367959116438,Accepted,Medium,In Progress,Org line C,C_6,se,G141 3rd,PROD660,Sweden
174,Queued-Awaiting Assignment,Value 84,18.83685276132253,Queued,Medium,Awaiting Assignment,Org line C,E_7,se,G135 2nd,PROD660,Sweden
174,Accepted-In Progress,Value 84,18.999981493998387,Accepted,Medium,In Progress,Org line C,E_7,se,G135 2nd,PROD660,Sweden
174,Accepted-Wait,Value 84,18.999981527615788,Accepted,Medium,Wait,Org line C,E_7,se,G135 2nd,PROD660,Sweden
174,Accepted-In Progress,Value 84,19.068361060309194,Accepted,Medium,In Progress,Org line C,E_7,se,G135 2nd,PROD660,Sweden
174,Completed-Closed,Value 84,19.06836116496082,Completed,Medium,Closed,Org line C,E_7,se,G135 2nd,PROD660,Sweden
175,Accepted-In Progress,Value 129,18.837921980477006,Accepted,Medium,In Progress,Org line G4,,se,S30 2nd,PROD412,Sweden
175,Accepted-Wait,Value 129,18.837964719938952,Accepted,Medium,Wait,Org line G4,,se,S30 2nd,PROD412,Sweden
175,Queued-Awaiting Assignment,Value 129,18.849937161037825,Queued,Medium,Awaiting Assignment,Org line G4,,se,S30 2nd,PROD412,Sweden
175,Accepted-In Progress,Value 128,18.849941008398947,Accepted,Medium,In Progress,Org line A2,A2_3,se,S21 2nd,PROD412,Sweden
175,Accepted-Wait,Value 128,18.84994102792866,Accepted,Medium,Wait,Org line A2,A2_3,se,S21 2nd,PROD412,Sweden
175,Queued-Awaiting Assignment,Value 129,18.849948000012233,Queued,Medium,Awaiting Assignment,Org line G4,,se,S30 2nd,PROD412,Sweden
175,Accepted-In Progress,Value 128,18.849948872332995,Accepted,Medium,In Progress,Org line A2,A2_3,se,S21 2nd,PROD412,Sweden
175,Accepted-Wait,Value 128,18.849948891862557,Accepted,Medium,Wait,Org line A2,A2_3,se,S21 2nd,PROD412,Sweden
175,Queued-Awaiting Assignment,Value 129,18.8505213542141,Queued,Medium,Awaiting Assignment,Org line G4,,se,S30 2nd,PROD412,Sweden
175,Accepted-In Progress,Value 129,18.850521933259312,Accepted,Medium,In Progress,Org line G4,,se,S30 2nd,PROD412,Sweden
175,Accepted-Wait,Value 129,18.850522570859273,Accepted,Medium,Wait,Org line G4,,se,S30 2nd,PROD412,Sweden
175,Accepted-In Progress,Value 60,19.077385637555732,Accepted,Medium,In Progress,Org line G4,,se,S30 2nd,PROD412,Sweden
175,Completed-Closed,Value 60,19.077385647926878,Completed,Medium,Closed,Org line G4,,se,S30 2nd,PROD412,Sweden
176,Accepted-In Progress,Value 130,18.837479865447367,Accepted,High,In Progress,Org line C,E_6,se,G334 2nd,PROD101,Sweden
176,Accepted-Assigned,Value 130,18.837480162066313,Accepted,High,Assigned,Org line C,E_6,se,G334 2nd,PROD101,Sweden
176,Accepted-In Progress,Value 20,19.075600233749054,Accepted,High,In Progress,Org line C,E_6,se,G334 2nd,PROD101,Sweden
176,Completed-Closed,Value 20,19.07560024413873,Completed,High,Closed,Org line C,E_6,se,G334 2nd,PROD101,Sweden
177,Accepted-In Progress,Value 104,18.837993892674106,Accepted,Medium,In Progress,Org line V2,,se,T4 2nd,PROD63,Sweden
177,Accepted-Wait,Value 104,18.90307701003411,Accepted,Medium,Wait,Org line V2,,se,T4 2nd,PROD63,Sweden
177,Accepted-In Progress,Value 104,19.010591534634493,Accepted,Medium,In Progress,Org line V2,,se,T4 2nd,PROD63,Sweden
177,Completed-Closed,Value 104,19.08935432931088,Completed,Medium,Closed,Org line V2,,se,T4 2nd,PROD63,Sweden
178,Accepted-In Progress,Value 46,18.840844259274284,Accepted,Medium,In Progress,Org line G3,,us,G199 3rd,PROD98,USA
178,Queued-Awaiting Assignment,Value 46,18.840845540305278,Queued,Medium,Awaiting Assignment,Org line G3,,us,G199 3rd,PROD98,USA
178,Accepted-In Progress,Value 54,18.84085529579516,Accepted,Medium,In Progress,Org line G3,,us,G199 3rd,PROD98,Sweden
178,Accepted-Assigned,Value 46,18.84085535491905,Accepted,Medium,Assigned,Org line G3,,us,G199 3rd,PROD98,USA
178,Accepted-In Progress,Value 74,18.842636530315037,Accepted,Medium,In Progress,Org line G3,,us,G199 3rd,PROD98,Sweden
178,Accepted-In Progress,Value 74,18.8426375139591,Accepted,Medium,In Progress,Org line G3,,us,G199 3rd,PROD98,Sweden
178,Queued-Awaiting Assignment,Value 4,18.842637599208206,Queued,Medium,Awaiting Assignment,Org line A2,A2_2,us,G21 2nd,PROD98,Sweden
178,Accepted-Assigned,Value 56,18.842637822167376,Accepted,Medium,Assigned,Org line A2,A2_2,us,G21 2nd,PROD98,Sweden
178,Accepted-In Progress,Value 56,18.845314781880845,Accepted,Medium,In Progress,Org line A2,A2_2,us,G21 2nd,PROD98,Sweden
178,Accepted-Wait,Value 56,18.84531714285085,Accepted,Medium,Wait,Org line A2,A2_2,us,G21 2nd,PROD98,Sweden
178,Queued-Awaiting Assignment,Value 46,18.892294813243133,Queued,Medium,Awaiting Assignment,Org line G3,,us,G199 3rd,PROD98,USA
178,Accepted-In Progress,Value 78,18.896058382309473,Accepted,Medium,In Progress,Org line A2,A2_2,us,G21 2nd,PROD98,Sweden
178,Queued-Awaiting Assignment,Value 72,18.896058432041492,Queued,Medium,Awaiting Assignment,Org line A2,A2_2,us,G21 2nd,PROD98,Sweden
178,Accepted-Assigned,Value 56,18.896058624753042,Accepted,Medium,Assigned,Org line A2,A2_2,us,G21 2nd,PROD98,Sweden
178,Accepted-In Progress,Value 78,18.896061826245944,Accepted,Medium,In Progress,Org line G3,,us,G199 3rd,PROD98,Sweden
178,Accepted-Assigned,Value 46,18.89606194435908,Accepted,Medium,Assigned,Org line G3,,us,G199 3rd,PROD98,USA
178,Accepted-In Progress,Value 43,19.067439193592534,Accepted,Medium,In Progress,Org line G3,,us,G199 3rd,PROD98,POLAND
178,Completed-Closed,Value 43,19.06743931929031,Completed,Medium,Closed,Org line G3,,us,G199 3rd,PROD98,POLAND
179,Accepted-In Progress,Value 46,18.841325732476488,Accepted,Medium,In Progress,Org line G3,,us,G199 3rd,PROD98,USA
179,Queued-Awaiting Assignment,Value 46,18.841326796205458,Queued,Medium,Awaiting Assignment,Org line G3,,us,G199 3rd,PROD98,USA
179,Accepted-In Progress,Value 54,18.84137276528801,Accepted,Medium,In Progress,Org line G3,,us,G199 3rd,PROD98,Sweden
179,Accepted-Assigned,Value 46,18.841372863776847,Accepted,Medium,Assigned,Org line G3,,us,G199 3rd,PROD98,USA
179,Accepted-In Progress,Value 43,19.069688401825893,Accepted,Medium,In Progress,Org line G3,,us,G199 3rd,PROD98,POLAND
179,Completed-Closed,Value 43,19.069688767620683,Completed,Medium,Closed,Org line G3,,us,G199 3rd,PROD98,POLAND
180,Accepted-In Progress,Value 60,18.841963700989048,Accepted,Medium,In Progress,Org line G4,,se,S30 2nd,PROD412,Sweden
180,Completed-Closed,Value 60,18.869358726947123,Completed,Medium,Closed,Org line G4,,se,S30 2nd,PROD412,Sweden
180,Accepted-In Progress,Value 60,18.869361465986813,Accepted,Medium,In Progress,Org line G4,,se,S30 2nd,PROD412,Sweden
180,Accepted-In Progress,Value 60,19.07738860888421,Accepted,Medium,In Progress,Org line G4,,se,S30 2nd,PROD412,Sweden
180,Completed-Closed,Value 60,19.077388702224226,Completed,Medium,Closed,Org line G4,,se,S30 2nd,PROD412,Sweden
181,Accepted-In Progress,Value 46,18.842417514268096,Accepted,Medium,In Progress,Org line G3,,us,G199 3rd,PROD98,USA
181,Queued-Awaiting Assignment,Value 46,18.84241881296246,Queued,Medium,Awaiting Assignment,Org line G3,,us,G199 3rd,PROD98,USA
181,Accepted-In Progress,Value 74,18.8425382331631,Accepted,Medium,In Progress,Org line G3,,us,G199 3rd,PROD98,Sweden
181,Accepted-Wait,Value 74,18.842546299808756,Accepted,Medium,Wait,Org line G3,,us,G199 3rd,PROD98,Sweden
181,Accepted-In Progress,Value 54,18.842549500215995,Accepted,Medium,In Progress,Org line G3,,us,G199 3rd,PROD98,Sweden
181,Accepted-Assigned,Value 54,18.842549598589006,Accepted,Medium,Assigned,Org line G3,,us,G199 3rd,PROD98,Sweden
181,Accepted-Assigned,Value 46,18.842620372183376,Accepted,Medium,Assigned,Org line G3,,us,G199 3rd,PROD98,USA
181,Accepted-In Progress,Value 43,19.06968886168218,Accepted,Medium,In Progress,Org line G3,,us,G199 3rd,PROD98,POLAND
181,Completed-Closed,Value 43,19.069689995645074,Completed,Medium,Closed,Org line G3,,us,G199 3rd,PROD98,POLAND
182,Accepted-In Progress,Value 116,18.84305238776817,Accepted,Low,In Progress,Org line G4,,se,G51 2nd,PROD54,Sweden
182,Accepted-In Progress,Value 116,19.065648970266032,Accepted,Low,In Progress,Org line G4,,se,G51 2nd,PROD54,Sweden
182,Completed-Closed,Value 116,19.065648980759615,Completed,Low,Closed,Org line G4,,se,G51 2nd,PROD54,Sweden
183,Accepted-Assigned,Value 59,18.843174386751386,Accepted,Medium,Assigned,Org line G4,,se,G51 2nd,PROD405,Sweden
183,Accepted-In Progress,Value 131,19.068347282826842,Accepted,Medium,In Progress,Org line G4,,se,G51 2nd,PROD405,INDIA
183,Completed-Closed,Value 131,19.068347670043142,Completed,Medium,Closed,Org line G4,,se,G51 2nd,PROD405,INDIA
184,Accepted-Assigned,Value 59,18.84317590074831,Accepted,Medium,Assigned,Org line G4,,se,G51 2nd,PROD405,Sweden
184,Accepted-In Progress,Value 131,19.06834789504714,Accepted,Medium,In Progress,Org line G4,,se,G51 2nd,PROD405,INDIA
184,Completed-Closed,Value 131,19.06834816191228,Completed,Medium,Closed,Org line G4,,se,G51 2nd,PROD405,INDIA
185,Accepted-In Progress,Value 3,18.847163316306794,Accepted,Medium,In Progress,Org line A2,A2_2,cn,M1 2nd,PROD753,China
185,Accepted-In Progress,Value 3,19.086652186516254,Accepted,Medium,In Progress,Org line A2,A2_2,cn,M1 2nd,PROD753,China
185,Completed-Closed,Value 3,19.086652659188392,Completed,Medium,Closed,Org line A2,A2_2,cn,M1 2nd,PROD753,China
186,Accepted-In Progress,Value 129,18.84723039591256,Accepted,Medium,In Progress,Org line G4,,se,S30 2nd,PROD412,Sweden
186,Queued-Awaiting Assignment,Value 129,18.847232249742014,Queued,Medium,Awaiting Assignment,Org line G4,,se,S30 2nd,PROD412,Sweden
186,Accepted-In Progress,Value 60,19.070595950197205,Accepted,Medium,In Progress,Org line G4,,se,S30 2nd,PROD412,Sweden
186,Accepted-Assigned,Value 88,19.07059609116151,Accepted,Medium,Assigned,Org line G4,,se,S30 2nd,PROD412,Sweden
186,Accepted-In Progress,Value 60,19.070596211242194,Accepted,Medium,In Progress,Org line G4,,se,S30 2nd,PROD412,Sweden
186,Accepted-Assigned,Value 88,19.07059640963634,Accepted,Medium,Assigned,Org line G4,,se,S30 2nd,PROD412,Sweden
186,Accepted-In Progress,Value 60,19.083635969972146,Accepted,Medium,In Progress,Org line G4,,se,S30 2nd,PROD412,Sweden
186,Completed-Closed,Value 60,19.083635995738454,Completed,Medium,Closed,Org line G4,,se,S30 2nd,PROD412,Sweden
187,Accepted-In Progress,Value 46,18.84882685572981,Accepted,Medium,In Progress,Org line G3,,us,G199 3rd,PROD98,USA
187,Queued-Awaiting Assignment,Value 46,18.8488281070241,Queued,Medium,Awaiting Assignment,Org line G3,,us,G199 3rd,PROD98,USA
187,Accepted-In Progress,Value 74,18.848828889082238,Accepted,Medium,In Progress,Org line G3,,us,G199 3rd,PROD98,Sweden
187,Accepted-Assigned,Value 46,18.848829788448338,Accepted,Medium,Assigned,Org line G3,,us,G199 3rd,PROD98,USA
187,Accepted-In Progress,Value 43,19.069701815955906,Accepted,Medium,In Progress,Org line G3,,us,G199 3rd,PROD98,POLAND
187,Completed-Closed,Value 43,19.069703754640766,Completed,Medium,Closed,Org line G3,,us,G199 3rd,PROD98,POLAND
188,Accepted-In Progress,Value 8,18.849828230959403,Accepted,Medium,In Progress,Org line C,,se,G37 2nd,PROD415,Sweden
188,Completed-Closed,Value 8,19.08090175389438,Completed,Medium,Closed,Org line C,,se,G37 2nd,PROD415,Sweden
189,Accepted-In Progress,Value 46,18.84985122627191,Accepted,Medium,In Progress,Org line G3,,us,G199 3rd,PROD97,USA
189,Queued-Awaiting Assignment,Value 46,18.849856538817043,Queued,Medium,Awaiting Assignment,Org line G3,,us,G199 3rd,PROD97,USA
189,Accepted-In Progress,Value 74,18.849915528307047,Accepted,Medium,In Progress,Org line G3,,us,G199 3rd,PROD97,Sweden
189,Accepted-Assigned,Value 46,18.84991627696489,Accepted,Medium,Assigned,Org line G3,,us,G199 3rd,PROD97,USA
189,Accepted-In Progress,Value 43,19.055675798868997,Accepted,Medium,In Progress,Org line G3,,us,G199 3rd,PROD97,POLAND
189,Completed-Closed,Value 43,19.055675851862805,Completed,Medium,Closed,Org line G3,,us,G199 3rd,PROD97,POLAND
190,Accepted-In Progress,Value 48,18.849892488901613,Accepted,Medium,In Progress,Org line G4,,se,S30 2nd,PROD409,Sweden
190,Completed-Closed,Value 48,19.061125110903316,Completed,Medium,Closed,Org line G4,,se,S30 2nd,PROD409,Sweden
191,Accepted-In Progress,Value 46,18.849909975201363,Accepted,Medium,In Progress,Org line G3,,us,G199 3rd,PROD97,USA
191,Queued-Awaiting Assignment,Value 46,18.8499111274896,Queued,Medium,Awaiting Assignment,Org line G3,,us,G199 3rd,PROD97,USA
191,Accepted-In Progress,Value 74,18.84991282011399,Accepted,Medium,In Progress,Org line G3,,us,G199 3rd,PROD97,Sweden
191,Accepted-Assigned,Value 46,18.84991428488278,Accepted,Medium,Assigned,Org line G3,,us,G199 3rd,PROD97,USA
191,Queued-Awaiting Assignment,Value 72,18.924751239125296,Queued,Medium,Awaiting Assignment,Org line A2,A2_2,us,G21 2nd,PROD97,Sweden
191,Accepted-Assigned,Value 56,18.92475135389798,Accepted,Medium,Assigned,Org line A2,A2_2,us,G21 2nd,PROD97,Sweden
191,Accepted-In Progress,Value 56,18.928323511802216,Accepted,Medium,In Progress,Org line A2,A2_2,us,G21 2nd,PROD97,Sweden
191,Queued-Awaiting Assignment,Value 46,18.92832401138968,Queued,Medium,Awaiting Assignment,Org line G3,,us,G199 3rd,PROD97,USA
191,Accepted-In Progress,Value 78,18.928368509787425,Accepted,Medium,In Progress,Org line G3,,us,G199 3rd,PROD97,Sweden
191,Accepted-Assigned,Value 46,18.928368551919423,Accepted,Medium,Assigned,Org line G3,,us,G199 3rd,PROD97,USA
191,Queued-Awaiting Assignment,Value 72,18.937464053412683,Queued,Medium,Awaiting Assignment,Org line A2,A2_2,us,G21 2nd,PROD97,Sweden
191,Accepted-In Progress,Value 78,18.937464232343473,Accepted,Medium,In Progress,Org line G3,,us,G199 3rd,PROD97,Sweden
191,Accepted-In Progress,Value 72,18.93746468563466,Accepted,Medium,In Progress,Org line A2,A2_2,us,G21 2nd,PROD97,Sweden
191,Accepted-In Progress,Value 78,18.93746479299307,Accepted,Medium,In Progress,Org line A2,A2_2,us,G21 2nd,PROD97,Sweden
191,Accepted-Assigned,Value 73,18.937465616073823,Accepted,Medium,Assigned,Org line A2,A2_2,us,G21 2nd,PROD97,INDIA
191,Accepted-Assigned,Value 56,18.93904300974907,Accepted,Medium,Assigned,Org line A2,A2_2,us,G21 2nd,PROD97,Sweden
191,Accepted-In Progress,Value 56,18.95704074884899,Accepted,Medium,In Progress,Org line A2,A2_2,us,G21 2nd,PROD97,Sweden
191,Queued-Awaiting Assignment,Value 46,18.95704783163979,Queued,Medium,Awaiting Assignment,Org line G3,,us,G199 3rd,PROD97,USA
191,Accepted-In Progress,Value 74,18.95848592033992,Accepted,Medium,In Progress,Org line G3,,us,G199 3rd,PROD97,Sweden
191,Accepted-Assigned,Value 46,18.9584859729025,Accepted,Medium,Assigned,Org line G3,,us,G199 3rd,PROD97,USA
191,Accepted-In Progress,Value 43,19.069705003548968,Accepted,Medium,In Progress,Org line G3,,us,G199 3rd,PROD97,POLAND
191,Completed-Closed,Value 43,19.06970583963727,Completed,Medium,Closed,Org line G3,,us,G199 3rd,PROD97,POLAND
192,Accepted-In Progress,Value 46,18.85031899967103,Accepted,Medium,In Progress,Org line G3,,us,G199 3rd,PROD97,USA
192,Queued-Awaiting Assignment,Value 46,18.850320795724112,Queued,Medium,Awaiting Assignment,Org line G3,,us,G199 3rd,PROD97,USA
192,Accepted-In Progress,Value 54,18.850363782901653,Accepted,Medium,In Progress,Org line G3,,us,G199 3rd,PROD97,Sweden
192,Accepted-Assigned,Value 46,18.850368591676258,Accepted,Medium,Assigned,Org line G3,,us,G199 3rd,PROD97,USA
192,Accepted-In Progress,Value 43,19.068966590123843,Accepted,Medium,In Progress,Org line G3,,us,G199 3rd,PROD97,POLAND
192,Completed-Closed,Value 43,19.068966814988627,Completed,Medium,Closed,Org line G3,,us,G199 3rd,PROD97,POLAND
193,Accepted-In Progress,Value 46,18.850401966147256,Accepted,Medium,In Progress,Org line G3,,us,G199 3rd,PROD98,USA
193,Queued-Awaiting Assignment,Value 46,18.85040331958251,Queued,Medium,Awaiting Assignment,Org line G3,,us,G199 3rd,PROD98,USA
193,Accepted-In Progress,Value 54,18.850407308301726,Accepted,Medium,In Progress,Org line G3,,us,G199 3rd,PROD98,Sweden
193,Accepted-Assigned,Value 46,18.850407353849814,Accepted,Medium,Assigned,Org line G3,,us,G199 3rd,PROD98,USA
193,Accepted-In Progress,Value 43,19.06970605911033,Accepted,Medium,In Progress,Org line G3,,us,G199 3rd,PROD98,POLAND
193,Completed-Closed,Value 43,19.069710532169886,Completed,Medium,Closed,Org line G3,,us,G199 3rd,PROD98,POLAND
194,Accepted-In Progress,Value 132,18.8504500575233,Accepted,Medium,In Progress,Org line G4,,se,S33 2nd,PROD374,Sweden
194,Accepted-Wait,Value 132,18.93646833875322,Accepted,Medium,Wait,Org line G4,,se,S33 2nd,PROD374,Sweden
194,Completed-Closed,Value 132,19.07435357359569,Completed,Medium,Closed,Org line G4,,se,S33 2nd,PROD374,Sweden
195,Accepted-In Progress,Value 46,18.851025191931726,Accepted,Medium,In Progress,Org line G3,,us,G199 3rd,PROD97,USA
195,Queued-Awaiting Assignment,Value 46,18.85102651200954,Queued,Medium,Awaiting Assignment,Org line G3,,us,G199 3rd,PROD97,USA
195,Accepted-In Progress,Value 74,18.851145903565577,Accepted,Medium,In Progress,Org line G3,,us,G199 3rd,PROD97,Sweden
195,Accepted-Assigned,Value 46,18.851146761837885,Accepted,Medium,Assigned,Org line G3,,us,G199 3rd,PROD97,USA
195,Accepted-In Progress,Value 43,19.070650303514608,Accepted,Medium,In Progress,Org line G3,,us,G199 3rd,PROD97,POLAND
195,Completed-Closed,Value 43,19.07065490808792,Completed,Medium,Closed,Org line G3,,us,G199 3rd,PROD97,POLAND
196,Accepted-In Progress,Value 46,18.854950564222364,Accepted,Medium,In Progress,Org line G3,,us,G199 3rd,PROD97,USA
196,Queued-Awaiting Assignment,Value 46,18.85495301266696,Queued,Medium,Awaiting Assignment,Org line G3,,us,G199 3rd,PROD97,USA
196,Accepted-In Progress,Value 74,18.854987238444796,Accepted,Medium,In Progress,Org line G3,,us,G199 3rd,PROD97,Sweden
196,Accepted-Assigned,Value 46,18.85498814524357,Accepted,Medium,Assigned,Org line G3,,us,G199 3rd,PROD97,USA
196,Accepted-In Progress,Value 43,19.067438549391195,Accepted,Medium,In Progress,Org line G3,,us,G199 3rd,PROD97,POLAND
196,Completed-Closed,Value 43,19.06743873270056,Completed,Medium,Closed,Org line G3,,us,G199 3rd,PROD97,POLAND
197,Accepted-In Progress,Value 46,18.854981914223973,Accepted,Medium,In Progress,Org line G3,,us,G199 3rd,PROD97,USA
197,Queued-Awaiting Assignment,Value 46,18.854985075078684,Queued,Medium,Awaiting Assignment,Org line G3,,us,G199 3rd,PROD97,USA
197,Accepted-In Progress,Value 74,18.854986422325194,Accepted,Medium,In Progress,Org line A2,A2_2,us,G21 2nd,PROD97,Sweden
197,Accepted-Assigned,Value 46,18.854987147764874,Accepted,Medium,Assigned,Org line A2,A2_2,us,G21 2nd,PROD97,USA
197,Accepted-In Progress,Value 43,19.070654996837995,Accepted,Medium,In Progress,Org line A2,A2_2,us,G21 2nd,PROD97,POLAND
197,Completed-Closed,Value 43,19.07065547713236,Completed,Medium,Closed,Org line A2,A2_2,us,G21 2nd,PROD97,POLAND
198,Accepted-In Progress,Value 46,18.856684698174,Accepted,Medium,In Progress,Org line G3,,us,G199 3rd,PROD96,USA
198,Queued-Awaiting Assignment,Value 46,18.85668892056214,Queued,Medium,Awaiting Assignment,Org line G3,,us,G199 3rd,PROD96,USA
198,Accepted-In Progress,Value 54,18.861071669441397,Accepted,Medium,In Progress,Org line G3,,us,G199 3rd,PROD96,Sweden
198,Accepted-Assigned,Value 46,18.86107170163063,Accepted,Medium,Assigned,Org line G3,,us,G199 3rd,PROD96,USA
198,Accepted-Assigned,Value 43,19.067433510989144,Accepted,Medium,Assigned,Org line G3,,us,G199 3rd,PROD96,POLAND
198,Accepted-In Progress,Value 43,19.06743351622658,Accepted,Medium,In Progress,Org line G3,,us,G199 3rd,PROD96,POLAND
198,Completed-Closed,Value 43,19.06743440659053,Completed,Medium,Closed,Org line G3,,us,G199 3rd,PROD96,POLAND
199,Accepted-In Progress,Value 118,18.856791720189722,Accepted,Major,In Progress,Org line C,E_3,be,G64 2nd,PROD436,France
199,Completed-Closed,Value 118,19.089395734509033,Completed,Major,Closed,Org line C,E_3,be,G64 2nd,PROD436,France
200,Accepted-In Progress,Value 133,18.857239365997025,Accepted,Medium,In Progress,Org line G4,,se,S33 2nd,PROD374,Sweden
200,Accepted-Wait,Value 133,18.880342233410335,Accepted,Medium,Wait,Org line G4,,se,S33 2nd,PROD374,Sweden
200,Accepted-In Progress,Value 133,18.88462553671171,Accepted,Medium,In Progress,Org line G4,,se,S33 2nd,PROD374,Sweden
200,Accepted-Wait,Value 133,18.933376110659097,Accepted,Medium,Wait,Org line G4,,se,S33 2nd,PROD374,Sweden
200,Completed-Closed,Value 133,19.065584175530905,Completed,Medium,Closed,Org line G4,,se,S33 2nd,PROD374,Sweden
201,Accepted-In Progress,Value 84,18.857703981176286,Accepted,Medium,In Progress,Org line C,E_7,se,G135 2nd,PROD310,Sweden
201,Queued-Awaiting Assignment,Value 84,18.85771753325017,Queued,Medium,Awaiting Assignment,Org line C,E_7,se,G135 2nd,PROD310,Sweden
201,Accepted-In Progress,Value 84,18.999981157824323,Accepted,Medium,In Progress,Org line C,E_7,se,G135 2nd,PROD310,Sweden
201,Accepted-Wait,Value 84,18.999981426763583,Accepted,Medium,Wait,Org line C,E_7,se,G135 2nd,PROD310,Sweden
201,Completed-Closed,Value 84,19.06836153124143,Completed,Medium,Closed,Org line C,E_7,se,G135 2nd,PROD310,Sweden
202,Accepted-In Progress,Value 46,18.857844221400295,Accepted,Medium,In Progress,Org line G3,,us,G199 3rd,PROD97,USA
202,Queued-Awaiting Assignment,Value 46,18.8582237634702,Queued,Medium,Awaiting Assignment,Org line G3,,us,G199 3rd,PROD97,USA
202,Accepted-In Progress,Value 74,18.858303494454415,Accepted,Medium,In Progress,Org line G3,,us,G199 3rd,PROD97,Sweden
202,Accepted-Assigned,Value 46,18.858304301415686,Accepted,Medium,Assigned,Org line G3,,us,G199 3rd,PROD97,USA
202,Accepted-In Progress,Value 43,19.07065744007215,Accepted,Medium,In Progress,Org line G3,,us,G199 3rd,PROD97,POLAND
202,Completed-Closed,Value 43,19.07065833279083,Completed,Medium,Closed,Org line G3,,us,G199 3rd,PROD97,POLAND
203,Accepted-In Progress,Value 60,18.860451422331927,Accepted,Medium,In Progress,Org line G4,,se,S30 2nd,PROD411,Sweden
203,Accepted-In Progress,Value 60,18.99372214650228,Accepted,Medium,In Progress,Org line G4,,se,S30 2nd,PROD411,Sweden
203,Accepted-Assigned,Value 134,19.06745045395548,Accepted,Medium,Assigned,Org line G4,,se,S30 2nd,PROD411,Sweden
203,Accepted-Wait,Value 134,19.06826586988622,Accepted,Medium,Wait,Org line G4,,se,S30 2nd,PROD411,Sweden
203,Completed-Closed,Value 134,19.06830040761613,Completed,Medium,Closed,Org line G4,,se,S30 2nd,PROD411,Sweden
204,Accepted-In Progress,Value 46,18.861046632340987,Accepted,Medium,In Progress,Org line G3,,us,G199 3rd,PROD97,USA
204,Queued-Awaiting Assignment,Value 46,18.86104972901813,Queued,Medium,Awaiting Assignment,Org line G3,,us,G199 3rd,PROD97,USA
204,Accepted-In Progress,Value 54,18.861070304616902,Accepted,Medium,In Progress,Org line G3,,us,G199 3rd,PROD97,Sweden
204,Accepted-Assigned,Value 46,18.86107033680618,Accepted,Medium,Assigned,Org line G3,,us,G199 3rd,PROD97,USA
204,Queued-Awaiting Assignment,Value 72,18.922539051248194,Queued,Medium,Awaiting Assignment,Org line A2,A2_2,us,G21 2nd,PROD97,Sweden
204,Accepted-Assigned,Value 73,18.922540334705094,Accepted,Medium,Assigned,Org line A2,A2_2,us,G21 2nd,PROD97,INDIA
204,Accepted-Wait,Value 73,18.9225492280475,Accepted,Medium,Wait,Org line A2,A2_2,us,G21 2nd,PROD97,INDIA
204,Accepted-Assigned,Value 56,18.92456133873821,Accepted,Medium,Assigned,Org line A2,A2_2,us,G21 2nd,PROD97,Sweden
204,Accepted-In Progress,Value 56,18.924564849026687,Accepted,Medium,In Progress,Org line A2,A2_2,us,G21 2nd,PROD97,Sweden
204,Accepted-Wait,Value 56,18.924565870089353,Accepted,Medium,Wait,Org line A2,A2_2,us,G21 2nd,PROD97,Sweden
204,Queued-Awaiting Assignment,Value 46,18.924609255226628,Queued,Medium,Awaiting Assignment,Org line G3,,us,G199 3rd,PROD97,USA
204,Accepted-In Progress,Value 78,18.924620444069653,Accepted,Medium,In Progress,Org line G3,,us,G199 3rd,PROD97,Sweden
204,Accepted-Assigned,Value 46,18.924620510525692,Accepted,Medium,Assigned,Org line G3,,us,G199 3rd,PROD97,USA
204,Accepted-In Progress,Value 43,19.070658452864045,Accepted,Medium,In Progress,Org line G3,,us,G199 3rd,PROD97,POLAND
204,Completed-Closed,Value 43,19.070658844407028,Completed,Medium,Closed,Org line G3,,us,G199 3rd,PROD97,POLAND
205,Accepted-In Progress,Value 135,18.861144614025235,Accepted,Medium,In Progress,Org line A2,A2_2,br,S2 2nd,PROD144,Brazil
205,Accepted-In Progress,Value 135,18.861145914374628,Accepted,Medium,In Progress,Org line A2,A2_2,br,S2 2nd,PROD144,Brazil
205,Accepted-Assigned,Value 135,19.042722507099285,Accepted,Medium,Assigned,Org line A2,A2_2,br,S2 2nd,PROD144,Brazil
205,Accepted-In Progress,Value 136,19.042723092262566,Accepted,Medium,In Progress,Org line A2,A2_2,br,S2 2nd,PROD144,Brazil
205,Accepted-Wait,Value 136,19.042723382159842,Accepted,Medium,Wait,Org line A2,A2_2,br,S2 2nd,PROD144,Brazil
205,Accepted-Assigned,Value 137,19.08092336360716,Accepted,Medium,Assigned,Org line A2,A2_2,br,S2 2nd,PROD144,Brazil
205,Accepted-Wait,Value 137,19.094214971826766,Accepted,Medium,Wait,Org line A2,A2_2,br,S2 2nd,PROD144,Brazil
205,Completed-Closed,Value 137,19.103471991463692,Completed,Medium,Closed,Org line A2,A2_2,br,S2 2nd,PROD144,Brazil
206,Accepted-In Progress,Value 115,18.86213765275395,Accepted,Medium,In Progress,Org line G4,,se,S28 2nd,PROD108,Sweden
206,Completed-Closed,Value 115,19.064738137460427,Completed,Medium,Closed,Org line G4,,se,S28 2nd,PROD108,Sweden
207,Accepted-In Progress,Value 138,18.86217772343746,Accepted,High,In Progress,Org line A2,A2_4,se,G105 2nd,PROD337,Sweden
207,Accepted-Wait,Value 138,18.86217797423591,Accepted,High,Wait,Org line A2,A2_4,se,G105 2nd,PROD337,Sweden
207,Completed-Closed,Value 138,19.05646936829227,Completed,High,Closed,Org line A2,A2_4,se,G105 2nd,PROD337,Sweden
208,Accepted-In Progress,Value 139,18.86219466183769,Accepted,Medium,In Progress,Org line G4,,se,S33 2nd,PROD374,Sweden
208,Accepted-Wait,Value 139,18.91374718887852,Accepted,Medium,Wait,Org line G4,,se,S33 2nd,PROD374,Sweden
208,Completed-Closed,Value 139,19.080951896807118,Completed,Medium,Closed,Org line G4,,se,S33 2nd,PROD374,Sweden
209,Accepted-In Progress,Value 46,18.86446174573169,Accepted,Medium,In Progress,Org line G3,,us,G199 3rd,PROD98,USA
209,Queued-Awaiting Assignment,Value 46,18.864462907037723,Queued,Medium,Awaiting Assignment,Org line G3,,us,G199 3rd,PROD98,USA
209,Accepted-In Progress,Value 78,18.865063544948832,Accepted,Medium,In Progress,Org line G3,,us,G199 3rd,PROD98,Sweden
209,Accepted-Assigned,Value 46,18.86506363471962,Accepted,Medium,Assigned,Org line G3,,us,G199 3rd,PROD98,USA
209,Accepted-In Progress,Value 43,19.06745605266549,Accepted,Medium,In Progress,Org line G3,,us,G199 3rd,PROD98,POLAND
209,Completed-Closed,Value 43,19.067458645135186,Completed,Medium,Closed,Org line G3,,us,G199 3rd,PROD98,POLAND
210,Accepted-In Progress,Value 46,18.8650889625832,Accepted,Medium,In Progress,Org line G3,,us,G199 3rd,PROD96,USA
210,Queued-Awaiting Assignment,Value 46,18.865094611571106,Queued,Medium,Awaiting Assignment,Org line G3,,us,G199 3rd,PROD96,USA
210,Accepted-In Progress,Value 78,18.866062726683328,Accepted,Medium,In Progress,Org line A2,A2_2,us,G21 2nd,PROD96,Sweden
210,Accepted-Assigned,Value 78,18.86606350178427,Accepted,Medium,Assigned,Org line A2,A2_2,us,G21 2nd,PROD96,Sweden
210,Accepted-Assigned,Value 46,18.86606350819006,Accepted,Medium,Assigned,Org line A2,A2_2,us,G21 2nd,PROD96,USA
210,Accepted-In Progress,Value 43,19.067435888782878,Accepted,Medium,In Progress,Org line A2,A2_2,us,G21 2nd,PROD96,POLAND
210,Completed-Closed,Value 43,19.067436250165134,Completed,Medium,Closed,Org line A2,A2_2,us,G21 2nd,PROD96,POLAND
211,Accepted-In Progress,Value 140,18.865550964877816,Accepted,High,In Progress,Org line C,E_4,us,G88 2nd,PROD219,Sweden
211,Accepted-Assigned,Value 140,18.865553727185095,Accepted,High,Assigned,Org line C,E_4,us,G88 2nd,PROD219,Sweden
211,Accepted-In Progress,Value 140,18.996095845682607,Accepted,High,In Progress,Org line C,E_4,us,G88 2nd,PROD219,Sweden
211,Completed-Closed,Value 140,19.095466026966424,Completed,High,Closed,Org line C,E_4,us,G88 2nd,PROD219,Sweden
212,Accepted-In Progress,Value 46,18.86610964162824,Accepted,Medium,In Progress,Org line G3,,us,G199 3rd,PROD97,USA
212,Queued-Awaiting Assignment,Value 46,18.86611107645806,Queued,Medium,Awaiting Assignment,Org line G3,,us,G199 3rd,PROD97,USA
212,Accepted-In Progress,Value 78,18.866122478157568,Accepted,Medium,In Progress,Org line G3,,us,G199 3rd,PROD97,Sweden
212,Accepted-Assigned,Value 46,18.86612295215799,Accepted,Medium,Assigned,Org line G3,,us,G199 3rd,PROD97,USA
212,Accepted-In Progress,Value 43,19.067493540694386,Accepted,Medium,In Progress,Org line G3,,us,G199 3rd,PROD97,POLAND
212,Completed-Closed,Value 43,19.06749355116863,Completed,Medium,Closed,Org line G3,,us,G199 3rd,PROD97,POLAND
213,Accepted-In Progress,Value 46,18.86651790217098,Accepted,Medium,In Progress,Org line G3,,us,G199 3rd,PROD98,USA
213,Queued-Awaiting Assignment,Value 46,18.866519810227487,Queued,Medium,Awaiting Assignment,Org line G3,,us,G199 3rd,PROD98,USA
213,Queued-Awaiting Assignment,Value 46,18.866519816630355,Queued,Medium,Awaiting Assignment,Org line G3,,us,G199 3rd,PROD98,USA
213,Accepted-In Progress,Value 78,18.866591026793124,Accepted,Medium,In Progress,Org line G3,,us,G199 3rd,PROD98,Sweden
213,Accepted-Assigned,Value 46,18.866591078012423,Accepted,Medium,Assigned,Org line G3,,us,G199 3rd,PROD98,USA
213,Queued-Awaiting Assignment,Value 72,18.92253514638099,Queued,Medium,Awaiting Assignment,Org line A2,A2_2,us,G21 2nd,PROD98,Sweden
213,Accepted-Assigned,Value 56,18.922535303786784,Accepted,Medium,Assigned,Org line A2,A2_2,us,G21 2nd,PROD98,Sweden
213,Accepted-In Progress,Value 56,18.92254540797614,Accepted,Medium,In Progress,Org line A2,A2_2,us,G21 2nd,PROD98,Sweden
213,Accepted-Wait,Value 56,18.9225460194307,Accepted,Medium,Wait,Org line A2,A2_2,us,G21 2nd,PROD98,Sweden
213,Accepted-In Progress,Value 56,18.9226310927255,Accepted,Medium,In Progress,Org line A2,A2_2,us,G21 2nd,PROD98,Sweden
213,Queued-Awaiting Assignment,Value 46,18.9226323034225,Queued,Medium,Awaiting Assignment,Org line G3,,us,G199 3rd,PROD98,USA
213,Accepted-In Progress,Value 74,18.923118909123854,Accepted,Medium,In Progress,Org line G3,,us,G199 3rd,PROD98,Sweden
213,Accepted-Assigned,Value 46,18.923119701743808,Accepted,Medium,Assigned,Org line G3,,us,G199 3rd,PROD98,USA
213,Accepted-In Progress,Value 43,19.06896844656413,Accepted,Medium,In Progress,Org line G3,,us,G199 3rd,PROD98,POLAND
213,Completed-Closed,Value 43,19.068969607491233,Completed,Medium,Closed,Org line G3,,us,G199 3rd,PROD98,POLAND
214,Queued-Awaiting Assignment,Value 58,18.868634220608065,Queued,Major,Awaiting Assignment,Org line G4,,se,G51 2nd,PROD798,Sweden
214,Queued-Awaiting Assignment,Value 141,18.889023469661133,Queued,Major,Awaiting Assignment,Org line A2,D_1,se,S52 2nd,PROD798,Korea
214,Accepted-Assigned,Value 142,18.90809786200973,Accepted,Major,Assigned,Org line A2,D_1,se,S52 2nd,PROD798,Korea
214,Queued-Awaiting Assignment,Value 58,18.962329591601055,Queued,Major,Awaiting Assignment,Org line G4,,se,G51 2nd,PROD798,Sweden
214,Accepted-In Progress,Value 59,18.962381450854796,Accepted,Major,In Progress,Org line G4,,se,G51 2nd,PROD798,Sweden
214,Completed-Closed,Value 59,19.06833229116154,Completed,Major,Closed,Org line G4,,se,G51 2nd,PROD798,Sweden
215,Accepted-In Progress,Value 29,18.868898161523553,Accepted,Medium,In Progress,Org line A2,A2_1,gb,G42 3rd,PROD235,United Kingdom
215,Accepted-Wait,Value 29,18.86889820623716,Accepted,Medium,Wait,Org line A2,A2_1,gb,G42 3rd,PROD235,United Kingdom
215,Accepted-Wait,Value 29,18.872071733960198,Accepted,Medium,Wait,Org line A2,A2_1,gb,G42 3rd,PROD235,United Kingdom
215,Accepted-In Progress,Value 29,18.885915011602844,Accepted,Medium,In Progress,Org line A2,A2_1,gb,G42 3rd,PROD235,United Kingdom
215,Accepted-Wait,Value 29,18.918821582931397,Accepted,Medium,Wait,Org line A2,A2_1,gb,G42 3rd,PROD235,United Kingdom
215,Accepted-In Progress,Value 29,18.92202556661884,Accepted,Medium,In Progress,Org line A2,A2_1,gb,G42 3rd,PROD235,United Kingdom
215,Accepted-Assigned,Value 29,18.965105785956325,Accepted,Medium,Assigned,Org line A2,A2_1,gb,G42 3rd,PROD235,United Kingdom
215,Accepted-Assigned,Value 77,18.98837998400733,Accepted,Medium,Assigned,Org line A2,A2_1,gb,G42 3rd,PROD235,United Kingdom
215,Accepted-In Progress,Value 77,19.00049896160527,Accepted,Medium,In Progress,Org line A2,A2_1,gb,G42 3rd,PROD235,United Kingdom
215,Accepted-In Progress,Value 143,19.115111720094006,Accepted,Medium,In Progress,Org line A2,A2_1,gb,G42 3rd,PROD235,United Kingdom
215,Completed-Closed,Value 143,19.115111989747568,Completed,Medium,Closed,Org line A2,A2_1,gb,G42 3rd,PROD235,United Kingdom
216,Accepted-In Progress,Value 46,18.869916065908047,Accepted,Medium,In Progress,Org line G3,,us,G199 3rd,PROD96,USA
216,Queued-Awaiting Assignment,Value 46,18.86992022003405,Queued,Medium,Awaiting Assignment,Org line G3,,us,G199 3rd,PROD96,USA
216,Accepted-In Progress,Value 78,18.869923117064086,Accepted,Medium,In Progress,Org line G3,,us,G199 3rd,PROD96,Sweden
216,Accepted-Assigned,Value 46,18.86992412527962,Accepted,Medium,Assigned,Org line G3,,us,G199 3rd,PROD96,USA
216,Accepted-In Progress,Value 43,19.07065889661275,Accepted,Medium,In Progress,Org line G3,,us,G199 3rd,PROD96,POLAND
216,Completed-Closed,Value 43,19.070660306166147,Completed,Medium,Closed,Org line G3,,us,G199 3rd,PROD96,POLAND
217,Accepted-In Progress,Value 62,18.872152800644486,Accepted,Medium,In Progress,Org line A2,A2_3,se,S35 2nd,PROD368,Sweden
217,Accepted-Wait,Value 62,18.8721546534113,Accepted,Medium,Wait,Org line A2,A2_3,se,S35 2nd,PROD368,Sweden
217,Accepted-In Progress,Value 62,18.964028818671643,Accepted,Medium,In Progress,Org line A2,A2_3,se,S35 2nd,PROD368,Sweden
217,Accepted-Wait,Value 62,18.96402891740771,Accepted,Medium,Wait,Org line A2,A2_3,se,S35 2nd,PROD368,Sweden
217,Accepted-Wait,Value 62,18.964029579519917,Accepted,Medium,Wait,Org line A2,A2_3,se,S35 2nd,PROD368,Sweden
217,Completed-Closed,Value 62,19.059268861196454,Completed,Medium,Closed,Org line A2,A2_3,se,S35 2nd,PROD368,Sweden
218,Accepted-In Progress,Value 46,18.87347851649783,Accepted,Medium,In Progress,Org line G3,,us,G199 3rd,PROD96,USA
218,Queued-Awaiting Assignment,Value 46,18.87348415644221,Queued,Medium,Awaiting Assignment,Org line G3,,us,G199 3rd,PROD96,USA
218,Accepted-In Progress,Value 78,18.873757258275635,Accepted,Medium,In Progress,Org line G3,,us,G199 3rd,PROD96,Sweden
218,Accepted-Assigned,Value 46,18.873758491473694,Accepted,Medium,Assigned,Org line G3,,us,G199 3rd,PROD96,USA
218,Accepted-In Progress,Value 43,19.070660374033483,Accepted,Medium,In Progress,Org line G3,,us,G199 3rd,PROD96,POLAND
218,Completed-Closed,Value 43,19.070661851452034,Completed,Medium,Closed,Org line G3,,us,G199 3rd,PROD96,POLAND
219,Accepted-In Progress,Value 46,18.873485529862407,Accepted,Medium,In Progress,Org line G3,,us,G199 3rd,PROD96,USA
219,Queued-Awaiting Assignment,Value 46,18.873485873217163,Queued,Medium,Awaiting Assignment,Org line G3,,us,G199 3rd,PROD96,USA
219,Accepted-In Progress,Value 78,18.873759991650722,Accepted,Medium,In Progress,Org line G3,,us,G199 3rd,PROD96,Sweden
219,Accepted-Assigned,Value 46,18.873760074287528,Accepted,Medium,Assigned,Org line G3,,us,G199 3rd,PROD96,USA
219,Accepted-In Progress,Value 43,19.070662498800818,Accepted,Medium,In Progress,Org line G3,,us,G199 3rd,PROD96,POLAND
219,Completed-Closed,Value 43,19.07066329754511,Completed,Medium,Closed,Org line G3,,us,G199 3rd,PROD96,POLAND
220,Accepted-In Progress,Value 62,18.8761512267688,Accepted,High,In Progress,Org line C,C_3,se,G91 3rd,PROD219,Sweden
220,Completed-Closed,Value 62,19.117362844314936,Completed,High,Closed,Org line C,C_3,se,G91 3rd,PROD219,Sweden
221,Accepted-In Progress,Value 132,18.877200016525467,Accepted,Medium,In Progress,Org line G4,,se,S33 2nd,PROD374,Sweden
221,Accepted-Wait,Value 132,18.936466774532896,Accepted,Medium,Wait,Org line G4,,se,S33 2nd,PROD374,Sweden
221,Completed-Closed,Value 132,19.05783732556985,Completed,Medium,Closed,Org line G4,,se,S33 2nd,PROD374,Sweden
222,Accepted-In Progress,Value 126,18.877588450968272,Accepted,Medium,In Progress,Org line A2,A2_3,se,U6 2nd,PROD831,Sweden
222,Completed-Closed,Value 126,19.058334791557442,Completed,Medium,Closed,Org line A2,A2_3,se,U6 2nd,PROD831,Sweden
223,Accepted-In Progress,Value 8,18.878207149125178,Accepted,Low,In Progress,Org line G4,,se,S33 2nd,PROD374,Sweden
223,Accepted-Wait,Value 8,18.878246669646774,Accepted,Low,Wait,Org line G4,,se,S33 2nd,PROD374,Sweden
223,Completed-Closed,Value 8,19.080967361853983,Completed,Low,Closed,Org line G4,,se,S33 2nd,PROD374,Sweden
224,Accepted-In Progress,Value 132,18.878218325142836,Accepted,Low,In Progress,Org line G4,,se,S33 2nd,PROD374,Sweden
224,Accepted-Wait,Value 132,18.936469156684247,Accepted,Low,Wait,Org line G4,,se,S33 2nd,PROD374,Sweden
224,Completed-Closed,Value 132,19.057841931353856,Completed,Low,Closed,Org line G4,,se,S33 2nd,PROD374,Sweden
225,Accepted-In Progress,Value 144,18.879801493906772,Accepted,High,In Progress,Org line C,V3_3,fr,V42 2nd,PROD157,France
225,Completed-Closed,Value 144,19.056609304742373,Completed,High,Closed,Org line C,V3_3,fr,V42 2nd,PROD157,France
226,Accepted-In Progress,Value 58,18.880333190326997,Accepted,Medium,In Progress,Org line G4,,se,G51 2nd,PROD821,Sweden
226,Queued-Awaiting Assignment,Value 58,18.88033735192369,Queued,Medium,Awaiting Assignment,Org line G4,,se,G51 2nd,PROD821,Sweden
226,Accepted-In Progress,Value 116,19.06832384026337,Accepted,Medium,In Progress,Org line G4,,se,G51 2nd,PROD821,Sweden
226,Completed-Closed,Value 116,19.081322997102767,Completed,Medium,Closed,Org line G4,,se,G51 2nd,PROD821,Sweden
227,Accepted-In Progress,Value 98,18.881453221923294,Accepted,High,In Progress,Org line A2,A2_3,se,G110 2nd,PROD539,Sweden
227,Queued-Awaiting Assignment,Value 98,18.881544651649918,Queued,High,Awaiting Assignment,Org line A2,A2_3,se,G110 2nd,PROD539,Sweden
227,Accepted-In Progress,Value 123,18.88204709784762,Accepted,High,In Progress,Org line A2,A2_3,se,M3 2nd,PROD539,Sweden
227,Accepted-In Progress,Value 129,18.88414613920346,Accepted,High,In Progress,Org line G4,,se,S30 2nd,PROD539,Sweden
227,Queued-Awaiting Assignment,Value 98,18.885368707547723,Queued,High,Awaiting Assignment,Org line A2,A2_3,se,G110 2nd,PROD539,Sweden
227,Accepted-In Progress,Value 39,19.099529964099272,Accepted,High,In Progress,Org line A2,A2_3,se,M3 2nd,PROD539,Sweden
227,Completed-Closed,Value 39,19.099530106115356,Completed,High,Closed,Org line A2,A2_3,se,M3 2nd,PROD539,Sweden
228,Accepted-In Progress,Value 139,18.88157616915659,Accepted,Medium,In Progress,Org line G4,,se,S33 2nd,PROD374,Sweden
228,Accepted-Wait,Value 139,18.913753943758298,Accepted,Medium,Wait,Org line G4,,se,S33 2nd,PROD374,Sweden
228,Completed-Closed,Value 139,19.089281823813547,Completed,Medium,Closed,Org line G4,,se,S33 2nd,PROD374,Sweden
229,Accepted-In Progress,Value 46,18.881994676911173,Accepted,Medium,In Progress,Org line G3,,us,G199 3rd,PROD96,USA
229,Queued-Awaiting Assignment,Value 46,18.881996820454944,Queued,Medium,Awaiting Assignment,Org line G3,,us,G199 3rd,PROD96,USA
229,Accepted-In Progress,Value 78,18.88200066621313,Accepted,Medium,In Progress,Org line G3,,us,G199 3rd,PROD96,Sweden
229,Accepted-Assigned,Value 46,18.88200192711424,Accepted,Medium,Assigned,Org line G3,,us,G199 3rd,PROD96,USA
229,Accepted-In Progress,Value 43,19.069337495966685,Accepted,Medium,In Progress,Org line G3,,us,G199 3rd,PROD96,POLAND
229,Completed-Closed,Value 43,19.069356952438795,Completed,Medium,Closed,Org line G3,,us,G199 3rd,PROD96,POLAND
230,Accepted-In Progress,Value 41,18.8836048410936,Accepted,Medium,In Progress,Org line A2,A2_3,se,G349 3rd,PROD80,Sweden
230,Accepted-Wait,Value 41,19.046816486902355,Accepted,Medium,Wait,Org line A2,A2_3,se,G349 3rd,PROD80,Sweden
230,Completed-Closed,Value 41,19.094196421373557,Completed,Medium,Closed,Org line A2,A2_3,se,G349 3rd,PROD80,Sweden
231,Accepted-In Progress,Value 8,18.884678869958538,Accepted,Medium,In Progress,Org line C,C_6,se,G141 3rd,PROD660,Sweden
231,Accepted-Assigned,Value 8,18.93597836740532,Accepted,Medium,Assigned,Org line C,C_6,se,G141 3rd,PROD660,Sweden
231,Accepted-In Progress,Value 8,18.96550265730626,Accepted,Medium,In Progress,Org line C,C_6,se,G141 3rd,PROD660,Sweden
231,Completed-Closed,Value 8,18.96550266310571,Completed,Medium,Closed,Org line C,C_6,se,G141 3rd,PROD660,Sweden
231,Accepted-In Progress,Value 76,19.04275547971089,Accepted,Medium,In Progress,Org line C,C_6,se,G141 3rd,PROD660,Sweden
231,Accepted-Assigned,Value 106,19.042756204430457,Accepted,Medium,Assigned,Org line C,C_6,se,G141 3rd,PROD660,Sweden
231,Accepted-In Progress,Value 106,19.043092337163525,Accepted,Medium,In Progress,Org line C,C_6,se,G141 3rd,PROD660,Sweden
231,Accepted-Wait,Value 106,19.055190321328663,Accepted,Medium,Wait,Org line C,C_6,se,G141 3rd,PROD660,Sweden
231,Completed-Closed,Value 106,19.11078181482732,Completed,Medium,Closed,Org line C,C_6,se,G141 3rd,PROD660,Sweden
232,Accepted-In Progress,Value 41,18.885209456908015,Accepted,Medium,In Progress,Org line A2,A2_3,se,G349 3rd,PROD750,Sweden
232,Accepted-Wait,Value 41,19.046816396011195,Accepted,Medium,Wait,Org line A2,A2_3,se,G349 3rd,PROD750,Sweden
232,Completed-Closed,Value 41,19.119807312289637,Completed,Medium,Closed,Org line A2,A2_3,se,G349 3rd,PROD750,Sweden
233,Accepted-In Progress,Value 46,18.88743036590424,Accepted,Medium,In Progress,Org line G3,,us,G199 3rd,PROD97,USA
233,Accepted-Wait,Value 46,18.887431714033028,Accepted,Medium,Wait,Org line G3,,us,G199 3rd,PROD97,USA
233,Queued-Awaiting Assignment,Value 46,18.88744968472967,Queued,Medium,Awaiting Assignment,Org line G3,,us,G199 3rd,PROD97,USA
233,Accepted-In Progress,Value 74,18.88745207369189,Accepted,Medium,In Progress,Org line G3,,us,G199 3rd,PROD97,Sweden
233,Accepted-Assigned,Value 46,18.887453346548693,Accepted,Medium,Assigned,Org line G3,,us,G199 3rd,PROD97,USA
233,Accepted-In Progress,Value 43,19.06896747389444,Accepted,Medium,In Progress,Org line G3,,us,G199 3rd,PROD97,POLAND
233,Completed-Closed,Value 43,19.06896820078209,Completed,Medium,Closed,Org line G3,,us,G199 3rd,PROD97,POLAND
234,Accepted-In Progress,Value 46,18.887981241778068,Accepted,Medium,In Progress,Org line G3,,us,G199 3rd,PROD96,USA
234,Queued-Awaiting Assignment,Value 46,18.887982526495314,Queued,Medium,Awaiting Assignment,Org line G3,,us,G199 3rd,PROD96,USA
234,Accepted-In Progress,Value 74,18.887986437039118,Accepted,Medium,In Progress,Org line G3,,us,G199 3rd,PROD96,Sweden
234,Accepted-Assigned,Value 46,18.88798727680134,Accepted,Medium,Assigned,Org line G3,,us,G199 3rd,PROD96,USA
234,Accepted-In Progress,Value 43,19.07066457135822,Accepted,Medium,In Progress,Org line G3,,us,G199 3rd,PROD96,POLAND
234,Completed-Closed,Value 43,19.070666962363685,Completed,Medium,Closed,Org line G3,,us,G199 3rd,PROD96,POLAND
235,Accepted-In Progress,Value 46,18.88836235439787,Accepted,Medium,In Progress,Org line G3,,us,G199 3rd,PROD97,USA
235,Queued-Awaiting Assignment,Value 46,18.888364171109767,Queued,Medium,Awaiting Assignment,Org line G3,,us,G199 3rd,PROD97,USA
235,Accepted-In Progress,Value 74,18.88849993905816,Accepted,Medium,In Progress,Org line G3,,us,G199 3rd,PROD97,Sweden
235,Accepted-Assigned,Value 46,18.888501210581882,Accepted,Medium,Assigned,Org line G3,,us,G199 3rd,PROD97,USA
235,Accepted-In Progress,Value 43,19.07066192453982,Accepted,Medium,In Progress,Org line G3,,us,G199 3rd,PROD97,POLAND
235,Completed-Closed,Value 43,19.070662441374733,Completed,Medium,Closed,Org line G3,,us,G199 3rd,PROD97,POLAND
236,Accepted-In Progress,Value 145,18.888454914801617,Accepted,Medium,In Progress,Org line C,E_10,se,G271 2nd,PROD154,Sweden
236,Queued-Awaiting Assignment,Value 145,18.888536862697187,Queued,Medium,Awaiting Assignment,Org line C,E_10,se,G271 2nd,PROD154,Sweden
236,Queued-Awaiting Assignment,Value 44,18.889024533926744,Queued,Medium,Awaiting Assignment,Org line C,C_6,se,G273 3rd,PROD154,Sweden
236,Accepted-In Progress,Value 146,18.88963058691031,Accepted,Medium,In Progress,Org line C,C_6,se,G290 3rd,PROD154,Belgium
236,Accepted-In Progress,Value 146,18.889630655732795,Accepted,Medium,In Progress,Org line C,C_6,se,G290 3rd,PROD154,Belgium
236,Accepted-Wait,Value 146,18.889633145852198,Accepted,Medium,Wait,Org line C,C_6,se,G290 3rd,PROD154,Belgium
236,Queued-Awaiting Assignment,Value 147,19.002530928326532,Queued,Medium,Awaiting Assignment,Org line C,C_6,se,G270 3rd,PROD154,France
236,Accepted-In Progress,Value 148,19.003342186199166,Accepted,Medium,In Progress,Org line C,C_6,se,G270 3rd,PROD154,France
236,Queued-Awaiting Assignment,Value 104,19.003343275098484,Queued,Medium,Awaiting Assignment,Org line C,C_6,se,G290 3rd,PROD154,Sweden
236,Queued-Awaiting Assignment,Value 147,19.00386932607788,Queued,Medium,Awaiting Assignment,Org line C,C_6,se,G270 3rd,PROD154,France
236,Accepted-Assigned,Value 149,19.03627527240892,Accepted,Medium,Assigned,Org line C,C_6,se,G270 3rd,PROD154,Brazil
236,Accepted-Assigned,Value 150,19.038521471390172,Accepted,Medium,Assigned,Org line C,C_6,se,G270 3rd,PROD154,USA
236,Queued-Awaiting Assignment,Value 151,19.06886570963741,Queued,Medium,Awaiting Assignment,Org line A2,A2_1,se,J2 2nd,PROD154,Sweden
236,Accepted-In Progress,Value 151,19.07055176996168,Accepted,Medium,In Progress,Org line A2,A2_1,se,J2 2nd,PROD154,Sweden
236,Accepted-Wait,Value 151,19.07059154374752,Accepted,Medium,Wait,Org line A2,A2_1,se,J2 2nd,PROD154,Sweden
236,Completed-Closed,Value 151,19.08716842198651,Completed,Medium,Closed,Org line A2,A2_1,se,J2 2nd,PROD154,Sweden
237,Accepted-In Progress,Value 152,18.888984278856338,Accepted,Low,In Progress,Org line C,V3_2,fr,G96,PROD642,INDIA
237,Accepted-Assigned,Value 152,18.996081046952217,Accepted,Low,Assigned,Org line C,V3_2,fr,G96,PROD642,INDIA
237,Accepted-Wait,Value 152,18.99845514186109,Accepted,Low,Wait,Org line C,V3_2,fr,G96,PROD642,INDIA
237,Completed-Closed,Value 152,19.003318643347555,Completed,Low,Closed,Org line C,V3_2,fr,G96,PROD642,INDIA
237,Accepted-In Progress,Value 153,19.035990586139885,Accepted,Low,In Progress,Org line C,V3_2,fr,G96,PROD642,China
237,Queued-Awaiting Assignment,Value 154,19.035991034732714,Queued,Low,Awaiting Assignment,Org line C,E_6,fr,G130 3rd,PROD642,France
237,Accepted-In Progress,Value 152,19.036038606049203,Accepted,Low,In Progress,Org line C,E_8,fr,G181 2nd,PROD642,INDIA
237,Accepted-Wait,Value 152,19.036038670902897,Accepted,Low,Wait,Org line C,E_8,fr,G181 2nd,PROD642,INDIA
237,Queued-Awaiting Assignment,Value 155,19.03606693049918,Queued,Low,Awaiting Assignment,Org line C,V3_2,fr,G97,PROD642,POLAND
237,Queued-Awaiting Assignment,Value 156,19.039821411057634,Queued,Low,Awaiting Assignment,Org line C,E_8,fr,G181 2nd,PROD642,INDIA
237,Accepted-In Progress,Value 152,19.068337691326562,Accepted,Low,In Progress,Org line C,E_8,fr,G181 2nd,PROD642,INDIA
237,Queued-Awaiting Assignment,Value 154,19.068337827376855,Queued,Low,Awaiting Assignment,Org line C,E_6,fr,G130 3rd,PROD642,France
237,Accepted-In Progress,Value 152,19.068337832609558,Accepted,Low,In Progress,Org line C,E_8,fr,G181 2nd,PROD642,INDIA
237,Queued-Awaiting Assignment,Value 154,19.068337921565508,Queued,Low,Awaiting Assignment,Org line C,E_6,fr,G130 3rd,PROD642,France
237,Accepted-In Progress,Value 157,19.076771695172926,Accepted,Low,In Progress,Org line C,E_6,fr,G130 3rd,PROD642,INDIA
237,Accepted-Wait,Value 157,19.07678800330275,Accepted,Low,Wait,Org line C,E_6,fr,G130 3rd,PROD642,INDIA
237,Queued-Awaiting Assignment,Value 155,19.077294694040187,Queued,Low,Awaiting Assignment,Org line C,V3_2,fr,G97,PROD642,POLAND
237,Accepted-In Progress,Value 155,19.077339215235575,Accepted,Low,In Progress,Org line C,V3_2,fr,G96,PROD642,POLAND
237,Queued-Awaiting Assignment,Value 154,19.077339982735598,Queued,Low,Awaiting Assignment,Org line C,E_6,fr,G130 3rd,PROD642,France
237,Accepted-In Progress,Value 157,19.077345267060995,Accepted,Low,In Progress,Org line C,E_6,fr,G130 3rd,PROD642,INDIA
237,Completed-Closed,Value 157,19.07734703022518,Completed,Low,Closed,Org line C,E_6,fr,G130 3rd,PROD642,INDIA
237,Accepted-In Progress,Value 84,19.07772769717496,Accepted,Low,In Progress,Org line C,V3_2,fr,G97,PROD642,China
237,Queued-Awaiting Assignment,Value 154,19.077728635442096,Queued,Low,Awaiting Assignment,Org line C,E_6,fr,G130 3rd,PROD642,France
237,Accepted-In Progress,Value 157,19.0777828098047,Accepted,Low,In Progress,Org line B,,fr,B4 2nd,PROD642,INDIA
237,Queued-Awaiting Assignment,Value 154,19.077783100081387,Queued,Low,Awaiting Assignment,Org line C,E_6,fr,G130 3rd,PROD642,France
237,Accepted-In Progress,Value 157,19.07778332815587,Accepted,Low,In Progress,Org line C,E_6,fr,G130 3rd,PROD642,INDIA
237,Accepted-Assigned,Value 88,19.077783478477663,Accepted,Low,Assigned,Org line C,E_6,fr,G130 3rd,PROD642,China
237,Accepted-Wait,Value 88,19.080081515973724,Accepted,Low,Wait,Org line C,E_6,fr,G130 3rd,PROD642,China
237,Completed-Closed,Value 88,19.099741216082535,Completed,Low,Closed,Org line C,E_6,fr,G130 3rd,PROD642,China
238,Accepted-In Progress,Value 8,18.88965083928588,Accepted,High,In Progress,Org line G4,,se,S33 2nd,PROD374,Sweden
238,Accepted-Wait,Value 8,18.90942813740049,Accepted,High,Wait,Org line G4,,se,S33 2nd,PROD374,Sweden
238,Completed-Closed,Value 8,19.080948574348533,Completed,High,Closed,Org line G4,,se,S33 2nd,PROD374,Sweden
239,Accepted-In Progress,Value 139,18.891851641675103,Accepted,Medium,In Progress,Org line G4,,se,S33 2nd,PROD374,Sweden
239,Accepted-Wait,Value 139,18.913752703942013,Accepted,Medium,Wait,Org line G4,,se,S33 2nd,PROD374,Sweden
239,Completed-Closed,Value 139,19.07427254936595,Completed,Medium,Closed,Org line G4,,se,S33 2nd,PROD374,Sweden
240,Accepted-In Progress,Value 57,18.892749720149983,Accepted,Low,In Progress,Org line A2,A2_3,se,U6 2nd,PROD829,Sweden
240,Accepted-In Progress,Value 57,19.07153283510369,Accepted,Low,In Progress,Org line A2,A2_3,se,U6 2nd,PROD829,Sweden
240,Completed-Closed,Value 57,19.071533408864774,Completed,Low,Closed,Org line A2,A2_3,se,U6 2nd,PROD829,Sweden
241,Accepted-In Progress,Value 81,18.892862761286953,Accepted,Medium,In Progress,Org line C,C_6,se,G261 3rd,PROD424,Sweden
241,Queued-Awaiting Assignment,Value 81,18.89557470227272,Queued,Medium,Awaiting Assignment,Org line C,C_6,se,G261 3rd,PROD424,Sweden
241,Accepted-In Progress,Value 42,18.895587066582276,Accepted,Medium,In Progress,Org line C,C_6,se,G261 3rd,PROD424,Sweden
241,Accepted-Wait,Value 42,18.89977585143203,Accepted,Medium,Wait,Org line C,C_6,se,G261 3rd,PROD424,Sweden
241,Completed-Closed,Value 42,19.068792618531315,Completed,Medium,Closed,Org line C,C_6,se,G261 3rd,PROD424,Sweden
242,Accepted-In Progress,Value 60,18.892911634758587,Accepted,Medium,In Progress,Org line G4,,se,S30 2nd,PROD412,Sweden
242,Accepted-In Progress,Value 60,19.077390014169122,Accepted,Medium,In Progress,Org line G4,,se,S30 2nd,PROD412,Sweden
242,Completed-Closed,Value 60,19.07739002454022,Completed,Medium,Closed,Org line G4,,se,S30 2nd,PROD412,Sweden
243,Accepted-In Progress,Value 46,18.89599359182123,Accepted,Medium,In Progress,Org line G3,,us,G199 3rd,PROD96,USA
243,Queued-Awaiting Assignment,Value 46,18.895998472079995,Queued,Medium,Awaiting Assignment,Org line G3,,us,G199 3rd,PROD96,USA
243,Accepted-In Progress,Value 78,18.896027560414932,Accepted,Medium,In Progress,Org line G3,,us,G199 3rd,PROD96,Sweden
243,Accepted-Assigned,Value 46,18.896027616365178,Accepted,Medium,Assigned,Org line G3,,us,G199 3rd,PROD96,USA
243,Accepted-In Progress,Value 43,19.06743273061067,Accepted,Medium,In Progress,Org line G3,,us,G199 3rd,PROD96,POLAND
243,Completed-Closed,Value 43,19.06743341147783,Completed,Medium,Closed,Org line G3,,us,G199 3rd,PROD96,POLAND
244,Accepted-In Progress,Value 68,18.896099770926806,Accepted,Medium,In Progress,Org line A2,A2_2,pl,W8 2nd,PROD703,POLAND
244,Accepted-Wait,Value 68,19.02353637727798,Accepted,Medium,Wait,Org line A2,A2_2,pl,W8 2nd,PROD703,POLAND
244,Completed-Closed,Value 68,19.1024665781448,Completed,Medium,Closed,Org line A2,A2_2,pl,W8 2nd,PROD703,POLAND
245,Accepted-In Progress,Value 158,18.89616819701334,Accepted,Low,In Progress,Org line A2,A2_3,pl,N26 2nd,PROD791,POLAND
245,Accepted-Assigned,Value 158,18.8966058814115,Accepted,Low,Assigned,Org line A2,A2_3,pl,N26 2nd,PROD791,POLAND
245,Accepted-Assigned,Value 158,18.92883650480412,Accepted,Low,Assigned,Org line A2,A2_3,pl,N26 2nd,PROD791,POLAND
245,Accepted-Wait,Value 159,18.92888887306614,Accepted,Low,Wait,Org line A2,A2_3,pl,N26 2nd,PROD791,POLAND
245,Accepted-Wait,Value 159,18.991659313136495,Accepted,Low,Wait,Org line A2,A2_3,pl,N26 2nd,PROD791,POLAND
245,Accepted-Assigned,Value 160,19.016318403429054,Accepted,Low,Assigned,Org line A2,A2_3,pl,N26 2nd,PROD791,POLAND
245,Accepted-Wait,Value 160,19.04177351236016,Accepted,Low,Wait,Org line A2,A2_3,pl,N26 2nd,PROD791,POLAND
245,Accepted-Wait,Value 160,19.059668051727794,Accepted,Low,Wait,Org line A2,A2_3,pl,N26 2nd,PROD791,POLAND
245,Completed-Closed,Value 160,19.06203128767973,Completed,Low,Closed,Org line A2,A2_3,pl,N26 2nd,PROD791,POLAND
246,Accepted-In Progress,Value 46,18.89700458352538,Accepted,Medium,In Progress,Org line G3,,us,G199 3rd,PROD97,USA
246,Queued-Awaiting Assignment,Value 46,18.89700690629578,Queued,Medium,Awaiting Assignment,Org line G3,,us,G199 3rd,PROD97,USA
246,Accepted-In Progress,Value 78,18.897104377050866,Accepted,Medium,In Progress,Org line G3,,us,G199 3rd,PROD97,Sweden
246,Accepted-Assigned,Value 46,18.897104519880934,Accepted,Medium,Assigned,Org line G3,,us,G199 3rd,PROD97,USA
246,Accepted-In Progress,Value 43,19.070766606870194,Accepted,Medium,In Progress,Org line G3,,us,G199 3rd,PROD97,POLAND
246,Completed-Closed,Value 43,19.070766977490802,Completed,Medium,Closed,Org line G3,,us,G199 3rd,PROD97,POLAND
247,Accepted-In Progress,Value 46,18.897009564432825,Accepted,Medium,In Progress,Org line G3,,us,G199 3rd,PROD97,USA
247,Queued-Awaiting Assignment,Value 46,18.897011166764358,Queued,Medium,Awaiting Assignment,Org line G3,,us,G199 3rd,PROD97,USA
247,Accepted-In Progress,Value 78,18.897105786720665,Accepted,Medium,In Progress,Org line G3,,us,G199 3rd,PROD97,Sweden
247,Accepted-Assigned,Value 46,18.89710583019063,Accepted,Medium,Assigned,Org line G3,,us,G199 3rd,PROD97,USA
247,Accepted-In Progress,Value 43,19.067438355606967,Accepted,Medium,In Progress,Org line G3,,us,G199 3rd,PROD97,POLAND
247,Completed-Closed,Value 43,19.067438434168146,Completed,Medium,Closed,Org line G3,,us,G199 3rd,PROD97,POLAND
248,Accepted-In Progress,Value 46,18.897122857850515,Accepted,Medium,In Progress,Org line G3,,us,G199 3rd,PROD97,USA
248,Queued-Awaiting Assignment,Value 46,18.897124584198096,Queued,Medium,Awaiting Assignment,Org line G3,,us,G199 3rd,PROD97,USA
248,Accepted-In Progress,Value 78,18.897129191916967,Accepted,Medium,In Progress,Org line G3,,us,G199 3rd,PROD97,Sweden
248,Accepted-Assigned,Value 46,18.897129583137403,Accepted,Medium,Assigned,Org line G3,,us,G199 3rd,PROD97,USA
248,Queued-Awaiting Assignment,Value 72,19.01743769416332,Queued,Medium,Awaiting Assignment,Org line A2,A2_2,us,G21 2nd,PROD97,Sweden
248,Accepted-In Progress,Value 78,19.017437798776243,Accepted,Medium,In Progress,Org line A2,A2_2,us,G21 2nd,PROD97,Sweden
248,Accepted-Assigned,Value 79,19.017437837317843,Accepted,Medium,Assigned,Org line A2,A2_2,us,G21 2nd,PROD97,Sweden
248,Accepted-Wait,Value 79,19.020643078086113,Accepted,Medium,Wait,Org line A2,A2_2,us,G21 2nd,PROD97,Sweden
248,Queued-Awaiting Assignment,Value 46,19.030536816912672,Queued,Medium,Awaiting Assignment,Org line G3,,us,G199 3rd,PROD97,USA
248,Accepted-In Progress,Value 43,19.070741440887524,Accepted,Medium,In Progress,Org line G3,,us,G199 3rd,PROD97,POLAND
248,Completed-Closed,Value 43,19.07074244837421,Completed,Medium,Closed,Org line G3,,us,G199 3rd,PROD97,POLAND
249,Accepted-In Progress,Value 46,18.898631684494823,Accepted,Medium,In Progress,Org line G3,,us,G199 3rd,PROD97,USA
249,Queued-Awaiting Assignment,Value 46,18.89863614886369,Queued,Medium,Awaiting Assignment,Org line G3,,us,G199 3rd,PROD97,USA
249,Accepted-In Progress,Value 74,18.898752655643364,Accepted,Medium,In Progress,Org line G3,,us,G199 3rd,PROD97,Sweden
249,Accepted-Assigned,Value 46,18.898753343818278,Accepted,Medium,Assigned,Org line G3,,us,G199 3rd,PROD97,USA
249,Accepted-In Progress,Value 43,19.070744155357115,Accepted,Medium,In Progress,Org line G3,,us,G199 3rd,PROD97,POLAND
249,Completed-Closed,Value 43,19.070746911580237,Completed,Medium,Closed,Org line G3,,us,G199 3rd,PROD97,POLAND
250,Accepted-In Progress,Value 161,18.898693024418762,Accepted,Low,In Progress,Org line A2,A2_4,us,L23 3rd,PROD546,Sweden
250,Accepted-Wait,Value 161,19.042726103969077,Accepted,Low,Wait,Org line A2,A2_4,us,L23 3rd,PROD546,Sweden
250,Completed-Closed,Value 161,19.05469625861986,Completed,Low,Closed,Org line A2,A2_4,us,L23 3rd,PROD546,Sweden
251,Accepted-In Progress,Value 46,18.899360718371074,Accepted,Medium,In Progress,Org line G3,,us,G199 3rd,PROD96,USA
251,Queued-Awaiting Assignment,Value 46,18.89936192039579,Queued,Medium,Awaiting Assignment,Org line G3,,us,G199 3rd,PROD96,USA
251,Accepted-In Progress,Value 74,18.899362211607745,Accepted,Medium,In Progress,Org line G3,,us,G199 3rd,PROD96,Sweden
251,Accepted-Assigned,Value 46,18.899363333082782,Accepted,Medium,Assigned,Org line G3,,us,G199 3rd,PROD96,USA
251,Accepted-In Progress,Value 74,18.906717650510085,Accepted,Medium,In Progress,Org line G3,,us,G199 3rd,PROD96,Sweden
251,Queued-Awaiting Assignment,Value 72,18.906717921136053,Queued,Medium,Awaiting Assignment,Org line A2,A2_2,us,G21 2nd,PROD96,Sweden
251,Accepted-Assigned,Value 56,18.906718296321937,Accepted,Medium,Assigned,Org line A2,A2_2,us,G21 2nd,PROD96,Sweden
251,Accepted-Wait,Value 56,18.906763311455723,Accepted,Medium,Wait,Org line A2,A2_2,us,G21 2nd,PROD96,Sweden
251,Queued-Awaiting Assignment,Value 46,18.924622921064415,Queued,Medium,Awaiting Assignment,Org line G3,,us,G199 3rd,PROD96,USA
251,Accepted-In Progress,Value 74,18.924859506197,Accepted,Medium,In Progress,Org line G3,,us,G199 3rd,PROD96,Sweden
251,Accepted-Assigned,Value 46,18.92485957263715,Accepted,Medium,Assigned,Org line G3,,us,G199 3rd,PROD96,USA
251,Accepted-In Progress,Value 43,19.067456194073102,Accepted,Medium,In Progress,Org line G3,,us,G199 3rd,PROD96,POLAND
251,Completed-Closed,Value 43,19.067456838263077,Completed,Medium,Closed,Org line G3,,us,G199 3rd,PROD96,POLAND
252,Accepted-In Progress,Value 162,18.89935216164823,Accepted,Medium,In Progress,Org line A2,D_1,in,L50 3rd,PROD611,Sweden
252,Completed-Closed,Value 162,19.05647987386891,Completed,Medium,Closed,Org line A2,D_1,in,L50 3rd,PROD611,Sweden
253,Accepted-In Progress,Value 132,18.899778403124316,Accepted,High,In Progress,Org line G4,,se,S33 2nd,PROD374,Sweden
253,Accepted-Wait,Value 132,18.936465944659286,Accepted,High,Wait,Org line G4,,se,S33 2nd,PROD374,Sweden
253,Completed-Closed,Value 132,19.08403189913558,Completed,High,Closed,Org line G4,,se,S33 2nd,PROD374,Sweden
254,Accepted-In Progress,Value 15,18.899896399393228,Accepted,Low,In Progress,Org line G4,,se,S28 2nd,PROD633,Sweden
254,Accepted-In Progress,Value 15,18.901958864092983,Accepted,Low,In Progress,Org line G4,,se,S28 2nd,PROD633,Sweden
254,Accepted-Wait,Value 15,19.04321527045702,Accepted,Low,Wait,Org line G4,,se,S28 2nd,PROD633,Sweden
254,Completed-Closed,Value 15,19.06841314930271,Completed,Low,Closed,Org line G4,,se,S28 2nd,PROD633,Sweden
255,Accepted-In Progress,Value 108,18.899944633086267,Accepted,Medium,In Progress,Org line G4,,se,S33 2nd,PROD374,Sweden
255,Accepted-In Progress,Value 108,18.899947388696255,Accepted,Medium,In Progress,Org line G4,,se,S33 2nd,PROD374,Sweden
255,Accepted-Wait,Value 108,18.936504470367655,Accepted,Medium,Wait,Org line G4,,se,S33 2nd,PROD374,Sweden
255,Queued-Awaiting Assignment,Value 108,18.99850503770661,Queued,Medium,Awaiting Assignment,Org line G4,,se,S33 2nd,PROD374,Sweden
255,Accepted-Assigned,Value 76,19.020082535783597,Accepted,Medium,Assigned,Org line G4,,se,S33 2nd,PROD374,Sweden
255,Accepted-Wait,Value 76,19.057227355636158,Accepted,Medium,Wait,Org line G4,,se,S33 2nd,PROD374,Sweden
255,Completed-Closed,Value 76,19.06514085727821,Completed,Medium,Closed,Org line G4,,se,S33 2nd,PROD374,Sweden
256,Accepted-In Progress,Value 132,18.901042306613622,Accepted,Medium,In Progress,Org line G4,,se,S33 2nd,PROD374,Sweden
256,Accepted-Wait,Value 132,18.936466995434387,Accepted,Medium,Wait,Org line G4,,se,S33 2nd,PROD374,Sweden
256,Accepted-Wait,Value 132,19.057838547082945,Accepted,Medium,Wait,Org line G4,,se,S33 2nd,PROD374,Sweden
256,Completed-Closed,Value 132,19.057838552370875,Completed,Medium,Closed,Org line G4,,se,S33 2nd,PROD374,Sweden
257,Accepted-In Progress,Value 162,18.902556513370403,Accepted,Medium,In Progress,Org line A2,D_1,in,L50 3rd,PROD611,Sweden
257,Completed-Closed,Value 162,19.055158816619088,Completed,Medium,Closed,Org line A2,D_1,in,L50 3rd,PROD611,Sweden
258,Accepted-In Progress,Value 163,18.903628140039967,Accepted,High,In Progress,Org line A2,A2_5,fr,V5 3rd,PROD230,France
258,Completed-Closed,Value 163,19.059234422002575,Completed,High,Closed,Org line A2,A2_5,fr,V5 3rd,PROD230,France
259,Accepted-In Progress,Value 163,18.90362835597674,Accepted,High,In Progress,Org line A2,A2_5,fr,V5 3rd,PROD230,France
259,Completed-Closed,Value 163,19.059234754677554,Completed,High,Closed,Org line A2,A2_5,fr,V5 3rd,PROD230,France
260,Accepted-In Progress,Value 46,18.904056374395456,Accepted,Medium,In Progress,Org line G3,,us,G199 3rd,PROD97,USA
260,Queued-Awaiting Assignment,Value 46,18.90405823682207,Queued,Medium,Awaiting Assignment,Org line G3,,us,G199 3rd,PROD97,USA
260,Accepted-In Progress,Value 74,18.90406207883688,Accepted,Medium,In Progress,Org line G3,,us,G199 3rd,PROD97,Sweden
260,Accepted-Assigned,Value 46,18.904062337848583,Accepted,Medium,Assigned,Org line G3,,us,G199 3rd,PROD97,USA
260,Accepted-In Progress,Value 43,19.080985983664533,Accepted,Medium,In Progress,Org line G3,,us,G199 3rd,PROD97,POLAND
260,Completed-Closed,Value 43,19.080986469356393,Completed,Medium,Closed,Org line G3,,us,G199 3rd,PROD97,POLAND
261,Accepted-In Progress,Value 46,18.90409607663287,Accepted,Medium,In Progress,Org line G3,,us,G199 3rd,PROD97,USA
261,Queued-Awaiting Assignment,Value 46,18.90409747031434,Queued,Medium,Awaiting Assignment,Org line G3,,us,G199 3rd,PROD97,USA
261,Accepted-In Progress,Value 74,18.904099042828708,Accepted,Medium,In Progress,Org line G3,,us,G199 3rd,PROD97,Sweden
261,Accepted-Assigned,Value 46,18.904099647166905,Accepted,Medium,Assigned,Org line G3,,us,G199 3rd,PROD97,USA
261,Accepted-In Progress,Value 43,19.067439764469803,Accepted,Medium,In Progress,Org line G3,,us,G199 3rd,PROD97,POLAND
261,Completed-Closed,Value 43,19.067439963491157,Completed,Medium,Closed,Org line G3,,us,G199 3rd,PROD97,POLAND
262,Accepted-In Progress,Value 8,18.9062303988588,Accepted,High,In Progress,Org line G4,,se,S33 2nd,PROD374,Sweden
262,Completed-Closed,Value 8,19.065595908049463,Completed,High,Closed,Org line G4,,se,S33 2nd,PROD374,Sweden
263,Accepted-In Progress,Value 164,18.906231340357422,Accepted,Medium,In Progress,Org line G4,,se,S33 2nd,PROD745,Sweden
263,Accepted-Wait,Value 164,18.907751110623025,Accepted,Medium,Wait,Org line G4,,se,S33 2nd,PROD745,Sweden
263,Accepted-Assigned,Value 164,19.058389366166793,Accepted,Medium,Assigned,Org line G4,,se,S33 2nd,PROD745,Sweden
263,Completed-Closed,Value 164,19.064231825914955,Completed,Medium,Closed,Org line G4,,se,S33 2nd,PROD745,Sweden
264,Accepted-In Progress,Value 46,18.906421714089937,Accepted,Medium,In Progress,Org line G3,,us,G199 3rd,PROD96,USA
264,Queued-Awaiting Assignment,Value 46,18.90643042586671,Queued,Medium,Awaiting Assignment,Org line G3,,us,G199 3rd,PROD96,USA
264,Accepted-In Progress,Value 78,18.912025632369403,Accepted,Medium,In Progress,Org line G3,,us,G199 3rd,PROD96,Sweden
264,Accepted-Assigned,Value 46,18.912025693549705,Accepted,Medium,Assigned,Org line G3,,us,G199 3rd,PROD96,USA
264,Accepted-In Progress,Value 43,19.06743654346078,Accepted,Medium,In Progress,Org line G3,,us,G199 3rd,PROD96,POLAND
264,Completed-Closed,Value 43,19.067436580122727,Completed,Medium,Closed,Org line G3,,us,G199 3rd,PROD96,POLAND
265,Accepted-Wait,Value 143,18.90777981609079,Accepted,Medium,Wait,Org line A2,A2_1,gb,G42 3rd,PROD236,United Kingdom
265,Accepted-In Progress,Value 143,19.10956468982774,Accepted,Medium,In Progress,Org line A2,A2_1,gb,G42 3rd,PROD236,United Kingdom
265,Completed-Closed,Value 143,19.109564991109394,Completed,Medium,Closed,Org line A2,A2_1,gb,G42 3rd,PROD236,United Kingdom
266,Accepted-In Progress,Value 139,18.909999682019016,Accepted,Medium,In Progress,Org line G4,,se,S33 2nd,PROD374,Sweden
266,Completed-Closed,Value 139,19.068402595679604,Completed,Medium,Closed,Org line G4,,se,S33 2nd,PROD374,Sweden
267,Accepted-In Progress,Value 46,18.910340825595565,Accepted,Medium,In Progress,Org line G3,,us,G199 3rd,PROD97,USA
267,Queued-Awaiting Assignment,Value 46,18.910342737637915,Queued,Medium,Awaiting Assignment,Org line G3,,us,G199 3rd,PROD97,USA
267,Accepted-In Progress,Value 74,18.91045473894447,Accepted,Medium,In Progress,Org line G3,,us,G199 3rd,PROD97,Sweden
267,Accepted-Assigned,Value 46,18.91045492890156,Accepted,Medium,Assigned,Org line G3,,us,G199 3rd,PROD97,USA
267,Accepted-In Progress,Value 43,19.068971725395315,Accepted,Medium,In Progress,Org line G3,,us,G199 3rd,PROD97,POLAND
267,Completed-Closed,Value 43,19.068972415674192,Completed,Medium,Closed,Org line G3,,us,G199 3rd,PROD97,POLAND
268,Accepted-In Progress,Value 165,18.91065448646772,Accepted,High,In Progress,Org line C,V3_3,se,N22 2nd,PROD835,USA
268,Queued-Awaiting Assignment,Value 165,18.912143880786193,Queued,High,Awaiting Assignment,Org line C,V3_3,se,N22 2nd,PROD835,USA
268,Queued-Awaiting Assignment,Value 166,18.91535418065039,Queued,High,Awaiting Assignment,Org line C,E_1,se,G294 2nd,PROD835,Sweden
268,Accepted-In Progress,Value 165,18.91537894920118,Accepted,High,In Progress,Org line C,V3_3,se,N22 2nd,PROD835,USA
268,Accepted-Wait,Value 165,18.915379540663256,Accepted,High,Wait,Org line C,V3_3,se,N22 2nd,PROD835,USA
268,Queued-Awaiting Assignment,Value 166,18.922077626513655,Queued,High,Awaiting Assignment,Org line C,E_1,se,G294 2nd,PROD835,Sweden
268,Accepted-In Progress,Value 166,18.922090491159047,Accepted,High,In Progress,Org line C,E_1,se,G294 2nd,PROD835,Sweden
268,Completed-Closed,Value 166,19.08759976382117,Completed,High,Closed,Org line C,E_1,se,G294 2nd,PROD835,Sweden
269,Accepted-In Progress,Value 38,18.91151952485553,Accepted,Low,In Progress,Org line A2,A2_3,se,G354 3rd,PROD729,Sweden
269,Completed-Closed,Value 38,19.08987220385038,Completed,Low,Closed,Org line A2,A2_3,se,G354 3rd,PROD729,Sweden
270,Accepted-In Progress,Value 163,18.912111146541033,Accepted,Medium,In Progress,Org line A2,A2_5,fr,V5 3rd,PROD230,France
270,Completed-Closed,Value 163,19.059235831910062,Completed,Medium,Closed,Org line A2,A2_5,fr,V5 3rd,PROD230,France
271,Accepted-In Progress,Value 76,18.914791222799412,Accepted,Low,In Progress,Org line G4,,se,S33 2nd,PROD374,Sweden
271,Accepted-Wait,Value 76,18.92226435962538,Accepted,Low,Wait,Org line G4,,se,S33 2nd,PROD374,Sweden
271,Completed-Closed,Value 76,19.06435006543493,Completed,Low,Closed,Org line G4,,se,S33 2nd,PROD374,Sweden
272,Accepted-In Progress,Value 46,18.91477987462625,Accepted,Medium,In Progress,Org line G3,,us,G199 3rd,PROD96,USA
272,Queued-Awaiting Assignment,Value 46,18.914790722506318,Queued,Medium,Awaiting Assignment,Org line G3,,us,G199 3rd,PROD96,USA
272,Accepted-In Progress,Value 78,18.914918496552,Accepted,Medium,In Progress,Org line G3,,us,G199 3rd,PROD96,Sweden
272,Accepted-Assigned,Value 46,18.91491867346235,Accepted,Medium,Assigned,Org line G3,,us,G199 3rd,PROD96,USA
272,Accepted-In Progress,Value 43,19.067435338853112,Accepted,Medium,In Progress,Org line G3,,us,G199 3rd,PROD96,POLAND
272,Completed-Closed,Value 43,19.06743534932797,Completed,Medium,Closed,Org line G3,,us,G199 3rd,PROD96,POLAND
273,Accepted-In Progress,Value 167,18.914775811216806,Accepted,Low,In Progress,Org line V2,,se,T10 2nd,PROD421,Sweden
273,Completed-Closed,Value 167,19.080074539445622,Completed,Low,Closed,Org line V2,,se,T10 2nd,PROD421,Sweden
274,Accepted-In Progress,Value 60,18.915260094810648,Accepted,High,In Progress,Org line G4,,se,S30 2nd,PROD412,Sweden
274,Accepted-In Progress,Value 60,18.99375263677739,Accepted,High,In Progress,Org line G4,,se,S30 2nd,PROD412,Sweden
274,Accepted-Assigned,Value 88,19.067449904033722,Accepted,High,Assigned,Org line G4,,se,S30 2nd,PROD412,Sweden
274,Accepted-Assigned,Value 60,19.067828524286075,Accepted,High,Assigned,Org line G4,,se,S30 2nd,PROD412,Sweden
274,Accepted-In Progress,Value 88,19.06782861852271,Accepted,High,In Progress,Org line G4,,se,S30 2nd,PROD412,Sweden
274,Completed-Closed,Value 88,19.067828634228817,Completed,High,Closed,Org line G4,,se,S30 2nd,PROD412,Sweden
275,Accepted-In Progress,Value 28,18.91577151161146,Accepted,Medium,In Progress,Org line A2,A2_1,gb,G42 3rd,PROD236,United Kingdom
275,Completed-Closed,Value 28,19.074627021562804,Completed,Medium,Closed,Org line A2,A2_1,gb,G42 3rd,PROD236,United Kingdom
276,Accepted-In Progress,Value 168,18.915763258736447,Accepted,Medium,In Progress,Org line V11,,gb,V50 2nd,PROD158,United Kingdom
276,Accepted-In Progress,Value 168,19.105190357906974,Accepted,Medium,In Progress,Org line V11,,gb,V50 2nd,PROD158,United Kingdom
276,Completed-Closed,Value 168,19.105190367993725,Completed,Medium,Closed,Org line V11,,gb,V50 2nd,PROD158,United Kingdom
277,Accepted-In Progress,Value 168,18.918870097276802,Accepted,High,In Progress,Org line V11,,gb,V50 2nd,PROD158,United Kingdom
277,Accepted-Wait,Value 168,18.91887043754947,Accepted,High,Wait,Org line V11,,gb,V50 2nd,PROD158,United Kingdom
277,Accepted-In Progress,Value 168,19.105183322374256,Accepted,High,In Progress,Org line V11,,gb,V50 2nd,PROD158,United Kingdom
277,Completed-Closed,Value 168,19.10518379141131,Completed,High,Closed,Org line V11,,gb,V50 2nd,PROD158,United Kingdom
278,Accepted-In Progress,Value 46,18.918893320620665,Accepted,Medium,In Progress,Org line G3,,us,G199 3rd,PROD98,USA
278,Queued-Awaiting Assignment,Value 46,18.918893946464696,Queued,Medium,Awaiting Assignment,Org line G3,,us,G199 3rd,PROD98,USA
278,Accepted-In Progress,Value 74,18.9189312594288,Accepted,Medium,In Progress,Org line G3,,us,G199 3rd,PROD98,Sweden
278,Accepted-Assigned,Value 46,18.91893178803431,Accepted,Medium,Assigned,Org line G3,,us,G199 3rd,PROD98,USA
278,Accepted-In Progress,Value 43,19.07075605717526,Accepted,Medium,In Progress,Org line G3,,us,G199 3rd,PROD98,POLAND
278,Completed-Closed,Value 43,19.07075654264115,Completed,Medium,Closed,Org line G3,,us,G199 3rd,PROD98,POLAND
279,Accepted-In Progress,Value 29,18.920968240186564,Accepted,High,In Progress,Org line A2,A2_1,gb,G42 3rd,PROD236,United Kingdom
279,Accepted-Assigned,Value 29,18.92096853123755,Accepted,High,Assigned,Org line A2,A2_1,gb,G42 3rd,PROD236,United Kingdom
279,Accepted-Assigned,Value 143,18.989819914468654,Accepted,High,Assigned,Org line A2,A2_1,gb,G42 3rd,PROD236,United Kingdom
279,Accepted-In Progress,Value 143,18.990356921747892,Accepted,High,In Progress,Org line A2,A2_1,gb,G42 3rd,PROD236,United Kingdom
279,Accepted-Wait,Value 143,19.02588799109302,Accepted,High,Wait,Org line A2,A2_1,gb,G42 3rd,PROD236,United Kingdom
279,Completed-Closed,Value 143,19.07463687531905,Completed,High,Closed,Org line A2,A2_1,gb,G42 3rd,PROD236,United Kingdom
280,Accepted-In Progress,Value 169,18.920965839012695,Accepted,Medium,In Progress,Org line A2,A2_4,fr,V36 3rd,PROD222,France
280,Queued-Awaiting Assignment,Value 169,18.920971368980226,Queued,Medium,Awaiting Assignment,Org line A2,A2_4,fr,V36 3rd,PROD222,France
280,Accepted-In Progress,Value 169,19.105084280020225,Accepted,Medium,In Progress,Org line A2,A2_4,fr,V36 3rd,PROD222,France
280,Completed-Closed,Value 169,19.10508474910374,Completed,Medium,Closed,Org line A2,A2_4,fr,V36 3rd,PROD222,France
281,Accepted-In Progress,Value 133,18.92140126066797,Accepted,Low,In Progress,Org line G4,,se,S33 2nd,PROD448,Sweden
281,Completed-Closed,Value 133,19.086760273625014,Completed,Low,Closed,Org line G4,,se,S33 2nd,PROD448,Sweden
282,Accepted-In Progress,Value 46,18.921449413661136,Accepted,Medium,In Progress,Org line G3,,us,G199 3rd,PROD97,USA
282,Queued-Awaiting Assignment,Value 46,18.921451486399977,Queued,Medium,Awaiting Assignment,Org line G3,,us,G199 3rd,PROD97,USA
282,Accepted-In Progress,Value 74,18.921472607485054,Accepted,Medium,In Progress,Org line G3,,us,G199 3rd,PROD97,Sweden
282,Accepted-Assigned,Value 46,18.921473025659854,Accepted,Medium,Assigned,Org line G3,,us,G199 3rd,PROD97,USA
282,Accepted-In Progress,Value 43,19.070761178045533,Accepted,Medium,In Progress,Org line G3,,us,G199 3rd,PROD97,POLAND
282,Completed-Closed,Value 43,19.070761480807683,Completed,Medium,Closed,Org line G3,,us,G199 3rd,PROD97,POLAND
283,Accepted-In Progress,Value 46,18.921509981924675,Accepted,Medium,In Progress,Org line G3,,us,G199 3rd,PROD97,USA
283,Queued-Awaiting Assignment,Value 46,18.92151131518519,Queued,Medium,Awaiting Assignment,Org line G3,,us,G199 3rd,PROD97,USA
283,Accepted-In Progress,Value 74,18.921512175743302,Accepted,Medium,In Progress,Org line G3,,us,G199 3rd,PROD97,Sweden
283,Accepted-Assigned,Value 46,18.921513399916247,Accepted,Medium,Assigned,Org line G3,,us,G199 3rd,PROD97,USA
283,Accepted-In Progress,Value 43,19.067603058649773,Accepted,Medium,In Progress,Org line G3,,us,G199 3rd,PROD97,POLAND
283,Completed-Closed,Value 43,19.06760399075514,Completed,Medium,Closed,Org line G3,,us,G199 3rd,PROD97,POLAND
284,Accepted-In Progress,Value 46,18.921511848488898,Accepted,Medium,In Progress,Org line G3,,us,G199 3rd,PROD98,USA
284,Queued-Awaiting Assignment,Value 46,18.921514133207243,Queued,Medium,Awaiting Assignment,Org line G3,,us,G199 3rd,PROD98,USA
284,Accepted-In Progress,Value 74,18.92158328437397,Accepted,Medium,In Progress,Org line G3,,us,G199 3rd,PROD98,Sweden
284,Accepted-Assigned,Value 46,18.921583950955586,Accepted,Medium,Assigned,Org line G3,,us,G199 3rd,PROD98,USA
284,Accepted-In Progress,Value 43,19.058308332951608,Accepted,Medium,In Progress,Org line G3,,us,G199 3rd,PROD98,POLAND
284,Completed-Closed,Value 43,19.05833390362517,Completed,Medium,Closed,Org line G3,,us,G199 3rd,PROD98,POLAND
285,Accepted-In Progress,Value 168,18.921603130136283,Accepted,Medium,In Progress,Org line V11,,gb,V50 2nd,PROD158,United Kingdom
285,Accepted-In Progress,Value 168,19.105184013321235,Accepted,Medium,In Progress,Org line V11,,gb,V50 2nd,PROD158,United Kingdom
285,Completed-Closed,Value 168,19.105184078885525,Completed,Medium,Closed,Org line V11,,gb,V50 2nd,PROD158,United Kingdom
286,Accepted-In Progress,Value 39,18.922047178315477,Accepted,Major,In Progress,Org line A2,A2_3,se,M3 2nd,PROD655,Sweden
286,Accepted-Assigned,Value 39,19.09331194363996,Accepted,Major,Assigned,Org line A2,A2_3,se,M3 2nd,PROD655,Sweden
286,Completed-Closed,Value 39,19.096325298284672,Completed,Major,Closed,Org line A2,A2_3,se,M3 2nd,PROD655,Sweden
287,Accepted-In Progress,Value 170,18.922092780612488,Accepted,High,In Progress,Org line A2,A2_3,se,M3 2nd,PROD655,INDIA
287,Accepted-In Progress,Value 170,18.922096632696928,Accepted,High,In Progress,Org line A2,A2_3,se,M3 2nd,PROD655,INDIA
287,Accepted-Wait,Value 170,19.071385023282264,Accepted,High,Wait,Org line A2,A2_3,se,M3 2nd,PROD655,INDIA
287,Completed-Closed,Value 170,19.07138655179834,Completed,High,Closed,Org line A2,A2_3,se,M3 2nd,PROD655,INDIA
288,Accepted-In Progress,Value 164,18.9221263465477,Accepted,High,In Progress,Org line A2,A2_4,se,G105 2nd,PROD337,Sweden
288,Accepted-In Progress,Value 164,19.096461833050395,Accepted,High,In Progress,Org line A2,A2_4,se,G105 2nd,PROD337,Sweden
288,Completed-Closed,Value 164,19.096462387597416,Completed,High,Closed,Org line A2,A2_4,se,G105 2nd,PROD337,Sweden
289,Accepted-In Progress,Value 168,18.922550662840738,Accepted,Medium,In Progress,Org line V11,,gb,V50 2nd,PROD158,United Kingdom
289,Accepted-In Progress,Value 168,19.105190690769664,Accepted,Medium,In Progress,Org line V11,,gb,V50 2nd,PROD158,United Kingdom
289,Completed-Closed,Value 168,19.105190700856408,Completed,Medium,Closed,Org line V11,,gb,V50 2nd,PROD158,United Kingdom
290,Accepted-In Progress,Value 168,18.922590085552518,Accepted,Medium,In Progress,Org line V11,,gb,V50 2nd,PROD158,United Kingdom
290,Accepted-In Progress,Value 168,19.105184477314562,Accepted,Medium,In Progress,Org line V11,,gb,V50 2nd,PROD158,United Kingdom
290,Completed-Closed,Value 168,19.10518448740137,Completed,Medium,Closed,Org line V11,,gb,V50 2nd,PROD158,United Kingdom
291,Accepted-In Progress,Value 76,18.92304314748786,Accepted,High,In Progress,Org line C,E_6,se,G48 2nd,PROD98,Sweden
291,Accepted-Wait,Value 76,18.92457440709912,Accepted,High,Wait,Org line C,E_6,se,G48 2nd,PROD98,Sweden
291,Accepted-In Progress,Value 76,19.07729446066819,Accepted,High,In Progress,Org line C,E_6,se,G48 2nd,PROD98,Sweden
291,Completed-Closed,Value 76,19.077297255942568,Completed,High,Closed,Org line C,E_6,se,G48 2nd,PROD98,Sweden
292,Accepted-In Progress,Value 168,18.923074218863473,Accepted,Medium,In Progress,Org line V11,,gb,V50 2nd,PROD158,United Kingdom
292,Accepted-In Progress,Value 168,19.105184795049,Accepted,Medium,In Progress,Org line V11,,gb,V50 2nd,PROD158,United Kingdom
292,Completed-Closed,Value 168,19.105184805135803,Completed,Medium,Closed,Org line V11,,gb,V50 2nd,PROD158,United Kingdom
293,Accepted-In Progress,Value 119,18.923166664867267,Accepted,Major,In Progress,Org line A2,A2_3,se,M3 2nd,PROD234,Sweden
293,Accepted-Assigned,Value 119,19.093311785427126,Accepted,Major,Assigned,Org line A2,A2_3,se,M3 2nd,PROD234,Sweden
293,Accepted-In Progress,Value 39,19.099528645377536,Accepted,Major,In Progress,Org line A2,A2_3,se,M3 2nd,PROD234,Sweden
293,Completed-Closed,Value 39,19.099528665665577,Completed,Major,Closed,Org line A2,A2_3,se,M3 2nd,PROD234,Sweden
294,Accepted-In Progress,Value 133,18.924696877676627,Accepted,Low,In Progress,Org line G4,,se,S33 2nd,PROD374,Sweden
294,Accepted-Assigned,Value 133,19.045426512007577,Accepted,Low,Assigned,Org line G4,,se,S33 2nd,PROD374,Sweden
294,Accepted-Wait,Value 133,19.071673579265216,Accepted,Low,Wait,Org line G4,,se,S33 2nd,PROD374,Sweden
294,Completed-Closed,Value 133,19.092360560710922,Completed,Low,Closed,Org line G4,,se,S33 2nd,PROD374,Sweden
295,Accepted-In Progress,Value 171,18.924826448653953,Accepted,Medium,In Progress,Org line C,C_3,gb,G94 3rd,PROD793,United Kingdom
295,Queued-Awaiting Assignment,Value 171,18.926300707751217,Queued,Medium,Awaiting Assignment,Org line C,C_3,gb,G94 3rd,PROD793,United Kingdom
295,Accepted-In Progress,Value 171,19.074632450240525,Accepted,Medium,In Progress,Org line C,C_3,gb,G94 3rd,PROD793,United Kingdom
295,Completed-Closed,Value 171,19.07463330301864,Completed,Medium,Closed,Org line C,C_3,gb,G94 3rd,PROD793,United Kingdom
296,Accepted-In Progress,Value 50,18.92515227717437,Accepted,Low,In Progress,Org line A2,A2_1,pl,W9 2nd,PROD756,POLAND
296,Accepted-Wait,Value 50,18.92515458378165,Accepted,Low,Wait,Org line A2,A2_1,pl,W9 2nd,PROD756,POLAND
296,Accepted-Assigned,Value 50,18.967517651543282,Accepted,Low,Assigned,Org line A2,A2_1,pl,W9 2nd,PROD756,POLAND
296,Accepted-In Progress,Value 172,18.97953051857449,Accepted,Low,In Progress,Org line A2,A2_1,pl,W9 2nd,PROD756,POLAND
296,Accepted-In Progress,Value 172,18.995229264449755,Accepted,Low,In Progress,Org line A2,A2_1,pl,W15 2nd,PROD756,POLAND
296,Accepted-Assigned,Value 173,19.0200888179259,Accepted,Low,Assigned,Org line A2,A2_1,pl,W15 2nd,PROD756,POLAND
296,Accepted-In Progress,Value 173,19.032893828837175,Accepted,Low,In Progress,Org line A2,A2_1,pl,W15 2nd,PROD756,POLAND
296,Accepted-Wait,Value 173,19.03289392100262,Accepted,Low,Wait,Org line A2,A2_1,pl,W15 2nd,PROD756,POLAND
296,Accepted-In Progress,Value 173,19.039006313163316,Accepted,Low,In Progress,Org line A2,A2_1,pl,W15 2nd,PROD756,POLAND
296,Accepted-Wait,Value 173,19.045510587300694,Accepted,Low,Wait,Org line A2,A2_1,pl,W15 2nd,PROD756,POLAND
296,Completed-Closed,Value 173,19.078165601173836,Completed,Low,Closed,Org line A2,A2_1,pl,W15 2nd,PROD756,POLAND
297,Accepted-In Progress,Value 58,18.925185263567794,Accepted,Medium,In Progress,Org line G4,,be,G51 2nd,PROD816,Sweden
297,Queued-Awaiting Assignment,Value 58,18.92518536017654,Queued,Medium,Awaiting Assignment,Org line G4,,be,G51 2nd,PROD816,Sweden
297,Accepted-In Progress,Value 116,19.06431592162999,Accepted,Medium,In Progress,Org line G4,,be,G51 2nd,PROD816,Sweden
297,Queued-Awaiting Assignment,Value 77,19.064323014222715,Queued,Medium,Awaiting Assignment,Org line C,E_1,be,G55 2nd,PROD816,Belgium
297,Accepted-In Progress,Value 77,19.066136157883374,Accepted,Medium,In Progress,Org line C,E_1,be,G55 2nd,PROD816,Belgium
297,Completed-Closed,Value 77,19.066136168371848,Completed,Medium,Closed,Org line C,E_1,be,G55 2nd,PROD816,Belgium
298,Accepted-In Progress,Value 174,18.92541869739747,Accepted,Major,In Progress,Org line C,C_5,in,G120 3rd,PROD604,Sweden
298,Queued-Awaiting Assignment,Value 174,18.925419379537264,Queued,Major,Awaiting Assignment,Org line C,C_5,in,G120 3rd,PROD604,Sweden
298,Queued-Awaiting Assignment,Value 156,18.926843360780275,Queued,Major,Awaiting Assignment,Org line C,E_8,in,G181 2nd,PROD604,INDIA
298,Queued-Awaiting Assignment,Value 13,18.968621847190693,Queued,Major,Awaiting Assignment,Org line C,,in,G163 3rd,PROD604,Sweden
298,Accepted-In Progress,Value 175,18.96862185297208,Accepted,Major,In Progress,Org line C,E_8,in,G181 2nd,PROD604,INDIA
298,Accepted-In Progress,Value 156,18.96862617166042,Accepted,Major,In Progress,Org line C,E_8,in,G181 2nd,PROD604,INDIA
298,Accepted-In Progress,Value 175,18.968626235255424,Accepted,Major,In Progress,Org line C,E_8,in,G181 2nd,PROD604,INDIA
298,Queued-Awaiting Assignment,Value 176,18.968628322325568,Queued,Major,Awaiting Assignment,Org line C,E_7,in,G157 2nd,PROD604,INDIA
298,Accepted-In Progress,Value 176,18.986320817954045,Accepted,Major,In Progress,Org line C,E_7,in,G157 2nd,PROD604,INDIA
298,Accepted-Assigned,Value 177,18.986332859406723,Accepted,Major,Assigned,Org line C,E_7,in,G157 2nd,PROD604,Sweden
298,Accepted-In Progress,Value 176,19.05871129363767,Accepted,Major,In Progress,Org line C,E_7,in,G157 2nd,PROD604,INDIA
298,Accepted-Assigned,Value 177,19.08702960572795,Accepted,Major,Assigned,Org line C,E_7,in,G157 2nd,PROD604,Sweden
298,Accepted-In Progress,Value 176,19.088090177083743,Accepted,Major,In Progress,Org line C,E_7,in,G157 2nd,PROD604,INDIA
298,Completed-Closed,Value 176,19.088091028722992,Completed,Major,Closed,Org line C,E_7,in,G157 2nd,PROD604,INDIA
299,Accepted-In Progress,Value 60,18.9262192515193,Accepted,Medium,In Progress,Org line G4,,se,S30 2nd,PROD412,Sweden
299,Accepted-In Progress,Value 60,19.077390740145795,Accepted,Medium,In Progress,Org line G4,,se,S30 2nd,PROD412,Sweden
299,Completed-Closed,Value 60,19.07739074533134,Completed,Medium,Closed,Org line G4,,se,S30 2nd,PROD412,Sweden
300,Accepted-In Progress,Value 46,18.92625409665954,Accepted,Medium,In Progress,Org line G3,,us,G199 3rd,PROD98,USA
300,Queued-Awaiting Assignment,Value 46,18.926255146156787,Queued,Medium,Awaiting Assignment,Org line G3,,us,G199 3rd,PROD98,USA
300,Accepted-In Progress,Value 78,18.926288355540994,Accepted,Medium,In Progress,Org line G3,,us,G199 3rd,PROD98,Sweden
300,Accepted-Assigned,Value 46,18.92628838569794,Accepted,Medium,Assigned,Org line G3,,us,G199 3rd,PROD98,USA
300,Accepted-In Progress,Value 43,19.067439534023972,Accepted,Medium,In Progress,Org line G3,,us,G199 3rd,PROD98,POLAND
300,Completed-Closed,Value 43,19.06743968590873,Completed,Medium,Closed,Org line G3,,us,G199 3rd,PROD98,POLAND
301,Accepted-In Progress,Value 46,18.926270991018715,Accepted,Medium,In Progress,Org line G3,,us,G199 3rd,PROD98,USA
301,Queued-Awaiting Assignment,Value 46,18.926272004309297,Queued,Medium,Awaiting Assignment,Org line G3,,us,G199 3rd,PROD98,USA
301,Accepted-In Progress,Value 78,18.926289145652756,Accepted,Medium,In Progress,Org line G3,,us,G199 3rd,PROD98,Sweden
301,Accepted-Assigned,Value 46,18.926289187872452,Accepted,Medium,Assigned,Org line G3,,us,G199 3rd,PROD98,USA
301,Accepted-In Progress,Value 43,19.06760409024948,Accepted,Medium,In Progress,Org line G3,,us,G199 3rd,PROD98,POLAND
301,Completed-Closed,Value 43,19.067604870494236,Completed,Medium,Closed,Org line G3,,us,G199 3rd,PROD98,POLAND
302,Accepted-In Progress,Value 46,18.926751826780574,Accepted,Medium,In Progress,Org line G3,,us,G199 3rd,PROD97,USA
302,Queued-Awaiting Assignment,Value 46,18.926755232931047,Queued,Medium,Awaiting Assignment,Org line G3,,us,G199 3rd,PROD97,USA
302,Accepted-In Progress,Value 78,18.926770099285594,Accepted,Medium,In Progress,Org line G3,,us,G199 3rd,PROD97,Sweden
302,Accepted-Assigned,Value 46,18.9267701354565,Accepted,Medium,Assigned,Org line G3,,us,G199 3rd,PROD97,USA
302,Queued-Awaiting Assignment,Value 72,18.930351242818396,Queued,Medium,Awaiting Assignment,Org line A2,A2_2,us,G21 2nd,PROD97,Sweden
302,Accepted-Assigned,Value 56,18.93035188556021,Accepted,Medium,Assigned,Org line A2,A2_2,us,G21 2nd,PROD97,Sweden
302,Accepted-Assigned,Value 73,18.931951416669378,Accepted,Medium,Assigned,Org line A2,A2_2,us,G21 2nd,PROD97,INDIA
302,Accepted-Wait,Value 73,18.93300340659627,Accepted,Medium,Wait,Org line A2,A2_2,us,G21 2nd,PROD97,INDIA
302,Queued-Awaiting Assignment,Value 46,18.933913609984373,Queued,Medium,Awaiting Assignment,Org line G3,,us,G199 3rd,PROD97,USA
302,Accepted-In Progress,Value 78,18.934000660382424,Accepted,Medium,In Progress,Org line G3,,us,G199 3rd,PROD97,Sweden
302,Accepted-Assigned,Value 46,18.934000702277793,Accepted,Medium,Assigned,Org line G3,,us,G199 3rd,PROD97,USA
302,Accepted-In Progress,Value 43,19.070767332451258,Accepted,Medium,In Progress,Org line G3,,us,G199 3rd,PROD97,POLAND
302,Completed-Closed,Value 43,19.07077156064698,Completed,Medium,Closed,Org line G3,,us,G199 3rd,PROD97,POLAND
303,Accepted-In Progress,Value 46,18.926762232081703,Accepted,Medium,In Progress,Org line G3,,us,G199 3rd,PROD97,USA
303,Queued-Awaiting Assignment,Value 46,18.926763534243864,Queued,Medium,Awaiting Assignment,Org line G3,,us,G199 3rd,PROD97,USA
303,Accepted-In Progress,Value 78,18.926768242510484,Accepted,Medium,In Progress,Org line G3,,us,G199 3rd,PROD97,Sweden
303,Accepted-Assigned,Value 46,18.92676827868146,Accepted,Medium,Assigned,Org line G3,,us,G199 3rd,PROD97,USA
303,Accepted-In Progress,Value 43,19.068970308230362,Accepted,Medium,In Progress,Org line G3,,us,G199 3rd,PROD97,POLAND
303,Completed-Closed,Value 43,19.06897127566791,Completed,Medium,Closed,Org line G3,,us,G199 3rd,PROD97,POLAND
304,Accepted-In Progress,Value 46,18.928242647573157,Accepted,Medium,In Progress,Org line G3,,us,G199 3rd,PROD96,USA
304,Queued-Awaiting Assignment,Value 46,18.928277951987887,Queued,Medium,Awaiting Assignment,Org line G3,,us,G199 3rd,PROD96,USA
304,Accepted-In Progress,Value 78,18.928287173668917,Accepted,Medium,In Progress,Org line G3,,us,G199 3rd,PROD96,Sweden
304,Accepted-Assigned,Value 46,18.928287221823688,Accepted,Medium,Assigned,Org line G3,,us,G199 3rd,PROD96,USA
304,Accepted-In Progress,Value 43,19.067436915317636,Accepted,Medium,In Progress,Org line G3,,us,G199 3rd,PROD96,POLAND
304,Completed-Closed,Value 43,19.0674370148286,Completed,Medium,Closed,Org line G3,,us,G199 3rd,PROD96,POLAND
305,Accepted-In Progress,Value 46,18.92871686266429,Accepted,Medium,In Progress,Org line G3,,us,G199 3rd,PROD98,USA
305,Queued-Awaiting Assignment,Value 46,18.928718559389285,Queued,Medium,Awaiting Assignment,Org line G3,,us,G199 3rd,PROD98,USA
305,Accepted-In Progress,Value 78,18.928773274218603,Accepted,Medium,In Progress,Org line G3,,us,G199 3rd,PROD98,Sweden
305,Accepted-Assigned,Value 46,18.928773322349972,Accepted,Medium,Assigned,Org line G3,,us,G199 3rd,PROD98,USA
305,Accepted-In Progress,Value 43,19.059704523886225,Accepted,Medium,In Progress,Org line G3,,us,G199 3rd,PROD98,POLAND
305,Completed-Closed,Value 43,19.059704613613487,Completed,Medium,Closed,Org line G3,,us,G199 3rd,PROD98,POLAND
306,Accepted-In Progress,Value 178,18.929306163042234,Accepted,Low,In Progress,Org line C,E_4,us,G88 2nd,PROD348,France
306,Completed-Closed,Value 178,19.102567402132948,Completed,Low,Closed,Org line C,E_4,us,G88 2nd,PROD348,France
307,Accepted-In Progress,Value 123,18.929362625544197,Accepted,Medium,In Progress,Org line C,C_6,se,G141 3rd,PROD660,Sweden
307,Accepted-In Progress,Value 123,19.012141484498347,Accepted,Medium,In Progress,Org line C,C_6,se,G141 3rd,PROD660,Sweden
307,Accepted-In Progress,Value 106,19.07189332168959,Accepted,Medium,In Progress,Org line C,C_6,se,G141 3rd,PROD660,Sweden
307,Accepted-Wait,Value 106,19.074140530880634,Accepted,Medium,Wait,Org line C,C_6,se,G141 3rd,PROD660,Sweden
307,Completed-Closed,Value 106,19.103375043001712,Completed,Medium,Closed,Org line C,C_6,se,G141 3rd,PROD660,Sweden
308,Accepted-In Progress,Value 179,18.929347611279486,Accepted,Low,In Progress,Org line A2,A2_2,se,G40,PROD215,Sweden
308,Accepted-In Progress,Value 179,18.929354700541897,Accepted,Low,In Progress,Org line A2,A2_2,se,G40,PROD215,Sweden
308,Queued-Awaiting Assignment,Value 57,18.929355139485246,Queued,Low,Awaiting Assignment,Org line A2,A2_2,se,G39 3rd,PROD215,Sweden
308,Accepted-In Progress,Value 57,18.93389002654505,Accepted,Low,In Progress,Org line A2,A2_2,se,G39 3rd,PROD215,Sweden
308,Accepted-In Progress,Value 179,18.936459681777972,Accepted,Low,In Progress,Org line A2,A2_2,se,G40,PROD215,Sweden
308,Queued-Awaiting Assignment,Value 57,18.9364603325463,Queued,Low,Awaiting Assignment,Org line A2,A2_2,se,G39 3rd,PROD215,Sweden
308,Accepted-In Progress,Value 57,18.936526816150643,Accepted,Low,In Progress,Org line A2,A2_2,se,G39 3rd,PROD215,Sweden
308,Accepted-Wait,Value 57,19.05563673106847,Accepted,Low,Wait,Org line A2,A2_2,se,G39 3rd,PROD215,Sweden
308,Completed-Closed,Value 57,19.10028919309401,Completed,Low,Closed,Org line A2,A2_2,se,G39 3rd,PROD215,Sweden
309,Accepted-In Progress,Value 46,18.929369522289473,Accepted,Medium,In Progress,Org line G3,,us,G199 3rd,PROD97,USA
309,Queued-Awaiting Assignment,Value 46,18.929370887202037,Queued,Medium,Awaiting Assignment,Org line G3,,us,G199 3rd,PROD97,USA
309,Accepted-In Progress,Value 78,18.929824373959608,Accepted,Medium,In Progress,Org line G3,,us,G199 3rd,PROD97,Sweden
309,Accepted-Assigned,Value 46,18.929824458101013,Accepted,Medium,Assigned,Org line G3,,us,G199 3rd,PROD97,USA
309,Queued-Awaiting Assignment,Value 72,18.93035093045774,Queued,Medium,Awaiting Assignment,Org line A2,A2_2,us,G21 2nd,PROD97,Sweden
309,Accepted-Assigned,Value 56,18.93035174740079,Accepted,Medium,Assigned,Org line A2,A2_2,us,G21 2nd,PROD97,Sweden
309,Accepted-Assigned,Value 73,18.93195146464802,Accepted,Medium,Assigned,Org line A2,A2_2,us,G21 2nd,PROD97,INDIA
309,Accepted-Wait,Value 73,18.933003370650123,Accepted,Medium,Wait,Org line A2,A2_2,us,G21 2nd,PROD97,INDIA
309,Queued-Awaiting Assignment,Value 46,18.933913681811255,Queued,Medium,Awaiting Assignment,Org line G3,,us,G199 3rd,PROD97,USA
309,Accepted-In Progress,Value 78,18.93399996013099,Accepted,Medium,In Progress,Org line G3,,us,G199 3rd,PROD97,Sweden
309,Accepted-Assigned,Value 46,18.934000002026387,Accepted,Medium,Assigned,Org line G3,,us,G199 3rd,PROD97,USA
309,Accepted-In Progress,Value 43,19.0707651296064,Accepted,Medium,In Progress,Org line G3,,us,G199 3rd,PROD97,POLAND
309,Completed-Closed,Value 43,19.070765547207692,Completed,Medium,Closed,Org line G3,,us,G199 3rd,PROD97,POLAND
310,Accepted-In Progress,Value 57,18.929407041674644,Accepted,Low,In Progress,Org line A2,A2_2,se,G39 3rd,PROD215,Sweden
310,Queued-Awaiting Assignment,Value 57,18.929416649777966,Queued,Low,Awaiting Assignment,Org line A2,A2_2,se,G39 3rd,PROD215,Sweden
310,Accepted-In Progress,Value 57,18.93389016421649,Accepted,Low,In Progress,Org line A2,A2_2,se,G39 3rd,PROD215,Sweden
310,Completed-Closed,Value 57,19.096472588155265,Completed,Low,Closed,Org line A2,A2_2,se,G39 3rd,PROD215,Sweden
311,Accepted-In Progress,Value 180,18.92940997582362,Accepted,High,In Progress,Org line B,E_6,br,S16,PROD132,Brazil
311,Accepted-Wait,Value 180,19.003086150263712,Accepted,High,Wait,Org line B,E_6,br,S16,PROD132,Brazil
311,Queued-Awaiting Assignment,Value 180,19.012219621602448,Queued,High,Awaiting Assignment,Org line B,E_6,br,S16,PROD132,Brazil
311,Accepted-In Progress,Value 180,19.01266330486915,Accepted,High,In Progress,Org line B,E_6,br,S16,PROD132,Brazil
311,Completed-Closed,Value 180,19.012663581483803,Completed,High,Closed,Org line B,E_6,br,S16,PROD132,Brazil
311,Accepted-In Progress,Value 181,19.013517861598288,Accepted,High,In Progress,Org line B,E_6,br,S16,PROD132,Brazil
311,Queued-Awaiting Assignment,Value 135,19.013526070003405,Queued,High,Awaiting Assignment,Org line A2,A2_2,br,S2 2nd,PROD132,Brazil
311,Accepted-In Progress,Value 182,19.013533112042715,Accepted,High,In Progress,Org line A2,A2_2,br,S2 2nd,PROD132,Brazil
311,Queued-Awaiting Assignment,Value 180,19.013535173792093,Queued,High,Awaiting Assignment,Org line B,E_6,br,S16,PROD132,Brazil
311,Accepted-In Progress,Value 180,19.019301793261572,Accepted,High,In Progress,Org line B,E_6,br,S16,PROD132,Brazil
311,Completed-Closed,Value 180,19.01930182074002,Completed,High,Closed,Org line B,E_6,br,S16,PROD132,Brazil
311,Accepted-In Progress,Value 182,19.02261632802867,Accepted,High,In Progress,Org line A2,A2_2,br,S2 2nd,PROD132,Brazil
311,Accepted-Wait,Value 182,19.022616459488756,Accepted,High,Wait,Org line A2,A2_2,br,S2 2nd,PROD132,Brazil
311,Accepted-In Progress,Value 182,19.023479522205545,Accepted,High,In Progress,Org line A2,A2_2,br,S2 2nd,PROD132,Brazil
311,Accepted-Wait,Value 182,19.02348151976745,Accepted,High,Wait,Org line A2,A2_2,br,S2 2nd,PROD132,Brazil
311,Accepted-In Progress,Value 183,19.049163342096016,Accepted,High,In Progress,Org line A2,A2_3,br,S3 2nd,PROD132,Brazil
311,Accepted-Assigned,Value 184,19.068338319250834,Accepted,High,Assigned,Org line A2,A2_3,br,S3 2nd,PROD132,Brazil
311,Accepted-In Progress,Value 183,19.068338669841715,Accepted,High,In Progress,Org line A2,A2_3,br,S3 2nd,PROD132,Brazil
311,Completed-Closed,Value 183,19.068338852986155,Completed,High,Closed,Org line A2,A2_3,br,S3 2nd,PROD132,Brazil
312,Accepted-In Progress,Value 163,18.929766152421664,Accepted,High,In Progress,Org line A2,A2_5,fr,V5 3rd,PROD230,France
312,Completed-Closed,Value 163,19.05923507679132,Completed,High,Closed,Org line A2,A2_5,fr,V5 3rd,PROD230,France
313,Accepted-In Progress,Value 8,18.931779602386364,Accepted,High,In Progress,Org line G4,,se,S33 2nd,PROD374,Sweden
313,Accepted-Assigned,Value 8,18.93178032818776,Accepted,High,Assigned,Org line G4,,se,S33 2nd,PROD374,Sweden
313,Completed-Closed,Value 8,19.06559792816958,Completed,High,Closed,Org line G4,,se,S33 2nd,PROD374,Sweden
314,Accepted-In Progress,Value 46,18.932028575344216,Accepted,Medium,In Progress,Org line G3,,us,G199 3rd,PROD96,USA
314,Queued-Awaiting Assignment,Value 46,18.932028965140532,Queued,Medium,Awaiting Assignment,Org line G3,,us,G199 3rd,PROD96,USA
314,Accepted-In Progress,Value 78,18.932031735688433,Accepted,Medium,In Progress,Org line G3,,us,G199 3rd,PROD96,Sweden
314,Accepted-Assigned,Value 46,18.932031771669525,Accepted,Medium,Assigned,Org line G3,,us,G199 3rd,PROD96,USA
314,Accepted-In Progress,Value 43,19.067494132489106,Accepted,Medium,In Progress,Org line G3,,us,G199 3rd,PROD96,POLAND
314,Completed-Closed,Value 43,19.06749428960269,Completed,Medium,Closed,Org line G3,,us,G199 3rd,PROD96,POLAND
315,Accepted-In Progress,Value 2,18.932534439071855,Accepted,High,In Progress,Org line A2,A2_2,cn,M1 2nd,PROD753,Sweden
315,Accepted-Wait,Value 2,19.032440087557887,Accepted,High,Wait,Org line A2,A2_2,cn,M1 2nd,PROD753,Sweden
315,Completed-Closed,Value 2,19.120232098940864,Completed,High,Closed,Org line A2,A2_2,cn,M1 2nd,PROD753,Sweden
316,Accepted-In Progress,Value 46,18.93298023304505,Accepted,Medium,In Progress,Org line G3,,us,G199 3rd,PROD96,USA
316,Queued-Awaiting Assignment,Value 46,18.932982893118027,Queued,Medium,Awaiting Assignment,Org line G3,,us,G199 3rd,PROD96,USA
316,Accepted-In Progress,Value 78,18.932991298662483,Accepted,Medium,In Progress,Org line G3,,us,G199 3rd,PROD96,Sweden
316,Accepted-Assigned,Value 46,18.93299135857345,Accepted,Medium,Assigned,Org line G3,,us,G199 3rd,PROD96,USA
316,Accepted-In Progress,Value 43,19.070758265260153,Accepted,Medium,In Progress,Org line G3,,us,G199 3rd,PROD96,POLAND
316,Completed-Closed,Value 43,19.070759251849697,Completed,Medium,Closed,Org line G3,,us,G199 3rd,PROD96,POLAND
317,Accepted-In Progress,Value 46,18.93344219479547,Accepted,Medium,In Progress,Org line G3,,us,G199 3rd,PROD97,USA
317,Queued-Awaiting Assignment,Value 46,18.933443991312743,Queued,Medium,Awaiting Assignment,Org line G3,,us,G199 3rd,PROD97,USA
317,Accepted-In Progress,Value 78,18.93344554829176,Accepted,Medium,In Progress,Org line G3,,us,G199 3rd,PROD97,Sweden
317,Accepted-Assigned,Value 46,18.93344559619877,Accepted,Medium,Assigned,Org line G3,,us,G199 3rd,PROD97,USA
317,Accepted-In Progress,Value 43,19.06760614820917,Accepted,Medium,In Progress,Org line G3,,us,G199 3rd,PROD97,POLAND
317,Completed-Closed,Value 43,19.06760757778173,Completed,Medium,Closed,Org line G3,,us,G199 3rd,PROD97,POLAND
318,Accepted-In Progress,Value 185,18.93350640031909,Accepted,Medium,In Progress,Org line A2,D_1,pl,G197 2nd,PROD604,POLAND
318,Completed-Closed,Value 185,19.07995717236232,Completed,Medium,Closed,Org line A2,D_1,pl,G197 2nd,PROD604,POLAND
319,Accepted-In Progress,Value 25,18.933542698987797,Accepted,Medium,In Progress,Org line A2,D_1,kr,V17 3rd,PROD604,POLAND
319,Completed-Closed,Value 25,19.120352458374576,Completed,Medium,Closed,Org line A2,D_1,kr,V17 3rd,PROD604,POLAND
320,Accepted-In Progress,Value 106,18.935465021897354,Accepted,Low,In Progress,Org line G4,,se,S28 2nd,PROD108,Sweden
320,Completed-Closed,Value 106,19.080056660900496,Completed,Low,Closed,Org line G4,,se,S28 2nd,PROD108,Sweden
321,Accepted-In Progress,Value 104,18.935932509883223,Accepted,Major,In Progress,Org line C,E_8,in,G186 2nd,PROD436,Sweden
321,Queued-Awaiting Assignment,Value 104,18.935933334226135,Queued,Major,Awaiting Assignment,Org line C,E_8,in,G186 2nd,PROD436,Sweden
321,Accepted-In Progress,Value 186,19.03522624306158,Accepted,Major,In Progress,Org line C,E_8,in,G181 2nd,PROD436,INDIA
321,Accepted-Assigned,Value 187,19.035226307967978,Accepted,Major,Assigned,Org line C,E_8,in,G181 2nd,PROD436,INDIA
321,Accepted-Wait,Value 187,19.058717480385358,Accepted,Major,Wait,Org line C,E_8,in,G181 2nd,PROD436,INDIA
321,Completed-Closed,Value 187,19.058717617750798,Completed,Major,Closed,Org line C,E_8,in,G181 2nd,PROD436,INDIA
322,Accepted-In Progress,Value 46,18.93614200254138,Accepted,Medium,In Progress,Org line G3,,us,G199 3rd,PROD98,USA
322,Queued-Awaiting Assignment,Value 46,18.936142910323053,Queued,Medium,Awaiting Assignment,Org line G3,,us,G199 3rd,PROD98,USA
322,Accepted-In Progress,Value 78,18.93643291632459,Accepted,Medium,In Progress,Org line G3,,us,G199 3rd,PROD98,Sweden
322,Accepted-Assigned,Value 46,18.936432987970747,Accepted,Medium,Assigned,Org line G3,,us,G199 3rd,PROD98,USA
322,Accepted-In Progress,Value 43,19.070761611308583,Accepted,Medium,In Progress,Org line G3,,us,G199 3rd,PROD98,POLAND
322,Completed-Closed,Value 43,19.070762044571445,Completed,Medium,Closed,Org line G3,,us,G199 3rd,PROD98,POLAND
323,Accepted-In Progress,Value 188,18.93654287519472,Accepted,Medium,In Progress,Org line A2,A2_4,se,G18 3rd,PROD67,INDIA
323,Queued-Awaiting Assignment,Value 188,18.943819720276885,Queued,Medium,Awaiting Assignment,Org line A2,A2_4,se,G18 3rd,PROD67,INDIA
323,Accepted-In Progress,Value 189,18.947298558069548,Accepted,Medium,In Progress,Org line A2,A2_4,se,G18 3rd,PROD67,Sweden
323,Accepted-Wait,Value 189,18.947298705719316,Accepted,Medium,Wait,Org line A2,A2_4,se,G18 3rd,PROD67,Sweden
323,Accepted-Assigned,Value 190,19.036182435795368,Accepted,Medium,Assigned,Org line A2,A2_4,se,G18 3rd,PROD67,Sweden
323,Accepted-Wait,Value 190,19.036207487022182,Accepted,Medium,Wait,Org line A2,A2_4,se,G18 3rd,PROD67,Sweden
323,Completed-Closed,Value 190,19.058832443375454,Completed,Medium,Closed,Org line A2,A2_4,se,G18 3rd,PROD67,Sweden
324,Accepted-In Progress,Value 128,18.936609042899768,Accepted,Medium,In Progress,Org line A2,A2_4,se,M13 2nd,PROD563,Sweden
324,Accepted-In Progress,Value 128,19.10559551603513,Accepted,Medium,In Progress,Org line A2,A2_4,se,M13 2nd,PROD563,Sweden
324,Completed-Closed,Value 128,19.105595899176283,Completed,Medium,Closed,Org line A2,A2_4,se,M13 2nd,PROD563,Sweden
325,Accepted-In Progress,Value 46,18.936652045978853,Accepted,Medium,In Progress,Org line G3,,us,G199 3rd,PROD98,USA
325,Accepted-In Progress,Value 46,18.936655734940878,Accepted,Medium,In Progress,Org line G3,,us,G199 3rd,PROD98,USA
325,Accepted-In Progress,Value 43,19.06743577879695,Accepted,Medium,In Progress,Org line G3,,us,G199 3rd,PROD98,POLAND
325,Completed-Closed,Value 43,19.0674357892718,Completed,Medium,Closed,Org line G3,,us,G199 3rd,PROD98,POLAND
326,Accepted-In Progress,Value 46,18.937048668754706,Accepted,Medium,In Progress,Org line G3,,us,G199 3rd,PROD97,USA
326,Queued-Awaiting Assignment,Value 46,18.937063460437145,Queued,Medium,Awaiting Assignment,Org line G3,,us,G199 3rd,PROD97,USA
326,Accepted-In Progress,Value 78,18.937069236234382,Accepted,Medium,In Progress,Org line G3,,us,G199 3rd,PROD97,Sweden
326,Accepted-Assigned,Value 46,18.937069421202544,Accepted,Medium,Assigned,Org line G3,,us,G199 3rd,PROD97,USA
326,Accepted-In Progress,Value 43,19.070673347051144,Accepted,Medium,In Progress,Org line G3,,us,G199 3rd,PROD97,POLAND
326,Completed-Closed,Value 43,19.070675210766616,Completed,Medium,Closed,Org line G3,,us,G199 3rd,PROD97,POLAND
327,Accepted-In Progress,Value 46,18.93712511296347,Accepted,Medium,In Progress,Org line G3,,us,G199 3rd,PROD97,USA
327,Queued-Awaiting Assignment,Value 46,18.93712963547085,Queued,Medium,Awaiting Assignment,Org line G3,,us,G199 3rd,PROD97,USA
327,Accepted-In Progress,Value 78,18.937470518758193,Accepted,Medium,In Progress,Org line G3,,us,G199 3rd,PROD97,Sweden
327,Accepted-Assigned,Value 46,18.93747055454412,Accepted,Medium,Assigned,Org line G3,,us,G199 3rd,PROD97,USA
327,Accepted-In Progress,Value 43,19.070663877025865,Accepted,Medium,In Progress,Org line G3,,us,G199 3rd,PROD97,POLAND
327,Completed-Closed,Value 43,19.070664331213248,Completed,Medium,Closed,Org line G3,,us,G199 3rd,PROD97,POLAND
328,Accepted-In Progress,Value 46,18.93711412282732,Accepted,Medium,In Progress,Org line G3,,us,G199 3rd,PROD98,USA
328,Queued-Awaiting Assignment,Value 46,18.937115065525603,Queued,Medium,Awaiting Assignment,Org line G3,,us,G199 3rd,PROD98,USA
328,Accepted-In Progress,Value 78,18.937469516751662,Accepted,Medium,In Progress,Org line G3,,us,G199 3rd,PROD98,Sweden
328,Accepted-Assigned,Value 46,18.937469552537628,Accepted,Medium,Assigned,Org line G3,,us,G199 3rd,PROD98,USA
328,Accepted-In Progress,Value 43,19.07469744648772,Accepted,Medium,In Progress,Org line G3,,us,G199 3rd,PROD98,POLAND
328,Completed-Closed,Value 43,19.07469758687504,Completed,Medium,Closed,Org line G3,,us,G199 3rd,PROD98,POLAND
329,Accepted-In Progress,Value 76,18.937583154592186,Accepted,Medium,In Progress,Org line A2,A2_4,se,M13 2nd,PROD563,Sweden
329,Completed-Closed,Value 76,19.080952594367005,Completed,Medium,Closed,Org line A2,A2_4,se,M13 2nd,PROD563,Sweden
330,Accepted-In Progress,Value 103,18.939193807490398,Accepted,Low,In Progress,Org line C,C_6,se,G141 3rd,PROD434,Sweden
330,Accepted-In Progress,Value 103,18.939195849728215,Accepted,Low,In Progress,Org line C,C_6,se,G141 3rd,PROD434,Sweden
330,Accepted-In Progress,Value 103,18.939203482778414,Accepted,Low,In Progress,Org line C,C_6,se,G141 3rd,PROD434,Sweden
330,Queued-Awaiting Assignment,Value 103,18.939205626214168,Queued,Low,Awaiting Assignment,Org line C,C_6,se,G141 3rd,PROD434,Sweden
330,Queued-Awaiting Assignment,Value 77,18.93920750767066,Queued,Low,Awaiting Assignment,Org line C,C_6,se,G250 3rd,PROD434,Sweden
330,Accepted-In Progress,Value 77,18.94012072735133,Accepted,Low,In Progress,Org line C,C_6,se,G250 3rd,PROD434,Sweden
330,Accepted-Assigned,Value 2,18.940120786836687,Accepted,Low,Assigned,Org line C,C_6,se,G250 3rd,PROD434,Sweden
330,Accepted-Wait,Value 2,19.020172986039896,Accepted,Low,Wait,Org line C,C_6,se,G250 3rd,PROD434,Sweden
330,Accepted-Wait,Value 2,19.020181354142125,Accepted,Low,Wait,Org line C,C_6,se,G250 3rd,PROD434,Sweden
330,Completed-Closed,Value 2,19.067429677177643,Completed,Low,Closed,Org line C,C_6,se,G250 3rd,PROD434,Sweden
331,Accepted-In Progress,Value 191,18.93956991377144,Accepted,Medium,In Progress,Org line V2,,se,T10 2nd,PROD205,Sweden
331,Completed-Closed,Value 191,19.077390786815705,Completed,Medium,Closed,Org line V2,,se,T10 2nd,PROD205,Sweden
332,Accepted-In Progress,Value 132,18.939541457747364,Accepted,Medium,In Progress,Org line G4,,se,S33 2nd,PROD374,Sweden
332,Accepted-Wait,Value 132,18.93954155893106,Accepted,Medium,Wait,Org line G4,,se,S33 2nd,PROD374,Sweden
332,Accepted-Wait,Value 132,19.020307449231,Accepted,Medium,Wait,Org line G4,,se,S33 2nd,PROD374,Sweden
332,Completed-Closed,Value 132,19.057841143454304,Completed,Medium,Closed,Org line G4,,se,S33 2nd,PROD374,Sweden
333,Accepted-Assigned,Value 13,18.939601630481338,Accepted,Medium,Assigned,Org line C,C_2,be,G58 3rd,PROD330,Sweden
333,Accepted-Assigned,Value 192,19.01291380895004,Accepted,Medium,Assigned,Org line C,C_2,be,G58 3rd,PROD330,Belgium
333,Accepted-Assigned,Value 193,19.01292191169768,Accepted,Medium,Assigned,Org line C,C_2,be,G58 3rd,PROD330,Belgium
333,Accepted-In Progress,Value 193,19.029189602326813,Accepted,Medium,In Progress,Org line C,C_2,be,G58 3rd,PROD330,Belgium
333,Completed-Closed,Value 193,19.099103109578007,Completed,Medium,Closed,Org line C,C_2,be,G58 3rd,PROD330,Belgium
334,Accepted-In Progress,Value 100,18.940656826283714,Accepted,Medium,In Progress,Org line A2,D_1,in,L50 3rd,PROD611,Sweden
334,Accepted-In Progress,Value 100,18.942795499007847,Accepted,Medium,In Progress,Org line A2,D_1,in,L50 3rd,PROD611,Sweden
334,Accepted-Assigned,Value 194,19.094267556768916,Accepted,Medium,Assigned,Org line A2,D_1,in,L50 3rd,PROD611,INDIA
334,Accepted-In Progress,Value 194,19.094268020756388,Accepted,Medium,In Progress,Org line A2,D_1,in,L50 3rd,PROD611,INDIA
334,Completed-Closed,Value 194,19.11216798257067,Completed,Medium,Closed,Org line A2,D_1,in,L50 3rd,PROD611,INDIA
335,Accepted-In Progress,Value 120,18.941156229672888,Accepted,Low,In Progress,Org line A2,A2_3,se,N23 2nd,PROD76,Sweden
335,Accepted-Wait,Value 120,18.94115637823236,Accepted,Low,Wait,Org line A2,A2_3,se,N23 2nd,PROD76,Sweden
335,Accepted-Assigned,Value 120,18.971484978210263,Accepted,Low,Assigned,Org line A2,A2_3,se,N23 2nd,PROD76,Sweden
335,Accepted-In Progress,Value 195,19.06198859159917,Accepted,Low,In Progress,Org line A2,A2_3,se,N23 2nd,PROD76,Sweden
335,Completed-Closed,Value 195,19.061988670589656,Completed,Low,Closed,Org line A2,A2_3,se,N23 2nd,PROD76,Sweden
336,Accepted-In Progress,Value 168,18.941201753204428,Accepted,Medium,In Progress,Org line V11,,gb,V50 2nd,PROD158,United Kingdom
336,Accepted-In Progress,Value 168,19.105188663331575,Accepted,Medium,In Progress,Org line V11,,gb,V50 2nd,PROD158,United Kingdom
336,Completed-Closed,Value 168,19.10518876419924,Completed,Medium,Closed,Org line V11,,gb,V50 2nd,PROD158,United Kingdom
337,Accepted-In Progress,Value 46,18.941224897450294,Accepted,Medium,In Progress,Org line G3,,us,G199 3rd,PROD97,USA
337,Queued-Awaiting Assignment,Value 46,18.941227351481412,Queued,Medium,Awaiting Assignment,Org line G3,,us,G199 3rd,PROD97,USA
337,Accepted-In Progress,Value 78,18.94261451319393,Accepted,Medium,In Progress,Org line G3,,us,G199 3rd,PROD97,Sweden
337,Accepted-Assigned,Value 46,18.94261455472997,Accepted,Medium,Assigned,Org line G3,,us,G199 3rd,PROD97,USA
337,Accepted-In Progress,Value 43,19.0707566313822,Accepted,Medium,In Progress,Org line G3,,us,G199 3rd,PROD97,POLAND
337,Completed-Closed,Value 43,19.07075691848555,Completed,Medium,Closed,Org line G3,,us,G199 3rd,PROD97,POLAND
338,Accepted-In Progress,Value 139,18.94129200382197,Accepted,Medium,In Progress,Org line G4,,se,S33 2nd,PROD374,Sweden
338,Completed-Closed,Value 139,19.068411124397045,Completed,Medium,Closed,Org line G4,,se,S33 2nd,PROD374,Sweden
339,Accepted-In Progress,Value 139,18.942783431932853,Accepted,Medium,In Progress,Org line G4,,se,S33 2nd,PROD374,Sweden
339,Completed-Closed,Value 139,19.068414284713135,Completed,Medium,Closed,Org line G4,,se,S33 2nd,PROD374,Sweden
340,Accepted-In Progress,Value 46,18.94324716799141,Accepted,Medium,In Progress,Org line G3,,us,G199 3rd,PROD97,USA
340,Queued-Awaiting Assignment,Value 46,18.943251188501037,Queued,Medium,Awaiting Assignment,Org line G3,,us,G199 3rd,PROD97,USA
340,Accepted-In Progress,Value 78,18.943583115351945,Accepted,Medium,In Progress,Org line G3,,us,G199 3rd,PROD97,Sweden
340,Accepted-Assigned,Value 46,18.943583144991823,Accepted,Medium,Assigned,Org line G3,,us,G199 3rd,PROD97,USA
340,Accepted-In Progress,Value 43,19.067605064246198,Accepted,Medium,In Progress,Org line G3,,us,G199 3rd,PROD97,POLAND
340,Completed-Closed,Value 43,19.06760570834028,Completed,Medium,Closed,Org line G3,,us,G199 3rd,PROD97,POLAND
341,Accepted-In Progress,Value 60,18.94328430075611,Accepted,Low,In Progress,Org line G4,,se,S30 2nd,PROD410,Sweden
341,Accepted-In Progress,Value 60,19.077391575018318,Accepted,Low,In Progress,Org line G4,,se,S30 2nd,PROD410,Sweden
341,Completed-Closed,Value 60,19.0773915853894,Completed,Low,Closed,Org line G4,,se,S30 2nd,PROD410,Sweden
342,Accepted-In Progress,Value 46,18.943319931970624,Accepted,Medium,In Progress,Org line G3,,us,G199 3rd,PROD96,USA
342,Queued-Awaiting Assignment,Value 46,18.943320145433884,Queued,Medium,Awaiting Assignment,Org line G3,,us,G199 3rd,PROD96,USA
342,Accepted-In Progress,Value 78,18.943580103935957,Accepted,Medium,In Progress,Org line G3,,us,G199 3rd,PROD96,Sweden
342,Accepted-Assigned,Value 46,18.943580175071872,Accepted,Medium,Assigned,Org line G3,,us,G199 3rd,PROD96,USA
342,Accepted-In Progress,Value 43,19.07066343849992,Accepted,Medium,In Progress,Org line G3,,us,G199 3rd,PROD96,POLAND
342,Completed-Closed,Value 43,19.0706637569533,Completed,Medium,Closed,Org line G3,,us,G199 3rd,PROD96,POLAND
343,Accepted-In Progress,Value 46,18.9433203411085,Accepted,Medium,In Progress,Org line G3,,us,G199 3rd,PROD96,USA
343,Queued-Awaiting Assignment,Value 46,18.94332075617574,Queued,Medium,Awaiting Assignment,Org line G3,,us,G199 3rd,PROD96,USA
343,Accepted-In Progress,Value 78,18.943581959396095,Accepted,Medium,In Progress,Org line G3,,us,G199 3rd,PROD96,Sweden
343,Accepted-Assigned,Value 46,18.943581994963985,Accepted,Medium,Assigned,Org line G3,,us,G199 3rd,PROD96,USA
343,Accepted-In Progress,Value 43,19.055083735760387,Accepted,Medium,In Progress,Org line G3,,us,G199 3rd,PROD96,POLAND
343,Completed-Closed,Value 43,19.055084159961865,Completed,Medium,Closed,Org line G3,,us,G199 3rd,PROD96,POLAND
344,Accepted-In Progress,Value 60,18.943693085102847,Accepted,High,In Progress,Org line G4,,se,S30 2nd,PROD412,Sweden
344,Accepted-In Progress,Value 60,19.077387271009652,Accepted,High,In Progress,Org line G4,,se,S30 2nd,PROD412,Sweden
344,Completed-Closed,Value 60,19.077387312494164,Completed,High,Closed,Org line G4,,se,S30 2nd,PROD412,Sweden
345,Accepted-In Progress,Value 133,18.94449726541896,Accepted,Low,In Progress,Org line G4,,se,S33 2nd,PROD374,Sweden
345,Accepted-Wait,Value 133,19.023477475384546,Accepted,Low,Wait,Org line G4,,se,S33 2nd,PROD374,Sweden
345,Completed-Closed,Value 133,19.071684249665612,Completed,Low,Closed,Org line G4,,se,S33 2nd,PROD374,Sweden
346,Accepted-In Progress,Value 31,18.94636076090742,Accepted,Medium,In Progress,Org line A2,A2_3,se,U6 2nd,PROD807,Sweden
346,Accepted-Wait,Value 31,19.067444153405233,Accepted,Medium,Wait,Org line A2,A2_3,se,U6 2nd,PROD807,Sweden
346,Completed-Closed,Value 31,19.09331859876359,Completed,Medium,Closed,Org line A2,A2_3,se,U6 2nd,PROD807,Sweden
347,Accepted-In Progress,Value 196,18.946797220484907,Accepted,Medium,In Progress,Org line V2,,se,T13 2nd,PROD279,Sweden
347,Queued-Awaiting Assignment,Value 196,18.99907001915673,Queued,Medium,Awaiting Assignment,Org line V2,,se,T13 2nd,PROD279,Sweden
347,Accepted-In Progress,Value 122,19.001958337403615,Accepted,Medium,In Progress,Org line V2,,se,T16 2nd,PROD279,Sweden
347,Accepted-Wait,Value 122,19.055657738415157,Accepted,Medium,Wait,Org line V2,,se,T16 2nd,PROD279,Sweden
347,Completed-Closed,Value 122,19.100352249077698,Completed,Medium,Closed,Org line V2,,se,T16 2nd,PROD279,Sweden
348,Accepted-In Progress,Value 57,18.94687236772239,Accepted,Low,In Progress,Org line A2,A2_3,se,U6 2nd,PROD827,Sweden
348,Accepted-Assigned,Value 57,19.01879242747922,Accepted,Low,Assigned,Org line A2,A2_3,se,U6 2nd,PROD827,Sweden
348,Accepted-Assigned,Value 57,19.03887156026808,Accepted,Low,Assigned,Org line A2,A2_3,se,U6 2nd,PROD827,Sweden
348,Accepted-In Progress,Value 57,19.071535954273617,Accepted,Low,In Progress,Org line A2,A2_3,se,U6 2nd,PROD827,Sweden
348,Completed-Closed,Value 57,19.071536048161523,Completed,Low,Closed,Org line A2,A2_3,se,U6 2nd,PROD827,Sweden
349,Accepted-In Progress,Value 121,18.947411338421922,Accepted,Medium,In Progress,Org line A2,A2_3,se,U5 2nd,PROD228,Sweden
349,Accepted-Wait,Value 121,18.947412962385002,Accepted,Medium,Wait,Org line A2,A2_3,se,U5 2nd,PROD228,Sweden
349,Accepted-In Progress,Value 121,19.055162809108595,Accepted,Medium,In Progress,Org line A2,A2_3,se,U5 2nd,PROD228,Sweden
349,Completed-Closed,Value 121,19.05516305830728,Completed,Medium,Closed,Org line A2,A2_3,se,U5 2nd,PROD228,Sweden
350,Accepted-In Progress,Value 164,18.947441354738775,Accepted,High,In Progress,Org line A2,A2_4,se,G105 2nd,PROD337,Sweden
350,Accepted-In Progress,Value 164,19.096462723378036,Accepted,High,In Progress,Org line A2,A2_4,se,G105 2nd,PROD337,Sweden
350,Completed-Closed,Value 164,19.096463181260514,Completed,High,Closed,Org line A2,A2_4,se,G105 2nd,PROD337,Sweden
351,Accepted-In Progress,Value 164,18.947935883051702,Accepted,High,In Progress,Org line A2,A2_4,se,G105 2nd,PROD337,Sweden
351,Accepted-In Progress,Value 164,19.09646446333034,Accepted,High,In Progress,Org line A2,A2_4,se,G105 2nd,PROD337,Sweden
351,Completed-Closed,Value 164,19.096464778759966,Completed,High,Closed,Org line A2,A2_4,se,G105 2nd,PROD337,Sweden
352,Accepted-In Progress,Value 164,18.947937234661065,Accepted,High,In Progress,Org line A2,A2_4,se,G105 2nd,PROD337,Sweden
352,Accepted-In Progress,Value 164,19.09646496700018,Accepted,High,In Progress,Org line A2,A2_4,se,G105 2nd,PROD337,Sweden
352,Completed-Closed,Value 164,19.09646519594093,Completed,High,Closed,Org line A2,A2_4,se,G105 2nd,PROD337,Sweden
353,Accepted-Wait,Value 44,18.9484711368072,Accepted,Major,Wait,Org line C,C_3,se,G62 3rd,PROD348,Sweden
353,Queued-Awaiting Assignment,Value 44,18.9484748591134,Queued,Major,Awaiting Assignment,Org line C,C_3,se,G62 3rd,PROD348,Sweden
353,Accepted-In Progress,Value 44,19.09643942197063,Accepted,Major,In Progress,Org line C,C_3,se,G292 3rd,PROD348,Sweden
353,Accepted-In Progress,Value 197,19.09645596704331,Accepted,Major,In Progress,Org line C,C_3,se,G62 3rd,PROD348,USA
353,Completed-Closed,Value 197,19.0964602915098,Completed,Major,Closed,Org line C,C_3,se,G62 3rd,PROD348,USA
354,Accepted-In Progress,Value 46,18.950404032718474,Accepted,Medium,In Progress,Org line G3,,us,G199 3rd,PROD98,USA
354,Queued-Awaiting Assignment,Value 46,18.95040470980129,Queued,Medium,Awaiting Assignment,Org line G3,,us,G199 3rd,PROD98,USA
354,Accepted-In Progress,Value 78,18.950565971982456,Accepted,Medium,In Progress,Org line G3,,us,G199 3rd,PROD98,Sweden
354,Accepted-Assigned,Value 46,18.950566007302807,Accepted,Medium,Assigned,Org line G3,,us,G199 3rd,PROD98,USA
354,Queued-Awaiting Assignment,Value 72,18.962245589495403,Queued,Medium,Awaiting Assignment,Org line A2,A2_2,us,G21 2nd,PROD98,Sweden
354,Accepted-Assigned,Value 56,18.96224640406695,Accepted,Medium,Assigned,Org line A2,A2_2,us,G21 2nd,PROD98,Sweden
354,Queued-Awaiting Assignment,Value 46,18.96450833448884,Queued,Medium,Awaiting Assignment,Org line G3,,us,G199 3rd,PROD98,USA
354,Accepted-In Progress,Value 74,18.964860858183336,Accepted,Medium,In Progress,Org line G3,,us,G199 3rd,PROD98,Sweden
354,Accepted-Assigned,Value 46,18.964860974246808,Accepted,Medium,Assigned,Org line G3,,us,G199 3rd,PROD98,USA
354,Accepted-In Progress,Value 43,19.068960722704,Accepted,Medium,In Progress,Org line G3,,us,G199 3rd,PROD98,POLAND
354,Completed-Closed,Value 43,19.068961224730575,Completed,Medium,Closed,Org line G3,,us,G199 3rd,PROD98,POLAND
355,Accepted-In Progress,Value 46,18.950969772779295,Accepted,Medium,In Progress,Org line G3,,us,G199 3rd,PROD97,USA
355,Queued-Awaiting Assignment,Value 46,18.95097157338838,Queued,Medium,Awaiting Assignment,Org line G3,,us,G199 3rd,PROD97,USA
355,Accepted-In Progress,Value 74,18.9510726141376,Accepted,Medium,In Progress,Org line G3,,us,G199 3rd,PROD97,Sweden
355,Accepted-Assigned,Value 46,18.951073231930486,Accepted,Medium,Assigned,Org line G3,,us,G199 3rd,PROD97,USA
355,Accepted-In Progress,Value 43,19.07077286564205,Accepted,Medium,In Progress,Org line G3,,us,G199 3rd,PROD97,POLAND
355,Completed-Closed,Value 43,19.070773246700288,Completed,Medium,Closed,Org line G3,,us,G199 3rd,PROD97,POLAND
356,Accepted-In Progress,Value 46,18.950961593501148,Accepted,Medium,In Progress,Org line G3,,us,G199 3rd,PROD97,USA
356,Queued-Awaiting Assignment,Value 46,18.950962499697848,Queued,Medium,Awaiting Assignment,Org line G3,,us,G199 3rd,PROD97,USA
356,Accepted-In Progress,Value 74,18.951071490341945,Accepted,Medium,In Progress,Org line G3,,us,G199 3rd,PROD97,Sweden
356,Accepted-Assigned,Value 46,18.951072319950377,Accepted,Medium,Assigned,Org line G3,,us,G199 3rd,PROD97,USA
356,Accepted-In Progress,Value 78,18.96224293049653,Accepted,Medium,In Progress,Org line G3,,us,G199 3rd,PROD97,Sweden
356,Queued-Awaiting Assignment,Value 72,18.962243564700405,Queued,Medium,Awaiting Assignment,Org line A2,A2_2,us,G21 2nd,PROD97,Sweden
356,Accepted-Assigned,Value 56,18.962246462250604,Accepted,Medium,Assigned,Org line A2,A2_2,us,G21 2nd,PROD97,Sweden
356,Accepted-In Progress,Value 56,18.968509710861245,Accepted,Medium,In Progress,Org line A2,A2_2,us,G21 2nd,PROD97,Sweden
356,Queued-Awaiting Assignment,Value 46,18.968514278660425,Queued,Medium,Awaiting Assignment,Org line G3,,us,G199 3rd,PROD97,USA
356,Accepted-In Progress,Value 78,18.96874209285504,Accepted,Medium,In Progress,Org line G3,,us,G199 3rd,PROD97,Sweden
356,Accepted-Assigned,Value 46,18.968742139100595,Accepted,Medium,Assigned,Org line G3,,us,G199 3rd,PROD97,USA
356,Accepted-In Progress,Value 43,19.067595633195094,Accepted,Medium,In Progress,Org line G3,,us,G199 3rd,PROD97,POLAND
356,Completed-Closed,Value 43,19.067602891080174,Completed,Medium,Closed,Org line G3,,us,G199 3rd,PROD97,POLAND
357,Accepted-In Progress,Value 198,18.953554548341987,Accepted,Medium,In Progress,Org line A2,A2_1,gb,G42 3rd,PROD236,United Kingdom
357,Accepted-Wait,Value 198,18.953559490161336,Accepted,Medium,Wait,Org line A2,A2_1,gb,G42 3rd,PROD236,United Kingdom
357,Completed-Closed,Value 198,19.074648689298808,Completed,Medium,Closed,Org line A2,A2_1,gb,G42 3rd,PROD236,United Kingdom
358,Accepted-In Progress,Value 104,18.95417010401825,Accepted,Medium,In Progress,Org line C,E_8,in,G186 2nd,PROD756,Sweden
358,Accepted-Wait,Value 104,18.954462664027577,Accepted,Medium,Wait,Org line C,E_8,in,G186 2nd,PROD756,Sweden
358,Queued-Awaiting Assignment,Value 104,18.965486940671774,Queued,Medium,Awaiting Assignment,Org line C,E_8,in,G186 2nd,PROD756,Sweden
358,Accepted-In Progress,Value 186,19.03522888799391,Accepted,Medium,In Progress,Org line C,E_8,in,G181 2nd,PROD756,INDIA
358,Accepted-In Progress,Value 199,19.035229093530283,Accepted,Medium,In Progress,Org line C,E_8,in,G181 2nd,PROD756,INDIA
358,Accepted-Assigned,Value 186,19.035287988777853,Accepted,Medium,Assigned,Org line C,E_8,in,G181 2nd,PROD756,INDIA
358,Accepted-Assigned,Value 186,19.055592155239236,Accepted,Medium,Assigned,Org line C,E_8,in,G181 2nd,PROD756,Sweden
358,Accepted-In Progress,Value 186,19.05559216053906,Accepted,Medium,In Progress,Org line C,E_8,in,G181 2nd,PROD756,Sweden
358,Completed-Closed,Value 186,19.056567260739133,Completed,Medium,Closed,Org line C,E_8,in,G181 2nd,PROD756,Sweden
359,Accepted-In Progress,Value 191,18.954431772887858,Accepted,Medium,In Progress,Org line V2,,se,T10 2nd,PROD615,Sweden
359,Accepted-Wait,Value 191,18.954432453113053,Accepted,Medium,Wait,Org line V2,,se,T10 2nd,PROD615,Sweden
359,Accepted-In Progress,Value 191,19.058829014910778,Accepted,Medium,In Progress,Org line V2,,se,T10 2nd,PROD615,Sweden
359,Completed-Closed,Value 191,19.06898908681029,Completed,Medium,Closed,Org line V2,,se,T10 2nd,PROD615,Sweden
360,Accepted-In Progress,Value 46,18.954489015737636,Accepted,Medium,In Progress,Org line G3,,us,G199 3rd,PROD98,USA
360,Queued-Awaiting Assignment,Value 46,18.95449102111304,Queued,Medium,Awaiting Assignment,Org line G3,,us,G199 3rd,PROD98,USA
360,Accepted-In Progress,Value 74,18.954969200048623,Accepted,Medium,In Progress,Org line G3,,us,G199 3rd,PROD98,Sweden
360,Accepted-Assigned,Value 46,18.954970266724878,Accepted,Medium,Assigned,Org line G3,,us,G199 3rd,PROD98,USA
360,Accepted-In Progress,Value 43,19.070755488188052,Accepted,Medium,In Progress,Org line G3,,us,G199 3rd,PROD98,POLAND
360,Completed-Closed,Value 43,19.070755916233505,Completed,Medium,Closed,Org line G3,,us,G199 3rd,PROD98,POLAND
361,Accepted-In Progress,Value 143,18.955061422315392,Accepted,Medium,In Progress,Org line A2,A2_1,gb,G42 3rd,PROD235,United Kingdom
361,Accepted-In Progress,Value 143,19.074619091688458,Accepted,Medium,In Progress,Org line A2,A2_1,gb,G42 3rd,PROD235,United Kingdom
361,Completed-Closed,Value 143,19.07461921648697,Completed,Medium,Closed,Org line A2,A2_1,gb,G42 3rd,PROD235,United Kingdom
362,Accepted-In Progress,Value 132,18.955566999187305,Accepted,Medium,In Progress,Org line G4,,se,S33 2nd,PROD374,Sweden
362,Accepted-In Progress,Value 132,18.955567379915575,Accepted,Medium,In Progress,Org line G4,,se,S33 2nd,PROD374,Sweden
362,Completed-Closed,Value 132,19.057841466017283,Completed,Medium,Closed,Org line G4,,se,S33 2nd,PROD374,Sweden
363,Accepted-In Progress,Value 46,18.95742923981443,Accepted,Medium,In Progress,Org line G3,,us,G199 3rd,PROD97,USA
363,Queued-Awaiting Assignment,Value 46,18.957431631014305,Queued,Medium,Awaiting Assignment,Org line G3,,us,G199 3rd,PROD97,USA
363,Accepted-In Progress,Value 74,18.95848502093534,Accepted,Medium,In Progress,Org line G3,,us,G199 3rd,PROD97,Sweden
363,Accepted-Assigned,Value 46,18.958485476478018,Accepted,Medium,Assigned,Org line G3,,us,G199 3rd,PROD97,USA
363,Accepted-In Progress,Value 43,19.067440021102595,Accepted,Medium,In Progress,Org line G3,,us,G199 3rd,PROD97,POLAND
363,Completed-Closed,Value 43,19.06744024631091,Completed,Medium,Closed,Org line G3,,us,G199 3rd,PROD97,POLAND
364,Accepted-In Progress,Value 46,18.958003209269325,Accepted,Medium,In Progress,Org line G3,,us,G199 3rd,PROD98,USA
364,Queued-Awaiting Assignment,Value 46,18.958004278557283,Queued,Medium,Awaiting Assignment,Org line G3,,us,G199 3rd,PROD98,USA
364,Accepted-In Progress,Value 74,18.958006703441036,Accepted,Medium,In Progress,Org line G3,,us,G199 3rd,PROD98,Sweden
364,Accepted-Assigned,Value 46,18.95800746888505,Accepted,Medium,Assigned,Org line G3,,us,G199 3rd,PROD98,USA
364,Accepted-In Progress,Value 43,19.06897254117939,Accepted,Medium,In Progress,Org line G3,,us,G199 3rd,PROD98,POLAND
364,Completed-Closed,Value 43,19.068973513844156,Completed,Medium,Closed,Org line G3,,us,G199 3rd,PROD98,POLAND
365,Accepted-In Progress,Value 200,18.95824252012648,Accepted,High,In Progress,Org line C,E_7,in,G157 2nd,PROD675,Sweden
365,Accepted-In Progress,Value 200,18.958242794686743,Accepted,High,In Progress,Org line C,E_7,in,G157 2nd,PROD675,Sweden
365,Accepted-Assigned,Value 200,18.958244488780327,Accepted,High,Assigned,Org line C,E_7,in,G157 2nd,PROD675,Sweden
365,Accepted-In Progress,Value 200,19.072454903204676,Accepted,High,In Progress,Org line C,E_7,in,G157 2nd,PROD675,Sweden
365,Completed-Closed,Value 200,19.072455476436957,Completed,High,Closed,Org line C,E_7,in,G157 2nd,PROD675,Sweden
366,Accepted-In Progress,Value 29,18.95893222305868,Accepted,Medium,In Progress,Org line A2,A2_1,gb,G42 3rd,PROD236,United Kingdom
366,Accepted-Assigned,Value 29,18.958932526618042,Accepted,Medium,Assigned,Org line A2,A2_1,gb,G42 3rd,PROD236,United Kingdom
366,Accepted-Assigned,Value 198,18.988869660235903,Accepted,Medium,Assigned,Org line A2,A2_1,gb,G42 3rd,PROD236,United Kingdom
366,Accepted-Wait,Value 198,18.989908316048695,Accepted,Medium,Wait,Org line A2,A2_1,gb,G42 3rd,PROD236,United Kingdom
366,Completed-Closed,Value 198,19.074649053283643,Completed,Medium,Closed,Org line A2,A2_1,gb,G42 3rd,PROD236,United Kingdom
367,Accepted-In Progress,Value 77,18.95910458908246,Accepted,Low,In Progress,Org line C,C_2,be,G58 3rd,PROD328,Sweden
367,Accepted-In Progress,Value 77,19.003840783621996,Accepted,Low,In Progress,Org line C,C_2,be,G58 3rd,PROD328,Sweden
367,Completed-Closed,Value 77,19.075149043341565,Completed,Low,Closed,Org line C,C_2,be,G58 3rd,PROD328,Sweden
368,Accepted-In Progress,Value 39,18.960498972807336,Accepted,Medium,In Progress,Org line C,E_1,se,G55 2nd,PROD835,Sweden
368,Accepted-Wait,Value 39,19.000008701311266,Accepted,Medium,Wait,Org line C,E_1,se,G55 2nd,PROD835,Sweden
368,Accepted-In Progress,Value 39,19.00239024692267,Accepted,Medium,In Progress,Org line C,E_1,se,G55 2nd,PROD835,Sweden
368,Queued-Awaiting Assignment,Value 201,19.002398737216158,Queued,Medium,Awaiting Assignment,Org line A2,A2_1,se,D4,PROD835,INDIA
368,Accepted-In Progress,Value 202,19.00284007730477,Accepted,Medium,In Progress,Org line A2,A2_1,se,D4,PROD835,INDIA
368,Queued-Awaiting Assignment,Value 166,19.002840473975066,Queued,Medium,Awaiting Assignment,Org line C,E_1,se,G294 2nd,PROD835,Sweden
368,Accepted-In Progress,Value 203,19.002886743647025,Accepted,Medium,In Progress,Org line C,E_1,se,G294 2nd,PROD835,INDIA
368,Queued-Awaiting Assignment,Value 77,19.00291171005599,Queued,Medium,Awaiting Assignment,Org line C,E_1,se,G55 2nd,PROD835,Belgium
368,Accepted-In Progress,Value 39,19.0029672942503,Accepted,Medium,In Progress,Org line C,E_1,se,G55 2nd,PROD835,Sweden
368,Queued-Awaiting Assignment,Value 166,19.002969422588684,Queued,Medium,Awaiting Assignment,Org line C,E_1,se,G294 2nd,PROD835,Sweden
368,Accepted-In Progress,Value 39,19.002969897414218,Accepted,Medium,In Progress,Org line C,E_1,se,G294 2nd,PROD835,Sweden
368,Accepted-Assigned,Value 204,19.002981265228733,Accepted,Medium,Assigned,Org line C,E_1,se,G294 2nd,PROD835,Sweden
368,Accepted-In Progress,Value 39,19.06154174790662,Accepted,Medium,In Progress,Org line C,E_1,se,G294 2nd,PROD835,Sweden
368,Completed-Closed,Value 39,19.061542390649528,Completed,Medium,Closed,Org line C,E_1,se,G294 2nd,PROD835,Sweden
369,Accepted-In Progress,Value 46,18.960655987226936,Accepted,Medium,In Progress,Org line G3,,us,G199 3rd,PROD96,USA
369,Queued-Awaiting Assignment,Value 46,18.96065645343697,Queued,Medium,Awaiting Assignment,Org line G3,,us,G199 3rd,PROD96,USA
369,Accepted-In Progress,Value 74,18.960929801574714,Accepted,Medium,In Progress,Org line G3,,us,G199 3rd,PROD96,Sweden
369,Accepted-Assigned,Value 46,18.960931683381062,Accepted,Medium,Assigned,Org line G3,,us,G199 3rd,PROD96,USA
369,Accepted-In Progress,Value 43,19.067440345821545,Accepted,Medium,In Progress,Org line G3,,us,G199 3rd,PROD96,POLAND
369,Completed-Closed,Value 43,19.067440612928987,Completed,Medium,Closed,Org line G3,,us,G199 3rd,PROD96,POLAND
370,Accepted-In Progress,Value 163,18.96097661264076,Accepted,High,In Progress,Org line A2,A2_5,fr,V5 3rd,PROD230,France
370,Completed-Closed,Value 163,19.059235224646784,Completed,High,Closed,Org line A2,A2_5,fr,V5 3rd,PROD230,France
371,Accepted-In Progress,Value 158,18.961002484500064,Accepted,Medium,In Progress,Org line A2,A2_1,pl,W6 2nd,PROD791,POLAND
371,Accepted-Wait,Value 158,18.97950299426293,Accepted,Medium,Wait,Org line A2,A2_1,pl,W6 2nd,PROD791,POLAND
371,Accepted-Wait,Value 158,18.97950356042615,Accepted,Medium,Wait,Org line A2,A2_1,pl,W6 2nd,PROD791,POLAND
371,Accepted-In Progress,Value 158,19.062492681876524,Accepted,Medium,In Progress,Org line A2,A2_1,pl,W6 2nd,PROD791,POLAND
371,Completed-Closed,Value 158,19.06249333453527,Completed,Medium,Closed,Org line A2,A2_1,pl,W6 2nd,PROD791,POLAND
372,Accepted-In Progress,Value 31,18.960989318539564,Accepted,Medium,In Progress,Org line C,E_3,se,G68 2nd,PROD714,Sweden
372,Accepted-Wait,Value 31,18.96099667635213,Accepted,Medium,Wait,Org line C,E_3,se,G68 2nd,PROD714,Sweden
372,Completed-Closed,Value 31,19.081744858044864,Completed,Medium,Closed,Org line C,E_3,se,G68 2nd,PROD714,Sweden
373,Accepted-In Progress,Value 77,18.961492787256454,Accepted,Medium,In Progress,Org line G4,,se,M19 2nd,PROD286,Sweden
373,Completed-Closed,Value 77,19.055200750218674,Completed,Medium,Closed,Org line G4,,se,M19 2nd,PROD286,Sweden
374,Accepted-In Progress,Value 77,18.961494359398333,Accepted,Low,In Progress,Org line G4,,se,M19 2nd,PROD286,Sweden
374,Completed-Closed,Value 77,19.055653535921223,Completed,Low,Closed,Org line G4,,se,M19 2nd,PROD286,Sweden
375,Accepted-In Progress,Value 77,18.961495215341206,Accepted,Low,In Progress,Org line G4,,se,M19 2nd,PROD286,Sweden
375,Completed-Closed,Value 77,19.055653604814708,Completed,Low,Closed,Org line G4,,se,M19 2nd,PROD286,Sweden
376,Accepted-In Progress,Value 77,18.961496275078986,Accepted,Medium,In Progress,Org line G4,,se,M19 2nd,PROD286,Sweden
376,Completed-Closed,Value 77,19.05520095699272,Completed,Medium,Closed,Org line G4,,se,M19 2nd,PROD286,Sweden
377,Accepted-In Progress,Value 77,18.96150115451647,Accepted,Medium,In Progress,Org line G4,,se,M19 2nd,PROD286,Sweden
377,Completed-Closed,Value 77,19.05520118497431,Completed,Medium,Closed,Org line G4,,se,M19 2nd,PROD286,Sweden
378,Accepted-In Progress,Value 77,18.961501812481757,Accepted,Medium,In Progress,Org line G4,,se,M19 2nd,PROD286,Sweden
378,Completed-Closed,Value 77,19.055201301616034,Completed,Medium,Closed,Org line G4,,se,M19 2nd,PROD286,Sweden
379,Accepted-In Progress,Value 77,18.96150821160828,Accepted,Medium,In Progress,Org line G4,,se,M19 2nd,PROD286,Sweden
379,Completed-Closed,Value 77,19.055201465974804,Completed,Medium,Closed,Org line G4,,se,M19 2nd,PROD286,Sweden
380,Accepted-In Progress,Value 77,18.961526279166687,Accepted,Medium,In Progress,Org line G4,,se,M19 2nd,PROD286,Sweden
380,Completed-Closed,Value 77,19.055201619729758,Completed,Medium,Closed,Org line G4,,se,M19 2nd,PROD286,Sweden
381,Accepted-In Progress,Value 46,18.96219840721559,Accepted,Low,In Progress,Org line G3,,us,G199 3rd,PROD96,USA
381,Queued-Awaiting Assignment,Value 46,18.962198616686788,Queued,Low,Awaiting Assignment,Org line G3,,us,G199 3rd,PROD96,USA
381,Accepted-In Progress,Value 78,18.96224064968661,Accepted,Low,In Progress,Org line G3,,us,G199 3rd,PROD96,Sweden
381,Accepted-Assigned,Value 46,18.962240678778606,Accepted,Low,Assigned,Org line G3,,us,G199 3rd,PROD96,USA
381,Queued-Awaiting Assignment,Value 72,18.9627030240608,Queued,Low,Awaiting Assignment,Org line A2,A2_2,us,G21 2nd,PROD96,Sweden
381,Accepted-Assigned,Value 205,18.962703442791806,Accepted,Low,Assigned,Org line A2,A2_2,us,G21 2nd,PROD96,USA
381,Accepted-In Progress,Value 135,18.965737698810827,Accepted,Low,In Progress,Org line A2,A2_2,us,S2 2nd,PROD96,Brazil
381,Queued-Awaiting Assignment,Value 135,18.965742685153728,Queued,Low,Awaiting Assignment,Org line A2,A2_2,us,S2 2nd,PROD96,Brazil
381,Queued-Awaiting Assignment,Value 46,18.965742690951785,Queued,Low,Awaiting Assignment,Org line G3,,us,G199 3rd,PROD96,USA
381,Accepted-In Progress,Value 78,18.96581206811494,Accepted,Low,In Progress,Org line G3,,us,G199 3rd,PROD96,Sweden
381,Accepted-Assigned,Value 46,18.965812207258683,Accepted,Low,Assigned,Org line G3,,us,G199 3rd,PROD96,USA
381,Accepted-In Progress,Value 43,19.06743127983834,Accepted,Low,In Progress,Org line G3,,us,G199 3rd,PROD96,POLAND
381,Completed-Closed,Value 43,19.067431285075784,Completed,Low,Closed,Org line G3,,us,G199 3rd,PROD96,POLAND
382,Accepted-In Progress,Value 163,18.964082703883726,Accepted,High,In Progress,Org line A2,A2_5,fr,V5 3rd,PROD230,France
382,Completed-Closed,Value 163,19.059235351380018,Completed,High,Closed,Org line A2,A2_5,fr,V5 3rd,PROD230,France
383,Accepted-In Progress,Value 206,18.964521018813965,Accepted,Major,In Progress,Org line C,E_6,se,S20 2nd,PROD374,Sweden
383,Queued-Awaiting Assignment,Value 206,18.96612894099548,Queued,Major,Awaiting Assignment,Org line C,E_6,se,S20 2nd,PROD374,Sweden
383,Accepted-Assigned,Value 39,18.97158854432081,Accepted,Major,Assigned,Org line C,E_6,se,S20 2nd,PROD374,Sweden
383,Queued-Awaiting Assignment,Value 108,18.998506317054527,Queued,Major,Awaiting Assignment,Org line G4,,se,S33 2nd,PROD374,Sweden
383,Accepted-Assigned,Value 76,19.020082277687745,Accepted,Major,Assigned,Org line G4,,se,S33 2nd,PROD374,Sweden
383,Accepted-In Progress,Value 76,19.057922616383816,Accepted,Major,In Progress,Org line G4,,se,S33 2nd,PROD374,Sweden
383,Completed-Closed,Value 76,19.057923658018353,Completed,Major,Closed,Org line G4,,se,S33 2nd,PROD374,Sweden
384,Queued-Awaiting Assignment,Value 207,18.96462255727793,Queued,High,Awaiting Assignment,Org line C,E_1,se,G99 2nd,PROD24,Sweden
384,Accepted-In Progress,Value 207,18.993286837050317,Accepted,High,In Progress,Org line C,C_1,se,G100 3rd,PROD24,Sweden
384,Completed-Closed,Value 207,19.06199821786037,Completed,High,Closed,Org line C,C_1,se,G100 3rd,PROD24,Sweden
385,Accepted-In Progress,Value 57,18.965056887589583,Accepted,Low,In Progress,Org line A2,A2_2,se,G39 3rd,PROD215,Sweden
385,Queued-Awaiting Assignment,Value 57,18.965063948642882,Queued,Low,Awaiting Assignment,Org line A2,A2_2,se,G39 3rd,PROD215,Sweden
385,Accepted-In Progress,Value 57,18.965969670782176,Accepted,Low,In Progress,Org line A2,A2_2,se,G39 3rd,PROD215,Sweden
385,Accepted-Wait,Value 57,19.096471499422382,Accepted,Low,Wait,Org line A2,A2_2,se,G39 3rd,PROD215,Sweden
385,Completed-Closed,Value 57,19.116877893624284,Completed,Low,Closed,Org line A2,A2_2,se,G39 3rd,PROD215,Sweden
386,Accepted-In Progress,Value 163,18.965492456020716,Accepted,High,In Progress,Org line A2,A2_5,fr,V5 3rd,PROD230,France
386,Completed-Closed,Value 163,19.059235530918745,Completed,High,Closed,Org line A2,A2_5,fr,V5 3rd,PROD230,France
387,Accepted-In Progress,Value 118,18.96556643762936,Accepted,High,In Progress,Org line C,C_3,se,G62 3rd,PROD348,France
387,Queued-Awaiting Assignment,Value 118,18.96558076125602,Queued,High,Awaiting Assignment,Org line C,C_3,se,G62 3rd,PROD348,France
387,Accepted-In Progress,Value 44,19.118593117922757,Accepted,High,In Progress,Org line C,C_3,se,G292 3rd,PROD348,Sweden
387,Completed-Closed,Value 44,19.118593695165355,Completed,High,Closed,Org line C,C_3,se,G292 3rd,PROD348,Sweden
388,Accepted-In Progress,Value 208,18.965706429235542,Accepted,Major,In Progress,Org line C,E_1,be,G55 2nd,PROD816,Sweden
388,Accepted-Assigned,Value 208,18.98638854923935,Accepted,Major,Assigned,Org line C,E_1,be,G55 2nd,PROD816,Sweden
388,Accepted-Assigned,Value 209,18.98878956943864,Accepted,Major,Assigned,Org line C,E_1,be,G55 2nd,PROD816,Sweden
388,Accepted-Assigned,Value 210,18.98878981874083,Accepted,Major,Assigned,Org line C,E_1,be,G55 2nd,PROD816,Sweden
388,Accepted-In Progress,Value 210,19.045998442097208,Accepted,Major,In Progress,Org line C,E_1,be,G55 2nd,PROD816,Sweden
388,Accepted-In Progress,Value 77,19.061587702983367,Accepted,Major,In Progress,Org line C,E_1,be,G55 2nd,PROD816,Belgium
388,Completed-Closed,Value 77,19.061587760932948,Completed,Major,Closed,Org line C,E_1,be,G55 2nd,PROD816,Belgium
389,Accepted-In Progress,Value 166,18.96598174532444,Accepted,High,In Progress,Org line C,E_1,se,G294 2nd,PROD835,Sweden
389,Completed-Closed,Value 166,19.0876002411785,Completed,High,Closed,Org line C,E_1,se,G294 2nd,PROD835,Sweden
390,Accepted-Assigned,Value 112,18.966032522888657,Accepted,Low,Assigned,Org line G4,,se,S33 2nd,PROD448,Sweden
390,Queued-Awaiting Assignment,Value 108,19.03529782685056,Queued,Low,Awaiting Assignment,Org line G4,,se,S33 2nd,PROD448,Sweden
390,Accepted-In Progress,Value 211,19.035306664267104,Accepted,Low,In Progress,Org line G4,,se,S33 2nd,PROD448,Sweden
390,Accepted-Assigned,Value 31,19.068333520852846,Accepted,Low,Assigned,Org line G4,,se,S33 2nd,PROD448,Sweden
390,Accepted-In Progress,Value 31,19.075081940257434,Accepted,Low,In Progress,Org line G4,,se,S33 2nd,PROD448,Sweden
390,Completed-Closed,Value 31,19.07508209098585,Completed,Low,Closed,Org line G4,,se,S33 2nd,PROD448,Sweden
391,Accepted-In Progress,Value 76,18.96614402160432,Accepted,Medium,In Progress,Org line G4,,se,S33 2nd,PROD304,Sweden
391,Accepted-Wait,Value 76,19.06252215109953,Accepted,Medium,Wait,Org line G4,,se,S33 2nd,PROD304,Sweden
391,Accepted-Wait,Value 76,19.06252243005034,Accepted,Medium,Wait,Org line G4,,se,S33 2nd,PROD304,Sweden
391,Completed-Closed,Value 76,19.067531325822756,Completed,Medium,Closed,Org line G4,,se,S33 2nd,PROD304,Sweden
392,Accepted-In Progress,Value 156,18.966278328677948,Accepted,High,In Progress,Org line C,E_8,br,G181 2nd,PROD473,INDIA
392,Queued-Awaiting Assignment,Value 156,18.966279441308462,Queued,High,Awaiting Assignment,Org line C,E_8,br,G181 2nd,PROD473,INDIA
392,Accepted-Assigned,Value 23,18.96743014232228,Accepted,High,Assigned,Org line C,E_8,br,G181 2nd,PROD473,Brazil
392,Accepted-In Progress,Value 212,19.065300265385414,Accepted,High,In Progress,Org line B,E_6,br,S4 2nd,PROD473,Brazil
392,Completed-Closed,Value 212,19.065300921462953,Completed,High,Closed,Org line B,E_6,br,S4 2nd,PROD473,Brazil
393,Accepted-In Progress,Value 104,18.96801165513025,Accepted,High,In Progress,Org line C,E_8,in,G186 2nd,PROD473,Sweden
393,Completed-Closed,Value 104,19.114306065184838,Completed,High,Closed,Org line C,E_8,in,G186 2nd,PROD473,Sweden
394,Accepted-In Progress,Value 139,18.968077294440217,Accepted,Medium,In Progress,Org line G4,,se,S33 2nd,PROD374,Sweden
394,Accepted-Assigned,Value 139,19.074736863353845,Accepted,Medium,Assigned,Org line G4,,se,S33 2nd,PROD374,Sweden
394,Completed-Closed,Value 139,19.117791175447667,Completed,Medium,Closed,Org line G4,,se,S33 2nd,PROD374,Sweden
395,Accepted-In Progress,Value 46,18.96905895185621,Accepted,Medium,In Progress,Org line G3,,us,G199 3rd,PROD97,USA
395,Queued-Awaiting Assignment,Value 46,18.96906122872549,Queued,Medium,Awaiting Assignment,Org line G3,,us,G199 3rd,PROD97,USA
395,Accepted-In Progress,Value 78,18.969338049306113,Accepted,Medium,In Progress,Org line G3,,us,G199 3rd,PROD97,Sweden
395,Accepted-Assigned,Value 46,18.969338528817747,Accepted,Medium,Assigned,Org line G3,,us,G199 3rd,PROD97,USA
395,Accepted-In Progress,Value 43,19.070675341278772,Accepted,Medium,In Progress,Org line G3,,us,G199 3rd,PROD97,POLAND
395,Completed-Closed,Value 43,19.070675774579016,Completed,Medium,Closed,Org line G3,,us,G199 3rd,PROD97,POLAND
396,Accepted-In Progress,Value 213,18.969066897760744,Accepted,Medium,In Progress,Org line A2,A2_1,pl,W16 3rd,PROD509,POLAND
396,Accepted-Wait,Value 213,18.96907126653663,Accepted,Medium,Wait,Org line A2,A2_1,pl,W16 3rd,PROD509,POLAND
396,Accepted-In Progress,Value 213,19.055593321199918,Accepted,Medium,In Progress,Org line A2,A2_1,pl,W16 3rd,PROD509,POLAND
396,Completed-Closed,Value 213,19.055593612689876,Completed,Medium,Closed,Org line A2,A2_1,pl,W16 3rd,PROD509,POLAND
397,Accepted-In Progress,Value 143,18.96910132735796,Accepted,Medium,In Progress,Org line A2,A2_1,gb,G42 3rd,PROD236,United Kingdom
397,Accepted-Wait,Value 143,19.025946614695364,Accepted,Medium,Wait,Org line A2,A2_1,gb,G42 3rd,PROD236,United Kingdom
397,Completed-Closed,Value 143,19.074637109312082,Completed,Medium,Closed,Org line A2,A2_1,gb,G42 3rd,PROD236,United Kingdom
398,Accepted-In Progress,Value 156,18.970999984014803,Accepted,Medium,In Progress,Org line C,E_8,br,G181 2nd,PROD476,INDIA
398,Queued-Awaiting Assignment,Value 156,18.971000295468208,Queued,Medium,Awaiting Assignment,Org line C,E_8,br,G181 2nd,PROD476,INDIA
398,Accepted-In Progress,Value 152,18.97100101642479,Accepted,Medium,In Progress,Org line C,E_8,br,G181 2nd,PROD476,INDIA
398,Accepted-Assigned,Value 23,18.971001102939546,Accepted,Medium,Assigned,Org line C,E_8,br,G181 2nd,PROD476,Brazil
398,Accepted-In Progress,Value 212,19.06529830239885,Accepted,Medium,In Progress,Org line B,E_6,br,S4 2nd,PROD476,Brazil
398,Completed-Closed,Value 212,19.065299294389867,Completed,Medium,Closed,Org line B,E_6,br,S4 2nd,PROD476,Brazil
399,Accepted-In Progress,Value 143,18.971075710477887,Accepted,Medium,In Progress,Org line A2,A2_1,gb,G42 3rd,PROD236,United Kingdom
399,Accepted-Wait,Value 143,19.02012864600949,Accepted,Medium,Wait,Org line A2,A2_1,gb,G42 3rd,PROD236,United Kingdom
399,Completed-Closed,Value 143,19.109565493245285,Completed,Medium,Closed,Org line A2,A2_1,gb,G42 3rd,PROD236,United Kingdom
400,Accepted-In Progress,Value 143,18.97111488643457,Accepted,High,In Progress,Org line A2,A2_1,gb,G42 3rd,PROD236,United Kingdom
400,Accepted-Wait,Value 143,18.971120497703854,Accepted,High,Wait,Org line A2,A2_1,gb,G42 3rd,PROD236,United Kingdom
400,Accepted-In Progress,Value 143,19.109564820383135,Accepted,High,In Progress,Org line A2,A2_1,gb,G42 3rd,PROD236,United Kingdom
400,Completed-Closed,Value 143,19.10956555852293,Completed,High,Closed,Org line A2,A2_1,gb,G42 3rd,PROD236,United Kingdom
401,Accepted-In Progress,Value 120,18.971115186318205,Accepted,Low,In Progress,Org line A2,A2_3,se,N23 2nd,PROD76,Sweden
401,Accepted-Wait,Value 120,18.971115313192023,Accepted,Low,Wait,Org line A2,A2_3,se,N23 2nd,PROD76,Sweden
401,Accepted-Wait,Value 120,18.971116547327423,Accepted,Low,Wait,Org line A2,A2_3,se,N23 2nd,PROD76,Sweden
401,Accepted-Assigned,Value 120,18.97148581987946,Accepted,Low,Assigned,Org line A2,A2_3,se,N23 2nd,PROD76,Sweden
401,Accepted-Wait,Value 120,19.068405363596487,Accepted,Low,Wait,Org line A2,A2_3,se,N23 2nd,PROD76,Sweden
401,Completed-Closed,Value 120,19.069252582487668,Completed,Low,Closed,Org line A2,A2_3,se,N23 2nd,PROD76,Sweden
402,Accepted-In Progress,Value 120,18.971116339715966,Accepted,Low,In Progress,Org line A2,A2_3,se,N23 2nd,PROD76,Sweden
402,Accepted-Wait,Value 120,18.971116679968052,Accepted,Low,Wait,Org line A2,A2_3,se,N23 2nd,PROD76,Sweden
402,Accepted-Assigned,Value 120,18.971485894822575,Accepted,Low,Assigned,Org line A2,A2_3,se,N23 2nd,PROD76,Sweden
402,Accepted-Wait,Value 120,19.068405410687635,Accepted,Low,Wait,Org line A2,A2_3,se,N23 2nd,PROD76,Sweden
402,Completed-Closed,Value 120,19.069253643754614,Completed,Low,Closed,Org line A2,A2_3,se,N23 2nd,PROD76,Sweden
403,Accepted-In Progress,Value 120,18.97111715862757,Accepted,Low,In Progress,Org line A2,A2_3,se,N23 2nd,PROD76,Sweden
403,Accepted-Wait,Value 120,18.971117325869997,Accepted,Low,Wait,Org line A2,A2_3,se,N23 2nd,PROD76,Sweden
403,Accepted-Assigned,Value 120,18.971485110802032,Accepted,Low,Assigned,Org line A2,A2_3,se,N23 2nd,PROD76,Sweden
403,Accepted-Wait,Value 120,19.068405504869922,Accepted,Low,Wait,Org line A2,A2_3,se,N23 2nd,PROD76,Sweden
403,Completed-Closed,Value 120,19.069254140406244,Completed,Low,Closed,Org line A2,A2_3,se,N23 2nd,PROD76,Sweden
404,Accepted-In Progress,Value 104,18.971317708339967,Accepted,Low,In Progress,Org line C,E_8,in,G186 2nd,PROD476,Sweden
404,Queued-Awaiting Assignment,Value 104,18.97132065467185,Queued,Low,Awaiting Assignment,Org line C,E_8,in,G186 2nd,PROD476,Sweden
404,Queued-Awaiting Assignment,Value 104,18.97551282245872,Queued,Low,Awaiting Assignment,Org line C,E_8,in,G186 2nd,PROD476,Sweden
404,Accepted-In Progress,Value 199,18.98242267575548,Accepted,Low,In Progress,Org line C,E_8,in,G186 2nd,PROD476,INDIA
404,Accepted-Assigned,Value 214,18.982423787673962,Accepted,Low,Assigned,Org line C,E_8,in,G186 2nd,PROD476,INDIA
404,Accepted-In Progress,Value 199,19.00911270060897,Accepted,Low,In Progress,Org line C,E_8,in,G186 2nd,PROD476,INDIA
404,Accepted-Assigned,Value 186,19.009112794992486,Accepted,Low,Assigned,Org line C,E_8,in,G186 2nd,PROD476,INDIA
404,Accepted-Wait,Value 186,19.019228043885786,Accepted,Low,Wait,Org line C,E_8,in,G186 2nd,PROD476,INDIA
404,Accepted-Assigned,Value 215,19.019228906772288,Accepted,Low,Assigned,Org line C,E_8,in,G186 2nd,PROD476,Sweden
404,Accepted-Wait,Value 215,19.020248290948697,Accepted,Low,Wait,Org line C,E_8,in,G186 2nd,PROD476,Sweden
404,Completed-Closed,Value 215,19.103011441707817,Completed,Low,Closed,Org line C,E_8,in,G186 2nd,PROD476,Sweden
405,Accepted-In Progress,Value 46,18.971488610065432,Accepted,Medium,In Progress,Org line G3,,us,G199 3rd,PROD97,USA
405,Queued-Awaiting Assignment,Value 46,18.971490183865242,Queued,Medium,Awaiting Assignment,Org line G3,,us,G199 3rd,PROD97,USA
405,Accepted-In Progress,Value 78,18.971512066920223,Accepted,Medium,In Progress,Org line G3,,us,G199 3rd,PROD97,Sweden
405,Accepted-Assigned,Value 46,18.971512118802558,Accepted,Medium,Assigned,Org line G3,,us,G199 3rd,PROD97,USA
405,Accepted-In Progress,Value 43,19.06780474495774,Accepted,Medium,In Progress,Org line G3,,us,G199 3rd,PROD97,POLAND
405,Completed-Closed,Value 43,19.067810472571125,Completed,Medium,Closed,Org line G3,,us,G199 3rd,PROD97,POLAND
406,Accepted-In Progress,Value 46,18.971723424740812,Accepted,Low,In Progress,Org line G3,,us,G199 3rd,PROD96,USA
406,Queued-Awaiting Assignment,Value 46,18.971723741732465,Queued,Low,Awaiting Assignment,Org line G3,,us,G199 3rd,PROD96,USA
406,Accepted-In Progress,Value 78,18.971848225231284,Accepted,Low,In Progress,Org line G3,,us,G199 3rd,PROD96,Sweden
406,Accepted-Assigned,Value 46,18.971848651675895,Accepted,Low,Assigned,Org line G3,,us,G199 3rd,PROD96,USA
406,Accepted-In Progress,Value 43,19.06194917456857,Accepted,Low,In Progress,Org line G3,,us,G199 3rd,PROD96,POLAND
406,Completed-Closed,Value 43,19.061949369419438,Completed,Low,Closed,Org line G3,,us,G199 3rd,PROD96,POLAND
407,Accepted-In Progress,Value 216,18.97173477297936,Accepted,Major,In Progress,Org line A2,A2_1,se,M19 2nd,PROD700,Sweden
407,Queued-Awaiting Assignment,Value 216,18.971735055386905,Queued,Major,Awaiting Assignment,Org line A2,A2_1,se,M19 2nd,PROD700,Sweden
407,Accepted-Assigned,Value 8,19.002348789332483,Accepted,Major,Assigned,Org line A2,A2_1,se,M19 2nd,PROD700,Sweden
407,Accepted-In Progress,Value 216,19.068342060624786,Accepted,Major,In Progress,Org line A2,A2_1,se,M19 2nd,PROD700,Sweden
407,Completed-Closed,Value 216,19.06834207632283,Completed,Major,Closed,Org line A2,A2_1,se,M19 2nd,PROD700,Sweden
408,Accepted-In Progress,Value 46,18.971969414624624,Accepted,Medium,In Progress,Org line G3,,us,G199 3rd,PROD97,USA
408,Queued-Awaiting Assignment,Value 46,18.971972866097346,Queued,Medium,Awaiting Assignment,Org line G3,,us,G199 3rd,PROD97,USA
408,Accepted-In Progress,Value 78,18.971976444322763,Accepted,Medium,In Progress,Org line G3,,us,G199 3rd,PROD97,Sweden
408,Accepted-Assigned,Value 46,18.971976484656956,Accepted,Medium,Assigned,Org line G3,,us,G199 3rd,PROD97,USA
408,Accepted-In Progress,Value 43,19.067440733389184,Accepted,Medium,In Progress,Org line G3,,us,G199 3rd,PROD97,POLAND
408,Completed-Closed,Value 43,19.067440974309534,Completed,Medium,Closed,Org line G3,,us,G199 3rd,PROD97,POLAND
409,Accepted-Wait,Value 217,18.972007166980937,Accepted,High,Wait,Org line C,E_5,in,G92,PROD793,INDIA
409,Accepted-Assigned,Value 217,18.972007385931228,Accepted,High,Assigned,Org line C,E_5,in,G92,PROD793,INDIA
409,Accepted-In Progress,Value 217,19.00536891347177,Accepted,High,In Progress,Org line C,E_5,in,G92,PROD793,INDIA
409,Completed-Closed,Value 217,19.080907215790802,Completed,High,Closed,Org line C,E_5,in,G92,PROD793,INDIA
410,Accepted-In Progress,Value 46,18.972944175146914,Accepted,Medium,In Progress,Org line G3,,us,G199 3rd,PROD98,USA
410,Queued-Awaiting Assignment,Value 46,18.97294513071782,Queued,Medium,Awaiting Assignment,Org line G3,,us,G199 3rd,PROD98,USA
410,Accepted-In Progress,Value 78,18.97294587905585,Accepted,Medium,In Progress,Org line G3,,us,G199 3rd,PROD98,Sweden
410,Accepted-Assigned,Value 46,18.972945925107403,Accepted,Medium,Assigned,Org line G3,,us,G199 3rd,PROD98,USA
410,Accepted-In Progress,Value 43,19.070772307104367,Accepted,Medium,In Progress,Org line G3,,us,G199 3rd,PROD98,POLAND
410,Completed-Closed,Value 43,19.07077268816282,Completed,Medium,Closed,Org line G3,,us,G199 3rd,PROD98,POLAND
411,Accepted-In Progress,Value 46,18.972948250708047,Accepted,Medium,In Progress,Org line G3,,us,G199 3rd,PROD97,USA
411,Queued-Awaiting Assignment,Value 46,18.9729518081758,Queued,Medium,Awaiting Assignment,Org line G3,,us,G199 3rd,PROD97,USA
411,Accepted-In Progress,Value 78,18.97295251045758,Accepted,Medium,In Progress,Org line G3,,us,G199 3rd,PROD97,Sweden
411,Accepted-Assigned,Value 46,18.972952562265235,Accepted,Medium,Assigned,Org line G3,,us,G199 3rd,PROD97,USA
411,Accepted-In Progress,Value 43,19.070760713462054,Accepted,Medium,In Progress,Org line G3,,us,G199 3rd,PROD97,POLAND
411,Completed-Closed,Value 43,19.070761073644768,Completed,Medium,Closed,Org line G3,,us,G199 3rd,PROD97,POLAND
412,Accepted-In Progress,Value 46,18.973049702650048,Accepted,Medium,In Progress,Org line G3,,us,G199 3rd,PROD97,USA
412,Queued-Awaiting Assignment,Value 46,18.97305621249134,Queued,Medium,Awaiting Assignment,Org line G3,,us,G199 3rd,PROD97,USA
412,Accepted-In Progress,Value 54,18.97450756812371,Accepted,Medium,In Progress,Org line G3,,us,G199 3rd,PROD97,Sweden
412,Accepted-Assigned,Value 46,18.9745076141034,Accepted,Medium,Assigned,Org line G3,,us,G199 3rd,PROD97,USA
412,Accepted-In Progress,Value 43,19.070749145785825,Accepted,Medium,In Progress,Org line G3,,us,G199 3rd,PROD97,POLAND
412,Completed-Closed,Value 43,19.070749709556544,Completed,Medium,Closed,Org line G3,,us,G199 3rd,PROD97,POLAND
413,Accepted-In Progress,Value 46,18.973104445008456,Accepted,Medium,In Progress,Org line G3,,us,G199 3rd,PROD97,USA
413,Queued-Awaiting Assignment,Value 46,18.973105538558844,Queued,Medium,Awaiting Assignment,Org line G3,,us,G199 3rd,PROD97,USA
413,Accepted-In Progress,Value 74,18.974578115724356,Accepted,Medium,In Progress,Org line G3,,us,G199 3rd,PROD97,Sweden
413,Accepted-Assigned,Value 46,18.974579908804216,Accepted,Medium,Assigned,Org line G3,,us,G199 3rd,PROD97,USA
413,Accepted-In Progress,Value 43,19.070676693383724,Accepted,Medium,In Progress,Org line G3,,us,G199 3rd,PROD97,POLAND
413,Completed-Closed,Value 43,19.0706769857305,Completed,Medium,Closed,Org line G3,,us,G199 3rd,PROD97,POLAND
414,Accepted-In Progress,Value 29,18.9745781099773,Accepted,High,In Progress,Org line A2,A2_1,gb,G42 3rd,PROD235,United Kingdom
414,Accepted-In Progress,Value 29,18.97457935134063,Accepted,High,In Progress,Org line A2,A2_1,gb,G42 3rd,PROD235,United Kingdom
414,Accepted-Assigned,Value 29,18.97458163866347,Accepted,High,Assigned,Org line A2,A2_1,gb,G42 3rd,PROD235,United Kingdom
414,Accepted-In Progress,Value 29,19.0005050711883,Accepted,High,In Progress,Org line A2,A2_1,gb,G42 3rd,PROD235,United Kingdom
414,Accepted-In Progress,Value 143,19.00971168442247,Accepted,High,In Progress,Org line A2,A2_1,gb,G42 3rd,PROD235,United Kingdom
414,Accepted-Wait,Value 143,19.009711756554882,Accepted,High,Wait,Org line A2,A2_1,gb,G42 3rd,PROD235,United Kingdom
414,Completed-Closed,Value 143,19.074620324073056,Completed,High,Closed,Org line A2,A2_1,gb,G42 3rd,PROD235,United Kingdom
415,Accepted-In Progress,Value 218,18.97558445891752,Accepted,Medium,In Progress,Org line C,E_5,us,G77,PROD398,INDIA
415,Accepted-In Progress,Value 218,18.975586227228774,Accepted,Medium,In Progress,Org line C,E_5,us,G77,PROD398,INDIA
415,Queued-Awaiting Assignment,Value 13,18.97558712860701,Queued,Medium,Awaiting Assignment,Org line C,E_1,us,G13 2nd,PROD398,Sweden
415,Accepted-In Progress,Value 13,18.99370827108963,Accepted,Medium,In Progress,Org line C,C_1,us,G14 3rd,PROD398,Sweden
415,Accepted-Assigned,Value 219,18.993709968174002,Accepted,Medium,Assigned,Org line C,C_1,us,G14 3rd,PROD398,France
415,Accepted-Assigned,Value 220,19.009266683793598,Accepted,Medium,Assigned,Org line C,C_1,us,G14 3rd,PROD398,Belgium
415,Accepted-Wait,Value 220,19.012986930413508,Accepted,Medium,Wait,Org line C,C_1,us,G14 3rd,PROD398,Belgium
415,Accepted-In Progress,Value 220,19.0867422419377,Accepted,Medium,In Progress,Org line C,C_1,us,G14 3rd,PROD398,Belgium
415,Completed-Closed,Value 220,19.088077330582,Completed,Medium,Closed,Org line C,C_1,us,G14 3rd,PROD398,Belgium
416,Accepted-In Progress,Value 148,18.97644216477777,Accepted,Medium,In Progress,Org line C,E_6,fr,W12 2nd,PROD802,France
416,Queued-Awaiting Assignment,Value 148,18.976444608461232,Queued,Medium,Awaiting Assignment,Org line C,E_6,fr,W12 2nd,PROD802,France
416,Queued-Awaiting Assignment,Value 221,18.97662902623165,Queued,Medium,Awaiting Assignment,Org line A2,A2_5,fr,V5 3rd,PROD802,France
416,Accepted-In Progress,Value 221,19.099461296960712,Accepted,Medium,In Progress,Org line A2,A2_5,fr,V4 3rd,PROD802,France
416,Completed-Closed,Value 221,19.099462585337193,Completed,Medium,Closed,Org line A2,A2_5,fr,V4 3rd,PROD802,France
417,Accepted-In Progress,Value 62,18.97647221134427,Accepted,Low,In Progress,Org line A2,A2_4,us,L23 3rd,PROD546,USA
417,Accepted-In Progress,Value 62,19.01319312504749,Accepted,Low,In Progress,Org line A2,A2_4,us,L23 3rd,PROD546,USA
417,Queued-Awaiting Assignment,Value 62,19.013193219046666,Queued,Low,Awaiting Assignment,Org line A2,A2_4,us,L23 3rd,PROD546,USA
417,Accepted-Assigned,Value 161,19.01319519855666,Accepted,Low,Assigned,Org line A2,A2_4,us,L23 3rd,PROD546,Sweden
417,Accepted-Assigned,Value 222,19.01643404631554,Accepted,Low,Assigned,Org line A2,A2_4,us,L23 3rd,PROD546,Sweden
417,Accepted-In Progress,Value 62,19.07737562416561,Accepted,Low,In Progress,Org line A2,A2_4,us,G113 2nd,PROD546,USA
417,Queued-Awaiting Assignment,Value 62,19.077375987159236,Queued,Low,Awaiting Assignment,Org line A2,A2_4,us,L23 3rd,PROD546,USA
417,Accepted-Assigned,Value 222,19.07737694131328,Accepted,Low,Assigned,Org line A2,A2_4,us,L23 3rd,PROD546,Sweden
417,Accepted-In Progress,Value 62,19.077847912609748,Accepted,Low,In Progress,Org line A2,A2_4,us,G113 2nd,PROD546,USA
417,Completed-Closed,Value 62,19.077850208753915,Completed,Low,Closed,Org line A2,A2_4,us,G113 2nd,PROD546,USA
418,Accepted-In Progress,Value 63,18.9780973096561,Accepted,Medium,In Progress,Org line A2,A2_3,se,S35 2nd,PROD680,Sweden
418,Queued-Awaiting Assignment,Value 63,18.99277637370021,Queued,Medium,Awaiting Assignment,Org line A2,A2_3,se,S35 2nd,PROD680,Sweden
418,Accepted-In Progress,Value 38,18.992776379343624,Accepted,Medium,In Progress,Org line A2,A2_3,se,S21 2nd,PROD680,Sweden
418,Accepted-Assigned,Value 63,18.99568221997452,Accepted,Medium,Assigned,Org line A2,A2_3,se,S35 2nd,PROD680,Sweden
418,Accepted-In Progress,Value 38,18.995683474803737,Accepted,Medium,In Progress,Org line A2,A2_3,se,S35 2nd,PROD680,Sweden
418,Accepted-Wait,Value 38,19.051890614622756,Accepted,Medium,Wait,Org line A2,A2_3,se,S35 2nd,PROD680,Sweden
418,Accepted-In Progress,Value 38,19.059209090854115,Accepted,Medium,In Progress,Org line A2,A2_3,se,S35 2nd,PROD680,Sweden
418,Completed-Closed,Value 38,19.059209096134804,Completed,Medium,Closed,Org line A2,A2_3,se,S35 2nd,PROD680,Sweden
419,Accepted-In Progress,Value 29,18.97800735371764,Accepted,Medium,In Progress,Org line A2,A2_1,gb,G42 3rd,PROD236,United Kingdom
419,Accepted-Assigned,Value 29,18.978066418460923,Accepted,Medium,Assigned,Org line A2,A2_1,gb,G42 3rd,PROD236,United Kingdom
419,Accepted-In Progress,Value 29,19.000504908789235,Accepted,Medium,In Progress,Org line A2,A2_1,gb,G42 3rd,PROD236,United Kingdom
419,Accepted-In Progress,Value 143,19.109564187691447,Accepted,Medium,In Progress,Org line A2,A2_1,gb,G42 3rd,PROD236,United Kingdom
419,Completed-Closed,Value 143,19.10956419271281,Completed,Medium,Closed,Org line A2,A2_1,gb,G42 3rd,PROD236,United Kingdom
420,Accepted-In Progress,Value 208,18.978716020680572,Accepted,High,In Progress,Org line C,E_1,be,G55 2nd,PROD821,Sweden
420,Accepted-Assigned,Value 208,18.98638860603515,Accepted,High,Assigned,Org line C,E_1,be,G55 2nd,PROD821,Sweden
420,Accepted-Wait,Value 208,18.990251717043176,Accepted,High,Wait,Org line C,E_1,be,G55 2nd,PROD821,Sweden
420,Accepted-Wait,Value 208,18.997163869438573,Accepted,High,Wait,Org line C,E_1,be,G55 2nd,PROD821,Sweden
420,Accepted-Assigned,Value 117,18.997163959337918,Accepted,High,Assigned,Org line C,E_1,be,G55 2nd,PROD821,Sweden
420,Accepted-In Progress,Value 117,19.045998533062743,Accepted,High,In Progress,Org line C,E_1,be,G55 2nd,PROD821,Sweden
420,Completed-Closed,Value 117,19.07105433415882,Completed,High,Closed,Org line C,E_1,be,G55 2nd,PROD821,Sweden
421,Accepted-In Progress,Value 223,18.979547342744244,Accepted,Medium,In Progress,Org line A2,A2_1,pl,W9 2nd,PROD756,POLAND
421,Accepted-Assigned,Value 223,18.979563411792338,Accepted,Medium,Assigned,Org line A2,A2_1,pl,W9 2nd,PROD756,POLAND
421,Accepted-Assigned,Value 173,18.98297204094782,Accepted,Medium,Assigned,Org line A2,A2_1,pl,W9 2nd,PROD756,POLAND
421,Accepted-In Progress,Value 172,18.99001874054202,Accepted,Medium,In Progress,Org line A2,A2_1,pl,W9 2nd,PROD756,POLAND
421,Accepted-In Progress,Value 172,18.995228774675326,Accepted,Medium,In Progress,Org line A2,A2_1,pl,W15 2nd,PROD756,POLAND
421,Accepted-Assigned,Value 173,18.99851066009183,Accepted,Medium,Assigned,Org line A2,A2_1,pl,W15 2nd,PROD756,POLAND
421,Accepted-In Progress,Value 173,18.99859038570313,Accepted,Medium,In Progress,Org line A2,A2_1,pl,W15 2nd,PROD756,POLAND
421,Accepted-Wait,Value 173,19.002889319087476,Accepted,Medium,Wait,Org line A2,A2_1,pl,W15 2nd,PROD756,POLAND
421,Completed-Closed,Value 173,19.087167718478902,Completed,Medium,Closed,Org line A2,A2_1,pl,W15 2nd,PROD756,POLAND
422,Accepted-In Progress,Value 198,18.98002616962892,Accepted,High,In Progress,Org line A2,A2_1,gb,G42 3rd,PROD236,United Kingdom
422,Accepted-Wait,Value 198,18.981515354535894,Accepted,High,Wait,Org line A2,A2_1,gb,G42 3rd,PROD236,United Kingdom
422,Completed-Closed,Value 198,19.074649349671198,Completed,High,Closed,Org line A2,A2_1,gb,G42 3rd,PROD236,United Kingdom
423,Accepted-In Progress,Value 220,18.981471298721797,Accepted,High,In Progress,Org line C,E_1,us,G13 2nd,PROD398,Belgium
423,Accepted-Wait,Value 220,19.012986841925446,Accepted,High,Wait,Org line C,E_1,us,G13 2nd,PROD398,Belgium
423,Completed-Closed,Value 220,19.07063941324891,Completed,High,Closed,Org line C,E_1,us,G13 2nd,PROD398,Belgium
424,Accepted-In Progress,Value 129,18.981591493063522,Accepted,High,In Progress,Org line G4,,br,S30 2nd,PROD266,Sweden
424,Queued-Awaiting Assignment,Value 129,18.981598580996685,Queued,High,Awaiting Assignment,Org line G4,,br,S30 2nd,PROD266,Sweden
424,Accepted-In Progress,Value 48,19.04218059556838,Accepted,High,In Progress,Org line G4,,br,S30 2nd,PROD266,Sweden
424,Accepted-In Progress,Value 212,19.071953600445827,Accepted,High,In Progress,Org line B,E_6,br,S4 2nd,PROD266,Brazil
424,Completed-Closed,Value 212,19.071954763126364,Completed,High,Closed,Org line B,E_6,br,S4 2nd,PROD266,Brazil
425,Accepted-In Progress,Value 188,18.98232444000577,Accepted,Low,In Progress,Org line C,E_4,us,G88 2nd,PROD423,INDIA
425,Accepted-Wait,Value 188,19.049098366461685,Accepted,Low,Wait,Org line C,E_4,us,G88 2nd,PROD423,INDIA
425,Completed-Closed,Value 188,19.06464869391635,Completed,Low,Closed,Org line C,E_4,us,G88 2nd,PROD423,INDIA
426,Accepted-In Progress,Value 46,18.98339465346344,Accepted,Medium,In Progress,Org line G3,,us,G199 3rd,PROD98,USA
426,Queued-Awaiting Assignment,Value 46,18.98339575860508,Queued,Medium,Awaiting Assignment,Org line G3,,us,G199 3rd,PROD98,USA
426,Accepted-In Progress,Value 74,18.98341578766157,Accepted,Medium,In Progress,Org line G3,,us,G199 3rd,PROD98,Sweden
426,Accepted-Assigned,Value 46,18.983419877732427,Accepted,Medium,Assigned,Org line G3,,us,G199 3rd,PROD98,USA
426,Queued-Awaiting Assignment,Value 72,19.007008767776863,Queued,Medium,Awaiting Assignment,Org line A2,A2_2,us,G21 2nd,PROD98,Sweden
426,Accepted-Assigned,Value 56,19.00700920174264,Accepted,Medium,Assigned,Org line A2,A2_2,us,G21 2nd,PROD98,Sweden
426,Accepted-In Progress,Value 56,19.007185721176963,Accepted,Medium,In Progress,Org line A2,A2_2,us,G21 2nd,PROD98,Sweden
426,Accepted-Wait,Value 56,19.00718622738077,Accepted,Medium,Wait,Org line A2,A2_2,us,G21 2nd,PROD98,Sweden
426,Queued-Awaiting Assignment,Value 46,19.02292637788791,Queued,Medium,Awaiting Assignment,Org line G3,,us,G199 3rd,PROD98,USA
426,Accepted-In Progress,Value 43,19.070675946854962,Accepted,Medium,In Progress,Org line G3,,us,G199 3rd,PROD98,POLAND
426,Completed-Closed,Value 43,19.07067635927302,Completed,Medium,Closed,Org line G3,,us,G199 3rd,PROD98,POLAND
427,Accepted-In Progress,Value 2,18.984795539017817,Accepted,Low,In Progress,Org line A2,A2_2,cn,M1 2nd,PROD753,Sweden
427,Accepted-Assigned,Value 2,18.984797234229564,Accepted,Low,Assigned,Org line A2,A2_2,cn,M1 2nd,PROD753,Sweden
427,Accepted-In Progress,Value 2,18.996840718974116,Accepted,Low,In Progress,Org line A2,A2_2,cn,M1 2nd,PROD753,Sweden
427,Accepted-In Progress,Value 3,19.06189316653624,Accepted,Low,In Progress,Org line A2,A2_2,cn,M1 2nd,PROD753,China
427,Completed-Closed,Value 3,19.061893477261762,Completed,Low,Closed,Org line A2,A2_2,cn,M1 2nd,PROD753,China
428,Accepted-In Progress,Value 206,18.984924116653442,Accepted,High,In Progress,Org line C,E_6,se,S20 2nd,PROD108,Sweden
428,Queued-Awaiting Assignment,Value 206,18.984925390743008,Queued,High,Awaiting Assignment,Org line C,E_6,se,S20 2nd,PROD108,Sweden
428,Accepted-In Progress,Value 206,18.988270755940405,Accepted,High,In Progress,Org line C,E_6,se,S20 2nd,PROD108,Sweden
428,Queued-Awaiting Assignment,Value 62,18.988271062060953,Queued,High,Awaiting Assignment,Org line G4,,se,S28 2nd,PROD108,Sweden
428,Accepted-Assigned,Value 115,19.027266700733975,Accepted,High,Assigned,Org line G4,,se,S28 2nd,PROD108,Sweden
428,Accepted-In Progress,Value 93,19.06469754197517,Accepted,High,In Progress,Org line G4,,se,S28 2nd,PROD108,Sweden
428,Completed-Closed,Value 93,19.064699338084527,Completed,High,Closed,Org line G4,,se,S28 2nd,PROD108,Sweden
429,Accepted-In Progress,Value 57,18.985316328742158,Accepted,Medium,In Progress,Org line C,E_1,be,G55 2nd,PROD795,Sweden
429,Accepted-Wait,Value 57,18.985318460867273,Accepted,Medium,Wait,Org line C,E_1,be,G55 2nd,PROD795,Sweden
429,Accepted-Assigned,Value 57,18.988794011541085,Accepted,Medium,Assigned,Org line C,E_1,be,G55 2nd,PROD795,Sweden
429,Accepted-Wait,Value 57,18.99568382367974,Accepted,Medium,Wait,Org line C,E_1,be,G55 2nd,PROD795,Sweden
429,Completed-Closed,Value 57,19.05826847987478,Completed,Medium,Closed,Org line C,E_1,be,G55 2nd,PROD795,Sweden
430,Accepted-In Progress,Value 77,18.985462564930952,Accepted,Medium,In Progress,Org line G4,,se,M19 2nd,PROD286,Sweden
430,Completed-Closed,Value 77,19.05520170986196,Completed,Medium,Closed,Org line G4,,se,M19 2nd,PROD286,Sweden
431,Accepted-In Progress,Value 77,18.985486838910163,Accepted,Low,In Progress,Org line G4,,se,M19 2nd,PROD286,Sweden
431,Completed-Closed,Value 77,19.05520295580629,Completed,Low,Closed,Org line G4,,se,M19 2nd,PROD286,Sweden
432,Accepted-In Progress,Value 224,18.985491221807074,Accepted,Medium,In Progress,Org line B,E_10,se,G230 2nd,PROD253,Brazil
432,Accepted-In Progress,Value 224,18.985496519913625,Accepted,Medium,In Progress,Org line B,E_10,se,G230 2nd,PROD253,Brazil
432,Queued-Awaiting Assignment,Value 2,18.98554572502149,Queued,Medium,Awaiting Assignment,Org line C,C_6,se,G250 3rd,PROD253,Sweden
432,Accepted-In Progress,Value 224,18.986499209732703,Accepted,Medium,In Progress,Org line B,E_10,se,G230 2nd,PROD253,Brazil
432,Queued-Awaiting Assignment,Value 2,18.986508699215698,Queued,Medium,Awaiting Assignment,Org line C,C_6,se,G250 3rd,PROD253,Sweden
432,Accepted-In Progress,Value 2,19.020179547648294,Accepted,Medium,In Progress,Org line C,C_6,se,G250 3rd,PROD253,Sweden
432,Accepted-Wait,Value 2,19.02018007477145,Accepted,Medium,Wait,Org line C,C_6,se,G250 3rd,PROD253,Sweden
432,Completed-Closed,Value 2,19.105161186601133,Completed,Medium,Closed,Org line C,C_6,se,G250 3rd,PROD253,Sweden
433,Accepted-In Progress,Value 77,18.985831806805436,Accepted,Low,In Progress,Org line G4,,se,M19 2nd,PROD286,Sweden
433,Completed-Closed,Value 77,19.055203151976105,Completed,Low,Closed,Org line G4,,se,M19 2nd,PROD286,Sweden
434,Accepted-In Progress,Value 29,18.985893678596593,Accepted,High,In Progress,Org line A2,A2_1,gb,G42 3rd,PROD236,United Kingdom
434,Accepted-Assigned,Value 29,18.985899497348417,Accepted,High,Assigned,Org line A2,A2_1,gb,G42 3rd,PROD236,United Kingdom
434,Accepted-Assigned,Value 143,18.99220873333619,Accepted,High,Assigned,Org line A2,A2_1,gb,G42 3rd,PROD236,United Kingdom
434,Accepted-Wait,Value 143,18.992209230238615,Accepted,High,Wait,Org line A2,A2_1,gb,G42 3rd,PROD236,United Kingdom
434,Completed-Closed,Value 143,19.074637426502548,Completed,High,Closed,Org line A2,A2_1,gb,G42 3rd,PROD236,United Kingdom
435,Accepted-In Progress,Value 77,18.985933369312562,Accepted,Low,In Progress,Org line G4,,se,M19 2nd,PROD286,Sweden
435,Completed-Closed,Value 77,19.055203210296856,Completed,Low,Closed,Org line G4,,se,M19 2nd,PROD286,Sweden
436,Accepted-In Progress,Value 77,18.98630034147164,Accepted,Low,In Progress,Org line G4,,se,M19 2nd,PROD286,Sweden
436,Completed-Closed,Value 77,19.055653053666692,Completed,Low,Closed,Org line G4,,se,M19 2nd,PROD286,Sweden
437,Accepted-In Progress,Value 77,18.9863032155885,Accepted,Low,In Progress,Org line G4,,se,M19 2nd,PROD286,Sweden
437,Completed-Closed,Value 77,19.05565335043874,Completed,Low,Closed,Org line G4,,se,M19 2nd,PROD286,Sweden
438,Accepted-In Progress,Value 77,18.986306839463207,Accepted,Low,In Progress,Org line G4,,se,M19 2nd,PROD286,Sweden
438,Completed-Closed,Value 77,19.055653456428733,Completed,Low,Closed,Org line G4,,se,M19 2nd,PROD286,Sweden
439,Accepted-In Progress,Value 94,18.9874503734632,Accepted,Low,In Progress,Org line F,,se,S1 2nd,PROD153,Sweden
439,Queued-Awaiting Assignment,Value 94,18.987451564908515,Queued,Low,Awaiting Assignment,Org line F,,se,S1 2nd,PROD153,Sweden
439,Accepted-In Progress,Value 123,19.002391879032082,Accepted,Low,In Progress,Org line F,,se,S1 2nd,PROD153,Sweden
439,Accepted-Wait,Value 123,19.055591222469715,Accepted,Low,Wait,Org line F,,se,S1 2nd,PROD153,Sweden
439,Completed-Closed,Value 123,19.055591482161315,Completed,Low,Closed,Org line F,,se,S1 2nd,PROD153,Sweden
440,Accepted-In Progress,Value 104,18.988630626641697,Accepted,Medium,In Progress,Org line C,E_8,in,G186 2nd,PROD476,Sweden
440,Queued-Awaiting Assignment,Value 104,18.98863129533098,Queued,Medium,Awaiting Assignment,Org line C,E_8,in,G186 2nd,PROD476,Sweden
440,Queued-Awaiting Assignment,Value 104,18.988631300997838,Queued,Medium,Awaiting Assignment,Org line C,E_8,in,G186 2nd,PROD476,Sweden
440,Accepted-In Progress,Value 186,19.019226241165086,Accepted,Medium,In Progress,Org line C,E_8,in,G181 2nd,PROD476,INDIA
440,Accepted-Wait,Value 186,19.019226290630026,Accepted,Medium,Wait,Org line C,E_8,in,G181 2nd,PROD476,INDIA
440,Accepted-Assigned,Value 214,19.01922856051856,Accepted,Medium,Assigned,Org line C,E_8,in,G181 2nd,PROD476,INDIA
440,Accepted-In Progress,Value 214,19.045476158187807,Accepted,Medium,In Progress,Org line C,E_8,in,G181 2nd,PROD476,Sweden
440,Completed-Closed,Value 214,19.06197666923037,Completed,Medium,Closed,Org line C,E_8,in,G181 2nd,PROD476,Sweden
441,Accepted-In Progress,Value 120,18.988746490220063,Accepted,Low,In Progress,Org line A2,A2_3,se,N23 2nd,PROD554,Sweden
441,Accepted-Wait,Value 120,18.988746722534383,Accepted,Low,Wait,Org line A2,A2_3,se,N23 2nd,PROD554,Sweden
441,Accepted-Assigned,Value 120,18.988746915185246,Accepted,Low,Assigned,Org line A2,A2_3,se,N23 2nd,PROD554,Sweden
441,Accepted-In Progress,Value 195,19.061988949689322,Accepted,Low,In Progress,Org line A2,A2_3,se,N23 2nd,PROD554,Sweden
441,Completed-Closed,Value 195,19.06198896022138,Completed,Low,Closed,Org line A2,A2_3,se,N23 2nd,PROD554,Sweden
442,Accepted-In Progress,Value 225,18.98889735284484,Accepted,Medium,In Progress,Org line C,E_4,us,G88 2nd,PROD219,INDIA
442,Accepted-Wait,Value 225,18.988898621882193,Accepted,Medium,Wait,Org line C,E_4,us,G88 2nd,PROD219,INDIA
442,Accepted-Wait,Value 225,18.98889869553163,Accepted,Medium,Wait,Org line C,E_4,us,G88 2nd,PROD219,INDIA
442,Accepted-In Progress,Value 225,19.05595886763717,Accepted,Medium,In Progress,Org line C,E_4,us,G88 2nd,PROD219,INDIA
442,Completed-Closed,Value 225,19.055959460999688,Completed,Medium,Closed,Org line C,E_4,us,G88 2nd,PROD219,INDIA
443,Accepted-In Progress,Value 226,18.988895732553736,Accepted,Medium,In Progress,Org line G4,,se,S33 2nd,PROD397,Sweden
443,Completed-Closed,Value 226,19.10947258879207,Completed,Medium,Closed,Org line G4,,se,S33 2nd,PROD397,Sweden
444,Accepted-In Progress,Value 227,18.989349730593815,Accepted,Medium,In Progress,Org line A2,A2_1,se,G103 3rd,PROD823,Sweden
444,Completed-Closed,Value 227,18.996709201276563,Completed,Medium,Closed,Org line A2,A2_1,se,G103 3rd,PROD823,Sweden
444,Accepted-In Progress,Value 227,19.074735423139547,Accepted,Medium,In Progress,Org line A2,A2_1,se,G103 3rd,PROD823,Sweden
444,Accepted-In Progress,Value 227,19.09332374828822,Accepted,Medium,In Progress,Org line A2,A2_1,se,G103 3rd,PROD823,Sweden
444,Completed-Closed,Value 227,19.093323880981266,Completed,Medium,Closed,Org line A2,A2_1,se,G103 3rd,PROD823,Sweden
445,Accepted-In Progress,Value 46,18.989818697541107,Accepted,Medium,In Progress,Org line G3,,us,G199 3rd,PROD97,USA
445,Queued-Awaiting Assignment,Value 46,18.989832264784468,Queued,Medium,Awaiting Assignment,Org line G3,,us,G199 3rd,PROD97,USA
445,Accepted-In Progress,Value 78,18.99014244427681,Accepted,Medium,In Progress,Org line G3,,us,G199 3rd,PROD97,Sweden
445,Accepted-Assigned,Value 46,18.990142483884902,Accepted,Medium,Assigned,Org line G3,,us,G199 3rd,PROD97,USA
445,Accepted-In Progress,Value 43,19.068976567796188,Accepted,Medium,In Progress,Org line G3,,us,G199 3rd,PROD97,POLAND
445,Completed-Closed,Value 43,19.068977927429366,Completed,Medium,Closed,Org line G3,,us,G199 3rd,PROD97,POLAND
446,Accepted-In Progress,Value 228,18.99031825481766,Accepted,Medium,In Progress,Org line V2,,se,T2 2nd,PROD615,Sweden
446,Completed-Closed,Value 228,19.06252695641111,Completed,Medium,Closed,Org line V2,,se,T2 2nd,PROD615,Sweden
447,Accepted-In Progress,Value 228,18.990329326101723,Accepted,Low,In Progress,Org line V2,,se,T2 2nd,PROD615,Sweden
447,Accepted-Wait,Value 228,19.029714444560124,Accepted,Low,Wait,Org line V2,,se,T2 2nd,PROD615,Sweden
447,Completed-Closed,Value 228,19.06252725115017,Completed,Low,Closed,Org line V2,,se,T2 2nd,PROD615,Sweden
448,Accepted-In Progress,Value 216,18.99184469726295,Accepted,Medium,In Progress,Org line A2,A2_1,se,M19 2nd,PROD566,Sweden
448,Accepted-In Progress,Value 216,18.991845296022404,Accepted,Medium,In Progress,Org line A2,A2_1,se,M19 2nd,PROD566,Sweden
448,Queued-Awaiting Assignment,Value 216,18.991847081001282,Queued,Medium,Awaiting Assignment,Org line A2,A2_1,se,M19 2nd,PROD566,Sweden
448,Accepted-In Progress,Value 216,19.029663574528794,Accepted,Medium,In Progress,Org line A2,A2_1,se,M19 2nd,PROD566,Sweden
448,Accepted-Wait,Value 216,19.029663596284944,Accepted,Medium,Wait,Org line A2,A2_1,se,M19 2nd,PROD566,Sweden
448,Completed-Closed,Value 216,19.06834004080786,Completed,Medium,Closed,Org line A2,A2_1,se,M19 2nd,PROD566,Sweden
449,Accepted-In Progress,Value 229,18.992105705450445,Accepted,High,In Progress,Org line C,E_10,se,G271 2nd,PROD802,Sweden
449,Queued-Awaiting Assignment,Value 229,18.99210774408815,Queued,High,Awaiting Assignment,Org line C,E_10,se,G271 2nd,PROD802,Sweden
449,Accepted-In Progress,Value 230,18.99215585134338,Accepted,High,In Progress,Org line C,E_10,se,G271 2nd,PROD802,Sweden
449,Queued-Awaiting Assignment,Value 44,18.992156393447402,Queued,High,Awaiting Assignment,Org line C,C_6,se,G273 3rd,PROD802,Sweden
449,Accepted-In Progress,Value 231,18.99220511384634,Accepted,High,In Progress,Org line C,C_6,se,G268 3rd,PROD802,Sweden
449,Accepted-Wait,Value 231,18.99226667726997,Accepted,High,Wait,Org line C,C_6,se,G268 3rd,PROD802,Sweden
449,Accepted-In Progress,Value 8,19.046418700179707,Accepted,High,In Progress,Org line C,E_6,se,G48 2nd,PROD802,Sweden
449,Accepted-In Progress,Value 76,19.046483502514185,Accepted,High,In Progress,Org line C,V3_3,se,G335 2nd,PROD802,Sweden
449,Accepted-In Progress,Value 232,19.046516805942982,Accepted,High,In Progress,Org line A2,A2_2,se,S45 2nd,PROD802,Sweden
449,Accepted-In Progress,Value 232,19.046812942141017,Accepted,High,In Progress,Org line C,E_6,se,G48 2nd,PROD802,Sweden
449,Accepted-In Progress,Value 102,19.046812947487574,Accepted,High,In Progress,Org line C,E_6,se,G48 2nd,PROD802,Sweden
449,Queued-Awaiting Assignment,Value 76,19.046813717391554,Queued,High,Awaiting Assignment,Org line C,V3_3,se,G335 2nd,PROD802,Sweden
449,Accepted-In Progress,Value 102,19.04682560805551,Accepted,High,In Progress,Org line C,V3_3,se,G335 2nd,PROD802,Sweden
449,Accepted-Wait,Value 102,19.071113311994974,Accepted,High,Wait,Org line C,V3_3,se,G335 2nd,PROD802,Sweden
449,Completed-Closed,Value 102,19.11820833648387,Completed,High,Closed,Org line C,V3_3,se,G335 2nd,PROD802,Sweden
450,Accepted-In Progress,Value 46,18.99215760188656,Accepted,Medium,In Progress,Org line G3,,us,G199 3rd,PROD97,USA
450,Queued-Awaiting Assignment,Value 46,18.992160990025948,Queued,Medium,Awaiting Assignment,Org line G3,,us,G199 3rd,PROD97,USA
450,Accepted-In Progress,Value 54,18.992166219031873,Accepted,Medium,In Progress,Org line G3,,us,G199 3rd,PROD97,Sweden
450,Accepted-Assigned,Value 46,18.99216626420675,Accepted,Medium,Assigned,Org line G3,,us,G199 3rd,PROD97,USA
450,Accepted-In Progress,Value 43,19.06745545037359,Accepted,Medium,In Progress,Org line G3,,us,G199 3rd,PROD97,POLAND
450,Completed-Closed,Value 43,19.06746511842411,Completed,Medium,Closed,Org line G3,,us,G199 3rd,PROD97,POLAND
451,Accepted-In Progress,Value 46,18.992155083362178,Accepted,Medium,In Progress,Org line G3,,us,G199 3rd,PROD96,USA
451,Queued-Awaiting Assignment,Value 46,18.992156224039928,Queued,Medium,Awaiting Assignment,Org line G3,,us,G199 3rd,PROD96,USA
451,Accepted-In Progress,Value 54,18.992168251899365,Accepted,Medium,In Progress,Org line G3,,us,G199 3rd,PROD96,Sweden
451,Accepted-Assigned,Value 46,18.99216829707415,Accepted,Medium,Assigned,Org line G3,,us,G199 3rd,PROD96,USA
451,Accepted-In Progress,Value 43,19.06781478134824,Accepted,Medium,In Progress,Org line G3,,us,G199 3rd,PROD96,POLAND
451,Completed-Closed,Value 43,19.067814786583682,Completed,Medium,Closed,Org line G3,,us,G199 3rd,PROD96,POLAND
452,Accepted-In Progress,Value 104,18.992177512687867,Accepted,Medium,In Progress,Org line C,E_8,in,G186 2nd,PROD476,Sweden
452,Queued-Awaiting Assignment,Value 104,18.992180042449323,Queued,Medium,Awaiting Assignment,Org line C,E_8,in,G186 2nd,PROD476,Sweden
452,Accepted-In Progress,Value 186,19.019226768790993,Accepted,Medium,In Progress,Org line C,E_8,in,G181 2nd,PROD476,INDIA
452,Accepted-Wait,Value 186,19.019226812759808,Accepted,Medium,Wait,Org line C,E_8,in,G181 2nd,PROD476,INDIA
452,Accepted-Assigned,Value 214,19.019228631967753,Accepted,Medium,Assigned,Org line C,E_8,in,G181 2nd,PROD476,INDIA
452,Accepted-Wait,Value 214,19.03633614836127,Accepted,Medium,Wait,Org line C,E_8,in,G181 2nd,PROD476,INDIA
452,Accepted-In Progress,Value 214,19.045483107278546,Accepted,Medium,In Progress,Org line C,E_8,in,G181 2nd,PROD476,Sweden
452,Completed-Closed,Value 214,19.061972635393197,Completed,Medium,Closed,Org line C,E_8,in,G181 2nd,PROD476,Sweden
453,Accepted-In Progress,Value 60,18.992270624020737,Accepted,Low,In Progress,Org line G4,,se,S30 2nd,PROD412,Sweden
453,Accepted-In Progress,Value 60,19.077394095188286,Accepted,Low,In Progress,Org line G4,,se,S30 2nd,PROD412,Sweden
453,Completed-Closed,Value 60,19.077394147043567,Completed,Low,Closed,Org line G4,,se,S30 2nd,PROD412,Sweden
454,Accepted-In Progress,Value 38,18.992663769935046,Accepted,Medium,In Progress,Org line V2,,0,T11 2nd,PROD498,Sweden
454,Completed-Closed,Value 38,19.09371596307726,Completed,Medium,Closed,Org line V2,,0,T11 2nd,PROD498,Sweden
455,Accepted-In Progress,Value 46,18.9927077982075,Accepted,Medium,In Progress,Org line G3,,us,G199 3rd,PROD97,USA
455,Queued-Awaiting Assignment,Value 46,18.99271007830111,Queued,Medium,Awaiting Assignment,Org line G3,,us,G199 3rd,PROD97,USA
455,Accepted-In Progress,Value 78,18.993068518857978,Accepted,Medium,In Progress,Org line G3,,us,G199 3rd,PROD97,Sweden
455,Accepted-Assigned,Value 46,18.993068654260377,Accepted,Medium,Assigned,Org line G3,,us,G199 3rd,PROD97,USA
455,Accepted-In Progress,Value 43,19.068975825226516,Accepted,Medium,In Progress,Org line G3,,us,G199 3rd,PROD97,POLAND
455,Completed-Closed,Value 43,19.06897643706213,Completed,Medium,Closed,Org line G3,,us,G199 3rd,PROD97,POLAND
456,Accepted-In Progress,Value 46,18.99318463660665,Accepted,Medium,In Progress,Org line G3,,us,G199 3rd,PROD97,USA
456,Queued-Awaiting Assignment,Value 46,18.99319395003911,Queued,Medium,Awaiting Assignment,Org line G3,,us,G199 3rd,PROD97,USA
456,Accepted-In Progress,Value 54,18.993295286536732,Accepted,Medium,In Progress,Org line G3,,us,G199 3rd,PROD97,Sweden
456,Accepted-Assigned,Value 46,18.993295331660633,Accepted,Medium,Assigned,Org line G3,,us,G199 3rd,PROD97,USA
456,Accepted-In Progress,Value 43,19.070749829618784,Accepted,Medium,In Progress,Org line G3,,us,G199 3rd,PROD97,POLAND
456,Completed-Closed,Value 43,19.07075015848485,Completed,Medium,Closed,Org line G3,,us,G199 3rd,PROD97,POLAND
457,Queued-Awaiting Assignment,Value 233,18.99372069751451,Queued,Medium,Awaiting Assignment,Org line C,V3_2,us,N38,PROD745,USA
457,Queued-Awaiting Assignment,Value 234,19.00689408850151,Queued,Medium,Awaiting Assignment,Org line A2,A2_3,us,N5 2nd,PROD745,USA
457,Accepted-Assigned,Value 235,19.03025357960957,Accepted,Medium,Assigned,Org line A2,A2_3,us,N5 2nd,PROD745,USA
457,Completed-Closed,Value 235,19.06579618966264,Completed,Medium,Closed,Org line A2,A2_3,us,N5 2nd,PROD745,USA
458,Accepted-In Progress,Value 120,18.993714506873868,Accepted,Medium,In Progress,Org line A2,A2_3,se,N23 2nd,PROD76,Sweden
458,Accepted-Assigned,Value 120,18.99513671534117,Accepted,Medium,Assigned,Org line A2,A2_3,se,N23 2nd,PROD76,Sweden
458,Accepted-Wait,Value 120,19.06840530604064,Accepted,Medium,Wait,Org line A2,A2_3,se,N23 2nd,PROD76,Sweden
458,Completed-Closed,Value 120,19.06925183489501,Completed,Medium,Closed,Org line A2,A2_3,se,N23 2nd,PROD76,Sweden
459,Accepted-In Progress,Value 164,18.994361982312757,Accepted,High,In Progress,Org line A2,A2_4,se,G105 2nd,PROD337,Sweden
459,Accepted-In Progress,Value 164,19.096465496107616,Accepted,High,In Progress,Org line A2,A2_4,se,G105 2nd,PROD337,Sweden
459,Completed-Closed,Value 164,19.096465511370326,Completed,High,Closed,Org line A2,A2_4,se,G105 2nd,PROD337,Sweden
460,Accepted-In Progress,Value 164,18.994367019520112,Accepted,High,In Progress,Org line A2,A2_4,se,G105 2nd,PROD337,Sweden
460,Accepted-In Progress,Value 164,19.09646569452283,Accepted,High,In Progress,Org line A2,A2_4,se,G105 2nd,PROD337,Sweden
460,Completed-Closed,Value 164,19.096465765748796,Completed,High,Closed,Org line A2,A2_4,se,G105 2nd,PROD337,Sweden
461,Accepted-In Progress,Value 69,18.995123281806585,Accepted,High,In Progress,Org line B,E_10,pl,G230 2nd,PROD321,INDIA
461,Queued-Awaiting Assignment,Value 69,18.995243929423545,Queued,High,Awaiting Assignment,Org line B,E_10,pl,G230 2nd,PROD321,INDIA
461,Accepted-In Progress,Value 71,18.995571327368385,Accepted,High,In Progress,Org line B,E_10,pl,G230 2nd,PROD321,INDIA
461,Accepted-In Progress,Value 236,18.996179059854597,Accepted,High,In Progress,Org line C,V3_2,pl,V27,PROD321,France
461,Queued-Awaiting Assignment,Value 69,18.99617914984252,Queued,High,Awaiting Assignment,Org line B,E_10,pl,G230 2nd,PROD321,INDIA
461,Accepted-In Progress,Value 71,18.99668688460755,Accepted,High,In Progress,Org line B,E_10,pl,G230 2nd,PROD321,INDIA
461,Queued-Awaiting Assignment,Value 103,19.00192305789423,Queued,High,Awaiting Assignment,Org line C,C_6,pl,G261 3rd,PROD321,Sweden
461,Accepted-In Progress,Value 113,19.0019444975162,Accepted,High,In Progress,Org line C,C_6,pl,G141 3rd,PROD321,Sweden
461,Queued-Awaiting Assignment,Value 237,19.062497624176892,Queued,High,Awaiting Assignment,Org line C,C_6,pl,G144 3rd,PROD321,Sweden
461,Accepted-In Progress,Value 45,19.06251634048382,Accepted,High,In Progress,Org line C,E_10,pl,G249 3rd,PROD321,Sweden
461,Accepted-Wait,Value 45,19.06251639311636,Accepted,High,Wait,Org line C,E_10,pl,G249 3rd,PROD321,Sweden
461,Completed-Closed,Value 45,19.071935482267264,Completed,High,Closed,Org line C,E_10,pl,G249 3rd,PROD321,Sweden
462,Accepted-In Progress,Value 29,18.9952754992016,Accepted,Medium,In Progress,Org line A2,A2_1,gb,G42 3rd,PROD235,United Kingdom
462,Accepted-Assigned,Value 29,18.99527719925766,Accepted,Medium,Assigned,Org line A2,A2_1,gb,G42 3rd,PROD235,United Kingdom
462,Accepted-In Progress,Value 29,19.000504796789865,Accepted,Medium,In Progress,Org line A2,A2_1,gb,G42 3rd,PROD235,United Kingdom
462,Accepted-Wait,Value 29,19.006261165777946,Accepted,Medium,Wait,Org line A2,A2_1,gb,G42 3rd,PROD235,United Kingdom
462,Accepted-In Progress,Value 143,19.109563981815494,Accepted,Medium,In Progress,Org line A2,A2_1,gb,G42 3rd,PROD235,United Kingdom
462,Completed-Closed,Value 143,19.1095640671787,Completed,Medium,Closed,Org line A2,A2_1,gb,G42 3rd,PROD235,United Kingdom
463,Accepted-In Progress,Value 46,18.995677808365127,Accepted,Medium,In Progress,Org line G3,,us,G199 3rd,PROD97,USA
463,Queued-Awaiting Assignment,Value 46,18.99568052060688,Queued,Medium,Awaiting Assignment,Org line G3,,us,G199 3rd,PROD97,USA
463,Accepted-In Progress,Value 238,18.995685551176877,Accepted,Medium,In Progress,Org line G3,,us,G199 3rd,PROD97,Sweden
463,Accepted-Assigned,Value 46,18.99568565809028,Accepted,Medium,Assigned,Org line G3,,us,G199 3rd,PROD97,USA
463,Accepted-In Progress,Value 43,19.068978481740825,Accepted,Medium,In Progress,Org line G3,,us,G199 3rd,PROD97,POLAND
463,Completed-Closed,Value 43,19.068978968070436,Completed,Medium,Closed,Org line G3,,us,G199 3rd,PROD97,POLAND
464,Accepted-In Progress,Value 216,18.995708818640658,Accepted,Low,In Progress,Org line A2,A2_1,se,M19 2nd,PROD566,Sweden
464,Queued-Awaiting Assignment,Value 216,18.995710484198923,Queued,Low,Awaiting Assignment,Org line A2,A2_1,se,M19 2nd,PROD566,Sweden
464,Accepted-In Progress,Value 216,19.02966367243148,Accepted,Low,In Progress,Org line A2,A2_1,se,M19 2nd,PROD566,Sweden
464,Accepted-Wait,Value 216,19.029663705065705,Accepted,Low,Wait,Org line A2,A2_1,se,M19 2nd,PROD566,Sweden
464,Completed-Closed,Value 216,19.121160679034396,Completed,Low,Closed,Org line A2,A2_1,se,M19 2nd,PROD566,Sweden
465,Accepted-In Progress,Value 46,18.99573101085138,Accepted,Medium,In Progress,Org line G3,,us,G199 3rd,PROD96,USA
465,Queued-Awaiting Assignment,Value 46,18.995732305006687,Queued,Medium,Awaiting Assignment,Org line G3,,us,G199 3rd,PROD96,USA
465,Accepted-In Progress,Value 78,18.99597904731342,Accepted,Medium,In Progress,Org line G3,,us,G199 3rd,PROD96,Sweden
465,Accepted-Assigned,Value 46,18.995979097941753,Accepted,Medium,Assigned,Org line G3,,us,G199 3rd,PROD96,USA
465,Accepted-In Progress,Value 43,19.070678431801692,Accepted,Medium,In Progress,Org line G3,,us,G199 3rd,PROD96,POLAND
465,Completed-Closed,Value 43,19.070762571794674,Completed,Medium,Closed,Org line G3,,us,G199 3rd,PROD96,POLAND
466,Accepted-In Progress,Value 239,18.996008799454714,Accepted,High,In Progress,Org line B,E_10,in,G238 2nd,PROD209,INDIA
466,Accepted-Wait,Value 239,18.99600921009445,Accepted,High,Wait,Org line B,E_10,in,G238 2nd,PROD209,INDIA
466,Accepted-In Progress,Value 239,19.055583945777595,Accepted,High,In Progress,Org line B,E_10,in,G238 2nd,PROD209,INDIA
466,Completed-Closed,Value 239,19.08264716811399,Completed,High,Closed,Org line B,E_10,in,G238 2nd,PROD209,INDIA
467,Accepted-In Progress,Value 46,18.99610508141932,Accepted,Medium,In Progress,Org line G3,,us,G199 3rd,PROD98,USA
467,Queued-Awaiting Assignment,Value 46,18.996105880120922,Queued,Medium,Awaiting Assignment,Org line G3,,us,G199 3rd,PROD98,USA
467,Accepted-In Progress,Value 78,18.996107578765873,Accepted,Medium,In Progress,Org line G3,,us,G199 3rd,PROD98,Sweden
467,Accepted-Assigned,Value 46,18.996107612513757,Accepted,Medium,Assigned,Org line G3,,us,G199 3rd,PROD98,USA
467,Accepted-In Progress,Value 43,19.070757513572225,Accepted,Medium,In Progress,Org line G3,,us,G199 3rd,PROD98,POLAND
467,Completed-Closed,Value 43,19.070758134758815,Completed,Medium,Closed,Org line G3,,us,G199 3rd,PROD98,POLAND
468,Accepted-In Progress,Value 240,18.996152231844462,Accepted,High,In Progress,Org line V2,,se,T10 2nd,PROD615,Sweden
468,Completed-Closed,Value 240,19.06553671409475,Completed,High,Closed,Org line V2,,se,T10 2nd,PROD615,Sweden
469,Accepted-In Progress,Value 138,18.99620383997253,Accepted,Medium,In Progress,Org line A2,A2_4,se,G105 2nd,PROD337,Sweden
469,Completed-Closed,Value 138,19.070521262427228,Completed,Medium,Closed,Org line A2,A2_4,se,G105 2nd,PROD337,Sweden
470,Accepted-In Progress,Value 172,18.99657578290674,Accepted,Medium,In Progress,Org line A2,A2_1,pl,W15 2nd,PROD756,POLAND
470,Accepted-Wait,Value 172,19.019192516498286,Accepted,Medium,Wait,Org line A2,A2_1,pl,W15 2nd,PROD756,POLAND
470,Accepted-Assigned,Value 172,19.019193373919162,Accepted,Medium,Assigned,Org line A2,A2_1,pl,W15 2nd,PROD756,POLAND
470,Accepted-Wait,Value 172,19.019626255582722,Accepted,Medium,Wait,Org line A2,A2_1,pl,W15 2nd,PROD756,POLAND
470,Accepted-Assigned,Value 39,19.036636578257994,Accepted,Medium,Assigned,Org line A2,A2_1,pl,W15 2nd,PROD756,POLAND
470,Accepted-Wait,Value 39,19.049150695088525,Accepted,Medium,Wait,Org line A2,A2_1,pl,W15 2nd,PROD756,POLAND
470,Completed-Closed,Value 39,19.080893506735972,Completed,Medium,Closed,Org line A2,A2_1,pl,W15 2nd,PROD756,POLAND
471,Accepted-In Progress,Value 241,18.9966417494492,Accepted,Low,In Progress,Org line C,E_7,se,G153 2nd,PROD673,INDIA
471,Accepted-In Progress,Value 241,19.04954907632347,Accepted,Low,In Progress,Org line C,E_7,se,G153 2nd,PROD673,INDIA
471,Completed-Closed,Value 241,19.055593257602098,Completed,Low,Closed,Org line C,E_7,se,G153 2nd,PROD673,INDIA
472,Accepted-In Progress,Value 98,18.99666952560477,Accepted,High,In Progress,Org line A2,A2_3,se,G110 2nd,PROD539,Sweden
472,Queued-Awaiting Assignment,Value 98,18.99667226326544,Queued,High,Awaiting Assignment,Org line A2,A2_3,se,G110 2nd,PROD539,Sweden
472,Accepted-In Progress,Value 39,19.099530953139432,Accepted,High,In Progress,Org line A2,A2_3,se,M3 2nd,PROD539,Sweden
472,Completed-Closed,Value 39,19.099531064723386,Completed,High,Closed,Org line A2,A2_3,se,M3 2nd,PROD539,Sweden
473,Accepted-In Progress,Value 242,18.996707447440503,Accepted,Low,In Progress,Org line D,D_2,us,G122 3rd,PROD618,USA
473,Queued-Awaiting Assignment,Value 242,18.996707593593626,Queued,Low,Awaiting Assignment,Org line D,D_2,us,G122 3rd,PROD618,USA
473,Accepted-In Progress,Value 243,18.99671391750634,Accepted,Low,In Progress,Org line D,D_2,us,G122 3rd,PROD618,Belgium
473,Completed-Closed,Value 243,19.091098256709614,Completed,Low,Closed,Org line D,D_2,us,G122 3rd,PROD618,Belgium
474,Accepted-In Progress,Value 244,18.996729769271784,Accepted,Low,In Progress,Org line C,E_10,se,G255 2nd,PROD399,Sweden
474,Completed-Closed,Value 244,19.068342039694063,Completed,Low,Closed,Org line C,E_10,se,G255 2nd,PROD399,Sweden
475,Accepted-In Progress,Value 46,18.99705046059915,Accepted,Medium,In Progress,Org line G3,,us,G199 3rd,PROD97,USA
475,Queued-Awaiting Assignment,Value 46,18.9970536973375,Queued,Medium,Awaiting Assignment,Org line G3,,us,G199 3rd,PROD97,USA
475,Accepted-In Progress,Value 238,18.99856058683257,Accepted,Medium,In Progress,Org line G3,,us,G199 3rd,PROD97,Sweden
475,Accepted-Assigned,Value 46,18.998560743936835,Accepted,Medium,Assigned,Org line G3,,us,G199 3rd,PROD97,USA
475,Accepted-In Progress,Value 43,19.054709026649384,Accepted,Medium,In Progress,Org line G3,,us,G199 3rd,PROD97,POLAND
475,Completed-Closed,Value 43,19.05514714658161,Completed,Medium,Closed,Org line G3,,us,G199 3rd,PROD97,POLAND
476,Accepted-In Progress,Value 46,18.997183079621,Accepted,Medium,In Progress,Org line G3,,us,G199 3rd,PROD97,USA
476,Queued-Awaiting Assignment,Value 46,18.997184815767298,Queued,Medium,Awaiting Assignment,Org line G3,,us,G199 3rd,PROD97,USA
476,Accepted-In Progress,Value 238,18.998558628638076,Accepted,Medium,In Progress,Org line G3,,us,G199 3rd,PROD97,Sweden
476,Accepted-Assigned,Value 46,18.998558819407908,Accepted,Medium,Assigned,Org line G3,,us,G199 3rd,PROD97,USA
476,Accepted-In Progress,Value 43,19.070757059427162,Accepted,Medium,In Progress,Org line G3,,us,G199 3rd,PROD97,POLAND
476,Completed-Closed,Value 43,19.070757419611194,Completed,Medium,Closed,Org line G3,,us,G199 3rd,PROD97,POLAND
477,Accepted-In Progress,Value 243,18.997191827744988,Accepted,Low,In Progress,Org line D,D_2,us,G122 3rd,PROD618,Belgium
477,Accepted-Wait,Value 243,18.997194440368332,Accepted,Low,Wait,Org line D,D_2,us,G122 3rd,PROD618,Belgium
477,Completed-Closed,Value 243,19.0619729724246,Completed,Low,Closed,Org line D,D_2,us,G122 3rd,PROD618,Belgium
478,Accepted-In Progress,Value 245,18.99852080499437,Accepted,High,In Progress,Org line C,C_5,fr,V43 3rd,PROD353,France
478,Completed-Closed,Value 245,19.08004960145057,Completed,High,Closed,Org line C,C_5,fr,V43 3rd,PROD353,France
479,Accepted-In Progress,Value 246,18.998623953956546,Accepted,Medium,In Progress,Org line C,C_6,0,N30 3rd,PROD100,Sweden
479,Accepted-Wait,Value 246,18.998626596503946,Accepted,Medium,Wait,Org line C,C_6,0,N30 3rd,PROD100,Sweden
479,Completed-Closed,Value 246,19.05826295634558,Completed,Medium,Closed,Org line C,C_6,0,N30 3rd,PROD100,Sweden
480,Accepted-In Progress,Value 46,18.998645419542967,Accepted,Medium,In Progress,Org line G3,,us,G199 3rd,PROD97,USA
480,Queued-Awaiting Assignment,Value 46,18.998648264007166,Queued,Medium,Awaiting Assignment,Org line G3,,us,G199 3rd,PROD97,USA
480,Accepted-In Progress,Value 238,18.99866985810762,Accepted,Medium,In Progress,Org line G3,,us,G199 3rd,PROD97,Sweden
480,Accepted-Assigned,Value 46,18.99867002080497,Accepted,Medium,Assigned,Org line G3,,us,G199 3rd,PROD97,USA
480,Accepted-In Progress,Value 43,19.068974313938654,Accepted,Medium,In Progress,Org line G3,,us,G199 3rd,PROD97,POLAND
480,Completed-Closed,Value 43,19.06897569972173,Completed,Medium,Closed,Org line G3,,us,G199 3rd,PROD97,POLAND
481,Accepted-In Progress,Value 62,18.998996086036424,Accepted,Medium,In Progress,Org line C,E_4,us,G88 2nd,PROD794,Sweden
481,Completed-Closed,Value 62,19.092517808325507,Completed,Medium,Closed,Org line C,E_4,us,G88 2nd,PROD794,Sweden
482,Accepted-In Progress,Value 2,18.9990468185529,Accepted,Low,In Progress,Org line C,C_4,se,G155 3rd,PROD474,Sweden
482,Accepted-In Progress,Value 2,18.999117332812347,Accepted,Low,In Progress,Org line C,C_4,se,G155 3rd,PROD474,Sweden
482,Completed-Closed,Value 2,19.073918934951156,Completed,Low,Closed,Org line C,C_4,se,G155 3rd,PROD474,Sweden
483,Accepted-In Progress,Value 46,18.999097436338612,Accepted,Medium,In Progress,Org line G3,,us,G199 3rd,PROD97,USA
483,Queued-Awaiting Assignment,Value 46,18.999099623399903,Queued,Medium,Awaiting Assignment,Org line G3,,us,G199 3rd,PROD97,USA
483,Accepted-In Progress,Value 238,18.999103268491428,Accepted,Medium,In Progress,Org line A2,A2_2,us,G21 2nd,PROD97,Sweden
483,Accepted-Assigned,Value 46,18.999103375040058,Accepted,Medium,Assigned,Org line A2,A2_2,us,G21 2nd,PROD97,USA
483,Accepted-In Progress,Value 43,19.06194763155902,Accepted,Medium,In Progress,Org line A2,A2_2,us,G21 2nd,PROD97,POLAND
483,Completed-Closed,Value 43,19.061947705286492,Completed,Medium,Closed,Org line A2,A2_2,us,G21 2nd,PROD97,POLAND
484,Accepted-In Progress,Value 247,18.99998823426452,Accepted,Medium,In Progress,Org line C,C_3,in,G211 3rd,PROD325,Sweden
484,Queued-Awaiting Assignment,Value 247,19.000012690459663,Queued,Medium,Awaiting Assignment,Org line C,C_3,in,G211 3rd,PROD325,Sweden
484,Accepted-In Progress,Value 248,19.001926407515963,Accepted,Medium,In Progress,Org line A2,A2_2,in,G22 2nd,PROD325,France
484,Queued-Awaiting Assignment,Value 249,19.001926536132267,Queued,Medium,Awaiting Assignment,Org line C,E_4,in,G93 2nd,PROD325,INDIA
484,Accepted-In Progress,Value 250,19.002464421369314,Accepted,Medium,In Progress,Org line C,E_4,in,G93 2nd,PROD325,Sweden
484,Accepted-In Progress,Value 250,19.05794315277522,Accepted,Medium,In Progress,Org line C,E_4,in,G93 2nd,PROD325,Sweden
484,Accepted-In Progress,Value 250,19.10157351500739,Accepted,Medium,In Progress,Org line C,E_4,in,G93 2nd,PROD325,Sweden
484,Completed-Closed,Value 250,19.102090970147422,Completed,Medium,Closed,Org line C,E_4,in,G93 2nd,PROD325,Sweden
485,Accepted-In Progress,Value 251,19.000351525096114,Accepted,Major,In Progress,Org line A2,A2_5,se,G350 2nd,PROD92,Sweden
485,Queued-Awaiting Assignment,Value 251,19.000351883548998,Queued,Major,Awaiting Assignment,Org line A2,A2_5,se,G350 2nd,PROD92,Sweden
485,Queued-Awaiting Assignment,Value 252,19.016867374596114,Queued,Major,Awaiting Assignment,Org line C,E_5,se,G77,PROD92,INDIA
485,Queued-Awaiting Assignment,Value 251,19.06862071439009,Queued,Major,Awaiting Assignment,Org line A2,A2_5,se,G350 2nd,PROD92,Sweden
485,Accepted-In Progress,Value 251,19.12080839921011,Accepted,Major,In Progress,Org line A2,A2_5,se,G350 2nd,PROD92,Sweden
485,Completed-Closed,Value 251,19.120808458792737,Completed,Major,Closed,Org line A2,A2_5,se,G350 2nd,PROD92,Sweden
486,Accepted-In Progress,Value 46,19.00057321486904,Accepted,Medium,In Progress,Org line G3,,us,G199 3rd,PROD98,USA
486,Queued-Awaiting Assignment,Value 46,19.00057460916492,Queued,Medium,Awaiting Assignment,Org line G3,,us,G199 3rd,PROD98,USA
486,Accepted-In Progress,Value 238,19.000576244240342,Accepted,Medium,In Progress,Org line G3,,us,G199 3rd,PROD98,Sweden
486,Accepted-Assigned,Value 46,19.00057833287732,Accepted,Medium,Assigned,Org line G3,,us,G199 3rd,PROD98,USA
486,Accepted-In Progress,Value 43,19.070759460651594,Accepted,Medium,In Progress,Org line G3,,us,G199 3rd,PROD98,POLAND
486,Completed-Closed,Value 43,19.07075987303521,Completed,Medium,Closed,Org line G3,,us,G199 3rd,PROD98,POLAND
487,Accepted-In Progress,Value 12,19.00084060413367,Accepted,Medium,In Progress,Org line A2,A2_1,pl,W16 3rd,PROD756,POLAND
487,Accepted-Wait,Value 12,19.00084151662171,Accepted,Medium,Wait,Org line A2,A2_1,pl,W16 3rd,PROD756,POLAND
487,Accepted-In Progress,Value 12,19.021988644659626,Accepted,Medium,In Progress,Org line A2,A2_1,pl,W16 3rd,PROD756,POLAND
487,Accepted-In Progress,Value 253,19.117769864846544,Accepted,Medium,In Progress,Org line A2,A2_1,pl,W16 3rd,PROD756,POLAND
487,Completed-Closed,Value 253,19.117770616875955,Completed,Medium,Closed,Org line A2,A2_1,pl,W16 3rd,PROD756,POLAND
488,Accepted-In Progress,Value 254,19.001275906321304,Accepted,Major,In Progress,Org line C,E_8,in,G119 2nd,PROD597,INDIA
488,Queued-Awaiting Assignment,Value 254,19.00127688555999,Queued,Major,Awaiting Assignment,Org line C,E_8,in,G119 2nd,PROD597,INDIA
488,Accepted-In Progress,Value 254,19.002442188057138,Accepted,Major,In Progress,Org line C,E_8,in,G119 2nd,PROD597,INDIA
488,Completed-Closed,Value 254,19.075476448662798,Completed,Major,Closed,Org line C,E_8,in,G119 2nd,PROD597,INDIA
489,Accepted-In Progress,Value 117,19.00197865792557,Accepted,Medium,In Progress,Org line C,C_1,be,G56 3rd,PROD387,Sweden
489,Accepted-Assigned,Value 117,19.00197884804408,Accepted,Medium,Assigned,Org line C,C_1,be,G56 3rd,PROD387,Sweden
489,Accepted-In Progress,Value 117,19.037149132940026,Accepted,Medium,In Progress,Org line C,C_1,be,G56 3rd,PROD387,Sweden
489,Accepted-In Progress,Value 117,19.067892440862448,Accepted,Medium,In Progress,Org line C,C_1,be,G56 3rd,PROD387,Sweden
489,Completed-Closed,Value 117,19.06789295389568,Completed,Medium,Closed,Org line C,C_1,be,G56 3rd,PROD387,Sweden
490,Accepted-In Progress,Value 38,19.002022087882438,Accepted,Medium,In Progress,Org line A2,A2_3,se,S35 2nd,PROD680,Sweden
490,Accepted-Wait,Value 38,19.051890524191624,Accepted,Medium,Wait,Org line A2,A2_3,se,S35 2nd,PROD680,Sweden
490,Completed-Closed,Value 38,19.05920952915128,Completed,Medium,Closed,Org line A2,A2_3,se,S35 2nd,PROD680,Sweden
491,Accepted-In Progress,Value 60,19.002019146760404,Accepted,Low,In Progress,Org line G4,,se,S30 2nd,PROD412,Sweden
491,Completed-Closed,Value 60,19.07739456188573,Completed,Low,Closed,Org line G4,,se,S30 2nd,PROD412,Sweden
492,Accepted-In Progress,Value 216,19.002037900458724,Accepted,Low,In Progress,Org line A2,A2_1,se,M19 2nd,PROD566,Sweden
492,Queued-Awaiting Assignment,Value 216,19.002039633788158,Queued,Low,Awaiting Assignment,Org line A2,A2_1,se,M19 2nd,PROD566,Sweden
492,Accepted-In Progress,Value 216,19.042685598172955,Accepted,Low,In Progress,Org line A2,A2_1,se,M19 2nd,PROD566,Sweden
492,Accepted-Wait,Value 216,19.042685684071675,Accepted,Low,Wait,Org line A2,A2_1,se,M19 2nd,PROD566,Sweden
492,Completed-Closed,Value 216,19.068369474265065,Completed,Low,Closed,Org line A2,A2_1,se,M19 2nd,PROD566,Sweden
493,Accepted-In Progress,Value 255,19.002338576985967,Accepted,High,In Progress,Org line A2,D_1,pl,V14 3rd,PROD71,POLAND
493,Accepted-In Progress,Value 255,19.049185728667368,Accepted,High,In Progress,Org line A2,D_1,pl,V14 3rd,PROD71,POLAND
493,Queued-Awaiting Assignment,Value 256,19.049185894017832,Queued,High,Awaiting Assignment,Org line A2,D_1,pl,V11 3rd,PROD71,POLAND
493,Accepted-Assigned,Value 255,19.049186422072346,Accepted,High,Assigned,Org line A2,D_1,pl,V11 3rd,PROD71,POLAND
493,Accepted-In Progress,Value 255,19.067500081839583,Accepted,High,In Progress,Org line A2,D_1,pl,V11 3rd,PROD71,POLAND
493,Accepted-Wait,Value 255,19.067500113262113,Accepted,High,Wait,Org line A2,D_1,pl,V11 3rd,PROD71,POLAND
493,Completed-Closed,Value 255,19.119852018169745,Completed,High,Closed,Org line A2,D_1,pl,V11 3rd,PROD71,POLAND
494,Accepted-In Progress,Value 46,19.00242649924602,Accepted,Medium,In Progress,Org line G3,,us,G199 3rd,PROD97,USA
494,Queued-Awaiting Assignment,Value 46,19.002431607777982,Queued,Medium,Awaiting Assignment,Org line G3,,us,G199 3rd,PROD97,USA
494,Accepted-In Progress,Value 238,19.00243606235184,Accepted,Medium,In Progress,Org line G3,,us,G199 3rd,PROD97,Sweden
494,Accepted-Assigned,Value 46,19.002436135010974,Accepted,Medium,Assigned,Org line G3,,us,G199 3rd,PROD97,USA
494,Accepted-In Progress,Value 43,19.070677372045754,Accepted,Medium,In Progress,Org line G3,,us,G199 3rd,PROD97,POLAND
494,Completed-Closed,Value 43,19.070677836667954,Completed,Medium,Closed,Org line G3,,us,G199 3rd,PROD97,POLAND
495,Accepted-In Progress,Value 46,19.00243235113987,Accepted,Medium,In Progress,Org line G3,,us,G199 3rd,PROD97,USA
495,Queued-Awaiting Assignment,Value 46,19.00243370372173,Queued,Medium,Awaiting Assignment,Org line G3,,us,G199 3rd,PROD97,USA
495,Accepted-In Progress,Value 238,19.00244129379593,Accepted,Medium,In Progress,Org line G3,,us,G199 3rd,PROD97,Sweden
495,Accepted-Assigned,Value 46,19.00244149500477,Accepted,Medium,Assigned,Org line G3,,us,G199 3rd,PROD97,USA
495,Accepted-In Progress,Value 43,19.067455638917178,Accepted,Medium,In Progress,Org line G3,,us,G199 3rd,PROD97,POLAND
495,Completed-Closed,Value 43,19.067464238562057,Completed,Medium,Closed,Org line G3,,us,G199 3rd,PROD97,POLAND
496,Accepted-In Progress,Value 8,19.002526848615325,Accepted,Major,In Progress,Org line C,E_6,se,G48 2nd,PROD148,Sweden
496,Accepted-In Progress,Value 8,19.024378208096913,Accepted,Major,In Progress,Org line C,E_6,se,G48 2nd,PROD148,Sweden
496,Accepted-Assigned,Value 76,19.061990824394485,Accepted,Major,Assigned,Org line C,E_6,se,G48 2nd,PROD148,Sweden
496,Accepted-In Progress,Value 38,19.06199082966051,Accepted,Major,In Progress,Org line C,E_6,se,G48 2nd,PROD148,Sweden
496,Accepted-Assigned,Value 76,19.094156856461833,Accepted,Major,Assigned,Org line C,E_6,se,G48 2nd,PROD148,Sweden
496,Accepted-Assigned,Value 38,19.09420682353923,Accepted,Major,Assigned,Org line C,E_6,se,G48 2nd,PROD148,Sweden
496,Accepted-Assigned,Value 38,19.094209388370313,Accepted,Major,Assigned,Org line C,E_6,se,G48 2nd,PROD148,Sweden
496,Accepted-In Progress,Value 38,19.094244102176578,Accepted,Major,In Progress,Org line C,E_6,se,G48 2nd,PROD148,Sweden
496,Completed-Closed,Value 38,19.094244127671,Completed,Major,Closed,Org line C,E_6,se,G48 2nd,PROD148,Sweden
497,Accepted-In Progress,Value 58,19.0028690673431,Accepted,High,In Progress,Org line G4,,se,G51 2nd,PROD54,Sweden
497,Queued-Awaiting Assignment,Value 58,19.002882844160567,Queued,High,Awaiting Assignment,Org line G4,,se,G51 2nd,PROD54,Sweden
497,Accepted-In Progress,Value 116,19.064215290707438,Accepted,High,In Progress,Org line G4,,se,G51 2nd,PROD54,Sweden
497,Completed-Closed,Value 116,19.06421591597129,Completed,High,Closed,Org line G4,,se,G51 2nd,PROD54,Sweden
498,Accepted-In Progress,Value 195,19.002860944183347,Accepted,Medium,In Progress,Org line A2,A2_3,se,N23 2nd,PROD554,Sweden
498,Completed-Closed,Value 195,19.06198816505044,Completed,Medium,Closed,Org line A2,A2_3,se,N23 2nd,PROD554,Sweden
499,Accepted-In Progress,Value 207,19.00287053665587,Accepted,Medium,In Progress,Org line C,E_1,se,G99 2nd,PROD150,Sweden
499,Queued-Awaiting Assignment,Value 207,19.002871179130356,Queued,Medium,Awaiting Assignment,Org line C,E_1,se,G99 2nd,PROD150,Sweden
499,Accepted-In Progress,Value 257,19.06836954752059,Accepted,Medium,In Progress,Org line C,E_1,se,G99 2nd,PROD150,INDIA
499,Completed-Closed,Value 257,19.087136532567715,Completed,Medium,Closed,Org line C,E_1,se,G99 2nd,PROD150,INDIA
500,Accepted-In Progress,Value 46,19.00291798926952,Accepted,Medium,In Progress,Org line G3,,us,G199 3rd,PROD97,USA
500,Queued-Awaiting Assignment,Value 46,19.00292065401281,Queued,Medium,Awaiting Assignment,Org line G3,,us,G199 3rd,PROD97,USA
500,Accepted-In Progress,Value 238,19.002922028280164,Accepted,Medium,In Progress,Org line G3,,us,G199 3rd,PROD97,Sweden
500,Accepted-Assigned,Value 46,19.002922095317548,Accepted,Medium,Assigned,Org line G3,,us,G199 3rd,PROD97,USA
500,Accepted-In Progress,Value 43,19.067812236920744,Accepted,Medium,In Progress,Org line G3,,us,G199 3rd,PROD97,POLAND
500,Completed-Closed,Value 43,19.067812729053315,Completed,Medium,Closed,Org line G3,,us,G199 3rd,PROD97,POLAND
501,Accepted-In Progress,Value 46,19.002950295311592,Accepted,Medium,In Progress,Org line G3,,us,G199 3rd,PROD97,USA
501,Queued-Awaiting Assignment,Value 46,19.00295314431589,Queued,Medium,Awaiting Assignment,Org line G3,,us,G199 3rd,PROD97,USA
501,Accepted-In Progress,Value 238,19.002954440330846,Accepted,Medium,In Progress,Org line G3,,us,G199 3rd,PROD97,Sweden
501,Accepted-Assigned,Value 46,19.00295449619352,Accepted,Medium,Assigned,Org line G3,,us,G199 3rd,PROD97,USA
501,Accepted-In Progress,Value 43,19.067812928000457,Accepted,Medium,In Progress,Org line G3,,us,G199 3rd,PROD97,POLAND
501,Completed-Closed,Value 43,19.067813493428957,Completed,Medium,Closed,Org line G3,,us,G199 3rd,PROD97,POLAND
502,Accepted-In Progress,Value 88,19.002987147393572,Accepted,Medium,In Progress,Org line G4,,se,S30 2nd,PROD412,Sweden
502,Accepted-Assigned,Value 88,19.067450558702447,Accepted,Medium,Assigned,Org line G4,,se,S30 2nd,PROD412,Sweden
502,Accepted-Assigned,Value 88,19.067450563939797,Accepted,Medium,Assigned,Org line G4,,se,S30 2nd,PROD412,Sweden
502,Accepted-Assigned,Value 60,19.06760210559732,Accepted,Medium,Assigned,Org line G4,,se,S30 2nd,PROD412,Sweden
502,Accepted-Assigned,Value 88,19.067602137016646,Accepted,Medium,Assigned,Org line G4,,se,S30 2nd,PROD412,Sweden
502,Accepted-Assigned,Value 60,19.067602754929858,Accepted,Medium,Assigned,Org line G4,,se,S30 2nd,PROD412,Sweden
502,Accepted-In Progress,Value 88,19.06760277587606,Accepted,Medium,In Progress,Org line G4,,se,S30 2nd,PROD412,Sweden
502,Completed-Closed,Value 88,19.067602823005018,Completed,Medium,Closed,Org line G4,,se,S30 2nd,PROD412,Sweden
503,Accepted-In Progress,Value 46,19.002991929070927,Accepted,Medium,In Progress,Org line G3,,us,G199 3rd,PROD98,USA
503,Queued-Awaiting Assignment,Value 46,19.00299610743382,Queued,Medium,Awaiting Assignment,Org line G3,,us,G199 3rd,PROD98,USA
503,Accepted-In Progress,Value 238,19.00299983331221,Accepted,Medium,In Progress,Org line G3,,us,G199 3rd,PROD98,Sweden
503,Accepted-Assigned,Value 46,19.002999878000324,Accepted,Medium,Assigned,Org line G3,,us,G199 3rd,PROD98,USA
503,Accepted-In Progress,Value 43,19.068979083116115,Accepted,Medium,In Progress,Org line G3,,us,G199 3rd,PROD98,POLAND
503,Completed-Closed,Value 43,19.068979323666127,Completed,Medium,Closed,Org line G3,,us,G199 3rd,PROD98,POLAND
504,Accepted-In Progress,Value 7,19.003325584525797,Accepted,Low,In Progress,Org line A2,A2_2,se,G139 3rd,PROD573,Sweden
504,Queued-Awaiting Assignment,Value 7,19.00332607593482,Queued,Low,Awaiting Assignment,Org line A2,A2_2,se,G139 3rd,PROD573,Sweden
504,Accepted-In Progress,Value 213,19.003366744778663,Accepted,Low,In Progress,Org line C,E_10,se,G249 3rd,PROD573,POLAND
504,Queued-Awaiting Assignment,Value 7,19.003367001641017,Queued,Low,Awaiting Assignment,Org line A2,A2_2,se,G139 3rd,PROD573,Sweden
504,Accepted-In Progress,Value 213,19.003367157991985,Accepted,Low,In Progress,Org line A2,A2_2,se,G139 3rd,PROD573,POLAND
504,Accepted-Assigned,Value 258,19.00336721383161,Accepted,Low,Assigned,Org line A2,A2_2,se,G139 3rd,PROD573,Sweden
504,Queued-Awaiting Assignment,Value 12,19.00337978883576,Queued,Low,Awaiting Assignment,Org line C,C_6,se,G144 3rd,PROD573,Sweden
504,Accepted-In Progress,Value 12,19.003380810687496,Accepted,Low,In Progress,Org line C,C_6,se,G144 3rd,PROD573,Sweden
504,Accepted-In Progress,Value 237,19.05558302890003,Accepted,Low,In Progress,Org line C,C_6,se,G144 3rd,PROD573,Sweden
504,Completed-Closed,Value 237,19.05558391397839,Completed,Low,Closed,Org line C,C_6,se,G144 3rd,PROD573,Sweden
505,Accepted-In Progress,Value 259,19.003458088689626,Accepted,Major,In Progress,Org line A2,A2_3,pl,N26 2nd,PROD791,POLAND
505,Accepted-Assigned,Value 259,19.0163404736727,Accepted,Major,Assigned,Org line A2,A2_3,pl,N26 2nd,PROD791,POLAND
505,Accepted-In Progress,Value 259,19.06244903172448,Accepted,Major,In Progress,Org line A2,A2_3,pl,N26 2nd,PROD791,POLAND
505,Completed-Closed,Value 259,19.06245014234524,Completed,Major,Closed,Org line A2,A2_3,pl,N26 2nd,PROD791,POLAND
506,Accepted-In Progress,Value 235,19.003454649275472,Accepted,Major,In Progress,Org line A2,A2_3,us,N5 2nd,PROD56,USA
506,Completed-Cancelled,Value 235,19.00392517517919,Completed,Major,Cancelled,Org line A2,A2_3,us,N5 2nd,PROD56,USA
506,Accepted-In Progress,Value 235,19.00397801324817,Accepted,Major,In Progress,Org line A2,A2_3,us,N5 2nd,PROD56,USA
506,Accepted-Assigned,Value 235,19.0302532860747,Accepted,Major,Assigned,Org line A2,A2_3,us,N5 2nd,PROD56,USA
506,Completed-Closed,Value 235,19.055609776999994,Completed,Major,Closed,Org line A2,A2_3,us,N5 2nd,PROD56,USA
507,Accepted-In Progress,Value 243,19.005381017511677,Accepted,High,In Progress,Org line D,D_2,us,G122 3rd,PROD618,Belgium
507,Accepted-In Progress,Value 243,19.005849496220655,Accepted,High,In Progress,Org line D,D_2,us,G122 3rd,PROD618,Belgium
507,Accepted-In Progress,Value 243,19.006243214945833,Accepted,High,In Progress,Org line D,D_2,us,G122 3rd,PROD618,Belgium
507,Completed-Closed,Value 243,19.091098461307585,Completed,High,Closed,Org line D,D_2,us,G122 3rd,PROD618,Belgium
508,Accepted-In Progress,Value 207,19.0059259933031,Accepted,Medium,In Progress,Org line C,E_1,se,G99 2nd,PROD153,Sweden
508,Accepted-In Progress,Value 207,19.00593048803484,Accepted,Medium,In Progress,Org line C,E_1,se,G99 2nd,PROD153,Sweden
508,Accepted-In Progress,Value 260,19.05461897859122,Accepted,Medium,In Progress,Org line C,E_1,se,G99 2nd,PROD153,France
508,Completed-Closed,Value 260,19.05461996001288,Completed,Medium,Closed,Org line C,E_1,se,G99 2nd,PROD153,France
509,Accepted-In Progress,Value 195,19.006352089810512,Accepted,Medium,In Progress,Org line A2,A2_3,se,N23 2nd,PROD76,Sweden
509,Accepted-In Progress,Value 195,19.061988502076613,Accepted,Medium,In Progress,Org line A2,A2_3,se,N23 2nd,PROD76,Sweden
509,Completed-Closed,Value 195,19.06198851260868,Completed,Medium,Closed,Org line A2,A2_3,se,N23 2nd,PROD76,Sweden
510,Accepted-In Progress,Value 201,19.0066490065627,Accepted,High,In Progress,Org line A2,A2_1,pl,D4,PROD791,INDIA
510,Queued-Awaiting Assignment,Value 201,19.006652340391664,Queued,High,Awaiting Assignment,Org line A2,A2_1,pl,D4,PROD791,INDIA
510,Queued-Awaiting Assignment,Value 159,19.008598744674003,Queued,High,Awaiting Assignment,Org line A2,A2_3,pl,N26 2nd,PROD791,POLAND
510,Accepted-Assigned,Value 160,19.016339310642547,Accepted,High,Assigned,Org line A2,A2_3,pl,N26 2nd,PROD791,POLAND
510,Accepted-Wait,Value 160,19.01734200179309,Accepted,High,Wait,Org line A2,A2_3,pl,N26 2nd,PROD791,POLAND
510,Accepted-In Progress,Value 160,19.062026385200713,Accepted,High,In Progress,Org line A2,A2_3,pl,N26 2nd,PROD791,POLAND
510,Completed-Closed,Value 160,19.06202665375819,Completed,High,Closed,Org line A2,A2_3,pl,N26 2nd,PROD791,POLAND
511,Accepted-In Progress,Value 244,19.006784131827168,Accepted,High,In Progress,Org line C,E_10,se,G255 2nd,PROD462,Sweden
511,Accepted-In Progress,Value 244,19.0067948331014,Accepted,High,In Progress,Org line C,E_10,se,G255 2nd,PROD462,Sweden
511,Completed-Closed,Value 244,19.068345754890785,Completed,High,Closed,Org line C,E_10,se,G255 2nd,PROD462,Sweden
512,Accepted-In Progress,Value 244,19.006804026200292,Accepted,Low,In Progress,Org line C,E_10,se,G255 2nd,PROD462,Sweden
512,Completed-Closed,Value 244,19.068341087345637,Completed,Low,Closed,Org line C,E_10,se,G255 2nd,PROD462,Sweden
513,Accepted-In Progress,Value 254,19.006823063214462,Accepted,Medium,In Progress,Org line C,E_8,in,G119 2nd,PROD597,INDIA
513,Completed-Closed,Value 254,19.07547601224222,Completed,Medium,Closed,Org line C,E_8,in,G119 2nd,PROD597,INDIA
514,Accepted-In Progress,Value 72,19.006857374555686,Accepted,Medium,In Progress,Org line A2,A2_2,pl,G21 2nd,PROD604,Sweden
514,Queued-Awaiting Assignment,Value 72,19.006859444550294,Queued,Medium,Awaiting Assignment,Org line A2,A2_2,pl,G21 2nd,PROD604,Sweden
514,Queued-Awaiting Assignment,Value 8,19.007309093822126,Queued,Medium,Awaiting Assignment,Org line C,E_6,pl,G48 2nd,PROD604,Sweden
514,Queued-Awaiting Assignment,Value 223,19.012923620732995,Queued,Medium,Awaiting Assignment,Org line A2,D_1,pl,G197 2nd,PROD604,POLAND
514,Queued-Awaiting Assignment,Value 261,19.01629716504489,Queued,Medium,Awaiting Assignment,Org line A2,D_1,pl,V18 3rd,PROD604,INDIA
514,Accepted-Assigned,Value 262,19.022038393943003,Accepted,Medium,Assigned,Org line A2,D_1,pl,V18 3rd,PROD604,Sweden
514,Accepted-In Progress,Value 262,19.02207484521798,Accepted,Medium,In Progress,Org line A2,D_1,pl,V18 3rd,PROD604,Sweden
514,Queued-Awaiting Assignment,Value 223,19.022128903119828,Queued,Medium,Awaiting Assignment,Org line A2,D_1,pl,G197 2nd,PROD604,POLAND
514,Queued-Awaiting Assignment,Value 72,19.022451611398132,Queued,Medium,Awaiting Assignment,Org line A2,A2_2,pl,G21 2nd,PROD604,Sweden
514,Queued-Awaiting Assignment,Value 223,19.02255002612325,Queued,Medium,Awaiting Assignment,Org line A2,D_1,pl,G197 2nd,PROD604,POLAND
514,Accepted-In Progress,Value 223,19.026836994586365,Accepted,Medium,In Progress,Org line A2,D_1,pl,G197 2nd,PROD604,POLAND
514,Accepted-Wait,Value 223,19.026838063654843,Accepted,Medium,Wait,Org line A2,D_1,pl,G197 2nd,PROD604,POLAND
514,Accepted-Wait,Value 223,19.064742233679176,Accepted,Medium,Wait,Org line A2,D_1,pl,G197 2nd,PROD604,POLAND
514,Completed-Closed,Value 223,19.064744497095415,Completed,Medium,Closed,Org line A2,D_1,pl,G197 2nd,PROD604,POLAND
515,Accepted-In Progress,Value 46,19.00719121152765,Accepted,Medium,In Progress,Org line G3,,us,G199 3rd,PROD98,USA
515,Queued-Awaiting Assignment,Value 46,19.007192746817893,Queued,Medium,Awaiting Assignment,Org line G3,,us,G199 3rd,PROD98,USA
515,Accepted-In Progress,Value 238,19.00738782075335,Accepted,Medium,In Progress,Org line A2,A2_2,us,G21 2nd,PROD98,Sweden
515,Accepted-Assigned,Value 46,19.007388043215585,Accepted,Medium,Assigned,Org line A2,A2_2,us,G21 2nd,PROD98,USA
515,Accepted-In Progress,Value 43,19.069703958437607,Accepted,Medium,In Progress,Org line A2,A2_2,us,G21 2nd,PROD98,POLAND
515,Completed-Closed,Value 43,19.069704867684553,Completed,Medium,Closed,Org line A2,A2_2,us,G21 2nd,PROD98,POLAND
516,Accepted-In Progress,Value 207,19.007212093497973,Accepted,Medium,In Progress,Org line C,E_1,se,G99 2nd,PROD150,Sweden
516,Queued-Awaiting Assignment,Value 207,19.00721237162463,Queued,Medium,Awaiting Assignment,Org line C,E_1,se,G99 2nd,PROD150,Sweden
516,Accepted-In Progress,Value 207,19.035250950459567,Accepted,Medium,In Progress,Org line C,E_1,se,L1 2nd,PROD150,Sweden
516,Completed-Closed,Value 207,19.087537695161632,Completed,Medium,Closed,Org line C,E_1,se,L1 2nd,PROD150,Sweden
517,Accepted-In Progress,Value 46,19.007257710798076,Accepted,Medium,In Progress,Org line G3,,us,G199 3rd,PROD97,USA
517,Queued-Awaiting Assignment,Value 46,19.007260158198353,Queued,Medium,Awaiting Assignment,Org line G3,,us,G199 3rd,PROD97,USA
517,Accepted-In Progress,Value 238,19.00726145420562,Accepted,Medium,In Progress,Org line G3,,us,G199 3rd,PROD97,Sweden
517,Accepted-Assigned,Value 46,19.00726150982821,Accepted,Medium,Assigned,Org line G3,,us,G199 3rd,PROD97,USA
517,Accepted-In Progress,Value 43,19.067810592986778,Accepted,Medium,In Progress,Org line G3,,us,G199 3rd,PROD97,POLAND
517,Completed-Closed,Value 43,19.067812153153472,Completed,Medium,Closed,Org line G3,,us,G199 3rd,PROD97,POLAND
518,Accepted-In Progress,Value 46,19.0073802403231,Accepted,Medium,In Progress,Org line G3,,us,G199 3rd,PROD97,USA
518,Queued-Awaiting Assignment,Value 46,19.00738153617475,Queued,Medium,Awaiting Assignment,Org line G3,,us,G199 3rd,PROD97,USA
518,Accepted-In Progress,Value 238,19.00738483975462,Accepted,Medium,In Progress,Org line G3,,us,G199 3rd,PROD97,Sweden
518,Accepted-Assigned,Value 46,19.007385012163372,Accepted,Medium,Assigned,Org line G3,,us,G199 3rd,PROD97,USA
518,Accepted-In Progress,Value 43,19.07074724566737,Accepted,Medium,In Progress,Org line G3,,us,G199 3rd,PROD97,POLAND
518,Completed-Closed,Value 43,19.07074792428152,Completed,Medium,Closed,Org line G3,,us,G199 3rd,PROD97,POLAND
519,Accepted-In Progress,Value 263,19.008765070104534,Accepted,Medium,In Progress,Org line C,C_3,gb,G94 3rd,PROD348,Sweden
519,Accepted-In Progress,Value 263,19.036578286336063,Accepted,Medium,In Progress,Org line C,C_3,gb,G94 3rd,PROD348,Sweden
519,Completed-Closed,Value 263,19.07464503384375,Completed,Medium,Closed,Org line C,C_3,gb,G94 3rd,PROD348,Sweden
520,Queued-Awaiting Assignment,Value 217,19.00868445751994,Queued,Medium,Awaiting Assignment,Org line C,E_5,us,G92,PROD348,INDIA
520,Accepted-In Progress,Value 264,19.01011896650425,Accepted,Medium,In Progress,Org line C,E_5,us,G92,PROD348,INDIA
520,Queued-Awaiting Assignment,Value 150,19.010140197851392,Queued,Medium,Awaiting Assignment,Org line C,E_4,us,G88 2nd,PROD348,USA
520,Accepted-In Progress,Value 265,19.012471631244807,Accepted,Medium,In Progress,Org line C,E_4,us,G88 2nd,PROD348,INDIA
520,Accepted-Wait,Value 265,19.012471802778776,Accepted,Medium,Wait,Org line C,E_4,us,G88 2nd,PROD348,INDIA
520,Accepted-In Progress,Value 265,19.055123397820342,Accepted,Medium,In Progress,Org line C,E_4,us,G88 2nd,PROD348,INDIA
520,Accepted-Wait,Value 265,19.055124908977344,Accepted,Medium,Wait,Org line C,E_4,us,G88 2nd,PROD348,INDIA
520,Accepted-In Progress,Value 265,19.061975015675063,Accepted,Medium,In Progress,Org line C,E_4,us,G88 2nd,PROD348,INDIA
520,Completed-Closed,Value 265,19.061975020941166,Completed,Medium,Closed,Org line C,E_4,us,G88 2nd,PROD348,INDIA
521,Accepted-In Progress,Value 266,19.00872775273985,Accepted,Medium,In Progress,Org line C,E_1,se,G294 2nd,PROD306,USA
521,Accepted-Assigned,Value 266,19.008728297042424,Accepted,Medium,Assigned,Org line C,E_1,se,G294 2nd,PROD306,USA
521,Completed-Closed,Value 266,19.080970141713426,Completed,Medium,Closed,Org line C,E_1,se,G294 2nd,PROD306,USA
522,Accepted-In Progress,Value 58,19.00900845690603,Accepted,Major,In Progress,Org line G4,,in,G51 2nd,PROD597,Sweden
522,Queued-Awaiting Assignment,Value 58,19.01349366161181,Queued,Major,Awaiting Assignment,Org line G4,,in,G51 2nd,PROD597,Sweden
522,Queued-Awaiting Assignment,Value 223,19.016442440252607,Queued,Major,Awaiting Assignment,Org line A2,D_1,in,G197 2nd,PROD597,POLAND
522,Queued-Awaiting Assignment,Value 58,19.019252479224463,Queued,Major,Awaiting Assignment,Org line G4,,in,G51 2nd,PROD597,Sweden
522,Queued-Awaiting Assignment,Value 77,19.046969108237427,Queued,Major,Awaiting Assignment,Org line C,E_1,in,G55 2nd,PROD597,Belgium
522,Queued-Awaiting Assignment,Value 77,19.061585432410688,Queued,Major,Awaiting Assignment,Org line C,C_1,in,G56 3rd,PROD597,Belgium
522,Accepted-Assigned,Value 57,19.061585695818458,Accepted,Major,Assigned,Org line C,C_1,in,G56 3rd,PROD597,Sweden
522,Accepted-In Progress,Value 57,19.061586233170086,Accepted,Major,In Progress,Org line C,C_1,in,G56 3rd,PROD597,Sweden
522,Queued-Awaiting Assignment,Value 254,19.08180244983417,Queued,Major,Awaiting Assignment,Org line C,E_8,in,G119 2nd,PROD597,INDIA
522,Accepted-In Progress,Value 254,19.117695949050745,Accepted,Major,In Progress,Org line C,E_8,in,G119 2nd,PROD597,INDIA
522,Accepted-In Progress,Value 267,19.117709406804114,Accepted,Major,In Progress,Org line C,E_8,in,G119 2nd,PROD597,INDIA
522,Completed-Closed,Value 267,19.117709476532934,Completed,Major,Closed,Org line C,E_8,in,G119 2nd,PROD597,INDIA
523,Accepted-In Progress,Value 150,19.009103406565057,Accepted,High,In Progress,Org line C,E_4,fr,G88 2nd,PROD348,USA
523,Queued-Awaiting Assignment,Value 150,19.009104566937268,Queued,High,Awaiting Assignment,Org line C,E_4,fr,G88 2nd,PROD348,USA
523,Accepted-In Progress,Value 268,19.009468174588033,Accepted,High,In Progress,Org line C,E_5,fr,G92,PROD348,INDIA
523,Queued-Awaiting Assignment,Value 150,19.009474157468546,Queued,High,Awaiting Assignment,Org line C,E_4,fr,G88 2nd,PROD348,USA
523,Queued-Awaiting Assignment,Value 269,19.009626830909344,Queued,High,Awaiting Assignment,Org line C,,fr,V34 2nd,PROD348,France
523,Accepted-In Progress,Value 118,19.074694888315292,Accepted,High,In Progress,Org line C,,fr,V34 2nd,PROD348,France
523,Completed-Closed,Value 118,19.074701429320378,Completed,High,Closed,Org line C,,fr,V34 2nd,PROD348,France
524,Accepted-In Progress,Value 270,19.009191835283175,Accepted,Low,In Progress,Org line C,E_4,us,G88 2nd,PROD348,Sweden
524,Completed-Closed,Value 270,19.102081292175217,Completed,Low,Closed,Org line C,E_4,us,G88 2nd,PROD348,Sweden
525,Accepted-In Progress,Value 164,19.00958108848305,Accepted,Low,In Progress,Org line G4,,se,S33 2nd,PROD374,Sweden
525,Completed-Closed,Value 164,19.061032238942214,Completed,Low,Closed,Org line G4,,se,S33 2nd,PROD374,Sweden
526,Accepted-In Progress,Value 68,19.009623451490736,Accepted,Medium,In Progress,Org line C,E_7,se,G153 2nd,PROD153,Sweden
526,Accepted-In Progress,Value 68,19.009623851028508,Accepted,Medium,In Progress,Org line C,E_7,se,G153 2nd,PROD153,Sweden
526,Queued-Awaiting Assignment,Value 68,19.009625404784984,Queued,Medium,Awaiting Assignment,Org line C,E_7,se,G153 2nd,PROD153,Sweden
526,Accepted-In Progress,Value 271,19.012915202737926,Accepted,Medium,In Progress,Org line C,E_7,se,G153 2nd,PROD153,INDIA
526,Completed-Closed,Value 271,19.05826806230761,Completed,Medium,Closed,Org line C,E_7,se,G153 2nd,PROD153,INDIA
527,Accepted-In Progress,Value 272,19.009605405535012,Accepted,Low,In Progress,Org line V2,,se,T10 2nd,PROD615,Sweden
527,Queued-Awaiting Assignment,Value 272,19.019652735861772,Queued,Low,Awaiting Assignment,Org line V2,,se,T10 2nd,PROD615,Sweden
527,Accepted-In Progress,Value 191,19.031687843471495,Accepted,Low,In Progress,Org line V2,,se,T10 2nd,PROD615,Sweden
527,Completed-Closed,Value 191,19.076831758418464,Completed,Low,Closed,Org line V2,,se,T10 2nd,PROD615,Sweden
528,Accepted-In Progress,Value 77,19.009613607273586,Accepted,High,In Progress,Org line C,E_1,be,G55 2nd,PROD745,Belgium
528,Accepted-In Progress,Value 77,19.009613990167722,Accepted,High,In Progress,Org line C,E_1,be,G55 2nd,PROD745,Belgium
528,Queued-Awaiting Assignment,Value 77,19.01031741875262,Queued,High,Awaiting Assignment,Org line C,E_1,be,G55 2nd,PROD745,Belgium
528,Accepted-Assigned,Value 119,19.010547355376346,Accepted,High,Assigned,Org line C,E_1,be,G55 2nd,PROD745,Sweden
528,Accepted-Assigned,Value 273,19.016845442690098,Accepted,High,Assigned,Org line C,E_1,be,G55 2nd,PROD745,Sweden
528,Accepted-In Progress,Value 273,19.04599831902618,Accepted,High,In Progress,Org line C,E_1,be,G55 2nd,PROD745,Sweden
528,Completed-Closed,Value 273,19.080958061152828,Completed,High,Closed,Org line C,E_1,be,G55 2nd,PROD745,Sweden
529,Accepted-In Progress,Value 274,19.00967065133449,Accepted,Medium,In Progress,Org line C,E_4,us,G88 2nd,PROD498,INDIA
529,Completed-Closed,Value 274,19.10162991031044,Completed,Medium,Closed,Org line C,E_4,us,G88 2nd,PROD498,INDIA
530,Accepted-In Progress,Value 46,19.009784224805006,Accepted,Medium,In Progress,Org line G3,,us,G199 3rd,PROD97,USA
530,Queued-Awaiting Assignment,Value 46,19.00978562850994,Queued,Medium,Awaiting Assignment,Org line G3,,us,G199 3rd,PROD97,USA
530,Accepted-In Progress,Value 238,19.009787154273933,Accepted,Medium,In Progress,Org line G3,,us,G199 3rd,PROD97,Sweden
530,Accepted-Assigned,Value 46,19.009787209756215,Accepted,Medium,Assigned,Org line G3,,us,G199 3rd,PROD97,USA
530,Accepted-In Progress,Value 43,19.0678225140645,Accepted,Medium,In Progress,Org line G3,,us,G199 3rd,PROD97,POLAND
530,Completed-Closed,Value 43,19.067822634478702,Completed,Medium,Closed,Org line G3,,us,G199 3rd,PROD97,POLAND
531,Accepted-In Progress,Value 275,19.010126587212063,Accepted,Low,In Progress,Org line C,C_6,fr,G286 3rd,PROD646,France
531,Accepted-Wait,Value 275,19.055613327813443,Accepted,Low,Wait,Org line C,C_6,fr,G286 3rd,PROD646,France
531,Completed-Closed,Value 275,19.08095495573279,Completed,Low,Closed,Org line C,C_6,fr,G286 3rd,PROD646,France
532,Accepted-In Progress,Value 46,19.010224519786068,Accepted,Medium,In Progress,Org line G3,,us,G199 3rd,PROD97,USA
532,Queued-Awaiting Assignment,Value 46,19.010227764075207,Queued,Medium,Awaiting Assignment,Org line G3,,us,G199 3rd,PROD97,USA
532,Accepted-In Progress,Value 54,19.01026880758331,Accepted,Medium,In Progress,Org line G3,,us,G199 3rd,PROD97,Sweden
532,Accepted-Assigned,Value 46,19.010268863038878,Accepted,Medium,Assigned,Org line G3,,us,G199 3rd,PROD97,USA
532,Accepted-In Progress,Value 43,19.06745550274681,Accepted,Medium,In Progress,Org line G3,,us,G199 3rd,PROD97,POLAND
532,Completed-Closed,Value 43,19.06746169847976,Completed,Medium,Closed,Org line G3,,us,G199 3rd,PROD97,POLAND
533,Accepted-In Progress,Value 276,19.010436430170166,Accepted,Medium,In Progress,Org line C,E_4,us,G88 2nd,PROD793,INDIA
533,Accepted-Wait,Value 276,19.056231236997426,Accepted,Medium,Wait,Org line C,E_4,us,G88 2nd,PROD793,INDIA
533,Completed-Closed,Value 276,19.099930024550794,Completed,Medium,Closed,Org line C,E_4,us,G88 2nd,PROD793,INDIA
534,Accepted-In Progress,Value 46,19.010537492529817,Accepted,Medium,In Progress,Org line G3,,us,G199 3rd,PROD96,USA
534,Queued-Awaiting Assignment,Value 46,19.010537985951654,Queued,Medium,Awaiting Assignment,Org line G3,,us,G199 3rd,PROD96,USA
534,Accepted-In Progress,Value 238,19.010540624922758,Accepted,Medium,In Progress,Org line G3,,us,G199 3rd,PROD96,Sweden
534,Accepted-Assigned,Value 46,19.010540713627545,Accepted,Medium,Assigned,Org line G3,,us,G199 3rd,PROD96,USA
534,Accepted-In Progress,Value 43,19.067455581306643,Accepted,Medium,In Progress,Org line G3,,us,G199 3rd,PROD96,POLAND
534,Completed-Closed,Value 43,19.067460043494837,Completed,Medium,Closed,Org line G3,,us,G199 3rd,PROD96,POLAND
535,Accepted-In Progress,Value 104,19.010593097975672,Accepted,Medium,In Progress,Org line C,E_8,in,G186 2nd,PROD474,Sweden
535,Queued-Awaiting Assignment,Value 104,19.01059334190103,Queued,Medium,Awaiting Assignment,Org line C,E_8,in,G186 2nd,PROD474,Sweden
535,Accepted-In Progress,Value 277,19.015825014060702,Accepted,Medium,In Progress,Org line C,E_8,in,G186 2nd,PROD474,INDIA
535,Accepted-Wait,Value 277,19.01582505817934,Accepted,Medium,Wait,Org line C,E_8,in,G186 2nd,PROD474,INDIA
535,Queued-Awaiting Assignment,Value 13,19.042724391431193,Queued,Medium,Awaiting Assignment,Org line C,E_1,in,G13 2nd,PROD474,Sweden
535,Accepted-Assigned,Value 278,19.043635578586287,Accepted,Medium,Assigned,Org line C,E_1,in,G13 2nd,PROD474,INDIA
535,Queued-Awaiting Assignment,Value 156,19.062337552811567,Queued,Medium,Awaiting Assignment,Org line C,E_8,in,G181 2nd,PROD474,INDIA
535,Accepted-In Progress,Value 277,19.062341411459236,Accepted,Medium,In Progress,Org line C,E_8,in,G186 2nd,PROD474,INDIA
535,Accepted-Wait,Value 277,19.06234159570534,Accepted,Medium,Wait,Org line C,E_8,in,G186 2nd,PROD474,INDIA
535,Accepted-Assigned,Value 279,19.07771056975717,Accepted,Medium,Assigned,Org line C,E_8,in,G186 2nd,PROD474,INDIA
535,Accepted-Wait,Value 279,19.07771408961062,Accepted,Medium,Wait,Org line C,E_8,in,G186 2nd,PROD474,INDIA
535,Queued-Awaiting Assignment,Value 156,19.081822351918035,Queued,Medium,Awaiting Assignment,Org line C,E_8,in,G188 2nd,PROD474,INDIA
535,Accepted-In Progress,Value 199,19.09375201017663,Accepted,Medium,In Progress,Org line C,E_8,in,G186 2nd,PROD474,INDIA
535,Accepted-Wait,Value 199,19.09375210710311,Accepted,Medium,Wait,Org line C,E_8,in,G186 2nd,PROD474,INDIA
535,Completed-Closed,Value 199,19.105094342569867,Completed,Medium,Closed,Org line C,E_8,in,G186 2nd,PROD474,INDIA
536,Accepted-In Progress,Value 254,19.01059412357051,Accepted,Medium,In Progress,Org line C,E_8,se,G119 2nd,PROD597,INDIA
536,Queued-Awaiting Assignment,Value 254,19.01059452272065,Queued,Medium,Awaiting Assignment,Org line C,E_8,se,G119 2nd,PROD597,INDIA
536,Queued-Awaiting Assignment,Value 174,19.022468539530117,Queued,Medium,Awaiting Assignment,Org line C,C_5,se,G120 3rd,PROD597,Sweden
536,Accepted-Assigned,Value 280,19.02246857787831,Accepted,Medium,Assigned,Org line C,C_5,se,G120 3rd,PROD597,France
536,Accepted-In Progress,Value 280,19.04919659906855,Accepted,Medium,In Progress,Org line C,C_5,se,G120 3rd,PROD597,France
536,Completed-Closed,Value 280,19.087945064608558,Completed,Medium,Closed,Org line C,C_5,se,G120 3rd,PROD597,France
537,Accepted-In Progress,Value 228,19.010667303976486,Accepted,Medium,In Progress,Org line V2,,se,T2 2nd,PROD615,Sweden
537,Accepted-Wait,Value 228,19.062528330104914,Accepted,Medium,Wait,Org line V2,,se,T2 2nd,PROD615,Sweden
537,Completed-Closed,Value 228,19.09942650509574,Completed,Medium,Closed,Org line V2,,se,T2 2nd,PROD615,Sweden
538,Accepted-In Progress,Value 133,19.010772084381774,Accepted,Medium,In Progress,Org line G4,,se,S33 2nd,PROD374,Sweden
538,Completed-Closed,Value 133,19.065599985014963,Completed,Medium,Closed,Org line G4,,se,S33 2nd,PROD374,Sweden
539,Accepted-In Progress,Value 281,19.012055464078575,Accepted,Low,In Progress,Org line A2,A2_3,se,S35 2nd,PROD680,Sweden
539,Accepted-Assigned,Value 281,19.012055785146664,Accepted,Low,Assigned,Org line A2,A2_3,se,S35 2nd,PROD680,Sweden
539,Accepted-In Progress,Value 63,19.05834479659693,Accepted,Low,In Progress,Org line A2,A2_3,se,S35 2nd,PROD680,Sweden
539,Completed-Closed,Value 63,19.05834500272189,Completed,Low,Closed,Org line A2,A2_3,se,S35 2nd,PROD680,Sweden
540,Accepted-In Progress,Value 132,19.012081226697344,Accepted,Medium,In Progress,Org line G4,,se,S33 2nd,PROD374,Sweden
540,Completed-Closed,Value 132,19.05784168282185,Completed,Medium,Closed,Org line G4,,se,S33 2nd,PROD374,Sweden
541,Accepted-In Progress,Value 46,19.012113531441216,Accepted,Medium,In Progress,Org line G3,,us,G199 3rd,PROD97,USA
541,Queued-Awaiting Assignment,Value 46,19.012118313960258,Queued,Medium,Awaiting Assignment,Org line G3,,us,G199 3rd,PROD97,USA
541,Accepted-In Progress,Value 238,19.012133463988224,Accepted,Medium,In Progress,Org line G3,,us,G199 3rd,PROD97,Sweden
541,Accepted-Assigned,Value 46,19.01213411160944,Accepted,Medium,Assigned,Org line G3,,us,G199 3rd,PROD97,USA
541,Accepted-In Progress,Value 43,19.05508112691735,Accepted,Medium,In Progress,Org line G3,,us,G199 3rd,PROD97,POLAND
541,Completed-Closed,Value 43,19.055081487489556,Completed,Medium,Closed,Org line G3,,us,G199 3rd,PROD97,POLAND
542,Accepted-In Progress,Value 46,19.01213939219756,Accepted,Medium,In Progress,Org line G3,,us,G199 3rd,PROD97,USA
542,Queued-Awaiting Assignment,Value 46,19.01214235352146,Queued,Medium,Awaiting Assignment,Org line G3,,us,G199 3rd,PROD97,USA
542,Accepted-In Progress,Value 238,19.012144916304972,Accepted,Medium,In Progress,Org line G3,,us,G199 3rd,PROD97,Sweden
542,Accepted-Assigned,Value 46,19.012144966121433,Accepted,Medium,Assigned,Org line G3,,us,G199 3rd,PROD97,USA
542,Accepted-In Progress,Value 43,19.06897800064033,Accepted,Medium,In Progress,Org line G3,,us,G199 3rd,PROD97,POLAND
542,Completed-Closed,Value 43,19.068978356236368,Completed,Medium,Closed,Org line G3,,us,G199 3rd,PROD97,POLAND
543,Accepted-In Progress,Value 282,19.012224669280787,Accepted,High,In Progress,Org line A2,A2_3,se,S3 2nd,PROD412,Brazil
543,Queued-Awaiting Assignment,Value 282,19.043617395910314,Queued,High,Awaiting Assignment,Org line A2,A2_3,se,S3 2nd,PROD412,Brazil
543,Accepted-In Progress,Value 212,19.048266517738888,Accepted,High,In Progress,Org line B,E_6,se,S4 2nd,PROD412,Brazil
543,Queued-Awaiting Assignment,Value 129,19.04826877604515,Queued,High,Awaiting Assignment,Org line A2,A2_3,se,S21 2nd,PROD412,Sweden
543,Accepted-In Progress,Value 60,19.07685083614953,Accepted,High,In Progress,Org line G4,,se,S30 2nd,PROD412,Sweden
543,Accepted-In Progress,Value 12,19.076852060598487,Accepted,High,In Progress,Org line G4,,se,S30 2nd,PROD412,Sweden
543,Accepted-In Progress,Value 60,19.077397678381974,Accepted,High,In Progress,Org line G4,,se,S30 2nd,PROD412,Sweden
543,Completed-Closed,Value 60,19.077397688752995,Completed,High,Closed,Org line G4,,se,S30 2nd,PROD412,Sweden
544,Accepted-In Progress,Value 101,19.01259063554897,Accepted,Medium,In Progress,Org line G4,,se,S28 2nd,PROD633,Sweden
544,Completed-Closed,Value 101,19.06146510048705,Completed,Medium,Closed,Org line G4,,se,S28 2nd,PROD633,Sweden
545,Accepted-In Progress,Value 101,19.012982942912352,Accepted,Medium,In Progress,Org line G4,,se,S28 2nd,PROD633,Sweden
545,Completed-Closed,Value 101,19.083203832300843,Completed,Medium,Closed,Org line G4,,se,S28 2nd,PROD633,Sweden
546,Accepted-In Progress,Value 77,19.01304858809901,Accepted,Medium,In Progress,Org line C,E_7,se,G153 2nd,PROD671,Sweden
546,Completed-Closed,Value 77,19.06849844799963,Completed,Medium,Closed,Org line C,E_7,se,G153 2nd,PROD671,Sweden
547,Accepted-In Progress,Value 150,19.013092054233706,Accepted,Major,In Progress,Org line C,E_4,us,G88 2nd,PROD17,USA
547,Queued-Awaiting Assignment,Value 150,19.013093995234584,Queued,Major,Awaiting Assignment,Org line C,E_4,us,G88 2nd,PROD17,USA
547,Accepted-Assigned,Value 283,19.02244173378291,Accepted,Major,Assigned,Org line C,E_4,us,G88 2nd,PROD17,USA
547,Accepted-In Progress,Value 284,19.059120212894097,Accepted,Major,In Progress,Org line C,E_4,us,G88 2nd,PROD17,INDIA
547,Completed-Closed,Value 284,19.05912024986221,Completed,Major,Closed,Org line C,E_4,us,G88 2nd,PROD17,INDIA
548,Accepted-In Progress,Value 285,19.013262350282556,Accepted,Medium,In Progress,Org line C,E_10,se,G138 2nd,PROD802,Sweden
548,Queued-Awaiting Assignment,Value 285,19.013266806631115,Queued,Medium,Awaiting Assignment,Org line C,E_10,se,G138 2nd,PROD802,Sweden
548,Accepted-In Progress,Value 7,19.01342429760165,Accepted,Medium,In Progress,Org line C,E_10,se,G143 2nd,PROD802,Sweden
548,Queued-Awaiting Assignment,Value 44,19.01342437499484,Queued,Medium,Awaiting Assignment,Org line C,C_6,se,G273 3rd,PROD802,Sweden
548,Accepted-In Progress,Value 112,19.013448731440715,Accepted,Medium,In Progress,Org line C,C_6,se,G273 3rd,PROD802,Sweden
548,Accepted-Wait,Value 112,19.018685371657803,Accepted,Medium,Wait,Org line C,C_6,se,G273 3rd,PROD802,Sweden
548,Queued-Awaiting Assignment,Value 229,19.02255473160002,Queued,Medium,Awaiting Assignment,Org line C,E_10,se,G271 2nd,PROD802,Sweden
548,Accepted-In Progress,Value 112,19.022555049314768,Accepted,Medium,In Progress,Org line C,C_6,se,G273 3rd,PROD802,Sweden
548,Queued-Awaiting Assignment,Value 285,19.022555082181803,Queued,Medium,Awaiting Assignment,Org line C,E_10,se,G138 2nd,PROD802,Sweden
548,Accepted-In Progress,Value 7,19.022555547798046,Accepted,Medium,In Progress,Org line C,E_10,se,G143 2nd,PROD802,Sweden
548,Completed-Closed,Value 7,19.022556007936235,Completed,Medium,Closed,Org line C,E_10,se,G143 2nd,PROD802,Sweden
548,Accepted-In Progress,Value 7,19.023990012998624,Accepted,Medium,In Progress,Org line C,E_10,se,G143 2nd,PROD802,Sweden
548,Accepted-In Progress,Value 286,19.0337388295129,Accepted,Medium,In Progress,Org line C,E_10,se,G138 2nd,PROD802,Sweden
548,Accepted-In Progress,Value 286,19.055078162796775,Accepted,Medium,In Progress,Org line C,E_10,se,G138 2nd,PROD802,Sweden
548,Completed-Closed,Value 286,19.055082563902875,Completed,Medium,Closed,Org line C,E_10,se,G138 2nd,PROD802,Sweden
549,Accepted-In Progress,Value 287,19.013439168040872,Accepted,Medium,In Progress,Org line C,E_2,se,G57 2nd,PROD327,Sweden
549,Completed-Closed,Value 287,19.071464826435086,Completed,Medium,Closed,Org line C,E_2,se,G57 2nd,PROD327,Sweden
550,Accepted-In Progress,Value 60,19.013523372568617,Accepted,Medium,In Progress,Org line G4,,se,S30 2nd,PROD408,Sweden
550,Accepted-In Progress,Value 60,19.07739868437037,Accepted,Medium,In Progress,Org line G4,,se,S30 2nd,PROD408,Sweden
550,Completed-Closed,Value 60,19.077398705112387,Completed,Medium,Closed,Org line G4,,se,S30 2nd,PROD408,Sweden
551,Accepted-In Progress,Value 46,19.01396551652185,Accepted,Medium,In Progress,Org line G3,,us,G199 3rd,PROD96,USA
551,Queued-Awaiting Assignment,Value 46,19.013966383961286,Queued,Medium,Awaiting Assignment,Org line G3,,us,G199 3rd,PROD96,USA
551,Accepted-In Progress,Value 238,19.013969931062476,Accepted,Medium,In Progress,Org line G3,,us,G199 3rd,PROD96,Sweden
551,Accepted-Assigned,Value 46,19.013969975263034,Accepted,Medium,Assigned,Org line G3,,us,G199 3rd,PROD96,USA
551,Accepted-In Progress,Value 43,19.058399587343924,Accepted,Medium,In Progress,Org line G3,,us,G199 3rd,PROD96,POLAND
551,Completed-Closed,Value 43,19.05839959262889,Completed,Medium,Closed,Org line G3,,us,G199 3rd,PROD96,POLAND
552,Accepted-In Progress,Value 11,19.015280309364865,Accepted,Major,In Progress,Org line C,V3_2,se,S25,PROD535,Sweden
552,Completed-Closed,Value 11,19.06883955958709,Completed,Major,Closed,Org line C,V3_2,se,S25,PROD535,Sweden
553,Accepted-In Progress,Value 271,19.015292514740842,Accepted,Low,In Progress,Org line C,E_7,se,G153 2nd,PROD673,INDIA
553,Accepted-In Progress,Value 271,19.032391856563045,Accepted,Low,In Progress,Org line C,E_7,se,G153 2nd,PROD673,INDIA
553,Completed-Closed,Value 271,19.055590369196832,Completed,Low,Closed,Org line C,E_7,se,G153 2nd,PROD673,INDIA
554,Accepted-In Progress,Value 138,19.015354984952054,Accepted,High,In Progress,Org line A2,A2_4,se,G105 2nd,PROD337,Sweden
554,Accepted-Wait,Value 138,19.015355271857995,Accepted,High,Wait,Org line A2,A2_4,se,G105 2nd,PROD337,Sweden
554,Completed-Closed,Value 138,19.092355993703972,Completed,High,Closed,Org line A2,A2_4,se,G105 2nd,PROD337,Sweden
555,Accepted-In Progress,Value 68,19.015835299165715,Accepted,Low,In Progress,Org line A2,A2_2,pl,J3 2nd,PROD355,POLAND
555,Accepted-Assigned,Value 68,19.015835778950873,Accepted,Low,Assigned,Org line A2,A2_2,pl,J3 2nd,PROD355,POLAND
555,Accepted-In Progress,Value 288,19.015835784465644,Accepted,Low,In Progress,Org line A2,A2_2,pl,J3 2nd,PROD355,POLAND
555,Accepted-Wait,Value 288,19.016350334570678,Accepted,Low,Wait,Org line A2,A2_2,pl,J3 2nd,PROD355,POLAND
555,Completed-Closed,Value 288,19.06198908660611,Completed,Low,Closed,Org line A2,A2_2,pl,J3 2nd,PROD355,POLAND
556,Accepted-In Progress,Value 15,19.01591249198231,Accepted,High,In Progress,Org line G4,,se,S28 2nd,PROD633,Sweden
556,Completed-Closed,Value 15,19.068410104094188,Completed,High,Closed,Org line G4,,se,S28 2nd,PROD633,Sweden
557,Accepted-In Progress,Value 289,19.015915993586887,Accepted,High,In Progress,Org line G4,,se,S33 2nd,PROD448,Sweden
557,Accepted-Wait,Value 289,19.043576062615138,Accepted,High,Wait,Org line G4,,se,S33 2nd,PROD448,Sweden
557,Completed-Closed,Value 289,19.074732917057737,Completed,High,Closed,Org line G4,,se,S33 2nd,PROD448,Sweden
558,Accepted-In Progress,Value 29,19.015942070505233,Accepted,Low,In Progress,Org line A2,A2_1,gb,G42 3rd,PROD235,United Kingdom
558,Accepted-Assigned,Value 29,19.015943195398233,Accepted,Low,Assigned,Org line A2,A2_1,gb,G42 3rd,PROD235,United Kingdom
558,Accepted-In Progress,Value 143,19.02298529582357,Accepted,Low,In Progress,Org line A2,A2_1,gb,G42 3rd,PROD235,United Kingdom
558,Accepted-Wait,Value 143,19.022989818562525,Accepted,Low,Wait,Org line A2,A2_1,gb,G42 3rd,PROD235,United Kingdom
558,Completed-Closed,Value 143,19.07462077646702,Completed,Low,Closed,Org line A2,A2_1,gb,G42 3rd,PROD235,United Kingdom
559,Accepted-In Progress,Value 128,19.015944684225254,Accepted,Low,In Progress,Org line C,E_10,se,G240 2nd,PROD412,Sweden
559,Completed-Closed,Value 128,19.068286718258612,Completed,Low,Closed,Org line C,E_10,se,G240 2nd,PROD412,Sweden
560,Accepted-In Progress,Value 150,19.015956335598702,Accepted,Medium,In Progress,Org line C,C_6,fr,G248 3rd,PROD585,USA
560,Accepted-Wait,Value 150,19.015962401096697,Accepted,Medium,Wait,Org line C,C_6,fr,G248 3rd,PROD585,USA
560,Queued-Awaiting Assignment,Value 150,19.01875678563543,Queued,Medium,Awaiting Assignment,Org line C,C_6,fr,G248 3rd,PROD585,USA
560,Accepted-In Progress,Value 150,19.068865850845825,Accepted,Medium,In Progress,Org line C,C_6,fr,G270 3rd,PROD585,USA
560,Completed-Closed,Value 150,19.068866447058916,Completed,Medium,Closed,Org line C,C_6,fr,G270 3rd,PROD585,USA
561,Accepted-In Progress,Value 290,19.016084089269423,Accepted,Medium,In Progress,Org line C,E_4,in,G93 2nd,PROD701,Brazil
561,Accepted-In Progress,Value 290,19.016086471055992,Accepted,Medium,In Progress,Org line C,E_4,in,G93 2nd,PROD701,Brazil
561,Accepted-In Progress,Value 290,19.056489590370028,Accepted,Medium,In Progress,Org line C,E_4,in,G93 2nd,PROD701,Brazil
561,Accepted-In Progress,Value 213,19.05928185083274,Accepted,Medium,In Progress,Org line C,E_4,in,G93 2nd,PROD701,POLAND
561,Completed-Closed,Value 213,19.0898341729117,Completed,Medium,Closed,Org line C,E_4,in,G93 2nd,PROD701,POLAND
562,Accepted-In Progress,Value 164,19.016310901419626,Accepted,Medium,In Progress,Org line A2,A2_4,se,G105 2nd,PROD163,Sweden
562,Accepted-Assigned,Value 164,19.01631570249166,Accepted,Medium,Assigned,Org line A2,A2_4,se,G105 2nd,PROD163,Sweden
562,Accepted-Assigned,Value 93,19.062463774983016,Accepted,Medium,Assigned,Org line A2,A2_4,se,G105 2nd,PROD163,Sweden
562,Accepted-Wait,Value 93,19.10958737106121,Accepted,Medium,Wait,Org line A2,A2_4,se,G105 2nd,PROD163,Sweden
562,Accepted-In Progress,Value 93,19.109587446379923,Accepted,Medium,In Progress,Org line A2,A2_4,se,G105 2nd,PROD163,Sweden
562,Completed-Closed,Value 93,19.11203595990234,Completed,Medium,Closed,Org line A2,A2_4,se,G105 2nd,PROD163,Sweden
563,Accepted-In Progress,Value 291,19.0163192688299,Accepted,High,In Progress,Org line A2,A2_3,se,S21 2nd,PROD290,Sweden
563,Accepted-In Progress,Value 291,19.01638016471085,Accepted,High,In Progress,Org line A2,A2_3,se,S21 2nd,PROD290,Sweden
563,Completed-Closed,Value 291,19.092894317499614,Completed,High,Closed,Org line A2,A2_3,se,S21 2nd,PROD290,Sweden
564,Accepted-In Progress,Value 292,19.01634380290793,Accepted,High,In Progress,Org line C,E_4,us,G88 2nd,PROD197,INDIA
564,Accepted-Wait,Value 292,19.016344326544914,Accepted,High,Wait,Org line C,E_4,us,G88 2nd,PROD197,INDIA
564,Completed-Closed,Value 292,19.02205054451563,Completed,High,Closed,Org line C,E_4,us,G88 2nd,PROD197,INDIA
564,Accepted-In Progress,Value 292,19.062016580170578,Accepted,High,In Progress,Org line C,E_4,us,G88 2nd,PROD197,INDIA
564,Queued-Awaiting Assignment,Value 292,19.06202008197809,Queued,High,Awaiting Assignment,Org line C,E_4,us,G88 2nd,PROD197,INDIA
564,Queued-Awaiting Assignment,Value 150,19.06202008724396,Queued,High,Awaiting Assignment,Org line C,E_4,us,G88 2nd,PROD197,USA
564,Accepted-In Progress,Value 150,19.080543332477884,Accepted,High,In Progress,Org line C,E_4,us,G88 2nd,PROD197,USA
564,Accepted-In Progress,Value 293,19.08054705948116,Accepted,High,In Progress,Org line C,E_4,us,G88 2nd,PROD197,USA
564,Accepted-Assigned,Value 294,19.081061800408502,Accepted,High,Assigned,Org line C,E_4,us,G88 2nd,PROD197,Sweden
564,Queued-Awaiting Assignment,Value 217,19.083964591005827,Queued,High,Awaiting Assignment,Org line C,E_5,us,G92,PROD197,INDIA
564,Queued-Awaiting Assignment,Value 150,19.084049248300257,Queued,High,Awaiting Assignment,Org line C,E_4,us,G88 2nd,PROD197,USA
564,Accepted-In Progress,Value 294,19.086680536173823,Accepted,High,In Progress,Org line C,E_4,us,G88 2nd,PROD197,Sweden
564,Completed-Closed,Value 294,19.086680566999398,Completed,High,Closed,Org line C,E_4,us,G88 2nd,PROD197,Sweden
565,Accepted-In Progress,Value 295,19.016601322042575,Accepted,High,In Progress,Org line C,E_8,in,G183 2nd,PROD476,France
565,Queued-Awaiting Assignment,Value 295,19.01662717721095,Queued,High,Awaiting Assignment,Org line C,E_8,in,G183 2nd,PROD476,France
565,Accepted-In Progress,Value 186,19.01922532331519,Accepted,High,In Progress,Org line C,E_8,in,G181 2nd,PROD476,INDIA
565,Accepted-Wait,Value 186,19.019225378276285,Accepted,High,Wait,Org line C,E_8,in,G181 2nd,PROD476,INDIA
565,Accepted-Assigned,Value 187,19.019228478077178,Accepted,High,Assigned,Org line C,E_8,in,G181 2nd,PROD476,INDIA
565,Accepted-In Progress,Value 187,19.058717707566654,Accepted,High,In Progress,Org line C,E_8,in,G181 2nd,PROD476,INDIA
565,Completed-Closed,Value 187,19.058717982297456,Completed,High,Closed,Org line C,E_8,in,G181 2nd,PROD476,INDIA
566,Accepted-In Progress,Value 77,19.016883973330046,Accepted,Medium,In Progress,Org line G4,,se,M19 2nd,PROD286,Sweden
566,Completed-Closed,Value 77,19.055201842409303,Completed,Medium,Closed,Org line G4,,se,M19 2nd,PROD286,Sweden
567,Accepted-In Progress,Value 77,19.01688511919995,Accepted,Medium,In Progress,Org line G4,,se,M19 2nd,PROD286,Sweden
567,Completed-Closed,Value 77,19.055202027975554,Completed,Medium,Closed,Org line G4,,se,M19 2nd,PROD286,Sweden
568,Accepted-In Progress,Value 295,19.01694237796917,Accepted,Medium,In Progress,Org line C,E_8,in,G183 2nd,PROD476,France
568,Queued-Awaiting Assignment,Value 295,19.016943903869965,Queued,Medium,Awaiting Assignment,Org line C,E_8,in,G183 2nd,PROD476,France
568,Accepted-In Progress,Value 186,19.01922734588151,Accepted,Medium,In Progress,Org line C,E_8,in,G181 2nd,PROD476,INDIA
568,Accepted-Wait,Value 186,19.019227395346398,Accepted,Medium,Wait,Org line C,E_8,in,G181 2nd,PROD476,INDIA
568,Accepted-In Progress,Value 186,19.055592420230422,Accepted,Medium,In Progress,Org line C,E_8,in,G181 2nd,PROD476,Sweden
568,Accepted-Assigned,Value 214,19.07185187370019,Accepted,Medium,Assigned,Org line C,E_8,in,G181 2nd,PROD476,Sweden
568,Accepted-In Progress,Value 214,19.09325691468587,Accepted,Medium,In Progress,Org line C,E_8,in,G181 2nd,PROD476,Sweden
568,Completed-Closed,Value 214,19.093257761936275,Completed,Medium,Closed,Org line C,E_8,in,G181 2nd,PROD476,Sweden
569,Accepted-In Progress,Value 103,19.01726065139718,Accepted,Medium,In Progress,Org line C,C_6,se,G141 3rd,PROD660,Sweden
569,Queued-Awaiting Assignment,Value 103,19.017261477434594,Queued,Medium,Awaiting Assignment,Org line C,C_6,se,G141 3rd,PROD660,Sweden
569,Accepted-Assigned,Value 123,19.017262061167287,Accepted,Medium,Assigned,Org line C,C_6,se,G141 3rd,PROD660,Sweden
569,Accepted-In Progress,Value 106,19.071893467685257,Accepted,Medium,In Progress,Org line C,C_6,se,G141 3rd,PROD660,Sweden
569,Accepted-Wait,Value 106,19.07381993713999,Accepted,Medium,Wait,Org line C,C_6,se,G141 3rd,PROD660,Sweden
569,Completed-Closed,Value 106,19.091169019536004,Completed,Medium,Closed,Org line C,C_6,se,G141 3rd,PROD660,Sweden
570,Accepted-In Progress,Value 68,19.017245309004934,Accepted,Medium,In Progress,Org line V2,,se,T10 2nd,PROD615,Sweden
570,Completed-Closed,Value 68,19.088034059641178,Completed,Medium,Closed,Org line V2,,se,T10 2nd,PROD615,Sweden
571,Accepted-In Progress,Value 296,19.017362210335225,Accepted,Medium,In Progress,Org line A2,A2_4,se,G105 2nd,PROD337,Sweden
571,Completed-Closed,Value 296,19.083226516195893,Completed,Medium,Closed,Org line A2,A2_4,se,G105 2nd,PROD337,Sweden
572,Accepted-In Progress,Value 296,19.017366136361566,Accepted,Medium,In Progress,Org line A2,A2_4,se,G105 2nd,PROD337,Sweden
572,Completed-Closed,Value 296,19.071902269099034,Completed,Medium,Closed,Org line A2,A2_4,se,G105 2nd,PROD337,Sweden
573,Accepted-In Progress,Value 297,19.017373151410926,Accepted,Medium,In Progress,Org line A2,A2_4,se,G105 2nd,PROD337,Sweden
573,Completed-Closed,Value 297,19.055585535736693,Completed,Medium,Closed,Org line A2,A2_4,se,G105 2nd,PROD337,Sweden
574,Accepted-In Progress,Value 297,19.018779192527525,Accepted,Medium,In Progress,Org line A2,A2_4,se,G105 2nd,PROD337,Sweden
574,Completed-Closed,Value 297,19.06519958124917,Completed,Medium,Closed,Org line A2,A2_4,se,G105 2nd,PROD337,Sweden
575,Accepted-In Progress,Value 281,19.018781117022453,Accepted,High,In Progress,Org line C,E_8,in,G186 2nd,PROD474,Sweden
575,Accepted-Wait,Value 281,19.068246779429067,Accepted,High,Wait,Org line C,E_8,in,G186 2nd,PROD474,Sweden
575,Completed-Closed,Value 281,19.070953236115095,Completed,High,Closed,Org line C,E_8,in,G186 2nd,PROD474,Sweden
576,Accepted-In Progress,Value 165,19.018852128295563,Accepted,High,In Progress,Org line C,V3_3,us,N22 2nd,PROD671,USA
576,Queued-Awaiting Assignment,Value 165,19.018869931183048,Queued,High,Awaiting Assignment,Org line C,V3_3,us,N22 2nd,PROD671,USA
576,Queued-Awaiting Assignment,Value 165,19.01886993668111,Queued,High,Awaiting Assignment,Org line C,V3_3,us,N22 2nd,PROD671,USA
576,Accepted-In Progress,Value 165,19.019225878422116,Accepted,High,In Progress,Org line C,V3_3,us,N22 2nd,PROD671,USA
576,Accepted-Wait,Value 165,19.019348093373097,Accepted,High,Wait,Org line C,V3_3,us,N22 2nd,PROD671,USA
576,Completed-Closed,Value 165,19.056571814135506,Completed,High,Closed,Org line C,V3_3,us,N22 2nd,PROD671,USA
577,Accepted-In Progress,Value 298,19.019175505336026,Accepted,Low,In Progress,Org line G4,,se,S33 2nd,PROD397,Sweden
577,Completed-Closed,Value 298,19.057906462978387,Completed,Low,Closed,Org line G4,,se,S33 2nd,PROD397,Sweden
578,Accepted-In Progress,Value 126,19.01925494141171,Accepted,Medium,In Progress,Org line A2,A2_3,se,U6 2nd,PROD802,Sweden
578,Accepted-In Progress,Value 126,19.019255062322536,Accepted,Medium,In Progress,Org line A2,A2_3,se,U6 2nd,PROD802,Sweden
578,Queued-Awaiting Assignment,Value 126,19.019255870226306,Queued,Medium,Awaiting Assignment,Org line A2,A2_3,se,U6 2nd,PROD802,Sweden
578,Accepted-In Progress,Value 126,19.038529805953697,Accepted,Medium,In Progress,Org line A2,A2_3,se,U6 2nd,PROD802,Sweden
578,Accepted-Assigned,Value 31,19.044964073273317,Accepted,Medium,Assigned,Org line A2,A2_3,se,U6 2nd,PROD802,Sweden
578,Accepted-In Progress,Value 13,19.070647635775924,Accepted,Medium,In Progress,Org line A2,A2_3,se,U5 2nd,PROD802,Sweden
578,Completed-Closed,Value 13,19.070648533723986,Completed,Medium,Closed,Org line A2,A2_3,se,U5 2nd,PROD802,Sweden
579,Accepted-In Progress,Value 118,19.019264795595973,Accepted,High,In Progress,Org line C,C_6,fr,G225 3rd,PROD804,France
579,Completed-Closed,Value 118,19.094184341467923,Completed,High,Closed,Org line C,C_6,fr,G225 3rd,PROD804,France
580,Accepted-In Progress,Value 13,19.019708413580386,Accepted,Medium,In Progress,Org line A2,D_1,se,L38 3rd,PROD607,Sweden
580,Completed-Closed,Value 13,19.077751220977067,Completed,Medium,Closed,Org line A2,D_1,se,L38 3rd,PROD607,Sweden
581,Accepted-In Progress,Value 55,19.019617877340107,Accepted,High,In Progress,Org line C,V3_3,us,V42 2nd,PROD794,France
581,Completed-Closed,Value 55,19.027173836414676,Completed,High,Closed,Org line C,V3_3,us,V42 2nd,PROD794,France
581,Accepted-In Progress,Value 55,19.032072693390532,Accepted,High,In Progress,Org line C,V3_3,us,V42 2nd,PROD794,France
581,Queued-Awaiting Assignment,Value 150,19.037241955427866,Queued,High,Awaiting Assignment,Org line C,E_4,us,G88 2nd,PROD794,USA
581,Accepted-In Progress,Value 299,19.038482698044266,Accepted,High,In Progress,Org line C,E_4,us,G88 2nd,PROD794,INDIA
581,Completed-Closed,Value 299,19.05602118996967,Completed,High,Closed,Org line C,E_4,us,G88 2nd,PROD794,INDIA
582,Queued-Awaiting Assignment,Value 300,19.019703134355986,Queued,Medium,Awaiting Assignment,Org line A2,D_1,fr,V21 2nd,PROD603,France
582,Accepted-In Progress,Value 300,19.019715027678597,Accepted,Medium,In Progress,Org line A2,D_1,fr,V44 3rd,PROD603,France
582,Queued-Awaiting Assignment,Value 300,19.01971876868986,Queued,Medium,Awaiting Assignment,Org line A2,D_1,fr,V21 2nd,PROD603,France
582,Accepted-In Progress,Value 300,19.019719422404048,Accepted,Medium,In Progress,Org line A2,D_1,fr,V44 3rd,PROD603,France
582,Accepted-In Progress,Value 300,19.019720087104588,Accepted,Medium,In Progress,Org line A2,D_1,fr,V21 2nd,PROD603,France
582,Completed-Closed,Value 300,19.099923296671836,Completed,Medium,Closed,Org line A2,D_1,fr,V21 2nd,PROD603,France
583,Queued-Awaiting Assignment,Value 150,19.019841901125787,Queued,High,Awaiting Assignment,Org line C,E_4,us,G88 2nd,PROD348,USA
583,Accepted-In Progress,Value 299,19.020115549537717,Accepted,High,In Progress,Org line C,E_4,us,G88 2nd,PROD348,INDIA
583,Completed-Closed,Value 299,19.02834610624201,Completed,High,Closed,Org line C,E_4,us,G88 2nd,PROD348,INDIA
583,Accepted-In Progress,Value 299,19.030619349515067,Accepted,High,In Progress,Org line C,E_4,us,G88 2nd,PROD348,INDIA
583,Completed-Closed,Value 299,19.055491925237774,Completed,High,Closed,Org line C,E_4,us,G88 2nd,PROD348,INDIA
584,Accepted-In Progress,Value 133,19.019844411296575,Accepted,High,In Progress,Org line G4,,se,S33 2nd,PROD374,Sweden
584,Completed-Closed,Value 133,19.06559386168986,Completed,High,Closed,Org line G4,,se,S33 2nd,PROD374,Sweden
585,Accepted-In Progress,Value 164,19.020175226326096,Accepted,Medium,In Progress,Org line G4,,se,S33 2nd,PROD374,Sweden
585,Completed-Closed,Value 164,19.08671448997054,Completed,Medium,Closed,Org line G4,,se,S33 2nd,PROD374,Sweden
586,Accepted-In Progress,Value 46,19.02024483193387,Accepted,Medium,In Progress,Org line G3,,us,G199 3rd,PROD97,USA
586,Queued-Awaiting Assignment,Value 46,19.020246242993743,Queued,Medium,Awaiting Assignment,Org line G3,,us,G199 3rd,PROD97,USA
586,Accepted-In Progress,Value 78,19.0202473850174,Accepted,Medium,In Progress,Org line G3,,us,G199 3rd,PROD97,Sweden
586,Accepted-Assigned,Value 46,19.02024742894136,Accepted,Medium,Assigned,Org line G3,,us,G199 3rd,PROD97,USA
586,Accepted-In Progress,Value 43,19.07074262585881,Accepted,Medium,In Progress,Org line G3,,us,G199 3rd,PROD97,POLAND
586,Completed-Closed,Value 43,19.07074401963381,Completed,Medium,Closed,Org line G3,,us,G199 3rd,PROD97,POLAND
587,Accepted-In Progress,Value 69,19.0204767131757,Accepted,Medium,In Progress,Org line B,E_10,in,G230 2nd,PROD424,INDIA
587,Queued-Awaiting Assignment,Value 69,19.020477355416133,Queued,Medium,Awaiting Assignment,Org line B,E_10,in,G230 2nd,PROD424,INDIA
587,Accepted-In Progress,Value 71,19.021246084900685,Accepted,Medium,In Progress,Org line B,E_10,in,G230 2nd,PROD424,INDIA
587,Completed-Closed,Value 71,19.08668234974363,Completed,Medium,Closed,Org line B,E_10,in,G230 2nd,PROD424,INDIA
588,Accepted-In Progress,Value 69,19.020479457790046,Accepted,Medium,In Progress,Org line B,E_10,in,G230 2nd,PROD321,INDIA
588,Queued-Awaiting Assignment,Value 69,19.02048327279147,Queued,Medium,Awaiting Assignment,Org line B,E_10,in,G230 2nd,PROD321,INDIA
588,Accepted-In Progress,Value 71,19.021246562096838,Accepted,Medium,In Progress,Org line B,E_10,in,G230 2nd,PROD321,INDIA
588,Completed-Closed,Value 71,19.061990039757077,Completed,Medium,Closed,Org line B,E_10,in,G230 2nd,PROD321,INDIA
589,Accepted-In Progress,Value 244,19.020636975052227,Accepted,Medium,In Progress,Org line C,E_10,se,G255 2nd,PROD399,Sweden
589,Completed-Closed,Value 244,19.068342939714817,Completed,Medium,Closed,Org line C,E_10,se,G255 2nd,PROD399,Sweden
590,Accepted-In Progress,Value 62,19.020686895897565,Accepted,Low,In Progress,Org line A2,A2_3,se,S35 2nd,PROD551,Sweden
590,Accepted-Wait,Value 62,19.02068725262287,Accepted,Low,Wait,Org line A2,A2_3,se,S35 2nd,PROD551,Sweden
590,Accepted-In Progress,Value 62,19.022128897639654,Accepted,Low,In Progress,Org line A2,A2_3,se,S35 2nd,PROD551,Sweden
590,Accepted-Wait,Value 62,19.042741731412836,Accepted,Low,Wait,Org line A2,A2_3,se,S35 2nd,PROD551,Sweden
590,Accepted-In Progress,Value 62,19.05927144857649,Accepted,Low,In Progress,Org line A2,A2_3,se,S35 2nd,PROD551,Sweden
590,Completed-Closed,Value 62,19.059271791799866,Completed,Low,Closed,Org line A2,A2_3,se,S35 2nd,PROD551,Sweden
591,Accepted-In Progress,Value 301,19.021422083529917,Accepted,Low,In Progress,Org line B,E_10,in,G238 2nd,PROD209,INDIA
591,Completed-Closed,Value 301,19.05767022861063,Completed,Low,Closed,Org line B,E_10,in,G238 2nd,PROD209,INDIA
592,Accepted-In Progress,Value 132,19.02151858168954,Accepted,Medium,In Progress,Org line G4,,se,S33 2nd,PROD374,Sweden
592,Completed-Closed,Value 132,19.05783902299673,Completed,Medium,Closed,Org line G4,,se,S33 2nd,PROD374,Sweden
593,Accepted-In Progress,Value 207,19.021222542940993,Accepted,Medium,In Progress,Org line C,E_1,se,G99 2nd,PROD153,Sweden
593,Queued-Awaiting Assignment,Value 207,19.02122331086082,Queued,Medium,Awaiting Assignment,Org line C,E_1,se,G99 2nd,PROD153,Sweden
593,Accepted-In Progress,Value 237,19.035291861279816,Accepted,Medium,In Progress,Org line C,E_1,se,G99 2nd,PROD153,USA
593,Completed-Closed,Value 237,19.06201913412163,Completed,Medium,Closed,Org line C,E_1,se,G99 2nd,PROD153,USA
594,Accepted-In Progress,Value 29,19.021963075732987,Accepted,Medium,In Progress,Org line A2,A2_1,gb,G42 3rd,PROD236,United Kingdom
594,Accepted-Wait,Value 29,19.021964023959946,Accepted,Medium,Wait,Org line A2,A2_1,gb,G42 3rd,PROD236,United Kingdom
594,Accepted-In Progress,Value 143,19.109564318246907,Accepted,Medium,In Progress,Org line A2,A2_1,gb,G42 3rd,PROD236,United Kingdom
594,Completed-Closed,Value 143,19.109564328289633,Completed,Medium,Closed,Org line A2,A2_1,gb,G42 3rd,PROD236,United Kingdom
595,Accepted-In Progress,Value 57,19.02199274439669,Accepted,Medium,In Progress,Org line C,C_1,be,G56 3rd,PROD795,Sweden
595,Accepted-Assigned,Value 57,19.021994547617965,Accepted,Medium,Assigned,Org line C,C_1,be,G56 3rd,PROD795,Sweden
595,Accepted-In Progress,Value 57,19.037158564033245,Accepted,Medium,In Progress,Org line C,C_1,be,G56 3rd,PROD795,Sweden
595,Completed-Closed,Value 57,19.057927565460066,Completed,Medium,Closed,Org line C,C_1,be,G56 3rd,PROD795,Sweden
596,Accepted-In Progress,Value 77,19.022085142969406,Accepted,Medium,In Progress,Org line G4,,se,M19 2nd,PROD286,Sweden
596,Completed-Closed,Value 77,19.055202807353428,Completed,Medium,Closed,Org line G4,,se,M19 2nd,PROD286,Sweden
597,Accepted-In Progress,Value 302,19.02213659725515,Accepted,High,In Progress,Org line V5,,de,V19 2nd,PROD637,Germany
597,Completed-Closed,Value 302,19.103399325207018,Completed,High,Closed,Org line V5,,de,V19 2nd,PROD637,Germany
598,Accepted-Wait,Value 303,19.022347373808564,Accepted,Medium,Wait,Org line C,E_4,in,G88 2nd,PROD794,INDIA
598,Accepted-In Progress,Value 303,19.05562134624579,Accepted,Medium,In Progress,Org line C,E_4,in,G88 2nd,PROD794,INDIA
598,Accepted-Wait,Value 303,19.055621383343475,Accepted,Medium,Wait,Org line C,E_4,in,G88 2nd,PROD794,INDIA
598,Queued-Awaiting Assignment,Value 150,19.08404660061466,Queued,Medium,Awaiting Assignment,Org line C,E_4,in,G88 2nd,PROD794,USA
598,Queued-Awaiting Assignment,Value 217,19.08637867225472,Queued,Medium,Awaiting Assignment,Org line C,E_5,in,G92,PROD794,INDIA
598,Accepted-In Progress,Value 303,19.093379932012798,Accepted,Medium,In Progress,Org line C,E_5,in,G92,PROD794,INDIA
598,Completed-Closed,Value 303,19.093380171867516,Completed,Medium,Closed,Org line C,E_5,in,G92,PROD794,INDIA
599,Accepted-Wait,Value 304,19.022535460368534,Accepted,Low,Wait,Org line A2,A2_3,se,S35 2nd,PROD551,Sweden
599,Accepted-Assigned,Value 304,19.038479414748355,Accepted,Low,Assigned,Org line A2,A2_3,se,S35 2nd,PROD551,Sweden
599,Accepted-In Progress,Value 304,19.08094102514421,Accepted,Low,In Progress,Org line A2,A2_3,se,S35 2nd,PROD551,Sweden
599,Completed-Closed,Value 304,19.08094103031138,Completed,Low,Closed,Org line A2,A2_3,se,S35 2nd,PROD551,Sweden
600,Accepted-In Progress,Value 273,19.022558796150026,Accepted,Medium,In Progress,Org line C,E_4,us,G88 2nd,PROD348,Sweden
600,Completed-Closed,Value 273,19.080530838386377,Completed,Medium,Closed,Org line C,E_4,us,G88 2nd,PROD348,Sweden
601,Accepted-In Progress,Value 77,19.022562389592878,Accepted,Medium,In Progress,Org line G4,,se,M19 2nd,PROD286,Sweden
601,Completed-Closed,Value 77,19.05520215522096,Completed,Medium,Closed,Org line G4,,se,M19 2nd,PROD286,Sweden
602,Accepted-In Progress,Value 8,19.022561321421428,Accepted,Medium,In Progress,Org line A2,A2_4,se,G105 2nd,PROD337,Sweden
602,Completed-Closed,Value 8,19.103332636146767,Completed,Medium,Closed,Org line A2,A2_4,se,G105 2nd,PROD337,Sweden
603,Queued-Awaiting Assignment,Value 69,19.022944332894223,Queued,Medium,Awaiting Assignment,Org line B,E_10,in,G230 2nd,PROD424,INDIA
603,Accepted-In Progress,Value 71,19.023474437982028,Accepted,Medium,In Progress,Org line B,E_10,in,G230 2nd,PROD424,INDIA
603,Completed-Closed,Value 71,19.05315883545722,Completed,Medium,Closed,Org line B,E_10,in,G230 2nd,PROD424,INDIA
603,Accepted-In Progress,Value 71,19.053168961481223,Accepted,Medium,In Progress,Org line B,E_10,in,G230 2nd,PROD424,INDIA
603,Completed-Closed,Value 71,19.067888682100758,Completed,Medium,Closed,Org line B,E_10,in,G230 2nd,PROD424,INDIA
604,Accepted-Wait,Value 20,19.022933145961083,Accepted,Medium,Wait,Org line C,E_6,se,G334 2nd,PROD289,Sweden
604,Completed-Closed,Value 20,19.074727041779077,Completed,Medium,Closed,Org line C,E_6,se,G334 2nd,PROD289,Sweden
605,Accepted-In Progress,Value 60,19.023073031118706,Accepted,Medium,In Progress,Org line G4,,se,S30 2nd,PROD412,Sweden
605,Accepted-In Progress,Value 60,19.02578840825951,Accepted,Medium,In Progress,Org line G4,,se,S30 2nd,PROD412,Sweden
605,Accepted-Assigned,Value 104,19.025788692187596,Accepted,Medium,Assigned,Org line G4,,se,S30 2nd,PROD412,Sweden
605,Accepted-In Progress,Value 134,19.091097325788322,Accepted,Medium,In Progress,Org line G4,,se,S30 2nd,PROD412,Sweden
605,Completed-Closed,Value 134,19.091098006077043,Completed,Medium,Closed,Org line G4,,se,S30 2nd,PROD412,Sweden
606,Accepted-In Progress,Value 114,19.0233919812928,Accepted,Medium,In Progress,Org line G4,,se,S30 2nd,PROD408,Sweden
606,Accepted-Assigned,Value 114,19.02345060362943,Accepted,Medium,Assigned,Org line G4,,se,S30 2nd,PROD408,Sweden
606,Accepted-In Progress,Value 114,19.0911536858841,Accepted,Medium,In Progress,Org line G4,,se,S30 2nd,PROD408,Sweden
606,Completed-Closed,Value 114,19.09115372680143,Completed,Medium,Closed,Org line G4,,se,S30 2nd,PROD408,Sweden
607,Accepted-In Progress,Value 4,19.02341117582063,Accepted,Medium,In Progress,Org line C,V3_2,se,M11,PROD512,Sweden
607,Completed-Closed,Value 4,19.057800441517163,Completed,Medium,Closed,Org line C,V3_2,se,M11,PROD512,Sweden
608,Accepted-In Progress,Value 305,19.02340680276272,Accepted,Medium,In Progress,Org line A2,A2_2,pl,G171 2nd,PROD686,Belgium
608,Accepted-Assigned,Value 305,19.02340991152175,Accepted,Medium,Assigned,Org line A2,A2_2,pl,G171 2nd,PROD686,Belgium
608,Accepted-In Progress,Value 305,19.028753710011276,Accepted,Medium,In Progress,Org line A2,A2_2,pl,G171 2nd,PROD686,Belgium
608,Accepted-In Progress,Value 213,19.079932277991606,Accepted,Medium,In Progress,Org line A2,A2_2,pl,G171 2nd,PROD686,POLAND
608,Completed-Closed,Value 213,19.09597388548428,Completed,Medium,Closed,Org line A2,A2_2,pl,G171 2nd,PROD686,POLAND
609,Accepted-In Progress,Value 44,19.023434288673883,Accepted,Medium,In Progress,Org line C,C_6,se,G273 3rd,PROD802,Sweden
609,Queued-Awaiting Assignment,Value 44,19.023446537229656,Queued,Medium,Awaiting Assignment,Org line C,C_6,se,G273 3rd,PROD802,Sweden
609,Accepted-In Progress,Value 204,19.023905514574682,Accepted,Medium,In Progress,Org line C,C_6,se,G273 3rd,PROD802,Sweden
609,Accepted-Wait,Value 204,19.023905558338257,Accepted,Medium,Wait,Org line C,C_6,se,G273 3rd,PROD802,Sweden
609,Completed-Closed,Value 204,19.058292212203334,Completed,Medium,Closed,Org line C,C_6,se,G273 3rd,PROD802,Sweden
610,Accepted-In Progress,Value 103,19.023506305621492,Accepted,Medium,In Progress,Org line C,C_6,se,G141 3rd,PROD660,Sweden
610,Queued-Awaiting Assignment,Value 103,19.023907483933645,Queued,Medium,Awaiting Assignment,Org line C,C_6,se,G141 3rd,PROD660,Sweden
610,Accepted-In Progress,Value 113,19.025763422271808,Accepted,Medium,In Progress,Org line C,C_6,se,G141 3rd,PROD660,Sweden
610,Accepted-In Progress,Value 306,19.025818509648527,Accepted,Medium,In Progress,Org line C,C_6,se,G250 3rd,PROD660,Sweden
610,Accepted-Wait,Value 306,19.025818564248446,Accepted,Medium,Wait,Org line C,C_6,se,G250 3rd,PROD660,Sweden
610,Completed-Closed,Value 306,19.080416585421425,Completed,Medium,Closed,Org line C,C_6,se,G250 3rd,PROD660,Sweden
611,Accepted-In Progress,Value 2,19.02350793646427,Accepted,Medium,In Progress,Org line C,C_6,se,G250 3rd,PROD660,Sweden
611,Accepted-In Progress,Value 2,19.023508368801338,Accepted,Medium,In Progress,Org line C,C_6,se,G250 3rd,PROD660,Sweden
611,Completed-Closed,Value 2,19.067450762959,Completed,Medium,Closed,Org line C,C_6,se,G250 3rd,PROD660,Sweden
612,Queued-Awaiting Assignment,Value 98,19.023540279139105,Queued,High,Awaiting Assignment,Org line A2,A2_3,se,G361 2nd,PROD234,Sweden
612,Accepted-In Progress,Value 39,19.099531166163338,Accepted,High,In Progress,Org line A2,A2_3,se,M3 2nd,PROD234,Sweden
612,Completed-Closed,Value 39,19.09953127774727,Completed,High,Closed,Org line A2,A2_3,se,M3 2nd,PROD234,Sweden
613,Accepted-In Progress,Value 111,19.02358488404606,Accepted,Major,In Progress,Org line A2,A2_5,us,N30 2nd,PROD487,USA
613,Completed-Closed,Value 111,19.056215257515017,Completed,Major,Closed,Org line A2,A2_5,us,N30 2nd,PROD487,USA
614,Accepted-In Progress,Value 307,19.02395626262333,Accepted,Medium,In Progress,Org line C,E_4,us,G88 2nd,PROD774,INDIA
614,Accepted-In Progress,Value 307,19.023959457197122,Accepted,Medium,In Progress,Org line C,E_4,us,G88 2nd,PROD774,INDIA
614,Accepted-In Progress,Value 307,19.04916259000093,Accepted,Medium,In Progress,Org line C,E_4,us,G88 2nd,PROD774,INDIA
614,Accepted-Wait,Value 307,19.049162712683145,Accepted,Medium,Wait,Org line C,E_4,us,G88 2nd,PROD774,INDIA
614,Queued-Awaiting Assignment,Value 150,19.05339044393386,Queued,Medium,Awaiting Assignment,Org line C,E_4,us,G88 2nd,PROD774,USA
614,Accepted-In Progress,Value 299,19.0767357001188,Accepted,Medium,In Progress,Org line C,E_4,us,G88 2nd,PROD774,INDIA
614,Completed-Closed,Value 299,19.084933708284552,Completed,Medium,Closed,Org line C,E_4,us,G88 2nd,PROD774,INDIA
615,Accepted-In Progress,Value 46,19.023893413872816,Accepted,Medium,In Progress,Org line G3,,us,G199 3rd,PROD96,USA
615,Accepted-In Progress,Value 46,19.023919436765254,Accepted,Medium,In Progress,Org line G3,,us,G199 3rd,PROD96,USA
615,Accepted-In Progress,Value 43,19.03572795183982,Accepted,Medium,In Progress,Org line G3,,us,G199 3rd,PROD96,POLAND
615,Completed-Closed,Value 43,19.055147894189183,Completed,Medium,Closed,Org line G3,,us,G199 3rd,PROD96,POLAND
616,Accepted-In Progress,Value 308,19.023995296989906,Accepted,High,In Progress,Org line C,E_7,in,G157 2nd,PROD424,USA
616,Accepted-In Progress,Value 308,19.023997468560008,Accepted,High,In Progress,Org line C,E_7,in,G157 2nd,PROD424,USA
616,Accepted-In Progress,Value 308,19.023998130423006,Accepted,High,In Progress,Org line C,E_7,in,G165 2nd,PROD424,USA
616,Accepted-Wait,Value 308,19.04334585007002,Accepted,High,Wait,Org line C,E_7,in,G165 2nd,PROD424,USA
616,Completed-Closed,Value 308,19.073805074132967,Completed,High,Closed,Org line C,E_7,in,G165 2nd,PROD424,USA
617,Accepted-In Progress,Value 309,19.02400044420509,Accepted,Major,In Progress,Org line C,C_1,se,G100 3rd,PROD153,Sweden
617,Completed-Closed,Value 309,19.055131584552363,Completed,Major,Closed,Org line C,C_1,se,G100 3rd,PROD153,Sweden
618,Accepted-In Progress,Value 256,19.02530990765608,Accepted,Medium,In Progress,Org line A2,D_1,pl,V11 3rd,PROD74,POLAND
618,Queued-Awaiting Assignment,Value 256,19.025310071539156,Queued,Medium,Awaiting Assignment,Org line A2,D_1,pl,V11 3rd,PROD74,POLAND
618,Accepted-In Progress,Value 256,19.027318570578927,Accepted,Medium,In Progress,Org line A2,D_1,pl,V11 3rd,PROD74,POLAND
618,Completed-Closed,Value 256,19.061963440711352,Completed,Medium,Closed,Org line A2,D_1,pl,V11 3rd,PROD74,POLAND
619,Accepted-In Progress,Value 150,19.025483291859484,Accepted,Medium,In Progress,Org line C,E_7,se,G135 2nd,PROD806,Sweden
619,Accepted-In Progress,Value 150,19.025484149365266,Accepted,Medium,In Progress,Org line C,E_7,se,G135 2nd,PROD806,Sweden
619,Completed-Closed,Value 150,19.05563689535569,Completed,Medium,Closed,Org line C,E_7,se,G135 2nd,PROD806,Sweden
620,Accepted-In Progress,Value 285,19.025596722019788,Accepted,Low,In Progress,Org line C,E_10,se,G138 2nd,PROD802,Sweden
620,Queued-Awaiting Assignment,Value 285,19.025599512690683,Queued,Low,Awaiting Assignment,Org line C,E_10,se,G138 2nd,PROD802,Sweden
620,Accepted-In Progress,Value 286,19.03373938745529,Accepted,Low,In Progress,Org line C,E_10,se,G138 2nd,PROD802,Sweden
620,Queued-Awaiting Assignment,Value 44,19.03374020540911,Queued,Low,Awaiting Assignment,Org line C,C_6,se,R4 3rd,PROD802,Sweden
620,Accepted-In Progress,Value 122,19.033801674620012,Accepted,Low,In Progress,Org line C,C_6,se,G273 3rd,PROD802,Sweden
620,Completed-Closed,Value 122,19.099408740944558,Completed,Low,Closed,Org line C,C_6,se,G273 3rd,PROD802,Sweden
621,Accepted-In Progress,Value 94,19.02563369914237,Accepted,Low,In Progress,Org line F,,se,S1 2nd,PROD813,Sweden
621,Queued-Awaiting Assignment,Value 94,19.025634796803004,Queued,Low,Awaiting Assignment,Org line F,,se,S1 2nd,PROD813,Sweden
621,Accepted-In Progress,Value 122,19.025759288821614,Accepted,Low,In Progress,Org line F,,se,S1 2nd,PROD813,Sweden
621,Accepted-Assigned,Value 123,19.02575962736111,Accepted,Low,Assigned,Org line F,,se,S1 2nd,PROD813,Sweden
621,Accepted-Wait,Value 123,19.055594524257923,Accepted,Low,Wait,Org line F,,se,S1 2nd,PROD813,Sweden
621,Completed-Closed,Value 123,19.055594529557734,Completed,Low,Closed,Org line F,,se,S1 2nd,PROD813,Sweden
622,Accepted-In Progress,Value 94,19.02563541389527,Accepted,Low,In Progress,Org line F,,se,S1 2nd,PROD812,Sweden
622,Queued-Awaiting Assignment,Value 94,19.02563660985176,Queued,Low,Awaiting Assignment,Org line F,,se,S1 2nd,PROD812,Sweden
622,Accepted-In Progress,Value 122,19.025759681964246,Accepted,Low,In Progress,Org line F,,se,S1 2nd,PROD812,Sweden
622,Accepted-Assigned,Value 123,19.025786218734407,Accepted,Low,Assigned,Org line F,,se,S1 2nd,PROD812,Sweden
622,Completed-Closed,Value 123,19.055594730950563,Completed,Low,Closed,Org line F,,se,S1 2nd,PROD812,Sweden
623,Accepted-In Progress,Value 4,19.025768227317926,Accepted,Low,In Progress,Org line C,V3_2,se,M11,PROD512,Sweden
623,Completed-Closed,Value 4,19.05780031989008,Completed,Low,Closed,Org line C,V3_2,se,M11,PROD512,Sweden
624,Accepted-In Progress,Value 227,19.025870476502227,Accepted,Medium,In Progress,Org line A2,A2_1,se,N16 2nd,PROD753,Sweden
624,Accepted-Assigned,Value 227,19.028688837330094,Accepted,Medium,Assigned,Org line A2,A2_1,se,N16 2nd,PROD753,Sweden
624,Accepted-In Progress,Value 167,19.057908858246144,Accepted,Medium,In Progress,Org line A2,A2_1,se,N16 2nd,PROD753,Sweden
624,Completed-Closed,Value 167,19.057908916409307,Completed,Medium,Closed,Org line A2,A2_1,se,N16 2nd,PROD753,Sweden
625,Accepted-In Progress,Value 46,19.025899953032813,Accepted,Medium,In Progress,Org line G3,,us,G199 3rd,PROD96,USA
625,Queued-Awaiting Assignment,Value 46,19.02592552522564,Queued,Medium,Awaiting Assignment,Org line G3,,us,G199 3rd,PROD96,USA
625,Accepted-In Progress,Value 43,19.057895565230798,Accepted,Medium,In Progress,Org line G3,,us,G199 3rd,PROD96,POLAND
625,Completed-Closed,Value 43,19.067427744553978,Completed,Medium,Closed,Org line G3,,us,G199 3rd,PROD96,POLAND
626,Queued-Awaiting Assignment,Value 150,19.025921834659197,Queued,High,Awaiting Assignment,Org line C,E_4,us,G88 2nd,PROD793,USA
626,Accepted-Assigned,Value 310,19.028594749220876,Accepted,High,Assigned,Org line C,E_4,us,G88 2nd,PROD793,USA
626,Accepted-In Progress,Value 150,19.05663043990911,Accepted,High,In Progress,Org line C,E_4,us,G88 2nd,PROD793,USA
626,Completed-Closed,Value 150,19.05663091110388,Completed,High,Closed,Org line C,E_4,us,G88 2nd,PROD793,USA
627,Accepted-In Progress,Value 311,19.026252004561922,Accepted,High,In Progress,Org line G4,,se,S30 2nd,PROD412,Sweden
627,Accepted-Assigned,Value 311,19.026252817747814,Accepted,High,Assigned,Org line G4,,se,S30 2nd,PROD412,Sweden
627,Accepted-In Progress,Value 60,19.03528545217277,Accepted,High,In Progress,Org line G4,,se,S30 2nd,PROD412,Sweden
627,Completed-Closed,Value 60,19.067451239557467,Completed,High,Closed,Org line G4,,se,S30 2nd,PROD412,Sweden
628,Accepted-In Progress,Value 285,19.026284034853884,Accepted,Medium,In Progress,Org line C,E_10,se,G145 2nd,PROD104,Sweden
628,Queued-Awaiting Assignment,Value 285,19.02628775682843,Queued,Medium,Awaiting Assignment,Org line C,E_10,se,G145 2nd,PROD104,Sweden
628,Accepted-In Progress,Value 42,19.032849263137393,Accepted,Medium,In Progress,Org line C,E_10,se,G138 2nd,PROD104,Sweden
628,Queued-Awaiting Assignment,Value 77,19.032867122185493,Queued,Medium,Awaiting Assignment,Org line C,E_10,se,G140 2nd,PROD104,Sweden
628,Queued-Awaiting Assignment,Value 113,19.032868900482473,Queued,Medium,Awaiting Assignment,Org line C,C_6,se,G141 3rd,PROD104,Sweden
628,Accepted-In Progress,Value 113,19.033275163867202,Accepted,Medium,In Progress,Org line C,C_6,se,G141 3rd,PROD104,Sweden
628,Accepted-In Progress,Value 103,19.033304444619663,Accepted,Medium,In Progress,Org line C,C_6,se,G141 3rd,PROD104,Sweden
628,Queued-Awaiting Assignment,Value 77,19.03330566937427,Queued,Medium,Awaiting Assignment,Org line C,E_10,se,G140 2nd,PROD104,Sweden
628,Accepted-Assigned,Value 112,19.033305875306308,Accepted,Medium,Assigned,Org line C,E_10,se,G140 2nd,PROD104,Sweden
628,Queued-Awaiting Assignment,Value 113,19.033407031585746,Queued,Medium,Awaiting Assignment,Org line C,C_6,se,G141 3rd,PROD104,Sweden
628,Accepted-In Progress,Value 106,19.033412742895635,Accepted,Medium,In Progress,Org line C,C_6,se,G141 3rd,PROD104,Sweden
628,Accepted-In Progress,Value 312,19.036107435068306,Accepted,Medium,In Progress,Org line C,C_6,se,G261 3rd,PROD104,Sweden
628,Queued-Awaiting Assignment,Value 113,19.042267114047693,Queued,Medium,Awaiting Assignment,Org line C,C_6,se,G141 3rd,PROD104,Sweden
628,Accepted-In Progress,Value 312,19.042267366480775,Accepted,Medium,In Progress,Org line C,C_6,se,G261 3rd,PROD104,Sweden
628,Completed-Closed,Value 312,19.066110534215166,Completed,Medium,Closed,Org line C,C_6,se,G261 3rd,PROD104,Sweden
629,Accepted-In Progress,Value 309,19.026333958367992,Accepted,Medium,In Progress,Org line C,C_1,se,G100 3rd,PROD153,Sweden
629,Queued-Awaiting Assignment,Value 309,19.026333991111063,Queued,Medium,Awaiting Assignment,Org line C,C_1,se,G100 3rd,PROD153,Sweden
629,Accepted-In Progress,Value 309,19.029637466804143,Accepted,Medium,In Progress,Org line C,C_1,se,G100 3rd,PROD153,Sweden
629,Completed-Closed,Value 309,19.055107156715128,Completed,Medium,Closed,Org line C,C_1,se,G100 3rd,PROD153,Sweden
630,Accepted-In Progress,Value 296,19.026467508433807,Accepted,Medium,In Progress,Org line A2,A2_4,se,G105 2nd,PROD337,Sweden
630,Completed-Closed,Value 296,19.065588163343353,Completed,Medium,Closed,Org line A2,A2_4,se,G105 2nd,PROD337,Sweden
631,Accepted-In Progress,Value 313,19.02665861868894,Accepted,Medium,In Progress,Org line A2,A2_4,in,G31 3rd,PROD194,Sweden
631,Accepted-Assigned,Value 313,19.061972187773183,Accepted,Medium,Assigned,Org line A2,A2_4,in,G31 3rd,PROD194,Sweden
631,Accepted-In Progress,Value 313,19.077682602292747,Accepted,Medium,In Progress,Org line A2,A2_4,in,G31 3rd,PROD194,Sweden
631,Completed-Closed,Value 313,19.077683110327804,Completed,Medium,Closed,Org line A2,A2_4,in,G31 3rd,PROD194,Sweden
632,Accepted-In Progress,Value 314,19.026738913600155,Accepted,Low,In Progress,Org line C,,fr,N18 2nd,PROD696,USA
632,Queued-Awaiting Assignment,Value 314,19.04273727028839,Queued,Low,Awaiting Assignment,Org line C,,fr,N18 2nd,PROD696,USA
632,Accepted-In Progress,Value 315,19.042737313235534,Accepted,Low,In Progress,Org line A2,A2_2,fr,M16 3rd,PROD696,POLAND
632,Queued-Awaiting Assignment,Value 148,19.04273826344056,Queued,Low,Awaiting Assignment,Org line C,E_6,fr,W12 2nd,PROD696,France
632,Accepted-In Progress,Value 148,19.058411843105755,Accepted,Low,In Progress,Org line C,E_6,fr,W12 2nd,PROD696,France
632,Completed-Closed,Value 148,19.058412302892084,Completed,Low,Closed,Org line C,E_6,fr,W12 2nd,PROD696,France
633,Accepted-In Progress,Value 77,19.026743670321746,Accepted,Low,In Progress,Org line C,C_1,be,G56 3rd,PROD394,Belgium
633,Completed-Closed,Value 77,19.05922291032401,Completed,Low,Closed,Org line C,C_1,be,G56 3rd,PROD394,Belgium
634,Accepted-In Progress,Value 43,19.02680942204275,Accepted,Medium,In Progress,Org line G3,,us,G199 3rd,PROD97,POLAND
634,Completed-Closed,Value 43,19.055078300663045,Completed,Medium,Closed,Org line G3,,us,G199 3rd,PROD97,POLAND
635,Accepted-In Progress,Value 39,19.02691476088141,Accepted,High,In Progress,Org line C,E_7,se,G157 2nd,PROD677,Sweden
635,Accepted-In Progress,Value 39,19.068780892076248,Accepted,High,In Progress,Org line C,E_7,se,G157 2nd,PROD677,Sweden
635,Accepted-Assigned,Value 176,19.068781028066255,Accepted,High,Assigned,Org line C,E_7,se,G157 2nd,PROD677,INDIA
635,Accepted-In Progress,Value 177,19.084504679824907,Accepted,High,In Progress,Org line C,E_7,se,G136 2nd,PROD677,Sweden
635,Completed-Closed,Value 177,19.084504870330008,Completed,High,Closed,Org line C,E_7,se,G136 2nd,PROD677,Sweden
636,Accepted-In Progress,Value 256,19.02718792582595,Accepted,High,In Progress,Org line A2,A2_2,pl,L60 2nd,PROD229,POLAND
636,Accepted-Wait,Value 256,19.027187974898627,Accepted,High,Wait,Org line A2,A2_2,pl,L60 2nd,PROD229,POLAND
636,Accepted-In Progress,Value 256,19.05505043008024,Accepted,High,In Progress,Org line A2,A2_2,pl,L60 2nd,PROD229,POLAND
636,Completed-Closed,Value 256,19.072311574399663,Completed,High,Closed,Org line A2,A2_2,pl,L60 2nd,PROD229,POLAND
637,Accepted-In Progress,Value 256,19.02718825842962,Accepted,High,In Progress,Org line A2,A2_2,pl,L60 2nd,PROD229,POLAND
637,Accepted-Wait,Value 256,19.027188994519324,Accepted,High,Wait,Org line A2,A2_2,pl,L60 2nd,PROD229,POLAND
637,Accepted-In Progress,Value 256,19.05505114064128,Accepted,High,In Progress,Org line A2,A2_2,pl,L60 2nd,PROD229,POLAND
637,Completed-Closed,Value 256,19.072310485101305,Completed,High,Closed,Org line A2,A2_2,pl,L60 2nd,PROD229,POLAND
638,Accepted-Wait,Value 20,19.027188967256752,Accepted,Medium,Wait,Org line A2,A2_2,se,G357 2nd,PROD233,Sweden
638,Queued-Awaiting Assignment,Value 20,19.055056066830407,Queued,Medium,Awaiting Assignment,Org line A2,A2_2,se,G357 2nd,PROD233,Sweden
638,Accepted-In Progress,Value 40,19.05507800372029,Accepted,Medium,In Progress,Org line A2,A2_2,se,G357 2nd,PROD233,POLAND
638,Accepted-Wait,Value 40,19.055078046140686,Accepted,Medium,Wait,Org line A2,A2_2,se,G357 2nd,PROD233,POLAND
638,Completed-Closed,Value 40,19.09420365700908,Completed,Medium,Closed,Org line A2,A2_2,se,G357 2nd,PROD233,POLAND
639,Accepted-Wait,Value 256,19.027189294407563,Accepted,High,Wait,Org line A2,A2_2,pl,L60 2nd,PROD229,POLAND
639,Completed-Closed,Value 256,19.072311193927167,Completed,High,Closed,Org line A2,A2_2,pl,L60 2nd,PROD229,POLAND
640,Accepted-Wait,Value 256,19.027189741513503,Accepted,Low,Wait,Org line A2,A2_4,pl,W11 2nd,PROD555,POLAND
640,Accepted-In Progress,Value 256,19.055051400473175,Accepted,Low,In Progress,Org line A2,A2_4,pl,W11 2nd,PROD555,POLAND
640,Completed-Closed,Value 256,19.072310375650208,Completed,Low,Closed,Org line A2,A2_4,pl,W11 2nd,PROD555,POLAND
641,Accepted-Wait,Value 256,19.027190106831622,Accepted,Medium,Wait,Org line A2,A2_4,pl,W11 2nd,PROD370,POLAND
641,Completed-Closed,Value 256,19.072309755427103,Completed,Medium,Closed,Org line A2,A2_4,pl,W11 2nd,PROD370,POLAND
642,Accepted-In Progress,Value 251,19.027222881321556,Accepted,Low,In Progress,Org line G1,E_6,se,G358 2nd,PROD380,Sweden
642,Accepted-Wait,Value 251,19.027260834267253,Accepted,Low,Wait,Org line G1,E_6,se,G358 2nd,PROD380,Sweden
642,Completed-Closed,Value 251,19.11685539210406,Completed,Low,Closed,Org line G1,E_6,se,G358 2nd,PROD380,Sweden
643,Accepted-Wait,Value 213,19.02733615795634,Accepted,Medium,Wait,Org line A2,A2_3,pl,N26 2nd,PROD791,POLAND
643,Completed-Closed,Value 213,19.104718761778024,Completed,Medium,Closed,Org line A2,A2_3,pl,N26 2nd,PROD791,POLAND
644,Accepted-In Progress,Value 229,19.028136367086635,Accepted,High,In Progress,Org line C,E_10,se,G271 2nd,PROD802,Sweden
644,Queued-Awaiting Assignment,Value 229,19.028139466624655,Queued,High,Awaiting Assignment,Org line C,E_10,se,G271 2nd,PROD802,Sweden
644,Accepted-In Progress,Value 316,19.028598615060304,Accepted,High,In Progress,Org line C,E_10,se,G271 2nd,PROD802,Sweden
644,Queued-Awaiting Assignment,Value 44,19.028599573350583,Queued,High,Awaiting Assignment,Org line C,C_6,se,G273 3rd,PROD802,Sweden
644,Accepted-In Progress,Value 128,19.028610196154613,Accepted,High,In Progress,Org line C,C_6,se,R4 3rd,PROD802,Sweden
644,Accepted-Wait,Value 128,19.028627581156293,Accepted,High,Wait,Org line C,C_6,se,R4 3rd,PROD802,Sweden
644,Accepted-In Progress,Value 128,19.028660804017534,Accepted,High,In Progress,Org line C,C_6,se,R4 3rd,PROD802,Sweden
644,Queued-Awaiting Assignment,Value 39,19.028661386578346,Queued,High,Awaiting Assignment,Org line C,E_10,se,R6 2nd,PROD802,Sweden
644,Accepted-In Progress,Value 76,19.029110510739635,Accepted,High,In Progress,Org line C,C_6,se,G273 3rd,PROD802,Sweden
644,Accepted-Assigned,Value 39,19.029608649611678,Accepted,High,Assigned,Org line C,E_10,se,R6 2nd,PROD802,Sweden
644,Accepted-In Progress,Value 76,19.029609035804533,Accepted,High,In Progress,Org line C,E_10,se,R6 2nd,PROD802,Sweden
644,Completed-Closed,Value 76,19.037032276098053,Completed,High,Closed,Org line C,E_10,se,R6 2nd,PROD802,Sweden
644,Accepted-In Progress,Value 317,19.0427065303989,Accepted,High,In Progress,Org line C,E_5,se,G81,PROD802,INDIA
644,Queued-Awaiting Assignment,Value 229,19.042707110202972,Queued,High,Awaiting Assignment,Org line C,E_10,se,G271 2nd,PROD802,Sweden
644,Accepted-In Progress,Value 188,19.04270769000671,Accepted,High,In Progress,Org line C,E_10,se,G271 2nd,PROD802,Sweden
644,Accepted-Assigned,Value 318,19.042707867168897,Accepted,High,Assigned,Org line C,E_10,se,G271 2nd,PROD802,Sweden
644,Queued-Awaiting Assignment,Value 44,19.042714508043968,Queued,High,Awaiting Assignment,Org line C,C_6,se,G273 3rd,PROD802,Sweden
644,Accepted-In Progress,Value 76,19.063987495257535,Accepted,High,In Progress,Org line C,C_6,se,G273 3rd,PROD802,Sweden
644,Completed-Closed,Value 76,19.063987694967157,Completed,High,Closed,Org line C,C_6,se,G273 3rd,PROD802,Sweden
645,Accepted-In Progress,Value 319,19.02856445358991,Accepted,Medium,In Progress,Org line C,E_4,us,G88 2nd,PROD348,INDIA
645,Accepted-Wait,Value 319,19.028564698615767,Accepted,Medium,Wait,Org line C,E_4,us,G88 2nd,PROD348,INDIA
645,Accepted-Assigned,Value 319,19.028564845631255,Accepted,Medium,Assigned,Org line C,E_4,us,G88 2nd,PROD348,INDIA
645,Accepted-Assigned,Value 319,19.029193552932856,Accepted,Medium,Assigned,Org line C,E_4,us,G88 2nd,PROD348,INDIA
645,Accepted-Wait,Value 319,19.117716130632285,Accepted,Medium,Wait,Org line C,E_4,us,G88 2nd,PROD348,INDIA
645,Completed-Closed,Value 319,19.119748418747285,Completed,Medium,Closed,Org line C,E_4,us,G88 2nd,PROD348,INDIA
646,Accepted-In Progress,Value 2,19.02859589263973,Accepted,Medium,In Progress,Org line V2,,se,T3 2nd,PROD61,Sweden
646,Completed-Closed,Value 2,19.05787878214997,Completed,Medium,Closed,Org line V2,,se,T3 2nd,PROD61,Sweden
647,Accepted-In Progress,Value 43,19.028641797104356,Accepted,Medium,In Progress,Org line G3,,us,G199 3rd,PROD97,POLAND
647,Completed-Closed,Value 43,19.06745891223774,Completed,Medium,Closed,Org line G3,,us,G199 3rd,PROD97,POLAND
648,Accepted-In Progress,Value 267,19.028664533489753,Accepted,High,In Progress,Org line C,E_8,in,G119 2nd,PROD597,INDIA
648,Completed-Closed,Value 267,19.11770379859878,Completed,High,Closed,Org line C,E_8,in,G119 2nd,PROD597,INDIA
649,Accepted-In Progress,Value 320,19.029077335469193,Accepted,High,In Progress,Org line C,C_5,se,G120 3rd,PROD597,Sweden
649,Completed-Closed,Value 320,19.068284075604943,Completed,High,Closed,Org line C,C_5,se,G120 3rd,PROD597,Sweden
650,Accepted-In Progress,Value 320,19.029077836154027,Accepted,High,In Progress,Org line C,C_5,se,G120 3rd,PROD597,Sweden
650,Completed-Closed,Value 320,19.068284248293416,Completed,High,Closed,Org line C,C_5,se,G120 3rd,PROD597,Sweden
651,Accepted-In Progress,Value 320,19.029078282416382,Accepted,Low,In Progress,Org line C,C_5,se,G120 3rd,PROD597,Sweden
651,Completed-Closed,Value 320,19.068284379117994,Completed,Low,Closed,Org line C,C_5,se,G120 3rd,PROD597,Sweden
652,Accepted-In Progress,Value 321,19.029145535142494,Accepted,Medium,In Progress,Org line C,E_4,us,G88 2nd,PROD348,INDIA
652,Accepted-Wait,Value 321,19.029153436687157,Accepted,Medium,Wait,Org line C,E_4,us,G88 2nd,PROD348,INDIA
652,Completed-Closed,Value 321,19.0586613280394,Completed,Medium,Closed,Org line C,E_4,us,G88 2nd,PROD348,INDIA
653,Accepted-In Progress,Value 300,19.029167471026128,Accepted,Medium,In Progress,Org line A2,D_1,fr,V21 2nd,PROD603,France
653,Queued-Awaiting Assignment,Value 300,19.029167476467865,Queued,Medium,Awaiting Assignment,Org line A2,D_1,fr,V21 2nd,PROD603,France
653,Accepted-In Progress,Value 300,19.02916799343277,Accepted,Medium,In Progress,Org line A2,D_1,fr,V44 3rd,PROD603,France
653,Queued-Awaiting Assignment,Value 300,19.029168064175316,Queued,Medium,Awaiting Assignment,Org line A2,D_1,fr,V21 2nd,PROD603,France
653,Accepted-In Progress,Value 300,19.02916828728639,Accepted,Medium,In Progress,Org line A2,D_1,fr,V21 2nd,PROD603,France
653,Accepted-In Progress,Value 300,19.02917077415521,Accepted,Medium,In Progress,Org line A2,D_1,fr,V21 2nd,PROD603,France
653,Completed-Closed,Value 300,19.06833175218998,Completed,Medium,Closed,Org line A2,D_1,fr,V21 2nd,PROD603,France
654,Accepted-In Progress,Value 300,19.029182577174765,Accepted,Medium,In Progress,Org line A2,D_1,fr,V21 2nd,PROD596,France
654,Completed-Closed,Value 300,19.099925968562868,Completed,Medium,Closed,Org line A2,D_1,fr,V21 2nd,PROD596,France
655,Accepted-In Progress,Value 13,19.029279842029187,Accepted,High,In Progress,Org line C,,in,G163 3rd,PROD671,Sweden
655,Queued-Awaiting Assignment,Value 13,19.029282861849467,Queued,High,Awaiting Assignment,Org line C,,in,G163 3rd,PROD671,Sweden
655,Accepted-In Progress,Value 13,19.03046653819487,Accepted,High,In Progress,Org line C,E_7,in,G157 2nd,PROD671,Sweden
655,Queued-Awaiting Assignment,Value 83,19.03046781534214,Queued,High,Awaiting Assignment,Org line C,,in,G163 3rd,PROD671,Sweden
655,Accepted-In Progress,Value 83,19.03046891857868,Accepted,High,In Progress,Org line C,E_7,in,G162 2nd,PROD671,Sweden
655,Queued-Awaiting Assignment,Value 13,19.05567408716744,Queued,High,Awaiting Assignment,Org line C,,in,G163 3rd,PROD671,Sweden
655,Accepted-In Progress,Value 83,19.055674214352795,Accepted,High,In Progress,Org line C,E_7,in,G162 2nd,PROD671,Sweden
655,Completed-Closed,Value 83,19.05567540671472,Completed,High,Closed,Org line C,E_7,in,G162 2nd,PROD671,Sweden
656,Accepted-Assigned,Value 17,19.02958765898971,Accepted,Medium,Assigned,Org line A2,D_1,in,L50 3rd,PROD611,Sweden
656,Accepted-In Progress,Value 322,19.029605505669924,Accepted,Medium,In Progress,Org line A2,D_1,in,L50 3rd,PROD611,Sweden
656,Completed-Closed,Value 322,19.077760696693407,Completed,Medium,Closed,Org line A2,D_1,in,L50 3rd,PROD611,Sweden
657,Accepted-In Progress,Value 20,19.029552693585952,Accepted,High,In Progress,Org line C,E_8,in,G186 2nd,PROD476,Sweden
657,Accepted-Wait,Value 20,19.029552965567987,Accepted,High,Wait,Org line C,E_8,in,G186 2nd,PROD476,Sweden
657,Completed-Closed,Value 20,19.062008402217455,Completed,High,Closed,Org line C,E_8,in,G186 2nd,PROD476,Sweden
658,Accepted-In Progress,Value 160,19.02959976713483,Accepted,Medium,In Progress,Org line A2,A2_3,pl,N26 2nd,PROD791,POLAND
658,Accepted-Assigned,Value 160,19.043621558109567,Accepted,Medium,Assigned,Org line A2,A2_3,pl,N26 2nd,PROD791,POLAND
658,Accepted-Wait,Value 160,19.043666150482032,Accepted,Medium,Wait,Org line A2,A2_3,pl,N26 2nd,PROD791,POLAND
658,Accepted-Assigned,Value 323,19.05966314820592,Accepted,Medium,Assigned,Org line A2,A2_3,pl,N26 2nd,PROD791,POLAND
658,Accepted-In Progress,Value 323,19.062786845684162,Accepted,Medium,In Progress,Org line A2,A2_3,pl,N26 2nd,PROD791,POLAND
658,Accepted-Wait,Value 323,19.06833747678568,Accepted,Medium,Wait,Org line A2,A2_3,pl,N26 2nd,PROD791,POLAND
658,Completed-Closed,Value 323,19.100305193128108,Completed,Medium,Closed,Org line A2,A2_3,pl,N26 2nd,PROD791,POLAND
659,Accepted-In Progress,Value 28,19.0296541431919,Accepted,High,In Progress,Org line A2,A2_1,gb,G42 3rd,PROD236,United Kingdom
659,Completed-Closed,Value 28,19.074628056341773,Completed,High,Closed,Org line A2,A2_1,gb,G42 3rd,PROD236,United Kingdom
660,Accepted-In Progress,Value 324,19.030071212622246,Accepted,Low,In Progress,Org line C,E_2,se,G57 2nd,PROD329,Sweden
660,Accepted-Wait,Value 324,19.030073110071182,Accepted,Low,Wait,Org line C,E_2,se,G57 2nd,PROD329,Sweden
660,Completed-Closed,Value 324,19.057900889860782,Completed,Low,Closed,Org line C,E_2,se,G57 2nd,PROD329,Sweden
661,Accepted-In Progress,Value 217,19.030407418077633,Accepted,Medium,In Progress,Org line C,E_5,in,G92,PROD423,INDIA
661,Queued-Awaiting Assignment,Value 217,19.030408005056813,Queued,Medium,Awaiting Assignment,Org line C,E_5,in,G92,PROD423,INDIA
661,Queued-Awaiting Assignment,Value 155,19.031354804945703,Queued,Medium,Awaiting Assignment,Org line C,V3_2,in,G97,PROD423,POLAND
661,Queued-Awaiting Assignment,Value 217,19.039819785067447,Queued,Medium,Awaiting Assignment,Org line C,E_5,in,G92,PROD423,INDIA
661,Accepted-In Progress,Value 303,19.055621616528907,Accepted,Medium,In Progress,Org line C,E_5,in,G92,PROD423,INDIA
661,Accepted-Wait,Value 303,19.05562163772758,Accepted,Medium,Wait,Org line C,E_5,in,G92,PROD423,INDIA
661,Completed-Closed,Value 303,19.08003644953659,Completed,Medium,Closed,Org line C,E_5,in,G92,PROD423,INDIA
662,Accepted-In Progress,Value 45,19.030622256616464,Accepted,High,In Progress,Org line C,C_6,se,G268 3rd,PROD802,Sweden
662,Accepted-Wait,Value 45,19.08315728746145,Accepted,High,Wait,Org line C,C_6,se,G268 3rd,PROD802,Sweden
662,Completed-Closed,Value 45,19.083157467911956,Completed,High,Closed,Org line C,C_6,se,G268 3rd,PROD802,Sweden
663,Accepted-In Progress,Value 254,19.031745009948015,Accepted,High,In Progress,Org line C,E_8,in,G119 2nd,PROD597,INDIA
663,Queued-Awaiting Assignment,Value 254,19.031746144342748,Queued,High,Awaiting Assignment,Org line C,E_8,in,G119 2nd,PROD597,INDIA
663,Accepted-In Progress,Value 325,19.04830559159059,Accepted,High,In Progress,Org line C,E_8,in,G119 2nd,PROD597,INDIA
663,Accepted-In Progress,Value 254,19.075499344889543,Accepted,High,In Progress,Org line C,E_8,in,G119 2nd,PROD597,INDIA
663,Completed-Closed,Value 254,19.075499386452446,Completed,High,Closed,Org line C,E_8,in,G119 2nd,PROD597,INDIA
664,Accepted-In Progress,Value 254,19.031907079659447,Accepted,Medium,In Progress,Org line C,E_8,in,G119 2nd,PROD597,INDIA
664,Queued-Awaiting Assignment,Value 254,19.0319074324046,Queued,Medium,Awaiting Assignment,Org line C,E_8,in,G119 2nd,PROD597,INDIA
664,Accepted-In Progress,Value 325,19.048305810472467,Accepted,Medium,In Progress,Org line C,E_8,in,G119 2nd,PROD597,INDIA
664,Completed-Closed,Value 325,19.055648511983485,Completed,Medium,Closed,Org line C,E_8,in,G119 2nd,PROD597,INDIA
665,Accepted-In Progress,Value 65,19.031953271935247,Accepted,High,In Progress,Org line C,E_1,se,L1 2nd,PROD153,Sweden
665,Accepted-In Progress,Value 65,19.031953966539653,Accepted,High,In Progress,Org line C,E_1,se,L1 2nd,PROD153,Sweden
665,Accepted-In Progress,Value 326,19.08714172943125,Accepted,High,In Progress,Org line C,E_1,se,G99 2nd,PROD153,Sweden
665,Accepted-Assigned,Value 77,19.087142515120714,Accepted,High,Assigned,Org line C,E_1,se,G99 2nd,PROD153,Sweden
665,Accepted-In Progress,Value 77,19.087169346302325,Accepted,High,In Progress,Org line C,E_1,se,G99 2nd,PROD153,Sweden
665,Completed-Closed,Value 77,19.08716935143741,Completed,High,Closed,Org line C,E_1,se,G99 2nd,PROD153,Sweden
666,Accepted-In Progress,Value 149,19.032004367484117,Accepted,High,In Progress,Org line C,E_6,se,V29 2nd,PROD412,France
666,Accepted-In Progress,Value 149,19.032004600815913,Accepted,High,In Progress,Org line C,E_6,se,V29 2nd,PROD412,France
666,Queued-Awaiting Assignment,Value 129,19.03338846689392,Queued,High,Awaiting Assignment,Org line G4,,se,S30 2nd,PROD412,Sweden
666,Accepted-In Progress,Value 48,19.045422400146123,Accepted,High,In Progress,Org line G4,,se,S30 2nd,PROD412,Sweden
666,Completed-Closed,Value 48,19.08363225961679,Completed,High,Closed,Org line G4,,se,S30 2nd,PROD412,Sweden
667,Accepted-In Progress,Value 76,19.032371721658315,Accepted,Major,In Progress,Org line G4,,se,S33 2nd,PROD659,Sweden
667,Accepted-Wait,Value 76,19.043610278294903,Accepted,Major,Wait,Org line G4,,se,S33 2nd,PROD659,Sweden
667,Completed-Closed,Value 76,19.089425825343827,Completed,Major,Closed,Org line G4,,se,S33 2nd,PROD659,Sweden
668,Accepted-In Progress,Value 211,19.032465883567923,Accepted,Low,In Progress,Org line G4,,se,S33 2nd,PROD448,Sweden
668,Completed-Closed,Value 211,19.06609345315308,Completed,Low,Closed,Org line G4,,se,S33 2nd,PROD448,Sweden
669,Accepted-Wait,Value 30,19.03249252500593,Accepted,High,Wait,Org line A2,A2_1,gb,G42 3rd,PROD236,United Kingdom
669,Completed-Closed,Value 30,19.07462526399608,Completed,High,Closed,Org line A2,A2_1,gb,G42 3rd,PROD236,United Kingdom
670,Accepted-In Progress,Value 254,19.032533635604302,Accepted,High,In Progress,Org line C,E_8,in,G119 2nd,PROD597,INDIA
670,Queued-Awaiting Assignment,Value 254,19.03253386881264,Queued,High,Awaiting Assignment,Org line C,E_8,in,G119 2nd,PROD597,INDIA
670,Accepted-In Progress,Value 327,19.03521982812506,Accepted,High,In Progress,Org line C,E_8,in,G119 2nd,PROD597,INDIA
670,Completed-Closed,Value 327,19.117799706533212,Completed,High,Closed,Org line C,E_8,in,G119 2nd,PROD597,INDIA
671,Queued-Awaiting Assignment,Value 25,19.032604631472037,Queued,Medium,Awaiting Assignment,Org line A2,D_1,kr,V17 3rd,PROD594,POLAND
671,Queued-Awaiting Assignment,Value 328,19.03385449027265,Queued,Medium,Awaiting Assignment,Org line A2,D_1,kr,V14 3rd,PROD594,POLAND
671,Accepted-In Progress,Value 328,19.035254866374657,Accepted,Medium,In Progress,Org line A2,D_1,kr,V14 3rd,PROD594,POLAND
671,Accepted-Wait,Value 328,19.035255720950776,Accepted,Medium,Wait,Org line A2,D_1,kr,V14 3rd,PROD594,POLAND
671,Accepted-In Progress,Value 329,19.064660915345723,Accepted,Medium,In Progress,Org line A2,D_1,kr,V12 3rd,PROD594,POLAND
671,Completed-Closed,Value 329,19.073701989769564,Completed,Medium,Closed,Org line A2,D_1,kr,V12 3rd,PROD594,POLAND
672,Accepted-In Progress,Value 20,19.032857796917835,Accepted,High,In Progress,Org line C,E_3,us,G67 2nd,PROD151,Sweden
672,Accepted-Wait,Value 20,19.0328809526985,Accepted,High,Wait,Org line C,E_3,us,G67 2nd,PROD151,Sweden
672,Accepted-In Progress,Value 20,19.059730760849323,Accepted,High,In Progress,Org line C,E_3,us,G67 2nd,PROD151,Sweden
672,Completed-Closed,Value 20,19.059731056413682,Completed,High,Closed,Org line C,E_3,us,G67 2nd,PROD151,Sweden
673,Accepted-In Progress,Value 254,19.032990890611877,Accepted,Low,In Progress,Org line C,E_8,in,G119 2nd,PROD597,INDIA
673,Queued-Awaiting Assignment,Value 254,19.033000735046713,Queued,Low,Awaiting Assignment,Org line C,E_8,in,G119 2nd,PROD597,INDIA
673,Accepted-In Progress,Value 325,19.048305911905512,Accepted,Low,In Progress,Org line C,E_8,in,G119 2nd,PROD597,INDIA
673,Completed-Closed,Value 325,19.055631171785073,Completed,Low,Closed,Org line C,E_8,in,G119 2nd,PROD597,INDIA
674,Accepted-In Progress,Value 330,19.033312421755458,Accepted,Medium,In Progress,Org line C,C_2,be,G58 3rd,PROD330,Belgium
674,Accepted-Assigned,Value 330,19.033317369498604,Accepted,Medium,Assigned,Org line C,C_2,be,G58 3rd,PROD330,Belgium
674,Accepted-In Progress,Value 330,19.064220324333082,Accepted,Medium,In Progress,Org line C,C_2,be,G58 3rd,PROD330,Belgium
674,Completed-Closed,Value 330,19.080905975627722,Completed,Medium,Closed,Org line C,C_2,be,G58 3rd,PROD330,Belgium
675,Accepted-In Progress,Value 309,19.033757669376012,Accepted,Low,In Progress,Org line C,C_1,se,G100 3rd,PROD153,Sweden
675,Accepted-Wait,Value 309,19.051966611120488,Accepted,Low,Wait,Org line C,C_1,se,G100 3rd,PROD153,Sweden
675,Completed-Closed,Value 309,19.055102856463215,Completed,Low,Closed,Org line C,C_1,se,G100 3rd,PROD153,Sweden
676,Accepted-In Progress,Value 300,19.033825929759992,Accepted,Medium,In Progress,Org line A2,D_1,fr,V21 2nd,PROD596,France
676,Completed-Closed,Value 300,19.087206523630147,Completed,Medium,Closed,Org line A2,D_1,fr,V21 2nd,PROD596,France
677,Accepted-In Progress,Value 300,19.03382645515513,Accepted,Low,In Progress,Org line A2,D_1,fr,V21 2nd,PROD596,France
677,Completed-Closed,Value 300,19.06833331677652,Completed,Low,Closed,Org line A2,D_1,fr,V21 2nd,PROD596,France
678,Accepted-In Progress,Value 76,19.03381249146682,Accepted,High,In Progress,Org line G4,,se,S33 2nd,PROD448,Sweden
678,Accepted-Wait,Value 76,19.062527219570985,Accepted,High,Wait,Org line G4,,se,S33 2nd,PROD448,Sweden
678,Completed-Closed,Value 76,19.065275323622487,Completed,High,Closed,Org line G4,,se,S33 2nd,PROD448,Sweden
679,Accepted-In Progress,Value 42,19.03383308485975,Accepted,Major,In Progress,Org line G1,E_6,se,G358 2nd,PROD152,Sweden
679,Accepted-In Progress,Value 42,19.049198636588894,Accepted,Major,In Progress,Org line G1,E_6,se,G358 2nd,PROD152,Sweden
679,Accepted-Wait,Value 42,19.04919873793142,Accepted,Major,Wait,Org line G1,E_6,se,G358 2nd,PROD152,Sweden
679,Completed-Closed,Value 42,19.08713512550713,Completed,Major,Closed,Org line G1,E_6,se,G358 2nd,PROD152,Sweden
680,Accepted-In Progress,Value 237,19.033870343632053,Accepted,Medium,In Progress,Org line A2,A2_1,se,N15 2nd,PROD180,Sweden
680,Completed-Closed,Value 237,19.061585521969338,Completed,Medium,Closed,Org line A2,A2_1,se,N15 2nd,PROD180,Sweden
681,Accepted-In Progress,Value 331,19.03381863919691,Accepted,High,In Progress,Org line C,E_7,in,G165 2nd,PROD671,France
681,Accepted-Wait,Value 331,19.033819527500157,Accepted,High,Wait,Org line C,E_7,in,G165 2nd,PROD671,France
681,Accepted-In Progress,Value 331,19.033837201320893,Accepted,High,In Progress,Org line C,E_7,in,G165 2nd,PROD671,France
681,Completed-Closed,Value 331,19.074672519626397,Completed,High,Closed,Org line C,E_7,in,G165 2nd,PROD671,France
682,Accepted-In Progress,Value 229,19.03446194322448,Accepted,High,In Progress,Org line C,E_10,se,G271 2nd,PROD802,Sweden
682,Queued-Awaiting Assignment,Value 229,19.034462592784546,Queued,High,Awaiting Assignment,Org line C,E_10,se,G271 2nd,PROD802,Sweden
682,Accepted-In Progress,Value 332,19.035153107100165,Accepted,High,In Progress,Org line C,E_10,se,G271 2nd,PROD802,Sweden
682,Queued-Awaiting Assignment,Value 44,19.035154140268734,Queued,High,Awaiting Assignment,Org line C,C_6,se,G273 3rd,PROD802,Sweden
682,Accepted-In Progress,Value 333,19.064667774406523,Accepted,High,In Progress,Org line C,C_6,se,G273 3rd,PROD802,Sweden
682,Accepted-Wait,Value 333,19.06466804750751,Accepted,High,Wait,Org line C,C_6,se,G273 3rd,PROD802,Sweden
682,Completed-Closed,Value 333,19.067905622591933,Completed,High,Closed,Org line C,C_6,se,G273 3rd,PROD802,Sweden
683,Accepted-In Progress,Value 133,19.035182387008476,Accepted,Medium,In Progress,Org line G4,,se,S33 2nd,PROD374,Sweden
683,Accepted-Wait,Value 133,19.038577019459545,Accepted,Medium,Wait,Org line G4,,se,S33 2nd,PROD374,Sweden
683,Accepted-In Progress,Value 133,19.041918056295536,Accepted,Medium,In Progress,Org line G4,,se,S33 2nd,PROD374,Sweden
683,Completed-Closed,Value 133,19.071665349523798,Completed,Medium,Closed,Org line G4,,se,S33 2nd,PROD374,Sweden
684,Accepted-In Progress,Value 334,19.03530824352793,Accepted,Medium,In Progress,Org line C,C_6,in,G239 3rd,PROD671,INDIA
684,Accepted-In Progress,Value 334,19.035308746511163,Accepted,Medium,In Progress,Org line C,C_6,in,G239 3rd,PROD671,INDIA
684,Accepted-Wait,Value 334,19.06098522515341,Accepted,Medium,Wait,Org line C,C_6,in,G239 3rd,PROD671,INDIA
684,Queued-Awaiting Assignment,Value 335,19.07722958632621,Queued,Medium,Awaiting Assignment,Org line C,C_6,in,G239 3rd,PROD671,France
684,Accepted-In Progress,Value 336,19.07724415995207,Accepted,Medium,In Progress,Org line C,C_6,in,G239 3rd,PROD671,Belgium
684,Queued-Awaiting Assignment,Value 337,19.077309723082333,Queued,Medium,Awaiting Assignment,Org line C,E_7,in,G162 2nd,PROD671,INDIA
684,Accepted-In Progress,Value 334,19.079992312041902,Accepted,Medium,In Progress,Org line C,E_7,in,G165 2nd,PROD671,INDIA
684,Completed-Closed,Value 334,19.087044627839227,Completed,Medium,Closed,Org line C,E_7,in,G165 2nd,PROD671,INDIA
685,Accepted-In Progress,Value 310,19.035316318271192,Accepted,Medium,In Progress,Org line C,E_4,us,G88 2nd,PROD436,USA
685,Completed-Closed,Value 310,19.05663183231548,Completed,Medium,Closed,Org line C,E_4,us,G88 2nd,PROD436,USA
686,Accepted-In Progress,Value 156,19.035481919956947,Accepted,Medium,In Progress,Org line C,E_8,in,G181 2nd,PROD474,INDIA
686,Queued-Awaiting Assignment,Value 156,19.03548480214176,Queued,Medium,Awaiting Assignment,Org line C,E_8,in,G181 2nd,PROD474,INDIA
686,Accepted-In Progress,Value 338,19.039028734291644,Accepted,Medium,In Progress,Org line C,E_8,in,G186 2nd,PROD474,INDIA
686,Accepted-Wait,Value 338,19.03903024302532,Accepted,Medium,Wait,Org line C,E_8,in,G186 2nd,PROD474,INDIA
686,Completed-Closed,Value 338,19.087944058911738,Completed,Medium,Closed,Org line C,E_8,in,G186 2nd,PROD474,INDIA
687,Accepted-In Progress,Value 339,19.03560998801404,Accepted,Medium,In Progress,Org line C,E_4,us,G88 2nd,PROD219,INDIA
687,Completed-Closed,Value 339,19.05555918978832,Completed,Medium,Closed,Org line C,E_4,us,G88 2nd,PROD219,INDIA
688,Accepted-In Progress,Value 207,19.035945866370202,Accepted,Medium,In Progress,Org line C,E_1,se,G99 2nd,PROD153,Sweden
688,Queued-Awaiting Assignment,Value 207,19.03594785539931,Queued,Medium,Awaiting Assignment,Org line C,E_1,se,G99 2nd,PROD153,Sweden
688,Accepted-In Progress,Value 340,19.068372169018303,Accepted,Medium,In Progress,Org line C,E_1,se,G99 2nd,PROD153,INDIA
688,Completed-Closed,Value 340,19.08711993528909,Completed,Medium,Closed,Org line C,E_1,se,G99 2nd,PROD153,INDIA
689,Accepted-In Progress,Value 207,19.035948049978035,Accepted,Medium,In Progress,Org line C,E_1,se,G99 2nd,PROD153,Sweden
689,Queued-Awaiting Assignment,Value 207,19.035951736156676,Queued,Medium,Awaiting Assignment,Org line C,E_1,se,G99 2nd,PROD153,Sweden
689,Accepted-In Progress,Value 207,19.087537376903533,Accepted,Medium,In Progress,Org line C,C_1,se,G100 3rd,PROD153,Sweden
689,Completed-Closed,Value 207,19.087537469301058,Completed,Medium,Closed,Org line C,C_1,se,G100 3rd,PROD153,Sweden
690,Accepted-In Progress,Value 341,19.036068476133927,Accepted,Medium,In Progress,Org line C,E_4,us,G88 2nd,PROD794,Sweden
690,Completed-Closed,Value 341,19.089825517675138,Completed,Medium,Closed,Org line C,E_4,us,G88 2nd,PROD794,Sweden
691,Accepted-In Progress,Value 342,19.036222438566227,Accepted,Medium,In Progress,Org line A2,A2_3,pl,N26 2nd,PROD791,POLAND
691,Completed-Closed,Value 342,19.05972321337263,Completed,Medium,Closed,Org line A2,A2_3,pl,N26 2nd,PROD791,POLAND
692,Accepted-In Progress,Value 108,19.036544358570648,Accepted,High,In Progress,Org line C,C_6,se,G290 3rd,PROD154,Sweden
692,Accepted-Wait,Value 108,19.071089772417483,Accepted,High,Wait,Org line C,C_6,se,G290 3rd,PROD154,Sweden
692,Completed-Closed,Value 108,19.105633703395426,Completed,High,Closed,Org line C,C_6,se,G290 3rd,PROD154,Sweden
693,Accepted-In Progress,Value 219,19.036613525483784,Accepted,Low,In Progress,Org line C,C_1,us,G14 3rd,PROD398,France
693,Completed-Closed,Value 219,19.093302139500608,Completed,Low,Closed,Org line C,C_1,us,G14 3rd,PROD398,France
694,Accepted-In Progress,Value 150,19.036652695439585,Accepted,Medium,In Progress,Org line C,E_4,in,G88 2nd,PROD565,USA
694,Accepted-Wait,Value 150,19.036653845885308,Accepted,Medium,Wait,Org line C,E_4,in,G88 2nd,PROD565,USA
694,Queued-Awaiting Assignment,Value 150,19.049161859241334,Queued,Medium,Awaiting Assignment,Org line C,E_4,in,G88 2nd,PROD565,USA
694,Queued-Awaiting Assignment,Value 307,19.062703815812053,Queued,Medium,Awaiting Assignment,Org line C,E_4,in,G87 2nd,PROD565,INDIA
694,Accepted-In Progress,Value 307,19.073572222743046,Accepted,Medium,In Progress,Org line C,E_4,in,G87 2nd,PROD565,INDIA
694,Accepted-Wait,Value 307,19.073572264386122,Accepted,Medium,Wait,Org line C,E_4,in,G87 2nd,PROD565,INDIA
694,Accepted-In Progress,Value 343,19.08758446260156,Accepted,Medium,In Progress,Org line C,E_4,in,G87 2nd,PROD565,Sweden
694,Completed-Closed,Value 343,19.08758450366519,Completed,Medium,Closed,Org line C,E_4,in,G87 2nd,PROD565,Sweden
695,Accepted-In Progress,Value 150,19.03667196658114,Accepted,Medium,In Progress,Org line C,E_4,us,G88 2nd,PROD348,USA
695,Accepted-In Progress,Value 150,19.03667225823794,Accepted,Medium,In Progress,Org line C,E_4,us,G88 2nd,PROD348,USA
695,Accepted-Wait,Value 150,19.03667482913495,Accepted,Medium,Wait,Org line C,E_4,us,G88 2nd,PROD348,USA
695,Accepted-Assigned,Value 150,19.03667608217479,Accepted,Medium,Assigned,Org line C,E_4,us,G88 2nd,PROD348,USA
695,Accepted-In Progress,Value 321,19.036676125383032,Accepted,Medium,In Progress,Org line C,E_4,us,G88 2nd,PROD348,INDIA
695,Accepted-Assigned,Value 319,19.036676190195394,Accepted,Medium,Assigned,Org line C,E_4,us,G88 2nd,PROD348,INDIA
695,Completed-Closed,Value 319,19.089261429093835,Completed,Medium,Closed,Org line C,E_4,us,G88 2nd,PROD348,INDIA
696,Accepted-In Progress,Value 104,19.036737619621984,Accepted,Medium,In Progress,Org line C,E_8,in,G186 2nd,PROD473,Sweden
696,Completed-Closed,Value 104,19.074640972789105,Completed,Medium,Closed,Org line C,E_8,in,G186 2nd,PROD473,Sweden
696,Accepted-In Progress,Value 104,19.074706046474677,Accepted,Medium,In Progress,Org line C,E_8,in,G186 2nd,PROD473,Sweden
696,Completed-Closed,Value 104,19.07471170869899,Completed,Medium,Closed,Org line C,E_8,in,G186 2nd,PROD473,Sweden
697,Accepted-In Progress,Value 4,19.03710807668674,Accepted,Low,In Progress,Org line A2,A2_2,se,G167 2nd,PROD681,Sweden
697,Accepted-Assigned,Value 4,19.05603212405525,Accepted,Low,Assigned,Org line A2,A2_2,se,G167 2nd,PROD681,Sweden
697,Accepted-In Progress,Value 4,19.104673263180178,Accepted,Low,In Progress,Org line A2,A2_2,se,G167 2nd,PROD681,Sweden
697,Completed-Closed,Value 4,19.104673555847175,Completed,Low,Closed,Org line A2,A2_2,se,G167 2nd,PROD681,Sweden
698,Accepted-In Progress,Value 285,19.03708529932168,Accepted,Medium,In Progress,Org line C,E_10,se,G138 2nd,PROD659,Sweden
698,Queued-Awaiting Assignment,Value 285,19.037086940561824,Queued,Medium,Awaiting Assignment,Org line C,E_10,se,G138 2nd,PROD659,Sweden
698,Accepted-In Progress,Value 117,19.037087550627373,Accepted,Medium,In Progress,Org line C,E_5,se,G80,PROD659,Sweden
698,Queued-Awaiting Assignment,Value 285,19.037088047317635,Queued,Medium,Awaiting Assignment,Org line C,E_10,se,G138 2nd,PROD659,Sweden
698,Accepted-In Progress,Value 114,19.03716376810155,Accepted,Medium,In Progress,Org line C,C_6,se,G290 3rd,PROD659,Sweden
698,Completed-Closed,Value 114,19.066101791810567,Completed,Medium,Closed,Org line C,C_6,se,G290 3rd,PROD659,Sweden
699,Accepted-In Progress,Value 200,19.03712340347209,Accepted,Medium,In Progress,Org line C,C_6,se,G237 3rd,PROD208,Sweden
699,Queued-Awaiting Assignment,Value 200,19.039860380190447,Queued,Medium,Awaiting Assignment,Org line C,C_6,se,G237 3rd,PROD208,Sweden
699,Accepted-In Progress,Value 344,19.03986080551524,Accepted,Medium,In Progress,Org line C,E_10,se,G236 2nd,PROD208,Sweden
699,Queued-Awaiting Assignment,Value 200,19.03995914759528,Queued,Medium,Awaiting Assignment,Org line C,C_6,se,G237 3rd,PROD208,Sweden
699,Accepted-In Progress,Value 344,19.03995940599497,Accepted,Medium,In Progress,Org line C,E_10,se,G236 2nd,PROD208,Sweden
699,Accepted-Assigned,Value 200,19.03995961594467,Accepted,Medium,Assigned,Org line C,C_6,se,G237 3rd,PROD208,Sweden
699,Accepted-In Progress,Value 344,19.039959642861294,Accepted,Medium,In Progress,Org line C,C_6,se,G237 3rd,PROD208,Sweden
699,Completed-Closed,Value 344,19.05558716809207,Completed,Medium,Closed,Org line C,C_6,se,G237 3rd,PROD208,Sweden
700,Accepted-In Progress,Value 345,19.03715811056543,Accepted,High,In Progress,Org line C,C_6,se,G268 3rd,PROD805,Sweden
700,Completed-Closed,Value 345,19.06421162843987,Completed,High,Closed,Org line C,C_6,se,G268 3rd,PROD805,Sweden
701,Accepted-In Progress,Value 133,19.03717561211456,Accepted,Medium,In Progress,Org line G4,,se,S33 2nd,PROD374,Sweden
701,Accepted-Wait,Value 133,19.041680792500557,Accepted,Medium,Wait,Org line G4,,se,S33 2nd,PROD374,Sweden
701,Completed-Closed,Value 133,19.071669250575702,Completed,Medium,Closed,Org line G4,,se,S33 2nd,PROD374,Sweden
702,Accepted-In Progress,Value 150,19.038444597131043,Accepted,Medium,In Progress,Org line C,E_4,us,G88 2nd,PROD793,USA
702,Completed-Closed,Value 150,19.03891876841951,Completed,Medium,Closed,Org line C,E_4,us,G88 2nd,PROD793,USA
702,Accepted-In Progress,Value 150,19.071308526676123,Accepted,Medium,In Progress,Org line C,E_4,us,G88 2nd,PROD793,USA
702,Accepted-Wait,Value 150,19.071315522892018,Accepted,Medium,Wait,Org line C,E_4,us,G88 2nd,PROD793,USA
702,Queued-Awaiting Assignment,Value 150,19.084040233777795,Queued,Medium,Awaiting Assignment,Org line C,E_4,us,G88 2nd,PROD793,USA
702,Accepted-In Progress,Value 294,19.086685201100273,Accepted,Medium,In Progress,Org line C,E_4,us,G88 2nd,PROD793,Sweden
702,Completed-Closed,Value 294,19.08668540660314,Completed,Medium,Closed,Org line C,E_4,us,G88 2nd,PROD793,Sweden
703,Accepted-In Progress,Value 346,19.03846188208918,Accepted,Major,In Progress,Org line A2,A2_5,se,G350 2nd,PROD92,China
703,Accepted-Wait,Value 346,19.03923647627209,Accepted,Major,Wait,Org line A2,A2_5,se,G350 2nd,PROD92,China
703,Completed-Closed,Value 346,19.055852353360837,Completed,Major,Closed,Org line A2,A2_5,se,G350 2nd,PROD92,China
704,Accepted-In Progress,Value 123,19.038529536402276,Accepted,Low,In Progress,Org line C,C_6,se,G269 3rd,PROD209,Sweden
704,Accepted-Wait,Value 123,19.038530991979083,Accepted,Low,Wait,Org line C,C_6,se,G269 3rd,PROD209,Sweden
704,Queued-Awaiting Assignment,Value 123,19.039430995229882,Queued,Low,Awaiting Assignment,Org line C,C_6,se,G269 3rd,PROD209,Sweden
704,Accepted-Assigned,Value 347,19.049226457393683,Accepted,Low,Assigned,Org line C,C_6,se,G269 3rd,PROD209,Sweden
704,Accepted-In Progress,Value 348,19.07366566023886,Accepted,Low,In Progress,Org line C,C_6,se,G269 3rd,PROD209,Sweden
704,Accepted-In Progress,Value 347,19.07366597773761,Accepted,Low,In Progress,Org line C,C_6,se,G269 3rd,PROD209,Sweden
704,Completed-Closed,Value 347,19.07366610265512,Completed,Low,Closed,Org line C,C_6,se,G269 3rd,PROD209,Sweden
705,Accepted-In Progress,Value 349,19.038810003095687,Accepted,Medium,In Progress,Org line C,E_4,in,G93 2nd,PROD325,INDIA
705,Completed-Closed,Value 349,19.04808984152135,Completed,Medium,Closed,Org line C,E_4,in,G93 2nd,PROD325,INDIA
705,Accepted-In Progress,Value 349,19.061975152593757,Accepted,Medium,In Progress,Org line C,E_4,in,G93 2nd,PROD325,INDIA
705,Completed-Closed,Value 349,19.061975763461557,Completed,Medium,Closed,Org line C,E_4,in,G93 2nd,PROD325,INDIA
705,Accepted-In Progress,Value 349,19.074131993660984,Accepted,Medium,In Progress,Org line C,E_4,in,G93 2nd,PROD325,INDIA
705,Completed-Closed,Value 349,19.07413213933018,Completed,Medium,Closed,Org line C,E_4,in,G93 2nd,PROD325,INDIA
706,Accepted-In Progress,Value 151,19.03928555802303,Accepted,High,In Progress,Org line A2,A2_1,se,T17 2nd,PROD350,Sweden
706,Queued-Awaiting Assignment,Value 151,19.039361322674036,Queued,High,Awaiting Assignment,Org line A2,A2_1,se,T17 2nd,PROD350,Sweden
706,Accepted-In Progress,Value 151,19.04501124107476,Accepted,High,In Progress,Org line A2,A2_1,se,J2 2nd,PROD350,Sweden
706,Accepted-Wait,Value 151,19.045051063621962,Accepted,High,Wait,Org line A2,A2_1,se,J2 2nd,PROD350,Sweden
706,Completed-Closed,Value 151,19.062510156141066,Completed,High,Closed,Org line A2,A2_1,se,J2 2nd,PROD350,Sweden
707,Accepted-In Progress,Value 119,19.039297635503072,Accepted,Medium,In Progress,Org line A2,A2_1,cn,N19 2nd,PROD38,Sweden
707,Queued-Awaiting Assignment,Value 119,19.039361538135886,Queued,Medium,Awaiting Assignment,Org line A2,A2_1,cn,N19 2nd,PROD38,Sweden
707,Accepted-In Progress,Value 62,19.03936673613893,Accepted,Medium,In Progress,Org line A2,A2_1,cn,N19 2nd,PROD38,Sweden
707,Queued-Awaiting Assignment,Value 350,19.03936698391871,Queued,Medium,Awaiting Assignment,Org line B,A2_1,cn,D1,PROD38,China
707,Accepted-In Progress,Value 351,19.05587913664438,Accepted,Medium,In Progress,Org line B,A2_1,cn,D1,PROD38,THAILAND
707,Completed-Closed,Value 351,19.055879380366317,Completed,Medium,Closed,Org line B,A2_1,cn,D1,PROD38,THAILAND
708,Accepted-In Progress,Value 151,19.0393472098218,Accepted,Medium,In Progress,Org line A2,A2_1,se,T17 2nd,PROD350,Sweden
708,Queued-Awaiting Assignment,Value 151,19.03935387843863,Queued,Medium,Awaiting Assignment,Org line A2,A2_1,se,T17 2nd,PROD350,Sweden
708,Accepted-In Progress,Value 151,19.0450507690427,Accepted,Medium,In Progress,Org line A2,A2_1,se,J2 2nd,PROD350,Sweden
708,Accepted-Wait,Value 151,19.045050801178625,Accepted,Medium,Wait,Org line A2,A2_1,se,J2 2nd,PROD350,Sweden
708,Completed-Closed,Value 151,19.062513766749227,Completed,Medium,Closed,Org line A2,A2_1,se,J2 2nd,PROD350,Sweden
709,Accepted-In Progress,Value 352,19.03936858371278,Accepted,Medium,In Progress,Org line C,E_6,fr,T8 2nd,PROD637,France
709,Queued-Awaiting Assignment,Value 352,19.039368777627036,Queued,Medium,Awaiting Assignment,Org line C,E_6,fr,T8 2nd,PROD637,France
709,Accepted-Assigned,Value 352,19.03936887997066,Accepted,Medium,Assigned,Org line C,E_6,fr,T8 2nd,PROD637,France
709,Accepted-In Progress,Value 353,19.045875673891604,Accepted,Medium,In Progress,Org line A2,A2_4,fr,W6 2nd,PROD637,France
709,Completed-Closed,Value 353,19.062904098704944,Completed,Medium,Closed,Org line A2,A2_4,fr,W6 2nd,PROD637,France
710,Accepted-In Progress,Value 322,19.039376410277843,Accepted,Medium,In Progress,Org line A2,D_1,in,L50 3rd,PROD611,Sweden
710,Accepted-Assigned,Value 322,19.04168932110909,Accepted,Medium,Assigned,Org line A2,D_1,in,L50 3rd,PROD611,Sweden
710,Accepted-Wait,Value 322,19.061111249177507,Accepted,Medium,Wait,Org line A2,D_1,in,L50 3rd,PROD611,Sweden
710,Completed-Closed,Value 322,19.080029565787914,Completed,Medium,Closed,Org line A2,D_1,in,L50 3rd,PROD611,Sweden
711,Accepted-In Progress,Value 321,19.039388508206276,Accepted,Medium,In Progress,Org line C,E_4,us,G88 2nd,PROD701,INDIA
711,Accepted-Wait,Value 321,19.03939223558839,Accepted,Medium,Wait,Org line C,E_4,us,G88 2nd,PROD701,INDIA
711,Completed-Closed,Value 321,19.055143647134468,Completed,Medium,Closed,Org line C,E_4,us,G88 2nd,PROD701,INDIA
712,Accepted-In Progress,Value 13,19.03950828919029,Accepted,Medium,In Progress,Org line A2,A2_3,se,U5 2nd,PROD372,Sweden
712,Accepted-In Progress,Value 13,19.070643558455107,Accepted,Medium,In Progress,Org line A2,A2_3,se,U5 2nd,PROD372,Sweden
712,Completed-Closed,Value 13,19.07064435199388,Completed,Medium,Closed,Org line A2,A2_3,se,U5 2nd,PROD372,Sweden
713,Accepted-In Progress,Value 354,19.03949491088481,Accepted,Medium,In Progress,Org line A2,A2_2,in,G34 3rd,PROD363,POLAND
713,Accepted-Wait,Value 354,19.039524160884998,Accepted,Medium,Wait,Org line A2,A2_2,in,G34 3rd,PROD363,POLAND
713,Accepted-In Progress,Value 354,19.03982946020854,Accepted,Medium,In Progress,Org line A2,A2_2,in,G34 3rd,PROD363,POLAND
713,Accepted-Wait,Value 354,19.03984679662121,Accepted,Medium,Wait,Org line A2,A2_2,in,G34 3rd,PROD363,POLAND
713,Accepted-In Progress,Value 354,19.039946259826046,Accepted,Medium,In Progress,Org line A2,A2_2,in,G34 3rd,PROD363,POLAND
713,Accepted-Wait,Value 354,19.03994910225559,Accepted,Medium,Wait,Org line A2,A2_2,in,G34 3rd,PROD363,POLAND
713,Accepted-In Progress,Value 354,19.042631174482416,Accepted,Medium,In Progress,Org line A2,A2_2,in,G34 3rd,PROD363,POLAND
713,Accepted-Wait,Value 354,19.04263175969914,Accepted,Medium,Wait,Org line A2,A2_2,in,G34 3rd,PROD363,POLAND
713,Accepted-In Progress,Value 354,19.046804510584302,Accepted,Medium,In Progress,Org line A2,A2_2,in,G34 3rd,PROD363,POLAND
713,Accepted-Wait,Value 354,19.046836033656223,Accepted,Medium,Wait,Org line A2,A2_2,in,G34 3rd,PROD363,POLAND
713,Accepted-In Progress,Value 354,19.049200071384757,Accepted,Medium,In Progress,Org line A2,A2_2,in,G34 3rd,PROD363,POLAND
713,Accepted-Wait,Value 354,19.049206493271125,Accepted,Medium,Wait,Org line A2,A2_2,in,G34 3rd,PROD363,POLAND
713,Accepted-In Progress,Value 354,19.049685127732193,Accepted,Medium,In Progress,Org line A2,A2_2,in,G34 3rd,PROD363,POLAND
713,Accepted-Wait,Value 354,19.049685474261643,Accepted,Medium,Wait,Org line A2,A2_2,in,G34 3rd,PROD363,POLAND
713,Accepted-In Progress,Value 354,19.055159670260284,Accepted,Medium,In Progress,Org line A2,A2_2,in,G34 3rd,PROD363,POLAND
713,Accepted-Wait,Value 354,19.055172326333373,Accepted,Medium,Wait,Org line A2,A2_2,in,G34 3rd,PROD363,POLAND
713,Accepted-In Progress,Value 354,19.05555136695908,Accepted,Medium,In Progress,Org line A2,A2_2,in,G34 3rd,PROD363,POLAND
713,Accepted-Wait,Value 354,19.055552373966275,Accepted,Medium,Wait,Org line A2,A2_2,in,G34 3rd,PROD363,POLAND
713,Accepted-In Progress,Value 354,19.05560457795039,Accepted,Medium,In Progress,Org line A2,A2_2,in,G34 3rd,PROD363,POLAND
713,Accepted-In Progress,Value 354,19.05560958620966,Accepted,Medium,In Progress,Org line A2,A2_2,in,G34 3rd,PROD363,POLAND
713,Queued-Awaiting Assignment,Value 248,19.0556098299973,Queued,Medium,Awaiting Assignment,Org line A2,A2_2,in,G115 3rd,PROD363,France
713,Accepted-In Progress,Value 354,19.055610073784884,Accepted,Medium,In Progress,Org line A2,A2_2,in,G115 3rd,PROD363,POLAND
713,Queued-Awaiting Assignment,Value 86,19.055613439107393,Queued,Medium,Awaiting Assignment,Org line C,E_10,in,G263 2nd,PROD363,Sweden
713,Accepted-In Progress,Value 355,19.055616661326834,Accepted,Medium,In Progress,Org line C,E_10,in,G263 2nd,PROD363,Sweden
713,Accepted-Wait,Value 355,19.05562534218873,Accepted,Medium,Wait,Org line C,E_10,in,G263 2nd,PROD363,Sweden
713,Queued-Awaiting Assignment,Value 217,19.055997695054778,Queued,Medium,Awaiting Assignment,Org line C,E_5,in,G92,PROD363,INDIA
713,Accepted-In Progress,Value 292,19.081830446867624,Accepted,Medium,In Progress,Org line C,E_5,in,G92,PROD363,INDIA
713,Accepted-Wait,Value 292,19.08183423619013,Accepted,Medium,Wait,Org line C,E_5,in,G92,PROD363,INDIA
713,Queued-Awaiting Assignment,Value 150,19.084440977002895,Queued,Medium,Awaiting Assignment,Org line C,E_4,in,G88 2nd,PROD363,USA
713,Queued-Awaiting Assignment,Value 217,19.086381606703505,Queued,Medium,Awaiting Assignment,Org line C,E_5,in,G92,PROD363,INDIA
713,Accepted-In Progress,Value 303,19.089331035891753,Accepted,Medium,In Progress,Org line C,E_5,in,G92,PROD363,INDIA
713,Queued-Awaiting Assignment,Value 86,19.093302649869422,Queued,Medium,Awaiting Assignment,Org line C,E_10,in,G263 2nd,PROD363,Sweden
713,Accepted-In Progress,Value 356,19.093320619789303,Accepted,Medium,In Progress,Org line C,E_10,in,G263 2nd,PROD363,Sweden
713,Accepted-In Progress,Value 355,19.09333854345474,Accepted,Medium,In Progress,Org line C,E_10,in,G263 2nd,PROD363,Sweden
713,Completed-Closed,Value 355,19.09333917118549,Completed,Medium,Closed,Org line C,E_10,in,G263 2nd,PROD363,Sweden
714,Accepted-In Progress,Value 29,19.039967125654908,Accepted,High,In Progress,Org line A2,A2_1,gb,G42 3rd,PROD236,United Kingdom
714,Accepted-Assigned,Value 29,19.039967739349166,Accepted,High,Assigned,Org line A2,A2_1,gb,G42 3rd,PROD236,United Kingdom
714,Accepted-In Progress,Value 29,19.042294064947782,Accepted,High,In Progress,Org line A2,A2_1,gb,G42 3rd,PROD236,United Kingdom
714,Accepted-In Progress,Value 143,19.115114286793474,Accepted,High,In Progress,Org line A2,A2_1,gb,G42 3rd,PROD236,United Kingdom
714,Completed-Closed,Value 143,19.11511431675491,Completed,High,Closed,Org line A2,A2_1,gb,G42 3rd,PROD236,United Kingdom
715,Accepted-In Progress,Value 155,19.03985989025913,Accepted,High,In Progress,Org line A2,D_1,pl,V10 3rd,PROD69,POLAND
715,Completed-Closed,Value 155,19.078252211866058,Completed,High,Closed,Org line A2,D_1,pl,V10 3rd,PROD69,POLAND
716,Accepted-In Progress,Value 50,19.03994936065788,Accepted,High,In Progress,Org line A2,D_1,pl,W12 2nd,PROD739,POLAND
716,Accepted-Assigned,Value 50,19.04914322735821,Accepted,High,Assigned,Org line A2,D_1,pl,W12 2nd,PROD739,POLAND
716,Accepted-In Progress,Value 357,19.07557524106705,Accepted,High,In Progress,Org line A2,D_1,pl,W12 2nd,PROD739,POLAND
716,Accepted-Wait,Value 357,19.076862649944108,Accepted,High,Wait,Org line A2,D_1,pl,W12 2nd,PROD739,POLAND
716,Accepted-In Progress,Value 50,19.07872892860015,Accepted,High,In Progress,Org line A2,D_1,pl,W12 2nd,PROD739,POLAND
716,Accepted-Assigned,Value 357,19.07873123825807,Accepted,High,Assigned,Org line A2,D_1,pl,W12 2nd,PROD739,POLAND
716,Accepted-In Progress,Value 50,19.078741440046493,Accepted,High,In Progress,Org line A2,D_1,pl,W12 2nd,PROD739,POLAND
716,Completed-Closed,Value 50,19.078741455582133,Completed,High,Closed,Org line A2,D_1,pl,W12 2nd,PROD739,POLAND
717,Accepted-In Progress,Value 86,19.039999952385692,Accepted,Low,In Progress,Org line C,E_10,fr,G276 2nd,PROD422,Sweden
717,Queued-Awaiting Assignment,Value 86,19.04000025383969,Queued,Low,Awaiting Assignment,Org line C,E_10,fr,G276 2nd,PROD422,Sweden
717,Accepted-In Progress,Value 87,19.040003058434127,Accepted,Low,In Progress,Org line C,E_10,fr,G276 2nd,PROD422,Sweden
717,Accepted-Wait,Value 87,19.040005200902122,Accepted,Low,Wait,Org line C,E_10,fr,G276 2nd,PROD422,Sweden
717,Queued-Awaiting Assignment,Value 248,19.041803743602948,Queued,Low,Awaiting Assignment,Org line A2,A2_2,fr,G22 2nd,PROD422,France
717,Accepted-In Progress,Value 248,19.04506268604357,Accepted,Low,In Progress,Org line A2,A2_2,fr,G22 2nd,PROD422,France
717,Completed-Closed,Value 248,19.062375133195275,Completed,Low,Closed,Org line A2,A2_2,fr,G22 2nd,PROD422,France
717,Accepted-In Progress,Value 248,19.062375159515263,Accepted,Low,In Progress,Org line A2,A2_2,fr,G22 2nd,PROD422,France
717,Completed-Closed,Value 248,19.06237521215523,Completed,Low,Closed,Org line A2,A2_2,fr,G22 2nd,PROD422,France
718,Accepted-In Progress,Value 119,19.040214591542917,Accepted,Medium,In Progress,Org line A2,A2_1,cn,N19 2nd,PROD38,Sweden
718,Queued-Awaiting Assignment,Value 119,19.040214790675144,Queued,Medium,Awaiting Assignment,Org line A2,A2_1,cn,N19 2nd,PROD38,Sweden
718,Accepted-In Progress,Value 62,19.04027620223832,Accepted,Medium,In Progress,Org line A2,A2_1,cn,N19 2nd,PROD38,Sweden
718,Queued-Awaiting Assignment,Value 350,19.04027626681777,Queued,Medium,Awaiting Assignment,Org line B,A2_1,cn,D1,PROD38,China
718,Accepted-In Progress,Value 351,19.055879576403484,Accepted,Medium,In Progress,Org line B,A2_1,cn,D1,PROD38,THAILAND
718,Completed-Closed,Value 351,19.055879592298385,Completed,Medium,Closed,Org line B,A2_1,cn,D1,PROD38,THAILAND
719,Accepted-In Progress,Value 13,19.040338853107695,Accepted,Major,In Progress,Org line C,E_1,us,G13 2nd,PROD153,Sweden
719,Queued-Awaiting Assignment,Value 13,19.040339741019142,Queued,Major,Awaiting Assignment,Org line C,E_1,us,G13 2nd,PROD153,Sweden
719,Accepted-In Progress,Value 13,19.040380713238797,Accepted,Major,In Progress,Org line C,C_1,us,G14 3rd,PROD153,Sweden
719,Accepted-Assigned,Value 236,19.040380837003138,Accepted,Major,Assigned,Org line C,C_1,us,G14 3rd,PROD153,France
719,Accepted-In Progress,Value 236,19.054690577404337,Accepted,Major,In Progress,Org line C,C_1,us,G14 3rd,PROD153,France
719,Accepted-In Progress,Value 358,19.055196609426865,Accepted,Major,In Progress,Org line C,C_1,us,G14 3rd,PROD153,USA
719,Accepted-Assigned,Value 236,19.055197494847295,Accepted,Major,Assigned,Org line C,C_1,us,G14 3rd,PROD153,France
719,Accepted-In Progress,Value 281,19.07736697969277,Accepted,Major,In Progress,Org line C,E_1,us,G13 2nd,PROD153,Sweden
719,Completed-Closed,Value 281,19.077367000435444,Completed,Major,Closed,Org line C,E_1,us,G13 2nd,PROD153,Sweden
720,Accepted-In Progress,Value 151,19.040333256556806,Accepted,Low,In Progress,Org line A2,A2_1,cn,T17 2nd,PROD350,Sweden
720,Queued-Awaiting Assignment,Value 151,19.04033346642803,Queued,Low,Awaiting Assignment,Org line A2,A2_1,cn,T17 2nd,PROD350,Sweden
720,Accepted-In Progress,Value 151,19.045050838670534,Accepted,Low,In Progress,Org line A2,A2_1,cn,J2 2nd,PROD350,Sweden
720,Accepted-Wait,Value 151,19.045050870806456,Accepted,Low,Wait,Org line A2,A2_1,cn,J2 2nd,PROD350,Sweden
720,Accepted-In Progress,Value 351,19.05639228342491,Accepted,Low,In Progress,Org line B,A2_1,cn,D1,PROD350,THAILAND
720,Completed-Closed,Value 351,19.056392622342326,Completed,Low,Closed,Org line B,A2_1,cn,D1,PROD350,THAILAND
721,Accepted-In Progress,Value 43,19.04035994751799,Accepted,Medium,In Progress,Org line G3,,us,G199 3rd,PROD97,POLAND
721,Completed-Closed,Value 43,19.055109442044934,Completed,Medium,Closed,Org line G3,,us,G199 3rd,PROD97,POLAND
722,Accepted-In Progress,Value 217,19.040371635351708,Accepted,High,In Progress,Org line C,E_5,se,G92,PROD436,INDIA
722,Queued-Awaiting Assignment,Value 217,19.04037346492657,Queued,High,Awaiting Assignment,Org line C,E_5,se,G92,PROD436,INDIA
722,Accepted-In Progress,Value 359,19.04220620599007,Accepted,High,In Progress,Org line C,E_5,se,G92,PROD436,INDIA
722,Queued-Awaiting Assignment,Value 150,19.042206888137887,Queued,High,Awaiting Assignment,Org line C,E_4,se,G88 2nd,PROD436,USA
722,Accepted-In Progress,Value 229,19.042231117511736,Accepted,High,In Progress,Org line C,E_10,se,G271 2nd,PROD436,Sweden
722,Queued-Awaiting Assignment,Value 44,19.042232986656508,Queued,High,Awaiting Assignment,Org line C,C_6,se,G273 3rd,PROD436,Sweden
722,Accepted-In Progress,Value 128,19.042251785332088,Accepted,High,In Progress,Org line C,C_6,se,R4 3rd,PROD436,Sweden
722,Accepted-Wait,Value 128,19.042271115373115,Accepted,High,Wait,Org line C,C_6,se,R4 3rd,PROD436,Sweden
722,Queued-Awaiting Assignment,Value 44,19.06746043629214,Queued,High,Awaiting Assignment,Org line C,C_6,se,G273 3rd,PROD436,Sweden
722,Accepted-In Progress,Value 128,19.067460441529434,Accepted,High,In Progress,Org line C,C_6,se,R4 3rd,PROD436,Sweden
722,Queued-Awaiting Assignment,Value 44,19.06746063530938,Queued,High,Awaiting Assignment,Org line C,C_6,se,G273 3rd,PROD436,Sweden
722,Accepted-In Progress,Value 128,19.06746170371705,Accepted,High,In Progress,Org line C,C_6,se,R4 3rd,PROD436,Sweden
722,Queued-Awaiting Assignment,Value 44,19.06746186607302,Queued,High,Awaiting Assignment,Org line C,C_6,se,G273 3rd,PROD436,Sweden
722,Accepted-In Progress,Value 360,19.067466171115193,Accepted,High,In Progress,Org line C,C_6,se,G273 3rd,PROD436,Sweden
722,Accepted-Assigned,Value 128,19.067466432978474,Accepted,High,Assigned,Org line C,C_6,se,G273 3rd,PROD436,Sweden
722,Accepted-In Progress,Value 361,19.07378273236962,Accepted,High,In Progress,Org line C,C_6,se,G273 3rd,PROD436,Sweden
722,Accepted-Wait,Value 361,19.073783679549777,Accepted,High,Wait,Org line C,C_6,se,G273 3rd,PROD436,Sweden
722,Completed-Closed,Value 361,19.083212117137613,Completed,High,Closed,Org line C,C_6,se,G273 3rd,PROD436,Sweden
723,Queued-Awaiting Assignment,Value 362,19.04038289794621,Queued,Medium,Awaiting Assignment,Org line C,E_10,fr,G222 2nd,PROD13,INDIA
723,Accepted-In Progress,Value 363,19.040391453774117,Accepted,Medium,In Progress,Org line C,E_5,fr,G81,PROD13,INDIA
723,Queued-Awaiting Assignment,Value 147,19.040394876084783,Queued,Medium,Awaiting Assignment,Org line C,C_6,fr,G225 3rd,PROD13,France
723,Accepted-In Progress,Value 364,19.049667737130832,Accepted,Medium,In Progress,Org line C,C_6,fr,G225 3rd,PROD13,Belgium
723,Accepted-Wait,Value 364,19.07694592363826,Accepted,Medium,Wait,Org line C,C_6,fr,G225 3rd,PROD13,Belgium
723,Accepted-Wait,Value 364,19.077274214143305,Accepted,Medium,Wait,Org line C,C_6,fr,G225 3rd,PROD13,Belgium
723,Completed-Closed,Value 364,19.120304699847562,Completed,Medium,Closed,Org line C,C_6,fr,G225 3rd,PROD13,Belgium
724,Accepted-Assigned,Value 100,19.04038778392482,Accepted,Medium,Assigned,Org line A2,D_1,in,L50 3rd,PROD611,Sweden
724,Accepted-In Progress,Value 100,19.042183426282715,Accepted,Medium,In Progress,Org line A2,D_1,in,L50 3rd,PROD611,Sweden
724,Completed-Closed,Value 100,19.094266812349,Completed,Medium,Closed,Org line A2,D_1,in,L50 3rd,PROD611,Sweden
725,Accepted-In Progress,Value 62,19.04040124176671,Accepted,High,In Progress,Org line G4,,se,S30 2nd,PROD412,Sweden
725,Accepted-Assigned,Value 62,19.06109772458607,Accepted,High,Assigned,Org line G4,,se,S30 2nd,PROD412,Sweden
725,Accepted-In Progress,Value 48,19.061466681122806,Accepted,High,In Progress,Org line G4,,se,S30 2nd,PROD412,Sweden
725,Completed-Closed,Value 48,19.0614667390794,Completed,High,Closed,Org line G4,,se,S30 2nd,PROD412,Sweden
726,Accepted-In Progress,Value 77,19.040424524858313,Accepted,Major,In Progress,Org line C,C_6,se,G290 3rd,PROD659,Sweden
726,Accepted-Wait,Value 77,19.045018948615528,Accepted,Major,Wait,Org line C,C_6,se,G290 3rd,PROD659,Sweden
726,Completed-Closed,Value 77,19.068374623068816,Completed,Major,Closed,Org line C,C_6,se,G290 3rd,PROD659,Sweden
727,Accepted-In Progress,Value 68,19.040427301359056,Accepted,High,In Progress,Org line A2,A2_4,se,G118 2nd,PROD591,Sweden
727,Completed-Closed,Value 68,19.058292450052328,Completed,High,Closed,Org line A2,A2_4,se,G118 2nd,PROD591,Sweden
728,Accepted-In Progress,Value 251,19.041674117886622,Accepted,Medium,In Progress,Org line A2,A2_3,se,V13 2nd,PROD676,Sweden
728,Queued-Awaiting Assignment,Value 251,19.041678718108408,Queued,Medium,Awaiting Assignment,Org line A2,A2_3,se,V13 2nd,PROD676,Sweden
728,Accepted-In Progress,Value 251,19.042732385039034,Accepted,Medium,In Progress,Org line A2,A2_3,se,V13 2nd,PROD676,Sweden
728,Queued-Awaiting Assignment,Value 176,19.0427325192495,Queued,Medium,Awaiting Assignment,Org line C,E_7,se,G157 2nd,PROD676,INDIA
728,Accepted-In Progress,Value 176,19.043139239159768,Accepted,Medium,In Progress,Org line C,E_7,se,G157 2nd,PROD676,INDIA
728,Accepted-In Progress,Value 13,19.045888244652875,Accepted,Medium,In Progress,Org line C,,se,G163 3rd,PROD676,Sweden
728,Queued-Awaiting Assignment,Value 39,19.052761262823147,Queued,Medium,Awaiting Assignment,Org line C,E_10,se,R6 2nd,PROD676,Sweden
728,Accepted-In Progress,Value 39,19.052840291502786,Accepted,Medium,In Progress,Org line C,E_10,se,R6 2nd,PROD676,Sweden
728,Accepted-Wait,Value 39,19.052840907976343,Accepted,Medium,Wait,Org line C,E_10,se,R6 2nd,PROD676,Sweden
728,Completed-Closed,Value 39,19.06114892837814,Completed,Medium,Closed,Org line C,E_10,se,R6 2nd,PROD676,Sweden
729,Accepted-In Progress,Value 274,19.04170356216473,Accepted,Major,In Progress,Org line C,E_4,us,G88 2nd,PROD793,INDIA
729,Completed-Closed,Value 274,19.051271230257882,Completed,Major,Closed,Org line C,E_4,us,G88 2nd,PROD793,INDIA
729,Accepted-In Progress,Value 274,19.055716046858404,Accepted,Major,In Progress,Org line C,E_4,us,G88 2nd,PROD793,INDIA
729,Completed-Closed,Value 274,19.055719745670693,Completed,Major,Closed,Org line C,E_4,us,G88 2nd,PROD793,INDIA
730,Queued-Awaiting Assignment,Value 68,19.04178751040969,Queued,Medium,Awaiting Assignment,Org line C,E_7,be,G153 2nd,PROD807,Sweden
730,Accepted-In Progress,Value 77,19.04265011600226,Accepted,Medium,In Progress,Org line C,E_7,be,G134 2nd,PROD807,Sweden
730,Queued-Awaiting Assignment,Value 68,19.043629764456828,Queued,Medium,Awaiting Assignment,Org line C,E_7,be,G153 2nd,PROD807,Sweden
730,Accepted-In Progress,Value 77,19.04362986100169,Accepted,Medium,In Progress,Org line C,E_7,be,G134 2nd,PROD807,Sweden
730,Accepted-Assigned,Value 68,19.04363003800058,Accepted,Medium,Assigned,Org line C,E_7,be,G153 2nd,PROD807,Sweden
730,Accepted-In Progress,Value 77,19.04363023645384,Accepted,Medium,In Progress,Org line C,E_7,be,G153 2nd,PROD807,Sweden
730,Queued-Awaiting Assignment,Value 44,19.058987604756176,Queued,Medium,Awaiting Assignment,Org line C,C_6,be,G273 3rd,PROD807,Sweden
730,Accepted-In Progress,Value 77,19.059173709606085,Accepted,Medium,In Progress,Org line C,E_7,be,G134 2nd,PROD807,Sweden
730,Queued-Awaiting Assignment,Value 365,19.059173746572224,Queued,Medium,Awaiting Assignment,Org line C,C_6,be,G287 3rd,PROD807,Belgium
730,Accepted-In Progress,Value 366,19.059174332749343,Accepted,Medium,In Progress,Org line C,C_6,be,G287 3rd,PROD807,Sweden
730,Completed-Closed,Value 366,19.05921940926888,Completed,Medium,Closed,Org line C,C_6,be,G287 3rd,PROD807,Sweden
731,Accepted-In Progress,Value 169,19.041731092505977,Accepted,Major,In Progress,Org line C,E_8,in,G181 2nd,PROD476,France
731,Completed-Closed,Value 169,19.06428565933581,Completed,Major,Closed,Org line C,E_8,in,G181 2nd,PROD476,France
732,Accepted-In Progress,Value 129,19.041770621375804,Accepted,High,In Progress,Org line A2,A2_3,se,S21 2nd,PROD231,Sweden
732,Queued-Awaiting Assignment,Value 129,19.041774458107874,Queued,High,Awaiting Assignment,Org line A2,A2_3,se,S21 2nd,PROD231,Sweden
732,Accepted-In Progress,Value 291,19.042146894949504,Accepted,High,In Progress,Org line A2,A2_3,se,S21 2nd,PROD231,Sweden
732,Completed-Closed,Value 291,19.04217039526183,Completed,High,Closed,Org line A2,A2_3,se,S21 2nd,PROD231,Sweden
732,Accepted-In Progress,Value 60,19.042264965678445,Accepted,High,In Progress,Org line G4,,se,S30 2nd,PROD231,Sweden
732,Accepted-Assigned,Value 88,19.067450082103658,Accepted,High,Assigned,Org line G4,,se,S30 2nd,PROD231,Sweden
732,Accepted-Assigned,Value 60,19.068489511938054,Accepted,High,Assigned,Org line G4,,se,S30 2nd,PROD231,Sweden
732,Accepted-In Progress,Value 88,19.068489611344333,Accepted,High,In Progress,Org line G4,,se,S30 2nd,PROD231,Sweden
732,Completed-Closed,Value 88,19.068490008969338,Completed,High,Closed,Org line G4,,se,S30 2nd,PROD231,Sweden
733,Accepted-In Progress,Value 237,19.04176212032878,Accepted,Low,In Progress,Org line C,C_6,se,G144 3rd,PROD667,Sweden
733,Queued-Awaiting Assignment,Value 237,19.04177078258333,Queued,Low,Awaiting Assignment,Org line C,C_6,se,G144 3rd,PROD667,Sweden
733,Queued-Awaiting Assignment,Value 113,19.042145122332116,Queued,Low,Awaiting Assignment,Org line C,C_6,se,G141 3rd,PROD667,Sweden
733,Accepted-In Progress,Value 113,19.0430616725868,Accepted,Low,In Progress,Org line C,C_6,se,G141 3rd,PROD667,Sweden
733,Queued-Awaiting Assignment,Value 237,19.043625242928726,Queued,Low,Awaiting Assignment,Org line C,C_6,se,G144 3rd,PROD667,Sweden
733,Accepted-In Progress,Value 237,19.043625570109977,Accepted,Low,In Progress,Org line C,C_6,se,G144 3rd,PROD667,Sweden
733,Completed-Closed,Value 237,19.090620012208802,Completed,Low,Closed,Org line C,C_6,se,G144 3rd,PROD667,Sweden
734,Accepted-In Progress,Value 367,19.041788714071597,Accepted,Medium,In Progress,Org line C,C_1,us,G14 3rd,PROD398,Sweden
734,Accepted-In Progress,Value 367,19.055137512468036,Accepted,Medium,In Progress,Org line C,C_1,us,G14 3rd,PROD398,Sweden
734,Completed-Closed,Value 367,19.07102421247803,Completed,Medium,Closed,Org line C,C_1,us,G14 3rd,PROD398,Sweden
735,Accepted-In Progress,Value 368,19.04182684361134,Accepted,Low,In Progress,Org line C,V3_2,se,G371,PROD262,Sweden
735,Accepted-In Progress,Value 368,19.06239221998492,Accepted,Low,In Progress,Org line C,V3_2,se,G371,PROD262,Sweden
735,Completed-Closed,Value 368,19.062394546629314,Completed,Low,Closed,Org line C,V3_2,se,G371,PROD262,Sweden
736,Accepted-In Progress,Value 211,19.042134755143262,Accepted,Medium,In Progress,Org line G4,,se,S33 2nd,PROD374,Sweden
736,Completed-Closed,Value 211,19.07152437469748,Completed,Medium,Closed,Org line G4,,se,S33 2nd,PROD374,Sweden
737,Accepted-In Progress,Value 369,19.042176959136114,Accepted,Medium,In Progress,Org line A2,A2_2,in,G38 2nd,PROD215,Sweden
737,Completed-Closed,Value 369,19.109542449969574,Completed,Medium,Closed,Org line A2,A2_2,in,G38 2nd,PROD215,Sweden
738,Accepted-In Progress,Value 8,19.04260713197991,Accepted,Medium,In Progress,Org line A2,A2_4,se,G105 2nd,PROD337,Sweden
738,Completed-Closed,Value 8,19.103332024763493,Completed,Medium,Closed,Org line A2,A2_4,se,G105 2nd,PROD337,Sweden
739,Accepted-In Progress,Value 151,19.04255600081482,Accepted,High,In Progress,Org line A2,A2_1,se,T17 2nd,PROD350,Sweden
739,Queued-Awaiting Assignment,Value 151,19.04255616726515,Queued,High,Awaiting Assignment,Org line A2,A2_1,se,T17 2nd,PROD350,Sweden
739,Accepted-In Progress,Value 151,19.045050645854985,Accepted,High,In Progress,Org line A2,A2_1,se,J2 2nd,PROD350,Sweden
739,Accepted-Wait,Value 151,19.045050710126837,Accepted,High,Wait,Org line A2,A2_1,se,J2 2nd,PROD350,Sweden
739,Accepted-In Progress,Value 151,19.06250226644317,Accepted,High,In Progress,Org line A2,A2_1,se,J2 2nd,PROD350,Sweden
739,Completed-Closed,Value 151,19.062505829710034,Completed,High,Closed,Org line A2,A2_1,se,J2 2nd,PROD350,Sweden
740,Accepted-In Progress,Value 229,19.042625064584573,Accepted,Medium,In Progress,Org line C,E_10,se,G271 2nd,PROD802,Sweden
740,Queued-Awaiting Assignment,Value 229,19.04262964969594,Queued,Medium,Awaiting Assignment,Org line C,E_10,se,G271 2nd,PROD802,Sweden
740,Accepted-In Progress,Value 370,19.043071455944695,Accepted,Medium,In Progress,Org line C,E_10,se,G271 2nd,PROD802,Sweden
740,Queued-Awaiting Assignment,Value 44,19.04308399224146,Queued,Medium,Awaiting Assignment,Org line C,C_6,se,G273 3rd,PROD802,Sweden
740,Accepted-In Progress,Value 44,19.045939334153886,Accepted,Medium,In Progress,Org line C,C_6,se,G273 3rd,PROD802,Sweden
740,Accepted-Assigned,Value 371,19.045941372970564,Accepted,Medium,Assigned,Org line C,C_6,se,G273 3rd,PROD802,France
740,Completed-Closed,Value 371,19.07052178977742,Completed,Medium,Closed,Org line C,C_6,se,G273 3rd,PROD802,France
741,Accepted-In Progress,Value 63,19.04307168134183,Accepted,Low,In Progress,Org line C,E_9,se,N12 2nd,PROD277,Sweden
741,Completed-Closed,Value 63,19.09544673579348,Completed,Low,Closed,Org line C,E_9,se,N12 2nd,PROD277,Sweden
742,Accepted-In Progress,Value 372,19.042681410601446,Accepted,Medium,In Progress,Org line A2,A2_4,in,G31 3rd,PROD194,INDIA
742,Accepted-Assigned,Value 372,19.042684610337155,Accepted,Medium,Assigned,Org line A2,A2_4,in,G31 3rd,PROD194,INDIA
742,Accepted-In Progress,Value 372,19.058687375765462,Accepted,Medium,In Progress,Org line A2,A2_4,in,G31 3rd,PROD194,INDIA
742,Completed-Closed,Value 372,19.058687497284705,Completed,Medium,Closed,Org line A2,A2_4,in,G31 3rd,PROD194,INDIA
743,Accepted-In Progress,Value 298,19.042735960399696,Accepted,Medium,In Progress,Org line G4,,se,S33 2nd,PROD397,Sweden
743,Completed-Closed,Value 298,19.05790524683583,Completed,Medium,Closed,Org line G4,,se,S33 2nd,PROD397,Sweden
744,Accepted-In Progress,Value 209,19.042753885326,Accepted,Medium,In Progress,Org line C,C_1,be,G56 3rd,PROD816,Sweden
744,Completed-Closed,Value 209,19.109493188102647,Completed,Medium,Closed,Org line C,C_1,be,G56 3rd,PROD816,Sweden
745,Accepted-In Progress,Value 166,19.04292997701987,Accepted,Major,In Progress,Org line C,E_1,se,G294 2nd,PROD834,Sweden
745,Completed-Closed,Value 166,19.087547006732795,Completed,Major,Closed,Org line C,E_1,se,G294 2nd,PROD834,Sweden
746,Accepted-In Progress,Value 29,19.043126590863217,Accepted,High,In Progress,Org line A2,A2_1,gb,G42 3rd,PROD236,United Kingdom
746,Accepted-Assigned,Value 29,19.043129477930147,Accepted,High,Assigned,Org line A2,A2_1,gb,G42 3rd,PROD236,United Kingdom
746,Accepted-In Progress,Value 29,19.04547629738424,Accepted,High,In Progress,Org line A2,A2_1,gb,G42 3rd,PROD236,United Kingdom
746,Accepted-In Progress,Value 143,19.115112713816956,Accepted,High,In Progress,Org line A2,A2_1,gb,G42 3rd,PROD236,United Kingdom
746,Completed-Closed,Value 143,19.11511372751322,Completed,High,Closed,Org line A2,A2_1,gb,G42 3rd,PROD236,United Kingdom
747,Accepted-In Progress,Value 43,19.04316950426876,Accepted,Medium,In Progress,Org line G3,,us,G199 3rd,PROD97,POLAND
747,Completed-Closed,Value 43,19.05510865198951,Completed,Medium,Closed,Org line G3,,us,G199 3rd,PROD97,POLAND
748,Accepted-In Progress,Value 43,19.043161943443497,Accepted,Medium,In Progress,Org line G3,,us,G199 3rd,PROD98,POLAND
748,Completed-Closed,Value 43,19.05567341414466,Completed,Medium,Closed,Org line G3,,us,G199 3rd,PROD98,POLAND
749,Accepted-In Progress,Value 25,19.043182270074645,Accepted,High,In Progress,Org line A2,A2_2,pl,M15 2nd,PROD786,POLAND
749,Accepted-In Progress,Value 25,19.04319545962641,Accepted,High,In Progress,Org line A2,A2_2,pl,M15 2nd,PROD786,POLAND
749,Queued-Awaiting Assignment,Value 25,19.0431956528,Queued,High,Awaiting Assignment,Org line A2,A2_2,pl,M15 2nd,PROD786,POLAND
749,Accepted-Assigned,Value 197,19.043688113398638,Accepted,High,Assigned,Org line A2,A2_2,pl,M15 2nd,PROD786,China
749,Accepted-Wait,Value 197,19.07547112847515,Accepted,High,Wait,Org line A2,A2_2,pl,M15 2nd,PROD786,China
749,Completed-Closed,Value 197,19.106286267573655,Completed,High,Closed,Org line A2,A2_2,pl,M15 2nd,PROD786,China
750,Accepted-In Progress,Value 373,19.043534824165484,Accepted,Medium,In Progress,Org line D,D_2,in,G121 2nd,PROD597,Sweden
750,Completed-Closed,Value 373,19.043536106187645,Completed,Medium,Closed,Org line D,D_2,in,G121 2nd,PROD597,Sweden
750,Accepted-In Progress,Value 373,19.044987336072566,Accepted,Medium,In Progress,Org line D,D_2,in,G121 2nd,PROD597,Sweden
750,Accepted-In Progress,Value 373,19.044988664440808,Accepted,Medium,In Progress,Org line D,D_2,in,G121 2nd,PROD597,Sweden
750,Completed-Closed,Value 373,19.049152252636674,Completed,Medium,Closed,Org line D,D_2,in,G121 2nd,PROD597,Sweden
750,Accepted-In Progress,Value 373,19.056482357277904,Accepted,Medium,In Progress,Org line C,E_8,in,G119 2nd,PROD597,Sweden
750,Completed-Closed,Value 373,19.056482701459903,Completed,Medium,Closed,Org line C,E_8,in,G119 2nd,PROD597,Sweden
750,Accepted-In Progress,Value 373,19.05652911728826,Accepted,Medium,In Progress,Org line C,E_8,in,G119 2nd,PROD597,Sweden
750,Completed-Closed,Value 373,19.07549750572936,Completed,Medium,Closed,Org line C,E_8,in,G119 2nd,PROD597,Sweden
751,Accepted-In Progress,Value 76,19.043533338305107,Accepted,Medium,In Progress,Org line C,C_6,se,G290 3rd,PROD154,Sweden
751,Completed-Closed,Value 76,19.061556657328378,Completed,Medium,Closed,Org line C,C_6,se,G290 3rd,PROD154,Sweden
752,Accepted-In Progress,Value 298,19.043567791459935,Accepted,High,In Progress,Org line G4,,se,S33 2nd,PROD397,Sweden
752,Completed-Closed,Value 298,19.055062870128133,Completed,High,Closed,Org line G4,,se,S33 2nd,PROD397,Sweden
753,Accepted-In Progress,Value 77,19.043599293360238,Accepted,Medium,In Progress,Org line C,E_1,br,G55 2nd,PROD745,Belgium
753,Queued-Awaiting Assignment,Value 77,19.043616827361134,Queued,Medium,Awaiting Assignment,Org line C,E_1,br,G55 2nd,PROD745,Belgium
753,Queued-Awaiting Assignment,Value 77,19.04362041028831,Queued,Medium,Awaiting Assignment,Org line C,C_1,br,G56 3rd,PROD745,Belgium
753,Accepted-Assigned,Value 167,19.04363568049416,Accepted,Medium,Assigned,Org line C,C_1,br,G56 3rd,PROD745,Sweden
753,Accepted-Assigned,Value 374,19.045422839173803,Accepted,Medium,Assigned,Org line C,C_1,br,G56 3rd,PROD745,Sweden
753,Queued-Awaiting Assignment,Value 23,19.046339226546092,Queued,Medium,Awaiting Assignment,Org line B,E_6,br,S4 2nd,PROD745,Brazil
753,Accepted-In Progress,Value 212,19.103482110666054,Accepted,Medium,In Progress,Org line B,E_6,br,S4 2nd,PROD745,Brazil
753,Completed-Closed,Value 212,19.103482140978038,Completed,Medium,Closed,Org line B,E_6,br,S4 2nd,PROD745,Brazil
754,Accepted-In Progress,Value 375,19.043961957702827,Accepted,Major,In Progress,Org line C,E_6,se,G355 2nd,PROD151,Sweden
754,Completed-Closed,Value 375,19.0619905347633,Completed,Major,Closed,Org line C,E_6,se,G355 2nd,PROD151,Sweden
755,Accepted-In Progress,Value 69,19.04501171242017,Accepted,Low,In Progress,Org line B,E_10,in,G230 2nd,PROD336,INDIA
755,Accepted-In Progress,Value 69,19.045012558698865,Accepted,Low,In Progress,Org line B,E_10,in,G230 2nd,PROD336,INDIA
755,Accepted-In Progress,Value 69,19.045012633685552,Accepted,Low,In Progress,Org line B,E_10,in,G230 2nd,PROD336,INDIA
755,Queued-Awaiting Assignment,Value 69,19.045012714028424,Queued,Low,Awaiting Assignment,Org line B,E_10,in,G230 2nd,PROD336,INDIA
755,Accepted-In Progress,Value 70,19.04508203145225,Accepted,Low,In Progress,Org line B,E_10,in,G230 2nd,PROD336,INDIA
755,Queued-Awaiting Assignment,Value 213,19.045082663438798,Queued,Low,Awaiting Assignment,Org line C,E_10,in,G249 3rd,PROD336,POLAND
755,Accepted-In Progress,Value 213,19.04510514154817,Accepted,Low,In Progress,Org line C,E_10,in,G249 3rd,PROD336,POLAND
755,Accepted-Wait,Value 213,19.045105179038043,Accepted,Low,Wait,Org line C,E_10,in,G249 3rd,PROD336,POLAND
755,Accepted-Assigned,Value 376,19.051929924794255,Accepted,Low,Assigned,Org line C,E_10,in,G249 3rd,PROD336,POLAND
755,Queued-Awaiting Assignment,Value 377,19.077006391423517,Queued,Low,Awaiting Assignment,Org line C,E_10,in,G231 2nd,PROD336,INDIA
755,Accepted-In Progress,Value 317,19.077252333536812,Accepted,Low,In Progress,Org line C,E_10,in,G231 2nd,PROD336,INDIA
755,Accepted-In Progress,Value 378,19.077327225564115,Accepted,Low,In Progress,Org line C,E_10,in,G231 2nd,PROD336,INDIA
755,Accepted-Wait,Value 378,19.077327282608742,Accepted,Low,Wait,Org line C,E_10,in,G231 2nd,PROD336,INDIA
755,Accepted-In Progress,Value 187,19.080424758966455,Accepted,Low,In Progress,Org line C,E_10,in,G231 2nd,PROD336,INDIA
755,Queued-Awaiting Assignment,Value 69,19.080425043307425,Queued,Low,Awaiting Assignment,Org line B,E_10,in,G230 2nd,PROD336,INDIA
755,Accepted-In Progress,Value 71,19.08043042509129,Accepted,Low,In Progress,Org line B,E_10,in,G230 2nd,PROD336,INDIA
755,Completed-Closed,Value 71,19.081332470025377,Completed,Low,Closed,Org line B,E_10,in,G230 2nd,PROD336,INDIA
756,Accepted-In Progress,Value 379,19.04501185168127,Accepted,Low,In Progress,Org line B,E_3,br,S12 2nd,PROD140,Brazil
756,Queued-Awaiting Assignment,Value 379,19.045012092710053,Queued,Low,Awaiting Assignment,Org line B,E_3,br,S12 2nd,PROD140,Brazil
756,Accepted-Assigned,Value 380,19.045051438540895,Accepted,Low,Assigned,Org line B,E_3,br,S12 2nd,PROD140,Brazil
756,Accepted-In Progress,Value 379,19.061547032084,Accepted,Low,In Progress,Org line B,E_3,br,S12 2nd,PROD140,Brazil
756,Completed-Closed,Value 379,19.061547237549956,Completed,Low,Closed,Org line B,E_3,br,S12 2nd,PROD140,Brazil
757,Accepted-In Progress,Value 248,19.045064121430045,Accepted,Medium,In Progress,Org line A2,A2_2,fr,G22 2nd,PROD631,France
757,Accepted-Wait,Value 248,19.081783734802514,Accepted,Medium,Wait,Org line A2,A2_2,fr,G22 2nd,PROD631,France
757,Completed-Closed,Value 248,19.090746429499738,Completed,Medium,Closed,Org line A2,A2_2,fr,G22 2nd,PROD631,France
758,Accepted-In Progress,Value 151,19.04530630268408,Accepted,Low,In Progress,Org line A2,A2_1,se,T17 2nd,PROD350,Sweden
758,Queued-Awaiting Assignment,Value 151,19.045306431194927,Queued,Low,Awaiting Assignment,Org line A2,A2_1,se,T17 2nd,PROD350,Sweden
758,Accepted-In Progress,Value 151,19.045365399866608,Accepted,Low,In Progress,Org line A2,A2_1,se,J2 2nd,PROD350,Sweden
758,Accepted-Wait,Value 151,19.045365442701026,Accepted,Low,Wait,Org line A2,A2_1,se,J2 2nd,PROD350,Sweden
758,Completed-Closed,Value 151,19.062516366800093,Completed,Low,Closed,Org line A2,A2_1,se,J2 2nd,PROD350,Sweden
759,Accepted-In Progress,Value 381,19.045357625389205,Accepted,Low,In Progress,Org line C,E_10,cn,G293 2nd,PROD826,China
759,Accepted-Wait,Value 381,19.048512616420524,Accepted,Low,Wait,Org line C,E_10,cn,G293 2nd,PROD826,China
759,Completed-Closed,Value 381,19.117555976682123,Completed,Low,Closed,Org line C,E_10,cn,G293 2nd,PROD826,China
760,Accepted-In Progress,Value 373,19.0454171906932,Accepted,Low,In Progress,Org line C,E_8,in,G119 2nd,PROD597,Sweden
760,Completed-Closed,Value 373,19.107839479514453,Completed,Low,Closed,Org line C,E_8,in,G119 2nd,PROD597,Sweden
761,Accepted-In Progress,Value 316,19.045425789220655,Accepted,Low,In Progress,Org line C,E_4,in,G89 2nd,PROD436,INDIA
761,Accepted-Wait,Value 316,19.05148302229918,Accepted,Low,Wait,Org line C,E_4,in,G89 2nd,PROD436,INDIA
761,Accepted-In Progress,Value 316,19.115476085548416,Accepted,Low,In Progress,Org line C,E_4,in,G89 2nd,PROD436,INDIA
761,Completed-Closed,Value 316,19.11547627024374,Completed,Low,Closed,Org line C,E_4,in,G89 2nd,PROD436,INDIA
762,Accepted-In Progress,Value 143,19.045440555386087,Accepted,Medium,In Progress,Org line A2,A2_1,gb,G42 3rd,PROD236,United Kingdom
762,Accepted-Wait,Value 143,19.045464995641268,Accepted,Medium,Wait,Org line A2,A2_1,gb,G42 3rd,PROD236,United Kingdom
762,Accepted-In Progress,Value 143,19.10956484548994,Accepted,Medium,In Progress,Org line A2,A2_1,gb,G42 3rd,PROD236,United Kingdom
762,Completed-Closed,Value 143,19.10956557860836,Completed,Medium,Closed,Org line A2,A2_1,gb,G42 3rd,PROD236,United Kingdom
763,Accepted-In Progress,Value 214,19.045527862977114,Accepted,Medium,In Progress,Org line A2,A2_4,se,G105 2nd,PROD337,Sweden
763,Accepted-Assigned,Value 214,19.08673435104576,Accepted,Medium,Assigned,Org line A2,A2_4,se,G105 2nd,PROD337,Sweden
763,Accepted-In Progress,Value 164,19.104753349822747,Accepted,Medium,In Progress,Org line A2,A2_4,se,G105 2nd,PROD337,Sweden
763,Completed-Closed,Value 164,19.104753708058816,Completed,Medium,Closed,Org line A2,A2_4,se,G105 2nd,PROD337,Sweden
764,Accepted-In Progress,Value 382,19.045447852725264,Accepted,High,In Progress,Org line C,,fr,V34 2nd,PROD424,France
764,Completed-Closed,Value 382,19.064652223283016,Completed,High,Closed,Org line C,,fr,V34 2nd,PROD424,France
765,Accepted-In Progress,Value 42,19.045464492386834,Accepted,Medium,In Progress,Org line C,E_10,se,G138 2nd,PROD802,Sweden
765,Accepted-In Progress,Value 42,19.048266870099066,Accepted,Medium,In Progress,Org line C,E_10,se,G138 2nd,PROD802,Sweden
765,Completed-Closed,Value 42,19.067386959562356,Completed,Medium,Closed,Org line C,E_10,se,G138 2nd,PROD802,Sweden
766,Accepted-In Progress,Value 76,19.04548647473273,Accepted,Medium,In Progress,Org line A2,A2_4,se,G105 2nd,PROD337,Sweden
766,Accepted-Wait,Value 76,19.049195297613597,Accepted,Medium,Wait,Org line A2,A2_4,se,G105 2nd,PROD337,Sweden
766,Completed-Closed,Value 76,19.09280946619305,Completed,Medium,Closed,Org line A2,A2_4,se,G105 2nd,PROD337,Sweden
767,Accepted-In Progress,Value 2,19.045494226794016,Accepted,High,In Progress,Org line A2,A2_2,cn,M1 2nd,PROD753,Sweden
767,Accepted-In Progress,Value 2,19.05966047210795,Accepted,High,In Progress,Org line A2,A2_2,cn,M1 2nd,PROD753,Sweden
767,Completed-Closed,Value 2,19.061502618836887,Completed,High,Closed,Org line A2,A2_2,cn,M1 2nd,PROD753,Sweden
768,Accepted-In Progress,Value 81,19.04559045870606,Accepted,High,In Progress,Org line A2,D_1,se,G124 3rd,PROD605,Sweden
768,Completed-Closed,Value 81,19.102928773972074,Completed,High,Closed,Org line A2,D_1,se,G124 3rd,PROD605,Sweden
769,Accepted-In Progress,Value 383,19.04591635035549,Accepted,Medium,In Progress,Org line C,C_6,se,G269 3rd,PROD621,INDIA
769,Completed-Closed,Value 383,19.076814008589864,Completed,Medium,Closed,Org line C,C_6,se,G269 3rd,PROD621,INDIA
770,Accepted-In Progress,Value 384,19.045877375689734,Accepted,Medium,In Progress,Org line A2,A2_5,se,A10,PROD320,Sweden
770,Accepted-Assigned,Value 384,19.045879307601712,Accepted,Medium,Assigned,Org line A2,A2_5,se,A10,PROD320,Sweden
770,Accepted-In Progress,Value 385,19.102038769708166,Accepted,Medium,In Progress,Org line A2,A2_5,se,A10,PROD320,Sweden
770,Completed-Closed,Value 385,19.10203878488605,Completed,Medium,Closed,Org line A2,A2_5,se,A10,PROD320,Sweden
771,Accepted-In Progress,Value 385,19.045910239091324,Accepted,Medium,In Progress,Org line A2,A2_5,se,A10,PROD320,Sweden
771,Accepted-Wait,Value 385,19.045910335416266,Accepted,Medium,Wait,Org line A2,A2_5,se,A10,PROD320,Sweden
771,Accepted-In Progress,Value 385,19.04640789046781,Accepted,Medium,In Progress,Org line A2,A2_5,se,A10,PROD320,Sweden
771,Accepted-Wait,Value 385,19.049174404762653,Accepted,Medium,Wait,Org line A2,A2_5,se,A10,PROD320,Sweden
771,Accepted-In Progress,Value 385,19.05786289242666,Accepted,Medium,In Progress,Org line A2,A2_5,se,A10,PROD320,Sweden
771,Accepted-Wait,Value 385,19.057968854394872,Accepted,Medium,Wait,Org line A2,A2_5,se,A10,PROD320,Sweden
771,Completed-Closed,Value 385,19.083216323973073,Completed,Medium,Closed,Org line A2,A2_5,se,A10,PROD320,Sweden
772,Accepted-Wait,Value 385,19.045928604879517,Accepted,Medium,Wait,Org line A2,A2_5,se,A10,PROD320,Sweden
772,Accepted-In Progress,Value 385,19.07058189543443,Accepted,Medium,In Progress,Org line A2,A2_5,se,A10,PROD320,Sweden
772,Accepted-Wait,Value 385,19.0706768447776,Accepted,Medium,Wait,Org line A2,A2_5,se,A10,PROD320,Sweden
772,Completed-Closed,Value 385,19.084982465780776,Completed,Medium,Closed,Org line A2,A2_5,se,A10,PROD320,Sweden
773,Accepted-In Progress,Value 385,19.045929610921107,Accepted,Medium,In Progress,Org line A2,A2_5,se,A10,PROD320,Sweden
773,Accepted-Wait,Value 385,19.045929841026222,Accepted,Medium,Wait,Org line A2,A2_5,se,A10,PROD320,Sweden
773,Accepted-In Progress,Value 385,19.070988510953384,Accepted,Medium,In Progress,Org line A2,A2_5,se,A10,PROD320,Sweden
773,Accepted-Wait,Value 385,19.072331822624395,Accepted,Medium,Wait,Org line A2,A2_5,se,A10,PROD320,Sweden
773,Completed-Closed,Value 385,19.08499219229262,Completed,Medium,Closed,Org line A2,A2_5,se,A10,PROD320,Sweden
774,Accepted-In Progress,Value 386,19.04599796051483,Accepted,Medium,In Progress,Org line A2,A2_2,fr,L53 2nd,PROD422,Sweden
774,Queued-Awaiting Assignment,Value 386,19.04601059394916,Queued,Medium,Awaiting Assignment,Org line A2,A2_2,fr,L53 2nd,PROD422,Sweden
774,Accepted-In Progress,Value 25,19.04680571356916,Accepted,Medium,In Progress,Org line A2,A2_2,fr,L53 2nd,PROD422,POLAND
774,Queued-Awaiting Assignment,Value 248,19.052344954420374,Queued,Medium,Awaiting Assignment,Org line A2,A2_2,fr,G34 3rd,PROD422,France
774,Accepted-In Progress,Value 354,19.054630315278928,Accepted,Medium,In Progress,Org line A2,A2_2,fr,G34 3rd,PROD422,POLAND
774,Accepted-Wait,Value 354,19.054632861639398,Accepted,Medium,Wait,Org line A2,A2_2,fr,G34 3rd,PROD422,POLAND
774,Accepted-In Progress,Value 354,19.061581655135672,Accepted,Medium,In Progress,Org line A2,A2_2,fr,G34 3rd,PROD422,POLAND
774,Completed-Closed,Value 354,19.061581976494352,Completed,Medium,Closed,Org line A2,A2_2,fr,G34 3rd,PROD422,POLAND
775,Accepted-In Progress,Value 15,19.04599973166666,Accepted,Medium,In Progress,Org line G4,,se,S28 2nd,PROD633,Sweden
775,Completed-Closed,Value 15,19.083105826804893,Completed,Medium,Closed,Org line G4,,se,S28 2nd,PROD633,Sweden
776,Accepted-In Progress,Value 387,19.04600285659155,Accepted,High,In Progress,Org line C,E_10,us,G288 2nd,PROD408,Sweden
776,Queued-Awaiting Assignment,Value 387,19.046003065276253,Queued,High,Awaiting Assignment,Org line C,E_10,us,G288 2nd,PROD408,Sweden
776,Accepted-In Progress,Value 217,19.04600536080513,Accepted,High,In Progress,Org line C,E_10,us,G288 2nd,PROD408,Sweden
776,Queued-Awaiting Assignment,Value 104,19.046009470270235,Queued,High,Awaiting Assignment,Org line C,C_6,us,G290 3rd,PROD408,Sweden
776,Accepted-In Progress,Value 13,19.046326046299395,Accepted,High,In Progress,Org line C,C_6,us,G290 3rd,PROD408,Sweden
776,Completed-Closed,Value 13,19.04632689146653,Completed,High,Closed,Org line C,C_6,us,G290 3rd,PROD408,Sweden
776,Accepted-In Progress,Value 13,19.046329710468203,Accepted,High,In Progress,Org line C,C_6,us,G290 3rd,PROD408,Sweden
776,Accepted-Assigned,Value 127,19.046330106304616,Accepted,High,Assigned,Org line C,C_6,us,G290 3rd,PROD408,USA
776,Accepted-Wait,Value 127,19.046369983345436,Accepted,High,Wait,Org line C,C_6,us,G290 3rd,PROD408,USA
776,Completed-Closed,Value 127,19.048834094404008,Completed,High,Closed,Org line C,C_6,us,G290 3rd,PROD408,USA
776,Accepted-In Progress,Value 165,19.065235778735943,Accepted,High,In Progress,Org line C,V3_3,us,N22 2nd,PROD408,USA
776,Accepted-Wait,Value 165,19.065236508341187,Accepted,High,Wait,Org line C,V3_3,us,N22 2nd,PROD408,USA
776,Completed-Closed,Value 165,19.075625194638185,Completed,High,Closed,Org line C,V3_3,us,N22 2nd,PROD408,USA
777,Accepted-In Progress,Value 301,19.04616425852591,Accepted,Medium,In Progress,Org line B,E_10,in,G238 2nd,PROD209,INDIA
777,Completed-Closed,Value 301,19.067720015378438,Completed,Medium,Closed,Org line B,E_10,in,G238 2nd,PROD209,INDIA
778,Accepted-In Progress,Value 211,19.046362163184575,Accepted,Low,In Progress,Org line G4,,se,S33 2nd,PROD374,Sweden
778,Completed-Closed,Value 211,19.092841404992207,Completed,Low,Closed,Org line G4,,se,S33 2nd,PROD374,Sweden
779,Queued-Awaiting Assignment,Value 33,19.046382275102584,Queued,Medium,Awaiting Assignment,Org line A2,A2_4,be,G7 3rd,PROD766,Belgium
779,Accepted-In Progress,Value 388,19.056464406698804,Accepted,Medium,In Progress,Org line A2,A2_4,be,G7 3rd,PROD766,Belgium
779,Completed-Closed,Value 388,19.056465958192256,Completed,Medium,Closed,Org line A2,A2_4,be,G7 3rd,PROD766,Belgium
780,Accepted-In Progress,Value 217,19.046469377503545,Accepted,Medium,In Progress,Org line C,E_5,in,G92,PROD698,INDIA
780,Accepted-Wait,Value 217,19.04648889895365,Accepted,Medium,Wait,Org line C,E_5,in,G92,PROD698,INDIA
780,Queued-Awaiting Assignment,Value 217,19.046914403961722,Queued,Medium,Awaiting Assignment,Org line C,E_5,in,G92,PROD698,INDIA
780,Accepted-In Progress,Value 389,19.058333713353868,Accepted,Medium,In Progress,Org line C,E_5,in,G92,PROD698,INDIA
780,Queued-Awaiting Assignment,Value 86,19.05835437871999,Queued,Medium,Awaiting Assignment,Org line C,E_10,in,G276 2nd,PROD698,Sweden
780,Accepted-In Progress,Value 390,19.058355610172057,Accepted,Medium,In Progress,Org line C,E_10,in,G276 2nd,PROD698,Sweden
780,Accepted-In Progress,Value 87,19.059202986357995,Accepted,Medium,In Progress,Org line C,E_10,in,G276 2nd,PROD698,Sweden
780,Accepted-Wait,Value 87,19.05920303388449,Accepted,Medium,Wait,Org line C,E_10,in,G276 2nd,PROD698,Sweden
780,Completed-Closed,Value 87,19.087646872244992,Completed,Medium,Closed,Org line C,E_10,in,G276 2nd,PROD698,Sweden
780,Accepted-In Progress,Value 87,19.087646918438697,Accepted,Medium,In Progress,Org line C,E_10,in,G276 2nd,PROD698,Sweden
780,Completed-Closed,Value 87,19.087649767046344,Completed,Medium,Closed,Org line C,E_10,in,G276 2nd,PROD698,Sweden
781,Accepted-In Progress,Value 76,19.04644822437879,Accepted,High,In Progress,Org line C,E_6,se,G48 2nd,PROD148,Sweden
781,Accepted-Wait,Value 76,19.04644827251536,Accepted,High,Wait,Org line C,E_6,se,G48 2nd,PROD148,Sweden
781,Completed-Closed,Value 76,19.094210229715063,Completed,High,Closed,Org line C,E_6,se,G48 2nd,PROD148,Sweden
782,Accepted-In Progress,Value 113,19.04679158776238,Accepted,Medium,In Progress,Org line C,C_6,se,G141 3rd,PROD663,Sweden
782,Queued-Awaiting Assignment,Value 113,19.046792897696083,Queued,Medium,Awaiting Assignment,Org line C,C_6,se,G141 3rd,PROD663,Sweden
782,Accepted-In Progress,Value 113,19.046793737122083,Accepted,Medium,In Progress,Org line C,C_6,se,G141 3rd,PROD663,Sweden
782,Completed-Closed,Value 113,19.086264679471366,Completed,Medium,Closed,Org line C,C_6,se,G141 3rd,PROD663,Sweden
783,Accepted-In Progress,Value 211,19.046803676513953,Accepted,High,In Progress,Org line G4,,se,S33 2nd,PROD374,Sweden
783,Completed-Closed,Value 211,19.071525459636433,Completed,High,Closed,Org line G4,,se,S33 2nd,PROD374,Sweden
784,Accepted-In Progress,Value 391,19.04681929383115,Accepted,Major,In Progress,Org line C,E_1,se,G213 2nd,PROD582,Belgium
784,Queued-Awaiting Assignment,Value 391,19.04681943284075,Queued,Major,Awaiting Assignment,Org line C,E_1,se,G213 2nd,PROD582,Belgium
784,Accepted-In Progress,Value 391,19.059651472554357,Accepted,Major,In Progress,Org line C,E_3,se,G71 2nd,PROD582,Belgium
784,Completed-Closed,Value 391,19.059666320454788,Completed,Major,Closed,Org line C,E_3,se,G71 2nd,PROD582,Belgium
785,Accepted-In Progress,Value 147,19.047312661574054,Accepted,Major,In Progress,Org line C,C_6,fr,G225 3rd,PROD793,France
785,Queued-Awaiting Assignment,Value 147,19.04731302495826,Queued,Major,Awaiting Assignment,Org line C,C_6,fr,G225 3rd,PROD793,France
785,Accepted-In Progress,Value 392,19.049667881076353,Accepted,Major,In Progress,Org line C,C_6,fr,G225 3rd,PROD793,Belgium
785,Accepted-Wait,Value 392,19.049667923726872,Accepted,Major,Wait,Org line C,C_6,fr,G225 3rd,PROD793,Belgium
785,Completed-Closed,Value 392,19.10168616072304,Completed,Major,Closed,Org line C,C_6,fr,G225 3rd,PROD793,Belgium
786,Accepted-In Progress,Value 151,19.048061081295955,Accepted,Low,In Progress,Org line A2,A2_1,se,T17 2nd,PROD350,Sweden
786,Queued-Awaiting Assignment,Value 151,19.048061348290343,Queued,Low,Awaiting Assignment,Org line A2,A2_1,se,T17 2nd,PROD350,Sweden
786,Accepted-In Progress,Value 151,19.05608198811478,Accepted,Low,In Progress,Org line A2,A2_1,se,J2 2nd,PROD350,Sweden
786,Accepted-Wait,Value 151,19.056087354193334,Accepted,Low,Wait,Org line A2,A2_1,se,J2 2nd,PROD350,Sweden
786,Completed-Closed,Value 151,19.062514914140927,Completed,Low,Closed,Org line A2,A2_1,se,J2 2nd,PROD350,Sweden
787,Accepted-In Progress,Value 8,19.048175188200826,Accepted,Medium,In Progress,Org line A2,A2_4,se,G105 2nd,PROD337,Sweden
787,Completed-Closed,Value 8,19.10333319194942,Completed,Medium,Closed,Org line A2,A2_4,se,G105 2nd,PROD337,Sweden
788,Accepted-In Progress,Value 351,19.048168807741916,Accepted,High,In Progress,Org line B,A2_1,cn,D1,PROD350,THAILAND
788,Accepted-Wait,Value 351,19.048176469626995,Accepted,High,Wait,Org line B,A2_1,cn,D1,PROD350,THAILAND
788,Completed-Closed,Value 351,19.061857859061615,Completed,High,Closed,Org line B,A2_1,cn,D1,PROD350,THAILAND
789,Accepted-In Progress,Value 351,19.048171178394163,Accepted,Medium,In Progress,Org line B,A2_1,cn,D1,PROD350,THAILAND
789,Accepted-Wait,Value 351,19.04817633614518,Accepted,Medium,Wait,Org line B,A2_1,cn,D1,PROD350,THAILAND
789,Completed-Closed,Value 351,19.06281491715647,Completed,Medium,Closed,Org line B,A2_1,cn,D1,PROD350,THAILAND
790,Accepted-In Progress,Value 351,19.048173047147607,Accepted,High,In Progress,Org line B,A2_1,cn,D1,PROD350,THAILAND
790,Accepted-Wait,Value 351,19.048176170627702,Accepted,High,Wait,Org line B,A2_1,cn,D1,PROD350,THAILAND
790,Completed-Closed,Value 351,19.098445220050223,Completed,High,Closed,Org line B,A2_1,cn,D1,PROD350,THAILAND
791,Accepted-In Progress,Value 320,19.04817231032524,Accepted,High,In Progress,Org line C,C_5,se,G120 3rd,PROD597,Sweden
791,Completed-Closed,Value 320,19.068284520408522,Completed,High,Closed,Org line C,C_5,se,G120 3rd,PROD597,Sweden
792,Accepted-In Progress,Value 118,19.048292277076172,Accepted,Major,In Progress,Org line C,E_3,be,G64 2nd,PROD378,France
792,Completed-Closed,Value 118,19.089414153916895,Completed,Major,Closed,Org line C,E_3,be,G64 2nd,PROD378,France
793,Accepted-In Progress,Value 20,19.048326614709108,Accepted,Medium,In Progress,Org line C,E_3,us,G67 2nd,PROD151,Sweden
793,Accepted-Wait,Value 20,19.055572582796312,Accepted,Medium,Wait,Org line C,E_3,us,G67 2nd,PROD151,Sweden
793,Accepted-In Progress,Value 20,19.076849347093052,Accepted,Medium,In Progress,Org line C,E_3,us,G67 2nd,PROD151,Sweden
793,Completed-Closed,Value 20,19.076850364009907,Completed,Medium,Closed,Org line C,E_3,us,G67 2nd,PROD151,Sweden
794,Accepted-In Progress,Value 393,19.048495141365496,Accepted,Medium,In Progress,Org line C,E_4,us,G88 2nd,PROD794,Sweden
794,Accepted-In Progress,Value 393,19.048495344193178,Accepted,Medium,In Progress,Org line C,E_4,us,G88 2nd,PROD794,Sweden
794,Accepted-Wait,Value 393,19.07117900175782,Accepted,Medium,Wait,Org line C,E_4,us,G88 2nd,PROD794,Sweden
794,Completed-Closed,Value 393,19.119830055630814,Completed,Medium,Closed,Org line C,E_4,us,G88 2nd,PROD794,Sweden
794,Accepted-In Progress,Value 393,19.119834220548533,Accepted,Medium,In Progress,Org line C,E_4,us,G88 2nd,PROD794,Sweden
794,Completed-Closed,Value 393,19.119834762284768,Completed,Medium,Closed,Org line C,E_4,us,G88 2nd,PROD794,Sweden
795,Accepted-In Progress,Value 209,19.04863312407058,Accepted,Low,In Progress,Org line A2,A2_1,se,N7 2nd,PROD746,Sweden
795,Accepted-Wait,Value 209,19.06875133996269,Accepted,Low,Wait,Org line A2,A2_1,se,N7 2nd,PROD746,Sweden
795,Completed-Closed,Value 209,19.102052819270586,Completed,Low,Closed,Org line A2,A2_1,se,N7 2nd,PROD746,Sweden
796,Accepted-In Progress,Value 385,19.048645948401983,Accepted,Medium,In Progress,Org line A2,A2_5,se,A10,PROD236,Sweden
796,Accepted-Wait,Value 385,19.048653724040104,Accepted,Medium,Wait,Org line A2,A2_5,se,A10,PROD236,Sweden
796,Accepted-In Progress,Value 385,19.048735548692214,Accepted,Medium,In Progress,Org line A2,A2_5,se,A10,PROD236,Sweden
796,Accepted-Wait,Value 385,19.049126552781967,Accepted,Medium,Wait,Org line A2,A2_5,se,A10,PROD236,Sweden
796,Accepted-In Progress,Value 385,19.068714312285486,Accepted,Medium,In Progress,Org line A2,A2_5,se,A10,PROD236,Sweden
796,Accepted-Wait,Value 385,19.068807911881624,Accepted,Medium,Wait,Org line A2,A2_5,se,A10,PROD236,Sweden
796,Accepted-In Progress,Value 385,19.068824774046018,Accepted,Medium,In Progress,Org line A2,A2_5,se,A10,PROD236,Sweden
796,Completed-Closed,Value 385,19.068825166307622,Completed,Medium,Closed,Org line A2,A2_5,se,A10,PROD236,Sweden
797,Accepted-In Progress,Value 29,19.04873180261099,Accepted,High,In Progress,Org line A2,A2_1,gb,G42 3rd,PROD236,United Kingdom
797,Accepted-Assigned,Value 29,19.048737987372878,Accepted,High,Assigned,Org line A2,A2_1,gb,G42 3rd,PROD236,United Kingdom
797,Accepted-Assigned,Value 29,19.050141493576085,Accepted,High,Assigned,Org line A2,A2_1,gb,G42 3rd,PROD236,United Kingdom
797,Accepted-In Progress,Value 143,19.05654069178733,Accepted,High,In Progress,Org line A2,A2_1,gb,G42 3rd,PROD236,United Kingdom
797,Completed-Closed,Value 143,19.056541067718037,Completed,High,Closed,Org line A2,A2_1,gb,G42 3rd,PROD236,United Kingdom
798,Accepted-In Progress,Value 245,19.048743200899988,Accepted,Medium,In Progress,Org line A2,A2_3,us,N5 2nd,PROD488,USA
798,Accepted-In Progress,Value 245,19.059345392012265,Accepted,Medium,In Progress,Org line A2,A2_3,us,N5 2nd,PROD488,USA
798,Completed-Closed,Value 245,19.05934558737114,Completed,Medium,Closed,Org line A2,A2_3,us,N5 2nd,PROD488,USA
799,Accepted-In Progress,Value 148,19.048775826183213,Accepted,Medium,In Progress,Org line A2,A2_5,fr,V37 2nd,PROD525,France
799,Accepted-Assigned,Value 148,19.048776279749326,Accepted,Medium,Assigned,Org line A2,A2_5,fr,V37 2nd,PROD525,France
799,Completed-Closed,Value 148,19.0683242170232,Completed,Medium,Closed,Org line A2,A2_5,fr,V37 2nd,PROD525,France
800,Accepted-In Progress,Value 394,19.049060459835832,Accepted,Major,In Progress,Org line C,E_6,fr,V29 2nd,PROD413,France
800,Accepted-Wait,Value 394,19.06197913902604,Accepted,Major,Wait,Org line C,E_6,fr,V29 2nd,PROD413,France
800,Accepted-In Progress,Value 394,19.068330653315027,Accepted,Major,In Progress,Org line C,E_6,fr,V29 2nd,PROD413,France
800,Accepted-In Progress,Value 394,19.099874887056718,Accepted,Major,In Progress,Org line C,E_6,fr,V29 2nd,PROD413,France
800,Accepted-In Progress,Value 149,19.102988974754286,Accepted,Major,In Progress,Org line C,E_6,fr,V29 2nd,PROD413,France
800,Completed-Closed,Value 149,19.11161430626627,Completed,Major,Closed,Org line C,E_6,fr,V29 2nd,PROD413,France
801,Accepted-In Progress,Value 165,19.049096270059035,Accepted,High,In Progress,Org line C,V3_3,us,N22 2nd,PROD476,USA
801,Completed-Closed,Value 165,19.04909846248002,Completed,High,Closed,Org line C,V3_3,us,N22 2nd,PROD476,USA
801,Accepted-In Progress,Value 165,19.052789696860273,Accepted,High,In Progress,Org line C,V3_3,us,N22 2nd,PROD476,USA
801,Accepted-Wait,Value 165,19.052789734063158,Accepted,High,Wait,Org line C,V3_3,us,N22 2nd,PROD476,USA
801,Accepted-In Progress,Value 165,19.06205641053284,Accepted,High,In Progress,Org line C,V3_3,us,N22 2nd,PROD476,USA
801,Accepted-Wait,Value 165,19.062059232930892,Accepted,High,Wait,Org line C,V3_3,us,N22 2nd,PROD476,USA
801,Completed-Closed,Value 165,19.072355426794054,Completed,High,Closed,Org line C,V3_3,us,N22 2nd,PROD476,USA
802,Accepted-In Progress,Value 125,19.04912620072458,Accepted,Low,In Progress,Org line A2,A2_3,se,U6 2nd,PROD831,Sweden
802,Accepted-Assigned,Value 125,19.049126323411258,Accepted,Low,Assigned,Org line A2,A2_3,se,U6 2nd,PROD831,Sweden
802,Accepted-In Progress,Value 125,19.06746220125945,Accepted,Low,In Progress,Org line A2,A2_3,se,U6 2nd,PROD831,Sweden
802,Completed-Closed,Value 125,19.06746220649674,Completed,Low,Closed,Org line A2,A2_3,se,U6 2nd,PROD831,Sweden
803,Accepted-In Progress,Value 290,19.049137162453345,Accepted,Low,In Progress,Org line C,E_4,in,G93 2nd,PROD325,Brazil
803,Accepted-In Progress,Value 290,19.065648681692423,Accepted,Low,In Progress,Org line C,E_4,in,G93 2nd,PROD325,Brazil
803,Completed-Closed,Value 290,19.081416627372768,Completed,Low,Closed,Org line C,E_4,in,G93 2nd,PROD325,Brazil
804,Accepted-In Progress,Value 213,19.0492009674644,Accepted,High,In Progress,Org line A2,A2_3,pl,N26 2nd,PROD791,POLAND
804,Accepted-Assigned,Value 213,19.049201122144733,Accepted,High,Assigned,Org line A2,A2_3,pl,N26 2nd,PROD791,POLAND
804,Accepted-Wait,Value 213,19.05792491115085,Accepted,High,Wait,Org line A2,A2_3,pl,N26 2nd,PROD791,POLAND
804,Completed-Closed,Value 213,19.10471915534675,Completed,High,Closed,Org line A2,A2_3,pl,N26 2nd,PROD791,POLAND
805,Accepted-In Progress,Value 395,19.04920864811412,Accepted,Low,In Progress,Org line A2,A2_3,se,G45 2nd,PROD711,Brazil
805,Accepted-In Progress,Value 395,19.049208893467238,Accepted,Low,In Progress,Org line A2,A2_3,se,G45 2nd,PROD711,Brazil
805,Completed-Closed,Value 395,19.06835825040891,Completed,Low,Closed,Org line A2,A2_3,se,G45 2nd,PROD711,Brazil
806,Accepted-In Progress,Value 96,19.049223278521872,Accepted,Medium,In Progress,Org line C,E_10,se,G285 2nd,PROD646,Sweden
806,Queued-Awaiting Assignment,Value 96,19.049224243918577,Queued,Medium,Awaiting Assignment,Org line C,E_10,se,G285 2nd,PROD646,Sweden
806,Accepted-In Progress,Value 179,19.050027259092246,Accepted,Medium,In Progress,Org line C,E_10,se,G285 2nd,PROD646,Sweden
806,Completed-Closed,Value 179,19.05836176212449,Completed,Medium,Closed,Org line C,E_10,se,G285 2nd,PROD646,Sweden
807,Accepted-In Progress,Value 155,19.049593634425115,Accepted,Medium,In Progress,Org line A2,D_1,pl,V10 3rd,PROD71,POLAND
807,Accepted-In Progress,Value 155,19.12029128691153,Accepted,Medium,In Progress,Org line A2,D_1,pl,V10 3rd,PROD71,POLAND
807,Completed-Closed,Value 155,19.120291505494155,Completed,Medium,Closed,Org line A2,D_1,pl,V10 3rd,PROD71,POLAND
808,Accepted-In Progress,Value 396,19.049575501111544,Accepted,Low,In Progress,Org line A2,A2_4,in,G31 3rd,PROD194,Sweden
808,Completed-Closed,Value 396,19.10467755730289,Completed,Low,Closed,Org line A2,A2_4,in,G31 3rd,PROD194,Sweden
809,Accepted-In Progress,Value 2,19.049582763007262,Accepted,Low,In Progress,Org line V2,,se,T3 2nd,PROD59,Sweden
809,Completed-Closed,Value 2,19.06839241867925,Completed,Low,Closed,Org line V2,,se,T3 2nd,PROD59,Sweden
810,Accepted-In Progress,Value 297,19.049650996658674,Accepted,Medium,In Progress,Org line A2,A2_4,se,G105 2nd,PROD337,Sweden
810,Completed-Closed,Value 297,19.10304794374481,Completed,Medium,Closed,Org line A2,A2_4,se,G105 2nd,PROD337,Sweden
811,Accepted-In Progress,Value 58,19.049669581764444,Accepted,High,In Progress,Org line G4,,se,G51 2nd,PROD337,Sweden
811,Accepted-Assigned,Value 58,19.06879244593061,Accepted,High,Assigned,Org line G4,,se,G51 2nd,PROD337,Sweden
811,Accepted-In Progress,Value 116,19.106497920552087,Accepted,High,In Progress,Org line G4,,se,G51 2nd,PROD337,Sweden
811,Completed-Closed,Value 116,19.106498696216626,Completed,High,Closed,Org line G4,,se,G51 2nd,PROD337,Sweden
812,Accepted-In Progress,Value 337,19.049714571644568,Accepted,Low,In Progress,Org line C,E_7,in,G165 2nd,PROD424,INDIA
812,Accepted-In Progress,Value 337,19.04971557388452,Accepted,Low,In Progress,Org line C,E_7,in,G165 2nd,PROD424,INDIA
812,Accepted-Assigned,Value 397,19.051541941837367,Accepted,Low,Assigned,Org line C,E_7,in,G165 2nd,PROD424,INDIA
812,Accepted-In Progress,Value 397,19.05189585961454,Accepted,Low,In Progress,Org line C,E_7,in,G165 2nd,PROD424,INDIA
812,Accepted-Wait,Value 397,19.061702789504423,Accepted,Low,Wait,Org line C,E_7,in,G165 2nd,PROD424,INDIA
812,Accepted-In Progress,Value 397,19.09611847379274,Accepted,Low,In Progress,Org line C,E_7,in,G165 2nd,PROD424,INDIA
812,Completed-Closed,Value 397,19.111054010768473,Completed,Low,Closed,Org line C,E_7,in,G165 2nd,PROD424,INDIA
813,Accepted-In Progress,Value 293,19.049784678039327,Accepted,Low,In Progress,Org line C,,ca,N19 2nd,PROD424,Canada
813,Completed-Closed,Value 293,19.06202769112658,Completed,Low,Closed,Org line C,,ca,N19 2nd,PROD424,Canada
814,Accepted-In Progress,Value 293,19.049785125817397,Accepted,Low,In Progress,Org line C,,ca,N19 2nd,PROD424,Canada
814,Completed-Closed,Value 293,19.06202761213918,Completed,Low,Closed,Org line C,,ca,N19 2nd,PROD424,Canada
815,Accepted-In Progress,Value 77,19.050049807527543,Accepted,Low,In Progress,Org line C,E_7,se,G160 2nd,PROD673,Sweden
815,Completed-Closed,Value 77,19.054617392399585,Completed,Low,Closed,Org line C,E_7,se,G160 2nd,PROD673,Sweden
816,Accepted-In Progress,Value 379,19.050059128393748,Accepted,Low,In Progress,Org line B,E_3,br,S12 2nd,PROD551,Brazil
816,Queued-Awaiting Assignment,Value 379,19.050059629341217,Queued,Low,Awaiting Assignment,Org line B,E_3,br,S12 2nd,PROD551,Brazil
816,Accepted-In Progress,Value 379,19.055597624643028,Accepted,Low,In Progress,Org line B,E_3,br,S12 2nd,PROD551,Brazil
816,Queued-Awaiting Assignment,Value 398,19.05559797442946,Queued,Low,Awaiting Assignment,Org line A2,A2_1,br,S1 2nd,PROD551,Brazil
816,Accepted-In Progress,Value 399,19.09421216735482,Accepted,Low,In Progress,Org line A2,A2_1,br,S1 2nd,PROD551,Brazil
816,Completed-Closed,Value 399,19.09421718480453,Completed,Low,Closed,Org line A2,A2_1,br,S1 2nd,PROD551,Brazil
817,Accepted-In Progress,Value 400,19.05183880156248,Accepted,High,In Progress,Org line C,E_2,se,G57 2nd,PROD236,Belgium
817,Accepted-Assigned,Value 400,19.051838987753847,Accepted,High,Assigned,Org line C,E_2,se,G57 2nd,PROD236,Belgium
817,Accepted-In Progress,Value 401,19.071474591424753,Accepted,High,In Progress,Org line C,E_2,se,G57 2nd,PROD236,Belgium
817,Completed-Closed,Value 401,19.071476902249703,Completed,High,Closed,Org line C,E_2,se,G57 2nd,PROD236,Belgium
818,Accepted-In Progress,Value 402,19.051857537560053,Accepted,Medium,In Progress,Org line C,E_4,us,G88 2nd,PROD219,Sweden
818,Accepted-Assigned,Value 402,19.077251586714585,Accepted,Medium,Assigned,Org line C,E_4,us,G88 2nd,PROD219,Sweden
818,Accepted-In Progress,Value 402,19.118179691822455,Accepted,Medium,In Progress,Org line C,E_4,us,G88 2nd,PROD219,Sweden
818,Completed-Closed,Value 402,19.118180080128877,Completed,Medium,Closed,Org line C,E_4,us,G88 2nd,PROD219,Sweden
819,Accepted-In Progress,Value 42,19.05183454043056,Accepted,Low,In Progress,Org line C,E_6,se,S20 2nd,PROD802,Sweden
819,Accepted-In Progress,Value 42,19.051836327873875,Accepted,Low,In Progress,Org line C,E_6,se,S20 2nd,PROD802,Sweden
819,Accepted-Wait,Value 42,19.06828996269515,Accepted,Low,Wait,Org line C,E_6,se,S20 2nd,PROD802,Sweden
819,Accepted-In Progress,Value 42,19.089838464652107,Accepted,Low,In Progress,Org line C,E_6,se,S20 2nd,PROD802,Sweden
819,Completed-Closed,Value 42,19.089838689993574,Completed,Low,Closed,Org line C,E_6,se,S20 2nd,PROD802,Sweden
820,Accepted-In Progress,Value 62,19.052222851272923,Accepted,Medium,In Progress,Org line C,E_5,se,G76,PROD152,Sweden
820,Accepted-In Progress,Value 62,19.068323704211174,Accepted,Medium,In Progress,Org line C,E_5,se,G76,PROD152,Sweden
820,Completed-Closed,Value 62,19.068323882125583,Completed,Medium,Closed,Org line C,E_5,se,G76,PROD152,Sweden
821,Accepted-In Progress,Value 254,19.05232413258907,Accepted,Medium,In Progress,Org line C,E_8,in,G119 2nd,PROD597,INDIA
821,Queued-Awaiting Assignment,Value 254,19.05232595106046,Queued,Medium,Awaiting Assignment,Org line C,E_8,in,G119 2nd,PROD597,INDIA
821,Accepted-In Progress,Value 254,19.075474817280142,Accepted,Medium,In Progress,Org line C,E_8,in,G119 2nd,PROD597,INDIA
821,Completed-Closed,Value 254,19.07547746178126,Completed,Medium,Closed,Org line C,E_8,in,G119 2nd,PROD597,INDIA
822,Accepted-In Progress,Value 150,19.052761496676467,Accepted,High,In Progress,Org line A2,A2_4,in,G2 3rd,PROD153,Sweden
822,Completed-Closed,Value 150,19.056105120846148,Completed,High,Closed,Org line A2,A2_4,in,G2 3rd,PROD153,Sweden
823,Accepted-In Progress,Value 68,19.052862133566805,Accepted,Medium,In Progress,Org line A2,A2_4,se,G118 2nd,PROD591,Sweden
823,Completed-Closed,Value 68,19.054598113869346,Completed,Medium,Closed,Org line A2,A2_4,se,G118 2nd,PROD591,Sweden
824,Accepted-In Progress,Value 150,19.053076218996086,Accepted,High,In Progress,Org line C,E_4,us,G88 2nd,PROD793,USA
824,Accepted-Wait,Value 150,19.053076776879323,Accepted,High,Wait,Org line C,E_4,us,G88 2nd,PROD793,USA
824,Accepted-Wait,Value 150,19.053077446338797,Accepted,High,Wait,Org line C,E_4,us,G88 2nd,PROD793,USA
824,Queued-Awaiting Assignment,Value 150,19.06465506987622,Queued,High,Awaiting Assignment,Org line C,E_4,us,G88 2nd,PROD793,USA
824,Accepted-In Progress,Value 292,19.065113496724805,Accepted,High,In Progress,Org line C,E_5,us,G92,PROD793,INDIA
824,Accepted-Wait,Value 292,19.065122221525932,Accepted,High,Wait,Org line C,E_5,us,G92,PROD793,INDIA
824,Queued-Awaiting Assignment,Value 150,19.084047939911752,Queued,High,Awaiting Assignment,Org line C,E_4,us,G88 2nd,PROD793,USA
824,Accepted-In Progress,Value 393,19.086383215250585,Accepted,High,In Progress,Org line C,E_4,us,G88 2nd,PROD793,Sweden
824,Completed-Closed,Value 393,19.08931116995801,Completed,High,Closed,Org line C,E_4,us,G88 2nd,PROD793,Sweden
825,Accepted-In Progress,Value 403,19.053364767784686,Accepted,Low,In Progress,Org line G4,,se,M18 2nd,PROD78,Sweden
825,Completed-Closed,Value 403,19.068361107402428,Completed,Low,Closed,Org line G4,,se,M18 2nd,PROD78,Sweden
826,Accepted-In Progress,Value 123,19.054709509359395,Accepted,Low,In Progress,Org line G4,,se,S29 2nd,PROD710,Sweden
826,Accepted-Assigned,Value 123,19.064720119150255,Accepted,Low,Assigned,Org line G4,,se,S29 2nd,PROD710,Sweden
826,Accepted-In Progress,Value 123,19.06472041849528,Accepted,Low,In Progress,Org line G4,,se,S29 2nd,PROD710,Sweden
826,Completed-Closed,Value 123,19.064720849131824,Completed,Low,Closed,Org line G4,,se,S29 2nd,PROD710,Sweden
827,Accepted-In Progress,Value 69,19.055176329372998,Accepted,Medium,In Progress,Org line B,E_10,in,G230 2nd,PROD752,INDIA
827,Queued-Awaiting Assignment,Value 69,19.05518036951065,Queued,Medium,Awaiting Assignment,Org line B,E_10,in,G230 2nd,PROD752,INDIA
827,Accepted-In Progress,Value 71,19.05518070353705,Accepted,Medium,In Progress,Org line B,E_10,in,G230 2nd,PROD752,INDIA
827,Completed-Closed,Value 71,19.080936436688276,Completed,Medium,Closed,Org line B,E_10,in,G230 2nd,PROD752,INDIA
828,Accepted-In Progress,Value 404,19.055180390718682,Accepted,Low,In Progress,Org line C,E_2,se,G57 2nd,PROD329,Sweden
828,Accepted-In Progress,Value 404,19.062344964771004,Accepted,Low,In Progress,Org line C,E_2,se,G57 2nd,PROD329,Sweden
828,Completed-Closed,Value 404,19.062346249224298,Completed,Low,Closed,Org line C,E_2,se,G57 2nd,PROD329,Sweden
829,Accepted-In Progress,Value 405,19.055307042345543,Accepted,Low,In Progress,Org line C,E_4,us,G88 2nd,PROD348,USA
829,Completed-Closed,Value 405,19.087178240230834,Completed,Low,Closed,Org line C,E_4,us,G88 2nd,PROD348,USA
830,Accepted-In Progress,Value 225,19.055557663387418,Accepted,Low,In Progress,Org line C,E_4,us,G88 2nd,PROD219,INDIA
830,Accepted-Wait,Value 225,19.055558484888195,Accepted,Low,Wait,Org line C,E_4,us,G88 2nd,PROD219,INDIA
830,Accepted-In Progress,Value 225,19.06728823487436,Accepted,Low,In Progress,Org line C,E_4,us,G88 2nd,PROD219,INDIA
830,Completed-Closed,Value 225,19.06728835011472,Completed,Low,Closed,Org line C,E_4,us,G88 2nd,PROD219,INDIA
831,Accepted-In Progress,Value 123,19.055573144588532,Accepted,Low,In Progress,Org line A2,A2_4,0,G11 2nd,PROD765,Belgium
831,Completed-Closed,Value 123,19.08354298534715,Completed,Low,Closed,Org line A2,A2_4,0,G11 2nd,PROD765,Belgium
832,Accepted-In Progress,Value 297,19.055580103366005,Accepted,Medium,In Progress,Org line A2,A2_4,se,G105 2nd,PROD337,Sweden
832,Completed-Closed,Value 297,19.06520120323536,Completed,Medium,Closed,Org line A2,A2_4,se,G105 2nd,PROD337,Sweden
833,Accepted-In Progress,Value 281,19.055594799848098,Accepted,Medium,In Progress,Org line C,V3_1,se,G346,PROD631,Sweden
833,Completed-Closed,Value 281,19.05560029573633,Completed,Medium,Closed,Org line C,V3_1,se,G346,PROD631,Sweden
834,Accepted-In Progress,Value 77,19.055603088717135,Accepted,Low,In Progress,Org line C,E_7,se,G160 2nd,PROD673,Sweden
834,Completed-Closed,Value 77,19.057892709906117,Completed,Low,Closed,Org line C,E_7,se,G160 2nd,PROD673,Sweden
835,Accepted-In Progress,Value 248,19.056068967441192,Accepted,Medium,In Progress,Org line C,E_6,fr,G130 3rd,PROD643,France
835,Completed-Closed,Value 248,19.113743880980753,Completed,Medium,Closed,Org line C,E_6,fr,G130 3rd,PROD643,France
836,Accepted-In Progress,Value 43,19.056094743760795,Accepted,Medium,In Progress,Org line G3,,us,G199 3rd,PROD98,POLAND
836,Completed-Closed,Value 43,19.05839568703116,Completed,Medium,Closed,Org line G3,,us,G199 3rd,PROD98,POLAND
837,Accepted-In Progress,Value 119,19.056082454270822,Accepted,Low,In Progress,Org line C,E_4,in,G93 2nd,PROD325,Sweden
837,Accepted-Wait,Value 119,19.056082523134762,Accepted,Low,Wait,Org line C,E_4,in,G93 2nd,PROD325,Sweden
837,Completed-Closed,Value 119,19.064652590924663,Completed,Low,Closed,Org line C,E_4,in,G93 2nd,PROD325,Sweden
838,Accepted-In Progress,Value 86,19.0565685632244,Accepted,Medium,In Progress,Org line C,E_10,us,G236 2nd,PROD494,Sweden
838,Queued-Awaiting Assignment,Value 86,19.056572343598855,Queued,Medium,Awaiting Assignment,Org line C,E_10,us,G236 2nd,PROD494,Sweden
838,Accepted-In Progress,Value 406,19.056574800305125,Accepted,Medium,In Progress,Org line C,E_10,us,G236 2nd,PROD494,Sweden
838,Queued-Awaiting Assignment,Value 155,19.056576934034336,Queued,Medium,Awaiting Assignment,Org line C,V3_2,us,G97,PROD494,POLAND
838,Queued-Awaiting Assignment,Value 86,19.05788755443813,Queued,Medium,Awaiting Assignment,Org line C,E_10,us,G236 2nd,PROD494,Sweden
838,Accepted-In Progress,Value 355,19.05793635846996,Accepted,Medium,In Progress,Org line C,E_10,us,G236 2nd,PROD494,Sweden
838,Queued-Awaiting Assignment,Value 407,19.057936908360972,Queued,Medium,Awaiting Assignment,Org line C,E_10,us,G84 2nd,PROD494,Sweden
838,Accepted-In Progress,Value 223,19.05831122408783,Accepted,Medium,In Progress,Org line C,E_10,us,G84 2nd,PROD494,POLAND
838,Queued-Awaiting Assignment,Value 408,19.058315610987894,Queued,Medium,Awaiting Assignment,Org line C,V3_2,us,N34,PROD494,USA
838,Accepted-In Progress,Value 408,19.068386364753817,Accepted,Medium,In Progress,Org line C,V3_2,us,N34,PROD494,USA
838,Completed-Closed,Value 408,19.068386621143798,Completed,Medium,Closed,Org line C,V3_2,us,N34,PROD494,USA
839,Accepted-In Progress,Value 150,19.056576738133828,Accepted,Medium,In Progress,Org line C,E_4,us,G88 2nd,PROD793,USA
839,Accepted-Wait,Value 150,19.05657971899415,Accepted,Medium,Wait,Org line C,E_4,us,G88 2nd,PROD793,USA
839,Queued-Awaiting Assignment,Value 150,19.06317264760095,Queued,Medium,Awaiting Assignment,Org line C,E_4,us,G88 2nd,PROD793,USA
839,Accepted-Assigned,Value 276,19.080922852048335,Accepted,Medium,Assigned,Org line C,E_4,us,G88 2nd,PROD793,INDIA
839,Accepted-Wait,Value 276,19.0832164992575,Accepted,Medium,Wait,Org line C,E_4,us,G88 2nd,PROD793,INDIA
839,Completed-Closed,Value 276,19.09339720140525,Completed,Medium,Closed,Org line C,E_4,us,G88 2nd,PROD793,INDIA
840,Accepted-In Progress,Value 76,19.056949694946493,Accepted,High,In Progress,Org line G4,,se,S33 2nd,PROD374,Sweden
840,Completed-Closed,Value 76,19.067532017096628,Completed,High,Closed,Org line G4,,se,S33 2nd,PROD374,Sweden
841,Accepted-In Progress,Value 209,19.05779283715192,Accepted,Major,In Progress,Org line G1,E_6,se,G358 2nd,PROD292,Sweden
841,Completed-Closed,Value 209,19.076819918316396,Completed,Major,Closed,Org line G1,E_6,se,G358 2nd,PROD292,Sweden
842,Accepted-In Progress,Value 409,19.05780379418834,Accepted,Medium,In Progress,Org line A2,A2_1,pl,W15 2nd,PROD509,POLAND
842,Accepted-Assigned,Value 409,19.057804640286548,Accepted,Medium,Assigned,Org line A2,A2_1,pl,W15 2nd,PROD509,POLAND
842,Accepted-In Progress,Value 409,19.075474131475172,Accepted,Medium,In Progress,Org line A2,A2_1,pl,W15 2nd,PROD509,POLAND
842,Accepted-Wait,Value 409,19.093315745844084,Accepted,Medium,Wait,Org line A2,A2_1,pl,W15 2nd,PROD509,POLAND
842,Completed-Closed,Value 409,19.094230605338975,Completed,Medium,Closed,Org line A2,A2_1,pl,W15 2nd,PROD509,POLAND
843,Accepted-Assigned,Value 259,19.057843073542703,Accepted,Medium,Assigned,Org line A2,A2_3,pl,N26 2nd,PROD791,POLAND
843,Accepted-Assigned,Value 160,19.05821969204952,Accepted,Medium,Assigned,Org line A2,A2_3,pl,N26 2nd,PROD791,POLAND
843,Accepted-In Progress,Value 160,19.059662947630777,Accepted,Medium,In Progress,Org line A2,A2_3,pl,N26 2nd,PROD791,POLAND
843,Completed-Closed,Value 160,19.061570644587334,Completed,Medium,Closed,Org line A2,A2_3,pl,N26 2nd,PROD791,POLAND
844,Accepted-In Progress,Value 41,19.057815464992295,Accepted,Medium,In Progress,Org line A2,A2_3,se,G349 3rd,PROD40,Sweden
844,Completed-Closed,Value 41,19.094193999285135,Completed,Medium,Closed,Org line A2,A2_3,se,G349 3rd,PROD40,Sweden
845,Accepted-In Progress,Value 355,19.057838171639684,Accepted,High,In Progress,Org line C,E_10,in,G263 2nd,PROD494,Sweden
845,Accepted-In Progress,Value 355,19.05783888022262,Accepted,High,In Progress,Org line C,E_10,in,G263 2nd,PROD494,Sweden
845,Accepted-In Progress,Value 355,19.057865219057497,Accepted,High,In Progress,Org line C,E_10,in,G263 2nd,PROD494,Sweden
845,Queued-Awaiting Assignment,Value 86,19.057865568051657,Queued,High,Awaiting Assignment,Org line C,E_10,in,G236 2nd,PROD494,Sweden
845,Accepted-In Progress,Value 355,19.057865694958593,Accepted,High,In Progress,Org line C,E_10,in,G263 2nd,PROD494,Sweden
845,Queued-Awaiting Assignment,Value 86,19.057865768987632,Queued,High,Awaiting Assignment,Org line C,E_10,in,G236 2nd,PROD494,Sweden
845,Accepted-In Progress,Value 355,19.057865959347993,Accepted,High,In Progress,Org line C,E_10,in,G236 2nd,PROD494,Sweden
845,Completed-Closed,Value 355,19.05788917246479,Completed,High,Closed,Org line C,E_10,in,G236 2nd,PROD494,Sweden
845,Accepted-In Progress,Value 355,19.064737633309267,Accepted,High,In Progress,Org line C,E_10,in,G263 2nd,PROD494,Sweden
845,Queued-Awaiting Assignment,Value 86,19.064739450352878,Queued,High,Awaiting Assignment,Org line C,E_10,in,G236 2nd,PROD494,Sweden
845,Accepted-In Progress,Value 355,19.064739455604442,Accepted,High,In Progress,Org line C,E_10,in,G263 2nd,PROD494,Sweden
845,Accepted-In Progress,Value 355,19.064739828465584,Accepted,High,In Progress,Org line C,E_10,in,G236 2nd,PROD494,Sweden
845,Completed-Closed,Value 355,19.064745059010022,Completed,High,Closed,Org line C,E_10,in,G236 2nd,PROD494,Sweden
845,Accepted-In Progress,Value 355,19.0718963041683,Accepted,High,In Progress,Org line C,E_10,in,G263 2nd,PROD494,Sweden
845,Accepted-Assigned,Value 86,19.071896528375255,Accepted,High,Assigned,Org line C,E_10,in,G236 2nd,PROD494,Sweden
845,Accepted-In Progress,Value 355,19.071896559659944,Accepted,High,In Progress,Org line C,E_10,in,G236 2nd,PROD494,Sweden
845,Completed-Closed,Value 355,19.07190064230327,Completed,High,Closed,Org line C,E_10,in,G236 2nd,PROD494,Sweden
845,Accepted-In Progress,Value 355,19.071926029400917,Accepted,High,In Progress,Org line C,E_10,in,G236 2nd,PROD494,Sweden
845,Completed-Closed,Value 355,19.071926655076023,Completed,High,Closed,Org line C,E_10,in,G236 2nd,PROD494,Sweden
846,Accepted-In Progress,Value 31,19.057864600385734,Accepted,High,In Progress,Org line G4,,se,S33 2nd,PROD448,Sweden
846,Completed-Closed,Value 31,19.099507149968073,Completed,High,Closed,Org line G4,,se,S33 2nd,PROD448,Sweden
847,Accepted-In Progress,Value 43,19.05786866140365,Accepted,Medium,In Progress,Org line G3,,us,G199 3rd,PROD98,POLAND
847,Completed-Closed,Value 43,19.057868899353405,Completed,Medium,Closed,Org line G3,,us,G199 3rd,PROD98,POLAND
848,Accepted-In Progress,Value 29,19.0578858042168,Accepted,Medium,In Progress,Org line A2,A2_1,gb,G42 3rd,PROD236,United Kingdom
848,Accepted-Assigned,Value 29,19.057886793012912,Accepted,Medium,Assigned,Org line A2,A2_1,gb,G42 3rd,PROD236,United Kingdom
848,Accepted-In Progress,Value 29,19.074240344871747,Accepted,Medium,In Progress,Org line A2,A2_1,gb,G42 3rd,PROD236,United Kingdom
848,Accepted-In Progress,Value 28,19.075105578353565,Accepted,Medium,In Progress,Org line A2,A2_1,gb,G42 3rd,PROD236,United Kingdom
848,Completed-Closed,Value 28,19.07510586421103,Completed,Medium,Closed,Org line A2,A2_1,gb,G42 3rd,PROD236,United Kingdom
848,Accepted-In Progress,Value 84,19.095588452052777,Accepted,Medium,In Progress,Org line A2,A2_1,gb,G42 3rd,PROD236,POLAND
848,Completed-Closed,Value 84,19.095588553893457,Completed,Medium,Closed,Org line A2,A2_1,gb,G42 3rd,PROD236,POLAND
849,Accepted-In Progress,Value 39,19.057899996255546,Accepted,Low,In Progress,Org line C,E_7,in,G157 2nd,PROD674,Sweden
849,Completed-Closed,Value 39,19.057901503222496,Completed,Low,Closed,Org line C,E_7,in,G157 2nd,PROD674,Sweden
850,Accepted-In Progress,Value 255,19.057922040047487,Accepted,Medium,In Progress,Org line A2,A2_2,in,J7 2nd,PROD471,POLAND
850,Accepted-In Progress,Value 255,19.057922478909123,Accepted,Medium,In Progress,Org line A2,A2_2,in,J7 2nd,PROD471,POLAND
850,Queued-Awaiting Assignment,Value 255,19.057924556889922,Queued,Medium,Awaiting Assignment,Org line A2,A2_2,in,J7 2nd,PROD471,POLAND
850,Accepted-In Progress,Value 355,19.057927089588414,Accepted,Medium,In Progress,Org line C,E_10,in,G236 2nd,PROD471,Sweden
850,Completed-Closed,Value 355,19.057927671209292,Completed,Medium,Closed,Org line C,E_10,in,G236 2nd,PROD471,Sweden
851,Accepted-In Progress,Value 126,19.057958554792005,Accepted,Major,In Progress,Org line A2,A2_3,se,U6 2nd,PROD831,Sweden
851,Queued-Awaiting Assignment,Value 126,19.057958782145782,Queued,Major,Awaiting Assignment,Org line A2,A2_3,se,U6 2nd,PROD831,Sweden
851,Accepted-In Progress,Value 126,19.058332217608747,Accepted,Major,In Progress,Org line A2,A2_3,se,U6 2nd,PROD831,Sweden
851,Completed-Closed,Value 126,19.058334130893623,Completed,Major,Closed,Org line A2,A2_3,se,U6 2nd,PROD831,Sweden
852,Queued-Awaiting Assignment,Value 150,19.057970948141,Queued,High,Awaiting Assignment,Org line C,C_6,se,G248 3rd,PROD585,USA
852,Accepted-In Progress,Value 24,19.061153445148832,Accepted,High,In Progress,Org line C,C_6,se,G273 3rd,PROD585,Belgium
852,Completed-Closed,Value 24,19.072452526892803,Completed,High,Closed,Org line C,C_6,se,G273 3rd,PROD585,Belgium
853,Accepted-In Progress,Value 410,19.05800659931198,Accepted,High,In Progress,Org line C,C_5,fr,V43 3rd,PROD609,France
853,Completed-Closed,Value 410,19.087149355214713,Completed,High,Closed,Org line C,C_5,fr,V43 3rd,PROD609,France
854,Accepted-In Progress,Value 150,19.058204695790085,Accepted,High,In Progress,Org line C,C_6,in,G248 3rd,PROD585,USA
854,Queued-Awaiting Assignment,Value 150,19.05820627101578,Queued,High,Awaiting Assignment,Org line C,C_6,in,G248 3rd,PROD585,USA
854,Accepted-In Progress,Value 411,19.058283797598058,Accepted,High,In Progress,Org line C,E_5,in,G77,PROD585,INDIA
854,Completed-Closed,Value 411,19.058285647548757,Completed,High,Closed,Org line C,E_5,in,G77,PROD585,INDIA
855,Accepted-In Progress,Value 321,19.058280176970356,Accepted,Medium,In Progress,Org line C,E_4,us,G88 2nd,PROD815,INDIA
855,Accepted-Wait,Value 321,19.058282370490893,Accepted,Medium,Wait,Org line C,E_4,us,G88 2nd,PROD815,INDIA
855,Completed-Closed,Value 321,19.06185571550385,Completed,Medium,Closed,Org line C,E_4,us,G88 2nd,PROD815,INDIA
856,Accepted-In Progress,Value 2,19.05826830016235,Accepted,Low,In Progress,Org line V2,,se,T3 2nd,PROD61,Sweden
856,Completed-Closed,Value 2,19.08090955659442,Completed,Low,Closed,Org line V2,,se,T3 2nd,PROD61,Sweden
857,Accepted-In Progress,Value 206,19.05829130837664,Accepted,Medium,In Progress,Org line G4,,se,S33 2nd,PROD527,Sweden
857,Completed-Closed,Value 206,19.08933689260319,Completed,Medium,Closed,Org line G4,,se,S33 2nd,PROD527,Sweden
857,Accepted-In Progress,Value 206,19.09246346609262,Accepted,Medium,In Progress,Org line G4,,se,S33 2nd,PROD527,Sweden
857,Completed-Closed,Value 206,19.116014202863177,Completed,Medium,Closed,Org line G4,,se,S33 2nd,PROD527,Sweden
858,Accepted-In Progress,Value 285,19.058311446076008,Accepted,Low,In Progress,Org line C,E_10,se,G138 2nd,PROD802,Sweden
858,Queued-Awaiting Assignment,Value 285,19.058313105700336,Queued,Low,Awaiting Assignment,Org line C,E_10,se,G138 2nd,PROD802,Sweden
858,Accepted-In Progress,Value 123,19.058325669072858,Accepted,Low,In Progress,Org line C,E_10,se,G138 2nd,PROD802,Sweden
858,Accepted-Wait,Value 123,19.058326678575536,Accepted,Low,Wait,Org line C,E_10,se,G138 2nd,PROD802,Sweden
858,Completed-Closed,Value 123,19.058392082663566,Completed,Low,Closed,Org line C,E_10,se,G138 2nd,PROD802,Sweden
859,Accepted-In Progress,Value 164,19.058297487152196,Accepted,Low,In Progress,Org line G4,,se,S33 2nd,PROD397,Sweden
859,Completed-Closed,Value 164,19.05970628148342,Completed,Low,Closed,Org line G4,,se,S33 2nd,PROD397,Sweden
860,Accepted-In Progress,Value 161,19.0582979364201,Accepted,Low,In Progress,Org line A2,A2_4,us,L23 3rd,PROD546,Sweden
860,Completed-Closed,Value 161,19.06284852822202,Completed,Low,Closed,Org line A2,A2_4,us,L23 3rd,PROD546,Sweden
861,Accepted-In Progress,Value 289,19.058366867582052,Accepted,Medium,In Progress,Org line G4,,se,S33 2nd,PROD448,Sweden
861,Accepted-Assigned,Value 289,19.06613322635083,Accepted,Medium,Assigned,Org line G4,,se,S33 2nd,PROD448,Sweden
861,Accepted-In Progress,Value 289,19.08632704304849,Accepted,Medium,In Progress,Org line G4,,se,S33 2nd,PROD448,Sweden
861,Completed-Closed,Value 289,19.086327109860854,Completed,Medium,Closed,Org line G4,,se,S33 2nd,PROD448,Sweden
862,Accepted-In Progress,Value 43,19.058390338610067,Accepted,Medium,In Progress,Org line G3,,us,G199 3rd,PROD97,POLAND
862,Completed-Closed,Value 43,19.05839319779921,Completed,Medium,Closed,Org line G3,,us,G199 3rd,PROD97,POLAND
863,Accepted-In Progress,Value 24,19.05841415788996,Accepted,Low,In Progress,Org line C,C_6,se,G268 3rd,PROD805,Sweden
863,Completed-Closed,Value 24,19.080945939109146,Completed,Low,Closed,Org line C,C_6,se,G268 3rd,PROD805,Sweden
864,Accepted-In Progress,Value 412,19.058420129797074,Accepted,Medium,In Progress,Org line C,E_7,in,G165 2nd,PROD671,INDIA
864,Completed-Closed,Value 412,19.07598973443343,Completed,Medium,Closed,Org line C,E_7,in,G165 2nd,PROD671,INDIA
865,Accepted-In Progress,Value 77,19.05847809243724,Accepted,Major,In Progress,Org line C,E_7,se,G160 2nd,PROD327,Sweden
865,Completed-Closed,Value 77,19.059767668773333,Completed,Major,Closed,Org line C,E_7,se,G160 2nd,PROD327,Sweden
865,Accepted-In Progress,Value 77,19.059789476161423,Accepted,Major,In Progress,Org line C,E_7,se,G160 2nd,PROD327,Sweden
865,Accepted-Wait,Value 77,19.05979003031199,Accepted,Major,Wait,Org line C,E_7,se,G160 2nd,PROD327,Sweden
865,Queued-Awaiting Assignment,Value 77,19.061137586292258,Queued,Major,Awaiting Assignment,Org line C,E_7,se,G160 2nd,PROD327,Sweden
865,Accepted-In Progress,Value 413,19.061574669509973,Accepted,Major,In Progress,Org line C,E_7,se,G160 2nd,PROD327,Sweden
865,Accepted-Assigned,Value 77,19.061940158724806,Accepted,Major,Assigned,Org line C,E_7,se,G160 2nd,PROD327,Sweden
865,Accepted-In Progress,Value 77,19.10163576122961,Accepted,Major,In Progress,Org line C,E_7,se,G160 2nd,PROD327,Sweden
865,Completed-Closed,Value 77,19.101635766290944,Completed,Major,Closed,Org line C,E_7,se,G160 2nd,PROD327,Sweden
866,Accepted-In Progress,Value 414,19.058519533031085,Accepted,Medium,In Progress,Org line A2,D_1,in,L50 3rd,PROD611,Sweden
866,Completed-Closed,Value 414,19.06194925356217,Completed,Medium,Closed,Org line A2,D_1,in,L50 3rd,PROD611,Sweden
867,Accepted-In Progress,Value 348,19.05873015490947,Accepted,Medium,In Progress,Org line C,C_6,se,G269 3rd,PROD621,Sweden
867,Completed-Closed,Value 348,19.07455722610979,Completed,Medium,Closed,Org line C,C_6,se,G269 3rd,PROD621,Sweden
868,Accepted-In Progress,Value 108,19.05887237435029,Accepted,Medium,In Progress,Org line A2,A2_3,se,G362 3rd,PROD241,Sweden
868,Completed-Closed,Value 108,19.093310142053628,Completed,Medium,Closed,Org line A2,A2_3,se,G362 3rd,PROD241,Sweden
869,Accepted-In Progress,Value 415,19.058849553827006,Accepted,Low,In Progress,Org line C,E_4,in,G87 2nd,PROD565,INDIA
869,Accepted-Assigned,Value 415,19.058849950021088,Accepted,Low,Assigned,Org line C,E_4,in,G87 2nd,PROD565,INDIA
869,Accepted-In Progress,Value 415,19.058852316617138,Accepted,Low,In Progress,Org line C,E_4,in,G87 2nd,PROD565,INDIA
869,Completed-Closed,Value 415,19.07191150841451,Completed,Low,Closed,Org line C,E_4,in,G87 2nd,PROD565,INDIA
870,Accepted-In Progress,Value 168,19.058885538174557,Accepted,Medium,In Progress,Org line V11,,gb,V50 2nd,PROD158,United Kingdom
870,Accepted-In Progress,Value 168,19.105189127322745,Accepted,Medium,In Progress,Org line V11,,gb,V50 2nd,PROD158,United Kingdom
870,Completed-Closed,Value 168,19.105189904003133,Completed,Medium,Closed,Org line V11,,gb,V50 2nd,PROD158,United Kingdom
871,Accepted-In Progress,Value 358,19.058884323222113,Accepted,High,In Progress,Org line C,C_1,us,G14 3rd,PROD332,USA
871,Completed-Closed,Value 358,19.07467514025181,Completed,High,Closed,Org line C,C_1,us,G14 3rd,PROD332,USA
872,Accepted-In Progress,Value 196,19.059180236748396,Accepted,Low,In Progress,Org line V2,,se,T13 2nd,PROD399,Sweden
872,Completed-Closed,Value 196,19.09979684265904,Completed,Low,Closed,Org line V2,,se,T13 2nd,PROD399,Sweden
873,Accepted-In Progress,Value 77,19.05918717047022,Accepted,High,In Progress,Org line C,E_7,se,G160 2nd,PROD673,Sweden
873,Completed-Closed,Value 77,19.070510924218794,Completed,High,Closed,Org line C,E_7,se,G160 2nd,PROD673,Sweden
874,Accepted-In Progress,Value 77,19.059218062705952,Accepted,Medium,In Progress,Org line C,C_1,be,G56 3rd,PROD816,Belgium
874,Queued-Awaiting Assignment,Value 77,19.059221801393846,Queued,Medium,Awaiting Assignment,Org line C,C_1,be,G56 3rd,PROD816,Belgium
874,Accepted-In Progress,Value 416,19.05923888406253,Accepted,Medium,In Progress,Org line C,E_1,be,G55 2nd,PROD816,INDIA
874,Queued-Awaiting Assignment,Value 77,19.05923988736321,Queued,Medium,Awaiting Assignment,Org line C,C_1,be,G56 3rd,PROD816,Belgium
874,Accepted-In Progress,Value 209,19.06158613834335,Accepted,Medium,In Progress,Org line C,C_1,be,G56 3rd,PROD816,Sweden
874,Accepted-In Progress,Value 416,19.061917745153504,Accepted,Medium,In Progress,Org line C,E_1,be,G55 2nd,PROD816,INDIA
874,Completed-Closed,Value 416,19.06192326959778,Completed,Medium,Closed,Org line C,E_1,be,G55 2nd,PROD816,INDIA
875,Accepted-In Progress,Value 417,19.059225946674115,Accepted,Medium,In Progress,Org line C,E_7,se,G153 2nd,PROD673,France
875,Accepted-Wait,Value 417,19.071026028571804,Accepted,Medium,Wait,Org line C,E_7,se,G153 2nd,PROD673,France
875,Accepted-In Progress,Value 417,19.074694248771163,Accepted,Medium,In Progress,Org line C,E_7,se,G153 2nd,PROD673,France
875,Completed-Closed,Value 417,19.074704897387594,Completed,Medium,Closed,Org line C,E_7,se,G153 2nd,PROD673,France
876,Accepted-In Progress,Value 149,19.05924770251299,Accepted,Medium,In Progress,Org line C,E_6,fr,V29 2nd,PROD673,France
876,Completed-Closed,Value 149,19.059248093268877,Completed,Medium,Closed,Org line C,E_6,fr,V29 2nd,PROD673,France
877,Accepted-In Progress,Value 42,19.059264594644958,Accepted,High,In Progress,Org line C,E_10,se,S52 2nd,PROD626,Sweden
877,Queued-Awaiting Assignment,Value 42,19.059264900907923,Queued,High,Awaiting Assignment,Org line C,E_10,se,S52 2nd,PROD626,Sweden
877,Accepted-In Progress,Value 42,19.06107349476515,Accepted,High,In Progress,Org line C,C_6,se,M7 2nd,PROD626,Sweden
877,Completed-Closed,Value 42,19.061073921704207,Completed,High,Closed,Org line C,C_6,se,M7 2nd,PROD626,Sweden
877,Accepted-In Progress,Value 418,19.07782154544771,Accepted,High,In Progress,Org line C,V3_2,se,S37,PROD626,Sweden
877,Queued-Awaiting Assignment,Value 42,19.077821737230245,Queued,High,Awaiting Assignment,Org line C,E_10,se,S52 2nd,PROD626,Sweden
877,Accepted-In Progress,Value 43,19.077839267035426,Accepted,High,In Progress,Org line C,V3_2,se,S25,PROD626,Sweden
877,Completed-Closed,Value 43,19.077839951220287,Completed,High,Closed,Org line C,V3_2,se,S25,PROD626,Sweden
878,Accepted-In Progress,Value 150,19.05932051248341,Accepted,Major,In Progress,Org line C,E_4,se,G88 2nd,PROD348,USA
878,Queued-Awaiting Assignment,Value 150,19.059320639205836,Queued,Major,Awaiting Assignment,Org line C,E_4,se,G88 2nd,PROD348,USA
878,Accepted-In Progress,Value 419,19.059326727143585,Accepted,Major,In Progress,Org line C,E_1,se,M28 2nd,PROD348,Sweden
878,Completed-Closed,Value 419,19.059330006060875,Completed,Major,Closed,Org line C,E_1,se,M28 2nd,PROD348,Sweden
878,Accepted-In Progress,Value 419,19.059667117474135,Accepted,Major,In Progress,Org line C,E_1,se,M28 2nd,PROD348,Sweden
878,Completed-Closed,Value 419,19.05967225849758,Completed,Major,Closed,Org line C,E_1,se,M28 2nd,PROD348,Sweden
879,Accepted-In Progress,Value 43,19.05935173851625,Accepted,Medium,In Progress,Org line G3,,us,G199 3rd,PROD97,POLAND
879,Completed-Closed,Value 43,19.059352372108446,Completed,Medium,Closed,Org line G3,,us,G199 3rd,PROD97,POLAND
880,Accepted-In Progress,Value 285,19.05943645151146,Accepted,Medium,In Progress,Org line C,E_10,se,G138 2nd,PROD802,Sweden
880,Accepted-In Progress,Value 285,19.05943660461664,Accepted,Medium,In Progress,Org line C,E_10,se,G138 2nd,PROD802,Sweden
880,Queued-Awaiting Assignment,Value 285,19.059437111447412,Queued,Medium,Awaiting Assignment,Org line C,E_10,se,G138 2nd,PROD802,Sweden
880,Accepted-In Progress,Value 114,19.059600170912965,Accepted,Medium,In Progress,Org line C,C_6,se,G290 3rd,PROD802,Sweden
880,Completed-Cancelled,Value 42,19.05960167531999,Completed,Medium,Cancelled,Org line C,E_5,se,S40,PROD802,Sweden
880,Accepted-In Progress,Value 420,19.059893582468757,Accepted,Medium,In Progress,Org line C,E_5,se,G80,PROD802,Sweden
880,Queued-Awaiting Assignment,Value 285,19.05989408906797,Queued,Medium,Awaiting Assignment,Org line C,E_10,se,G138 2nd,PROD802,Sweden
880,Accepted-In Progress,Value 114,19.06106462914992,Accepted,Medium,In Progress,Org line C,C_6,se,G290 3rd,PROD802,Sweden
880,Accepted-Wait,Value 114,19.061065314366743,Accepted,Medium,Wait,Org line C,C_6,se,G290 3rd,PROD802,Sweden
880,Completed-Closed,Value 114,19.067380726702325,Completed,Medium,Closed,Org line C,C_6,se,G290 3rd,PROD802,Sweden
881,Accepted-In Progress,Value 211,19.059621454102878,Accepted,Medium,In Progress,Org line G4,,se,S33 2nd,PROD374,Sweden
881,Completed-Closed,Value 211,19.06564210219155,Completed,Medium,Closed,Org line G4,,se,S33 2nd,PROD374,Sweden
882,Accepted-In Progress,Value 421,19.05962744519691,Accepted,Low,In Progress,Org line C,C_6,se,G268 3rd,PROD802,Sweden
882,Accepted-In Progress,Value 421,19.059627804133562,Accepted,Low,In Progress,Org line C,C_6,se,G268 3rd,PROD802,Sweden
882,Completed-Closed,Value 421,19.074611775348615,Completed,Low,Closed,Org line C,C_6,se,G268 3rd,PROD802,Sweden
883,Accepted-In Progress,Value 88,19.059642203721243,Accepted,Medium,In Progress,Org line G4,,se,S30 2nd,PROD412,Sweden
883,Accepted-Assigned,Value 88,19.059644367864227,Accepted,Medium,Assigned,Org line G4,,se,S30 2nd,PROD412,Sweden
883,Accepted-In Progress,Value 88,19.064011570490134,Accepted,Medium,In Progress,Org line G4,,se,S30 2nd,PROD412,Sweden
883,Completed-Closed,Value 88,19.064011938367383,Completed,Medium,Closed,Org line G4,,se,S30 2nd,PROD412,Sweden
884,Accepted-In Progress,Value 88,19.059652871317272,Accepted,Medium,In Progress,Org line G4,,se,S30 2nd,PROD412,Sweden
884,Accepted-Assigned,Value 88,19.0596540431096,Accepted,Medium,Assigned,Org line G4,,se,S30 2nd,PROD412,Sweden
884,Accepted-In Progress,Value 88,19.115078602088957,Accepted,Medium,In Progress,Org line G4,,se,S30 2nd,PROD412,Sweden
884,Completed-Closed,Value 88,19.11507861207646,Completed,Medium,Closed,Org line G4,,se,S30 2nd,PROD412,Sweden
885,Accepted-In Progress,Value 385,19.059652623234935,Accepted,Medium,In Progress,Org line A2,A2_5,se,A10,PROD461,Sweden
885,Completed-Closed,Value 385,19.061457645121397,Completed,Medium,Closed,Org line A2,A2_5,se,A10,PROD461,Sweden
886,Accepted-In Progress,Value 422,19.059672358784223,Accepted,Major,In Progress,Org line C,C_6,se,G241 3rd,PROD214,Sweden
886,Queued-Awaiting Assignment,Value 422,19.059687174705545,Queued,Major,Awaiting Assignment,Org line C,C_6,se,G241 3rd,PROD214,Sweden
886,Accepted-In Progress,Value 422,19.08176295425355,Accepted,Major,In Progress,Org line C,C_6,se,G241 3rd,PROD214,Sweden
886,Completed-Closed,Value 422,19.081767766086163,Completed,Major,Closed,Org line C,C_6,se,G241 3rd,PROD214,Sweden
887,Accepted-In Progress,Value 112,19.059663855496886,Accepted,Medium,In Progress,Org line C,V3_2,se,M25,PROD815,Sweden
887,Completed-Closed,Value 112,19.114662476177177,Completed,Medium,Closed,Org line C,V3_2,se,M25,PROD815,Sweden
888,Accepted-In Progress,Value 311,19.059696078931708,Accepted,Medium,In Progress,Org line C,E_10,se,G253 2nd,PROD683,Sweden
888,Queued-Awaiting Assignment,Value 311,19.059696305890792,Queued,Medium,Awaiting Assignment,Org line C,E_10,se,G253 2nd,PROD683,Sweden
888,Accepted-In Progress,Value 423,19.059701499545085,Accepted,Medium,In Progress,Org line C,E_10,se,G253 2nd,PROD683,Sweden
888,Queued-Awaiting Assignment,Value 39,19.059701694834406,Queued,Medium,Awaiting Assignment,Org line C,C_6,se,G254 3rd,PROD683,Sweden
888,Accepted-Assigned,Value 8,19.05977529508002,Accepted,Medium,Assigned,Org line C,C_6,se,G254 3rd,PROD683,Sweden
888,Accepted-In Progress,Value 8,19.061084141832946,Accepted,Medium,In Progress,Org line C,C_6,se,G254 3rd,PROD683,Sweden
888,Completed-Closed,Value 8,19.062401889736197,Completed,Medium,Closed,Org line C,C_6,se,G254 3rd,PROD683,Sweden
889,Accepted-In Progress,Value 29,19.05970446582741,Accepted,Medium,In Progress,Org line A2,A2_1,gb,G42 3rd,PROD236,United Kingdom
889,Accepted-Assigned,Value 29,19.059705769510984,Accepted,Medium,Assigned,Org line A2,A2_1,gb,G42 3rd,PROD236,United Kingdom
889,Accepted-In Progress,Value 172,19.068323379778942,Accepted,Medium,In Progress,Org line A2,A2_1,gb,G42 3rd,PROD236,POLAND
889,Accepted-Assigned,Value 29,19.068339941386714,Accepted,Medium,Assigned,Org line A2,A2_1,gb,G42 3rd,PROD236,United Kingdom
889,Accepted-In Progress,Value 172,19.068781744628687,Accepted,Medium,In Progress,Org line A2,A2_1,gb,G42 3rd,PROD236,POLAND
889,Completed-Closed,Value 172,19.068782204902096,Completed,Medium,Closed,Org line A2,A2_1,gb,G42 3rd,PROD236,POLAND
890,Accepted-In Progress,Value 68,19.05972794770558,Accepted,Medium,In Progress,Org line A2,A2_4,se,G118 2nd,PROD591,Sweden
890,Completed-Closed,Value 68,19.061075850833976,Completed,Medium,Closed,Org line A2,A2_4,se,G118 2nd,PROD591,Sweden
891,Accepted-In Progress,Value 133,19.059723160592874,Accepted,High,In Progress,Org line G4,,se,S33 2nd,PROD374,Sweden
891,Accepted-Assigned,Value 133,19.05972358283086,Accepted,High,Assigned,Org line G4,,se,S33 2nd,PROD374,Sweden
891,Accepted-In Progress,Value 133,19.059762544073674,Accepted,High,In Progress,Org line G4,,se,S33 2nd,PROD374,Sweden
891,Completed-Closed,Value 133,19.06144868807149,Completed,High,Closed,Org line G4,,se,S33 2nd,PROD374,Sweden
892,Accepted-In Progress,Value 424,19.05981030145647,Accepted,Medium,In Progress,Org line A2,A2_2,br,S2 2nd,PROD53,Brazil
892,Completed-Closed,Value 424,19.069332163928124,Completed,Medium,Closed,Org line A2,A2_2,br,S2 2nd,PROD53,Brazil
893,Queued-Awaiting Assignment,Value 150,19.05984912738806,Queued,Medium,Awaiting Assignment,Org line C,E_4,us,G88 2nd,PROD436,USA
893,Accepted-In Progress,Value 425,19.06791399850132,Accepted,Medium,In Progress,Org line C,E_4,us,G88 2nd,PROD436,USA
893,Queued-Awaiting Assignment,Value 426,19.06791783569138,Queued,Medium,Awaiting Assignment,Org line B,E_10,us,G238 2nd,PROD436,INDIA
893,Accepted-In Progress,Value 150,19.067928467719515,Accepted,Medium,In Progress,Org line C,C_6,us,N55 3rd,PROD436,USA
893,Completed-Closed,Value 150,19.07568472942787,Completed,Medium,Closed,Org line C,C_6,us,N55 3rd,PROD436,USA
894,Accepted-In Progress,Value 132,19.061049907416653,Accepted,Medium,In Progress,Org line G4,,se,S33 2nd,PROD374,Sweden
894,Completed-Closed,Value 132,19.089787469595887,Completed,Medium,Closed,Org line G4,,se,S33 2nd,PROD374,Sweden
895,Accepted-In Progress,Value 41,19.061017922610468,Accepted,Medium,In Progress,Org line A2,A2_3,se,G349 3rd,PROD40,Sweden
895,Completed-Closed,Value 41,19.09419551882761,Completed,Medium,Closed,Org line A2,A2_3,se,G349 3rd,PROD40,Sweden
896,Accepted-In Progress,Value 2,19.0610892597643,Accepted,Medium,In Progress,Org line C,C_6,se,G250 3rd,PROD650,Sweden
896,Accepted-In Progress,Value 2,19.061090535289974,Accepted,Medium,In Progress,Org line C,C_6,se,G250 3rd,PROD650,Sweden
896,Queued-Awaiting Assignment,Value 427,19.067461640869574,Queued,Medium,Awaiting Assignment,Org line C,C_7,se,G112 3rd,PROD650,Sweden
896,Accepted-Assigned,Value 428,19.114638800663364,Accepted,Medium,Assigned,Org line C,C_7,se,G112 3rd,PROD650,Sweden
896,Accepted-In Progress,Value 428,19.121187213394702,Accepted,Medium,In Progress,Org line C,C_7,se,G112 3rd,PROD650,Sweden
896,Completed-Closed,Value 428,19.121188404595262,Completed,Medium,Closed,Org line C,C_7,se,G112 3rd,PROD650,Sweden
897,Accepted-In Progress,Value 43,19.06111879145595,Accepted,Medium,In Progress,Org line G3,,us,G199 3rd,PROD97,POLAND
897,Completed-Closed,Value 43,19.061119060257276,Completed,Medium,Closed,Org line G3,,us,G199 3rd,PROD97,POLAND
898,Accepted-In Progress,Value 429,19.06111560799945,Accepted,High,In Progress,Org line A2,A2_1,pl,N14 2nd,PROD776,POLAND
898,Accepted-Wait,Value 429,19.06113151991006,Accepted,High,Wait,Org line A2,A2_1,pl,N14 2nd,PROD776,POLAND
898,Accepted-In Progress,Value 429,19.06190319923528,Accepted,High,In Progress,Org line A2,A2_1,pl,N14 2nd,PROD776,POLAND
898,Completed-Closed,Value 429,19.06190345729288,Completed,High,Closed,Org line A2,A2_1,pl,N14 2nd,PROD776,POLAND
899,Accepted-In Progress,Value 6,19.061118722937955,Accepted,High,In Progress,Org line V7n,,nl,V37 2nd,PROD542,Netherlands
899,Accepted-In Progress,Value 6,19.061130782033086,Accepted,High,In Progress,Org line V7n,,nl,V37 2nd,PROD542,Netherlands
899,Accepted-In Progress,Value 6,19.061132278868666,Accepted,High,In Progress,Org line V7n,,nl,V37 2nd,PROD542,Netherlands
899,Accepted-In Progress,Value 5,19.11678357726416,Accepted,High,In Progress,Org line V7n,,nl,V37 2nd,PROD542,Netherlands
899,Completed-Closed,Value 5,19.116783881363972,Completed,High,Closed,Org line V7n,,nl,V37 2nd,PROD542,Netherlands
900,Accepted-In Progress,Value 299,19.06114021627623,Accepted,Medium,In Progress,Org line C,E_4,us,G88 2nd,PROD793,INDIA
900,Accepted-In Progress,Value 299,19.061143626285233,Accepted,Medium,In Progress,Org line C,E_4,us,G88 2nd,PROD793,INDIA
900,Completed-Closed,Value 299,19.117717465431316,Completed,Medium,Closed,Org line C,E_4,us,G88 2nd,PROD793,INDIA
901,Accepted-In Progress,Value 430,19.06150404662439,Accepted,High,In Progress,Org line C,,fr,U5 2nd,PROD348,France
901,Queued-Awaiting Assignment,Value 430,19.061506312113295,Queued,High,Awaiting Assignment,Org line C,,fr,U5 2nd,PROD348,France
901,Accepted-In Progress,Value 236,19.061596922193015,Accepted,High,In Progress,Org line C,,fr,U5 2nd,PROD348,France
901,Completed-Closed,Value 236,19.081874967919074,Completed,High,Closed,Org line C,,fr,U5 2nd,PROD348,France
902,Accepted-In Progress,Value 299,19.061536742927217,Accepted,Medium,In Progress,Org line C,E_4,us,G88 2nd,PROD794,INDIA
902,Completed-Closed,Value 299,19.06154447692694,Completed,Medium,Closed,Org line C,E_4,us,G88 2nd,PROD794,INDIA
903,Accepted-In Progress,Value 431,19.06155957596655,Accepted,High,In Progress,Org line C,E_8,in,G186 2nd,PROD597,INDIA
903,Completed-Closed,Value 431,19.06156087723389,Completed,High,Closed,Org line C,E_8,in,G186 2nd,PROD597,INDIA
903,Accepted-In Progress,Value 431,19.06886634769009,Accepted,High,In Progress,Org line C,E_8,in,G186 2nd,PROD597,INDIA
903,Completed-Closed,Value 431,19.068866551657667,Completed,High,Closed,Org line C,E_8,in,G186 2nd,PROD597,INDIA
904,Accepted-In Progress,Value 45,19.06153943508241,Accepted,Medium,In Progress,Org line V2,,se,T3 2nd,PROD58,Sweden
904,Completed-Closed,Value 45,19.12020020831758,Completed,Medium,Closed,Org line V2,,se,T3 2nd,PROD58,Sweden
905,Accepted-In Progress,Value 299,19.061540430809206,Accepted,Major,In Progress,Org line C,E_4,us,G88 2nd,PROD793,INDIA
905,Completed-Closed,Value 299,19.078168181572078,Completed,Major,Closed,Org line C,E_4,us,G88 2nd,PROD793,INDIA
906,Accepted-In Progress,Value 7,19.061593766598822,Accepted,Medium,In Progress,Org line C,E_10,se,G240 2nd,PROD214,Sweden
906,Accepted-In Progress,Value 7,19.08091499777901,Accepted,Medium,In Progress,Org line C,E_10,se,G240 2nd,PROD214,Sweden
906,Accepted-Wait,Value 7,19.08091650146298,Accepted,Medium,Wait,Org line C,E_10,se,G240 2nd,PROD214,Sweden
906,Completed-Closed,Value 7,19.099921871998365,Completed,Medium,Closed,Org line C,E_10,se,G240 2nd,PROD214,Sweden
907,Accepted-In Progress,Value 24,19.061586169952264,Accepted,Major,In Progress,Org line C,E_8,in,G186 2nd,PROD474,Sweden
907,Completed-Closed,Value 24,19.061587318408776,Completed,Major,Closed,Org line C,E_8,in,G186 2nd,PROD474,Sweden
907,Accepted-In Progress,Value 24,19.062819431670214,Accepted,Major,In Progress,Org line C,E_8,in,G186 2nd,PROD474,Sweden
907,Completed-Closed,Value 24,19.068866138492535,Completed,Major,Closed,Org line C,E_8,in,G186 2nd,PROD474,Sweden
907,Accepted-In Progress,Value 24,19.07055859395676,Accepted,Major,In Progress,Org line C,E_8,in,G186 2nd,PROD474,Sweden
907,Completed-Closed,Value 24,19.07056844611541,Completed,Major,Closed,Org line C,E_8,in,G186 2nd,PROD474,Sweden
908,Accepted-In Progress,Value 93,19.061574290198582,Accepted,High,In Progress,Org line G4,,se,S28 2nd,PROD108,Sweden
908,Accepted-In Progress,Value 93,19.06158592234908,Accepted,High,In Progress,Org line G4,,se,S28 2nd,PROD108,Sweden
908,Completed-Closed,Value 93,19.062357861870595,Completed,High,Closed,Org line G4,,se,S28 2nd,PROD108,Sweden
909,Accepted-In Progress,Value 43,19.061632175666784,Accepted,Medium,In Progress,Org line G3,,us,G199 3rd,PROD97,POLAND
909,Completed-Closed,Value 43,19.06163243379433,Completed,Medium,Closed,Org line G3,,us,G199 3rd,PROD97,POLAND
910,Accepted-In Progress,Value 187,19.061621481752713,Accepted,Major,In Progress,Org line C,E_8,in,G186 2nd,PROD474,INDIA
910,Queued-Awaiting Assignment,Value 187,19.062467775258444,Queued,Major,Awaiting Assignment,Org line C,E_8,in,G186 2nd,PROD474,INDIA
910,Accepted-In Progress,Value 432,19.08090405853927,Accepted,Major,In Progress,Org line C,E_8,in,G181 2nd,PROD474,INDIA
910,Accepted-Wait,Value 432,19.080936627874358,Accepted,Major,Wait,Org line C,E_8,in,G181 2nd,PROD474,INDIA
910,Accepted-Assigned,Value 432,19.08095289922636,Accepted,Major,Assigned,Org line C,E_8,in,G181 2nd,PROD474,INDIA
910,Queued-Awaiting Assignment,Value 187,19.08095305940666,Queued,Major,Awaiting Assignment,Org line C,E_8,in,G186 2nd,PROD474,INDIA
910,Accepted-Assigned,Value 232,19.093685837806305,Accepted,Major,Assigned,Org line C,E_8,in,G186 2nd,PROD474,Sweden
910,Accepted-In Progress,Value 232,19.093691842526294,Accepted,Major,In Progress,Org line C,E_8,in,G186 2nd,PROD474,Sweden
910,Completed-Closed,Value 232,19.0936918782382,Completed,Major,Closed,Org line C,E_8,in,G186 2nd,PROD474,Sweden
911,Accepted-In Progress,Value 43,19.06195994397167,Accepted,Medium,In Progress,Org line G3,,us,G199 3rd,PROD98,POLAND
911,Completed-Closed,Value 43,19.061960786560665,Completed,Medium,Closed,Org line G3,,us,G199 3rd,PROD98,POLAND
912,Accepted-In Progress,Value 43,19.061973620156515,Accepted,Medium,In Progress,Org line G3,,us,G199 3rd,PROD97,POLAND
912,Completed-Closed,Value 43,19.06197706418744,Completed,Medium,Closed,Org line G3,,us,G199 3rd,PROD97,POLAND
913,Accepted-In Progress,Value 433,19.062031098110634,Accepted,High,In Progress,Org line C,E_1,be,G55 2nd,PROD745,Sweden
913,Accepted-In Progress,Value 433,19.06203173000748,Accepted,High,In Progress,Org line C,E_1,be,G55 2nd,PROD745,Sweden
913,Accepted-Wait,Value 433,19.064214975448202,Accepted,High,Wait,Org line C,E_1,be,G55 2nd,PROD745,Sweden
913,Completed-Closed,Value 433,19.103421798100126,Completed,High,Closed,Org line C,E_1,be,G55 2nd,PROD745,Sweden
914,Accepted-In Progress,Value 88,19.062386466517495,Accepted,High,In Progress,Org line G4,,se,S30 2nd,PROD412,Sweden
914,Accepted-Assigned,Value 88,19.06239774707249,Accepted,High,Assigned,Org line G4,,se,S30 2nd,PROD412,Sweden
914,Accepted-In Progress,Value 60,19.062467812103012,Accepted,High,In Progress,Org line G4,,se,S30 2nd,PROD412,Sweden
914,Accepted-In Progress,Value 88,19.06246853846707,Accepted,High,In Progress,Org line G4,,se,S30 2nd,PROD412,Sweden
914,Completed-Closed,Value 88,19.06400991504083,Completed,High,Closed,Org line G4,,se,S30 2nd,PROD412,Sweden
915,Accepted-In Progress,Value 43,19.062442657474353,Accepted,Medium,In Progress,Org line G3,,us,G199 3rd,PROD96,POLAND
915,Completed-Closed,Value 43,19.062451326655122,Completed,Medium,Closed,Org line G3,,us,G199 3rd,PROD96,POLAND
916,Accepted-In Progress,Value 434,19.062400326369573,Accepted,Major,In Progress,Org line F,,be,G207 2nd,PROD821,Belgium
916,Completed-Closed,Value 434,19.06240209502658,Completed,Major,Closed,Org line F,,be,G207 2nd,PROD821,Belgium
916,Accepted-In Progress,Value 434,19.06929116378378,Accepted,Major,In Progress,Org line F,,be,G207 2nd,PROD821,Belgium
916,Queued-Awaiting Assignment,Value 77,19.069292151821816,Queued,Major,Awaiting Assignment,Org line C,C_1,be,G56 3rd,PROD821,Belgium
916,Accepted-In Progress,Value 57,19.069303574307057,Accepted,Major,In Progress,Org line C,C_1,be,G56 3rd,PROD821,Sweden
916,Completed-Closed,Value 57,19.071540153140845,Completed,Major,Closed,Org line C,C_1,be,G56 3rd,PROD821,Sweden
917,Accepted-In Progress,Value 435,19.06245943256065,Accepted,Low,In Progress,Org line C,E_7,in,G165 2nd,PROD674,INDIA
917,Completed-Closed,Value 435,19.06417813672234,Completed,Low,Closed,Org line C,E_7,in,G165 2nd,PROD674,INDIA
918,Accepted-Wait,Value 143,19.06252775115373,Accepted,Medium,Wait,Org line A2,A2_1,gb,G42 3rd,PROD236,United Kingdom
918,Accepted-In Progress,Value 143,19.109564860554023,Accepted,Medium,In Progress,Org line A2,A2_1,gb,G42 3rd,PROD236,United Kingdom
918,Completed-Closed,Value 143,19.10956559869379,Completed,Medium,Closed,Org line A2,A2_1,gb,G42 3rd,PROD236,United Kingdom
919,Accepted-In Progress,Value 436,19.062781620672716,Accepted,Major,In Progress,Org line C,E_5,fr,V56 2nd,PROD378,France
919,Completed-Closed,Value 436,19.062782252095488,Completed,Major,Closed,Org line C,E_5,fr,V56 2nd,PROD378,France
920,Accepted-In Progress,Value 123,19.06278930821786,Accepted,Medium,In Progress,Org line C,C_6,se,G269 3rd,PROD807,Sweden
920,Queued-Awaiting Assignment,Value 123,19.062789429239658,Queued,Medium,Awaiting Assignment,Org line C,C_6,se,G269 3rd,PROD807,Sweden
920,Accepted-In Progress,Value 348,19.06419652735561,Accepted,Medium,In Progress,Org line C,C_6,se,G269 3rd,PROD807,Sweden
920,Completed-Closed,Value 348,19.073750590163836,Completed,Medium,Closed,Org line C,C_6,se,G269 3rd,PROD807,Sweden
921,Accepted-In Progress,Value 63,19.062959813405747,Accepted,High,In Progress,Org line C,E_9,se,N12 2nd,PROD277,Sweden
921,Completed-Closed,Value 63,19.065214257766293,Completed,High,Closed,Org line C,E_9,se,N12 2nd,PROD277,Sweden
922,Accepted-In Progress,Value 76,19.062989826507167,Accepted,Medium,In Progress,Org line G4,,se,S33 2nd,PROD304,Sweden
922,Completed-Closed,Value 76,19.067530954001004,Completed,Medium,Closed,Org line G4,,se,S33 2nd,PROD304,Sweden
923,Accepted-In Progress,Value 437,19.063008070665678,Accepted,Major,In Progress,Org line C,C_5,0,L65 3rd,PROD474,France
923,Completed-Closed,Value 437,19.07776064485713,Completed,Major,Closed,Org line C,C_5,0,L65 3rd,PROD474,France
924,Accepted-In Progress,Value 43,19.063894247531245,Accepted,Medium,In Progress,Org line G3,,us,G199 3rd,PROD97,POLAND
924,Completed-Closed,Value 43,19.063902578267445,Completed,Medium,Closed,Org line G3,,us,G199 3rd,PROD97,POLAND
925,Accepted-In Progress,Value 43,19.06390705108203,Accepted,Medium,In Progress,Org line G3,,us,G199 3rd,PROD97,POLAND
925,Completed-Closed,Value 43,19.063909111408222,Completed,Medium,Closed,Org line G3,,us,G199 3rd,PROD97,POLAND
926,Accepted-In Progress,Value 8,19.064195077135096,Accepted,Medium,In Progress,Org line G4,,se,S33 2nd,PROD374,Sweden
926,Completed-Closed,Value 8,19.093278325402135,Completed,Medium,Closed,Org line G4,,se,S33 2nd,PROD374,Sweden
927,Accepted-In Progress,Value 232,19.064207803273774,Accepted,Medium,In Progress,Org line C,E_3,se,G71 2nd,PROD386,Sweden
927,Completed-Closed,Value 232,19.09897695271014,Completed,Medium,Closed,Org line C,E_3,se,G71 2nd,PROD386,Sweden
928,Accepted-In Progress,Value 43,19.064309286069914,Accepted,Medium,In Progress,Org line G3,,us,G199 3rd,PROD97,POLAND
928,Completed-Closed,Value 43,19.064312443614284,Completed,Medium,Closed,Org line G3,,us,G199 3rd,PROD97,POLAND
929,Accepted-In Progress,Value 331,19.06422214757119,Accepted,High,In Progress,Org line C,E_7,in,G165 2nd,PROD22,France
929,Completed-Closed,Value 331,19.065699621514444,Completed,High,Closed,Org line C,E_7,in,G165 2nd,PROD22,France
930,Accepted-In Progress,Value 434,19.0642270970942,Accepted,Medium,In Progress,Org line F,,se,G207 2nd,PROD766,Belgium
930,Completed-Closed,Value 434,19.075040593035624,Completed,Medium,Closed,Org line F,,se,G207 2nd,PROD766,Belgium
930,Accepted-In Progress,Value 434,19.075040748968018,Accepted,Medium,In Progress,Org line F,,se,G207 2nd,PROD766,Belgium
930,Completed-Closed,Value 434,19.09379884497776,Completed,Medium,Closed,Org line F,,se,G207 2nd,PROD766,Belgium
931,Accepted-In Progress,Value 438,19.064253436341208,Accepted,Low,In Progress,Org line C,V3_3,gb,W1,PROD473,United Kingdom
931,Accepted-In Progress,Value 438,19.06425372006361,Accepted,Low,In Progress,Org line C,V3_3,gb,W1,PROD473,United Kingdom
931,Accepted-Wait,Value 438,19.064254418861037,Accepted,Low,Wait,Org line C,V3_3,gb,W1,PROD473,United Kingdom
931,Accepted-Assigned,Value 438,19.064255432904556,Accepted,Low,Assigned,Org line C,V3_3,gb,W1,PROD473,United Kingdom
931,Completed-Closed,Value 438,19.09415165003328,Completed,Low,Closed,Org line C,V3_3,gb,W1,PROD473,United Kingdom
932,Accepted-In Progress,Value 133,19.06427195694029,Accepted,Medium,In Progress,Org line G4,,se,S33 2nd,PROD374,Sweden
932,Accepted-Assigned,Value 133,19.064272062020724,Accepted,Medium,Assigned,Org line G4,,se,S33 2nd,PROD374,Sweden
932,Accepted-In Progress,Value 133,19.06463916666497,Accepted,Medium,In Progress,Org line G4,,se,S33 2nd,PROD374,Sweden
932,Completed-Closed,Value 133,19.089527486011626,Completed,Medium,Closed,Org line G4,,se,S33 2nd,PROD374,Sweden
933,Accepted-In Progress,Value 434,19.06427285537765,Accepted,Medium,In Progress,Org line F,,se,G207 2nd,PROD753,Belgium
933,Completed-Closed,Value 434,19.087440293189,Completed,Medium,Closed,Org line F,,se,G207 2nd,PROD753,Belgium
934,Accepted-In Progress,Value 256,19.064296251242943,Accepted,Medium,In Progress,Org line A2,A2_3,pl,N26 2nd,PROD791,POLAND
934,Completed-Closed,Value 256,19.100313099290556,Completed,Medium,Closed,Org line A2,A2_3,pl,N26 2nd,PROD791,POLAND
935,Accepted-In Progress,Value 385,19.06429147544156,Accepted,Medium,In Progress,Org line A2,A2_5,se,A10,PROD461,Sweden
935,Accepted-Wait,Value 385,19.064802619449427,Accepted,Medium,Wait,Org line A2,A2_5,se,A10,PROD461,Sweden
935,Accepted-In Progress,Value 385,19.089397876198923,Accepted,Medium,In Progress,Org line A2,A2_5,se,A10,PROD461,Sweden
935,Completed-Closed,Value 385,19.106435946033116,Completed,Medium,Closed,Org line A2,A2_5,se,A10,PROD461,Sweden
936,Accepted-In Progress,Value 106,19.06463797969124,Accepted,Medium,In Progress,Org line G4,,se,S29 2nd,PROD551,Sweden
936,Completed-Closed,Value 106,19.06506794488732,Completed,Medium,Closed,Org line G4,,se,S29 2nd,PROD551,Sweden
937,Accepted-In Progress,Value 439,19.064710939192665,Accepted,Major,In Progress,Org line C,E_1,be,G213 2nd,PROD715,Sweden
937,Completed-Closed,Value 439,19.064711774215173,Completed,Major,Closed,Org line C,E_1,be,G213 2nd,PROD715,Sweden
938,Accepted-In Progress,Value 440,19.064729209746037,Accepted,Low,In Progress,Org line A2,A2_3,se,G348 2nd,PROD484,Sweden
938,Completed-Closed,Value 440,19.065081326643853,Completed,Low,Closed,Org line A2,A2_3,se,G348 2nd,PROD484,Sweden
939,Accepted-In Progress,Value 441,19.064752264092704,Accepted,Medium,In Progress,Org line V2,,se,T3 2nd,PROD60,Sweden
939,Completed-Closed,Value 441,19.071009286984708,Completed,Medium,Closed,Org line V2,,se,T3 2nd,PROD60,Sweden
940,Accepted-In Progress,Value 129,19.064882046470103,Accepted,High,In Progress,Org line A2,A2_3,se,S21 2nd,PROD722,Sweden
940,Queued-Awaiting Assignment,Value 129,19.064882351017474,Queued,High,Awaiting Assignment,Org line A2,A2_3,se,S21 2nd,PROD722,Sweden
940,Accepted-In Progress,Value 442,19.06558359834621,Accepted,High,In Progress,Org line A2,A2_3,se,S21 2nd,PROD722,Sweden
940,Completed-Closed,Value 442,19.065589789946497,Completed,High,Closed,Org line A2,A2_3,se,S21 2nd,PROD722,Sweden
941,Accepted-In Progress,Value 440,19.065078029782054,Accepted,Low,In Progress,Org line A2,A2_3,se,G348 2nd,PROD484,Sweden
941,Completed-Closed,Value 440,19.080884014151778,Completed,Low,Closed,Org line A2,A2_3,se,G348 2nd,PROD484,Sweden
942,Accepted-In Progress,Value 440,19.06508495422923,Accepted,Low,In Progress,Org line A2,A2_3,se,G348 2nd,PROD484,Sweden
942,Completed-Closed,Value 440,19.080883864295345,Completed,Low,Closed,Org line A2,A2_3,se,G348 2nd,PROD484,Sweden
943,Accepted-In Progress,Value 440,19.06509130640926,Accepted,Low,In Progress,Org line A2,A2_3,se,G348 2nd,PROD484,Sweden
943,Completed-Closed,Value 440,19.065124263601366,Completed,Low,Closed,Org line A2,A2_3,se,G348 2nd,PROD484,Sweden
944,Accepted-In Progress,Value 20,19.065094178001374,Accepted,Medium,In Progress,Org line C,E_3,us,G67 2nd,PROD151,Sweden
944,Completed-Closed,Value 20,19.065180101461902,Completed,Medium,Closed,Org line C,E_3,us,G67 2nd,PROD151,Sweden
945,Accepted-In Progress,Value 113,19.06516668428183,Accepted,Medium,In Progress,Org line C,C_6,se,G141 3rd,PROD661,Sweden
945,Queued-Awaiting Assignment,Value 113,19.06516875251303,Queued,Medium,Awaiting Assignment,Org line C,C_6,se,G141 3rd,PROD661,Sweden
945,Queued-Awaiting Assignment,Value 150,19.06517664744762,Queued,Medium,Awaiting Assignment,Org line C,E_4,se,G88 2nd,PROD661,USA
945,Accepted-In Progress,Value 133,19.065557866064445,Accepted,Medium,In Progress,Org line C,E_4,se,G88 2nd,PROD661,Sweden
945,Queued-Awaiting Assignment,Value 2,19.06555839603859,Queued,Medium,Awaiting Assignment,Org line C,C_6,se,G250 3rd,PROD661,Sweden
945,Accepted-In Progress,Value 127,19.065560059420964,Accepted,Medium,In Progress,Org line C,C_6,se,G250 3rd,PROD661,Sweden
945,Completed-Closed,Value 127,19.071892315361726,Completed,Medium,Closed,Org line C,C_6,se,G250 3rd,PROD661,Sweden
946,Accepted-In Progress,Value 68,19.065184316602984,Accepted,Major,In Progress,Org line C,E_7,in,G153 2nd,PROD715,Sweden
946,Queued-Awaiting Assignment,Value 68,19.065185875623268,Queued,Major,Awaiting Assignment,Org line C,E_7,in,G153 2nd,PROD715,Sweden
946,Accepted-In Progress,Value 439,19.065999641087235,Accepted,Major,In Progress,Org line C,E_1,in,G213 2nd,PROD715,Sweden
946,Queued-Awaiting Assignment,Value 337,19.06600028621619,Queued,Major,Awaiting Assignment,Org line C,E_7,in,G162 2nd,PROD715,INDIA
946,Accepted-In Progress,Value 337,19.06925689028344,Accepted,Major,In Progress,Org line C,E_7,in,G165 2nd,PROD715,INDIA
946,Queued-Awaiting Assignment,Value 176,19.069257298059263,Queued,Major,Awaiting Assignment,Org line C,E_7,in,G157 2nd,PROD715,INDIA
946,Accepted-In Progress,Value 176,19.071407470844992,Accepted,Major,In Progress,Org line C,E_7,in,G157 2nd,PROD715,INDIA
946,Queued-Awaiting Assignment,Value 229,19.071491523440432,Queued,Major,Awaiting Assignment,Org line C,E_10,in,G271 2nd,PROD715,Sweden
946,Queued-Awaiting Assignment,Value 44,19.072310844726253,Queued,Major,Awaiting Assignment,Org line C,C_6,in,G273 3rd,PROD715,Sweden
946,Accepted-In Progress,Value 176,19.07234387233858,Accepted,Major,In Progress,Org line C,E_7,in,G157 2nd,PROD715,INDIA
946,Queued-Awaiting Assignment,Value 337,19.072353920605124,Queued,Major,Awaiting Assignment,Org line C,E_7,in,G162 2nd,PROD715,INDIA
946,Accepted-In Progress,Value 443,19.07368168599253,Accepted,Major,In Progress,Org line C,E_7,in,G165 2nd,PROD715,INDIA
946,Completed-Closed,Value 443,19.073695062277515,Completed,Major,Closed,Org line C,E_7,in,G165 2nd,PROD715,INDIA
947,Accepted-In Progress,Value 43,19.065209517841716,Accepted,Medium,In Progress,Org line G3,,us,G199 3rd,PROD96,POLAND
947,Completed-Closed,Value 43,19.06521040493894,Completed,Medium,Closed,Org line G3,,us,G199 3rd,PROD96,POLAND
948,Accepted-In Progress,Value 88,19.065221501461444,Accepted,Medium,In Progress,Org line A2,A2_3,us,N5 2nd,PROD231,USA
948,Completed-Closed,Value 88,19.087141914299412,Completed,Medium,Closed,Org line A2,A2_3,us,N5 2nd,PROD231,USA
949,Accepted-In Progress,Value 164,19.065538025939176,Accepted,Medium,In Progress,Org line G4,,se,S33 2nd,PROD397,Sweden
949,Completed-Closed,Value 164,19.095586919349326,Completed,Medium,Closed,Org line G4,,se,S33 2nd,PROD397,Sweden
950,Accepted-In Progress,Value 211,19.065567379319987,Accepted,Low,In Progress,Org line G4,,se,S33 2nd,PROD374,Sweden
950,Completed-Closed,Value 211,19.10777919276303,Completed,Low,Closed,Org line G4,,se,S33 2nd,PROD374,Sweden
951,Accepted-In Progress,Value 439,19.065600740589755,Accepted,Major,In Progress,Org line C,E_1,be,G213 2nd,PROD715,Sweden
951,Completed-Closed,Value 439,19.065602199267254,Completed,Major,Closed,Org line C,E_1,be,G213 2nd,PROD715,Sweden
952,Accepted-In Progress,Value 444,19.065644893500238,Accepted,Medium,In Progress,Org line A2,A2_3,se,G362 3rd,PROD241,POLAND
952,Accepted-Wait,Value 444,19.06564672463648,Accepted,Medium,Wait,Org line A2,A2_3,se,G362 3rd,PROD241,POLAND
952,Completed-Closed,Value 444,19.070532723093983,Completed,Medium,Closed,Org line A2,A2_3,se,G362 3rd,PROD241,POLAND
953,Accepted-In Progress,Value 253,19.06569831512852,Accepted,Medium,In Progress,Org line A2,A2_1,pl,W16 3rd,PROD761,POLAND
953,Accepted-Wait,Value 253,19.06569877682334,Accepted,Medium,Wait,Org line A2,A2_1,pl,W16 3rd,PROD761,POLAND
953,Completed-Closed,Value 253,19.117783471013066,Completed,Medium,Closed,Org line A2,A2_1,pl,W16 3rd,PROD761,POLAND
954,Queued-Awaiting Assignment,Value 165,19.065748801243373,Queued,Major,Awaiting Assignment,Org line C,V3_3,us,N22 2nd,PROD306,USA
954,Accepted-In Progress,Value 165,19.075611194798945,Accepted,Major,In Progress,Org line C,V3_3,us,N22 2nd,PROD306,USA
954,Completed-Closed,Value 165,19.091197476697836,Completed,Major,Closed,Org line C,V3_3,us,N22 2nd,PROD306,USA
955,Accepted-In Progress,Value 50,19.06600450839136,Accepted,Low,In Progress,Org line A2,A2_1,pl,W15 2nd,PROD756,POLAND
955,Completed-Closed,Value 50,19.08139720270483,Completed,Low,Closed,Org line A2,A2_1,pl,W15 2nd,PROD756,POLAND
956,Accepted-In Progress,Value 322,19.066024732625458,Accepted,Medium,In Progress,Org line A2,D_1,in,L50 3rd,PROD611,Sweden
956,Accepted-In Progress,Value 322,19.093329673526064,Accepted,Medium,In Progress,Org line A2,D_1,in,L50 3rd,PROD611,Sweden
956,Completed-Closed,Value 322,19.093330918791224,Completed,Medium,Closed,Org line A2,D_1,in,L50 3rd,PROD611,Sweden
957,Accepted-In Progress,Value 68,19.06603492326064,Accepted,High,In Progress,Org line C,E_7,us,G153 2nd,PROD597,Sweden
957,Queued-Awaiting Assignment,Value 68,19.066040314867102,Queued,High,Awaiting Assignment,Org line C,E_7,us,G153 2nd,PROD597,Sweden
957,Accepted-In Progress,Value 128,19.066040320111842,Accepted,High,In Progress,Org line A2,D_1,us,N31 3rd,PROD597,USA
957,Queued-Awaiting Assignment,Value 337,19.066040372559232,Queued,High,Awaiting Assignment,Org line C,E_7,us,G162 2nd,PROD597,INDIA
957,Accepted-In Progress,Value 337,19.069257993368936,Accepted,High,In Progress,Org line C,E_7,us,G165 2nd,PROD597,INDIA
957,Queued-Awaiting Assignment,Value 68,19.06925868345024,Queued,High,Awaiting Assignment,Org line C,E_7,us,G153 2nd,PROD597,Sweden
957,Accepted-In Progress,Value 175,19.06926096280631,Accepted,High,In Progress,Org line C,E_7,us,G153 2nd,PROD597,INDIA
957,Queued-Awaiting Assignment,Value 445,19.069266739591434,Queued,High,Awaiting Assignment,Org line A2,D_1,us,N31 3rd,PROD597,USA
957,Accepted-In Progress,Value 445,19.08096172977306,Accepted,High,In Progress,Org line A2,D_1,us,N31 3rd,PROD597,USA
957,Accepted-Assigned,Value 128,19.080961936455488,Accepted,High,Assigned,Org line A2,D_1,us,N31 3rd,PROD597,USA
957,Completed-Closed,Value 128,19.081073580059954,Completed,High,Closed,Org line A2,D_1,us,N31 3rd,PROD597,USA
958,Accepted-In Progress,Value 446,19.066059122325107,Accepted,Major,In Progress,Org line C,E_4,in,G93 2nd,PROD219,Sweden
958,Completed-Closed,Value 446,19.06606068522678,Completed,Major,Closed,Org line C,E_4,in,G93 2nd,PROD219,Sweden
958,Accepted-In Progress,Value 446,19.092421176301855,Accepted,Major,In Progress,Org line C,E_4,in,G93 2nd,PROD219,Sweden
958,Completed-Closed,Value 446,19.092422657675158,Completed,Major,Closed,Org line C,E_4,in,G93 2nd,PROD219,Sweden
958,Accepted-In Progress,Value 446,19.09242760748934,Accepted,Major,In Progress,Org line C,E_4,in,G93 2nd,PROD219,Sweden
958,Completed-Closed,Value 446,19.09242821025142,Completed,Major,Closed,Org line C,E_4,in,G93 2nd,PROD219,Sweden
958,Accepted-In Progress,Value 446,19.092429262530104,Accepted,Major,In Progress,Org line C,E_4,in,G93 2nd,PROD219,Sweden
958,Completed-Closed,Value 446,19.09242929828713,Completed,Major,Closed,Org line C,E_4,in,G93 2nd,PROD219,Sweden
959,Queued-Awaiting Assignment,Value 76,19.066102373940662,Queued,Medium,Awaiting Assignment,Org line A2,A2_2,se,G25 3rd,PROD179,Sweden
959,Accepted-In Progress,Value 76,19.068368098106728,Accepted,Medium,In Progress,Org line A2,A2_2,se,G25 3rd,PROD179,Sweden
959,Completed-Closed,Value 76,19.068369714961765,Completed,Medium,Closed,Org line A2,A2_2,se,G25 3rd,PROD179,Sweden
960,Accepted-In Progress,Value 447,19.06618931205263,Accepted,High,In Progress,Org line C,V3_2,fr,T14,PROD436,France
960,Accepted-In Progress,Value 447,19.066189637177963,Accepted,High,In Progress,Org line C,V3_2,fr,T14,PROD436,France
960,Completed-Closed,Value 447,19.11201197667665,Completed,High,Closed,Org line C,V3_2,fr,T14,PROD436,France
961,Accepted-In Progress,Value 111,19.06620232222738,Accepted,Medium,In Progress,Org line A2,A2_5,us,N30 2nd,PROD487,USA
961,Completed-Closed,Value 111,19.071084872400284,Completed,Medium,Closed,Org line A2,A2_5,us,N30 2nd,PROD487,USA
962,Accepted-In Progress,Value 180,19.066275996162393,Accepted,Medium,In Progress,Org line B,E_6,br,S16,PROD119,Brazil
962,Queued-Awaiting Assignment,Value 180,19.066276877070557,Queued,Medium,Awaiting Assignment,Org line B,E_6,br,S16,PROD119,Brazil
962,Queued-Awaiting Assignment,Value 448,19.06964643904969,Queued,Medium,Awaiting Assignment,Org line A2,A2_2,br,S2 2nd,PROD119,Brazil
962,Queued-Awaiting Assignment,Value 282,19.072412509161072,Queued,Medium,Awaiting Assignment,Org line A2,A2_3,br,S3 2nd,PROD119,Brazil
962,Accepted-In Progress,Value 184,19.072474257429242,Accepted,Medium,In Progress,Org line A2,A2_3,br,S3 2nd,PROD119,Brazil
962,Completed-Closed,Value 184,19.08716508417229,Completed,Medium,Closed,Org line A2,A2_3,br,S3 2nd,PROD119,Brazil
963,Accepted-In Progress,Value 394,19.067391301590625,Accepted,High,In Progress,Org line C,E_6,fr,V29 2nd,PROD193,France
963,Accepted-In Progress,Value 394,19.071100918693052,Accepted,High,In Progress,Org line C,E_6,fr,V29 2nd,PROD193,France
963,Completed-Closed,Value 394,19.0711011587332,Completed,High,Closed,Org line C,E_6,fr,V29 2nd,PROD193,France
964,Accepted-In Progress,Value 432,19.067404977023298,Accepted,Medium,In Progress,Org line C,E_8,in,G181 2nd,PROD476,INDIA
964,Accepted-Wait,Value 432,19.067405186526745,Accepted,Medium,Wait,Org line C,E_8,in,G181 2nd,PROD476,INDIA
964,Accepted-In Progress,Value 432,19.073860871716874,Accepted,Medium,In Progress,Org line C,E_8,in,G181 2nd,PROD476,INDIA
964,Completed-Closed,Value 432,19.073860918551816,Completed,Medium,Closed,Org line C,E_8,in,G181 2nd,PROD476,INDIA
964,Accepted-In Progress,Value 432,19.08009424839991,Accepted,Medium,In Progress,Org line C,E_8,in,G181 2nd,PROD476,INDIA
964,Accepted-Wait,Value 432,19.080094719010443,Accepted,Medium,Wait,Org line C,E_8,in,G181 2nd,PROD476,INDIA
964,Completed-Closed,Value 432,19.080881616446142,Completed,Medium,Closed,Org line C,E_8,in,G181 2nd,PROD476,INDIA
965,Accepted-In Progress,Value 15,19.067437795203727,Accepted,Low,In Progress,Org line G4,,se,S28 2nd,PROD343,Sweden
965,Completed-Closed,Value 15,19.090188834896672,Completed,Low,Closed,Org line G4,,se,S28 2nd,PROD343,Sweden
966,Accepted-In Progress,Value 449,19.06744737962711,Accepted,Medium,In Progress,Org line C,C_1,fr,L57 3rd,PROD821,France
966,Completed-Closed,Value 449,19.096902082199364,Completed,Medium,Closed,Org line C,C_1,fr,L57 3rd,PROD821,France
967,Accepted-In Progress,Value 7,19.06749160295701,Accepted,Medium,In Progress,Org line C,E_4,us,G88 2nd,PROD815,Sweden
967,Completed-Closed,Value 7,19.07788274812639,Completed,Medium,Closed,Org line C,E_4,us,G88 2nd,PROD815,Sweden
968,Accepted-In Progress,Value 87,19.06751266648458,Accepted,Medium,In Progress,Org line C,E_10,in,G276 2nd,PROD698,Sweden
968,Accepted-Wait,Value 87,19.067518202002365,Accepted,Medium,Wait,Org line C,E_10,in,G276 2nd,PROD698,Sweden
968,Completed-Closed,Value 87,19.072465424570314,Completed,Medium,Closed,Org line C,E_10,in,G276 2nd,PROD698,Sweden
969,Accepted-In Progress,Value 149,19.067567281903994,Accepted,High,In Progress,Org line B,C_6,br,S17 3rd,PROD807,Brazil
969,Completed-Closed,Value 149,19.087195991905904,Completed,High,Closed,Org line B,C_6,br,S17 3rd,PROD807,Brazil
970,Accepted-In Progress,Value 450,19.06773834622597,Accepted,Low,In Progress,Org line C,E_1,us,G13 2nd,PROD433,INDIA
970,Completed-Closed,Value 450,19.099463939652413,Completed,Low,Closed,Org line C,E_1,us,G13 2nd,PROD433,INDIA
971,Accepted-In Progress,Value 451,19.067853873621065,Accepted,Medium,In Progress,Org line C,,se,G163 3rd,PROD278,Sweden
971,Accepted-Assigned,Value 451,19.067854172029485,Accepted,Medium,Assigned,Org line C,,se,G163 3rd,PROD278,Sweden
971,Accepted-In Progress,Value 119,19.0678571351679,Accepted,Medium,In Progress,Org line C,,se,G163 3rd,PROD278,Sweden
971,Completed-Closed,Value 119,19.090283737603652,Completed,Medium,Closed,Org line C,,se,G163 3rd,PROD278,Sweden
972,Accepted-In Progress,Value 311,19.067906078033808,Accepted,Major,In Progress,Org line A2,A2_3,se,N4 2nd,PROD55,Sweden
972,Completed-Closed,Value 311,19.110722572895032,Completed,Major,Closed,Org line A2,A2_3,se,N4 2nd,PROD55,Sweden
973,Accepted-In Progress,Value 63,19.067899225443885,Accepted,Major,In Progress,Org line A2,A2_3,se,S35 2nd,PROD368,Sweden
973,Queued-Awaiting Assignment,Value 63,19.067900822117238,Queued,Major,Awaiting Assignment,Org line A2,A2_3,se,S35 2nd,PROD368,Sweden
973,Accepted-In Progress,Value 63,19.068300632630763,Accepted,Major,In Progress,Org line A2,A2_3,se,S35 2nd,PROD368,Sweden
973,Completed-Closed,Value 63,19.089260686062275,Completed,Major,Closed,Org line A2,A2_3,se,S35 2nd,PROD368,Sweden
974,Accepted-In Progress,Value 8,19.067997528654075,Accepted,Medium,In Progress,Org line G4,,se,S33 2nd,PROD374,Sweden
974,Completed-Closed,Value 8,19.0701414876414,Completed,Medium,Closed,Org line G4,,se,S33 2nd,PROD374,Sweden
974,Accepted-In Progress,Value 8,19.07014182193086,Accepted,Medium,In Progress,Org line G4,,se,S33 2nd,PROD374,Sweden
974,Completed-Closed,Value 8,19.070141921173025,Completed,Medium,Closed,Org line G4,,se,S33 2nd,PROD374,Sweden
975,Accepted-In Progress,Value 134,19.068239405851752,Accepted,Medium,In Progress,Org line G4,,se,S30 2nd,PROD412,Sweden
975,Accepted-Assigned,Value 134,19.068239740777663,Accepted,Medium,Assigned,Org line G4,,se,S30 2nd,PROD412,Sweden
975,Accepted-Wait,Value 134,19.068259443643637,Accepted,Medium,Wait,Org line G4,,se,S30 2nd,PROD412,Sweden
975,Completed-Closed,Value 134,19.07770959000194,Completed,Medium,Closed,Org line G4,,se,S30 2nd,PROD412,Sweden
976,Accepted-In Progress,Value 77,19.06831709519185,Accepted,Medium,In Progress,Org line C,E_1,be,G55 2nd,PROD221,Belgium
976,Queued-Awaiting Assignment,Value 77,19.071382748762552,Queued,Medium,Awaiting Assignment,Org line C,E_1,be,G55 2nd,PROD221,Belgium
976,Accepted-In Progress,Value 452,19.071450961237865,Accepted,Medium,In Progress,Org line C,E_1,be,G55 2nd,PROD221,Sweden
976,Queued-Awaiting Assignment,Value 254,19.071497355165036,Queued,Medium,Awaiting Assignment,Org line C,E_8,be,G119 2nd,PROD221,INDIA
976,Accepted-In Progress,Value 254,19.07547354438418,Accepted,Medium,In Progress,Org line C,E_8,be,G119 2nd,PROD221,INDIA
976,Accepted-Assigned,Value 267,19.075474702979346,Accepted,Medium,Assigned,Org line C,E_8,be,G119 2nd,PROD221,INDIA
976,Queued-Awaiting Assignment,Value 77,19.07997493889866,Queued,Medium,Awaiting Assignment,Org line C,E_1,be,G55 2nd,PROD221,Belgium
976,Accepted-In Progress,Value 433,19.080043447017662,Accepted,Medium,In Progress,Org line C,E_1,be,G55 2nd,PROD221,Sweden
976,Accepted-Assigned,Value 452,19.08004356079744,Accepted,Medium,Assigned,Org line C,E_1,be,G55 2nd,PROD221,Sweden
976,Accepted-In Progress,Value 452,19.081784183967375,Accepted,Medium,In Progress,Org line C,E_1,be,G55 2nd,PROD221,Sweden
976,Accepted-In Progress,Value 119,19.102605326069853,Accepted,Medium,In Progress,Org line C,E_1,be,G55 2nd,PROD221,Sweden
976,Completed-Closed,Value 119,19.1026058266562,Completed,Medium,Closed,Org line C,E_1,be,G55 2nd,PROD221,Sweden
977,Accepted-In Progress,Value 453,19.068357742846935,Accepted,Low,In Progress,Org line C,E_4,in,G93 2nd,PROD325,INDIA
977,Accepted-Assigned,Value 453,19.068358287037082,Accepted,Low,Assigned,Org line C,E_4,in,G93 2nd,PROD325,INDIA
977,Completed-Closed,Value 453,19.086840677636207,Completed,Low,Closed,Org line C,E_4,in,G93 2nd,PROD325,INDIA
978,Accepted-In Progress,Value 68,19.06840339099866,Accepted,High,In Progress,Org line A2,A2_4,se,G118 2nd,PROD591,Sweden
978,Completed-Closed,Value 68,19.06928484345389,Completed,High,Closed,Org line A2,A2_4,se,G118 2nd,PROD591,Sweden
979,Queued-Awaiting Assignment,Value 94,19.068470263557593,Queued,High,Awaiting Assignment,Org line F,,us,S1 2nd,PROD437,Sweden
979,Accepted-In Progress,Value 13,19.068722200200558,Accepted,High,In Progress,Org line F,,us,S1 2nd,PROD437,Sweden
979,Completed-Closed,Value 13,19.071410230457126,Completed,High,Closed,Org line F,,us,S1 2nd,PROD437,Sweden
979,Accepted-In Progress,Value 165,19.090813533420146,Accepted,High,In Progress,Org line C,V3_3,us,N22 2nd,PROD437,USA
979,Completed-Closed,Value 165,19.09335359357374,Completed,High,Closed,Org line C,V3_3,us,N22 2nd,PROD437,USA
980,Accepted-In Progress,Value 454,19.068651970459932,Accepted,Low,In Progress,Org line C,,jp,S30 2nd,PROD683,Japan
980,Completed-Closed,Value 454,19.06865358685606,Completed,Low,Closed,Org line C,,jp,S30 2nd,PROD683,Japan
981,Accepted-In Progress,Value 134,19.06875324387739,Accepted,Medium,In Progress,Org line G4,,se,S30 2nd,PROD412,Sweden
981,Accepted-Assigned,Value 134,19.068759468188603,Accepted,Medium,Assigned,Org line G4,,se,S30 2nd,PROD412,Sweden
981,Completed-Closed,Value 134,19.074679887518055,Completed,Medium,Closed,Org line G4,,se,S30 2nd,PROD412,Sweden
982,Accepted-In Progress,Value 128,19.068797629169115,Accepted,Medium,In Progress,Org line A2,A2_4,se,M13 2nd,PROD563,Sweden
982,Accepted-In Progress,Value 128,19.105596599920908,Accepted,Medium,In Progress,Org line A2,A2_4,se,M13 2nd,PROD563,Sweden
982,Completed-Closed,Value 128,19.10559688223515,Completed,Medium,Closed,Org line A2,A2_4,se,M13 2nd,PROD563,Sweden
983,Accepted-In Progress,Value 43,19.06881110232536,Accepted,Medium,In Progress,Org line G3,,us,G199 3rd,PROD96,POLAND
983,Completed-Closed,Value 43,19.086016070517726,Completed,Medium,Closed,Org line G3,,us,G199 3rd,PROD96,POLAND
984,Accepted-In Progress,Value 164,19.06882955439697,Accepted,Medium,In Progress,Org line C,E_6,se,S20 2nd,PROD412,Sweden
984,Completed-Closed,Value 164,19.086622212481196,Completed,Medium,Closed,Org line C,E_6,se,S20 2nd,PROD412,Sweden
985,Accepted-In Progress,Value 76,19.068847174552317,Accepted,High,In Progress,Org line C,C_6,se,G273 3rd,PROD802,Sweden
985,Accepted-Wait,Value 76,19.081320982674722,Accepted,High,Wait,Org line C,C_6,se,G273 3rd,PROD802,Sweden
985,Completed-Closed,Value 76,19.111680360145844,Completed,High,Closed,Org line C,C_6,se,G273 3rd,PROD802,Sweden
986,Accepted-In Progress,Value 293,19.068866023433863,Accepted,Major,In Progress,Org line C,E_4,us,G88 2nd,PROD348,USA
986,Completed-Closed,Value 293,19.068866499358293,Completed,Major,Closed,Org line C,E_4,us,G88 2nd,PROD348,USA
987,Accepted-In Progress,Value 310,19.06887448021115,Accepted,Medium,In Progress,Org line C,E_4,us,G88 2nd,PROD104,USA
987,Completed-Closed,Value 310,19.07381469139803,Completed,Medium,Closed,Org line C,E_4,us,G88 2nd,PROD104,USA
988,Accepted-In Progress,Value 455,19.06896227061846,Accepted,Medium,In Progress,Org line C,,mx,N13 2nd,PROD572,Mexico
988,Completed-Closed,Value 455,19.068970313459758,Completed,Medium,Closed,Org line C,,mx,N13 2nd,PROD572,Mexico
989,Accepted-In Progress,Value 444,19.069208646093298,Accepted,High,In Progress,Org line A2,A2_3,se,G362 3rd,PROD241,POLAND
989,Accepted-Wait,Value 444,19.069210841913236,Accepted,High,Wait,Org line A2,A2_3,se,G362 3rd,PROD241,POLAND
989,Completed-Closed,Value 444,19.070532174864624,Completed,High,Closed,Org line A2,A2_3,se,G362 3rd,PROD241,POLAND
990,Accepted-In Progress,Value 213,19.069281936820612,Accepted,Medium,In Progress,Org line A2,A2_3,pl,N26 2nd,PROD791,POLAND
990,Accepted-Wait,Value 213,19.071447925266092,Accepted,Medium,Wait,Org line A2,A2_3,pl,N26 2nd,PROD791,POLAND
990,Completed-Closed,Value 213,19.104719473229068,Completed,Medium,Closed,Org line A2,A2_3,pl,N26 2nd,PROD791,POLAND
991,Accepted-In Progress,Value 236,19.069260905299686,Accepted,Major,In Progress,Org line C,,fr,U5 2nd,PROD773,France
991,Accepted-In Progress,Value 236,19.093238550612167,Accepted,Major,In Progress,Org line C,,fr,U5 2nd,PROD773,France
991,Completed-Closed,Value 236,19.093242812454765,Completed,Major,Closed,Org line C,,fr,U5 2nd,PROD773,France
992,Accepted-In Progress,Value 236,19.06926477391988,Accepted,Major,In Progress,Org line C,,fr,U5 2nd,PROD773,France
992,Accepted-In Progress,Value 236,19.09324327181396,Accepted,Major,In Progress,Org line C,,fr,U5 2nd,PROD773,France
992,Completed-Closed,Value 236,19.093244996961054,Completed,Major,Closed,Org line C,,fr,U5 2nd,PROD773,France
993,Accepted-In Progress,Value 371,19.069340893819565,Accepted,High,In Progress,Org line C,C_6,se,G273 3rd,PROD803,France
993,Accepted-In Progress,Value 371,19.095501583269435,Accepted,High,In Progress,Org line C,C_6,se,G273 3rd,PROD803,France
993,Completed-Closed,Value 371,19.09550222492127,Completed,High,Closed,Org line C,C_6,se,G273 3rd,PROD803,France
994,Accepted-In Progress,Value 456,19.070503864936278,Accepted,Medium,In Progress,Org line C,E_4,us,G88 2nd,PROD181,INDIA
994,Accepted-Wait,Value 456,19.07053983438472,Accepted,Medium,Wait,Org line C,E_4,us,G88 2nd,PROD181,INDIA
994,Completed-Closed,Value 456,19.09366642552939,Completed,Medium,Closed,Org line C,E_4,us,G88 2nd,PROD181,INDIA
995,Accepted-In Progress,Value 457,19.07051284567168,Accepted,Medium,In Progress,Org line A2,A2_4,fr,V23 2nd,PROD231,France
995,Completed-Closed,Value 457,19.077838816095145,Completed,Medium,Closed,Org line A2,A2_4,fr,V23 2nd,PROD231,France
996,Accepted-In Progress,Value 93,19.07054018420462,Accepted,Medium,In Progress,Org line G4,,se,S28 2nd,PROD108,Sweden
996,Completed-Closed,Value 93,19.080056526435246,Completed,Medium,Closed,Org line G4,,se,S28 2nd,PROD108,Sweden
997,Accepted-In Progress,Value 384,19.070553926286504,Accepted,Medium,In Progress,Org line A2,A2_5,se,A10,PROD461,Sweden
997,Accepted-Assigned,Value 384,19.070554422292766,Accepted,Medium,Assigned,Org line A2,A2_5,se,A10,PROD461,Sweden
997,Completed-Closed,Value 384,19.105206844563586,Completed,Medium,Closed,Org line A2,A2_5,se,A10,PROD461,Sweden
998,Accepted-In Progress,Value 458,19.07055163421226,Accepted,Low,In Progress,Org line C,C_6,fr,G225 3rd,PROD481,France
998,Completed-Closed,Value 458,19.07055310657035,Completed,Low,Closed,Org line C,C_6,fr,G225 3rd,PROD481,France
999,Accepted-In Progress,Value 458,19.07055251658315,Accepted,Low,In Progress,Org line C,C_6,fr,G225 3rd,PROD256,France
999,Completed-Closed,Value 458,19.070553304973046,Completed,Low,Closed,Org line C,C_6,fr,G225 3rd,PROD256,France
1000,Accepted-In Progress,Value 133,19.070593908823046,Accepted,High,In Progress,Org line G4,,se,S33 2nd,PROD374,Sweden
1000,Completed-Closed,Value 133,19.071961728753653,Completed,High,Closed,Org line G4,,se,S33 2nd,PROD374,Sweden
1001,Accepted-In Progress,Value 291,19.070625990807166,Accepted,Medium,In Progress,Org line A2,A2_3,se,S21 2nd,PROD231,Sweden
1001,Completed-Closed,Value 291,19.092890023536764,Completed,Medium,Closed,Org line A2,A2_3,se,S21 2nd,PROD231,Sweden
1002,Accepted-In Progress,Value 226,19.070648789534623,Accepted,Medium,In Progress,Org line G4,,se,S33 2nd,PROD397,Sweden
1002,Completed-Closed,Value 226,19.076854317523786,Completed,Medium,Closed,Org line G4,,se,S33 2nd,PROD397,Sweden
1003,Queued-Awaiting Assignment,Value 459,19.0707003157718,Queued,Major,Awaiting Assignment,Org line A2,A2_1,us,N24 2nd,PROD214,USA
1003,Accepted-In Progress,Value 111,19.074686491016315,Accepted,Major,In Progress,Org line A2,A2_5,us,N30 2nd,PROD214,USA
1003,Completed-Closed,Value 111,19.074687447740004,Completed,Major,Closed,Org line A2,A2_5,us,N30 2nd,PROD214,USA
1004,Accepted-In Progress,Value 94,19.070694552482614,Accepted,High,In Progress,Org line F,,us,S1 2nd,PROD807,Sweden
1004,Accepted-In Progress,Value 94,19.070702142894586,Accepted,High,In Progress,Org line F,,us,S1 2nd,PROD807,Sweden
1004,Accepted-In Progress,Value 94,19.071566863782795,Accepted,High,In Progress,Org line F,,us,S1 2nd,PROD807,Sweden
1004,Accepted-In Progress,Value 460,19.110886121650314,Accepted,High,In Progress,Org line C,,us,N6 2nd,PROD807,USA
1004,Completed-Closed,Value 460,19.110887701289226,Completed,High,Closed,Org line C,,us,N6 2nd,PROD807,USA
1005,Accepted-In Progress,Value 310,19.07079134418945,Accepted,Medium,In Progress,Org line C,E_4,us,G88 2nd,PROD214,USA
1005,Completed-Closed,Value 310,19.075632643823404,Completed,Medium,Closed,Org line C,E_4,us,G88 2nd,PROD214,USA
1006,Accepted-In Progress,Value 2,19.070966320151317,Accepted,Medium,In Progress,Org line C,C_6,se,G250 3rd,PROD660,Sweden
1006,Queued-Awaiting Assignment,Value 2,19.07142180092189,Queued,Medium,Awaiting Assignment,Org line C,C_6,se,G250 3rd,PROD660,Sweden
1006,Accepted-In Progress,Value 8,19.071594538614335,Accepted,Medium,In Progress,Org line C,C_6,se,G250 3rd,PROD660,Sweden
1006,Accepted-Wait,Value 8,19.071598273041058,Accepted,Medium,Wait,Org line C,C_6,se,G250 3rd,PROD660,Sweden
1006,Accepted-In Progress,Value 8,19.08713670203108,Accepted,Medium,In Progress,Org line C,C_6,se,G250 3rd,PROD660,Sweden
1006,Completed-Closed,Value 8,19.087137051228233,Completed,Medium,Closed,Org line C,C_6,se,G250 3rd,PROD660,Sweden
1007,Accepted-Wait,Value 385,19.07097164870257,Accepted,Medium,Wait,Org line A2,A2_5,se,A10,PROD320,Sweden
1007,Accepted-In Progress,Value 385,19.07780751412288,Accepted,Medium,In Progress,Org line A2,A2_5,se,A10,PROD320,Sweden
1007,Accepted-Wait,Value 385,19.078171653181695,Accepted,Medium,Wait,Org line A2,A2_5,se,A10,PROD320,Sweden
1007,Completed-Closed,Value 385,19.101631924731112,Completed,Medium,Closed,Org line A2,A2_5,se,A10,PROD320,Sweden
1008,Accepted-In Progress,Value 39,19.071046208909134,Accepted,Major,In Progress,Org line C,C_6,se,G254 3rd,PROD683,Sweden
1008,Completed-Closed,Value 39,19.084020875460077,Completed,Major,Closed,Org line C,C_6,se,G254 3rd,PROD683,Sweden
1009,Accepted-In Progress,Value 187,19.071089548029573,Accepted,Major,In Progress,Org line C,E_8,in,G186 2nd,PROD597,INDIA
1009,Queued-Awaiting Assignment,Value 187,19.07553597152775,Queued,Major,Awaiting Assignment,Org line C,E_8,in,G186 2nd,PROD597,INDIA
1009,Accepted-In Progress,Value 338,19.080002118243737,Accepted,Major,In Progress,Org line C,E_8,in,G186 2nd,PROD597,INDIA
1009,Accepted-Assigned,Value 237,19.080002278576405,Accepted,Major,Assigned,Org line C,E_8,in,G186 2nd,PROD597,Sweden
1009,Accepted-In Progress,Value 237,19.083559729711354,Accepted,Major,In Progress,Org line C,E_8,in,G186 2nd,PROD597,Sweden
1009,Completed-Closed,Value 237,19.08355985339906,Completed,Major,Closed,Org line C,E_8,in,G186 2nd,PROD597,Sweden
1009,Accepted-In Progress,Value 237,19.0845183446123,Accepted,Major,In Progress,Org line C,E_8,in,G181 2nd,PROD597,Sweden
1009,Queued-Awaiting Assignment,Value 176,19.084521325714803,Queued,Major,Awaiting Assignment,Org line C,E_7,in,G157 2nd,PROD597,INDIA
1009,Accepted-In Progress,Value 176,19.08758942102309,Accepted,Major,In Progress,Org line C,E_7,in,G157 2nd,PROD597,INDIA
1009,Completed-Closed,Value 176,19.087589698201207,Completed,Major,Closed,Org line C,E_7,in,G157 2nd,PROD597,INDIA
1009,Accepted-In Progress,Value 176,19.08761485949475,Accepted,Major,In Progress,Org line C,E_7,in,G157 2nd,PROD597,INDIA
1009,Completed-Closed,Value 176,19.087616101631152,Completed,Major,Closed,Org line C,E_7,in,G157 2nd,PROD597,INDIA
1010,Accepted-In Progress,Value 55,19.07111019672469,Accepted,Medium,In Progress,Org line C,V3_3,fr,V42 2nd,PROD358,France
1010,Accepted-In Progress,Value 55,19.07111678731017,Accepted,Medium,In Progress,Org line C,V3_3,fr,V42 2nd,PROD358,France
1010,Accepted-In Progress,Value 149,19.079982329891696,Accepted,Medium,In Progress,Org line C,E_6,fr,V29 2nd,PROD358,France
1010,Completed-Closed,Value 149,19.111613013406703,Completed,Medium,Closed,Org line C,E_6,fr,V29 2nd,PROD358,France
1011,Accepted-In Progress,Value 44,19.071129258687186,Accepted,Low,In Progress,Org line C,C_6,se,G273 3rd,PROD802,Sweden
1011,Accepted-Wait,Value 44,19.077358765559357,Accepted,Low,Wait,Org line C,C_6,se,G273 3rd,PROD802,Sweden
1011,Completed-Closed,Value 44,19.080415799599535,Completed,Low,Closed,Org line C,C_6,se,G273 3rd,PROD802,Sweden
1012,Accepted-In Progress,Value 461,19.071373514994068,Accepted,Medium,In Progress,Org line C,E_1,se,G294 2nd,PROD306,INDIA
1012,Completed-Closed,Value 461,19.0772175175436,Completed,Medium,Closed,Org line C,E_1,se,G294 2nd,PROD306,INDIA
1013,Accepted-In Progress,Value 155,19.071267273571237,Accepted,Medium,In Progress,Org line A2,D_1,pl,V10 3rd,PROD69,POLAND
1013,Queued-Awaiting Assignment,Value 155,19.071275929194925,Queued,Medium,Awaiting Assignment,Org line A2,D_1,pl,V10 3rd,PROD69,POLAND
1013,Accepted-In Progress,Value 155,19.071895980893064,Accepted,Medium,In Progress,Org line A2,D_1,pl,V10 3rd,PROD69,POLAND
1013,Completed-Closed,Value 155,19.08716328174798,Completed,Medium,Closed,Org line A2,D_1,pl,V10 3rd,PROD69,POLAND
1014,Accepted-In Progress,Value 462,19.071369414547505,Accepted,High,In Progress,Org line C,E_3,be,G64 2nd,PROD379,France
1014,Completed-Closed,Value 462,19.087121172905075,Completed,High,Closed,Org line C,E_3,be,G64 2nd,PROD379,France
1015,Accepted-In Progress,Value 463,19.071398284255203,Accepted,Medium,In Progress,Org line C,E_4,in,G93 2nd,PROD279,Sweden
1015,Completed-Closed,Value 463,19.077261186449487,Completed,Medium,Closed,Org line C,E_4,in,G93 2nd,PROD279,Sweden
1016,Accepted-In Progress,Value 123,19.071441628985973,Accepted,Medium,In Progress,Org line C,C_6,se,G269 3rd,PROD802,Sweden
1016,Accepted-In Progress,Value 123,19.07144652725537,Accepted,Medium,In Progress,Org line C,C_6,se,G269 3rd,PROD802,Sweden
1016,Queued-Awaiting Assignment,Value 123,19.071446808944255,Queued,Medium,Awaiting Assignment,Org line C,C_6,se,G269 3rd,PROD802,Sweden
1016,Accepted-In Progress,Value 123,19.071455744700465,Accepted,Medium,In Progress,Org line C,C_6,se,G269 3rd,PROD802,Sweden
1016,Completed-Closed,Value 123,19.086184074927996,Completed,Medium,Closed,Org line C,C_6,se,G269 3rd,PROD802,Sweden
1017,Accepted-In Progress,Value 464,19.07142044460743,Accepted,Medium,In Progress,Org line A2,A2_1,se,M28 2nd,PROD715,Sweden
1017,Accepted-Wait,Value 464,19.071431164658076,Accepted,Medium,Wait,Org line A2,A2_1,se,M28 2nd,PROD715,Sweden
1017,Queued-Awaiting Assignment,Value 464,19.07144402335069,Queued,Medium,Awaiting Assignment,Org line A2,A2_1,se,M28 2nd,PROD715,Sweden
1017,Accepted-In Progress,Value 127,19.071532960287954,Accepted,Medium,In Progress,Org line A2,A2_1,se,M28 2nd,PROD715,Sweden
1017,Accepted-In Progress,Value 465,19.080931098964733,Accepted,Medium,In Progress,Org line C,E_1,se,G213 2nd,PROD715,INDIA
1017,Queued-Awaiting Assignment,Value 464,19.080931998060528,Queued,Medium,Awaiting Assignment,Org line A2,A2_1,se,M28 2nd,PROD715,Sweden
1017,Accepted-In Progress,Value 127,19.080934250963686,Accepted,Medium,In Progress,Org line A2,A2_1,se,M28 2nd,PROD715,Sweden
1017,Accepted-Wait,Value 127,19.096439228637905,Accepted,Medium,Wait,Org line A2,A2_1,se,M28 2nd,PROD715,Sweden
1017,Completed-Closed,Value 127,19.10559896430023,Completed,Medium,Closed,Org line A2,A2_1,se,M28 2nd,PROD715,Sweden
1018,Accepted-In Progress,Value 384,19.07149514349531,Accepted,Medium,In Progress,Org line A2,A2_5,se,A10,PROD236,Sweden
1018,Completed-Closed,Value 384,19.083193382069698,Completed,Medium,Closed,Org line A2,A2_5,se,A10,PROD236,Sweden
1019,Accepted-In Progress,Value 360,19.071507469318753,Accepted,Medium,In Progress,Org line C,C_6,se,G273 3rd,PROD804,Sweden
1019,Accepted-Wait,Value 360,19.07151039557107,Accepted,Medium,Wait,Org line C,C_6,se,G273 3rd,PROD804,Sweden
1019,Completed-Closed,Value 360,19.099479597837888,Completed,Medium,Closed,Org line C,C_6,se,G273 3rd,PROD804,Sweden
1020,Accepted-In Progress,Value 466,19.071503995361038,Accepted,Medium,In Progress,Org line C,E_7,se,G153 2nd,PROD673,INDIA
1020,Completed-Closed,Value 466,19.092321316465178,Completed,Medium,Closed,Org line C,E_7,se,G153 2nd,PROD673,INDIA
1021,Accepted-In Progress,Value 285,19.071534212129738,Accepted,Low,In Progress,Org line A2,A2_3,se,S35 2nd,PROD368,Sweden
1021,Completed-Closed,Value 285,19.087147706817962,Completed,Low,Closed,Org line A2,A2_3,se,S35 2nd,PROD368,Sweden
1022,Queued-Awaiting Assignment,Value 427,19.07153860921159,Queued,Medium,Awaiting Assignment,Org line C,C_6,se,G148 3rd,PROD544,Sweden
1022,Accepted-In Progress,Value 427,19.096362182571337,Accepted,Medium,In Progress,Org line C,C_6,se,G148 3rd,PROD544,Sweden
1022,Completed-Closed,Value 427,19.09636223854039,Completed,Medium,Closed,Org line C,C_6,se,G148 3rd,PROD544,Sweden
1023,Accepted-In Progress,Value 30,19.07154102942396,Accepted,Low,In Progress,Org line A2,A2_2,se,G30 2nd,PROD378,USA
1023,Completed-Closed,Value 30,19.099517537613913,Completed,Low,Closed,Org line A2,A2_2,se,G30 2nd,PROD378,USA
1024,Accepted-In Progress,Value 31,19.07155145609086,Accepted,Medium,In Progress,Org line V2,,se,T2 2nd,PROD492,Sweden
1024,Completed-Closed,Value 31,19.11765300953801,Completed,Medium,Closed,Org line V2,,se,T2 2nd,PROD492,Sweden
1025,Accepted-In Progress,Value 133,19.071579225232654,Accepted,Low,In Progress,Org line G4,,se,S33 2nd,PROD374,Sweden
1025,Completed-Closed,Value 133,19.086682426807428,Completed,Low,Closed,Org line G4,,se,S33 2nd,PROD374,Sweden
1026,Accepted-In Progress,Value 293,19.071561230666354,Accepted,Low,In Progress,Org line A2,A2_5,us,N30 2nd,PROD485,USA
1026,Completed-Closed,Value 293,19.08725194074133,Completed,Low,Closed,Org line A2,A2_5,us,N30 2nd,PROD485,USA
1027,Accepted-In Progress,Value 128,19.071835104217982,Accepted,Major,In Progress,Org line C,E_1,be,G213 2nd,PROD715,Sweden
1027,Completed-Closed,Value 128,19.07817726990964,Completed,Major,Closed,Org line C,E_1,be,G213 2nd,PROD715,Sweden
1028,Accepted-In Progress,Value 254,19.071788798963507,Accepted,Major,In Progress,Org line C,E_8,se,G119 2nd,PROD72,INDIA
1028,Queued-Awaiting Assignment,Value 254,19.07178898669184,Queued,Major,Awaiting Assignment,Org line C,E_8,se,G119 2nd,PROD72,INDIA
1028,Accepted-In Progress,Value 467,19.071797309279205,Accepted,Major,In Progress,Org line C,C_5,se,G120 3rd,PROD72,Korea
1028,Accepted-In Progress,Value 280,19.07186970139542,Accepted,Major,In Progress,Org line C,C_5,se,G120 3rd,PROD72,France
1028,Completed-Closed,Value 280,19.081843967558846,Completed,Major,Closed,Org line C,C_5,se,G120 3rd,PROD72,France
1029,Accepted-In Progress,Value 8,19.071885557817808,Accepted,Medium,In Progress,Org line G4,,se,S29 2nd,PROD411,Sweden
1029,Accepted-Assigned,Value 8,19.07188766955519,Accepted,Medium,Assigned,Org line G4,,se,S29 2nd,PROD411,Sweden
1029,Accepted-Wait,Value 8,19.073693339505322,Accepted,Medium,Wait,Org line G4,,se,S29 2nd,PROD411,Sweden
1029,Accepted-In Progress,Value 468,19.08363158969005,Accepted,Medium,In Progress,Org line G4,,se,S29 2nd,PROD411,Sweden
1029,Queued-Awaiting Assignment,Value 98,19.083631816434536,Queued,Medium,Awaiting Assignment,Org line A2,A2_3,se,G110 2nd,PROD411,Sweden
1029,Accepted-In Progress,Value 39,19.09953134875522,Accepted,Medium,In Progress,Org line A2,A2_3,se,M3 2nd,PROD411,Sweden
1029,Completed-Closed,Value 39,19.099531434979156,Completed,Medium,Closed,Org line A2,A2_3,se,M3 2nd,PROD411,Sweden
1030,Accepted-In Progress,Value 276,19.071893655393943,Accepted,Major,In Progress,Org line C,E_4,us,G88 2nd,PROD793,INDIA
1030,Completed-Closed,Value 276,19.08320472420007,Completed,Major,Closed,Org line C,E_4,us,G88 2nd,PROD793,INDIA
1031,Accepted-In Progress,Value 469,19.07192286452167,Accepted,High,In Progress,Org line A2,A2_4,us,G113 2nd,PROD521,Sweden
1031,Accepted-Wait,Value 469,19.075180418244567,Accepted,High,Wait,Org line A2,A2_4,us,G113 2nd,PROD521,Sweden
1031,Completed-Closed,Value 469,19.108571594180795,Completed,High,Closed,Org line A2,A2_4,us,G113 2nd,PROD521,Sweden
1032,Accepted-In Progress,Value 140,19.07196858484391,Accepted,Medium,In Progress,Org line A2,D_1,se,L38 3rd,PROD607,Sweden
1032,Accepted-Wait,Value 140,19.073713060124934,Accepted,Medium,Wait,Org line A2,D_1,se,L38 3rd,PROD607,Sweden
1032,Completed-Closed,Value 140,19.07775069742557,Completed,Medium,Closed,Org line A2,D_1,se,L38 3rd,PROD607,Sweden
1033,Accepted-In Progress,Value 412,19.071973668226487,Accepted,High,In Progress,Org line C,E_7,in,G165 2nd,PROD671,INDIA
1033,Completed-Closed,Value 412,19.092277564620893,Completed,High,Closed,Org line C,E_7,in,G165 2nd,PROD671,INDIA
1034,Accepted-In Progress,Value 155,19.072003823884742,Accepted,Medium,In Progress,Org line A2,A2_1,be,G54 2nd,PROD715,POLAND
1034,Queued-Awaiting Assignment,Value 155,19.077716805954445,Queued,Medium,Awaiting Assignment,Org line A2,A2_1,be,G54 2nd,PROD715,POLAND
1034,Accepted-In Progress,Value 444,19.077759654783694,Accepted,Medium,In Progress,Org line A2,A2_1,be,G54 2nd,PROD715,POLAND
1034,Queued-Awaiting Assignment,Value 391,19.077805793237573,Queued,Medium,Awaiting Assignment,Org line C,E_1,be,G213 2nd,PROD715,Belgium
1034,Accepted-In Progress,Value 470,19.07816879817228,Accepted,Medium,In Progress,Org line C,E_1,be,G213 2nd,PROD715,INDIA
1034,Completed-Closed,Value 470,19.078169010614275,Completed,Medium,Closed,Org line C,E_1,be,G213 2nd,PROD715,INDIA
1035,Accepted-In Progress,Value 355,19.072026492166053,Accepted,Low,In Progress,Org line C,E_10,in,G263 2nd,PROD104,Sweden
1035,Accepted-Wait,Value 355,19.07203400991405,Accepted,Low,Wait,Org line C,E_10,in,G263 2nd,PROD104,Sweden
1035,Completed-Closed,Value 355,19.080089050983133,Completed,Low,Closed,Org line C,E_10,in,G263 2nd,PROD104,Sweden
1036,Accepted-In Progress,Value 96,19.072019959708065,Accepted,High,In Progress,Org line C,E_10,se,G285 2nd,PROD646,Sweden
1036,Completed-Closed,Value 96,19.08132459314672,Completed,High,Closed,Org line C,E_10,se,G285 2nd,PROD646,Sweden
1037,Accepted-In Progress,Value 438,19.07202086685163,Accepted,Medium,In Progress,Org line C,C_4,se,G155 3rd,PROD673,United Kingdom
1037,Accepted-Assigned,Value 438,19.072418460590693,Accepted,Medium,Assigned,Org line C,C_4,se,G155 3rd,PROD673,United Kingdom
1037,Accepted-In Progress,Value 438,19.072491057884825,Accepted,Medium,In Progress,Org line C,C_4,se,G155 3rd,PROD673,United Kingdom
1037,Accepted-Wait,Value 438,19.075605428574406,Accepted,Medium,Wait,Org line C,C_4,se,G155 3rd,PROD673,United Kingdom
1037,Completed-Closed,Value 438,19.089429555253123,Completed,Medium,Closed,Org line C,C_4,se,G155 3rd,PROD673,United Kingdom
1038,Accepted-In Progress,Value 294,19.072035219421625,Accepted,High,In Progress,Org line C,E_4,us,G88 2nd,OTHERS,Sweden
1038,Completed-Closed,Value 294,19.08662747367269,Completed,High,Closed,Org line C,E_4,us,G88 2nd,OTHERS,Sweden
1039,Accepted-In Progress,Value 139,19.072325208770597,Accepted,Medium,In Progress,Org line G4,,se,S33 2nd,PROD374,Sweden
1039,Completed-Closed,Value 139,19.08095026916549,Completed,Medium,Closed,Org line G4,,se,S33 2nd,PROD374,Sweden
1040,Accepted-In Progress,Value 471,19.072342569392056,Accepted,Medium,In Progress,Org line C,E_10,in,G271 2nd,PROD802,Sweden
1040,Accepted-Wait,Value 471,19.072347416344527,Accepted,Medium,Wait,Org line C,E_10,in,G271 2nd,PROD802,Sweden
1040,Completed-Closed,Value 471,19.075580290563856,Completed,Medium,Closed,Org line C,E_10,in,G271 2nd,PROD802,Sweden
1041,Accepted-In Progress,Value 353,19.072350371410476,Accepted,High,In Progress,Org line A2,A2_4,fr,W6 2nd,PROD66,France
1041,Completed-Closed,Value 353,19.086213887338698,Completed,High,Closed,Org line A2,A2_4,fr,W6 2nd,PROD66,France
1042,Accepted-In Progress,Value 359,19.072997091411327,Accepted,Major,In Progress,Org line C,E_4,us,G88 2nd,PROD436,INDIA
1042,Accepted-Wait,Value 359,19.07301464349576,Accepted,Major,Wait,Org line C,E_4,us,G88 2nd,PROD436,INDIA
1042,Accepted-In Progress,Value 359,19.073431870516508,Accepted,Major,In Progress,Org line C,E_4,us,G88 2nd,PROD436,INDIA
1042,Accepted-Wait,Value 359,19.073431896547085,Accepted,Major,Wait,Org line C,E_4,us,G88 2nd,PROD436,INDIA
1042,Queued-Awaiting Assignment,Value 150,19.07610577674882,Queued,Major,Awaiting Assignment,Org line C,E_4,us,G88 2nd,PROD436,USA
1042,Accepted-In Progress,Value 150,19.08054208669422,Accepted,Major,In Progress,Org line C,E_4,us,G88 2nd,PROD436,USA
1042,Accepted-Assigned,Value 299,19.080542267617254,Accepted,Major,Assigned,Org line C,E_4,us,G88 2nd,PROD436,INDIA
1042,Accepted-Assigned,Value 276,19.080551897844718,Accepted,Major,Assigned,Org line C,E_4,us,G88 2nd,PROD436,INDIA
1042,Completed-Closed,Value 276,19.083216148688614,Completed,Major,Closed,Org line C,E_4,us,G88 2nd,PROD436,INDIA
1043,Accepted-In Progress,Value 472,19.072969403283295,Accepted,High,In Progress,Org line A2,D_1,in,G123 2nd,PROD605,INDIA
1043,Completed-Closed,Value 472,19.072976992073357,Completed,High,Closed,Org line A2,D_1,in,G123 2nd,PROD605,INDIA
1044,Accepted-In Progress,Value 8,19.073453283039758,Accepted,Medium,In Progress,Org line G4,,se,S33 2nd,PROD374,Sweden
1044,Completed-Closed,Value 8,19.093055457974053,Completed,Medium,Closed,Org line G4,,se,S33 2nd,PROD374,Sweden
1045,Accepted-In Progress,Value 77,19.073660070162383,Accepted,High,In Progress,Org line C,E_7,se,G160 2nd,PROD673,Sweden
1045,Completed-Closed,Value 77,19.095158877271416,Completed,High,Closed,Org line C,E_7,se,G160 2nd,PROD673,Sweden
1046,Accepted-In Progress,Value 273,19.073716458756696,Accepted,Medium,In Progress,Org line A2,A2_3,se,G349 3rd,PROD80,Sweden
1046,Completed-Closed,Value 273,19.07687061392977,Completed,Medium,Closed,Org line A2,A2_3,se,G349 3rd,PROD80,Sweden
1047,Accepted-In Progress,Value 150,19.073697492890634,Accepted,Medium,In Progress,Org line C,E_4,in,G88 2nd,PROD793,USA
1047,Accepted-Wait,Value 150,19.073698476584628,Accepted,Medium,Wait,Org line C,E_4,in,G88 2nd,PROD793,USA
1047,Queued-Awaiting Assignment,Value 150,19.08055467885933,Queued,Medium,Awaiting Assignment,Org line C,E_4,in,G88 2nd,PROD793,USA
1047,Accepted-Assigned,Value 294,19.080914512052434,Accepted,Medium,Assigned,Org line C,E_4,in,G88 2nd,PROD793,Sweden
1047,Accepted-In Progress,Value 294,19.083170944894665,Accepted,Medium,In Progress,Org line C,E_4,in,G88 2nd,PROD793,Sweden
1047,Accepted-In Progress,Value 294,19.092937613502606,Accepted,Medium,In Progress,Org line C,E_4,in,G88 2nd,PROD793,Sweden
1047,Accepted-In Progress,Value 446,19.09332598365339,Accepted,Medium,In Progress,Org line C,E_4,in,G93 2nd,PROD793,Sweden
1047,Completed-Closed,Value 446,19.093327621897295,Completed,Medium,Closed,Org line C,E_4,in,G93 2nd,PROD793,Sweden
1047,Accepted-In Progress,Value 446,19.09332765251865,Accepted,Medium,In Progress,Org line C,E_4,in,G93 2nd,PROD793,Sweden
1047,Completed-Closed,Value 446,19.093327861764557,Completed,Medium,Closed,Org line C,E_4,in,G93 2nd,PROD793,Sweden
1047,Accepted-In Progress,Value 446,19.09333986526131,Accepted,Medium,In Progress,Org line C,E_4,in,G93 2nd,PROD793,Sweden
1047,Completed-Closed,Value 446,19.093342212867128,Completed,Medium,Closed,Org line C,E_4,in,G93 2nd,PROD793,Sweden
1048,Accepted-In Progress,Value 273,19.073769934940934,Accepted,Medium,In Progress,Org line A2,A2_3,se,G349 3rd,PROD80,Sweden
1048,Completed-Closed,Value 273,19.076870691753424,Completed,Medium,Closed,Org line A2,A2_3,se,G349 3rd,PROD80,Sweden
1049,Accepted-In Progress,Value 473,19.073737297894006,Accepted,Medium,In Progress,Org line C,E_10,in,G271 2nd,PROD802,Sweden
1049,Completed-Closed,Value 473,19.074137097272718,Completed,Medium,Closed,Org line C,E_10,in,G271 2nd,PROD802,Sweden
1050,Accepted-In Progress,Value 385,19.073824740508545,Accepted,Medium,In Progress,Org line A2,A2_5,se,A10,PROD320,Sweden
1050,Accepted-Wait,Value 385,19.078171715359666,Accepted,Medium,Wait,Org line A2,A2_5,se,A10,PROD320,Sweden
1050,Completed-Closed,Value 385,19.101631570436314,Completed,Medium,Closed,Org line A2,A2_5,se,A10,PROD320,Sweden
1051,Accepted-In Progress,Value 2,19.07376417890701,Accepted,Medium,In Progress,Org line C,C_4,se,G155 3rd,PROD673,Sweden
1051,Accepted-In Progress,Value 2,19.073934706878575,Accepted,Medium,In Progress,Org line C,C_4,se,G155 3rd,PROD673,Sweden
1051,Completed-Closed,Value 2,19.093251723985496,Completed,Medium,Closed,Org line C,C_4,se,G155 3rd,PROD673,Sweden
1052,Accepted-In Progress,Value 150,19.073773463487846,Accepted,Medium,In Progress,Org line C,E_4,us,G88 2nd,PROD793,USA
1052,Accepted-Wait,Value 150,19.073774780184316,Accepted,Medium,Wait,Org line C,E_4,us,G88 2nd,PROD793,USA
1052,Queued-Awaiting Assignment,Value 150,19.08404824382892,Queued,Medium,Awaiting Assignment,Org line C,E_4,us,G88 2nd,PROD793,USA
1052,Accepted-In Progress,Value 393,19.0863855381319,Accepted,Medium,In Progress,Org line C,E_4,us,G88 2nd,PROD793,Sweden
1052,Queued-Awaiting Assignment,Value 217,19.089309924801224,Queued,Medium,Awaiting Assignment,Org line C,E_5,us,G92,PROD793,INDIA
1052,Accepted-In Progress,Value 276,19.09903421521511,Accepted,Medium,In Progress,Org line C,E_4,us,G88 2nd,PROD793,INDIA
1052,Completed-Closed,Value 276,19.099035174298624,Completed,Medium,Closed,Org line C,E_4,us,G88 2nd,PROD793,INDIA
1053,Accepted-In Progress,Value 273,19.073776955592077,Accepted,Medium,In Progress,Org line A2,A2_3,se,G349 3rd,PROD93,Sweden
1053,Completed-Closed,Value 273,19.073892214209476,Completed,Medium,Closed,Org line A2,A2_3,se,G349 3rd,PROD93,Sweden
1054,Accepted-In Progress,Value 126,19.07378934179488,Accepted,Medium,In Progress,Org line A2,A2_3,se,U6 2nd,PROD831,Sweden
1054,Accepted-In Progress,Value 126,19.073789591599073,Accepted,Medium,In Progress,Org line A2,A2_3,se,U6 2nd,PROD831,Sweden
1054,Completed-Closed,Value 126,19.083189149359903,Completed,Medium,Closed,Org line A2,A2_3,se,U6 2nd,PROD831,Sweden
1055,Accepted-In Progress,Value 43,19.073789659254363,Accepted,High,In Progress,Org line G3,,us,G199 3rd,PROD98,POLAND
1055,Completed-Closed,Value 43,19.074150529895924,Completed,High,Closed,Org line G3,,us,G199 3rd,PROD98,POLAND
1056,Accepted-In Progress,Value 474,19.07383238005477,Accepted,Medium,In Progress,Org line A2,A2_5,cn,N18 2nd,PROD789,China
1056,Accepted-In Progress,Value 474,19.112531339308887,Accepted,Medium,In Progress,Org line A2,A2_5,cn,N18 2nd,PROD789,China
1056,Completed-Closed,Value 474,19.112531594639698,Completed,Medium,Closed,Org line A2,A2_5,cn,N18 2nd,PROD789,China
1057,Accepted-In Progress,Value 126,19.073920084941733,Accepted,High,In Progress,Org line A2,A2_3,se,U6 2nd,PROD831,Sweden
1057,Accepted-In Progress,Value 126,19.073920152588197,Accepted,High,In Progress,Org line A2,A2_3,se,U6 2nd,PROD831,Sweden
1057,Completed-Closed,Value 126,19.075022374766775,Completed,High,Closed,Org line A2,A2_3,se,U6 2nd,PROD831,Sweden
1058,Accepted-In Progress,Value 33,19.074060498738916,Accepted,Medium,In Progress,Org line A2,A2_4,be,G7 3rd,PROD737,Belgium
1058,Queued-Awaiting Assignment,Value 33,19.074061232339606,Queued,Medium,Awaiting Assignment,Org line A2,A2_4,be,G7 3rd,PROD737,Belgium
1058,Accepted-In Progress,Value 33,19.080441788263137,Accepted,Medium,In Progress,Org line F,,be,G207 2nd,PROD737,Belgium
1058,Queued-Awaiting Assignment,Value 475,19.080442356935315,Queued,Medium,Awaiting Assignment,Org line A2,A2_4,be,G7 3rd,PROD737,Belgium
1058,Accepted-In Progress,Value 475,19.080443251300903,Accepted,Medium,In Progress,Org line A2,A2_4,be,G7 3rd,PROD737,Belgium
1058,Completed-Closed,Value 475,19.11421973274544,Completed,Medium,Closed,Org line A2,A2_4,be,G7 3rd,PROD737,Belgium
1059,Queued-Awaiting Assignment,Value 96,19.074142445372047,Queued,Major,Awaiting Assignment,Org line C,E_10,se,G285 2nd,PROD209,Sweden
1059,Accepted-In Progress,Value 231,19.074235642335807,Accepted,Major,In Progress,Org line C,E_10,se,G285 2nd,PROD209,Belgium
1059,Completed-Closed,Value 231,19.074614328533702,Completed,Major,Closed,Org line C,E_10,se,G285 2nd,PROD209,Belgium
1060,Accepted-In Progress,Value 298,19.074129408029197,Accepted,Medium,In Progress,Org line G4,,se,S33 2nd,PROD397,Sweden
1060,Completed-Closed,Value 298,19.103092490396214,Completed,Medium,Closed,Org line G4,,se,S33 2nd,PROD397,Sweden
1061,Accepted-In Progress,Value 43,19.074195425386822,Accepted,Medium,In Progress,Org line G3,,us,G199 3rd,PROD98,POLAND
1061,Completed-Closed,Value 43,19.074200289377508,Completed,Medium,Closed,Org line G3,,us,G199 3rd,PROD98,POLAND
1062,Accepted-In Progress,Value 106,19.074160502799614,Accepted,Medium,In Progress,Org line G4,,se,S29 2nd,PROD176,Sweden
1062,Completed-Closed,Value 106,19.074245603986963,Completed,Medium,Closed,Org line G4,,se,S29 2nd,PROD176,Sweden
1063,Accepted-Assigned,Value 476,19.07419501441754,Accepted,Medium,Assigned,Org line A2,A2_3,se,G348 2nd,PROD82,Sweden
1063,Accepted-Wait,Value 476,19.074195815547377,Accepted,Medium,Wait,Org line A2,A2_3,se,G348 2nd,PROD82,Sweden
1063,Completed-Closed,Value 476,19.07515193816844,Completed,Medium,Closed,Org line A2,A2_3,se,G348 2nd,PROD82,Sweden
1064,Accepted-In Progress,Value 345,19.074199181326097,Accepted,Medium,In Progress,Org line C,C_6,se,G268 3rd,PROD805,Sweden
1064,Queued-Awaiting Assignment,Value 345,19.074200846003812,Queued,Medium,Awaiting Assignment,Org line C,C_6,se,G268 3rd,PROD805,Sweden
1064,Accepted-In Progress,Value 45,19.07426558421112,Accepted,Medium,In Progress,Org line C,C_6,se,G268 3rd,PROD805,Sweden
1064,Accepted-Wait,Value 45,19.102993432804105,Accepted,Medium,Wait,Org line C,C_6,se,G268 3rd,PROD805,Sweden
1064,Completed-Closed,Value 45,19.113887312748794,Completed,Medium,Closed,Org line C,C_6,se,G268 3rd,PROD805,Sweden
1065,Accepted-In Progress,Value 477,19.074249765482865,Accepted,Low,In Progress,Org line A2,A2_4,in,G17 3rd,PROD66,Sweden
1065,Accepted-Wait,Value 477,19.074251034735667,Accepted,Low,Wait,Org line A2,A2_4,in,G17 3rd,PROD66,Sweden
1065,Accepted-Wait,Value 477,19.07512916391809,Accepted,Low,Wait,Org line A2,A2_4,in,G17 3rd,PROD66,Sweden
1065,Accepted-In Progress,Value 477,19.094247865146052,Accepted,Low,In Progress,Org line A2,A2_4,in,G17 3rd,PROD66,Sweden
1065,Completed-Closed,Value 477,19.094248114990407,Completed,Low,Closed,Org line A2,A2_4,in,G17 3rd,PROD66,Sweden
1066,Accepted-In Progress,Value 76,19.07424785639877,Accepted,Medium,In Progress,Org line A2,A2_4,se,M13 2nd,PROD705,Sweden
1066,Completed-Closed,Value 76,19.080952873390824,Completed,Medium,Closed,Org line A2,A2_4,se,M13 2nd,PROD705,Sweden
1067,Accepted-Wait,Value 38,19.074268117473196,Accepted,Medium,Wait,Org line A2,A2_1,se,N7 2nd,PROD746,Sweden
1067,Queued-Awaiting Assignment,Value 38,19.074268684465267,Queued,Medium,Awaiting Assignment,Org line A2,A2_1,se,N7 2nd,PROD746,Sweden
1067,Queued-Awaiting Assignment,Value 237,19.07427998782725,Queued,Medium,Awaiting Assignment,Org line A2,A2_3,se,G44 2nd,PROD746,Sweden
1067,Accepted-In Progress,Value 111,19.07462018887482,Accepted,Medium,In Progress,Org line A2,A2_3,se,G44 2nd,PROD746,Sweden
1067,Completed-Closed,Value 111,19.074621806052527,Completed,Medium,Closed,Org line A2,A2_3,se,G44 2nd,PROD746,Sweden
1068,Accepted-In Progress,Value 76,19.07428332211257,Accepted,Medium,In Progress,Org line G4,,se,S33 2nd,PROD374,Sweden
1068,Completed-Closed,Value 76,19.089894849650115,Completed,Medium,Closed,Org line G4,,se,S33 2nd,PROD374,Sweden
1069,Accepted-In Progress,Value 307,19.07431465656905,Accepted,Medium,In Progress,Org line C,E_4,in,G87 2nd,PROD168,INDIA
1069,Accepted-Wait,Value 307,19.076814428861297,Accepted,Medium,Wait,Org line C,E_4,in,G87 2nd,PROD168,INDIA
1069,Completed-Closed,Value 307,19.07699093243716,Completed,Medium,Closed,Org line C,E_4,in,G87 2nd,PROD168,INDIA
1070,Accepted-In Progress,Value 385,19.074705562922357,Accepted,Medium,In Progress,Org line A2,A2_5,se,A10,PROD320,Sweden
1070,Accepted-Wait,Value 385,19.077805622185558,Accepted,Medium,Wait,Org line A2,A2_5,se,A10,PROD320,Sweden
1070,Completed-Closed,Value 385,19.084993823661268,Completed,Medium,Closed,Org line A2,A2_5,se,A10,PROD320,Sweden
1071,Accepted-In Progress,Value 477,19.074634410589127,Accepted,Low,In Progress,Org line A2,A2_4,in,G17 3rd,PROD194,Sweden
1071,Completed-Closed,Value 477,19.12022020528316,Completed,Low,Closed,Org line A2,A2_4,in,G17 3rd,PROD194,Sweden
1072,Accepted-In Progress,Value 478,19.074632029051067,Accepted,Medium,In Progress,Org line A2,A2_1,pl,W16 3rd,PROD756,POLAND
1072,Accepted-Assigned,Value 478,19.07463425459336,Accepted,Medium,Assigned,Org line A2,A2_1,pl,W16 3rd,PROD756,POLAND
1072,Accepted-In Progress,Value 478,19.075086851913106,Accepted,Medium,In Progress,Org line A2,A2_1,pl,W16 3rd,PROD756,POLAND
1072,Accepted-Wait,Value 478,19.09329688268667,Accepted,Medium,Wait,Org line A2,A2_1,pl,W16 3rd,PROD756,POLAND
1072,Accepted-In Progress,Value 478,19.09947737618607,Accepted,Medium,In Progress,Org line A2,A2_1,pl,W16 3rd,PROD756,POLAND
1072,Accepted-Wait,Value 478,19.09952020551726,Accepted,Medium,Wait,Org line A2,A2_1,pl,W16 3rd,PROD756,POLAND
1072,Completed-Closed,Value 478,19.106406649848804,Completed,Medium,Closed,Org line A2,A2_1,pl,W16 3rd,PROD756,POLAND
1073,Accepted-In Progress,Value 76,19.07462241444346,Accepted,Major,In Progress,Org line A2,A2_3,se,V23 2nd,PROD221,Sweden
1073,Queued-Awaiting Assignment,Value 76,19.074622653639796,Queued,Major,Awaiting Assignment,Org line A2,A2_3,se,V23 2nd,PROD221,Sweden
1073,Accepted-In Progress,Value 76,19.07690973770954,Accepted,Major,In Progress,Org line G4,,se,M22 2nd,PROD221,Sweden
1073,Accepted-Assigned,Value 77,19.105634958638355,Accepted,Major,Assigned,Org line A2,A2_3,se,V23 2nd,PROD221,Sweden
1073,Accepted-In Progress,Value 76,19.10563496367949,Accepted,Major,In Progress,Org line A2,A2_3,se,V23 2nd,PROD221,Sweden
1073,Completed-Closed,Value 76,19.105635906370928,Completed,Major,Closed,Org line A2,A2_3,se,V23 2nd,PROD221,Sweden
1074,Accepted-In Progress,Value 43,19.074668781063576,Accepted,Medium,In Progress,Org line G3,,us,G199 3rd,PROD98,POLAND
1074,Completed-Closed,Value 43,19.074668999450108,Completed,Medium,Closed,Org line G3,,us,G199 3rd,PROD98,POLAND
1075,Accepted-In Progress,Value 359,19.074706899190033,Accepted,High,In Progress,Org line C,E_4,us,G88 2nd,PROD793,INDIA
1075,Accepted-Wait,Value 359,19.074707746705183,Accepted,High,Wait,Org line C,E_4,us,G88 2nd,PROD793,INDIA
1075,Completed-Closed,Value 359,19.08002346295082,Completed,High,Closed,Org line C,E_4,us,G88 2nd,PROD793,INDIA
1075,Accepted-In Progress,Value 359,19.083955282078083,Accepted,High,In Progress,Org line C,E_4,us,G88 2nd,PROD793,INDIA
1075,Queued-Awaiting Assignment,Value 150,19.083955967242847,Queued,High,Awaiting Assignment,Org line C,E_4,us,G88 2nd,PROD793,USA
1075,Accepted-In Progress,Value 393,19.086381986999214,Accepted,High,In Progress,Org line C,E_4,us,G88 2nd,PROD793,Sweden
1075,Completed-Closed,Value 393,19.086382064086166,Completed,High,Closed,Org line C,E_4,us,G88 2nd,PROD793,Sweden
1076,Accepted-In Progress,Value 308,19.07468940278122,Accepted,Medium,In Progress,Org line C,,us,N6 2nd,PROD378,USA
1076,Completed-Closed,Value 308,19.09558250963128,Completed,Medium,Closed,Org line C,,us,N6 2nd,PROD378,USA
1077,Accepted-In Progress,Value 385,19.074709410536517,Accepted,Medium,In Progress,Org line A2,A2_5,se,A10,PROD320,Sweden
1077,Accepted-Wait,Value 385,19.077805865805086,Accepted,Medium,Wait,Org line A2,A2_5,se,A10,PROD320,Sweden
1077,Completed-Closed,Value 385,19.084993489153717,Completed,Medium,Closed,Org line A2,A2_5,se,A10,PROD320,Sweden
1078,Accepted-In Progress,Value 385,19.074726048697592,Accepted,Medium,In Progress,Org line A2,A2_5,se,A10,PROD320,Sweden
1078,Completed-Closed,Value 385,19.101632577645482,Completed,Medium,Closed,Org line A2,A2_5,se,A10,PROD320,Sweden
1079,Accepted-In Progress,Value 359,19.074702796790596,Accepted,High,In Progress,Org line C,E_4,us,G88 2nd,PROD793,INDIA
1079,Accepted-Wait,Value 359,19.075535800087035,Accepted,High,Wait,Org line C,E_4,us,G88 2nd,PROD793,INDIA
1079,Completed-Closed,Value 359,19.080867540144528,Completed,High,Closed,Org line C,E_4,us,G88 2nd,PROD793,INDIA
1079,Accepted-In Progress,Value 359,19.083956029062204,Accepted,High,In Progress,Org line C,E_4,us,G88 2nd,PROD793,INDIA
1079,Queued-Awaiting Assignment,Value 150,19.083956616345876,Queued,High,Awaiting Assignment,Org line C,E_4,us,G88 2nd,PROD793,USA
1079,Accepted-In Progress,Value 294,19.086684163310146,Accepted,High,In Progress,Org line C,E_4,us,G88 2nd,PROD793,Sweden
1079,Completed-Closed,Value 294,19.086684209548345,Completed,High,Closed,Org line C,E_4,us,G88 2nd,PROD793,Sweden
1080,Accepted-In Progress,Value 187,19.074722897867087,Accepted,Medium,In Progress,Org line C,E_8,in,G186 2nd,PROD62,INDIA
1080,Queued-Awaiting Assignment,Value 187,19.074723953344417,Queued,Medium,Awaiting Assignment,Org line C,E_8,in,G186 2nd,PROD62,INDIA
1080,Accepted-In Progress,Value 479,19.07507175304283,Accepted,Medium,In Progress,Org line C,E_8,in,G181 2nd,PROD62,Sweden
1080,Accepted-Assigned,Value 480,19.075071945353457,Accepted,Medium,Assigned,Org line C,E_8,in,G181 2nd,PROD62,INDIA
1080,Queued-Awaiting Assignment,Value 187,19.07511527147463,Queued,Medium,Awaiting Assignment,Org line C,E_8,in,G186 2nd,PROD62,INDIA
1080,Accepted-In Progress,Value 480,19.075115297461423,Accepted,Medium,In Progress,Org line C,E_8,in,G181 2nd,PROD62,INDIA
1080,Accepted-Assigned,Value 187,19.07511560930289,Accepted,Medium,Assigned,Org line C,E_8,in,G186 2nd,PROD62,INDIA
1080,Accepted-Assigned,Value 206,19.07511570805267,Accepted,Medium,Assigned,Org line C,E_8,in,G186 2nd,PROD62,Sweden
1080,Queued-Awaiting Assignment,Value 307,19.111683932803757,Queued,Medium,Awaiting Assignment,Org line C,E_4,in,G87 2nd,PROD62,INDIA
1080,Accepted-In Progress,Value 481,19.111702231827614,Accepted,Medium,In Progress,Org line C,E_4,in,G87 2nd,PROD62,INDIA
1080,Accepted-Wait,Value 481,19.11172188336369,Accepted,Medium,Wait,Org line C,E_4,in,G87 2nd,PROD62,INDIA
1080,Accepted-Assigned,Value 307,19.111727329807255,Accepted,Medium,Assigned,Org line C,E_4,in,G87 2nd,PROD62,INDIA
1080,Accepted-In Progress,Value 482,19.112158942536396,Accepted,Medium,In Progress,Org line C,E_4,in,G87 2nd,PROD62,Sweden
1080,Completed-Closed,Value 482,19.112159097795292,Completed,Medium,Closed,Org line C,E_4,in,G87 2nd,PROD62,Sweden
1081,Queued-Awaiting Assignment,Value 165,19.07472313703939,Queued,Major,Awaiting Assignment,Org line C,V3_3,us,N22 2nd,PROD835,USA
1081,Accepted-In Progress,Value 165,19.07561216622269,Accepted,Major,In Progress,Org line C,V3_3,us,N22 2nd,PROD835,USA
1081,Completed-Closed,Value 165,19.091196157170852,Completed,Major,Closed,Org line C,V3_3,us,N22 2nd,PROD835,USA
1082,Accepted-In Progress,Value 187,19.07503459481771,Accepted,Medium,In Progress,Org line C,E_8,us,G186 2nd,PROD476,INDIA
1082,Queued-Awaiting Assignment,Value 187,19.075036949408407,Queued,Medium,Awaiting Assignment,Org line C,E_8,us,G186 2nd,PROD476,INDIA
1082,Accepted-In Progress,Value 479,19.07507069273494,Accepted,Medium,In Progress,Org line C,E_8,us,G181 2nd,PROD476,Sweden
1082,Accepted-Assigned,Value 480,19.075070749908434,Accepted,Medium,Assigned,Org line C,E_8,us,G181 2nd,PROD476,INDIA
1082,Queued-Awaiting Assignment,Value 358,19.075072277998775,Queued,Medium,Awaiting Assignment,Org line C,E_1,us,G13 2nd,PROD476,USA
1082,Accepted-In Progress,Value 358,19.077374498884534,Accepted,Medium,In Progress,Org line C,C_1,us,G14 3rd,PROD476,USA
1082,Accepted-Assigned,Value 63,19.07737471149534,Accepted,Medium,Assigned,Org line C,C_1,us,G14 3rd,PROD476,Sweden
1082,Accepted-In Progress,Value 278,19.086633746990817,Accepted,Medium,In Progress,Org line C,C_1,us,G14 3rd,PROD476,INDIA
1082,Accepted-Assigned,Value 116,19.086633880574556,Accepted,Medium,Assigned,Org line C,C_1,us,G14 3rd,PROD476,Sweden
1082,Accepted-In Progress,Value 116,19.08766349157557,Accepted,Medium,In Progress,Org line C,C_1,us,G14 3rd,PROD476,Sweden
1082,Completed-Closed,Value 116,19.08766405102321,Completed,Medium,Closed,Org line C,C_1,us,G14 3rd,PROD476,Sweden
1083,Accepted-In Progress,Value 438,19.0750292826744,Accepted,Low,In Progress,Org line C,V3_3,gb,W1,PROD673,United Kingdom
1083,Accepted-In Progress,Value 438,19.07505526096981,Accepted,Low,In Progress,Org line C,V3_3,gb,W1,PROD673,United Kingdom
1083,Completed-Closed,Value 438,19.075494414477927,Completed,Low,Closed,Org line C,V3_3,gb,W1,PROD673,United Kingdom
1084,Accepted-Assigned,Value 289,19.07507041726261,Accepted,Medium,Assigned,Org line G4,,se,S33 2nd,PROD448,Sweden
1084,Accepted-In Progress,Value 289,19.108605461159296,Accepted,Medium,In Progress,Org line G4,,se,S33 2nd,PROD448,Sweden
1084,Completed-Closed,Value 289,19.10860646136874,Completed,Medium,Closed,Org line G4,,se,S33 2nd,PROD448,Sweden
1085,Accepted-In Progress,Value 187,19.075041897669244,Accepted,Low,In Progress,Org line C,E_8,us,G186 2nd,PROD476,INDIA
1085,Queued-Awaiting Assignment,Value 187,19.075043722074362,Queued,Low,Awaiting Assignment,Org line C,E_8,us,G186 2nd,PROD476,INDIA
1085,Accepted-In Progress,Value 199,19.07999127762682,Accepted,Low,In Progress,Org line C,E_8,us,G186 2nd,PROD476,INDIA
1085,Accepted-Wait,Value 199,19.080098354598643,Accepted,Low,Wait,Org line C,E_8,us,G186 2nd,PROD476,INDIA
1085,Queued-Awaiting Assignment,Value 358,19.08811218608215,Queued,Low,Awaiting Assignment,Org line C,E_1,us,G13 2nd,PROD476,USA
1085,Accepted-In Progress,Value 358,19.093353343505797,Accepted,Low,In Progress,Org line C,E_1,us,G13 2nd,PROD476,USA
1085,Accepted-Assigned,Value 236,19.09335354253947,Accepted,Low,Assigned,Org line C,E_1,us,G13 2nd,PROD476,France
1085,Accepted-In Progress,Value 236,19.111705348440694,Accepted,Low,In Progress,Org line C,E_1,us,G13 2nd,PROD476,France
1085,Completed-Closed,Value 236,19.12028061604726,Completed,Low,Closed,Org line C,E_1,us,G13 2nd,PROD476,France
1086,Accepted-In Progress,Value 43,19.075082532775905,Accepted,Medium,In Progress,Org line G3,,us,G199 3rd,PROD98,POLAND
1086,Completed-Closed,Value 43,19.07508383735481,Completed,Medium,Closed,Org line G3,,us,G199 3rd,PROD98,POLAND
1087,Accepted-In Progress,Value 301,19.075300914291503,Accepted,Major,In Progress,Org line B,E_10,in,G238 2nd,PROD209,INDIA
1087,Completed-Closed,Value 301,19.084427687048706,Completed,Major,Closed,Org line B,E_10,in,G238 2nd,PROD209,INDIA
1088,Accepted-In Progress,Value 289,19.07549281429696,Accepted,Low,In Progress,Org line G4,,se,S33 2nd,PROD448,Sweden
1088,Accepted-Assigned,Value 289,19.075493894938933,Accepted,Low,Assigned,Org line G4,,se,S33 2nd,PROD448,Sweden
1088,Accepted-In Progress,Value 289,19.108606742834535,Accepted,Low,In Progress,Org line G4,,se,S33 2nd,PROD448,Sweden
1088,Completed-Closed,Value 289,19.12022214782422,Completed,Low,Closed,Org line G4,,se,S33 2nd,PROD448,Sweden
1089,Accepted-In Progress,Value 88,19.075490621837062,Accepted,Medium,In Progress,Org line C,C_6,se,G278 3rd,PROD631,Sweden
1089,Queued-Awaiting Assignment,Value 88,19.07549145829745,Queued,Medium,Awaiting Assignment,Org line C,C_6,se,G278 3rd,PROD631,Sweden
1089,Accepted-In Progress,Value 88,19.090167214577214,Accepted,Medium,In Progress,Org line C,C_6,se,G278 3rd,PROD631,Sweden
1089,Accepted-Assigned,Value 93,19.10560203949738,Accepted,Medium,Assigned,Org line C,C_6,se,G278 3rd,PROD631,Sweden
1089,Accepted-In Progress,Value 44,19.105622587621205,Accepted,Medium,In Progress,Org line C,C_6,se,G278 3rd,PROD631,Sweden
1089,Completed-Closed,Value 44,19.10562315727613,Completed,Medium,Closed,Org line C,C_6,se,G278 3rd,PROD631,Sweden
1090,Accepted-In Progress,Value 76,19.07561795318737,Accepted,Medium,In Progress,Org line C,E_10,se,G291 2nd,PROD660,Sweden
1090,Queued-Awaiting Assignment,Value 76,19.07562289337937,Queued,Medium,Awaiting Assignment,Org line C,E_10,se,G291 2nd,PROD660,Sweden
1090,Accepted-In Progress,Value 76,19.07775039158843,Accepted,Medium,In Progress,Org line C,E_10,se,G291 2nd,PROD660,Sweden
1090,Completed-Closed,Value 76,19.096301210060588,Completed,Medium,Closed,Org line C,E_10,se,G291 2nd,PROD660,Sweden
1091,Accepted-In Progress,Value 337,19.075596841513534,Accepted,Major,In Progress,Org line C,E_7,in,G162 2nd,PROD678,INDIA
1091,Queued-Awaiting Assignment,Value 337,19.075599148027145,Queued,Major,Awaiting Assignment,Org line C,E_7,in,G162 2nd,PROD678,INDIA
1091,Accepted-In Progress,Value 334,19.077271672926546,Accepted,Major,In Progress,Org line C,E_7,in,G165 2nd,PROD678,INDIA
1091,Queued-Awaiting Assignment,Value 229,19.07727458235989,Queued,Major,Awaiting Assignment,Org line C,E_10,in,G271 2nd,PROD678,Sweden
1091,Accepted-In Progress,Value 483,19.077385585700007,Accepted,Major,In Progress,Org line C,E_10,in,G271 2nd,PROD678,Sweden
1091,Queued-Awaiting Assignment,Value 484,19.077385865720885,Queued,Major,Awaiting Assignment,Org line B,C_6,in,S13 3rd,PROD678,INDIA
1091,Accepted-In Progress,Value 484,19.078169580580386,Accepted,Major,In Progress,Org line B,E_10,in,G230 2nd,PROD678,INDIA
1091,Queued-Awaiting Assignment,Value 485,19.078169818929755,Queued,Major,Awaiting Assignment,Org line B,C_6,in,S13 3rd,PROD678,INDIA
1091,Accepted-In Progress,Value 485,19.078176751762626,Accepted,Major,In Progress,Org line B,C_6,in,S13 3rd,PROD678,INDIA
1091,Queued-Awaiting Assignment,Value 337,19.080041848927628,Queued,Major,Awaiting Assignment,Org line C,E_7,in,G162 2nd,PROD678,INDIA
1091,Accepted-In Progress,Value 412,19.08093046856375,Accepted,Major,In Progress,Org line C,E_7,in,G165 2nd,PROD678,INDIA
1091,Queued-Awaiting Assignment,Value 484,19.08315218843234,Queued,Major,Awaiting Assignment,Org line B,C_6,in,S13 3rd,PROD678,INDIA
1091,Accepted-In Progress,Value 485,19.08357121198803,Accepted,Major,In Progress,Org line B,C_6,in,S13 3rd,PROD678,INDIA
1091,Queued-Awaiting Assignment,Value 154,19.08487804648878,Queued,Major,Awaiting Assignment,Org line C,E_6,in,G130 3rd,PROD678,France
1091,Accepted-In Progress,Value 485,19.084878077369968,Accepted,Major,In Progress,Org line B,C_6,in,S13 3rd,PROD678,INDIA
1091,Queued-Awaiting Assignment,Value 154,19.0848822823497,Queued,Major,Awaiting Assignment,Org line C,E_6,in,G130 3rd,PROD678,France
1091,Accepted-In Progress,Value 152,19.084892328937144,Accepted,Major,In Progress,Org line C,E_8,in,G181 2nd,PROD678,INDIA
1091,Accepted-In Progress,Value 152,19.0848939038541,Accepted,Major,In Progress,Org line C,E_6,in,G130 3rd,PROD678,INDIA
1091,Queued-Awaiting Assignment,Value 484,19.084894531761474,Queued,Major,Awaiting Assignment,Org line B,C_6,in,S13 3rd,PROD678,INDIA
1091,Queued-Awaiting Assignment,Value 39,19.09423749909972,Queued,Major,Awaiting Assignment,Org line C,C_3,in,G95 3rd,PROD678,Sweden
1091,Accepted-In Progress,Value 485,19.094237504198638,Accepted,Major,In Progress,Org line B,C_6,in,S13 3rd,PROD678,INDIA
1091,Accepted-In Progress,Value 485,19.09423773874883,Accepted,Major,In Progress,Org line B,C_6,in,S13 3rd,PROD678,INDIA
1091,Accepted-In Progress,Value 485,19.094238936993527,Accepted,Major,In Progress,Org line B,C_6,in,S13 3rd,PROD678,INDIA
1091,Accepted-In Progress,Value 485,19.09423992108278,Accepted,Major,In Progress,Org line B,C_6,in,S13 3rd,PROD678,INDIA
1091,Queued-Awaiting Assignment,Value 150,19.09424085928096,Queued,Major,Awaiting Assignment,Org line C,E_4,in,G88 2nd,PROD678,USA
1091,Queued-Awaiting Assignment,Value 337,19.101635503101544,Queued,Major,Awaiting Assignment,Org line C,E_7,in,G165 2nd,PROD678,INDIA
1091,Accepted-In Progress,Value 337,19.102466097717272,Accepted,Major,In Progress,Org line C,E_7,in,G165 2nd,PROD678,INDIA
1091,Completed-Closed,Value 337,19.110756467413527,Completed,Major,Closed,Org line C,E_7,in,G165 2nd,PROD678,INDIA
1092,Accepted-In Progress,Value 486,19.075599376600277,Accepted,Medium,In Progress,Org line A2,A2_5,us,N4 2nd,PROD668,USA
1092,Completed-Closed,Value 486,19.07793217712878,Completed,Medium,Closed,Org line A2,A2_5,us,N4 2nd,PROD668,USA
1093,Accepted-In Progress,Value 98,19.07564053449674,Accepted,Major,In Progress,Org line A2,A2_3,us,G361 2nd,PROD214,Sweden
1093,Queued-Awaiting Assignment,Value 98,19.075642004575805,Queued,Major,Awaiting Assignment,Org line A2,A2_3,us,G361 2nd,PROD214,Sweden
1093,Accepted-In Progress,Value 165,19.09117012940095,Accepted,Major,In Progress,Org line C,V3_3,us,N22 2nd,PROD214,USA
1093,Completed-Closed,Value 165,19.09117217011715,Completed,Major,Closed,Org line C,V3_3,us,N22 2nd,PROD214,USA
1094,Queued-Awaiting Assignment,Value 98,19.075675665158926,Queued,High,Awaiting Assignment,Org line A2,A2_3,se,G361 2nd,PROD655,Sweden
1094,Accepted-In Progress,Value 39,19.099529771363127,Accepted,High,In Progress,Org line A2,A2_3,se,M3 2nd,PROD655,Sweden
1094,Completed-Closed,Value 39,19.09952988801922,Completed,High,Closed,Org line A2,A2_3,se,M3 2nd,PROD655,Sweden
1095,Accepted-In Progress,Value 332,19.07609876204405,Accepted,Low,In Progress,Org line C,E_10,in,G271 2nd,PROD802,Sweden
1095,Accepted-Wait,Value 332,19.07609995106853,Accepted,Low,Wait,Org line C,E_10,in,G271 2nd,PROD802,Sweden
1095,Completed-Closed,Value 332,19.09001771286669,Completed,Low,Closed,Org line C,E_10,in,G271 2nd,PROD802,Sweden
1096,Accepted-In Progress,Value 332,19.076107625175045,Accepted,Low,In Progress,Org line C,E_10,in,G271 2nd,PROD802,Sweden
1096,Accepted-Wait,Value 332,19.076107734211316,Accepted,Low,Wait,Org line C,E_10,in,G271 2nd,PROD802,Sweden
1096,Completed-Closed,Value 332,19.101611992922898,Completed,Low,Closed,Org line C,E_10,in,G271 2nd,PROD802,Sweden
1097,Accepted-In Progress,Value 339,19.07679599382607,Accepted,Low,In Progress,Org line C,E_4,in,G93 2nd,PROD455,INDIA
1097,Completed-Closed,Value 339,19.093790693298786,Completed,Low,Closed,Org line C,E_4,in,G93 2nd,PROD455,INDIA
1098,Accepted-In Progress,Value 25,19.076818890991554,Accepted,Medium,In Progress,Org line A2,A2_5,se,A10,PROD320,POLAND
1098,Accepted-Assigned,Value 25,19.076821168745713,Accepted,Medium,Assigned,Org line A2,A2_5,se,A10,PROD320,POLAND
1098,Accepted-Wait,Value 25,19.11073145539621,Accepted,Medium,Wait,Org line A2,A2_5,se,A10,PROD320,POLAND
1098,Completed-Closed,Value 25,19.110731756326544,Completed,Medium,Closed,Org line A2,A2_5,se,A10,PROD320,POLAND
1099,Accepted-In Progress,Value 187,19.076848086322244,Accepted,Medium,In Progress,Org line C,E_8,in,G186 2nd,PROD473,INDIA
1099,Queued-Awaiting Assignment,Value 187,19.076856206073455,Queued,Medium,Awaiting Assignment,Org line C,E_8,in,G186 2nd,PROD473,INDIA
1099,Accepted-In Progress,Value 279,19.077267109092478,Accepted,Medium,In Progress,Org line C,E_8,in,G186 2nd,PROD473,INDIA
1099,Accepted-Wait,Value 279,19.077267233560956,Accepted,Medium,Wait,Org line C,E_8,in,G186 2nd,PROD473,INDIA
1099,Completed-Closed,Value 279,19.07734885042965,Completed,Medium,Closed,Org line C,E_8,in,G186 2nd,PROD473,INDIA
1100,Accepted-In Progress,Value 226,19.07696876030599,Accepted,Low,In Progress,Org line G4,,se,S33 2nd,PROD397,Sweden
1100,Completed-Closed,Value 226,19.08142447770316,Completed,Low,Closed,Org line G4,,se,S33 2nd,PROD397,Sweden
1101,Accepted-In Progress,Value 24,19.07726479086424,Accepted,High,In Progress,Org line C,V3_2,se,M12,PROD502,Sweden
1101,Completed-Closed,Value 24,19.099865633800032,Completed,High,Closed,Org line C,V3_2,se,M12,PROD502,Sweden
1102,Accepted-In Progress,Value 43,19.07725733308237,Accepted,Medium,In Progress,Org line G3,,us,G199 3rd,PROD96,POLAND
1102,Completed-Closed,Value 43,19.077258572592388,Completed,Medium,Closed,Org line G3,,us,G199 3rd,PROD96,POLAND
1103,Queued-Awaiting Assignment,Value 77,19.077386560587165,Queued,High,Awaiting Assignment,Org line C,E_1,se,G55 2nd,PROD188,Belgium
1103,Accepted-In Progress,Value 209,19.077717972321192,Accepted,High,In Progress,Org line C,C_1,se,G56 3rd,PROD188,Sweden
1103,Queued-Awaiting Assignment,Value 58,19.07771810710126,Queued,High,Awaiting Assignment,Org line G4,,se,G51 2nd,PROD188,Sweden
1103,Queued-Awaiting Assignment,Value 77,19.077730797081816,Queued,High,Awaiting Assignment,Org line C,E_1,se,G55 2nd,PROD188,Belgium
1103,Accepted-Assigned,Value 119,19.08177799889786,Accepted,High,Assigned,Org line C,E_1,se,G55 2nd,PROD188,Sweden
1103,Queued-Awaiting Assignment,Value 77,19.081784607317978,Queued,High,Awaiting Assignment,Org line C,C_1,se,G56 3rd,PROD188,Belgium
1103,Accepted-Assigned,Value 209,19.08178857751188,Accepted,High,Assigned,Org line C,C_1,se,G56 3rd,PROD188,Sweden
1103,Queued-Awaiting Assignment,Value 58,19.08180545969484,Queued,High,Awaiting Assignment,Org line G4,,se,G51 2nd,PROD188,Sweden
1103,Accepted-In Progress,Value 116,19.106501738427582,Accepted,High,In Progress,Org line G4,,se,G51 2nd,PROD188,Sweden
1103,Completed-Closed,Value 116,19.10650207589081,Completed,High,Closed,Org line G4,,se,G51 2nd,PROD188,Sweden
1104,Accepted-In Progress,Value 108,19.077406115170827,Accepted,High,In Progress,Org line C,E_9,se,N12 2nd,PROD745,Sweden
1104,Accepted-Wait,Value 108,19.0862673726879,Accepted,High,Wait,Org line C,E_9,se,N12 2nd,PROD745,Sweden
1104,Completed-Closed,Value 108,19.104655319501983,Completed,High,Closed,Org line C,E_9,se,N12 2nd,PROD745,Sweden
1105,Accepted-In Progress,Value 367,19.07770364405942,Accepted,Medium,In Progress,Org line C,E_1,us,G13 2nd,PROD398,Sweden
1105,Accepted-In Progress,Value 367,19.112009732602715,Accepted,Medium,In Progress,Org line C,E_1,us,G13 2nd,PROD398,Sweden
1105,Completed-Closed,Value 367,19.117701368034652,Completed,Medium,Closed,Org line C,E_1,us,G13 2nd,PROD398,Sweden
1106,Accepted-In Progress,Value 404,19.077720838985677,Accepted,Medium,In Progress,Org line C,C_2,be,G58 3rd,PROD329,Sweden
1106,Completed-Closed,Value 404,19.078296933952878,Completed,Medium,Closed,Org line C,C_2,be,G58 3rd,PROD329,Sweden
1107,Accepted-In Progress,Value 487,19.077727396514586,Accepted,High,In Progress,Org line A2,A2_4,be,G111 2nd,PROD153,Belgium
1107,Accepted-In Progress,Value 487,19.094147300273455,Accepted,High,In Progress,Org line A2,A2_4,be,G111 2nd,PROD153,Belgium
1107,Completed-Closed,Value 487,19.09414776431673,Completed,High,Closed,Org line A2,A2_4,be,G111 2nd,PROD153,Belgium
1108,Accepted-In Progress,Value 488,19.07779674817423,Accepted,High,In Progress,Org line V7n,,nl,V32 2nd,PROD542,Netherlands
1108,Accepted-In Progress,Value 488,19.08131106026607,Accepted,High,In Progress,Org line V7n,,nl,V32 2nd,PROD542,Netherlands
1108,Queued-Awaiting Assignment,Value 5,19.08131169559243,Queued,High,Awaiting Assignment,Org line V7n,,nl,V37 2nd,PROD542,Netherlands
1108,Accepted-In Progress,Value 5,19.08132439686961,Accepted,High,In Progress,Org line V7n,,nl,V37 2nd,PROD542,Netherlands
1108,Completed-Closed,Value 5,19.081324412365174,Completed,High,Closed,Org line V7n,,nl,V37 2nd,PROD542,Netherlands
1108,Accepted-In Progress,Value 5,19.081324779093425,Accepted,High,In Progress,Org line V7n,,nl,V37 2nd,PROD542,Netherlands
1108,Completed-Closed,Value 5,19.08132490822306,Completed,High,Closed,Org line V7n,,nl,V37 2nd,PROD542,Netherlands
1108,Accepted-In Progress,Value 5,19.08132519747338,Accepted,High,In Progress,Org line V7n,,nl,V37 2nd,PROD542,Netherlands
1108,Completed-Closed,Value 5,19.081327242883976,Completed,High,Closed,Org line V7n,,nl,V37 2nd,PROD542,Netherlands
1109,Accepted-Wait,Value 471,19.077782281086225,Accepted,Medium,Wait,Org line C,E_10,in,G271 2nd,PROD802,Sweden
1109,Completed-Closed,Value 471,19.08350157418108,Completed,Medium,Closed,Org line C,E_10,in,G271 2nd,PROD802,Sweden
1110,Accepted-In Progress,Value 88,19.077767850074054,Accepted,High,In Progress,Org line G4,,se,S30 2nd,PROD412,Sweden
1110,Accepted-Assigned,Value 88,19.077772396072696,Accepted,High,Assigned,Org line G4,,se,S30 2nd,PROD412,Sweden
1110,Accepted-In Progress,Value 88,19.115074347404462,Accepted,High,In Progress,Org line G4,,se,S30 2nd,PROD412,Sweden
1110,Completed-Closed,Value 88,19.115074357392007,Completed,High,Closed,Org line G4,,se,S30 2nd,PROD412,Sweden
1111,Accepted-In Progress,Value 489,19.07782585795424,Accepted,Medium,In Progress,Org line A2,A2_4,0,G11 2nd,PROD49,Belgium
1111,Completed-Closed,Value 489,19.083563481564912,Completed,Medium,Closed,Org line A2,A2_4,0,G11 2nd,PROD49,Belgium
1112,Queued-Awaiting Assignment,Value 283,19.07783592385265,Queued,High,Awaiting Assignment,Org line C,V3_2,se,G49,PROD412,Sweden
1112,Accepted-In Progress,Value 490,19.077839697242627,Accepted,High,In Progress,Org line C,V3_2,se,G49,PROD412,Sweden
1112,Accepted-In Progress,Value 60,19.077846559799994,Accepted,High,In Progress,Org line G4,,se,S30 2nd,PROD412,Sweden
1112,Accepted-Assigned,Value 88,19.08396975801576,Accepted,High,Assigned,Org line G4,,se,S30 2nd,PROD412,Sweden
1112,Accepted-Assigned,Value 60,19.104734817238,Accepted,High,Assigned,Org line G4,,se,S30 2nd,PROD412,Sweden
1112,Accepted-In Progress,Value 88,19.104734842466367,Accepted,High,In Progress,Org line G4,,se,S30 2nd,PROD412,Sweden
1112,Completed-Closed,Value 88,19.104735372261864,Completed,High,Closed,Org line G4,,se,S30 2nd,PROD412,Sweden
1113,Queued-Awaiting Assignment,Value 283,19.077837380341403,Queued,High,Awaiting Assignment,Org line C,V3_2,fr,G49,PROD374,Sweden
1113,Accepted-In Progress,Value 490,19.0778379193972,Accepted,High,In Progress,Org line C,V3_2,fr,S36,PROD374,Sweden
1113,Accepted-In Progress,Value 490,19.077837976412702,Accepted,High,In Progress,Org line C,V3_2,fr,S36,PROD374,Sweden
1113,Queued-Awaiting Assignment,Value 283,19.077838017878516,Queued,High,Awaiting Assignment,Org line C,V3_2,fr,G49,PROD374,Sweden
1113,Queued-Awaiting Assignment,Value 108,19.07783837552111,Queued,High,Awaiting Assignment,Org line G4,,fr,S33 2nd,PROD374,Sweden
1113,Accepted-In Progress,Value 211,19.07786863473121,Accepted,High,In Progress,Org line G4,,fr,S33 2nd,PROD374,Sweden
1113,Completed-Cancelled,Value 491,19.077869572866117,Completed,High,Cancelled,Org line A2,A2_4,fr,V23 2nd,PROD374,France
1113,Accepted-In Progress,Value 492,19.096021278020473,Accepted,High,In Progress,Org line A2,A2_4,fr,V23 2nd,PROD374,France
1113,Completed-Closed,Value 492,19.09941092216801,Completed,High,Closed,Org line A2,A2_4,fr,V23 2nd,PROD374,France
1114,Accepted-In Progress,Value 298,19.078174554816307,Accepted,Medium,In Progress,Org line G4,,se,S33 2nd,PROD397,Sweden
1114,Completed-Closed,Value 298,19.07872092761387,Completed,Medium,Closed,Org line G4,,se,S33 2nd,PROD397,Sweden
1115,Accepted-In Progress,Value 213,19.078167031274887,Accepted,Low,In Progress,Org line A2,A2_2,pl,G171 2nd,PROD686,POLAND
1115,Completed-Closed,Value 213,19.078175440849485,Completed,Low,Closed,Org line A2,A2_2,pl,G171 2nd,PROD686,POLAND
1116,Accepted-In Progress,Value 355,19.078246113715718,Accepted,Low,In Progress,Org line C,E_10,in,G263 2nd,PROD802,Sweden
1116,Accepted-Wait,Value 355,19.078303508428387,Accepted,Low,Wait,Org line C,E_10,in,G263 2nd,PROD802,Sweden
1116,Accepted-Wait,Value 355,19.08759060672894,Accepted,Low,Wait,Org line C,E_10,in,G263 2nd,PROD802,Sweden
1116,Completed-Closed,Value 355,19.109014594000655,Completed,Low,Closed,Org line C,E_10,in,G263 2nd,PROD802,Sweden
1117,Accepted-In Progress,Value 415,19.07824459564872,Accepted,Low,In Progress,Org line C,E_4,in,G87 2nd,PROD565,INDIA
1117,Accepted-Wait,Value 415,19.078245554155455,Accepted,Low,Wait,Org line C,E_4,in,G87 2nd,PROD565,INDIA
1117,Completed-Closed,Value 415,19.090315286228357,Completed,Low,Closed,Org line C,E_4,in,G87 2nd,PROD565,INDIA
1118,Accepted-In Progress,Value 493,19.078355843649323,Accepted,Major,In Progress,Org line C,E_8,in,G186 2nd,PROD473,Sweden
1118,Accepted-In Progress,Value 493,19.079978580094497,Accepted,Major,In Progress,Org line C,E_8,in,G186 2nd,PROD473,Sweden
1118,Completed-Closed,Value 493,19.07997909730874,Completed,Major,Closed,Org line C,E_8,in,G186 2nd,PROD473,Sweden
1119,Accepted-In Progress,Value 333,19.078370587367726,Accepted,Major,In Progress,Org line C,E_10,in,G266 2nd,PROD805,Sweden
1119,Completed-Closed,Value 333,19.08099603330446,Completed,Major,Closed,Org line C,E_10,in,G266 2nd,PROD805,Sweden
1120,Accepted-In Progress,Value 461,19.078540461180445,Accepted,Medium,In Progress,Org line C,E_1,se,G294 2nd,PROD306,INDIA
1120,Completed-Closed,Value 461,19.106325672866483,Completed,Medium,Closed,Org line C,E_1,se,G294 2nd,PROD306,INDIA
1121,Accepted-In Progress,Value 7,19.078726028573683,Accepted,Major,In Progress,Org line C,V3_2,se,U4,PROD535,Sweden
1121,Completed-Closed,Value 7,19.09377335418115,Completed,Major,Closed,Org line C,V3_2,se,U4,PROD535,Sweden
1122,Accepted-In Progress,Value 150,19.078718276140215,Accepted,High,In Progress,Org line C,E_4,us,G88 2nd,PROD278,USA
1122,Queued-Awaiting Assignment,Value 150,19.078719063297193,Queued,High,Awaiting Assignment,Org line C,E_4,us,G88 2nd,PROD278,USA
1122,Queued-Awaiting Assignment,Value 307,19.084886147621468,Queued,High,Awaiting Assignment,Org line C,E_4,us,G87 2nd,PROD278,INDIA
1122,Accepted-In Progress,Value 307,19.084887825484454,Accepted,High,In Progress,Org line C,E_4,us,G87 2nd,PROD278,INDIA
1122,Queued-Awaiting Assignment,Value 217,19.084904799535156,Queued,High,Awaiting Assignment,Org line C,E_5,us,G92,PROD278,INDIA
1122,Accepted-In Progress,Value 307,19.084904825268794,Accepted,High,In Progress,Org line C,E_4,us,G87 2nd,PROD278,INDIA
1122,Queued-Awaiting Assignment,Value 150,19.084904953936963,Queued,High,Awaiting Assignment,Org line C,E_4,us,G88 2nd,PROD278,USA
1122,Accepted-In Progress,Value 294,19.086684748993815,Accepted,High,In Progress,Org line C,E_4,us,G88 2nd,PROD278,Sweden
1122,Queued-Awaiting Assignment,Value 307,19.092937725824704,Queued,High,Awaiting Assignment,Org line C,E_4,us,G87 2nd,PROD278,INDIA
1122,Accepted-In Progress,Value 307,19.092940181591064,Accepted,High,In Progress,Org line C,E_4,us,G87 2nd,PROD278,INDIA
1122,Queued-Awaiting Assignment,Value 150,19.09294486846313,Queued,High,Awaiting Assignment,Org line C,E_4,us,G88 2nd,PROD278,USA
1122,Accepted-In Progress,Value 274,19.101624398470328,Accepted,High,In Progress,Org line C,E_4,us,G88 2nd,PROD278,INDIA
1122,Completed-Closed,Value 274,19.101625481607513,Completed,High,Closed,Org line C,E_4,us,G88 2nd,PROD278,INDIA
1123,Accepted-In Progress,Value 396,19.07875788697457,Accepted,Medium,In Progress,Org line A2,A2_4,in,G31 3rd,PROD194,Sweden
1123,Accepted-Assigned,Value 396,19.081742813488287,Accepted,Medium,Assigned,Org line A2,A2_4,in,G31 3rd,PROD194,Sweden
1123,Completed-Closed,Value 396,19.081757729361872,Completed,Medium,Closed,Org line A2,A2_4,in,G31 3rd,PROD194,Sweden
1124,Accepted-In Progress,Value 150,19.07882995302252,Accepted,High,In Progress,Org line C,E_4,us,G88 2nd,PROD668,USA
1124,Queued-Awaiting Assignment,Value 150,19.07883073491351,Queued,High,Awaiting Assignment,Org line C,E_4,us,G88 2nd,PROD668,USA
1124,Accepted-In Progress,Value 150,19.080541233770898,Accepted,High,In Progress,Org line C,E_4,us,G88 2nd,PROD668,USA
1124,Accepted-Assigned,Value 405,19.080541580109546,Accepted,High,Assigned,Org line C,E_4,us,G88 2nd,PROD668,USA
1124,Accepted-Wait,Value 405,19.087180058033276,Accepted,High,Wait,Org line C,E_4,us,G88 2nd,PROD668,USA
1124,Completed-Closed,Value 405,19.087180412350314,Completed,High,Closed,Org line C,E_4,us,G88 2nd,PROD668,USA
1125,Accepted-In Progress,Value 114,19.079351752601625,Accepted,Major,In Progress,Org line C,C_6,se,G268 3rd,PROD802,Sweden
1125,Completed-Closed,Value 114,19.0793690589454,Completed,Major,Closed,Org line C,C_6,se,G268 3rd,PROD802,Sweden
1126,Accepted-In Progress,Value 166,19.07988302017278,Accepted,Major,In Progress,Org line A2,A2_1,se,T17 2nd,PROD834,Sweden
1126,Accepted-In Progress,Value 166,19.080399948612953,Accepted,Major,In Progress,Org line A2,A2_1,se,T17 2nd,PROD834,Sweden
1126,Queued-Awaiting Assignment,Value 151,19.080400579348463,Queued,Major,Awaiting Assignment,Org line A2,A2_1,se,T17 2nd,PROD834,Sweden
1126,Accepted-In Progress,Value 151,19.08308815189969,Accepted,Major,In Progress,Org line A2,A2_1,se,J2 2nd,PROD834,Sweden
1126,Accepted-Wait,Value 151,19.08308842517219,Accepted,Major,Wait,Org line A2,A2_1,se,J2 2nd,PROD834,Sweden
1126,Accepted-In Progress,Value 151,19.0871620647246,Accepted,Major,In Progress,Org line A2,A2_1,se,J2 2nd,PROD834,Sweden
1126,Completed-Closed,Value 151,19.08716277850642,Completed,Major,Closed,Org line A2,A2_1,se,J2 2nd,PROD834,Sweden
1127,Accepted-In Progress,Value 494,19.07992018488645,Accepted,High,In Progress,Org line C,E_10,jp,S51 2nd,PROD803,Japan
1127,Accepted-Assigned,Value 494,19.079920319370032,Accepted,High,Assigned,Org line C,E_10,jp,S51 2nd,PROD803,Japan
1127,Accepted-Wait,Value 494,19.079958093023194,Accepted,High,Wait,Org line C,E_10,jp,S51 2nd,PROD803,Japan
1127,Completed-Closed,Value 494,19.098873837425145,Completed,High,Closed,Org line C,E_10,jp,S51 2nd,PROD803,Japan
1128,Accepted-In Progress,Value 151,19.079932184888705,Accepted,Medium,In Progress,Org line A2,A2_1,se,T17 2nd,PROD350,Sweden
1128,Accepted-Wait,Value 151,19.099463021558776,Accepted,Medium,Wait,Org line A2,A2_1,se,T17 2nd,PROD350,Sweden
1128,Queued-Awaiting Assignment,Value 151,19.099777781904418,Queued,Medium,Awaiting Assignment,Org line A2,A2_1,se,T17 2nd,PROD350,Sweden
1128,Accepted-In Progress,Value 151,19.102886914348403,Accepted,Medium,In Progress,Org line A2,A2_1,se,J2 2nd,PROD350,Sweden
1128,Accepted-Wait,Value 151,19.10288775347895,Accepted,Medium,Wait,Org line A2,A2_1,se,J2 2nd,PROD350,Sweden
1128,Accepted-In Progress,Value 151,19.102892682092943,Accepted,Medium,In Progress,Org line A2,A2_1,se,J2 2nd,PROD350,Sweden
1128,Accepted-Wait,Value 151,19.102894653531738,Accepted,Medium,Wait,Org line A2,A2_1,se,J2 2nd,PROD350,Sweden
1128,Accepted-Assigned,Value 495,19.1046394040579,Accepted,Medium,Assigned,Org line A2,A2_1,se,J2 2nd,PROD350,China
1128,Completed-Closed,Value 495,19.115207727146682,Completed,Medium,Closed,Org line A2,A2_1,se,J2 2nd,PROD350,China
1129,Accepted-In Progress,Value 298,19.079989250170154,Accepted,Medium,In Progress,Org line G4,,se,S33 2nd,PROD397,Sweden
1129,Completed-Closed,Value 298,19.0813203680151,Completed,Medium,Closed,Org line G4,,se,S33 2nd,PROD397,Sweden
1130,Accepted-In Progress,Value 77,19.080048344708104,Accepted,Major,In Progress,Org line C,E_7,se,G160 2nd,PROD673,Sweden
1130,Accepted-In Progress,Value 77,19.080417024861028,Accepted,Major,In Progress,Org line C,E_7,se,G160 2nd,PROD673,Sweden
1130,Completed-Closed,Value 77,19.083051223332845,Completed,Major,Closed,Org line C,E_7,se,G160 2nd,PROD673,Sweden
1131,Accepted-In Progress,Value 88,19.079993574026854,Accepted,High,In Progress,Org line G4,,se,S30 2nd,PROD412,Sweden
1131,Accepted-Assigned,Value 88,19.08396413251612,Accepted,High,Assigned,Org line G4,,se,S30 2nd,PROD412,Sweden
1131,Accepted-Assigned,Value 60,19.115071735658418,Accepted,High,Assigned,Org line G4,,se,S30 2nd,PROD412,Sweden
1131,Accepted-In Progress,Value 88,19.11507175063977,Accepted,High,In Progress,Org line G4,,se,S30 2nd,PROD412,Sweden
1131,Completed-Closed,Value 88,19.115071805571404,Completed,High,Closed,Org line G4,,se,S30 2nd,PROD412,Sweden
1132,Accepted-In Progress,Value 123,19.08002684020341,Accepted,High,In Progress,Org line C,E_10,se,G138 2nd,PROD802,Sweden
1132,Completed-Closed,Value 123,19.08003002091326,Completed,High,Closed,Org line C,E_10,se,G138 2nd,PROD802,Sweden
1133,Accepted-In Progress,Value 44,19.08002948303783,Accepted,High,In Progress,Org line C,C_6,se,G273 3rd,PROD802,Sweden
1133,Accepted-In Progress,Value 44,19.08003021744459,Accepted,High,In Progress,Org line C,C_6,se,G273 3rd,PROD802,Sweden
1133,Queued-Awaiting Assignment,Value 44,19.080523420430307,Queued,High,Awaiting Assignment,Org line C,C_6,se,G273 3rd,PROD802,Sweden
1133,Accepted-In Progress,Value 128,19.08084260124702,Accepted,High,In Progress,Org line C,C_6,se,G273 3rd,PROD802,Sweden
1133,Accepted-Assigned,Value 360,19.08087328127385,Accepted,High,Assigned,Org line C,C_6,se,G273 3rd,PROD802,Sweden
1133,Accepted-In Progress,Value 360,19.090734067356124,Accepted,High,In Progress,Org line C,C_6,se,G273 3rd,PROD802,Sweden
1133,Completed-Closed,Value 360,19.094219642529858,Completed,High,Closed,Org line C,C_6,se,G273 3rd,PROD802,Sweden
1134,Accepted-In Progress,Value 150,19.08015563276146,Accepted,High,In Progress,Org line C,,be,N6 2nd,PROD821,USA
1134,Queued-Awaiting Assignment,Value 150,19.080158880287435,Queued,High,Awaiting Assignment,Org line C,,be,N6 2nd,PROD821,USA
1134,Accepted-In Progress,Value 28,19.083193263492202,Accepted,High,In Progress,Org line C,E_1,be,G213 2nd,PROD821,USA
1134,Accepted-In Progress,Value 28,19.08319393886819,Accepted,High,In Progress,Org line C,E_1,be,G213 2nd,PROD821,USA
1134,Queued-Awaiting Assignment,Value 77,19.083194444111,Queued,High,Awaiting Assignment,Org line C,E_1,be,G55 2nd,PROD821,Belgium
1134,Accepted-In Progress,Value 496,19.083221479384548,Accepted,High,In Progress,Org line C,E_1,be,G55 2nd,PROD821,USA
1134,Completed-Closed,Value 496,19.096168190279887,Completed,High,Closed,Org line C,E_1,be,G55 2nd,PROD821,USA
1135,Accepted-In Progress,Value 13,19.080409140768197,Accepted,Medium,In Progress,Org line A2,D_1,se,L38 3rd,PROD607,Sweden
1135,Accepted-Wait,Value 13,19.0933271013341,Accepted,Medium,Wait,Org line A2,D_1,se,L38 3rd,PROD607,Sweden
1135,Completed-Closed,Value 13,19.11465373343824,Completed,Medium,Closed,Org line A2,D_1,se,L38 3rd,PROD607,Sweden
1136,Accepted-In Progress,Value 497,19.080389784410414,Accepted,High,In Progress,Org line C,E_3,be,G64 2nd,PROD379,Sweden
1136,Completed-Closed,Value 497,19.083092617059844,Completed,High,Closed,Org line C,E_3,be,G64 2nd,PROD379,Sweden
1136,Accepted-In Progress,Value 497,19.08941578833475,Accepted,High,In Progress,Org line C,E_3,be,G64 2nd,PROD379,Sweden
1136,Completed-Closed,Value 497,19.089416198219688,Completed,High,Closed,Org line C,E_3,be,G64 2nd,PROD379,Sweden
1137,Accepted-In Progress,Value 116,19.08041836902803,Accepted,Low,In Progress,Org line C,E_4,in,G93 2nd,PROD325,INDIA
1137,Accepted-Wait,Value 116,19.08048707940442,Accepted,Low,Wait,Org line C,E_4,in,G93 2nd,PROD325,INDIA
1137,Completed-Closed,Value 116,19.09417131805457,Completed,Low,Closed,Org line C,E_4,in,G93 2nd,PROD325,INDIA
1138,Accepted-In Progress,Value 114,19.08044811601533,Accepted,High,In Progress,Org line C,C_6,se,G268 3rd,PROD802,Sweden
1138,Completed-Closed,Value 114,19.12031411363411,Completed,High,Closed,Org line C,C_6,se,G268 3rd,PROD802,Sweden
1139,Accepted-In Progress,Value 113,19.080533107701317,Accepted,Medium,In Progress,Org line C,C_6,in,G261 3rd,PROD13,Sweden
1139,Queued-Awaiting Assignment,Value 113,19.08053572852105,Queued,Medium,Awaiting Assignment,Org line C,C_6,in,G261 3rd,PROD13,Sweden
1139,Accepted-In Progress,Value 113,19.08082869493192,Accepted,Medium,In Progress,Org line C,C_6,in,G261 3rd,PROD13,Sweden
1139,Queued-Awaiting Assignment,Value 69,19.080848905792905,Queued,Medium,Awaiting Assignment,Org line B,E_10,in,G230 2nd,PROD13,INDIA
1139,Accepted-In Progress,Value 498,19.08084900397814,Accepted,Medium,In Progress,Org line B,E_10,in,G230 2nd,PROD13,INDIA
1139,Queued-Awaiting Assignment,Value 96,19.08085060077879,Queued,Medium,Awaiting Assignment,Org line C,E_10,in,G285 2nd,PROD13,Sweden
1139,Accepted-In Progress,Value 499,19.08128384932423,Accepted,Medium,In Progress,Org line C,E_10,in,G285 2nd,PROD13,Belgium
1139,Queued-Awaiting Assignment,Value 69,19.081284923726255,Queued,Medium,Awaiting Assignment,Org line B,E_10,in,G230 2nd,PROD13,INDIA
1139,Accepted-In Progress,Value 70,19.081302083009852,Accepted,Medium,In Progress,Org line B,E_10,in,G230 2nd,PROD13,INDIA
1139,Completed-Closed,Value 70,19.090350724134186,Completed,Medium,Closed,Org line B,E_10,in,G230 2nd,PROD13,INDIA
1140,Accepted-In Progress,Value 133,19.080540298139024,Accepted,Medium,In Progress,Org line G4,,se,S33 2nd,PROD374,Sweden
1140,Accepted-Wait,Value 133,19.0805695607745,Accepted,Medium,Wait,Org line G4,,se,S33 2nd,PROD374,Sweden
1140,Completed-Closed,Value 133,19.09413449055432,Completed,Medium,Closed,Org line G4,,se,S33 2nd,PROD374,Sweden
1141,Accepted-In Progress,Value 385,19.0808332942177,Accepted,High,In Progress,Org line A2,A2_5,se,A10,PROD236,Sweden
1141,Accepted-Wait,Value 385,19.080871265939678,Accepted,High,Wait,Org line A2,A2_5,se,A10,PROD236,Sweden
1141,Completed-Closed,Value 385,19.083215375374465,Completed,High,Closed,Org line A2,A2_5,se,A10,PROD236,Sweden
1142,Accepted-In Progress,Value 500,19.080925089470345,Accepted,High,In Progress,Org line C,E_1,se,L1 2nd,PROD153,Sweden
1142,Accepted-Wait,Value 500,19.087214030817844,Accepted,High,Wait,Org line C,E_1,se,L1 2nd,PROD153,Sweden
1142,Completed-Closed,Value 500,19.10781708556099,Completed,High,Closed,Org line C,E_1,se,L1 2nd,PROD153,Sweden
1143,Accepted-In Progress,Value 501,19.080864269081307,Accepted,Low,In Progress,Org line C,,jp,S22 2nd,PROD448,Japan
1143,Completed-Closed,Value 501,19.102930699846663,Completed,Low,Closed,Org line C,,jp,S22 2nd,PROD448,Japan
1144,Accepted-In Progress,Value 68,19.080908037397993,Accepted,High,In Progress,Org line A2,A2_4,se,G118 2nd,PROD591,Sweden
1144,Completed-Closed,Value 68,19.08139177447306,Completed,High,Closed,Org line A2,A2_4,se,G118 2nd,PROD591,Sweden
1145,Accepted-In Progress,Value 68,19.08091023868186,Accepted,Medium,In Progress,Org line A2,A2_4,se,G35 2nd,PROD591,Sweden
1145,Completed-Closed,Value 68,19.0818234515547,Completed,Medium,Closed,Org line A2,A2_4,se,G35 2nd,PROD591,Sweden
1145,Accepted-In Progress,Value 68,19.081823467042533,Accepted,Medium,In Progress,Org line A2,A2_4,se,G35 2nd,PROD591,Sweden
1145,Completed-Closed,Value 68,19.081823498018196,Completed,Medium,Closed,Org line A2,A2_4,se,G35 2nd,PROD591,Sweden
1146,Accepted-In Progress,Value 45,19.08093345004686,Accepted,High,In Progress,Org line C,C_6,se,G268 3rd,PROD805,Sweden
1146,Completed-Closed,Value 45,19.095470971924698,Completed,High,Closed,Org line C,C_6,se,G268 3rd,PROD805,Sweden
1147,Accepted-In Progress,Value 172,19.08095875354134,Accepted,High,In Progress,Org line A2,D_1,pl,W14 2nd,PROD784,POLAND
1147,Accepted-Wait,Value 172,19.086314975634885,Accepted,High,Wait,Org line A2,D_1,pl,W14 2nd,PROD784,POLAND
1147,Completed-Closed,Value 172,19.092877248760622,Completed,High,Closed,Org line A2,D_1,pl,W14 2nd,PROD784,POLAND
1148,Queued-Awaiting Assignment,Value 345,19.08097343309835,Queued,High,Awaiting Assignment,Org line C,C_6,se,G268 3rd,PROD85,Sweden
1148,Accepted-In Progress,Value 45,19.081297299927886,Accepted,High,In Progress,Org line C,C_6,se,G268 3rd,PROD85,Sweden
1148,Accepted-Wait,Value 45,19.083993542402123,Accepted,High,Wait,Org line C,C_6,se,G268 3rd,PROD85,Sweden
1148,Completed-Closed,Value 45,19.103422146708926,Completed,High,Closed,Org line C,C_6,se,G268 3rd,PROD85,Sweden
1149,Accepted-In Progress,Value 114,19.08098544630305,Accepted,High,In Progress,Org line C,C_6,se,G268 3rd,PROD805,Sweden
1149,Completed-Closed,Value 114,19.120313601963556,Completed,High,Closed,Org line C,C_6,se,G268 3rd,PROD805,Sweden
1150,Queued-Awaiting Assignment,Value 494,19.08129389597117,Queued,Medium,Awaiting Assignment,Org line C,E_10,jp,S51 2nd,PROD804,Japan
1150,Accepted-In Progress,Value 454,19.08129390113652,Accepted,Medium,In Progress,Org line C,,jp,S30 2nd,PROD804,Japan
1150,Queued-Awaiting Assignment,Value 494,19.08129452097775,Queued,Medium,Awaiting Assignment,Org line C,E_10,jp,S51 2nd,PROD804,Japan
1150,Accepted-In Progress,Value 502,19.081339034904378,Accepted,Medium,In Progress,Org line C,E_10,jp,S51 2nd,PROD804,Japan
1150,Completed-Closed,Value 502,19.081340388162825,Completed,Medium,Closed,Org line C,E_10,jp,S51 2nd,PROD804,Japan
1151,Accepted-In Progress,Value 43,19.08134733520504,Accepted,Medium,In Progress,Org line G3,,us,G199 3rd,PROD96,POLAND
1151,Completed-Closed,Value 43,19.081354359674492,Completed,Medium,Closed,Org line G3,,us,G199 3rd,PROD96,POLAND
1152,Accepted-In Progress,Value 298,19.08138160485202,Accepted,Medium,In Progress,Org line G4,,se,S33 2nd,PROD397,Sweden
1152,Completed-Closed,Value 298,19.103093268706726,Completed,Medium,Closed,Org line G4,,se,S33 2nd,PROD397,Sweden
1153,Accepted-In Progress,Value 237,19.08138960523804,Accepted,Low,In Progress,Org line C,C_6,se,G144 3rd,PROD660,Sweden
1153,Queued-Awaiting Assignment,Value 237,19.08179867071669,Queued,Low,Awaiting Assignment,Org line C,C_6,se,G144 3rd,PROD660,Sweden
1153,Accepted-In Progress,Value 237,19.081829610530203,Accepted,Low,In Progress,Org line C,C_6,se,G144 3rd,PROD660,Sweden
1153,Completed-Closed,Value 237,19.083177910165336,Completed,Low,Closed,Org line C,C_6,se,G144 3rd,PROD660,Sweden
1154,Accepted-In Progress,Value 226,19.08142936346978,Accepted,High,In Progress,Org line G4,,se,S33 2nd,PROD397,Sweden
1154,Completed-Closed,Value 226,19.0814295029152,Completed,High,Closed,Org line G4,,se,S33 2nd,PROD397,Sweden
1155,Accepted-In Progress,Value 58,19.081483471997238,Accepted,Major,In Progress,Org line G4,,se,G51 2nd,PROD221,Sweden
1155,Completed-Closed,Value 58,19.08148934902859,Completed,Major,Closed,Org line G4,,se,G51 2nd,PROD221,Sweden
1155,Accepted-In Progress,Value 58,19.084988836914036,Accepted,Major,In Progress,Org line G4,,se,G51 2nd,PROD221,Sweden
1155,Queued-Awaiting Assignment,Value 58,19.084991657079613,Queued,Major,Awaiting Assignment,Org line G4,,se,G51 2nd,PROD221,Sweden
1155,Accepted-In Progress,Value 116,19.09333712978323,Accepted,Major,In Progress,Org line G4,,se,G51 2nd,PROD221,Sweden
1155,Queued-Awaiting Assignment,Value 249,19.093337670755236,Queued,Major,Awaiting Assignment,Org line V5,,se,V20 2nd,PROD221,Sweden
1155,Accepted-In Progress,Value 229,19.095465925113267,Accepted,Major,In Progress,Org line V5,,se,V20 2nd,PROD221,INDIA
1155,Completed-Closed,Value 229,19.09546702512681,Completed,Major,Closed,Org line V5,,se,V20 2nd,PROD221,INDIA
1156,Accepted-In Progress,Value 503,19.08156784901509,Accepted,Major,In Progress,Org line A2,A2_3,se,V13 2nd,PROD617,Sweden
1156,Completed-Closed,Value 503,19.10608685459404,Completed,Major,Closed,Org line A2,A2_3,se,V13 2nd,PROD617,Sweden
1157,Accepted-In Progress,Value 504,19.08162811026669,Accepted,Major,In Progress,Org line B,A2_1,cn,D1,PROD350,China
1157,Completed-Closed,Value 504,19.081629184298905,Completed,Major,Closed,Org line B,A2_1,cn,D1,PROD350,China
1158,Accepted-In Progress,Value 77,19.081577691417927,Accepted,Major,In Progress,Org line G4,,se,M8 2nd,PROD221,Sweden
1158,Accepted-In Progress,Value 77,19.086179659531606,Accepted,Major,In Progress,Org line G4,,se,M8 2nd,PROD221,Sweden
1158,Accepted-In Progress,Value 206,19.09333942125698,Accepted,Major,In Progress,Org line G4,,se,M8 2nd,PROD221,Sweden
1158,Queued-Awaiting Assignment,Value 82,19.093341498378987,Queued,Major,Awaiting Assignment,Org line C,V3_3,se,G101 2nd,PROD221,Sweden
1158,Accepted-In Progress,Value 82,19.09334243231696,Accepted,Major,In Progress,Org line C,E_7,se,G162 2nd,PROD221,Sweden
1158,Queued-Awaiting Assignment,Value 82,19.09376157524455,Queued,Major,Awaiting Assignment,Org line C,V3_3,se,G101 2nd,PROD221,Sweden
1158,Accepted-In Progress,Value 82,19.093763977975232,Accepted,Major,In Progress,Org line C,E_7,se,G162 2nd,PROD221,Sweden
1158,Queued-Awaiting Assignment,Value 82,19.093764090204548,Queued,Major,Awaiting Assignment,Org line C,V3_3,se,G101 2nd,PROD221,Sweden
1158,Accepted-In Progress,Value 82,19.09376418712986,Accepted,Major,In Progress,Org line C,V3_3,se,G101 2nd,PROD221,Sweden
1158,Completed-Closed,Value 82,19.099463259958863,Completed,Major,Closed,Org line C,V3_3,se,G101 2nd,PROD221,Sweden
1159,Accepted-In Progress,Value 20,19.081725765028015,Accepted,High,In Progress,Org line C,E_6,se,G334 2nd,PROD289,Sweden
1159,Accepted-Assigned,Value 20,19.081727618584566,Accepted,High,Assigned,Org line C,E_6,se,G334 2nd,PROD289,Sweden
1159,Completed-Closed,Value 20,19.1117480129952,Completed,High,Closed,Org line C,E_6,se,G334 2nd,PROD289,Sweden
1160,Accepted-In Progress,Value 150,19.081731052043757,Accepted,High,In Progress,Org line C,E_4,us,G88 2nd,PROD412,USA
1160,Queued-Awaiting Assignment,Value 150,19.081731206936375,Queued,High,Awaiting Assignment,Org line C,E_4,us,G88 2nd,PROD412,USA
1160,Accepted-In Progress,Value 294,19.08668282240151,Accepted,High,In Progress,Org line C,E_4,us,G88 2nd,PROD412,Sweden
1160,Accepted-Assigned,Value 273,19.086683598176457,Accepted,High,Assigned,Org line C,E_4,us,G88 2nd,PROD412,Sweden
1160,Accepted-Assigned,Value 273,19.08672506272859,Accepted,High,Assigned,Org line C,E_4,us,G88 2nd,PROD412,Sweden
1160,Completed-Closed,Value 273,19.093791310543384,Completed,High,Closed,Org line C,E_4,us,G88 2nd,PROD412,Sweden
1161,Accepted-In Progress,Value 187,19.081736359683788,Accepted,Major,In Progress,Org line C,E_8,in,G186 2nd,PROD473,INDIA
1161,Queued-Awaiting Assignment,Value 187,19.081736468108048,Queued,Major,Awaiting Assignment,Org line C,E_8,in,G186 2nd,PROD473,INDIA
1161,Accepted-In Progress,Value 479,19.09368155234263,Accepted,Major,In Progress,Org line C,E_8,in,G181 2nd,PROD473,Sweden
1161,Accepted-Assigned,Value 104,19.093681853346038,Accepted,Major,Assigned,Org line C,E_8,in,G181 2nd,PROD473,Sweden
1161,Completed-Closed,Value 104,19.094153353216612,Completed,Major,Closed,Org line C,E_8,in,G181 2nd,PROD473,Sweden
1162,Accepted-In Progress,Value 104,19.08175258705052,Accepted,High,In Progress,Org line C,E_8,in,G186 2nd,PROD473,Sweden
1162,Completed-Closed,Value 104,19.093277534311124,Completed,High,Closed,Org line C,E_8,in,G186 2nd,PROD473,Sweden
1163,Accepted-In Progress,Value 166,19.08188548355987,Accepted,Medium,In Progress,Org line C,E_1,se,G294 2nd,PROD834,Sweden
1163,Accepted-In Progress,Value 166,19.08760213007408,Accepted,Medium,In Progress,Org line C,E_1,se,G294 2nd,PROD834,Sweden
1163,Completed-Closed,Value 166,19.087602166004125,Completed,Medium,Closed,Org line C,E_1,se,G294 2nd,PROD834,Sweden
1164,Accepted-In Progress,Value 505,19.08191158892158,Accepted,Medium,In Progress,Org line V11,,gb,V50 2nd,PROD158,United Kingdom
1164,Queued-Awaiting Assignment,Value 505,19.081913354377246,Queued,Medium,Awaiting Assignment,Org line V11,,gb,V50 2nd,PROD158,United Kingdom
1164,Accepted-In Progress,Value 506,19.10219026892708,Accepted,Medium,In Progress,Org line C,V3_3,gb,W1,PROD158,United Kingdom
1164,Completed-Closed,Value 506,19.102935501880008,Completed,Medium,Closed,Org line C,V3_3,gb,W1,PROD158,United Kingdom
1165,Accepted-In Progress,Value 345,19.082285001153643,Accepted,Medium,In Progress,Org line C,C_6,se,G268 3rd,PROD771,Sweden
1165,Queued-Awaiting Assignment,Value 345,19.08228939765855,Queued,Medium,Awaiting Assignment,Org line C,C_6,se,G268 3rd,PROD771,Sweden
1165,Accepted-In Progress,Value 232,19.083104115013267,Accepted,Medium,In Progress,Org line C,C_6,se,G268 3rd,PROD771,Sweden
1165,Accepted-Assigned,Value 114,19.083104182041307,Accepted,Medium,Assigned,Org line C,C_6,se,G268 3rd,PROD771,Sweden
1165,Accepted-In Progress,Value 114,19.111726052125366,Accepted,Medium,In Progress,Org line C,C_6,se,G268 3rd,PROD771,Sweden
1165,Completed-Closed,Value 114,19.111726057135886,Completed,Medium,Closed,Org line C,C_6,se,G268 3rd,PROD771,Sweden
1166,Accepted-In Progress,Value 393,19.083028452958782,Accepted,Low,In Progress,Org line C,E_4,us,G88 2nd,PROD794,Sweden
1166,Completed-Closed,Value 393,19.119832118211566,Completed,Low,Closed,Org line C,E_4,us,G88 2nd,PROD794,Sweden
1167,Accepted-In Progress,Value 415,19.08309907242934,Accepted,Medium,In Progress,Org line C,E_4,in,G87 2nd,PROD565,INDIA
1167,Accepted-Wait,Value 415,19.08710829340731,Accepted,Medium,Wait,Org line C,E_4,in,G87 2nd,PROD565,INDIA
1167,Completed-Closed,Value 415,19.1111439458619,Completed,Medium,Closed,Org line C,E_4,in,G87 2nd,PROD565,INDIA
1168,Accepted-In Progress,Value 463,19.083111390107437,Accepted,Low,In Progress,Org line C,E_4,in,G93 2nd,PROD424,Sweden
1168,Accepted-Wait,Value 463,19.08311212225431,Accepted,Low,Wait,Org line C,E_4,in,G93 2nd,PROD424,Sweden
1168,Completed-Closed,Value 463,19.093274696585947,Completed,Low,Closed,Org line C,E_4,in,G93 2nd,PROD424,Sweden
1169,Accepted-In Progress,Value 296,19.083221005087804,Accepted,Medium,In Progress,Org line A2,A2_4,se,G105 2nd,PROD337,Sweden
1169,Completed-Closed,Value 296,19.09252845270313,Completed,Medium,Closed,Org line A2,A2_4,se,G105 2nd,PROD337,Sweden
1170,Accepted-In Progress,Value 273,19.083215880606442,Accepted,High,In Progress,Org line C,E_4,us,G88 2nd,PROD348,Sweden
1170,Completed-Closed,Value 273,19.0937893924928,Completed,High,Closed,Org line C,E_4,us,G88 2nd,PROD348,Sweden
1171,Accepted-In Progress,Value 507,19.08334622192923,Accepted,High,In Progress,Org line C,E_5,au,G73,PROD790,INDIA
1171,Queued-Awaiting Assignment,Value 507,19.083347845675778,Queued,High,Awaiting Assignment,Org line C,E_5,au,G73,PROD790,INDIA
1171,Queued-Awaiting Assignment,Value 445,19.10166147753676,Queued,High,Awaiting Assignment,Org line B,A2_1,au,D10,PROD790,Australia
1171,Accepted-In Progress,Value 445,19.11193269469833,Accepted,High,In Progress,Org line B,A2_1,au,D10,PROD790,Australia
1171,Completed-Closed,Value 445,19.111934027220485,Completed,High,Closed,Org line B,A2_1,au,D10,PROD790,Australia
1172,Accepted-In Progress,Value 508,19.08333911349664,Accepted,Major,In Progress,Org line C,,us,N6 2nd,PROD154,USA
1172,Completed-Closed,Value 508,19.11818356990163,Completed,Major,Closed,Org line C,,us,N6 2nd,PROD154,USA
1173,Accepted-In Progress,Value 508,19.083339716607092,Accepted,Major,In Progress,Org line C,,us,N6 2nd,PROD154,USA
1173,Completed-Closed,Value 508,19.11818336579257,Completed,Major,Closed,Org line C,,us,N6 2nd,PROD154,USA
1174,Accepted-In Progress,Value 114,19.08352324632445,Accepted,Medium,In Progress,Org line C,E_3,se,G70 2nd,PROD384,Sweden
1174,Completed-Closed,Value 114,19.087112216844453,Completed,Medium,Closed,Org line C,E_3,se,G70 2nd,PROD384,Sweden
1175,Accepted-In Progress,Value 384,19.083536527688874,Accepted,Medium,In Progress,Org line A2,A2_5,se,A10,PROD320,Sweden
1175,Completed-Closed,Value 384,19.083538857192117,Completed,Medium,Closed,Org line A2,A2_5,se,A10,PROD320,Sweden
1176,Accepted-In Progress,Value 123,19.08353906849635,Accepted,Medium,In Progress,Org line C,C_6,in,G269 3rd,PROD802,Sweden
1176,Queued-Awaiting Assignment,Value 123,19.083540176554383,Queued,Medium,Awaiting Assignment,Org line C,C_6,in,G269 3rd,PROD802,Sweden
1176,Accepted-In Progress,Value 509,19.08629025445637,Accepted,Medium,In Progress,Org line C,C_6,in,G269 3rd,PROD802,Sweden
1176,Queued-Awaiting Assignment,Value 229,19.086292300015746,Queued,Medium,Awaiting Assignment,Org line C,E_10,in,G271 2nd,PROD802,Sweden
1176,Accepted-In Progress,Value 370,19.0862947824352,Accepted,Medium,In Progress,Org line C,E_10,in,G271 2nd,PROD802,Sweden
1176,Completed-Closed,Value 370,19.12068094384259,Completed,Medium,Closed,Org line C,E_10,in,G271 2nd,PROD802,Sweden
1177,Accepted-In Progress,Value 358,19.083595443900442,Accepted,High,In Progress,Org line C,E_1,us,G13 2nd,PROD398,USA
1177,Queued-Awaiting Assignment,Value 358,19.083595948940435,Queued,High,Awaiting Assignment,Org line C,E_1,us,G13 2nd,PROD398,USA
1177,Accepted-In Progress,Value 358,19.085069918647743,Accepted,High,In Progress,Org line C,C_1,us,G14 3rd,PROD398,USA
1177,Accepted-Assigned,Value 127,19.085069990690027,Accepted,High,Assigned,Org line C,C_1,us,G14 3rd,PROD398,USA
1177,Accepted-In Progress,Value 220,19.086223396282744,Accepted,High,In Progress,Org line C,E_1,us,G13 2nd,PROD398,Belgium
1177,Accepted-Wait,Value 220,19.086223437402307,Accepted,High,Wait,Org line C,E_1,us,G13 2nd,PROD398,Belgium
1177,Completed-Closed,Value 220,19.111177119230366,Completed,High,Closed,Org line C,E_1,us,G13 2nd,PROD398,Belgium
1178,Accepted-In Progress,Value 220,19.083563713478476,Accepted,Medium,In Progress,Org line C,E_1,us,G13 2nd,PROD398,Belgium
1178,Accepted-In Progress,Value 220,19.09237299471587,Accepted,Medium,In Progress,Org line C,E_1,us,G13 2nd,PROD398,Belgium
1178,Completed-Closed,Value 220,19.092373372739893,Completed,Medium,Closed,Org line C,E_1,us,G13 2nd,PROD398,Belgium
1179,Accepted-In Progress,Value 43,19.08356465659308,Accepted,Medium,In Progress,Org line G3,,us,G199 3rd,PROD97,POLAND
1179,Completed-Closed,Value 43,19.083593959699805,Completed,Medium,Closed,Org line G3,,us,G199 3rd,PROD97,POLAND
1180,Accepted-Wait,Value 123,19.083587899191002,Accepted,Low,Wait,Org line G4,,se,S29 2nd,PROD710,Sweden
1180,Accepted-In Progress,Value 123,19.087218190042577,Accepted,Low,In Progress,Org line G4,,se,S29 2nd,PROD710,Sweden
1180,Completed-Closed,Value 123,19.087218636773095,Completed,Low,Closed,Org line G4,,se,S29 2nd,PROD710,Sweden
1180,Accepted-In Progress,Value 123,19.087218785683223,Accepted,Low,In Progress,Org line G4,,se,S29 2nd,PROD710,Sweden
1180,Completed-Closed,Value 123,19.087219032155108,Completed,Low,Closed,Org line G4,,se,S29 2nd,PROD710,Sweden
1181,Accepted-In Progress,Value 114,19.08363683056649,Accepted,Medium,In Progress,Org line C,E_3,se,G70 2nd,PROD384,Sweden
1181,Accepted-In Progress,Value 114,19.08363695424466,Accepted,Medium,In Progress,Org line C,E_3,se,G70 2nd,PROD384,Sweden
1181,Completed-Closed,Value 114,19.089374676022068,Completed,Medium,Closed,Org line C,E_3,se,G70 2nd,PROD384,Sweden
1182,Accepted-In Progress,Value 88,19.08361776848594,Accepted,High,In Progress,Org line G4,,se,S30 2nd,PROD412,Sweden
1182,Accepted-Assigned,Value 88,19.083969526196345,Accepted,High,Assigned,Org line G4,,se,S30 2nd,PROD412,Sweden
1182,Accepted-In Progress,Value 88,19.10224327078076,Accepted,High,In Progress,Org line G4,,se,S30 2nd,PROD412,Sweden
1182,Completed-Closed,Value 88,19.10224328089728,Completed,High,Closed,Org line G4,,se,S30 2nd,PROD412,Sweden
1183,Accepted-In Progress,Value 90,19.083647626582323,Accepted,Medium,In Progress,Org line A2,A2_3,se,U6 2nd,PROD780,Sweden
1183,Completed-Closed,Value 90,19.099473724144957,Completed,Medium,Closed,Org line A2,A2_3,se,U6 2nd,PROD780,Sweden
1184,Accepted-In Progress,Value 298,19.08395070743214,Accepted,Medium,In Progress,Org line G4,,se,S33 2nd,PROD397,Sweden
1184,Completed-Closed,Value 298,19.099832828413867,Completed,Medium,Closed,Org line G4,,se,S33 2nd,PROD397,Sweden
1185,Accepted-In Progress,Value 484,19.083959892764252,Accepted,High,In Progress,Org line B,C_6,in,S13 3rd,PROD802,INDIA
1185,Queued-Awaiting Assignment,Value 484,19.083962401586785,Queued,High,Awaiting Assignment,Org line B,C_6,in,S13 3rd,PROD802,INDIA
1185,Accepted-In Progress,Value 485,19.10641701140686,Accepted,High,In Progress,Org line B,C_6,in,S13 3rd,PROD802,INDIA
1185,Queued-Awaiting Assignment,Value 229,19.106417207857337,Queued,High,Awaiting Assignment,Org line C,E_10,in,G271 2nd,PROD802,Sweden
1185,Accepted-Assigned,Value 453,19.11211643575061,Accepted,High,Assigned,Org line C,E_10,in,G271 2nd,PROD802,Sweden
1185,Accepted-Assigned,Value 510,19.11212383838194,Accepted,High,Assigned,Org line C,E_10,in,G271 2nd,PROD802,Sweden
1185,Accepted-In Progress,Value 510,19.112148780538803,Accepted,High,In Progress,Org line C,E_10,in,G271 2nd,PROD802,Sweden
1185,Completed-Closed,Value 510,19.112148930790873,Completed,High,Closed,Org line C,E_10,in,G271 2nd,PROD802,Sweden
1186,Queued-Awaiting Assignment,Value 63,19.084021050603535,Queued,Medium,Awaiting Assignment,Org line A2,A2_3,se,S35 2nd,PROD551,Sweden
1186,Accepted-In Progress,Value 65,19.084485958660057,Accepted,Medium,In Progress,Org line C,E_9,se,S34 2nd,PROD551,Sweden
1186,Completed-Closed,Value 65,19.105517291669308,Completed,Medium,Closed,Org line C,E_9,se,S34 2nd,PROD551,Sweden
1187,Accepted-In Progress,Value 120,19.084016362929816,Accepted,High,In Progress,Org line A2,A2_3,se,N23 2nd,PROD554,Sweden
1187,Accepted-In Progress,Value 120,19.09949213638301,Accepted,High,In Progress,Org line A2,A2_3,se,N23 2nd,PROD554,Sweden
1187,Completed-Closed,Value 120,19.099492658818978,Completed,High,Closed,Org line A2,A2_3,se,N23 2nd,PROD554,Sweden
1188,Accepted-In Progress,Value 511,19.084018006193762,Accepted,Low,In Progress,Org line A2,A2_2,se,G40,PROD215,Sweden
1188,Queued-Awaiting Assignment,Value 511,19.084022096312367,Queued,Low,Awaiting Assignment,Org line A2,A2_2,se,G40,PROD215,Sweden
1188,Queued-Awaiting Assignment,Value 240,19.084898041859375,Queued,Low,Awaiting Assignment,Org line C,C_1,se,G194 3rd,PROD215,Sweden
1188,Accepted-In Progress,Value 240,19.08976072393607,Accepted,Low,In Progress,Org line C,C_1,se,G194 3rd,PROD215,Sweden
1188,Completed-Closed,Value 240,19.089779182717642,Completed,Low,Closed,Org line C,C_1,se,G194 3rd,PROD215,Sweden
1189,Accepted-In Progress,Value 276,19.084065062151918,Accepted,Major,In Progress,Org line C,E_4,us,G88 2nd,PROD793,INDIA
1189,Completed-Closed,Value 276,19.08485662500723,Completed,Major,Closed,Org line C,E_4,us,G88 2nd,PROD793,INDIA
1189,Accepted-In Progress,Value 276,19.092440592334363,Accepted,Major,In Progress,Org line C,E_4,us,G88 2nd,PROD793,INDIA
1189,Completed-Closed,Value 276,19.09244092946814,Completed,Major,Closed,Org line C,E_4,us,G88 2nd,PROD793,INDIA
1189,Accepted-In Progress,Value 276,19.093322232524063,Accepted,Major,In Progress,Org line C,E_4,us,G88 2nd,PROD793,INDIA
1189,Accepted-In Progress,Value 276,19.093322895990138,Accepted,Major,In Progress,Org line C,E_4,us,G88 2nd,PROD793,INDIA
1189,Completed-Closed,Value 276,19.09332290109372,Completed,Major,Closed,Org line C,E_4,us,G88 2nd,PROD793,INDIA
1189,Accepted-In Progress,Value 276,19.093326555252816,Accepted,Major,In Progress,Org line C,E_4,us,G88 2nd,PROD793,INDIA
1189,Completed-Closed,Value 276,19.09339455794193,Completed,Major,Closed,Org line C,E_4,us,G88 2nd,PROD793,INDIA
1190,Accepted-In Progress,Value 291,19.084067859168705,Accepted,Medium,In Progress,Org line A2,A2_3,se,S21 2nd,PROD231,Sweden
1190,Completed-Closed,Value 291,19.099491598730175,Completed,Medium,Closed,Org line A2,A2_3,se,S21 2nd,PROD231,Sweden
1191,Accepted-In Progress,Value 13,19.08406840517844,Accepted,Low,In Progress,Org line C,E_7,in,G157 2nd,PROD677,Sweden
1191,Completed-Closed,Value 13,19.105519242815486,Completed,Low,Closed,Org line C,E_7,in,G157 2nd,PROD677,Sweden
1192,Accepted-In Progress,Value 512,19.084099352110627,Accepted,Low,In Progress,Org line C,E_4,in,G93 2nd,PROD325,Brazil
1192,Completed-Closed,Value 512,19.087593455497,Completed,Low,Closed,Org line C,E_4,in,G93 2nd,PROD325,Brazil
1193,Accepted-In Progress,Value 166,19.0842097859104,Accepted,Medium,In Progress,Org line C,E_1,se,G294 2nd,PROD834,Sweden
1193,Accepted-In Progress,Value 166,19.08501320946921,Accepted,Medium,In Progress,Org line C,E_1,se,G294 2nd,PROD834,Sweden
1193,Accepted-Wait,Value 166,19.093369266074752,Accepted,Medium,Wait,Org line C,E_1,se,G294 2nd,PROD834,Sweden
1193,Accepted-In Progress,Value 166,19.108995502144676,Accepted,Medium,In Progress,Org line C,E_1,se,G294 2nd,PROD834,Sweden
1193,Completed-Closed,Value 166,19.10899554736266,Completed,Medium,Closed,Org line C,E_1,se,G294 2nd,PROD834,Sweden
1194,Accepted-In Progress,Value 133,19.08443876803011,Accepted,Medium,In Progress,Org line G4,,se,S33 2nd,PROD374,Sweden
1194,Accepted-Assigned,Value 133,19.084439262346123,Accepted,Medium,Assigned,Org line G4,,se,S33 2nd,PROD374,Sweden
1194,Accepted-In Progress,Value 133,19.084479882959172,Accepted,Medium,In Progress,Org line G4,,se,S33 2nd,PROD374,Sweden
1194,Completed-Closed,Value 133,19.090722390720856,Completed,Medium,Closed,Org line G4,,se,S33 2nd,PROD374,Sweden
1195,Accepted-In Progress,Value 285,19.084449318534446,Accepted,Low,In Progress,Org line A2,A2_3,se,S35 2nd,PROD368,Sweden
1195,Completed-Closed,Value 285,19.090749202774212,Completed,Low,Closed,Org line A2,A2_3,se,S35 2nd,PROD368,Sweden
1196,Accepted-In Progress,Value 187,19.084457196583685,Accepted,Medium,In Progress,Org line C,E_8,in,G186 2nd,PROD62,INDIA
1196,Queued-Awaiting Assignment,Value 187,19.08445822124043,Queued,Medium,Awaiting Assignment,Org line C,E_8,in,G186 2nd,PROD62,INDIA
1196,Accepted-In Progress,Value 479,19.087978903664578,Accepted,Medium,In Progress,Org line C,E_8,in,G181 2nd,PROD62,Sweden
1196,Accepted-Assigned,Value 480,19.087979103770827,Accepted,Medium,Assigned,Org line C,E_8,in,G181 2nd,PROD62,INDIA
1196,Accepted-Assigned,Value 152,19.089730771225852,Accepted,Medium,Assigned,Org line C,E_8,in,G181 2nd,PROD62,INDIA
1196,Accepted-Wait,Value 152,19.09066553553237,Accepted,Medium,Wait,Org line C,E_8,in,G181 2nd,PROD62,INDIA
1196,Accepted-Assigned,Value 480,19.09330722276237,Accepted,Medium,Assigned,Org line C,E_8,in,G181 2nd,PROD62,INDIA
1196,Queued-Awaiting Assignment,Value 187,19.09330797810428,Queued,Medium,Awaiting Assignment,Org line C,E_8,in,G186 2nd,PROD62,INDIA
1196,Accepted-In Progress,Value 480,19.09330799341526,Accepted,Medium,In Progress,Org line C,E_8,in,G181 2nd,PROD62,INDIA
1196,Accepted-Assigned,Value 187,19.09330823839089,Accepted,Medium,Assigned,Org line C,E_8,in,G186 2nd,PROD62,INDIA
1196,Accepted-In Progress,Value 480,19.09330825880552,Accepted,Medium,In Progress,Org line C,E_8,in,G186 2nd,PROD62,INDIA
1196,Accepted-Assigned,Value 206,19.093309095805118,Accepted,Medium,Assigned,Org line C,E_8,in,G186 2nd,PROD62,Sweden
1196,Queued-Awaiting Assignment,Value 307,19.111683511902225,Queued,Medium,Awaiting Assignment,Org line C,E_4,in,G87 2nd,PROD62,INDIA
1196,Accepted-In Progress,Value 307,19.111761686311645,Accepted,Medium,In Progress,Org line C,E_4,in,G87 2nd,PROD62,INDIA
1196,Accepted-In Progress,Value 482,19.112158732185595,Accepted,Medium,In Progress,Org line C,E_4,in,G87 2nd,PROD62,Sweden
1196,Completed-Closed,Value 482,19.112158892452875,Completed,Medium,Closed,Org line C,E_4,in,G87 2nd,PROD62,Sweden
1197,Queued-Awaiting Assignment,Value 2,19.084547841175045,Queued,Medium,Awaiting Assignment,Org line A2,A2_2,cn,G167 2nd,PROD681,Sweden
1197,Accepted-In Progress,Value 2,19.10899038747504,Accepted,Medium,In Progress,Org line A2,A2_2,cn,M1 2nd,PROD681,Sweden
1197,Completed-Closed,Value 2,19.10899138729955,Completed,Medium,Closed,Org line A2,A2_2,cn,M1 2nd,PROD681,Sweden
1198,Accepted-In Progress,Value 402,19.084523277070698,Accepted,Low,In Progress,Org line C,E_7,in,G162 2nd,PROD190,Belgium
1198,Completed-Closed,Value 402,19.095933642566294,Completed,Low,Closed,Org line C,E_7,in,G162 2nd,PROD190,Belgium
1199,Accepted-Wait,Value 501,19.084720349552423,Accepted,Low,Wait,Org line C,,jp,S22 2nd,PROD412,Japan
1199,Completed-Closed,Value 501,19.09064838265287,Completed,Low,Closed,Org line C,,jp,S22 2nd,PROD412,Japan
1200,Accepted-In Progress,Value 324,19.084848322901692,Accepted,Medium,In Progress,Org line C,E_2,se,G57 2nd,PROD341,Sweden
1200,Completed-Closed,Value 324,19.09590203144824,Completed,Medium,Closed,Org line C,E_2,se,G57 2nd,PROD341,Sweden
1201,Accepted-In Progress,Value 513,19.084868174752994,Accepted,Low,In Progress,Org line A2,D_1,kr,V17 3rd,PROD604,POLAND
1201,Accepted-Wait,Value 513,19.08627223999022,Accepted,Low,Wait,Org line A2,D_1,kr,V17 3rd,PROD604,POLAND
1201,Accepted-Wait,Value 513,19.086286019415617,Accepted,Low,Wait,Org line A2,D_1,kr,V17 3rd,PROD604,POLAND
1201,Accepted-In Progress,Value 513,19.097214375595758,Accepted,Low,In Progress,Org line A2,D_1,kr,V17 3rd,PROD604,POLAND
1201,Completed-Closed,Value 513,19.117720319305352,Completed,Low,Closed,Org line A2,D_1,kr,V17 3rd,PROD604,POLAND
1202,Accepted-In Progress,Value 91,19.084896590471413,Accepted,High,In Progress,Org line C,E_4,us,G88 2nd,PROD348,France
1202,Completed-Closed,Value 91,19.117751203379303,Completed,High,Closed,Org line C,E_4,us,G88 2nd,PROD348,France
1203,Accepted-In Progress,Value 514,19.08493347668849,Accepted,Medium,In Progress,Org line C,E_8,in,G119 2nd,PROD597,Sweden
1203,Accepted-Wait,Value 514,19.084942910324603,Accepted,Medium,Wait,Org line C,E_8,in,G119 2nd,PROD597,Sweden
1203,Completed-Closed,Value 514,19.09644982118111,Completed,Medium,Closed,Org line C,E_8,in,G119 2nd,PROD597,Sweden
1204,Accepted-In Progress,Value 307,19.084938371073818,Accepted,Medium,In Progress,Org line C,C_3,se,G95 3rd,PROD565,INDIA
1204,Accepted-Wait,Value 307,19.084938458565244,Accepted,Medium,Wait,Org line C,C_3,se,G95 3rd,PROD565,INDIA
1204,Accepted-Assigned,Value 307,19.08623910383227,Accepted,Medium,Assigned,Org line C,C_3,se,G95 3rd,PROD565,INDIA
1204,Accepted-In Progress,Value 343,19.086239360825466,Accepted,Medium,In Progress,Org line C,C_3,se,G95 3rd,PROD565,Sweden
1204,Completed-Closed,Value 343,19.08709193702771,Completed,Medium,Closed,Org line C,C_3,se,G95 3rd,PROD565,Sweden
1205,Accepted-In Progress,Value 387,19.084974113256212,Accepted,Medium,In Progress,Org line C,E_10,se,G288 2nd,PROD659,Sweden
1205,Queued-Awaiting Assignment,Value 387,19.08501416151009,Queued,Medium,Awaiting Assignment,Org line C,E_10,se,G288 2nd,PROD659,Sweden
1205,Accepted-In Progress,Value 515,19.085014917995984,Accepted,Medium,In Progress,Org line C,E_10,se,G288 2nd,PROD659,Sweden
1205,Queued-Awaiting Assignment,Value 104,19.0850230900656,Queued,Medium,Awaiting Assignment,Org line C,C_6,se,G290 3rd,PROD659,Sweden
1205,Accepted-In Progress,Value 516,19.086203365715235,Accepted,Medium,In Progress,Org line C,C_6,se,G290 3rd,PROD659,France
1205,Completed-Closed,Value 516,19.11124534251643,Completed,Medium,Closed,Org line C,C_6,se,G290 3rd,PROD659,France
1206,Accepted-In Progress,Value 228,19.085037787272118,Accepted,Major,In Progress,Org line V2,,se,T2 2nd,PROD615,Sweden
1206,Completed-Closed,Value 228,19.099425505807204,Completed,Major,Closed,Org line V2,,se,T2 2nd,PROD615,Sweden
1207,Accepted-In Progress,Value 517,19.085824364404512,Accepted,Major,In Progress,Org line C,E_8,in,G119 2nd,PROD617,Korea
1207,Accepted-Wait,Value 517,19.089219511002096,Accepted,Major,Wait,Org line C,E_8,in,G119 2nd,PROD617,Korea
1207,Completed-Closed,Value 517,19.09010413770864,Completed,Major,Closed,Org line C,E_8,in,G119 2nd,PROD617,Korea
1208,Accepted-In Progress,Value 43,19.086028691620257,Accepted,Medium,In Progress,Org line G3,,us,G199 3rd,PROD98,POLAND
1208,Completed-Closed,Value 43,19.086029102895868,Completed,Medium,Closed,Org line G3,,us,G199 3rd,PROD98,POLAND
1209,Accepted-In Progress,Value 126,19.086193424812464,Accepted,Major,In Progress,Org line A2,A2_3,se,U6 2nd,PROD153,Sweden
1209,Completed-Closed,Value 126,19.086826926398988,Completed,Major,Closed,Org line A2,A2_3,se,U6 2nd,PROD153,Sweden
1210,Accepted-In Progress,Value 231,19.086260721869028,Accepted,Medium,In Progress,Org line C,E_10,se,G285 2nd,PROD646,Belgium
1210,Completed-Closed,Value 231,19.105599251655118,Completed,Medium,Closed,Org line C,E_10,se,G285 2nd,PROD646,Belgium
1211,Accepted-In Progress,Value 77,19.086308792827797,Accepted,Medium,In Progress,Org line C,E_6,se,M3 2nd,PROD346,Sweden
1211,Queued-Awaiting Assignment,Value 77,19.086313510883542,Queued,Medium,Awaiting Assignment,Org line C,E_6,se,M3 2nd,PROD346,Sweden
1211,Accepted-In Progress,Value 77,19.0923534649831,Accepted,Medium,In Progress,Org line C,,se,S51 2nd,PROD346,Sweden
1211,Accepted-Assigned,Value 518,19.0923535262855,Accepted,Medium,Assigned,Org line C,,se,S51 2nd,PROD346,Sweden
1211,Queued-Awaiting Assignment,Value 77,19.093325856064187,Queued,Medium,Awaiting Assignment,Org line C,E_6,se,M3 2nd,PROD346,Sweden
1211,Accepted-In Progress,Value 45,19.09332606531047,Accepted,Medium,In Progress,Org line C,,se,S51 2nd,PROD346,Sweden
1211,Accepted-Assigned,Value 518,19.093326116346145,Accepted,Medium,Assigned,Org line C,,se,S51 2nd,PROD346,Sweden
1211,Accepted-In Progress,Value 45,19.093326315385237,Accepted,Medium,In Progress,Org line C,,se,S51 2nd,PROD346,Sweden
1211,Queued-Awaiting Assignment,Value 77,19.093326407249425,Queued,Medium,Awaiting Assignment,Org line C,E_6,se,M3 2nd,PROD346,Sweden
1211,Accepted-Assigned,Value 518,19.09332655014925,Accepted,Medium,Assigned,Org line C,E_6,se,M3 2nd,PROD346,Sweden
1211,Accepted-Wait,Value 518,19.09415118089245,Accepted,Medium,Wait,Org line C,E_6,se,M3 2nd,PROD346,Sweden
1211,Completed-Closed,Value 518,19.10593253781439,Completed,Medium,Closed,Org line C,E_6,se,M3 2nd,PROD346,Sweden
1212,Accepted-In Progress,Value 43,19.086283074407046,Accepted,High,In Progress,Org line G3,,us,G199 3rd,PROD97,POLAND
1212,Completed-Closed,Value 43,19.086283531834773,Completed,High,Closed,Org line G3,,us,G199 3rd,PROD97,POLAND
1213,Accepted-In Progress,Value 434,19.086641726019177,Accepted,Low,In Progress,Org line F,,se,G207 2nd,PROD454,Belgium
1213,Completed-Closed,Value 434,19.086643380387983,Completed,Low,Closed,Org line F,,se,G207 2nd,PROD454,Belgium
1214,Accepted-In Progress,Value 150,19.086672850300403,Accepted,High,In Progress,Org line C,E_4,us,G88 2nd,PROD793,USA
1214,Queued-Awaiting Assignment,Value 150,19.086673364063834,Queued,High,Awaiting Assignment,Org line C,E_4,us,G88 2nd,PROD793,USA
1214,Accepted-In Progress,Value 446,19.088434759842624,Accepted,High,In Progress,Org line C,E_4,us,G93 2nd,PROD793,Sweden
1214,Queued-Awaiting Assignment,Value 150,19.088437821607116,Queued,High,Awaiting Assignment,Org line C,E_4,us,G88 2nd,PROD793,USA
1214,Accepted-In Progress,Value 446,19.08843782673569,Accepted,High,In Progress,Org line C,E_4,us,G93 2nd,PROD793,Sweden
1214,Accepted-In Progress,Value 276,19.089215524079858,Accepted,High,In Progress,Org line C,E_4,us,G88 2nd,PROD793,INDIA
1214,Accepted-Wait,Value 276,19.089216016040275,Accepted,High,Wait,Org line C,E_4,us,G88 2nd,PROD793,INDIA
1214,Completed-Closed,Value 276,19.099932062678516,Completed,High,Closed,Org line C,E_4,us,G88 2nd,PROD793,INDIA
1215,Accepted-In Progress,Value 444,19.086731895403922,Accepted,Medium,In Progress,Org line C,E_1,be,G128 2nd,PROD636,POLAND
1215,Completed-Closed,Value 444,19.0963617602593,Completed,Medium,Closed,Org line C,E_1,be,G128 2nd,PROD636,POLAND
1216,Queued-Awaiting Assignment,Value 407,19.08670351124001,Queued,Medium,Awaiting Assignment,Org line C,E_10,in,G84 2nd,PROD454,Sweden
1216,Queued-Awaiting Assignment,Value 519,19.086704908633088,Queued,Medium,Awaiting Assignment,Org line C,V3_2,in,G41 2nd,PROD454,INDIA
1216,Accepted-In Progress,Value 519,19.087974526971692,Accepted,Medium,In Progress,Org line C,V3_2,in,G41 2nd,PROD454,INDIA
1216,Completed-Closed,Value 519,19.106348820610982,Completed,Medium,Closed,Org line C,V3_2,in,G41 2nd,PROD454,INDIA
1217,Queued-Awaiting Assignment,Value 520,19.08672361398993,Queued,Medium,Awaiting Assignment,Org line A2,A2_5,in,A8 2nd,PROD327,Sweden
1217,Accepted-In Progress,Value 520,19.087153756061266,Accepted,Medium,In Progress,Org line A2,A2_5,in,A8 2nd,PROD327,Sweden
1217,Queued-Awaiting Assignment,Value 521,19.08715453147096,Queued,Medium,Awaiting Assignment,Org line C,E_5,in,G75,PROD327,INDIA
1217,Accepted-In Progress,Value 521,19.08717506677119,Accepted,Medium,In Progress,Org line C,E_5,in,G75,PROD327,INDIA
1217,Completed-Closed,Value 521,19.08718171151172,Completed,Medium,Closed,Org line C,E_5,in,G75,PROD327,INDIA
1218,Accepted-In Progress,Value 494,19.086774996693244,Accepted,Major,In Progress,Org line C,E_10,jp,S51 2nd,PROD408,Japan
1218,Accepted-Wait,Value 494,19.08677575184826,Accepted,Major,Wait,Org line C,E_10,jp,S51 2nd,PROD408,Japan
1218,Completed-Closed,Value 494,19.098874436314176,Completed,Major,Closed,Org line C,E_10,jp,S51 2nd,PROD408,Japan
1219,Accepted-In Progress,Value 126,19.086738399245494,Accepted,Major,In Progress,Org line A2,A2_3,se,U6 2nd,PROD830,Sweden
1219,Completed-Closed,Value 126,19.09420247911849,Completed,Major,Closed,Org line A2,A2_3,se,U6 2nd,PROD830,Sweden
1220,Accepted-In Progress,Value 522,19.08678386844442,Accepted,High,In Progress,Org line C,E_10,in,G288 2nd,PROD154,Sweden
1220,Completed-Closed,Value 522,19.086795709309897,Completed,High,Closed,Org line C,E_10,in,G288 2nd,PROD154,Sweden
1221,Accepted-In Progress,Value 276,19.08682193337402,Accepted,High,In Progress,Org line C,E_4,us,G88 2nd,PROD793,INDIA
1221,Accepted-Wait,Value 276,19.086866582049463,Accepted,High,Wait,Org line C,E_4,us,G88 2nd,PROD793,INDIA
1221,Completed-Closed,Value 276,19.086866756695223,Completed,High,Closed,Org line C,E_4,us,G88 2nd,PROD793,INDIA
1221,Accepted-In Progress,Value 276,19.093315041544276,Accepted,High,In Progress,Org line C,E_4,us,G88 2nd,PROD793,INDIA
1221,Completed-Closed,Value 276,19.093320237019597,Completed,High,Closed,Org line C,E_4,us,G88 2nd,PROD793,INDIA
1222,Accepted-In Progress,Value 43,19.08707736242074,Accepted,High,In Progress,Org line G3,,us,G199 3rd,PROD97,POLAND
1222,Completed-Closed,Value 43,19.08707990965419,Completed,High,Closed,Org line G3,,us,G199 3rd,PROD97,POLAND
1223,Accepted-In Progress,Value 77,19.087189090511092,Accepted,Low,In Progress,Org line C,C_2,be,G58 3rd,PROD327,Sweden
1223,Accepted-In Progress,Value 77,19.09599984960385,Accepted,Low,In Progress,Org line C,C_2,be,G58 3rd,PROD327,Sweden
1223,Completed-Closed,Value 77,19.109031243811188,Completed,Low,Closed,Org line C,C_2,be,G58 3rd,PROD327,Sweden
1224,Accepted-In Progress,Value 289,19.08713272733727,Accepted,Medium,In Progress,Org line G4,,se,S33 2nd,PROD448,Sweden
1224,Completed-Closed,Value 289,19.104759697141446,Completed,Medium,Closed,Org line G4,,se,S33 2nd,PROD448,Sweden
1225,Accepted-In Progress,Value 367,19.087148091957634,Accepted,Low,In Progress,Org line C,E_1,us,G13 2nd,PROD398,Sweden
1225,Completed-Closed,Value 367,19.087996435898766,Completed,Low,Closed,Org line C,E_1,us,G13 2nd,PROD398,Sweden
1226,Accepted-In Progress,Value 229,19.087189475634826,Accepted,High,In Progress,Org line C,E_10,se,G271 2nd,PROD802,Sweden
1226,Queued-Awaiting Assignment,Value 229,19.087195540030322,Queued,High,Awaiting Assignment,Org line C,E_10,se,G271 2nd,PROD802,Sweden
1226,Accepted-In Progress,Value 370,19.087200644158568,Accepted,High,In Progress,Org line C,E_10,se,G271 2nd,PROD802,Sweden
1226,Accepted-Assigned,Value 523,19.087205419627203,Accepted,High,Assigned,Org line C,E_10,se,G271 2nd,PROD802,Sweden
1226,Queued-Awaiting Assignment,Value 44,19.08759087877381,Queued,High,Awaiting Assignment,Org line C,C_6,se,G273 3rd,PROD802,Sweden
1226,Accepted-Assigned,Value 122,19.08764561474889,Accepted,High,Assigned,Org line C,C_6,se,G273 3rd,PROD802,Sweden
1226,Accepted-In Progress,Value 122,19.0880277797095,Accepted,High,In Progress,Org line C,C_6,se,G273 3rd,PROD802,Sweden
1226,Accepted-In Progress,Value 128,19.08803516786032,Accepted,High,In Progress,Org line C,C_6,se,G273 3rd,PROD802,Sweden
1226,Accepted-Assigned,Value 231,19.088035768145176,Accepted,High,Assigned,Org line C,C_6,se,G273 3rd,PROD802,Sweden
1226,Accepted-Wait,Value 231,19.088036178596155,Accepted,High,Wait,Org line C,C_6,se,G273 3rd,PROD802,Sweden
1226,Completed-Closed,Value 231,19.110819162724695,Completed,High,Closed,Org line C,C_6,se,G273 3rd,PROD802,Sweden
1227,Accepted-In Progress,Value 77,19.087162932559988,Accepted,High,In Progress,Org line C,E_1,nl,G55 2nd,PROD821,Belgium
1227,Accepted-In Progress,Value 488,19.08716319445099,Accepted,High,In Progress,Org line V7n,,nl,V32 2nd,PROD821,Netherlands
1227,Queued-Awaiting Assignment,Value 77,19.087169017656798,Queued,High,Awaiting Assignment,Org line C,E_1,nl,G55 2nd,PROD821,Belgium
1227,Accepted-In Progress,Value 488,19.087169022791887,Accepted,High,In Progress,Org line V7n,,nl,V32 2nd,PROD821,Netherlands
1227,Completed-Closed,Value 488,19.087177444299346,Completed,High,Closed,Org line V7n,,nl,V32 2nd,PROD821,Netherlands
1228,Accepted-In Progress,Value 395,19.087182527979884,Accepted,Medium,In Progress,Org line A2,A2_3,se,G45 2nd,PROD711,Brazil
1228,Completed-Closed,Value 395,19.096504008272106,Completed,Medium,Closed,Org line A2,A2_3,se,G45 2nd,PROD711,Brazil
1229,Accepted-In Progress,Value 68,19.08720923998569,Accepted,Medium,In Progress,Org line A2,A2_4,se,G118 2nd,PROD591,Sweden
1229,Completed-Closed,Value 68,19.087998072635408,Completed,Medium,Closed,Org line A2,A2_4,se,G118 2nd,PROD591,Sweden
1230,Accepted-In Progress,Value 126,19.087545246061982,Accepted,High,In Progress,Org line A2,A2_3,se,U6 2nd,PROD802,Sweden
1230,Queued-Awaiting Assignment,Value 126,19.087551236436592,Queued,High,Awaiting Assignment,Org line A2,A2_3,se,U6 2nd,PROD802,Sweden
1230,Accepted-In Progress,Value 31,19.093319343889707,Accepted,High,In Progress,Org line A2,A2_3,se,U6 2nd,PROD802,Sweden
1230,Completed-Closed,Value 31,19.093319813420948,Completed,High,Closed,Org line A2,A2_3,se,U6 2nd,PROD802,Sweden
1231,Accepted-In Progress,Value 311,19.087615701273307,Accepted,Low,In Progress,Org line V2,,se,T2 2nd,PROD367,Sweden
1231,Accepted-In Progress,Value 311,19.08980155405835,Accepted,Low,In Progress,Org line V2,,se,T2 2nd,PROD367,Sweden
1231,Queued-Awaiting Assignment,Value 84,19.089801702584353,Queued,Low,Awaiting Assignment,Org line V2,,se,T4 2nd,PROD367,Sweden
1231,Accepted-In Progress,Value 311,19.08980181013765,Accepted,Low,In Progress,Org line V2,,se,T2 2nd,PROD367,Sweden
1231,Queued-Awaiting Assignment,Value 84,19.089802076460053,Queued,Low,Awaiting Assignment,Org line V2,,se,T4 2nd,PROD367,Sweden
1231,Accepted-In Progress,Value 311,19.089802148162224,Accepted,Low,In Progress,Org line V2,,se,T2 2nd,PROD367,Sweden
1231,Accepted-In Progress,Value 311,19.089802301809723,Accepted,Low,In Progress,Org line V2,,se,T4 2nd,PROD367,Sweden
1231,Completed-Closed,Value 311,19.114726006116275,Completed,Low,Closed,Org line V2,,se,T4 2nd,PROD367,Sweden
1232,Accepted-In Progress,Value 44,19.087637032937337,Accepted,Major,In Progress,Org line C,C_6,se,G273 3rd,PROD802,Sweden
1232,Queued-Awaiting Assignment,Value 44,19.08763818265799,Queued,Major,Awaiting Assignment,Org line C,C_6,se,G273 3rd,PROD802,Sweden
1232,Accepted-In Progress,Value 128,19.087646174206537,Accepted,Major,In Progress,Org line C,C_6,se,G273 3rd,PROD802,Sweden
1232,Accepted-Assigned,Value 44,19.08764882777661,Accepted,Major,Assigned,Org line C,C_6,se,G273 3rd,PROD802,Sweden
1232,Accepted-In Progress,Value 44,19.099058217399037,Accepted,Major,In Progress,Org line C,C_6,se,G273 3rd,PROD802,Sweden
1232,Completed-Closed,Value 44,19.09905840515169,Completed,Major,Closed,Org line C,C_6,se,G273 3rd,PROD802,Sweden
1233,Accepted-In Progress,Value 87,19.087649074142526,Accepted,Medium,In Progress,Org line C,E_10,in,G276 2nd,PROD698,Sweden
1233,Completed-Closed,Value 87,19.087649946687993,Completed,Medium,Closed,Org line C,E_10,in,G276 2nd,PROD698,Sweden
1234,Accepted-In Progress,Value 43,19.087680336458305,Accepted,High,In Progress,Org line G3,,us,G199 3rd,PROD98,POLAND
1234,Completed-Closed,Value 43,19.087681291095816,Completed,High,Closed,Org line G3,,us,G199 3rd,PROD98,POLAND
1235,Accepted-In Progress,Value 31,19.08773206007443,Accepted,Medium,In Progress,Org line G4,,se,S33 2nd,PROD448,Sweden
1235,Completed-Closed,Value 31,19.0995076419635,Completed,Medium,Closed,Org line G4,,se,S33 2nd,PROD448,Sweden
1236,Accepted-In Progress,Value 324,19.08797540436418,Accepted,Medium,In Progress,Org line C,E_2,se,G57 2nd,PROD327,Sweden
1236,Queued-Awaiting Assignment,Value 324,19.08797606625625,Queued,Medium,Awaiting Assignment,Org line C,E_2,se,G57 2nd,PROD327,Sweden
1236,Accepted-In Progress,Value 423,19.089769968734693,Accepted,Medium,In Progress,Org line C,E_2,se,G57 2nd,PROD327,Sweden
1236,Accepted-Wait,Value 423,19.09019237253646,Accepted,Medium,Wait,Org line C,E_2,se,G57 2nd,PROD327,Sweden
1236,Accepted-In Progress,Value 330,19.09032459756633,Accepted,Medium,In Progress,Org line C,E_2,se,G57 2nd,PROD327,Belgium
1236,Completed-Closed,Value 330,19.090328375313693,Completed,Medium,Closed,Org line C,E_2,se,G57 2nd,PROD327,Belgium
1237,Accepted-In Progress,Value 524,19.087961904748937,Accepted,Low,In Progress,Org line C,A2_1,be,D2,PROD235,Belgium
1237,Accepted-Wait,Value 524,19.08796218182383,Accepted,Low,Wait,Org line C,A2_1,be,D2,PROD235,Belgium
1237,Completed-Closed,Value 524,19.08796271031832,Completed,Low,Closed,Org line C,A2_1,be,D2,PROD235,Belgium
1238,Accepted-In Progress,Value 525,19.087972413017035,Accepted,Medium,In Progress,Org line C,E_3,us,G67 2nd,PROD151,Sweden
1238,Accepted-Wait,Value 525,19.08797315700644,Accepted,Medium,Wait,Org line C,E_3,us,G67 2nd,PROD151,Sweden
1238,Completed-Closed,Value 525,19.100403473435904,Completed,Medium,Closed,Org line C,E_3,us,G67 2nd,PROD151,Sweden
1239,Accepted-In Progress,Value 521,19.087980607131893,Accepted,Medium,In Progress,Org line C,E_5,in,G75,PROD327,INDIA
1239,Accepted-Wait,Value 521,19.08798181802858,Accepted,Medium,Wait,Org line C,E_5,in,G75,PROD327,INDIA
1239,Completed-Closed,Value 521,19.088038189803505,Completed,Medium,Closed,Org line C,E_5,in,G75,PROD327,INDIA
1240,Accepted-In Progress,Value 2,19.08806166214123,Accepted,Low,In Progress,Org line V2,,se,T3 2nd,PROD449,Sweden
1240,Completed-Closed,Value 2,19.093677904582297,Completed,Low,Closed,Org line V2,,se,T3 2nd,PROD449,Sweden
1241,Accepted-In Progress,Value 165,19.088066274454956,Accepted,Medium,In Progress,Org line C,V3_3,us,N22 2nd,PROD209,USA
1241,Completed-Closed,Value 165,19.091242518576728,Completed,Medium,Closed,Org line C,V3_3,us,N22 2nd,PROD209,USA
1242,Accepted-In Progress,Value 303,19.088534049574957,Accepted,Medium,In Progress,Org line C,E_5,in,G92,PROD793,INDIA
1242,Accepted-Wait,Value 303,19.08854820811022,Accepted,Medium,Wait,Org line C,E_5,in,G92,PROD793,INDIA
1242,Accepted-In Progress,Value 303,19.105665971208293,Accepted,Medium,In Progress,Org line C,E_5,in,G92,PROD793,INDIA
1242,Completed-Closed,Value 303,19.10599524904338,Completed,Medium,Closed,Org line C,E_5,in,G92,PROD793,INDIA
1243,Accepted-In Progress,Value 526,19.08863800065819,Accepted,Major,In Progress,Org line C,E_10,in,G209 2nd,PROD473,Sweden
1243,Queued-Awaiting Assignment,Value 526,19.08863818524995,Queued,Major,Awaiting Assignment,Org line C,E_10,in,G209 2nd,PROD473,Sweden
1243,Accepted-In Progress,Value 493,19.088663822663346,Accepted,Major,In Progress,Org line C,E_8,in,G186 2nd,PROD473,Sweden
1243,Completed-Closed,Value 493,19.114639405172802,Completed,Major,Closed,Org line C,E_8,in,G186 2nd,PROD473,Sweden
1244,Accepted-In Progress,Value 39,19.088868211378767,Accepted,Medium,In Progress,Org line C,C_3,se,G95 3rd,PROD325,Sweden
1244,Queued-Awaiting Assignment,Value 39,19.088874096433145,Queued,Medium,Awaiting Assignment,Org line C,C_3,se,G95 3rd,PROD325,Sweden
1244,Accepted-In Progress,Value 453,19.088874101559483,Accepted,Medium,In Progress,Org line C,C_3,se,G211 3rd,PROD325,INDIA
1244,Accepted-In Progress,Value 453,19.08887446040314,Accepted,Medium,In Progress,Org line C,C_3,se,G211 3rd,PROD325,INDIA
1244,Completed-Closed,Value 453,19.088874578308886,Completed,Medium,Closed,Org line C,C_3,se,G211 3rd,PROD325,INDIA
1244,Accepted-In Progress,Value 453,19.088874732098965,Accepted,Medium,In Progress,Org line C,C_3,se,G211 3rd,PROD325,INDIA
1244,Completed-Closed,Value 453,19.10253278896452,Completed,Medium,Closed,Org line C,C_3,se,G211 3rd,PROD325,INDIA
1245,Accepted-In Progress,Value 387,19.089302827890357,Accepted,Medium,In Progress,Org line C,E_10,se,G288 2nd,PROD631,Sweden
1245,Queued-Awaiting Assignment,Value 387,19.089789974083896,Queued,Medium,Awaiting Assignment,Org line C,E_10,se,G288 2nd,PROD631,Sweden
1245,Accepted-In Progress,Value 527,19.08979442990595,Accepted,Medium,In Progress,Org line C,E_10,se,G288 2nd,PROD631,Sweden
1245,Queued-Awaiting Assignment,Value 229,19.089797953576458,Queued,Medium,Awaiting Assignment,Org line C,E_10,se,G271 2nd,PROD631,Sweden
1245,Accepted-In Progress,Value 370,19.08979847598004,Accepted,Medium,In Progress,Org line C,E_10,se,G271 2nd,PROD631,Sweden
1245,Queued-Awaiting Assignment,Value 44,19.08979987417652,Queued,Medium,Awaiting Assignment,Org line C,C_6,se,G273 3rd,PROD631,Sweden
1245,Accepted-In Progress,Value 44,19.089803479773074,Accepted,Medium,In Progress,Org line C,C_6,se,G273 3rd,PROD631,Sweden
1245,Accepted-Wait,Value 44,19.09334245273089,Accepted,Medium,Wait,Org line C,C_6,se,G273 3rd,PROD631,Sweden
1245,Completed-Closed,Value 44,19.099482123819573,Completed,Medium,Closed,Org line C,C_6,se,G273 3rd,PROD631,Sweden
1246,Accepted-In Progress,Value 114,19.08930147511607,Accepted,Major,In Progress,Org line C,C_6,se,G268 3rd,PROD805,Sweden
1246,Completed-Closed,Value 114,19.117664360969997,Completed,Major,Closed,Org line C,C_6,se,G268 3rd,PROD805,Sweden
1247,Accepted-In Progress,Value 337,19.08933625210711,Accepted,Medium,In Progress,Org line C,E_7,in,G162 2nd,PROD473,INDIA
1247,Queued-Awaiting Assignment,Value 337,19.089336718388296,Queued,Medium,Awaiting Assignment,Org line C,E_7,in,G162 2nd,PROD473,INDIA
1247,Accepted-In Progress,Value 337,19.08934314894733,Accepted,Medium,In Progress,Org line C,E_7,in,G165 2nd,PROD473,INDIA
1247,Queued-Awaiting Assignment,Value 187,19.08934370233215,Queued,Medium,Awaiting Assignment,Org line C,E_8,in,G186 2nd,PROD473,INDIA
1247,Accepted-In Progress,Value 479,19.093752142812864,Accepted,Medium,In Progress,Org line C,E_8,in,G181 2nd,PROD473,Sweden
1247,Queued-Awaiting Assignment,Value 337,19.093752346868573,Queued,Medium,Awaiting Assignment,Org line C,E_7,in,G162 2nd,PROD473,INDIA
1247,Accepted-In Progress,Value 337,19.09412847829278,Accepted,Medium,In Progress,Org line C,E_7,in,G165 2nd,PROD473,INDIA
1247,Accepted-Assigned,Value 412,19.09412995713909,Accepted,Medium,Assigned,Org line C,E_7,in,G165 2nd,PROD473,INDIA
1247,Queued-Awaiting Assignment,Value 187,19.095472189063095,Queued,Medium,Awaiting Assignment,Org line C,E_8,in,G186 2nd,PROD473,INDIA
1247,Accepted-In Progress,Value 479,19.0964310882787,Accepted,Medium,In Progress,Org line C,E_8,in,G181 2nd,PROD473,Sweden
1247,Queued-Awaiting Assignment,Value 13,19.096431352841414,Queued,Medium,Awaiting Assignment,Org line C,,in,G163 3rd,PROD473,Sweden
1247,Accepted-In Progress,Value 13,19.09691662619311,Accepted,Medium,In Progress,Org line C,E_7,in,G157 2nd,PROD473,Sweden
1247,Accepted-In Progress,Value 13,19.09691668213114,Accepted,Medium,In Progress,Org line C,E_7,in,G157 2nd,PROD473,Sweden
1247,Completed-Closed,Value 13,19.096917175402716,Completed,Medium,Closed,Org line C,E_7,in,G157 2nd,PROD473,Sweden
1248,Accepted-In Progress,Value 528,19.089366857113284,Accepted,Medium,In Progress,Org line C,E_10,se,G138 2nd,PROD276,Sweden
1248,Accepted-Wait,Value 528,19.089367943361147,Accepted,Medium,Wait,Org line C,E_10,se,G138 2nd,PROD276,Sweden
1248,Completed-Closed,Value 528,19.090696248276664,Completed,Medium,Closed,Org line C,E_10,se,G138 2nd,PROD276,Sweden
1249,Accepted-In Progress,Value 528,19.089376500083738,Accepted,Medium,In Progress,Org line C,E_10,se,G138 2nd,PROD802,Sweden
1249,Completed-Closed,Value 528,19.089378739166122,Completed,Medium,Closed,Org line C,E_10,se,G138 2nd,PROD802,Sweden
1250,Accepted-In Progress,Value 529,19.089437460770377,Accepted,Medium,In Progress,Org line G4,,se,S29 2nd,PROD527,Sweden
1250,Completed-Closed,Value 529,19.09066682505677,Completed,Medium,Closed,Org line G4,,se,S29 2nd,PROD527,Sweden
1251,Accepted-In Progress,Value 512,19.089491050639417,Accepted,Low,In Progress,Org line C,E_4,in,G93 2nd,PROD279,Brazil
1251,Completed-Closed,Value 512,19.093407805807548,Completed,Low,Closed,Org line C,E_4,in,G93 2nd,PROD279,Brazil
1252,Queued-Awaiting Assignment,Value 216,19.08947106492559,Queued,High,Awaiting Assignment,Org line A2,A2_1,se,M19 2nd,PROD700,Sweden
1252,Accepted-In Progress,Value 216,19.109116020909653,Accepted,High,In Progress,Org line A2,A2_1,se,M19 2nd,PROD700,Sweden
1252,Completed-Closed,Value 216,19.109129268094954,Completed,High,Closed,Org line A2,A2_1,se,M19 2nd,PROD700,Sweden
1253,Accepted-In Progress,Value 42,19.089772391318757,Accepted,Medium,In Progress,Org line A2,A2_1,in,M22 2nd,PROD327,Sweden
1253,Accepted-Wait,Value 42,19.089795295459883,Accepted,Medium,Wait,Org line A2,A2_1,in,M22 2nd,PROD327,Sweden
1253,Queued-Awaiting Assignment,Value 42,19.093718855667717,Queued,Medium,Awaiting Assignment,Org line A2,A2_1,in,M22 2nd,PROD327,Sweden
1253,Accepted-In Progress,Value 155,19.093800125366855,Accepted,Medium,In Progress,Org line A2,A2_1,in,M22 2nd,PROD327,POLAND
1253,Accepted-In Progress,Value 478,19.094132272294093,Accepted,Medium,In Progress,Org line A2,A2_1,in,M22 2nd,PROD327,POLAND
1253,Queued-Awaiting Assignment,Value 521,19.09413293522295,Queued,Medium,Awaiting Assignment,Org line C,E_5,in,G75,PROD327,INDIA
1253,Accepted-In Progress,Value 521,19.09545864767838,Accepted,Medium,In Progress,Org line C,E_5,in,G75,PROD327,INDIA
1253,Completed-Closed,Value 521,19.09545894814735,Completed,Medium,Closed,Org line C,E_5,in,G75,PROD327,INDIA
1254,Accepted-In Progress,Value 148,19.089785733352052,Accepted,High,In Progress,Org line C,E_6,fr,W12 2nd,PROD190,France
1254,Queued-Awaiting Assignment,Value 148,19.089786250640355,Queued,High,Awaiting Assignment,Org line C,E_6,fr,W12 2nd,PROD190,France
1254,Accepted-In Progress,Value 148,19.0995007337169,Accepted,High,In Progress,Org line C,E_6,fr,W12 2nd,PROD190,France
1254,Completed-Closed,Value 148,19.099502118413326,Completed,High,Closed,Org line C,E_6,fr,W12 2nd,PROD190,France
1255,Accepted-In Progress,Value 530,19.08981164865468,Accepted,Medium,In Progress,Org line C,E_10,se,G140 2nd,PROD664,Sweden
1255,Completed-Closed,Value 530,19.11773361735446,Completed,Medium,Closed,Org line C,E_10,se,G140 2nd,PROD664,Sweden
1256,Accepted-In Progress,Value 76,19.090218415528405,Accepted,Major,In Progress,Org line C,C_6,se,G278 3rd,PROD802,Sweden
1256,Completed-Closed,Value 76,19.09121768876952,Completed,Major,Closed,Org line C,C_6,se,G278 3rd,PROD802,Sweden
1257,Accepted-In Progress,Value 511,19.090282498776403,Accepted,Medium,In Progress,Org line A2,A2_2,in,G40,PROD424,Sweden
1257,Queued-Awaiting Assignment,Value 511,19.090290453863517,Queued,Medium,Awaiting Assignment,Org line A2,A2_2,in,G40,PROD424,Sweden
1257,Accepted-In Progress,Value 511,19.094167840356373,Accepted,Medium,In Progress,Org line A2,A2_2,in,G40,PROD424,Sweden
1257,Accepted-Assigned,Value 179,19.09417132825308,Accepted,Medium,Assigned,Org line A2,A2_2,in,G40,PROD424,Sweden
1257,Queued-Awaiting Assignment,Value 69,19.094173174181794,Queued,Medium,Awaiting Assignment,Org line B,E_10,in,G230 2nd,PROD424,INDIA
1257,Accepted-In Progress,Value 71,19.09417432151146,Accepted,Medium,In Progress,Org line B,E_10,in,G230 2nd,PROD424,INDIA
1257,Queued-Awaiting Assignment,Value 511,19.095897215882648,Queued,Medium,Awaiting Assignment,Org line A2,A2_2,in,G40,PROD424,Sweden
1257,Accepted-Assigned,Value 179,19.099833447010703,Accepted,Medium,Assigned,Org line A2,A2_2,in,G40,PROD424,Sweden
1257,Queued-Awaiting Assignment,Value 57,19.099834942796548,Queued,Medium,Awaiting Assignment,Org line A2,A2_2,in,G39 3rd,PROD424,Sweden
1257,Accepted-In Progress,Value 57,19.100272239975258,Accepted,Medium,In Progress,Org line A2,A2_2,in,G39 3rd,PROD424,Sweden
1257,Accepted-Assigned,Value 76,19.100272503523698,Accepted,Medium,Assigned,Org line A2,A2_2,in,G39 3rd,PROD424,Sweden
1257,Queued-Awaiting Assignment,Value 69,19.101733328865684,Queued,Medium,Awaiting Assignment,Org line B,E_10,in,G230 2nd,PROD424,INDIA
1257,Accepted-In Progress,Value 71,19.101738187260434,Accepted,Medium,In Progress,Org line B,E_10,in,G230 2nd,PROD424,INDIA
1257,Accepted-In Progress,Value 76,19.1033264616638,Accepted,Medium,In Progress,Org line A2,A2_2,in,G39 3rd,PROD424,Sweden
1257,Queued-Awaiting Assignment,Value 69,19.103327108419943,Queued,Medium,Awaiting Assignment,Org line B,E_10,in,G230 2nd,PROD424,INDIA
1257,Accepted-In Progress,Value 71,19.103344489834548,Accepted,Medium,In Progress,Org line B,E_10,in,G230 2nd,PROD424,INDIA
1257,Accepted-Wait,Value 71,19.103363977881138,Accepted,Medium,Wait,Org line B,E_10,in,G230 2nd,PROD424,INDIA
1257,Accepted-In Progress,Value 71,19.105627033945723,Accepted,Medium,In Progress,Org line B,E_10,in,G230 2nd,PROD424,INDIA
1257,Completed-Closed,Value 71,19.10563186337784,Completed,Medium,Closed,Org line B,E_10,in,G230 2nd,PROD424,INDIA
1258,Accepted-In Progress,Value 62,19.090312486155394,Accepted,Major,In Progress,Org line C,E_4,us,G88 2nd,PROD793,Sweden
1258,Accepted-Assigned,Value 62,19.090312690914196,Accepted,Major,Assigned,Org line C,E_4,us,G88 2nd,PROD793,Sweden
1258,Accepted-In Progress,Value 62,19.093796003630366,Accepted,Major,In Progress,Org line C,E_4,us,G88 2nd,PROD793,Sweden
1258,Completed-Closed,Value 62,19.093796136260764,Completed,Major,Closed,Org line C,E_4,us,G88 2nd,PROD793,Sweden
1258,Accepted-In Progress,Value 62,19.09416592812714,Accepted,Major,In Progress,Org line C,E_4,us,G88 2nd,PROD793,Sweden
1258,Completed-Closed,Value 62,19.103470445535592,Completed,Major,Closed,Org line C,E_4,us,G88 2nd,PROD793,Sweden
1259,Accepted-In Progress,Value 166,19.090532495780835,Accepted,High,In Progress,Org line C,E_1,se,G294 2nd,PROD790,Sweden
1259,Queued-Awaiting Assignment,Value 166,19.090532741437336,Queued,High,Awaiting Assignment,Org line C,E_1,se,G294 2nd,PROD790,Sweden
1259,Accepted-In Progress,Value 119,19.09075573170737,Accepted,High,In Progress,Org line A2,A2_1,se,N19 2nd,PROD790,Sweden
1259,Completed-Closed,Value 119,19.090756100109854,Completed,High,Closed,Org line A2,A2_1,se,N19 2nd,PROD790,Sweden
1260,Accepted-In Progress,Value 358,19.0906012158346,Accepted,High,In Progress,Org line C,E_1,us,G13 2nd,PROD398,USA
1260,Queued-Awaiting Assignment,Value 358,19.09060153823659,Queued,High,Awaiting Assignment,Org line C,E_1,us,G13 2nd,PROD398,USA
1260,Accepted-In Progress,Value 220,19.091183452798727,Accepted,High,In Progress,Org line C,E_1,us,G13 2nd,PROD398,Belgium
1260,Accepted-Wait,Value 220,19.091189508364995,Accepted,High,Wait,Org line C,E_1,us,G13 2nd,PROD398,Belgium
1260,Accepted-In Progress,Value 220,19.09119250544757,Accepted,High,In Progress,Org line C,E_1,us,G13 2nd,PROD398,Belgium
1260,Accepted-Wait,Value 220,19.09412607133825,Accepted,High,Wait,Org line C,E_1,us,G13 2nd,PROD398,Belgium
1260,Completed-Closed,Value 220,19.118503382504482,Completed,High,Closed,Org line C,E_1,us,G13 2nd,PROD398,Belgium
1261,Accepted-In Progress,Value 403,19.090629428174136,Accepted,Medium,In Progress,Org line G4,,se,M18 2nd,PROD78,Sweden
1261,Completed-Closed,Value 403,19.10596023525481,Completed,Medium,Closed,Org line G4,,se,M18 2nd,PROD78,Sweden
1262,Accepted-In Progress,Value 82,19.09068902815451,Accepted,Major,In Progress,Org line C,V3_3,se,G101 2nd,PROD221,Sweden
1262,Completed-Closed,Value 82,19.101231471263244,Completed,Major,Closed,Org line C,V3_3,se,G101 2nd,PROD221,Sweden
1263,Accepted-In Progress,Value 478,19.0909725438024,Accepted,Medium,In Progress,Org line A2,A2_1,pl,W16 3rd,PROD756,POLAND
1263,Accepted-Assigned,Value 478,19.09097361296073,Accepted,Medium,Assigned,Org line A2,A2_1,pl,W16 3rd,PROD756,POLAND
1263,Accepted-In Progress,Value 478,19.092437445746956,Accepted,Medium,In Progress,Org line A2,A2_1,pl,W16 3rd,PROD756,POLAND
1263,Accepted-Wait,Value 478,19.093296785716056,Accepted,Medium,Wait,Org line A2,A2_1,pl,W16 3rd,PROD756,POLAND
1263,Completed-Closed,Value 478,19.098966153458324,Completed,Medium,Closed,Org line A2,A2_1,pl,W16 3rd,PROD756,POLAND
1264,Accepted-In Progress,Value 531,19.091086410415766,Accepted,Major,In Progress,Org line C,E_4,us,G88 2nd,PROD219,Sweden
1264,Completed-Closed,Value 531,19.09108737715226,Completed,Major,Closed,Org line C,E_4,us,G88 2nd,PROD219,Sweden
1265,Accepted-In Progress,Value 43,19.09109910067597,Accepted,Medium,In Progress,Org line G3,,us,G199 3rd,PROD97,POLAND
1265,Completed-Closed,Value 43,19.09109943314737,Completed,Medium,Closed,Org line G3,,us,G199 3rd,PROD97,POLAND
1266,Accepted-Wait,Value 204,19.091176486806372,Accepted,Low,Wait,Org line C,E_9,se,N12 2nd,PROD479,Sweden
1266,Completed-Closed,Value 204,19.092398909464283,Completed,Low,Closed,Org line C,E_9,se,N12 2nd,PROD479,Sweden
1267,Accepted-In Progress,Value 43,19.09157419692263,Accepted,Medium,In Progress,Org line G3,,us,G199 3rd,PROD96,POLAND
1267,Completed-Closed,Value 43,19.09157448322348,Completed,Medium,Closed,Org line G3,,us,G199 3rd,PROD96,POLAND
1268,Accepted-In Progress,Value 532,19.092272220675007,Accepted,Low,In Progress,Org line C,E_1,be,G213 2nd,PROD715,Sweden
1268,Accepted-In Progress,Value 532,19.092274121202056,Accepted,Low,In Progress,Org line C,E_1,be,G213 2nd,PROD715,Sweden
1268,Completed-Closed,Value 532,19.092274162073565,Completed,Low,Closed,Org line C,E_1,be,G213 2nd,PROD715,Sweden
1269,Accepted-In Progress,Value 532,19.09227346214873,Accepted,Major,In Progress,Org line C,E_1,be,G213 2nd,PROD715,Sweden
1269,Completed-Closed,Value 532,19.09227459633325,Completed,Major,Closed,Org line C,E_1,be,G213 2nd,PROD715,Sweden
1270,Accepted-In Progress,Value 114,19.092369679336898,Accepted,High,In Progress,Org line C,C_6,se,G268 3rd,PROD802,Sweden
1270,Completed-Closed,Value 114,19.111723100924486,Completed,High,Closed,Org line C,C_6,se,G268 3rd,PROD802,Sweden
1271,Accepted-In Progress,Value 175,19.09240818098821,Accepted,Major,In Progress,Org line C,E_8,in,G186 2nd,PROD474,INDIA
1271,Completed-Closed,Value 175,19.1116750938344,Completed,Major,Closed,Org line C,E_8,in,G186 2nd,PROD474,INDIA
1272,Accepted-In Progress,Value 175,19.09240936099418,Accepted,Major,In Progress,Org line C,E_8,in,G181 2nd,PROD474,INDIA
1272,Completed-Closed,Value 175,19.111674813230916,Completed,Major,Closed,Org line C,E_8,in,G181 2nd,PROD474,INDIA
1273,Accepted-In Progress,Value 533,19.092449531449112,Accepted,High,In Progress,Other,,se,V46 2nd,PROD805,Sweden
1273,Accepted-In Progress,Value 533,19.09244983282359,Accepted,High,In Progress,Other,,se,V46 2nd,PROD805,Sweden
1273,Accepted-In Progress,Value 533,19.09245015973817,Accepted,High,In Progress,Other,,se,V46 2nd,PROD805,Sweden
1273,Queued-Awaiting Assignment,Value 345,19.09245541078902,Queued,High,Awaiting Assignment,Org line C,C_6,se,G268 3rd,PROD805,Sweden
1273,Accepted-In Progress,Value 45,19.092460896779624,Accepted,High,In Progress,Org line C,C_6,se,G268 3rd,PROD805,Sweden
1273,Completed-Closed,Value 45,19.09246200010371,Completed,High,Closed,Org line C,C_6,se,G268 3rd,PROD805,Sweden
1274,Accepted-In Progress,Value 534,19.092456074830455,Accepted,Medium,In Progress,Org line A2,A2_2,us,N12 2nd,PROD669,USA
1274,Queued-Awaiting Assignment,Value 534,19.09549055290451,Queued,Medium,Awaiting Assignment,Org line A2,A2_2,us,N12 2nd,PROD669,USA
1274,Accepted-In Progress,Value 535,19.095558347493817,Accepted,Medium,In Progress,Org line A2,A2_2,us,N12 2nd,PROD669,USA
1274,Completed-Closed,Value 535,19.095560822293848,Completed,Medium,Closed,Org line A2,A2_2,us,N12 2nd,PROD669,USA
1275,Accepted-In Progress,Value 536,19.092463992213553,Accepted,Medium,In Progress,Org line A2,A2_5,us,N30 2nd,PROD383,USA
1275,Queued-Awaiting Assignment,Value 536,19.095491164008244,Queued,Medium,Awaiting Assignment,Org line A2,A2_5,us,N30 2nd,PROD383,USA
1275,Accepted-In Progress,Value 62,19.095491311691593,Accepted,Medium,In Progress,Org line C,E_5,us,G76,PROD383,Sweden
1275,Queued-Awaiting Assignment,Value 536,19.09549136261688,Queued,Medium,Awaiting Assignment,Org line A2,A2_5,us,N30 2nd,PROD383,USA
1275,Accepted-In Progress,Value 537,19.099160486632652,Accepted,Medium,In Progress,Org line A2,A2_5,us,N30 2nd,PROD383,USA
1275,Completed-Closed,Value 537,19.09916392671579,Completed,Medium,Closed,Org line A2,A2_5,us,N30 2nd,PROD383,USA
1276,Accepted-In Progress,Value 538,19.09247526543732,Accepted,Medium,In Progress,Org line C,E_6,se,M13 2nd,PROD383,Sweden
1276,Queued-Awaiting Assignment,Value 538,19.09549241167721,Queued,Medium,Awaiting Assignment,Org line C,E_6,se,M13 2nd,PROD383,Sweden
1276,Accepted-In Progress,Value 538,19.09555354554954,Accepted,Medium,In Progress,Org line C,E_6,se,M3 2nd,PROD383,Sweden
1276,Completed-Closed,Value 538,19.105601968919192,Completed,Medium,Closed,Org line C,E_6,se,M3 2nd,PROD383,Sweden
1277,Accepted-In Progress,Value 13,19.09247621040046,Accepted,Low,In Progress,Org line A2,A2_3,se,S35 2nd,PROD368,Sweden
1277,Accepted-In Progress,Value 13,19.092895910498978,Accepted,Low,In Progress,Org line A2,A2_3,se,S35 2nd,PROD368,Sweden
1277,Completed-Closed,Value 13,19.09289635980603,Completed,Low,Closed,Org line A2,A2_3,se,S35 2nd,PROD368,Sweden
1278,Accepted-In Progress,Value 232,19.092524387013725,Accepted,Major,In Progress,Org line C,C_5,se,G120 3rd,PROD597,Sweden
1278,Completed-Closed,Value 232,19.09291560323345,Completed,Major,Closed,Org line C,C_5,se,G120 3rd,PROD597,Sweden
1279,Accepted-In Progress,Value 538,19.09252972450459,Accepted,Medium,In Progress,Org line C,E_6,se,M13 2nd,PROD383,Sweden
1279,Queued-Awaiting Assignment,Value 538,19.095494280631478,Queued,Medium,Awaiting Assignment,Org line C,E_6,se,M13 2nd,PROD383,Sweden
1279,Accepted-In Progress,Value 538,19.095553754330204,Accepted,Medium,In Progress,Org line C,E_6,se,M3 2nd,PROD383,Sweden
1279,Completed-Closed,Value 538,19.10560471138231,Completed,Medium,Closed,Org line C,E_6,se,M3 2nd,PROD383,Sweden
1280,Accepted-In Progress,Value 204,19.092780712742083,Accepted,Low,In Progress,Org line C,E_9,se,N12 2nd,PROD277,Sweden
1280,Accepted-Wait,Value 204,19.09278239273026,Accepted,Low,Wait,Org line C,E_9,se,N12 2nd,PROD277,Sweden
1280,Completed-Closed,Value 204,19.10204181539888,Completed,Low,Closed,Org line C,E_9,se,N12 2nd,PROD277,Sweden
1281,Queued-Awaiting Assignment,Value 217,19.09287205608914,Queued,Medium,Awaiting Assignment,Org line C,E_5,se,G92,PROD815,INDIA
1281,Accepted-In Progress,Value 303,19.09337362432347,Accepted,Medium,In Progress,Org line C,E_5,se,G92,PROD815,INDIA
1281,Queued-Awaiting Assignment,Value 76,19.093379396166952,Queued,Medium,Awaiting Assignment,Org line C,V3_2,se,G365,PROD815,Sweden
1281,Accepted-In Progress,Value 77,19.09369353628956,Accepted,Medium,In Progress,Org line C,V3_2,se,N20,PROD815,Sweden
1281,Accepted-In Progress,Value 104,19.093694383170117,Accepted,Medium,In Progress,Org line C,V3_2,se,G365,PROD815,Sweden
1281,Queued-Awaiting Assignment,Value 539,19.093694536220745,Queued,Medium,Awaiting Assignment,Org line C,E_5,se,G92,PROD815,INDIA
1281,Accepted-In Progress,Value 273,19.093726232500735,Accepted,Medium,In Progress,Org line C,E_4,se,G88 2nd,PROD815,Sweden
1281,Queued-Awaiting Assignment,Value 118,19.093726946714046,Queued,Medium,Awaiting Assignment,Org line C,C_3,se,G292 3rd,PROD815,France
1281,Accepted-In Progress,Value 118,19.093750265498375,Accepted,Medium,In Progress,Org line C,C_3,se,L59 3rd,PROD815,France
1281,Queued-Awaiting Assignment,Value 118,19.093750382830635,Queued,Medium,Awaiting Assignment,Org line C,C_3,se,G62 3rd,PROD815,France
1281,Accepted-In Progress,Value 108,19.100400848428702,Accepted,Medium,In Progress,Org line C,C_3,se,G292 3rd,PROD815,Sweden
1281,Completed-Closed,Value 108,19.100406508908613,Completed,Medium,Closed,Org line C,C_3,se,G292 3rd,PROD815,Sweden
1282,Queued-Awaiting Assignment,Value 511,19.09299253750336,Queued,Medium,Awaiting Assignment,Org line A2,A2_2,fr,G40,PROD424,Sweden
1282,Accepted-In Progress,Value 540,19.09373576720636,Accepted,Medium,In Progress,Org line V4,,fr,V5 2nd,PROD424,France
1282,Completed-Closed,Value 540,19.093736175324423,Completed,Medium,Closed,Org line V4,,fr,V5 2nd,PROD424,France
1283,Accepted-In Progress,Value 151,19.092922929832415,Accepted,Medium,In Progress,Org line A2,A2_1,se,J2 2nd,PROD350,Sweden
1283,Accepted-In Progress,Value 151,19.112254722678987,Accepted,Medium,In Progress,Org line A2,A2_1,se,J2 2nd,PROD350,Sweden
1283,Completed-Closed,Value 151,19.112255068222108,Completed,Medium,Closed,Org line A2,A2_1,se,J2 2nd,PROD350,Sweden
1284,Accepted-In Progress,Value 237,19.092925829823308,Accepted,Medium,In Progress,Org line C,C_6,se,G144 3rd,PROD660,Sweden
1284,Queued-Awaiting Assignment,Value 237,19.09292757594053,Queued,Medium,Awaiting Assignment,Org line C,C_6,se,G144 3rd,PROD660,Sweden
1284,Accepted-In Progress,Value 237,19.09334919951358,Accepted,Medium,In Progress,Org line C,C_6,se,G144 3rd,PROD660,Sweden
1284,Completed-Closed,Value 237,19.093349225030824,Completed,Medium,Closed,Org line C,C_6,se,G144 3rd,PROD660,Sweden
1285,Accepted-In Progress,Value 541,19.092931691046832,Accepted,Low,In Progress,Org line A2,A2_3,se,G349 3rd,PROD750,Sweden
1285,Accepted-Wait,Value 541,19.094199118808284,Accepted,Low,Wait,Org line A2,A2_3,se,G349 3rd,PROD750,Sweden
1285,Completed-Closed,Value 541,19.10204969266556,Completed,Low,Closed,Org line A2,A2_3,se,G349 3rd,PROD750,Sweden
1286,Accepted-In Progress,Value 337,19.092997270077262,Accepted,Medium,In Progress,Org line C,E_7,in,G165 2nd,PROD671,INDIA
1286,Queued-Awaiting Assignment,Value 337,19.0929999299067,Queued,Medium,Awaiting Assignment,Org line C,E_7,in,G165 2nd,PROD671,INDIA
1286,Queued-Awaiting Assignment,Value 69,19.093002702043865,Queued,Medium,Awaiting Assignment,Org line B,E_10,in,G230 2nd,PROD671,INDIA
1286,Accepted-In Progress,Value 71,19.094174051251702,Accepted,Medium,In Progress,Org line B,E_10,in,G230 2nd,PROD671,INDIA
1286,Queued-Awaiting Assignment,Value 337,19.09898000774048,Queued,Medium,Awaiting Assignment,Org line C,E_7,in,G165 2nd,PROD671,INDIA
1286,Accepted-In Progress,Value 412,19.098983204855255,Accepted,Medium,In Progress,Org line C,E_7,in,G165 2nd,PROD671,INDIA
1286,Accepted-Wait,Value 412,19.111169509055106,Accepted,Medium,Wait,Org line C,E_7,in,G165 2nd,PROD671,INDIA
1286,Queued-Awaiting Assignment,Value 229,19.111535298452427,Queued,Medium,Awaiting Assignment,Org line C,E_10,in,G271 2nd,PROD671,Sweden
1286,Accepted-In Progress,Value 542,19.111541407423353,Accepted,Medium,In Progress,Org line C,E_10,in,G271 2nd,PROD671,Sweden
1286,Queued-Awaiting Assignment,Value 337,19.111547842098886,Queued,Medium,Awaiting Assignment,Org line C,E_7,in,G165 2nd,PROD671,INDIA
1286,Accepted-In Progress,Value 337,19.111663709287097,Accepted,Medium,In Progress,Org line C,E_7,in,G165 2nd,PROD671,INDIA
1286,Queued-Awaiting Assignment,Value 69,19.111688487548278,Queued,Medium,Awaiting Assignment,Org line B,E_10,in,G230 2nd,PROD671,INDIA
1286,Accepted-In Progress,Value 71,19.111921037558474,Accepted,Medium,In Progress,Org line B,E_10,in,G230 2nd,PROD671,INDIA
1286,Accepted-Wait,Value 71,19.111921127730255,Accepted,Medium,Wait,Org line B,E_10,in,G230 2nd,PROD671,INDIA
1286,Accepted-In Progress,Value 412,19.11198211705736,Accepted,Medium,In Progress,Org line C,E_7,in,G165 2nd,PROD671,INDIA
1286,Queued-Awaiting Assignment,Value 69,19.111990156851324,Queued,Medium,Awaiting Assignment,Org line B,E_10,in,G230 2nd,PROD671,INDIA
1286,Accepted-In Progress,Value 71,19.114450240833335,Accepted,Medium,In Progress,Org line B,E_10,in,G230 2nd,PROD671,INDIA
1286,Completed-Closed,Value 71,19.118644356857647,Completed,Medium,Closed,Org line B,E_10,in,G230 2nd,PROD671,INDIA
1287,Accepted-In Progress,Value 543,19.09323154788046,Accepted,Major,In Progress,Org line C,,jp,S28 2nd,PROD348,Japan
1287,Accepted-In Progress,Value 543,19.10679940725152,Accepted,Major,In Progress,Org line C,,jp,S28 2nd,PROD348,Japan
1287,Accepted-Wait,Value 543,19.106801109170107,Accepted,Major,Wait,Org line C,,jp,S28 2nd,PROD348,Japan
1287,Completed-Closed,Value 543,19.110743156504043,Completed,Major,Closed,Org line C,,jp,S28 2nd,PROD348,Japan
1288,Accepted-In Progress,Value 544,19.093276263460375,Accepted,Medium,In Progress,Org line A2,A2_4,us,N28 2nd,PROD383,USA
1288,Queued-Awaiting Assignment,Value 544,19.09550208742448,Queued,Medium,Awaiting Assignment,Org line A2,A2_4,us,N28 2nd,PROD383,USA
1288,Accepted-In Progress,Value 544,19.099573597591927,Accepted,Medium,In Progress,Org line A2,A2_4,us,N28 2nd,PROD383,USA
1288,Completed-Closed,Value 544,19.09957427213871,Completed,Medium,Closed,Org line A2,A2_4,us,N28 2nd,PROD383,USA
1289,Accepted-In Progress,Value 38,19.09328344961523,Accepted,Medium,In Progress,Org line A2,A2_3,se,N22 2nd,PROD383,Sweden
1289,Queued-Awaiting Assignment,Value 38,19.095502759630815,Queued,Medium,Awaiting Assignment,Org line A2,A2_3,se,N22 2nd,PROD383,Sweden
1289,Accepted-In Progress,Value 38,19.11854104031236,Accepted,Medium,In Progress,Org line A2,A2_3,se,N22 2nd,PROD383,Sweden
1289,Completed-Closed,Value 38,19.118543533530673,Completed,Medium,Closed,Org line A2,A2_3,se,N22 2nd,PROD383,Sweden
1290,Accepted-In Progress,Value 2,19.093379671744852,Accepted,Low,In Progress,Org line V2,,se,T3 2nd,PROD688,Sweden
1290,Completed-Closed,Value 2,19.0982857938971,Completed,Low,Closed,Org line V2,,se,T3 2nd,PROD688,Sweden
1291,Accepted-In Progress,Value 273,19.09338348389802,Accepted,Medium,In Progress,Org line C,E_1,be,G55 2nd,PROD745,Sweden
1291,Completed-Closed,Value 273,19.11158551218403,Completed,Medium,Closed,Org line C,E_1,be,G55 2nd,PROD745,Sweden
1292,Queued-Awaiting Assignment,Value 391,19.093386331521025,Queued,High,Awaiting Assignment,Org line C,E_1,se,G213 2nd,PROD715,Belgium
1292,Accepted-In Progress,Value 391,19.09377753722616,Accepted,High,In Progress,Org line C,E_3,se,G71 2nd,PROD715,Belgium
1292,Completed-Closed,Value 391,19.093777776985526,Completed,High,Closed,Org line C,E_3,se,G71 2nd,PROD715,Belgium
1293,Accepted-In Progress,Value 229,19.09366599697553,Accepted,High,In Progress,Org line C,E_10,se,G271 2nd,PROD802,Sweden
1293,Queued-Awaiting Assignment,Value 229,19.093668711146876,Queued,High,Awaiting Assignment,Org line C,E_10,se,G271 2nd,PROD802,Sweden
1293,Accepted-In Progress,Value 318,19.093686628574382,Accepted,High,In Progress,Org line C,E_10,se,G271 2nd,PROD802,Sweden
1293,Queued-Awaiting Assignment,Value 44,19.093686995898693,Queued,High,Awaiting Assignment,Org line C,C_6,se,G273 3rd,PROD802,Sweden
1293,Accepted-In Progress,Value 360,19.09376009585336,Accepted,High,In Progress,Org line C,C_6,se,G273 3rd,PROD802,Sweden
1293,Accepted-Wait,Value 360,19.10344926203825,Accepted,High,Wait,Org line C,C_6,se,G273 3rd,PROD802,Sweden
1293,Completed-Closed,Value 360,19.109525351706637,Completed,High,Closed,Org line C,C_6,se,G273 3rd,PROD802,Sweden
1294,Accepted-In Progress,Value 42,19.093680384040418,Accepted,Medium,In Progress,Org line A2,A2_1,se,M22 2nd,PROD327,Sweden
1294,Accepted-Wait,Value 42,19.093682210468604,Accepted,Medium,Wait,Org line A2,A2_1,se,M22 2nd,PROD327,Sweden
1294,Queued-Awaiting Assignment,Value 42,19.093719753542416,Queued,Medium,Awaiting Assignment,Org line A2,A2_1,se,M22 2nd,PROD327,Sweden
1294,Accepted-In Progress,Value 155,19.093800212086375,Accepted,Medium,In Progress,Org line A2,A2_1,se,M22 2nd,PROD327,POLAND
1294,Accepted-Wait,Value 155,19.09944510081084,Accepted,Medium,Wait,Org line A2,A2_1,se,M22 2nd,PROD327,POLAND
1294,Completed-Closed,Value 155,19.09945420578801,Completed,Medium,Closed,Org line A2,A2_1,se,M22 2nd,PROD327,POLAND
1295,Accepted-In Progress,Value 77,19.09371214198815,Accepted,High,In Progress,Org line C,E_1,be,G55 2nd,PROD597,Belgium
1295,Queued-Awaiting Assignment,Value 77,19.093714876440586,Queued,High,Awaiting Assignment,Org line C,E_1,be,G55 2nd,PROD597,Belgium
1295,Accepted-In Progress,Value 119,19.096006100030287,Accepted,High,In Progress,Org line C,E_1,be,G55 2nd,PROD597,Sweden
1295,Accepted-In Progress,Value 119,19.096006191648627,Accepted,High,In Progress,Org line C,E_1,be,G55 2nd,PROD597,Sweden
1295,Accepted-Assigned,Value 57,19.096006303626584,Accepted,High,Assigned,Org line C,E_1,be,G55 2nd,PROD597,Sweden
1295,Accepted-In Progress,Value 57,19.096331068381485,Accepted,High,In Progress,Org line C,E_1,be,G55 2nd,PROD597,Sweden
1295,Completed-Closed,Value 57,19.096331226117346,Completed,High,Closed,Org line C,E_1,be,G55 2nd,PROD597,Sweden
1296,Accepted-In Progress,Value 492,19.093701698963862,Accepted,Low,In Progress,Org line V5,,fr,V28,PROD207,France
1296,Completed-Closed,Value 492,19.09370574966625,Completed,Low,Closed,Org line V5,,fr,V28,PROD207,France
1297,Accepted-In Progress,Value 358,19.093834685050787,Accepted,Low,In Progress,Org line C,E_1,us,G13 2nd,PROD398,USA
1297,Queued-Awaiting Assignment,Value 358,19.093836378572128,Queued,Low,Awaiting Assignment,Org line C,E_1,us,G13 2nd,PROD398,USA
1297,Accepted-In Progress,Value 358,19.109208174882546,Accepted,Low,In Progress,Org line C,E_1,us,G13 2nd,PROD398,USA
1297,Accepted-Assigned,Value 220,19.115305132902552,Accepted,Low,Assigned,Org line C,E_1,us,G13 2nd,PROD398,Belgium
1297,Accepted-In Progress,Value 220,19.118503073950446,Accepted,Low,In Progress,Org line C,E_1,us,G13 2nd,PROD398,Belgium
1297,Completed-Closed,Value 220,19.11850312869391,Completed,Low,Closed,Org line C,E_1,us,G13 2nd,PROD398,Belgium
1298,Accepted-In Progress,Value 229,19.09381587758937,Accepted,High,In Progress,Org line C,E_10,se,G271 2nd,PROD802,Sweden
1298,Queued-Awaiting Assignment,Value 229,19.093818882114,Queued,High,Awaiting Assignment,Org line C,E_10,se,G271 2nd,PROD802,Sweden
1298,Queued-Awaiting Assignment,Value 44,19.093823763809638,Queued,High,Awaiting Assignment,Org line C,C_6,se,G273 3rd,PROD802,Sweden
1298,Accepted-In Progress,Value 104,19.105664826905915,Accepted,High,In Progress,Org line C,C_6,se,G290 3rd,PROD802,Sweden
1298,Queued-Awaiting Assignment,Value 44,19.105668930257277,Queued,High,Awaiting Assignment,Org line C,C_6,se,G273 3rd,PROD802,Sweden
1298,Accepted-In Progress,Value 371,19.10637690951561,Accepted,High,In Progress,Org line C,C_6,se,G273 3rd,PROD802,France
1298,Completed-Closed,Value 371,19.106377060637428,Completed,High,Closed,Org line C,C_6,se,G273 3rd,PROD802,France
1299,Accepted-In Progress,Value 403,19.094167524201392,Accepted,Low,In Progress,Org line G4,,se,M18 2nd,PROD32,Sweden
1299,Completed-Closed,Value 403,19.094167763867276,Completed,Low,Closed,Org line G4,,se,M18 2nd,PROD32,Sweden
1300,Accepted-In Progress,Value 360,19.094217215398658,Accepted,Low,In Progress,Org line C,C_6,se,G273 3rd,PROD802,Sweden
1300,Completed-Closed,Value 360,19.094219178519936,Completed,Low,Closed,Org line C,C_6,se,G273 3rd,PROD802,Sweden
1301,Accepted-In Progress,Value 545,19.09426512975401,Accepted,Medium,In Progress,Org line A2,A2_2,pl,G132,PROD653,POLAND
1301,Completed-Closed,Value 545,19.120300546824375,Completed,Medium,Closed,Org line A2,A2_2,pl,G132,PROD653,POLAND
1302,Accepted-In Progress,Value 197,19.094575092451027,Accepted,Medium,In Progress,Org line A2,A2_1,se,J2 2nd,PROD350,China
1302,Accepted-Wait,Value 197,19.105867776430962,Accepted,Medium,Wait,Org line A2,A2_1,se,J2 2nd,PROD350,China
1302,Completed-Closed,Value 197,19.11170371998652,Completed,Medium,Closed,Org line A2,A2_1,se,J2 2nd,PROD350,China
1303,Accepted-In Progress,Value 285,19.095486412666883,Accepted,Low,In Progress,Org line A2,A2_3,se,S35 2nd,PROD551,Sweden
1303,Completed-Closed,Value 285,19.09941558895569,Completed,Low,Closed,Org line A2,A2_3,se,S35 2nd,PROD551,Sweden
1304,Accepted-In Progress,Value 516,19.095468206621486,Accepted,Medium,In Progress,Org line C,E_6,fr,V52,PROD698,France
1304,Completed-Closed,Value 516,19.113769112782936,Completed,Medium,Closed,Org line C,E_6,fr,V52,PROD698,France
1305,Accepted-In Progress,Value 249,19.09546241626569,Accepted,Low,In Progress,Org line C,E_4,in,G93 2nd,PROD325,INDIA
1305,Completed-Closed,Value 249,19.116907612401608,Completed,Low,Closed,Org line C,E_4,in,G93 2nd,PROD325,INDIA
1306,Accepted-In Progress,Value 172,19.09547599324762,Accepted,Medium,In Progress,Org line A2,A2_1,pl,W9 2nd,PROD756,POLAND
1306,Accepted-In Progress,Value 172,19.117802420727887,Accepted,Medium,In Progress,Org line A2,A2_1,pl,W9 2nd,PROD756,POLAND
1306,Completed-Closed,Value 172,19.11780269463703,Completed,Medium,Closed,Org line A2,A2_1,pl,W9 2nd,PROD756,POLAND
1307,Accepted-In Progress,Value 330,19.095499683773898,Accepted,Low,In Progress,Org line C,E_2,se,G57 2nd,PROD330,Belgium
1307,Accepted-In Progress,Value 330,19.095537067016103,Accepted,Low,In Progress,Org line C,E_2,se,G57 2nd,PROD330,Belgium
1307,Completed-Closed,Value 330,19.09561253199229,Completed,Low,Closed,Org line C,E_2,se,G57 2nd,PROD330,Belgium
1308,Accepted-In Progress,Value 43,19.09553989832856,Accepted,High,In Progress,Org line G3,,us,G199 3rd,PROD97,POLAND
1308,Completed-Closed,Value 43,19.101660687988655,Completed,High,Closed,Org line G3,,us,G199 3rd,PROD97,POLAND
1309,Accepted-In Progress,Value 164,19.095549217160066,Accepted,High,In Progress,Org line G4,,se,S33 2nd,PROD397,Sweden
1309,Completed-Closed,Value 164,19.111674131764993,Completed,High,Closed,Org line G4,,se,S33 2nd,PROD397,Sweden
1310,Accepted-In Progress,Value 388,19.095488928385272,Accepted,Medium,In Progress,Org line A2,A2_4,be,G7 3rd,PROD765,Belgium
1310,Accepted-In Progress,Value 388,19.097308507178912,Accepted,Medium,In Progress,Org line A2,A2_4,be,G7 3rd,PROD765,Belgium
1310,Completed-Closed,Value 388,19.097308888425072,Completed,Medium,Closed,Org line A2,A2_4,be,G7 3rd,PROD765,Belgium
1311,Accepted-In Progress,Value 385,19.095549191698897,Accepted,Medium,In Progress,Org line A2,A2_5,se,A10,PROD320,Sweden
1311,Completed-Closed,Value 385,19.11072561231425,Completed,Medium,Closed,Org line A2,A2_5,se,A10,PROD320,Sweden
1312,Accepted-In Progress,Value 119,19.095704192382595,Accepted,Major,In Progress,Org line C,E_1,be,G55 2nd,PROD745,Sweden
1312,Completed-Closed,Value 119,19.108666658061967,Completed,Major,Closed,Org line C,E_1,be,G55 2nd,PROD745,Sweden
1313,Accepted-In Progress,Value 150,19.095626000007577,Accepted,Low,In Progress,Org line C,E_4,in,G88 2nd,PROD802,USA
1313,Accepted-In Progress,Value 150,19.0956262189568,Accepted,Low,In Progress,Org line C,E_4,in,G88 2nd,PROD802,USA
1313,Queued-Awaiting Assignment,Value 150,19.095962941769866,Queued,Low,Awaiting Assignment,Org line C,E_4,in,G88 2nd,PROD802,USA
1313,Queued-Awaiting Assignment,Value 86,19.09646430561549,Queued,Low,Awaiting Assignment,Org line C,E_10,in,G263 2nd,PROD802,Sweden
1313,Accepted-In Progress,Value 356,19.096467088515805,Accepted,Low,In Progress,Org line C,E_10,in,G263 2nd,PROD802,Sweden
1313,Queued-Awaiting Assignment,Value 150,19.099037133058925,Queued,Low,Awaiting Assignment,Org line C,E_4,in,G88 2nd,PROD802,USA
1313,Accepted-Assigned,Value 276,19.10164837399428,Accepted,Low,Assigned,Org line C,E_4,in,G88 2nd,PROD802,INDIA
1313,Queued-Awaiting Assignment,Value 86,19.10228184432815,Queued,Low,Awaiting Assignment,Org line C,E_10,in,G263 2nd,PROD802,Sweden
1313,Accepted-In Progress,Value 355,19.102444281007152,Accepted,Low,In Progress,Org line C,E_10,in,G263 2nd,PROD802,Sweden
1313,Accepted-In Progress,Value 356,19.102476894638126,Accepted,Low,In Progress,Org line C,E_10,in,G263 2nd,PROD802,Sweden
1313,Accepted-In Progress,Value 355,19.115183655094157,Accepted,Low,In Progress,Org line C,E_10,in,G263 2nd,PROD802,Sweden
1313,Accepted-Wait,Value 355,19.115188488525188,Accepted,Low,Wait,Org line C,E_10,in,G263 2nd,PROD802,Sweden
1313,Completed-Closed,Value 355,19.11724498470667,Completed,Low,Closed,Org line C,E_10,in,G263 2nd,PROD802,Sweden
1314,Accepted-In Progress,Value 521,19.09589850376874,Accepted,Medium,In Progress,Org line C,E_5,in,G75,PROD327,INDIA
1314,Accepted-Wait,Value 521,19.095914019357007,Accepted,Medium,Wait,Org line C,E_5,in,G75,PROD327,INDIA
1314,Completed-Closed,Value 521,19.095937210843907,Completed,Medium,Closed,Org line C,E_5,in,G75,PROD327,INDIA
1315,Accepted-In Progress,Value 156,19.095920926974205,Accepted,Medium,In Progress,Org line C,E_8,in,G181 2nd,PROD62,INDIA
1315,Queued-Awaiting Assignment,Value 156,19.095921196762266,Queued,Medium,Awaiting Assignment,Org line C,E_8,in,G181 2nd,PROD62,INDIA
1315,Accepted-In Progress,Value 480,19.09592915293215,Accepted,Medium,In Progress,Org line C,E_8,in,G181 2nd,PROD62,INDIA
1315,Accepted-Assigned,Value 206,19.09592932600232,Accepted,Medium,Assigned,Org line C,E_8,in,G181 2nd,PROD62,Sweden
1315,Queued-Awaiting Assignment,Value 307,19.111684754563377,Queued,Medium,Awaiting Assignment,Org line C,E_4,in,G87 2nd,PROD62,INDIA
1315,Accepted-In Progress,Value 482,19.112159177928906,Accepted,Medium,In Progress,Org line C,E_4,in,G87 2nd,PROD62,Sweden
1315,Completed-Closed,Value 482,19.112159263070865,Completed,Medium,Closed,Org line C,E_4,in,G87 2nd,PROD62,Sweden
1316,Accepted-In Progress,Value 70,19.095936157159834,Accepted,Medium,In Progress,Org line B,E_10,in,G230 2nd,PROD424,INDIA
1316,Completed-Closed,Value 70,19.09874046910062,Completed,Medium,Closed,Org line B,E_10,in,G230 2nd,PROD424,INDIA
1317,Accepted-In Progress,Value 211,19.095939399652693,Accepted,Low,In Progress,Org line G4,,se,S33 2nd,PROD374,Sweden
1317,Completed-Closed,Value 211,19.10950575739063,Completed,Low,Closed,Org line G4,,se,S33 2nd,PROD374,Sweden
1318,Accepted-In Progress,Value 546,19.095958024694532,Accepted,Low,In Progress,Org line A2,A2_3,se,M21 3rd,PROD729,Sweden
1318,Completed-Closed,Value 546,19.111659815862435,Completed,Low,Closed,Org line A2,A2_3,se,M21 3rd,PROD729,Sweden
1319,Accepted-In Progress,Value 93,19.095986574952956,Accepted,Medium,In Progress,Org line G4,,se,S28 2nd,PROD201,Sweden
1319,Completed-Closed,Value 93,19.09991052523828,Completed,Medium,Closed,Org line G4,,se,S28 2nd,PROD201,Sweden
1320,Accepted-In Progress,Value 2,19.09610507348136,Accepted,High,In Progress,Other,,in,G172,PROD455,Czech Republic
1320,Queued-Awaiting Assignment,Value 2,19.096105663852068,Queued,High,Awaiting Assignment,Other,,in,G172,PROD455,Czech Republic
1320,Accepted-In Progress,Value 339,19.107712292095925,Accepted,High,In Progress,Org line C,E_4,in,G93 2nd,PROD455,INDIA
1320,Completed-Closed,Value 339,19.107742591373484,Completed,High,Closed,Org line C,E_4,in,G93 2nd,PROD455,INDIA
1321,Accepted-In Progress,Value 547,19.09612469803125,Accepted,High,In Progress,Org line C,C_5,in,G120 3rd,PROD597,Sweden
1321,Queued-Awaiting Assignment,Value 547,19.09614336542514,Queued,High,Awaiting Assignment,Org line C,C_5,in,G120 3rd,PROD597,Sweden
1321,Accepted-Assigned,Value 320,19.099882538041,Accepted,High,Assigned,Org line C,C_5,in,G120 3rd,PROD597,Sweden
1321,Queued-Awaiting Assignment,Value 187,19.09988386136634,Queued,High,Awaiting Assignment,Org line C,E_8,in,G186 2nd,PROD597,INDIA
1321,Accepted-In Progress,Value 479,19.10300131268709,Accepted,High,In Progress,Org line C,E_8,in,G181 2nd,PROD597,Sweden
1321,Accepted-Assigned,Value 175,19.10300139861235,Accepted,High,Assigned,Org line C,E_8,in,G181 2nd,PROD597,INDIA
1321,Completed-Closed,Value 175,19.111675790331986,Completed,High,Closed,Org line C,E_8,in,G181 2nd,PROD597,INDIA
1322,Accepted-In Progress,Value 548,19.096340863222682,Accepted,High,In Progress,Org line V7n,,nl,V37 2nd,PROD542,Netherlands
1322,Completed-Closed,Value 548,19.097214863636754,Completed,High,Closed,Org line V7n,,nl,V37 2nd,PROD542,Netherlands
1323,Accepted-In Progress,Value 43,19.09636465538284,Accepted,High,In Progress,Org line G3,,us,G199 3rd,PROD96,POLAND
1323,Completed-Closed,Value 43,19.096365026812844,Completed,High,Closed,Org line G3,,us,G199 3rd,PROD96,POLAND
1324,Accepted-In Progress,Value 325,19.09636430939312,Accepted,High,In Progress,Org line C,C_5,se,G120 3rd,PROD597,INDIA
1324,Accepted-Assigned,Value 325,19.0963908891958,Accepted,High,Assigned,Org line C,C_5,se,G120 3rd,PROD597,INDIA
1324,Accepted-Assigned,Value 104,19.096391204648633,Accepted,High,Assigned,Org line C,C_5,se,G120 3rd,PROD597,Sweden
1324,Accepted-In Progress,Value 104,19.111727039197397,Accepted,High,In Progress,Org line C,C_5,se,G120 3rd,PROD597,Sweden
1324,Completed-Closed,Value 104,19.111727044207914,Completed,High,Closed,Org line C,C_5,se,G120 3rd,PROD597,Sweden
1325,Accepted-In Progress,Value 211,19.09639070094164,Accepted,Medium,In Progress,Org line G4,,se,S33 2nd,PROD374,Sweden
1325,Completed-Closed,Value 211,19.102455002305724,Completed,Medium,Closed,Org line G4,,se,S33 2nd,PROD374,Sweden
1326,Accepted-In Progress,Value 43,19.09642812211884,Accepted,Medium,In Progress,Org line G3,,us,G199 3rd,PROD97,POLAND
1326,Completed-Closed,Value 43,19.096455086884898,Completed,Medium,Closed,Org line G3,,us,G199 3rd,PROD97,POLAND
1327,Accepted-In Progress,Value 2,19.096764041031186,Accepted,Low,In Progress,Org line V2,,se,T3 2nd,PROD688,Sweden
1327,Completed-Closed,Value 2,19.098284864564533,Completed,Low,Closed,Org line V2,,se,T3 2nd,PROD688,Sweden
1328,Accepted-In Progress,Value 375,19.096757576638815,Accepted,Major,In Progress,Org line C,E_4,us,G88 2nd,PROD348,Sweden
1328,Completed-Closed,Value 375,19.11810107160093,Completed,Major,Closed,Org line C,E_4,us,G88 2nd,PROD348,Sweden
1329,Accepted-In Progress,Value 549,19.09678205057743,Accepted,Medium,In Progress,Org line C,E_8,in,G119 2nd,PROD597,MALAYSIA
1329,Completed-Closed,Value 549,19.09681848064475,Completed,Medium,Closed,Org line C,E_8,in,G119 2nd,PROD597,MALAYSIA
1330,Accepted-In Progress,Value 229,19.096833585281356,Accepted,High,In Progress,Org line C,E_10,se,G271 2nd,PROD802,Sweden
1330,Queued-Awaiting Assignment,Value 229,19.096840842545816,Queued,High,Awaiting Assignment,Org line C,E_10,se,G271 2nd,PROD802,Sweden
1330,Accepted-In Progress,Value 483,19.096842159731125,Accepted,High,In Progress,Org line C,E_10,se,G271 2nd,PROD802,Sweden
1330,Accepted-Assigned,Value 550,19.09684226652986,Accepted,High,Assigned,Org line C,E_10,se,G271 2nd,PROD802,Sweden
1330,Queued-Awaiting Assignment,Value 44,19.102168466432943,Queued,High,Awaiting Assignment,Org line C,C_6,se,G273 3rd,PROD802,Sweden
1330,Accepted-In Progress,Value 128,19.102176717038255,Accepted,High,In Progress,Org line C,C_6,se,G273 3rd,PROD802,Sweden
1330,Completed-Closed,Value 128,19.102923865755237,Completed,High,Closed,Org line C,C_6,se,G273 3rd,PROD802,Sweden
1331,Accepted-In Progress,Value 551,19.096876405940208,Accepted,Medium,In Progress,Org line A2,A2_4,be,G304 2nd,PROD636,Belgium
1331,Accepted-In Progress,Value 551,19.100274718341495,Accepted,Medium,In Progress,Org line A2,A2_4,be,G304 2nd,PROD636,Belgium
1331,Accepted-In Progress,Value 551,19.100274895729438,Accepted,Medium,In Progress,Org line A2,A2_4,be,G304 2nd,PROD636,Belgium
1331,Accepted-In Progress,Value 551,19.10028822000797,Accepted,Medium,In Progress,Org line A2,A2_4,be,G304 2nd,PROD636,Belgium
1331,Queued-Awaiting Assignment,Value 551,19.10028841766615,Queued,Medium,Awaiting Assignment,Org line C,E_1,be,G128 2nd,PROD636,Belgium
1331,Accepted-Assigned,Value 444,19.100288554506403,Accepted,Medium,Assigned,Org line C,E_1,be,G128 2nd,PROD636,POLAND
1331,Accepted-In Progress,Value 444,19.100290794629384,Accepted,Medium,In Progress,Org line C,E_1,be,G128 2nd,PROD636,POLAND
1331,Completed-Closed,Value 444,19.100291027764065,Completed,Medium,Closed,Org line C,E_1,be,G128 2nd,PROD636,POLAND
1332,Queued-Awaiting Assignment,Value 249,19.096968281087698,Queued,High,Awaiting Assignment,Org line C,E_4,in,G93 2nd,PROD754,INDIA
1332,Accepted-In Progress,Value 552,19.09867641288861,Accepted,High,In Progress,Org line C,E_4,in,G93 2nd,PROD754,USA
1332,Completed-Closed,Value 552,19.098676661628968,Completed,High,Closed,Org line C,E_4,in,G93 2nd,PROD754,USA
1333,Accepted-In Progress,Value 216,19.096973808481383,Accepted,Medium,In Progress,Org line A2,A2_1,se,M19 2nd,PROD741,Sweden
1333,Queued-Awaiting Assignment,Value 216,19.09697381356637,Queued,Medium,Awaiting Assignment,Org line A2,A2_1,se,M19 2nd,PROD741,Sweden
1333,Accepted-In Progress,Value 216,19.109114076768716,Accepted,Medium,In Progress,Org line A2,A2_1,se,M19 2nd,PROD741,Sweden
1333,Accepted-In Progress,Value 216,19.10911553361887,Accepted,Medium,In Progress,Org line A2,A2_1,se,M19 2nd,PROD741,Sweden
1333,Completed-Closed,Value 216,19.109122988639538,Completed,Medium,Closed,Org line A2,A2_1,se,M19 2nd,PROD741,Sweden
1334,Accepted-In Progress,Value 553,19.09717086781748,Accepted,Major,In Progress,Org line C,E_1,be,G213 2nd,PROD715,Sweden
1334,Completed-Closed,Value 553,19.097171752430093,Completed,Major,Closed,Org line C,E_1,be,G213 2nd,PROD715,Sweden
1335,Accepted-In Progress,Value 84,19.097253829891258,Accepted,Medium,In Progress,Org line A2,A2_2,fr,T13 2nd,PROD200,POLAND
1335,Completed-Closed,Value 84,19.097295087221518,Completed,Medium,Closed,Org line A2,A2_2,fr,T13 2nd,PROD200,POLAND
1336,Accepted-In Progress,Value 229,19.097242610409115,Accepted,High,In Progress,Org line C,E_10,fr,G271 2nd,PROD802,Sweden
1336,Queued-Awaiting Assignment,Value 229,19.097245960507813,Queued,High,Awaiting Assignment,Org line C,E_10,fr,G271 2nd,PROD802,Sweden
1336,Accepted-In Progress,Value 483,19.097253657050167,Accepted,High,In Progress,Org line C,E_10,fr,G271 2nd,PROD802,Sweden
1336,Accepted-Assigned,Value 554,19.09725391122823,Accepted,High,Assigned,Org line C,E_10,fr,G271 2nd,PROD802,Sweden
1336,Queued-Awaiting Assignment,Value 44,19.097285296638976,Queued,High,Awaiting Assignment,Org line C,C_6,fr,G273 3rd,PROD802,Sweden
1336,Accepted-In Progress,Value 555,19.09909535621803,Accepted,High,In Progress,Org line C,C_6,fr,G273 3rd,PROD802,France
1336,Queued-Awaiting Assignment,Value 149,19.099098826970373,Queued,High,Awaiting Assignment,Org line C,E_6,fr,V29 2nd,PROD802,France
1336,Accepted-In Progress,Value 149,19.101620253182126,Accepted,High,In Progress,Org line C,E_6,fr,V29 2nd,PROD802,France
1336,Queued-Awaiting Assignment,Value 283,19.101620536621184,Queued,High,Awaiting Assignment,Org line C,E_6,fr,V52,PROD802,France
1336,Accepted-In Progress,Value 283,19.11377517312098,Accepted,High,In Progress,Org line C,V3_3,fr,V42 2nd,PROD802,France
1336,Completed-Closed,Value 283,19.113775358130724,Completed,High,Closed,Org line C,V3_3,fr,V42 2nd,PROD802,France
1337,Accepted-In Progress,Value 43,19.097495803536322,Accepted,Medium,In Progress,Org line G3,,us,G199 3rd,PROD96,POLAND
1337,Completed-Closed,Value 43,19.097499910051415,Completed,Medium,Closed,Org line G3,,us,G199 3rd,PROD96,POLAND
1338,Accepted-In Progress,Value 43,19.098318990308826,Accepted,Medium,In Progress,Org line G3,,us,G199 3rd,PROD97,POLAND
1338,Completed-Closed,Value 43,19.098319254372544,Completed,Medium,Closed,Org line G3,,us,G199 3rd,PROD97,POLAND
1339,Accepted-In Progress,Value 247,19.09850549333284,Accepted,Medium,In Progress,Org line C,C_3,se,G211 3rd,PROD325,Sweden
1339,Queued-Awaiting Assignment,Value 247,19.09850617367769,Queued,Medium,Awaiting Assignment,Org line C,C_3,se,G211 3rd,PROD325,Sweden
1339,Accepted-In Progress,Value 453,19.098513230958915,Accepted,Medium,In Progress,Org line C,C_3,se,G211 3rd,PROD325,INDIA
1339,Completed-Closed,Value 453,19.101632876265093,Completed,Medium,Closed,Org line C,C_3,se,G211 3rd,PROD325,INDIA
1340,Accepted-In Progress,Value 552,19.09868252477654,Accepted,Major,In Progress,Org line C,E_4,in,G93 2nd,PROD251,USA
1340,Completed-Closed,Value 552,19.098683631410058,Completed,Major,Closed,Org line C,E_4,in,G93 2nd,PROD251,USA
1341,Accepted-In Progress,Value 212,19.09882396596646,Accepted,Major,In Progress,Org line B,E_6,br,S4 2nd,PROD436,Brazil
1341,Accepted-In Progress,Value 212,19.11444274047424,Accepted,Major,In Progress,Org line B,E_6,br,S4 2nd,PROD436,Brazil
1341,Completed-Closed,Value 212,19.114446797970622,Completed,Major,Closed,Org line B,E_6,br,S4 2nd,PROD436,Brazil
1342,Accepted-In Progress,Value 43,19.098978353356436,Accepted,Medium,In Progress,Org line G3,,us,G199 3rd,PROD96,POLAND
1342,Completed-Closed,Value 43,19.098978612171297,Completed,Medium,Closed,Org line G3,,us,G199 3rd,PROD96,POLAND
1343,Accepted-In Progress,Value 44,19.09903531638499,Accepted,High,In Progress,Org line C,C_6,se,G273 3rd,PROD802,Sweden
1343,Queued-Awaiting Assignment,Value 44,19.099037549168134,Queued,High,Awaiting Assignment,Org line C,C_6,se,G273 3rd,PROD802,Sweden
1343,Accepted-In Progress,Value 360,19.099045079699962,Accepted,High,In Progress,Org line C,C_6,se,G273 3rd,PROD802,Sweden
1343,Completed-Closed,Value 360,19.099054990077594,Completed,High,Closed,Org line C,C_6,se,G273 3rd,PROD802,Sweden
1344,Accepted-In Progress,Value 44,19.09904649547421,Accepted,Major,In Progress,Org line C,C_6,se,G278 3rd,PROD632,Sweden
1344,Completed-Closed,Value 44,19.09904777931077,Completed,Major,Closed,Org line C,C_6,se,G278 3rd,PROD632,Sweden
1344,Accepted-In Progress,Value 44,19.100293536492533,Accepted,Major,In Progress,Org line C,C_6,se,G278 3rd,PROD632,Sweden
1344,Completed-Closed,Value 44,19.104737193747102,Completed,Major,Closed,Org line C,C_6,se,G278 3rd,PROD632,Sweden
1345,Accepted-In Progress,Value 556,19.099052244816413,Accepted,Medium,In Progress,Org line C,E_1,be,G128 2nd,PROD636,Belgium
1345,Completed-Closed,Value 556,19.112489303959464,Completed,Medium,Closed,Org line C,E_1,be,G128 2nd,PROD636,Belgium
1346,Accepted-In Progress,Value 444,19.099060810412333,Accepted,Medium,In Progress,Org line C,E_1,be,G128 2nd,PROD636,POLAND
1346,Completed-Closed,Value 444,19.100292517797488,Completed,Medium,Closed,Org line C,E_1,be,G128 2nd,PROD636,POLAND
1347,Accepted-In Progress,Value 120,19.099111304327035,Accepted,Medium,In Progress,Org line A2,A2_3,se,N23 2nd,PROD414,Sweden
1347,Queued-Awaiting Assignment,Value 120,19.099113536940518,Queued,Medium,Awaiting Assignment,Org line A2,A2_3,se,N23 2nd,PROD414,Sweden
1347,Accepted-In Progress,Value 557,19.099418571630324,Accepted,Medium,In Progress,Org line A2,A2_3,se,N23 2nd,PROD414,Sweden
1347,Completed-Closed,Value 557,19.102908402945516,Completed,Medium,Closed,Org line A2,A2_3,se,N23 2nd,PROD414,Sweden
1348,Queued-Awaiting Assignment,Value 387,19.099382626765056,Queued,High,Awaiting Assignment,Org line C,E_10,in,G288 2nd,PROD791,Sweden
1348,Accepted-In Progress,Value 558,19.09938333187715,Accepted,High,In Progress,Org line C,E_10,in,G288 2nd,PROD791,Sweden
1348,Completed-Closed,Value 558,19.105073127873233,Completed,High,Closed,Org line C,E_10,in,G288 2nd,PROD791,Sweden
1349,Accepted-In Progress,Value 559,19.099581747912424,Accepted,Major,In Progress,Org line C,V3_2,se,M9,PROD153,Sweden
1349,Completed-Closed,Value 559,19.11388499288388,Completed,Major,Closed,Org line C,V3_2,se,M9,PROD153,Sweden
1349,Accepted-In Progress,Value 559,19.114766538875998,Accepted,Major,In Progress,Org line C,V3_2,se,M9,PROD153,Sweden
1349,Queued-Awaiting Assignment,Value 559,19.114769695906382,Queued,Major,Awaiting Assignment,Org line C,V3_2,se,M9,PROD153,Sweden
1349,Accepted-In Progress,Value 124,19.115447507279814,Accepted,Major,In Progress,Org line C,V3_2,se,M9,PROD153,Sweden
1349,Completed-Closed,Value 124,19.115447632077522,Completed,Major,Closed,Org line C,V3_2,se,M9,PROD153,Sweden
1350,Accepted-In Progress,Value 42,19.09994350552245,Accepted,Medium,In Progress,Org line A2,A2_1,se,M22 2nd,PROD327,Sweden
1350,Queued-Awaiting Assignment,Value 42,19.09994400237314,Queued,Medium,Awaiting Assignment,Org line A2,A2_1,se,M22 2nd,PROD327,Sweden
1350,Accepted-In Progress,Value 155,19.099944859186508,Accepted,Medium,In Progress,Org line A2,A2_1,se,M22 2nd,PROD327,POLAND
1350,Accepted-Wait,Value 155,19.102600188724754,Accepted,Medium,Wait,Org line A2,A2_1,se,M22 2nd,PROD327,POLAND
1350,Completed-Closed,Value 155,19.117726978313097,Completed,Medium,Closed,Org line A2,A2_1,se,M22 2nd,PROD327,POLAND
1351,Accepted-In Progress,Value 324,19.099947632417642,Accepted,Medium,In Progress,Org line C,E_2,se,G57 2nd,PROD327,Sweden
1351,Queued-Awaiting Assignment,Value 324,19.099949183801357,Queued,Medium,Awaiting Assignment,Org line C,E_2,se,G57 2nd,PROD327,Sweden
1351,Accepted-In Progress,Value 423,19.100396480158203,Accepted,Medium,In Progress,Org line C,E_2,se,G57 2nd,PROD327,Sweden
1351,Completed-Closed,Value 423,19.100397351786786,Completed,Medium,Closed,Org line C,E_2,se,G57 2nd,PROD327,Sweden
1352,Accepted-In Progress,Value 324,19.099959115642033,Accepted,Medium,In Progress,Org line C,E_2,se,G57 2nd,PROD327,Sweden
1352,Queued-Awaiting Assignment,Value 324,19.099960494634065,Queued,Medium,Awaiting Assignment,Org line C,E_2,se,G57 2nd,PROD327,Sweden
1352,Accepted-In Progress,Value 423,19.100396525766694,Accepted,Medium,In Progress,Org line C,E_2,se,G57 2nd,PROD327,Sweden
1352,Completed-Closed,Value 423,19.100397762262777,Completed,Medium,Closed,Org line C,E_2,se,G57 2nd,PROD327,Sweden
1353,Accepted-In Progress,Value 42,19.10035729662803,Accepted,Medium,In Progress,Org line C,E_6,se,S20 2nd,PROD634,Sweden
1353,Accepted-In Progress,Value 42,19.11683369764681,Accepted,Medium,In Progress,Org line C,E_6,se,S20 2nd,PROD634,Sweden
1353,Completed-Closed,Value 42,19.116833747496745,Completed,Medium,Closed,Org line C,E_6,se,S20 2nd,PROD634,Sweden
1354,Accepted-In Progress,Value 43,19.100329357407666,Accepted,High,In Progress,Org line G3,,us,G199 3rd,PROD97,POLAND
1354,Completed-Closed,Value 43,19.1003301023961,Completed,High,Closed,Org line G3,,us,G199 3rd,PROD97,POLAND
1355,Accepted-In Progress,Value 444,19.100326220341437,Accepted,Medium,In Progress,Org line A2,A2_2,pl,G217 3rd,PROD796,POLAND
1355,Completed-Closed,Value 444,19.121105607814776,Completed,Medium,Closed,Org line A2,A2_2,pl,G217 3rd,PROD796,POLAND
1356,Accepted-In Progress,Value 43,19.100396677794983,Accepted,High,In Progress,Org line G3,,us,G199 3rd,PROD96,POLAND
1356,Completed-Closed,Value 43,19.100396895702158,Completed,High,Closed,Org line G3,,us,G199 3rd,PROD96,POLAND
1357,Accepted-In Progress,Value 168,19.100396044343626,Accepted,Medium,In Progress,Org line V11,,gb,V50 2nd,PROD158,United Kingdom
1357,Accepted-In Progress,Value 168,19.10519085215759,Accepted,Medium,In Progress,Org line V11,,gb,V50 2nd,PROD158,United Kingdom
1357,Completed-Closed,Value 168,19.105190922764802,Completed,Medium,Closed,Org line V11,,gb,V50 2nd,PROD158,United Kingdom
1358,Queued-Awaiting Assignment,Value 150,19.100435804040604,Queued,High,Awaiting Assignment,Org line C,,us,N6 2nd,PROD316,USA
1358,Accepted-Assigned,Value 508,19.10048721160363,Accepted,High,Assigned,Org line C,,us,N6 2nd,PROD316,USA
1358,Completed-Closed,Value 508,19.112686503338942,Completed,High,Closed,Org line C,,us,N6 2nd,PROD316,USA
1359,Accepted-In Progress,Value 239,19.100429343070726,Accepted,Medium,In Progress,Org line B,E_10,in,G238 2nd,PROD209,INDIA
1359,Completed-Closed,Value 239,19.10296160431897,Completed,Medium,Closed,Org line B,E_10,in,G238 2nd,PROD209,INDIA
1360,Accepted-In Progress,Value 410,19.101637537756247,Accepted,Major,In Progress,Org line C,C_5,fr,V43 3rd,PROD609,France
1360,Completed-Closed,Value 410,19.10163825140281,Completed,Major,Closed,Org line C,C_5,fr,V43 3rd,PROD609,France
1361,Accepted-In Progress,Value 525,19.101601900332184,Accepted,Medium,In Progress,Org line C,E_3,us,G67 2nd,PROD151,Sweden
1361,Accepted-Wait,Value 525,19.101603216322708,Accepted,Medium,Wait,Org line C,E_3,us,G67 2nd,PROD151,Sweden
1361,Completed-Closed,Value 525,19.11082993001442,Completed,Medium,Closed,Org line C,E_3,us,G67 2nd,PROD151,Sweden
1362,Accepted-In Progress,Value 156,19.10159320462821,Accepted,Medium,In Progress,Org line C,E_8,in,G181 2nd,PROD476,INDIA
1362,Queued-Awaiting Assignment,Value 156,19.101597000783016,Queued,Medium,Awaiting Assignment,Org line C,E_8,in,G181 2nd,PROD476,INDIA
1362,Accepted-In Progress,Value 560,19.101612028353077,Accepted,Medium,In Progress,Org line C,E_8,in,G181 2nd,PROD476,INDIA
1362,Accepted-Wait,Value 560,19.109005545511195,Accepted,Medium,Wait,Org line C,E_8,in,G181 2nd,PROD476,INDIA
1362,Completed-Closed,Value 560,19.11562527830383,Completed,Medium,Closed,Org line C,E_8,in,G181 2nd,PROD476,INDIA
1363,Accepted-In Progress,Value 561,19.101668765643666,Accepted,Medium,In Progress,Org line G4,,se,G51 2nd,PROD319,Sweden
1363,Accepted-In Progress,Value 561,19.10345510737438,Accepted,Medium,In Progress,Org line G4,,se,G51 2nd,PROD319,Sweden
1363,Completed-Closed,Value 561,19.10345527914692,Completed,Medium,Closed,Org line G4,,se,G51 2nd,PROD319,Sweden
1363,Accepted-In Progress,Value 561,19.11476574462153,Accepted,Medium,In Progress,Org line G4,,se,G51 2nd,PROD319,Sweden
1363,Completed-Closed,Value 561,19.114766399007333,Completed,Medium,Closed,Org line G4,,se,G51 2nd,PROD319,Sweden
1363,Accepted-In Progress,Value 561,19.11476641898857,Accepted,Medium,In Progress,Org line G4,,se,G51 2nd,PROD319,Sweden
1363,Completed-Closed,Value 561,19.11476645395574,Completed,Medium,Closed,Org line G4,,se,G51 2nd,PROD319,Sweden
1363,Accepted-In Progress,Value 561,19.115126266301726,Accepted,Medium,In Progress,Org line G4,,se,G51 2nd,PROD319,Sweden
1363,Completed-Closed,Value 561,19.115126381152503,Completed,Medium,Closed,Org line G4,,se,G51 2nd,PROD319,Sweden
1364,Accepted-In Progress,Value 43,19.10168126158669,Accepted,Medium,In Progress,Org line G3,,us,G199 3rd,PROD96,POLAND
1364,Completed-Closed,Value 43,19.101683893357137,Completed,Medium,Closed,Org line G3,,us,G199 3rd,PROD96,POLAND
1365,Accepted-In Progress,Value 168,19.101808368187985,Accepted,Medium,In Progress,Org line V11,,gb,V50 2nd,PROD161,United Kingdom
1365,Completed-Closed,Value 168,19.105188945761007,Completed,Medium,Closed,Org line V11,,gb,V50 2nd,PROD161,United Kingdom
1366,Accepted-In Progress,Value 239,19.10199324007957,Accepted,High,In Progress,Org line B,E_10,in,G238 2nd,PROD209,INDIA
1366,Completed-Closed,Value 239,19.11455520997611,Completed,High,Closed,Org line B,E_10,in,G238 2nd,PROD209,INDIA
1367,Accepted-In Progress,Value 562,19.10201589131626,Accepted,Medium,In Progress,Org line G4,,se,O3 2nd,PROD483,Sweden
1367,Queued-Awaiting Assignment,Value 562,19.102016523742353,Queued,Medium,Awaiting Assignment,Org line G4,,se,O3 2nd,PROD483,Sweden
1367,Accepted-In Progress,Value 562,19.105628752984256,Accepted,Medium,In Progress,Org line G4,,se,S50 3rd,PROD483,Sweden
1367,Completed-Closed,Value 562,19.105630265332426,Completed,Medium,Closed,Org line G4,,se,S50 3rd,PROD483,Sweden
1368,Accepted-In Progress,Value 123,19.102031145322133,Accepted,Medium,In Progress,Org line C,E_1,se,G294 2nd,PROD401,Sweden
1368,Completed-Closed,Value 123,19.10204533159174,Completed,Medium,Closed,Org line C,E_1,se,G294 2nd,PROD401,Sweden
1369,Accepted-In Progress,Value 478,19.102037555476723,Accepted,Medium,In Progress,Org line A2,A2_1,pl,W16 3rd,PROD761,POLAND
1369,Accepted-Wait,Value 478,19.10210569181785,Accepted,Medium,Wait,Org line A2,A2_1,pl,W16 3rd,PROD761,POLAND
1369,Accepted-In Progress,Value 478,19.10213725414647,Accepted,Medium,In Progress,Org line A2,A2_1,pl,W16 3rd,PROD761,POLAND
1369,Accepted-Wait,Value 478,19.10216840572928,Accepted,Medium,Wait,Org line A2,A2_1,pl,W16 3rd,PROD761,POLAND
1369,Accepted-In Progress,Value 478,19.102911238738592,Accepted,Medium,In Progress,Org line A2,A2_1,pl,W16 3rd,PROD761,POLAND
1369,Accepted-Wait,Value 478,19.10297744034268,Accepted,Medium,Wait,Org line A2,A2_1,pl,W16 3rd,PROD761,POLAND
1369,Completed-Closed,Value 478,19.113765627571897,Completed,Medium,Closed,Org line A2,A2_1,pl,W16 3rd,PROD761,POLAND
1370,Accepted-In Progress,Value 43,19.102057918954895,Accepted,Medium,In Progress,Org line G3,,us,G199 3rd,PROD96,POLAND
1370,Completed-Closed,Value 43,19.10205973014604,Completed,Medium,Closed,Org line G3,,us,G199 3rd,PROD96,POLAND
1371,Accepted-In Progress,Value 39,19.102163185200432,Accepted,Medium,In Progress,Org line C,E_1,se,G99 2nd,PROD153,Sweden
1371,Completed-Closed,Value 39,19.11774928093455,Completed,Medium,Closed,Org line C,E_1,se,G99 2nd,PROD153,Sweden
1372,Accepted-In Progress,Value 560,19.102476758096998,Accepted,Major,In Progress,Org line C,E_8,in,G181 2nd,PROD476,INDIA
1372,Completed-Closed,Value 560,19.10466906491312,Completed,Major,Closed,Org line C,E_8,in,G181 2nd,PROD476,INDIA
1373,Accepted-In Progress,Value 209,19.10248255349294,Accepted,Medium,In Progress,Org line C,C_1,be,G56 3rd,PROD744,Sweden
1373,Completed-Closed,Value 209,19.109491932671677,Completed,Medium,Closed,Org line C,C_1,be,G56 3rd,PROD744,Sweden
1374,Accepted-In Progress,Value 311,19.102512035659075,Accepted,Low,In Progress,Org line C,E_10,se,G253 2nd,PROD683,Sweden
1374,Completed-Closed,Value 311,19.117728850995395,Completed,Low,Closed,Org line C,E_10,se,G253 2nd,PROD683,Sweden
1375,Accepted-In Progress,Value 43,19.102549066657822,Accepted,Medium,In Progress,Org line G3,,us,G199 3rd,PROD97,POLAND
1375,Completed-Closed,Value 43,19.102550942696777,Completed,Medium,Closed,Org line G3,,us,G199 3rd,PROD97,POLAND
1376,Accepted-In Progress,Value 43,19.10255139780004,Accepted,Medium,In Progress,Org line G3,,us,G199 3rd,PROD96,POLAND
1376,Completed-Closed,Value 43,19.102551756825797,Completed,Medium,Closed,Org line G3,,us,G199 3rd,PROD96,POLAND
1377,Accepted-In Progress,Value 229,19.102687611010555,Accepted,High,In Progress,Org line C,E_10,pl,G271 2nd,PROD802,Sweden
1377,Queued-Awaiting Assignment,Value 229,19.102689355333514,Queued,High,Awaiting Assignment,Org line C,E_10,pl,G271 2nd,PROD802,Sweden
1377,Accepted-In Progress,Value 563,19.102714013161844,Accepted,High,In Progress,Org line C,E_10,pl,G271 2nd,PROD802,Sweden
1377,Queued-Awaiting Assignment,Value 86,19.102721187429122,Queued,High,Awaiting Assignment,Org line C,E_10,pl,G276 2nd,PROD802,Sweden
1377,Queued-Awaiting Assignment,Value 229,19.102886833468315,Queued,High,Awaiting Assignment,Org line C,E_10,pl,G271 2nd,PROD802,Sweden
1377,Accepted-In Progress,Value 188,19.105668229563335,Accepted,High,In Progress,Org line C,E_10,pl,G271 2nd,PROD802,Sweden
1377,Queued-Awaiting Assignment,Value 44,19.105669474681008,Queued,High,Awaiting Assignment,Org line C,C_6,pl,G273 3rd,PROD802,Sweden
1377,Accepted-Assigned,Value 111,19.11081458395853,Accepted,High,Assigned,Org line C,C_6,pl,G273 3rd,PROD802,USA
1377,Queued-Awaiting Assignment,Value 478,19.11082421288387,Queued,High,Awaiting Assignment,Org line A2,A2_2,pl,N28 2nd,PROD802,POLAND
1377,Accepted-Assigned,Value 354,19.11085448822891,Accepted,High,Assigned,Org line A2,A2_2,pl,N28 2nd,PROD802,POLAND
1377,Accepted-In Progress,Value 354,19.111176322119864,Accepted,High,In Progress,Org line A2,A2_2,pl,N28 2nd,PROD802,POLAND
1377,Completed-Closed,Value 354,19.111177455119506,Completed,High,Closed,Org line A2,A2_2,pl,N28 2nd,PROD802,POLAND
1378,Accepted-In Progress,Value 474,19.102833132699644,Accepted,Medium,In Progress,Org line A2,A2_5,cn,N18 2nd,PROD789,China
1378,Queued-Awaiting Assignment,Value 474,19.1028706421536,Queued,Medium,Awaiting Assignment,Org line A2,A2_5,cn,N18 2nd,PROD789,China
1378,Accepted-In Progress,Value 474,19.117997753678267,Accepted,Medium,In Progress,Org line A2,A2_5,cn,N18 2nd,PROD789,China
1378,Completed-Closed,Value 474,19.11799788313731,Completed,Medium,Closed,Org line A2,A2_5,cn,N18 2nd,PROD789,China
1379,Accepted-In Progress,Value 308,19.10271688489728,Accepted,High,In Progress,Org line C,,us,N6 2nd,PROD181,USA
1379,Accepted-Wait,Value 308,19.10308685520788,Accepted,High,Wait,Org line C,,us,N6 2nd,PROD181,USA
1379,Completed-Closed,Value 308,19.104777810492354,Completed,High,Closed,Org line C,,us,N6 2nd,PROD181,USA
1380,Accepted-In Progress,Value 77,19.10289406715548,Accepted,Medium,In Progress,Org line C,E_5,be,G75,PROD821,Belgium
1380,Accepted-In Progress,Value 77,19.102894208694607,Accepted,Medium,In Progress,Org line C,E_5,be,G75,PROD821,Belgium
1380,Queued-Awaiting Assignment,Value 77,19.10289430979397,Queued,Medium,Awaiting Assignment,Org line C,E_5,be,G74,PROD821,Belgium
1380,Accepted-In Progress,Value 77,19.102894385618487,Accepted,Medium,In Progress,Org line C,E_5,be,G74,PROD821,Belgium
1380,Queued-Awaiting Assignment,Value 77,19.102895042764068,Queued,Medium,Awaiting Assignment,Org line C,E_1,be,G55 2nd,PROD821,Belgium
1380,Accepted-Assigned,Value 119,19.103420105577428,Accepted,Medium,Assigned,Org line C,E_1,be,G55 2nd,PROD821,Sweden
1380,Accepted-Assigned,Value 449,19.11118410770657,Accepted,Medium,Assigned,Org line C,E_1,be,G55 2nd,PROD821,France
1380,Accepted-In Progress,Value 119,19.111637622551314,Accepted,Medium,In Progress,Org line C,E_1,be,G55 2nd,PROD821,Sweden
1380,Completed-Closed,Value 119,19.11163764760613,Completed,Medium,Closed,Org line C,E_1,be,G55 2nd,PROD821,Sweden
1381,Accepted-In Progress,Value 31,19.102973305714016,Accepted,Low,In Progress,Org line C,C_6,se,G268 3rd,PROD805,Sweden
1381,Accepted-Wait,Value 31,19.10297352306045,Accepted,Low,Wait,Org line C,C_6,se,G268 3rd,PROD805,Sweden
1381,Completed-Closed,Value 31,19.11810834044709,Completed,Low,Closed,Org line C,C_6,se,G268 3rd,PROD805,Sweden
1382,Accepted-In Progress,Value 253,19.10298982896265,Accepted,Medium,In Progress,Org line A2,A2_1,pl,W16 3rd,PROD756,POLAND
1382,Completed-Closed,Value 253,19.117772290263872,Completed,Medium,Closed,Org line A2,A2_1,pl,W16 3rd,PROD756,POLAND
1383,Accepted-In Progress,Value 558,19.103399385836006,Accepted,High,In Progress,Org line C,E_10,in,G288 2nd,PROD154,Sweden
1383,Accepted-Wait,Value 558,19.110841153549337,Accepted,High,Wait,Org line C,E_10,in,G288 2nd,PROD154,Sweden
1383,Completed-Closed,Value 558,19.115695679172124,Completed,High,Closed,Org line C,E_10,in,G288 2nd,PROD154,Sweden
1384,Accepted-In Progress,Value 81,19.103418372633307,Accepted,Major,In Progress,Org line A2,D_1,se,G197 2nd,PROD617,Sweden
1384,Accepted-Assigned,Value 81,19.103418680824753,Accepted,Major,Assigned,Org line A2,D_1,se,G197 2nd,PROD617,Sweden
1384,Queued-Awaiting Assignment,Value 223,19.1034270120625,Queued,Major,Awaiting Assignment,Org line A2,D_1,se,G197 2nd,PROD617,POLAND
1384,Queued-Awaiting Assignment,Value 564,19.10343560089473,Queued,Major,Awaiting Assignment,Org line A2,D_1,se,V16 3rd,PROD617,Korea
1384,Accepted-Assigned,Value 565,19.104491495382913,Accepted,Major,Assigned,Org line A2,D_1,se,V16 3rd,PROD617,Sweden
1384,Queued-Awaiting Assignment,Value 251,19.104605992911985,Queued,Major,Awaiting Assignment,Org line A2,A2_3,se,V13 2nd,PROD617,Sweden
1384,Accepted-In Progress,Value 251,19.1116632382687,Accepted,Major,In Progress,Org line A2,A2_3,se,V13 2nd,PROD617,Sweden
1384,Accepted-Assigned,Value 81,19.111663363539574,Accepted,Major,Assigned,Org line A2,A2_3,se,V13 2nd,PROD617,Sweden
1384,Accepted-In Progress,Value 81,19.120303482755233,Accepted,Major,In Progress,Org line A2,A2_3,se,V13 2nd,PROD617,Sweden
1384,Completed-Closed,Value 81,19.120651173116435,Completed,Major,Closed,Org line A2,A2_3,se,V13 2nd,PROD617,Sweden
1385,Queued-Awaiting Assignment,Value 104,19.103490911207118,Queued,High,Awaiting Assignment,Org line C,C_6,us,G290 3rd,PROD154,Sweden
1385,Accepted-Assigned,Value 104,19.104761392443915,Accepted,High,Assigned,Org line C,C_6,us,G290 3rd,PROD154,Sweden
1385,Queued-Awaiting Assignment,Value 150,19.11166676589043,Queued,High,Awaiting Assignment,Org line C,,us,N6 2nd,PROD154,USA
1385,Accepted-In Progress,Value 508,19.112690007330055,Accepted,High,In Progress,Org line C,,us,N6 2nd,PROD154,USA
1385,Completed-Closed,Value 508,19.112690587990254,Completed,High,Closed,Org line C,,us,N6 2nd,PROD154,USA
1386,Accepted-In Progress,Value 111,19.103493997945712,Accepted,High,In Progress,Org line C,C_6,us,N55 3rd,PROD785,USA
1386,Queued-Awaiting Assignment,Value 111,19.10349782225511,Queued,High,Awaiting Assignment,Org line C,C_6,us,N55 3rd,PROD785,USA
1386,Accepted-In Progress,Value 111,19.10484285439507,Accepted,High,In Progress,Org line C,C_6,us,N55 3rd,PROD785,USA
1386,Completed-Closed,Value 111,19.113854329163704,Completed,High,Closed,Org line C,C_6,us,N55 3rd,PROD785,USA
1387,Accepted-In Progress,Value 273,19.10348149937416,Accepted,High,In Progress,Org line A2,A2_3,se,G349 3rd,PROD750,Sweden
1387,Completed-Closed,Value 273,19.103486121944087,Completed,High,Closed,Org line A2,A2_3,se,G349 3rd,PROD750,Sweden
1388,Accepted-In Progress,Value 566,19.10465660120396,Accepted,Major,In Progress,Org line C,E_6,se,U2 2nd,PROD802,Sweden
1388,Completed-Closed,Value 566,19.118139073142146,Completed,Major,Closed,Org line C,E_6,se,U2 2nd,PROD802,Sweden
1389,Accepted-In Progress,Value 567,19.104643910263558,Accepted,Major,In Progress,Org line C,,jp,S29 2nd,PROD348,Japan
1389,Completed-Closed,Value 567,19.10554889775207,Completed,Major,Closed,Org line C,,jp,S29 2nd,PROD348,Japan
1390,Accepted-In Progress,Value 271,19.10476335011105,Accepted,Medium,In Progress,Org line C,E_7,se,G153 2nd,PROD671,INDIA
1390,Completed-Closed,Value 271,19.115532955121147,Completed,Medium,Closed,Org line C,E_7,se,G153 2nd,PROD671,INDIA
1391,Accepted-In Progress,Value 68,19.104751376999268,Accepted,Medium,In Progress,Org line A2,A2_4,se,G118 2nd,PROD591,Sweden
1391,Completed-Closed,Value 68,19.111739224696777,Completed,Medium,Closed,Org line A2,A2_4,se,G118 2nd,PROD591,Sweden
1392,Accepted-In Progress,Value 43,19.10477902140105,Accepted,High,In Progress,Org line G3,,us,G199 3rd,PROD98,POLAND
1392,Completed-Closed,Value 43,19.10478019699017,Completed,High,Closed,Org line G3,,us,G199 3rd,PROD98,POLAND
1393,Accepted-In Progress,Value 433,19.10480308286186,Accepted,Medium,In Progress,Org line C,E_1,be,G55 2nd,PROD227,Sweden
1393,Completed-Closed,Value 433,19.109107752004995,Completed,Medium,Closed,Org line C,E_1,be,G55 2nd,PROD227,Sweden
1394,Queued-Awaiting Assignment,Value 345,19.104921923556798,Queued,Major,Awaiting Assignment,Org line C,C_6,in,G268 3rd,PROD805,Sweden
1394,Accepted-In Progress,Value 568,19.104928108375287,Accepted,Major,In Progress,Org line C,E_10,in,G266 2nd,PROD805,Sweden
1394,Completed-Closed,Value 568,19.104928305118477,Completed,Major,Closed,Org line C,E_10,in,G266 2nd,PROD805,Sweden
1395,Accepted-In Progress,Value 345,19.104927149882265,Accepted,Major,In Progress,Org line C,C_6,se,G268 3rd,PROD805,Sweden
1395,Queued-Awaiting Assignment,Value 345,19.104927578681888,Queued,Major,Awaiting Assignment,Org line C,C_6,se,G268 3rd,PROD805,Sweden
1395,Accepted-In Progress,Value 45,19.105093596078433,Accepted,Major,In Progress,Org line C,C_6,se,G268 3rd,PROD805,Sweden
1395,Completed-Closed,Value 45,19.10870287384732,Completed,Major,Closed,Org line C,C_6,se,G268 3rd,PROD805,Sweden
1396,Accepted-In Progress,Value 43,19.105122229678283,Accepted,Medium,In Progress,Org line G3,,us,G199 3rd,PROD96,POLAND
1396,Completed-Closed,Value 43,19.105123762967533,Completed,Medium,Closed,Org line G3,,us,G199 3rd,PROD96,POLAND
1397,Accepted-In Progress,Value 332,19.105182520471683,Accepted,Low,In Progress,Org line C,E_10,in,G271 2nd,PROD802,Sweden
1397,Accepted-Wait,Value 332,19.105182691947757,Accepted,Low,Wait,Org line C,E_10,in,G271 2nd,PROD802,Sweden
1397,Completed-Closed,Value 332,19.112180533308255,Completed,Low,Closed,Org line C,E_10,in,G271 2nd,PROD802,Sweden
1398,Accepted-In Progress,Value 273,19.10519382774288,Accepted,Major,In Progress,Org line A2,A2_2,se,G28 3rd,PROD182,Sweden
1398,Completed-Closed,Value 273,19.111147029121465,Completed,Major,Closed,Org line A2,A2_2,se,G28 3rd,PROD182,Sweden
1399,Accepted-In Progress,Value 373,19.105535119054633,Accepted,Medium,In Progress,Org line C,E_8,in,G119 2nd,PROD597,Sweden
1399,Completed-Closed,Value 373,19.10555021864174,Completed,Medium,Closed,Org line C,E_8,in,G119 2nd,PROD597,Sweden
1400,Accepted-In Progress,Value 373,19.105539767432617,Accepted,Medium,In Progress,Org line C,E_8,in,G119 2nd,PROD597,Sweden
1400,Accepted-In Progress,Value 373,19.105549820358398,Accepted,Medium,In Progress,Org line C,E_8,in,G119 2nd,PROD597,Sweden
1400,Completed-Closed,Value 373,19.107745453734942,Completed,Medium,Closed,Org line C,E_8,in,G119 2nd,PROD597,Sweden
1401,Accepted-In Progress,Value 337,19.10564920477902,Accepted,High,In Progress,Org line C,E_7,in,G162 2nd,PROD646,INDIA
1401,Queued-Awaiting Assignment,Value 337,19.105652269739583,Queued,High,Awaiting Assignment,Org line C,E_7,in,G162 2nd,PROD646,INDIA
1401,Accepted-In Progress,Value 569,19.105653509836092,Accepted,High,In Progress,Org line C,E_5,in,G79,PROD646,INDIA
1401,Accepted-In Progress,Value 79,19.1056543164021,Accepted,High,In Progress,Org line C,E_7,in,G162 2nd,PROD646,INDIA
1401,Accepted-Assigned,Value 397,19.105671496103565,Accepted,High,Assigned,Org line C,E_7,in,G162 2nd,PROD646,INDIA
1401,Accepted-In Progress,Value 397,19.11729623795371,Accepted,High,In Progress,Org line C,E_7,in,G162 2nd,PROD646,INDIA
1401,Completed-Closed,Value 397,19.117296407365103,Completed,High,Closed,Org line C,E_7,in,G162 2nd,PROD646,INDIA
1402,Accepted-In Progress,Value 523,19.10567535242205,Accepted,Medium,In Progress,Org line C,E_10,in,G271 2nd,PROD802,Sweden
1402,Accepted-Wait,Value 523,19.105687939543728,Accepted,Medium,Wait,Org line C,E_10,in,G271 2nd,PROD802,Sweden
1402,Accepted-In Progress,Value 523,19.113822584498052,Accepted,Medium,In Progress,Org line C,E_10,in,G271 2nd,PROD802,Sweden
1402,Completed-Closed,Value 523,19.113847129327898,Completed,Medium,Closed,Org line C,E_10,in,G271 2nd,PROD802,Sweden
1403,Accepted-In Progress,Value 158,19.10602044027254,Accepted,Medium,In Progress,Org line A2,A2_3,se,G362 3rd,PROD241,POLAND
1403,Completed-Closed,Value 158,19.113826059510572,Completed,Medium,Closed,Org line A2,A2_3,se,G362 3rd,PROD241,POLAND
1404,Accepted-In Progress,Value 367,19.10606872462743,Accepted,High,In Progress,Org line C,E_1,us,G13 2nd,PROD398,Sweden
1404,Accepted-In Progress,Value 367,19.110726148976422,Accepted,High,In Progress,Org line C,E_1,us,G13 2nd,PROD398,Sweden
1404,Completed-Closed,Value 367,19.117700511359004,Completed,High,Closed,Org line C,E_1,us,G13 2nd,PROD398,Sweden
1405,Accepted-In Progress,Value 308,19.10611654812892,Accepted,High,In Progress,Org line C,,us,N6 2nd,PROD487,USA
1405,Completed-Closed,Value 308,19.106117193083072,Completed,High,Closed,Org line C,,us,N6 2nd,PROD487,USA
1406,Queued-Awaiting Assignment,Value 69,19.10639599602014,Queued,High,Awaiting Assignment,Org line B,E_10,se,G230 2nd,PROD424,INDIA
1406,Accepted-In Progress,Value 71,19.106416079525868,Accepted,High,In Progress,Org line B,E_10,se,G230 2nd,PROD424,INDIA
1406,Queued-Awaiting Assignment,Value 2,19.10779812173565,Queued,High,Awaiting Assignment,Org line C,C_6,se,G250 3rd,PROD424,Sweden
1406,Accepted-In Progress,Value 127,19.107811884377842,Accepted,High,In Progress,Org line C,C_6,se,G250 3rd,PROD424,Sweden
1406,Accepted-Wait,Value 127,19.11169565283596,Accepted,High,Wait,Org line C,C_6,se,G250 3rd,PROD424,Sweden
1406,Accepted-In Progress,Value 2,19.11773600799622,Accepted,High,In Progress,Org line C,C_6,se,G250 3rd,PROD424,Sweden
1406,Completed-Closed,Value 2,19.117736222157603,Completed,High,Closed,Org line C,C_6,se,G250 3rd,PROD424,Sweden
1407,Accepted-In Progress,Value 86,19.106335581879502,Accepted,High,In Progress,Org line C,E_10,in,G236 2nd,PROD471,Sweden
1407,Queued-Awaiting Assignment,Value 86,19.106336614587462,Queued,High,Awaiting Assignment,Org line C,E_10,in,G236 2nd,PROD471,Sweden
1407,Accepted-In Progress,Value 465,19.10636942391979,Accepted,High,In Progress,Org line C,E_10,in,G236 2nd,PROD471,Sweden
1407,Completed-Closed,Value 465,19.106463196355687,Completed,High,Closed,Org line C,E_10,in,G236 2nd,PROD471,Sweden
1408,Accepted-In Progress,Value 43,19.106483454801886,Accepted,Medium,In Progress,Org line G3,,us,G199 3rd,PROD97,POLAND
1408,Completed-Closed,Value 43,19.1064878318215,Completed,Medium,Closed,Org line G3,,us,G199 3rd,PROD97,POLAND
1409,Accepted-In Progress,Value 341,19.106478302083353,Accepted,Medium,In Progress,Org line C,E_4,us,G88 2nd,PROD794,Sweden
1409,Completed-Closed,Value 341,19.111262471550166,Completed,Medium,Closed,Org line C,E_4,us,G88 2nd,PROD794,Sweden
1410,Accepted-In Progress,Value 4,19.106872048401097,Accepted,Low,In Progress,Org line C,E_9,se,N12 2nd,PROD673,Sweden
1410,Accepted-Assigned,Value 4,19.106872617344706,Accepted,Low,Assigned,Org line C,E_9,se,N12 2nd,PROD673,Sweden
1410,Accepted-In Progress,Value 4,19.109397052681953,Accepted,Low,In Progress,Org line C,E_9,se,N12 2nd,PROD673,Sweden
1410,Completed-Closed,Value 4,19.10939765534619,Completed,Low,Closed,Org line C,E_9,se,N12 2nd,PROD673,Sweden
1411,Accepted-In Progress,Value 43,19.10670919134979,Accepted,Medium,In Progress,Org line G3,,us,G199 3rd,PROD96,POLAND
1411,Completed-Closed,Value 43,19.106709911457585,Completed,Medium,Closed,Org line G3,,us,G199 3rd,PROD96,POLAND
1412,Accepted-In Progress,Value 43,19.10671741968349,Accepted,High,In Progress,Org line G3,,us,G199 3rd,PROD97,POLAND
1412,Completed-Closed,Value 43,19.106718220356168,Completed,High,Closed,Org line G3,,us,G199 3rd,PROD97,POLAND
1413,Accepted-In Progress,Value 570,19.107278055878577,Accepted,Major,In Progress,Org line C,C_5,se,G120 3rd,PROD597,Sweden
1413,Accepted-Assigned,Value 570,19.10727844844133,Accepted,Major,Assigned,Org line C,C_5,se,G120 3rd,PROD597,Sweden
1413,Accepted-In Progress,Value 571,19.11770717049865,Accepted,Major,In Progress,Org line C,C_5,se,G120 3rd,PROD597,Sweden
1413,Accepted-In Progress,Value 570,19.1177076735433,Accepted,Major,In Progress,Org line C,C_5,se,G120 3rd,PROD597,Sweden
1413,Completed-Closed,Value 570,19.117707803039902,Completed,Major,Closed,Org line C,C_5,se,G120 3rd,PROD597,Sweden
1414,Accepted-In Progress,Value 229,19.107617877020253,Accepted,High,In Progress,Org line C,E_10,in,G271 2nd,PROD802,Sweden
1414,Queued-Awaiting Assignment,Value 229,19.107619195179858,Queued,High,Awaiting Assignment,Org line C,E_10,in,G271 2nd,PROD802,Sweden
1414,Accepted-In Progress,Value 138,19.10763198425651,Accepted,High,In Progress,Org line C,E_10,in,G271 2nd,PROD802,Sweden
1414,Queued-Awaiting Assignment,Value 44,19.10763247227075,Queued,High,Awaiting Assignment,Org line C,C_6,in,G273 3rd,PROD802,Sweden
1414,Accepted-In Progress,Value 44,19.10771056657399,Accepted,High,In Progress,Org line C,C_6,in,G273 3rd,PROD802,Sweden
1414,Queued-Awaiting Assignment,Value 387,19.107710616880794,Queued,High,Awaiting Assignment,Org line C,E_10,in,G288 2nd,PROD802,Sweden
1414,Accepted-In Progress,Value 558,19.107711321175785,Accepted,High,In Progress,Org line C,E_10,in,G288 2nd,PROD802,Sweden
1414,Queued-Awaiting Assignment,Value 104,19.1107843274663,Queued,High,Awaiting Assignment,Org line C,C_6,in,G290 3rd,PROD802,Sweden
1414,Accepted-In Progress,Value 108,19.11079592765184,Accepted,High,In Progress,Org line C,C_6,in,G290 3rd,PROD802,Sweden
1414,Queued-Awaiting Assignment,Value 387,19.110796880536153,Queued,High,Awaiting Assignment,Org line C,E_10,in,G288 2nd,PROD802,Sweden
1414,Accepted-In Progress,Value 572,19.11079931790979,Accepted,High,In Progress,Org line C,E_10,in,G288 2nd,PROD802,Sweden
1414,Accepted-In Progress,Value 558,19.11081103828402,Accepted,High,In Progress,Org line C,E_10,in,G288 2nd,PROD802,Sweden
1414,Completed-Closed,Value 558,19.1108406269788,Completed,High,Closed,Org line C,E_10,in,G288 2nd,PROD802,Sweden
1415,Accepted-In Progress,Value 229,19.107624120654002,Accepted,High,In Progress,Org line C,E_10,in,G271 2nd,PROD802,Sweden
1415,Queued-Awaiting Assignment,Value 229,19.107626585897524,Queued,High,Awaiting Assignment,Org line C,E_10,in,G271 2nd,PROD802,Sweden
1415,Accepted-In Progress,Value 138,19.107631144066485,Accepted,High,In Progress,Org line C,E_10,in,G271 2nd,PROD802,Sweden
1415,Queued-Awaiting Assignment,Value 44,19.10763193394575,Queued,High,Awaiting Assignment,Org line C,C_6,in,G273 3rd,PROD802,Sweden
1415,Accepted-In Progress,Value 44,19.107709530253263,Accepted,High,In Progress,Org line C,C_6,in,G273 3rd,PROD802,Sweden
1415,Queued-Awaiting Assignment,Value 387,19.107709801910257,Queued,High,Awaiting Assignment,Org line C,E_10,in,G288 2nd,PROD802,Sweden
1415,Accepted-In Progress,Value 558,19.107711165224796,Accepted,High,In Progress,Org line C,E_10,in,G288 2nd,PROD802,Sweden
1415,Queued-Awaiting Assignment,Value 104,19.110785059691242,Queued,High,Awaiting Assignment,Org line C,C_6,in,G290 3rd,PROD802,Sweden
1415,Accepted-In Progress,Value 108,19.11079723661374,Accepted,High,In Progress,Org line C,C_6,in,G290 3rd,PROD802,Sweden
1415,Queued-Awaiting Assignment,Value 387,19.110797462296656,Queued,High,Awaiting Assignment,Org line C,E_10,in,G288 2nd,PROD802,Sweden
1415,Accepted-In Progress,Value 572,19.11079834998229,Accepted,High,In Progress,Org line C,E_10,in,G288 2nd,PROD802,Sweden
1415,Accepted-In Progress,Value 558,19.110810902876118,Accepted,High,In Progress,Org line C,E_10,in,G288 2nd,PROD802,Sweden
1415,Completed-Closed,Value 558,19.11084078244251,Completed,High,Closed,Org line C,E_10,in,G288 2nd,PROD802,Sweden
1416,Accepted-In Progress,Value 383,19.107708503992843,Accepted,Medium,In Progress,Org line C,C_6,se,G269 3rd,PROD621,INDIA
1416,Completed-Closed,Value 383,19.119803375889614,Completed,Medium,Closed,Org line C,C_6,se,G269 3rd,PROD621,INDIA
1417,Accepted-In Progress,Value 251,19.10776142043045,Accepted,High,In Progress,Org line G1,E_6,se,G358 2nd,PROD291,Sweden
1417,Completed-Closed,Value 251,19.107762904404638,Completed,High,Closed,Org line G1,E_6,se,G358 2nd,PROD291,Sweden
1418,Accepted-Assigned,Value 573,19.107831672874227,Accepted,High,Assigned,Org line A2,D_1,pl,W14 2nd,PROD782,POLAND
1418,Accepted-In Progress,Value 573,19.117728950606057,Accepted,High,In Progress,Org line A2,D_1,pl,W14 2nd,PROD782,POLAND
1418,Completed-Closed,Value 573,19.118187627182742,Completed,High,Closed,Org line A2,D_1,pl,W14 2nd,PROD782,POLAND
1419,Queued-Awaiting Assignment,Value 387,19.108223911321648,Queued,High,Awaiting Assignment,Org line C,E_10,se,G288 2nd,PROD488,Sweden
1419,Accepted-In Progress,Value 515,19.10822529404784,Accepted,High,In Progress,Org line C,E_10,se,G288 2nd,PROD488,Sweden
1419,Queued-Awaiting Assignment,Value 104,19.108329500848207,Queued,High,Awaiting Assignment,Org line C,C_6,se,G290 3rd,PROD488,Sweden
1419,Accepted-In Progress,Value 13,19.10859061371152,Accepted,High,In Progress,Org line C,C_6,se,G290 3rd,PROD488,Sweden
1419,Completed-Closed,Value 13,19.10859127215074,Completed,High,Closed,Org line C,C_6,se,G290 3rd,PROD488,Sweden
1420,Queued-Awaiting Assignment,Value 77,19.108713141281388,Queued,Major,Awaiting Assignment,Org line C,E_1,fr,G55 2nd,PROD816,Belgium
1420,Accepted-In Progress,Value 449,19.108713256871088,Accepted,Major,In Progress,Org line C,C_1,fr,L57 3rd,PROD816,France
1420,Accepted-In Progress,Value 55,19.108715277175865,Accepted,Major,In Progress,Org line C,V3_3,fr,V42 2nd,PROD816,France
1420,Completed-Closed,Value 55,19.118664016744543,Completed,Major,Closed,Org line C,V3_3,fr,V42 2nd,PROD816,France
1421,Accepted-In Progress,Value 380,19.108810573631978,Accepted,Low,In Progress,Org line B,E_3,br,S12 2nd,PROD120,Brazil
1421,Accepted-Assigned,Value 380,19.10881106107139,Accepted,Low,Assigned,Org line B,E_3,br,S12 2nd,PROD120,Brazil
1421,Completed-Closed,Value 380,19.118662927026683,Completed,Low,Closed,Org line B,E_3,br,S12 2nd,PROD120,Brazil
1422,Accepted-In Progress,Value 385,19.109076810825012,Accepted,Low,In Progress,Org line A2,A2_5,se,A10,PROD461,Sweden
1422,Completed-Closed,Value 385,19.110726103836623,Completed,Low,Closed,Org line A2,A2_5,se,A10,PROD461,Sweden
1423,Accepted-In Progress,Value 34,19.109119436962093,Accepted,High,In Progress,Org line A2,A2_4,0,G11 2nd,PROD604,Belgium
1423,Completed-Closed,Value 34,19.109122174819227,Completed,High,Closed,Org line A2,A2_4,0,G11 2nd,PROD604,Belgium
1424,Accepted-In Progress,Value 129,19.109130267780618,Accepted,Major,In Progress,Org line A2,A2_3,se,S21 2nd,PROD673,Sweden
1424,Queued-Awaiting Assignment,Value 129,19.109158735796644,Queued,Major,Awaiting Assignment,Org line A2,A2_3,se,S21 2nd,PROD673,Sweden
1424,Queued-Awaiting Assignment,Value 77,19.10946624620803,Queued,Major,Awaiting Assignment,Org line C,E_7,se,G153 2nd,PROD673,Sweden
1424,Accepted-In Progress,Value 77,19.110475792390037,Accepted,Major,In Progress,Org line C,E_7,se,G134 2nd,PROD673,Sweden
1424,Accepted-In Progress,Value 77,19.111241186789158,Accepted,Major,In Progress,Org line C,E_7,se,G153 2nd,PROD673,Sweden
1424,Queued-Awaiting Assignment,Value 229,19.111251162510758,Queued,Major,Awaiting Assignment,Org line C,E_10,se,G271 2nd,PROD673,Sweden
1424,Queued-Awaiting Assignment,Value 44,19.112117076846694,Queued,Major,Awaiting Assignment,Org line C,C_6,se,G273 3rd,PROD673,Sweden
1424,Accepted-In Progress,Value 360,19.112482504841033,Accepted,Major,In Progress,Org line C,C_6,se,G273 3rd,PROD673,Sweden
1424,Completed-Closed,Value 360,19.114727339916985,Completed,Major,Closed,Org line C,C_6,se,G273 3rd,PROD673,Sweden
1424,Accepted-In Progress,Value 360,19.12028315461049,Accepted,Major,In Progress,Org line C,C_6,se,G273 3rd,PROD673,Sweden
1424,Completed-Closed,Value 360,19.120285449744298,Completed,Major,Closed,Org line C,C_6,se,G273 3rd,PROD673,Sweden
1425,Accepted-In Progress,Value 336,19.10944212092069,Accepted,Major,In Progress,Org line C,E_4,us,G88 2nd,PROD348,China
1425,Completed-Closed,Value 336,19.11074192270316,Completed,Major,Closed,Org line C,E_4,us,G88 2nd,PROD348,China
1426,Accepted-In Progress,Value 237,19.109539296479337,Accepted,Major,In Progress,Org line C,C_6,us,N55 3rd,PROD785,USA
1426,Completed-Closed,Value 237,19.111709747759022,Completed,Major,Closed,Org line C,C_6,us,N55 3rd,PROD785,USA
1427,Accepted-In Progress,Value 62,19.110659530448746,Accepted,High,In Progress,Org line A2,A2_3,se,S35 2nd,PROD368,Sweden
1427,Accepted-Assigned,Value 62,19.110660027019467,Accepted,High,Assigned,Org line A2,A2_3,se,S35 2nd,PROD368,Sweden
1427,Accepted-In Progress,Value 13,19.11084545637248,Accepted,High,In Progress,Org line A2,A2_3,se,S35 2nd,PROD368,Sweden
1427,Completed-Closed,Value 13,19.112515403533376,Completed,High,Closed,Org line A2,A2_3,se,S35 2nd,PROD368,Sweden
1428,Accepted-In Progress,Value 574,19.11081712660564,Accepted,Major,In Progress,Org line A2,A2_1,se,D7,PROD238,Sweden
1428,Completed-Closed,Value 574,19.110817798625686,Completed,Major,Closed,Org line A2,A2_1,se,D7,PROD238,Sweden
1429,Accepted-In Progress,Value 77,19.11080789882198,Accepted,Major,In Progress,Org line A2,A2_5,cn,N18 2nd,PROD789,China
1429,Completed-Closed,Value 77,19.11800764230918,Completed,Major,Closed,Org line A2,A2_5,cn,N18 2nd,PROD789,China
1430,Accepted-In Progress,Value 219,19.110816474645457,Accepted,Low,In Progress,Org line C,C_1,us,G14 3rd,PROD398,France
1430,Completed-Closed,Value 219,19.111653447048877,Completed,Low,Closed,Org line C,C_1,us,G14 3rd,PROD398,France
1431,Accepted-In Progress,Value 345,19.11090291082766,Accepted,High,In Progress,Org line C,C_6,se,G268 3rd,PROD805,Sweden
1431,Accepted-Wait,Value 345,19.11090409428353,Accepted,High,Wait,Org line C,C_6,se,G268 3rd,PROD805,Sweden
1431,Accepted-Wait,Value 345,19.11124790913309,Accepted,High,Wait,Org line C,C_6,se,G268 3rd,PROD805,Sweden
1431,Accepted-In Progress,Value 345,19.111249011974163,Accepted,High,In Progress,Org line C,C_6,se,G268 3rd,PROD805,Sweden
1431,Accepted-Wait,Value 345,19.11126313825816,Accepted,High,Wait,Org line C,C_6,se,G268 3rd,PROD805,Sweden
1431,Queued-Awaiting Assignment,Value 345,19.111295991874393,Queued,High,Awaiting Assignment,Org line C,C_6,se,G268 3rd,PROD805,Sweden
1431,Accepted-In Progress,Value 45,19.11130601216292,Accepted,High,In Progress,Org line C,C_6,se,G268 3rd,PROD805,Sweden
1431,Completed-Closed,Value 45,19.11467233789496,Completed,High,Closed,Org line C,C_6,se,G268 3rd,PROD805,Sweden
1432,Accepted-In Progress,Value 575,19.110899741566065,Accepted,Low,In Progress,Org line C,E_10,in,G266 2nd,PROD805,Sweden
1432,Accepted-In Progress,Value 575,19.11124323708378,Accepted,Low,In Progress,Org line C,E_10,in,G266 2nd,PROD805,Sweden
1432,Accepted-In Progress,Value 575,19.11124963357496,Accepted,Low,In Progress,Org line C,E_10,in,G266 2nd,PROD805,Sweden
1432,Accepted-Wait,Value 575,19.111250811607665,Accepted,Low,Wait,Org line C,E_10,in,G266 2nd,PROD805,Sweden
1432,Accepted-In Progress,Value 575,19.111306713930244,Accepted,Low,In Progress,Org line C,E_10,in,G266 2nd,PROD805,Sweden
1432,Completed-Closed,Value 575,19.111306839245785,Completed,Low,Closed,Org line C,E_10,in,G266 2nd,PROD805,Sweden
1433,Accepted-In Progress,Value 150,19.11090098520156,Accepted,High,In Progress,Org line C,,us,N6 2nd,PROD378,USA
1433,Queued-Awaiting Assignment,Value 150,19.11090158194546,Queued,High,Awaiting Assignment,Org line C,,us,N6 2nd,PROD378,USA
1433,Accepted-In Progress,Value 308,19.110902218806206,Accepted,High,In Progress,Org line C,,us,N6 2nd,PROD378,USA
1433,Completed-Closed,Value 308,19.118181568635435,Completed,High,Closed,Org line C,,us,N6 2nd,PROD378,USA
1434,Queued-Awaiting Assignment,Value 150,19.11120600528417,Queued,Major,Awaiting Assignment,Org line C,E_4,in,G88 2nd,PROD794,USA
1434,Accepted-In Progress,Value 576,19.111227757004773,Accepted,Major,In Progress,Org line C,E_5,in,G92,PROD794,INDIA
1434,Completed-Closed,Value 576,19.111228950102287,Completed,Major,Closed,Org line C,E_5,in,G92,PROD794,INDIA
1435,Accepted-In Progress,Value 150,19.111215896134425,Accepted,High,In Progress,Org line C,E_4,us,G88 2nd,PROD793,USA
1435,Queued-Awaiting Assignment,Value 150,19.11121688371015,Queued,High,Awaiting Assignment,Org line C,E_4,us,G88 2nd,PROD793,USA
1435,Accepted-In Progress,Value 393,19.117315401189952,Accepted,High,In Progress,Org line C,E_4,us,G88 2nd,PROD793,Sweden
1435,Completed-Closed,Value 393,19.11732868967716,Completed,High,Closed,Org line C,E_4,us,G88 2nd,PROD793,Sweden
1436,Accepted-In Progress,Value 88,19.11125923826073,Accepted,High,In Progress,Org line G4,,se,S30 2nd,PROD802,Sweden
1436,Accepted-Assigned,Value 88,19.11126139880103,Accepted,High,Assigned,Org line G4,,se,S30 2nd,PROD802,Sweden
1436,Accepted-In Progress,Value 88,19.11507274440244,Accepted,High,In Progress,Org line G4,,se,S30 2nd,PROD802,Sweden
1436,Completed-Closed,Value 88,19.11507274939622,Completed,High,Closed,Org line G4,,se,S30 2nd,PROD802,Sweden
1437,Accepted-In Progress,Value 43,19.11131237316442,Accepted,Low,In Progress,Org line G3,,us,G199 3rd,PROD428,POLAND
1437,Completed-Closed,Value 43,19.11131296966288,Completed,Low,Closed,Org line G3,,us,G199 3rd,PROD428,POLAND
1438,Completed-Closed,Value 68,19.111739149539957,Completed,Medium,Closed,Org line A2,A2_4,se,G118 2nd,PROD591,Sweden
1439,Accepted-In Progress,Value 380,19.111725606188948,Accepted,Medium,In Progress,Org line B,E_3,br,S12 2nd,PROD119,Brazil
1439,Accepted-Assigned,Value 380,19.11178089577788,Accepted,Medium,Assigned,Org line B,E_3,br,S12 2nd,PROD119,Brazil
1439,Completed-Closed,Value 380,19.117363541844618,Completed,Medium,Closed,Org line B,E_3,br,S12 2nd,PROD119,Brazil
1440,Accepted-In Progress,Value 31,19.112161662067766,Accepted,Medium,In Progress,Org line C,C_4,se,G155 3rd,PROD673,Sweden
1440,Completed-Closed,Value 31,19.121197537085745,Completed,Medium,Closed,Org line C,C_4,se,G155 3rd,PROD673,Sweden
1441,Accepted-In Progress,Value 228,19.112455097616536,Accepted,Medium,In Progress,Org line V2,,se,T2 2nd,PROD631,Sweden
1441,Completed-Closed,Value 228,19.120672640903503,Completed,Medium,Closed,Org line V2,,se,T2 2nd,PROD631,Sweden
1442,Accepted-In Progress,Value 43,19.112515964268713,Accepted,High,In Progress,Org line G3,,us,G199 3rd,PROD98,POLAND
1442,Completed-Closed,Value 43,19.112516895489204,Completed,High,Closed,Org line G3,,us,G199 3rd,PROD98,POLAND
1443,Accepted-In Progress,Value 577,19.1125374972691,Accepted,Medium,In Progress,Org line A2,A2_4,se,G47 2nd,PROD243,Sweden
1443,Completed-Closed,Value 577,19.12019780865484,Completed,Medium,Closed,Org line A2,A2_4,se,G47 2nd,PROD243,Sweden
1444,Accepted-In Progress,Value 249,19.113207377012532,Accepted,High,In Progress,Org line C,E_4,in,G93 2nd,PROD701,INDIA
1444,Queued-Awaiting Assignment,Value 249,19.11320767719871,Queued,High,Awaiting Assignment,Org line C,E_4,in,G93 2nd,PROD701,INDIA
1444,Accepted-In Progress,Value 119,19.114198580810775,Accepted,High,In Progress,Org line C,E_4,in,G93 2nd,PROD701,Sweden
1444,Completed-Closed,Value 119,19.114201014905433,Completed,High,Closed,Org line C,E_4,in,G93 2nd,PROD701,Sweden
1445,Accepted-In Progress,Value 43,19.113469810397106,Accepted,High,In Progress,Org line G3,,us,G199 3rd,PROD98,POLAND
1445,Completed-Closed,Value 43,19.11346997545619,Completed,High,Closed,Org line G3,,us,G199 3rd,PROD98,POLAND
1446,Accepted-In Progress,Value 43,19.113477353069324,Accepted,High,In Progress,Org line G3,,us,G199 3rd,PROD97,POLAND
1446,Completed-Closed,Value 43,19.113479533831324,Completed,High,Closed,Org line G3,,us,G199 3rd,PROD97,POLAND
1447,Accepted-In Progress,Value 43,19.113811209372614,Accepted,High,In Progress,Org line G3,,us,G199 3rd,PROD98,POLAND
1447,Completed-Closed,Value 43,19.11381167938036,Completed,High,Closed,Org line G3,,us,G199 3rd,PROD98,POLAND
1448,Accepted-In Progress,Value 387,19.113919175348826,Accepted,Medium,In Progress,Org line C,E_10,in,G288 2nd,PROD154,Sweden
1448,Completed-Closed,Value 387,19.113921125168993,Completed,Medium,Closed,Org line C,E_10,in,G288 2nd,PROD154,Sweden
1449,Accepted-In Progress,Value 114,19.113836159478403,Accepted,Medium,In Progress,Org line C,E_7,se,G161 2nd,PROD671,Sweden
1449,Completed-Closed,Value 114,19.116818946941667,Completed,Medium,Closed,Org line C,E_7,se,G161 2nd,PROD671,Sweden
1450,Accepted-In Progress,Value 43,19.11386062397768,Accepted,High,In Progress,Org line G3,,us,G199 3rd,PROD96,POLAND
1450,Completed-Closed,Value 43,19.11386134895371,Completed,High,Closed,Org line G3,,us,G199 3rd,PROD96,POLAND
1451,Accepted-In Progress,Value 43,19.113870308614093,Accepted,Medium,In Progress,Org line G3,,us,G199 3rd,PROD97,POLAND
1451,Completed-Closed,Value 43,19.113873988451353,Completed,Medium,Closed,Org line G3,,us,G199 3rd,PROD97,POLAND
1452,Accepted-In Progress,Value 515,19.11406400164391,Accepted,High,In Progress,Org line C,E_10,in,G288 2nd,PROD154,Sweden
1452,Completed-Closed,Value 515,19.114486747440818,Completed,High,Closed,Org line C,E_10,in,G288 2nd,PROD154,Sweden
1453,Accepted-In Progress,Value 8,19.114201794614175,Accepted,High,In Progress,Org line C,C_1,be,G56 3rd,PROD795,Sweden
1453,Completed-Closed,Value 8,19.12087395285001,Completed,High,Closed,Org line C,C_1,be,G56 3rd,PROD795,Sweden
1454,Accepted-In Progress,Value 43,19.114335415716862,Accepted,High,In Progress,Org line G3,,us,G199 3rd,PROD97,POLAND
1454,Completed-Closed,Value 43,19.114336380226792,Completed,High,Closed,Org line G3,,us,G199 3rd,PROD97,POLAND
1455,Accepted-In Progress,Value 81,19.1143030616168,Accepted,Major,In Progress,Org line A2,D_1,se,L45 3rd,PROD617,Sweden
1455,Completed-Closed,Value 81,19.12116642175307,Completed,Major,Closed,Org line A2,D_1,se,L45 3rd,PROD617,Sweden
1456,Accepted-In Progress,Value 578,19.114330633133157,Accepted,Major,In Progress,Org line V5,,se,V20 2nd,PROD221,INDIA
1456,Completed-Closed,Value 578,19.114333246815487,Completed,Major,Closed,Org line V5,,se,V20 2nd,PROD221,INDIA
1457,Accepted-In Progress,Value 515,19.11450869773363,Accepted,High,In Progress,Org line C,E_10,in,G288 2nd,PROD154,Sweden
1457,Completed-Closed,Value 515,19.11451025167418,Completed,High,Closed,Org line C,E_10,in,G288 2nd,PROD154,Sweden
1458,Accepted-In Progress,Value 579,19.11465010143222,Accepted,High,In Progress,Org line A2,,kr,S60 2nd,PROD221,Korea
1458,Queued-Awaiting Assignment,Value 579,19.114650261300714,Queued,High,Awaiting Assignment,Org line A2,,kr,S60 2nd,PROD221,Korea
1458,Accepted-In Progress,Value 579,19.114666477828184,Accepted,High,In Progress,Org line A2,,kr,S60 2nd,PROD221,Korea
1458,Accepted-Assigned,Value 579,19.1211200075315,Accepted,High,Assigned,Org line A2,,kr,S60 2nd,PROD221,Korea
1458,Completed-Closed,Value 579,19.1211226630926,Completed,High,Closed,Org line A2,,kr,S60 2nd,PROD221,Korea
1459,Accepted-In Progress,Value 387,19.114667961582352,Accepted,High,In Progress,Org line C,E_10,in,G288 2nd,PROD154,Sweden
1459,Completed-Closed,Value 387,19.116828154318455,Completed,High,Closed,Org line C,E_10,in,G288 2nd,PROD154,Sweden
1460,Accepted-In Progress,Value 276,19.1146916314101,Accepted,High,In Progress,Org line C,E_4,us,G88 2nd,PROD793,INDIA
1460,Completed-Closed,Value 276,19.117258931869262,Completed,High,Closed,Org line C,E_4,us,G88 2nd,PROD793,INDIA
1461,Accepted-In Progress,Value 43,19.11476028472941,Accepted,Medium,In Progress,Org line G3,,us,G199 3rd,PROD96,POLAND
1461,Completed-Closed,Value 43,19.114772912870134,Completed,Medium,Closed,Org line G3,,us,G199 3rd,PROD96,POLAND
1462,Accepted-In Progress,Value 192,19.11472493707622,Accepted,Medium,In Progress,Org line C,C_2,se,G58 3rd,PROD327,Belgium
1462,Queued-Awaiting Assignment,Value 192,19.114728329026477,Queued,Medium,Awaiting Assignment,Org line C,C_2,se,G58 3rd,PROD327,Belgium
1462,Accepted-In Progress,Value 192,19.11472855382395,Accepted,Medium,In Progress,Org line C,E_2,se,G57 2nd,PROD327,Belgium
1462,Accepted-Assigned,Value 330,19.114728653733923,Accepted,Medium,Assigned,Org line C,E_2,se,G57 2nd,PROD327,Belgium
1462,Accepted-Wait,Value 330,19.114777898144443,Accepted,Medium,Wait,Org line C,E_2,se,G57 2nd,PROD327,Belgium
1462,Completed-Closed,Value 330,19.117296855806888,Completed,Medium,Closed,Org line C,E_2,se,G57 2nd,PROD327,Belgium
1463,Accepted-In Progress,Value 43,19.114774021821077,Accepted,Medium,In Progress,Org line G3,,us,G199 3rd,PROD96,POLAND
1463,Completed-Closed,Value 43,19.115184194362413,Completed,Medium,Closed,Org line G3,,us,G199 3rd,PROD96,POLAND
1464,Accepted-In Progress,Value 43,19.11517639991055,Accepted,Medium,In Progress,Org line G3,,us,G199 3rd,PROD96,POLAND
1464,Completed-Closed,Value 43,19.115179350924134,Completed,Medium,Closed,Org line G3,,us,G199 3rd,PROD96,POLAND
1465,Accepted-In Progress,Value 43,19.11518561243681,Accepted,High,In Progress,Org line G3,,us,G199 3rd,PROD98,POLAND
1465,Completed-Closed,Value 43,19.115604590306535,Completed,High,Closed,Org line G3,,us,G199 3rd,PROD98,POLAND
1466,Accepted-In Progress,Value 43,19.11553847568512,Accepted,Medium,In Progress,Org line G3,,us,G199 3rd,PROD97,POLAND
1466,Completed-Closed,Value 43,19.115539324232035,Completed,Medium,Closed,Org line G3,,us,G199 3rd,PROD97,POLAND
1467,Accepted-In Progress,Value 43,19.11554227916626,Accepted,Medium,In Progress,Org line G3,,us,G199 3rd,PROD96,POLAND
1467,Completed-Closed,Value 43,19.115542738378227,Completed,Medium,Closed,Org line G3,,us,G199 3rd,PROD96,POLAND
1468,Accepted-In Progress,Value 580,19.115709877527312,Accepted,Low,In Progress,Org line G4,,se,S32 2nd,PROD633,Sweden
1468,Completed-Closed,Value 580,19.118070845578764,Completed,Low,Closed,Org line G4,,se,S32 2nd,PROD633,Sweden
1469,Accepted-In Progress,Value 390,19.116020958055426,Accepted,Low,In Progress,Org line C,E_10,in,G276 2nd,PROD631,Sweden
1469,Completed-Closed,Value 390,19.1160305020565,Completed,Low,Closed,Org line C,E_10,in,G276 2nd,PROD631,Sweden
1470,Accepted-In Progress,Value 2,19.116809834197248,Accepted,Medium,In Progress,Org line C,C_6,se,G250 3rd,PROD434,Sweden
1470,Queued-Awaiting Assignment,Value 2,19.11681338359116,Queued,Medium,Awaiting Assignment,Org line C,C_6,se,G250 3rd,PROD434,Sweden
1470,Accepted-In Progress,Value 306,19.11681387711544,Accepted,Medium,In Progress,Org line C,C_6,se,G250 3rd,PROD434,Sweden
1470,Completed-Closed,Value 306,19.117646718627498,Completed,Medium,Closed,Org line C,C_6,se,G250 3rd,PROD434,Sweden
1471,Accepted-In Progress,Value 375,19.11690758747848,Accepted,Medium,In Progress,Org line C,E_1,us,G13 2nd,PROD460,Sweden
1471,Completed-Closed,Value 375,19.117749594701692,Completed,Medium,Closed,Org line C,E_1,us,G13 2nd,PROD460,Sweden
1472,Accepted-In Progress,Value 15,19.117079696765536,Accepted,High,In Progress,Org line G4,,se,S28 2nd,PROD343,Sweden
1472,Completed-Closed,Value 15,19.12107818275491,Completed,High,Closed,Org line G4,,se,S28 2nd,PROD343,Sweden
1473,Accepted-In Progress,Value 522,19.117233339499073,Accepted,High,In Progress,Org line C,E_10,in,G288 2nd,PROD154,Sweden
1473,Completed-Closed,Value 522,19.117233414244097,Completed,High,Closed,Org line C,E_10,in,G288 2nd,PROD154,Sweden
1474,Accepted-In Progress,Value 43,19.117252513906493,Accepted,High,In Progress,Org line G3,,us,G199 3rd,PROD98,POLAND
1474,Completed-Closed,Value 43,19.117254053623366,Completed,High,Closed,Org line G3,,us,G199 3rd,PROD98,POLAND
1475,Accepted-In Progress,Value 43,19.11733915292865,Accepted,High,In Progress,Org line G3,,us,G199 3rd,PROD97,POLAND
1475,Completed-Closed,Value 43,19.117343517566912,Completed,High,Closed,Org line G3,,us,G199 3rd,PROD97,POLAND
1476,Accepted-In Progress,Value 276,19.117617480067924,Accepted,High,In Progress,Org line C,E_4,us,G88 2nd,PROD166,INDIA
1476,Completed-Closed,Value 276,19.12016795895251,Completed,High,Closed,Org line C,E_4,us,G88 2nd,PROD166,INDIA
1477,Accepted-In Progress,Value 272,19.117671613067948,Accepted,Medium,In Progress,Org line V2,,se,T10 2nd,PROD334,Sweden
1477,Queued-Awaiting Assignment,Value 272,19.117671951763544,Queued,Medium,Awaiting Assignment,Org line V2,,se,T10 2nd,PROD334,Sweden
1477,Accepted-In Progress,Value 9,19.11989656798913,Accepted,Medium,In Progress,Org line V2,,se,T2 2nd,PROD334,Sweden
1477,Completed-Closed,Value 9,19.119897363148603,Completed,Medium,Closed,Org line V2,,se,T2 2nd,PROD334,Sweden
1478,Accepted-In Progress,Value 43,19.118185267489963,Accepted,Medium,In Progress,Org line G3,,us,G199 3rd,PROD98,POLAND
1478,Completed-Closed,Value 43,19.11818578522894,Completed,Medium,Closed,Org line G3,,us,G199 3rd,PROD98,POLAND
1479,Accepted-In Progress,Value 81,19.118517735138745,Accepted,Medium,In Progress,Org line V2,,se,T10 2nd,PROD615,Sweden
1479,Accepted-Assigned,Value 81,19.11852076091052,Accepted,Medium,Assigned,Org line V2,,se,T10 2nd,PROD615,Sweden
1479,Accepted-In Progress,Value 68,19.120678311937542,Accepted,Medium,In Progress,Org line V2,,se,T10 2nd,PROD615,Sweden
1479,Completed-Closed,Value 68,19.120678739001853,Completed,Medium,Closed,Org line V2,,se,T10 2nd,PROD615,Sweden
1480,Accepted-In Progress,Value 572,19.119897566908115,Accepted,Major,In Progress,Org line C,E_10,in,G288 2nd,PROD154,Sweden
1480,Completed-Closed,Value 572,19.119902243426004,Completed,Major,Closed,Org line C,E_10,in,G288 2nd,PROD154,Sweden
1481,Accepted-In Progress,Value 581,19.11990261118525,Accepted,Major,In Progress,Org line F,,se,G207 2nd,PROD186,Sweden
1481,Completed-Closed,Value 581,19.12121454116375,Completed,Major,Closed,Org line F,,se,G207 2nd,PROD186,Sweden
1481,Accepted-In Progress,Value 581,19.121330266434565,Accepted,Major,In Progress,Org line F,,se,G207 2nd,PROD186,Sweden
1481,Completed-Closed,Value 581,19.121331224221436,Completed,Major,Closed,Org line F,,se,G207 2nd,PROD186,Sweden
1481,Accepted-In Progress,Value 581,19.121331273847673,Accepted,Major,In Progress,Org line F,,se,G207 2nd,PROD186,Sweden
1481,Accepted-Assigned,Value 582,19.12133151205358,Accepted,Major,Assigned,Org line C,E_6,se,U2 2nd,PROD186,Sweden
1481,Accepted-In Progress,Value 581,19.121331517016205,Accepted,Major,In Progress,Org line C,E_6,se,U2 2nd,PROD186,Sweden
1481,Completed-Closed,Value 581,19.12133152694145,Completed,Major,Closed,Org line C,E_6,se,U2 2nd,PROD186,Sweden
1482,Accepted-In Progress,Value 43,19.12026065009733,Accepted,Medium,In Progress,Org line G3,,us,G199 3rd,PROD97,POLAND
1482,Completed-Closed,Value 43,19.120264867869153,Completed,Medium,Closed,Org line G3,,us,G199 3rd,PROD97,POLAND
1483,Queued-Awaiting Assignment,Value 547,19.120371076329505,Queued,Major,Awaiting Assignment,Org line C,C_5,in,G120 3rd,PROD597,Sweden
1483,Accepted-In Progress,Value 583,19.12044309593872,Accepted,Major,In Progress,Org line C,E_8,in,G119 2nd,PROD597,USA
1483,Completed-Closed,Value 583,19.12044396516917,Completed,Major,Closed,Org line C,E_8,in,G119 2nd,PROD597,USA
1484,Accepted-In Progress,Value 31,19.120685934511442,Accepted,High,In Progress,Org line V2,,se,T2 2nd,PROD493,Sweden
1484,Accepted-In Progress,Value 31,19.120688382661285,Accepted,High,In Progress,Org line V2,,se,T2 2nd,PROD493,Sweden
1484,Queued-Awaiting Assignment,Value 31,19.12074227023485,Queued,High,Awaiting Assignment,Org line V2,,se,T2 2nd,PROD493,Sweden
1484,Accepted-In Progress,Value 584,19.120749634114702,Accepted,High,In Progress,Org line V2,,se,T2 2nd,PROD493,Sweden
1484,Completed-Closed,Value 584,19.120750369010054,Completed,High,Closed,Org line V2,,se,T2 2nd,PROD493,Sweden
1485,Accepted-In Progress,Value 585,19.120743725139214,Accepted,Medium,In Progress,Org line C,E_7,se,G161 2nd,PROD671,Sweden
1485,Completed-Closed,Value 585,19.120746381699742,Completed,Medium,Closed,Org line C,E_7,se,G161 2nd,PROD671,Sweden
1486,Accepted-In Progress,Value 4,19.12111999264048,Accepted,Major,In Progress,Org line A2,A2_3,se,U6 2nd,PROD831,Sweden
1486,Completed-Closed,Value 4,19.12112078186406,Completed,Major,Closed,Org line A2,A2_3,se,U6 2nd,PROD831,Sweden
1487,Accepted-In Progress,Value 43,19.121265685662625,Accepted,High,In Progress,Org line G3,,us,G199 3rd,PROD97,POLAND
1487,Completed-Closed,Value 43,19.12126609262437,Completed,High,Closed,Org line G3,,us,G199 3rd,PROD97,POLAND
