CaseID,Activity,org:resource,time:timestamp,concept:name,impact,lifecycle:transition,org:group,org:role,organization country,organization involved,product,resource country
1,,,,,,,,,,,,
1,Accepted-In Progress,Value 1,19.087575582551246,Accepted,High,In Progress,Org line A2,A2_2,se,J11 2nd,PROD191,INDIA
1,,,,,,,,,,,,
1,Accepted-In Progress,Value 1,19.087580268969127,Accepted,High,In Progress,Org line A2,A2_2,se,J11 2nd,PROD191,INDIA
1,,,,,,,,,,,,
2,,,,,,,,,,,,
2,Accepted-In Progress,Value 2,17.070145843525836,Accepted,Medium,In Progress,Org line A2,A2_2,cn,M1 2nd,PROD753,Sweden
2,,,,,,,,,,,,
2,Accepted-In Progress,Value 2,18.997473687636635,Accepted,Medium,In Progress,Org line A2,A2_2,cn,M1 2nd,PROD753,Sweden
2,,,,,,,,,,,,
2,Completed-Closed,Value 3,19.062852611142386,Completed,Medium,Closed,Org line A2,A2_2,cn,M1 2nd,PROD753,China
3,,,,,,,,,,,,
3,Accepted-Wait,Value 2,18.625817460968516,Accepted,Medium,Wait,Org line A2,A2_2,cn,M1 2nd,PROD753,Sweden
3,,,,,,,,,,,,
3,Accepted-In Progress,Value 3,19.061914332516814,Accepted,Medium,In Progress,Org line A2,A2_2,cn,M1 2nd,PROD753,China
3,,,,,,,,,,,,
4,,,,,,,,,,,,
4,Accepted-Wait,Value 2,18.625817477259233,Accepted,Low,Wait,Org line A2,A2_2,cn,M1 2nd,PROD753,Sweden
4,,,,,,,,,,,,
4,Accepted-In Progress,Value 3,19.06190428413004,Accepted,Low,In Progress,Org line A2,A2_2,cn,M1 2nd,PROD753,China
4,,,,,,,,,,,,
5,,,,,,,,,,,,
5,Accepted-Wait,Value 4,18.625817469113876,Accepted,Medium,Wait,Org line A2,A2_2,se,G167 2nd,PROD681,Sweden
5,,,,,,,,,,,,
5,Accepted-In Progress,Value 4,18.99848930383784,Accepted,Medium,In Progress,Org line A2,A2_2,se,M1 2nd,PROD681,Sweden
5,,,,,,,,,,,,
5,Accepted-In Progress,Value 4,19.055115884419866,Accepted,Medium,In Progress,Org line A2,A2_2,se,G167 2nd,PROD681,Sweden
5,,,,,,,,,,,,
6,,,,,,,,,,,,
6,Accepted-In Progress,Value 2,18.273452502002172,Accepted,High,In Progress,Org line A2,A2_2,cn,M1 2nd,PROD753,Sweden
6,,,,,,,,,,,,
6,Accepted-In Progress,Value 2,18.99685293792133,Accepted,High,In Progress,Org line A2,A2_2,cn,M1 2nd,PROD753,Sweden
6,,,,,,,,,,,,
6,Accepted-In Progress,Value 3,19.062805282968657,Accepted,High,In Progress,Org line A2,A2_2,cn,M1 2nd,PROD753,China
6,,,,,,,,,,,,
7,,,,,,,,,,,,
7,Accepted-Wait,Value 2,18.625817485404593,Accepted,Medium,Wait,Org line A2,A2_2,cn,G167 2nd,PROD681,Sweden
7,,,,,,,,,,,,
7,Accepted-In Progress,Value 2,18.99749156067146,Accepted,Medium,In Progress,Org line A2,A2_2,cn,M1 2nd,PROD681,Sweden
7,,,,,,,,,,,,
7,Accepted-In Progress,Value 2,19.05608183979236,Accepted,Medium,In Progress,Org line A2,A2_2,cn,M1 2nd,PROD681,Sweden
7,,,,,,,,,,,,
8,,,,,,,,,,,,
8,Accepted-In Progress,Value 5,19.067398587146972,Accepted,High,In Progress,Org line V7n,,nl,V32 2nd,PROD542,Netherlands
8,,,,,,,,,,,,
8,Queued-Awaiting Assignment,Value 6,19.07513571767496,Queued,High,Awaiting Assignment,Org line V7n,,nl,V32 2nd,PROD542,Netherlands
8,,,,,,,,,,,,
8,Queued-Awaiting Assignment,Value 6,19.075141159183516,Queued,High,Awaiting Assignment,Org line V7n,,nl,V32 2nd,PROD542,Netherlands
8,,,,,,,,,,,,
8,Completed-Closed,Value 5,19.08930267929024,Completed,High,Closed,Org line V7n,,nl,V37 2nd,PROD542,Netherlands
9,,,,,,,,,,,,
9,Accepted-Wait,Value 2,18.625817493549953,Accepted,Low,Wait,Org line A2,A2_2,cn,M1 2nd,PROD753,Sweden
9,,,,,,,,,,,,
9,Accepted-In Progress,Value 3,19.061941048727018,Accepted,Low,In Progress,Org line A2,A2_2,cn,M1 2nd,PROD753,China
9,,,,,,,,,,,,
10,,,,,,,,,,,,
10,Accepted-In Progress,Value 7,19.093311162782825,Accepted,Medium,In Progress,Org line A2,A2_1,se,M18 2nd,PROD38,Sweden
10,,,,,,,,,,,,
11,,,,,,,,,,,,
11,Queued-Awaiting Assignment,Value 8,18.542713678204972,Queued,Medium,Awaiting Assignment,Org line C,E_10,se,G260 2nd,PROD425,Sweden
11,,,,,,,,,,,,
11,Queued-Awaiting Assignment,Value 8,18.736836360062657,Queued,Medium,Awaiting Assignment,Org line C,E_10,se,G260 2nd,PROD425,Sweden
11,,,,,,,,,,,,
11,Accepted-Wait,Value 9,19.011280376526354,Accepted,Medium,Wait,Org line C,C_6,se,G152 3rd,PROD425,Sweden
11,,,,,,,,,,,,
11,Accepted-In Progress,Value 10,19.07463324582013,Accepted,Medium,In Progress,Org line C,E_10,se,G150 2nd,PROD425,Sweden
11,,,,,,,,,,,,
12,,,,,,,,,,,,
12,Unmatched-Unmatched,Value 11,18.568466832670847,Unmatched,Low,Unmatched,Org line C,C_6,se,G237 3rd,PROD498,Sweden
12,,,,,,,,,,,,
13,,,,,,,,,,,,
13,Accepted-In Progress,Value 12,18.578841071530125,Accepted,Medium,In Progress,Org line A2,A2_1,pl,W16 3rd,PROD761,POLAND
13,,,,,,,,,,,,
13,Queued-Awaiting Assignment,Value 12,18.711309328670165,Queued,Medium,Awaiting Assignment,Org line A2,A2_1,pl,W16 3rd,PROD761,POLAND
13,,,,,,,,,,,,
13,Accepted-In Progress,Value 12,18.713835143372798,Accepted,Medium,In Progress,Org line A2,A2_1,pl,W15 2nd,PROD761,POLAND
13,,,,,,,,,,,,
13,Accepted-In Progress,Value 12,19.019255523981915,Accepted,Medium,In Progress,Org line A2,A2_1,pl,W15 2nd,PROD761,POLAND
13,,,,,,,,,,,,
13,Completed-Closed,Value 12,19.118096949245516,Completed,Medium,Closed,Org line A2,A2_1,pl,W15 2nd,PROD761,POLAND
14,,,,,,,,,,,,
14,Unmatched-Unmatched,Value 13,18.615196621869988,Unmatched,Low,Unmatched,Org line C,E_3,se,L54 2nd,PROD385,Sweden
14,,,,,,,,,,,,
15,,,,,,,,,,,,
15,Completed-Closed,Value 14,19.07105794014122,Completed,Medium,Closed,Org line V2,,se,T2 2nd,PROD631,Sweden
16,,,,,,,,,,,,
16,Accepted-Assigned,Value 15,18.57449767666368,Accepted,Low,Assigned,Org line C,C_5,se,N1 3rd,PROD476,Sweden
16,,,,,,,,,,,,
17,,,,,,,,,,,,
17,Accepted-Assigned,Value 16,18.648621060371998,Accepted,High,Assigned,Org line A2,D_1,in,L50 3rd,PROD611,Sweden
17,,,,,,,,,,,,
17,Accepted-Assigned,Value 16,18.841438809725144,Accepted,High,Assigned,Org line A2,D_1,in,L50 3rd,PROD611,Sweden
17,,,,,,,,,,,,
17,Accepted-In Progress,Value 17,19.094097891181125,Accepted,High,In Progress,Org line A2,D_1,in,L50 3rd,PROD611,Sweden
17,,Value 18,,,,,,,,,,
17,Accepted-In Progress,Value 19,19.102907983388995,Accepted,High,In Progress,Org line A2,D_1,in,L50 3rd,PROD611,INDIA
17,,,,,,,,,,,,
18,,,,,,,,,,,,
18,Accepted-Wait,Value 3,18.625817509840672,Accepted,Medium,Wait,Org line A2,A2_2,cn,M1 2nd,PROD753,China
18,,,,,,,,,,,,
18,Accepted-In Progress,Value 3,19.06828141724529,Accepted,Medium,In Progress,Org line A2,A2_2,cn,M1 2nd,PROD753,China
18,,,,,,,,,,,,
19,,,,,,,,,,,,
19,Unmatched-Unmatched,Value 20,18.60002173827982,Unmatched,Low,Unmatched,Org line A2,A2_2,se,G357 2nd,PROD46,Sweden
19,,,,,,,,,,,,
19,Accepted-In Progress,Value 21,18.68721314810547,Accepted,Low,In Progress,Org line A2,A2_2,se,G357 2nd,PROD46,POLAND
19,,,,,,,,,,,,
19,Accepted-Assigned,Value 22,18.924549659841215,Accepted,Low,Assigned,Org line A2,A2_2,se,G357 2nd,PROD46,POLAND
19,,,,,,,,,,,,
19,Accepted-Wait,Value 21,19.038424761653417,Accepted,Low,Wait,Org line A2,A2_2,se,G357 2nd,PROD46,POLAND
19,,,,,,,,,,,,
19,Completed-Closed,Value 21,19.09415085453348,Completed,Low,Closed,Org line A2,A2_2,se,G357 2nd,PROD46,POLAND
20,,,,,,,,,,,,
20,Accepted-Wait,Value 20,18.600014408104183,Accepted,Medium,Wait,Org line A2,A2_2,se,G357 2nd,PROD48,Sweden
20,,,,,,,,,,,,
20,Accepted-In Progress,Value 23,18.687212351432724,Accepted,Medium,In Progress,Org line A1,,se,N5 2nd,PROD48,Brazil
20,,,,,,,,,,,,
20,Accepted-Wait,Value 21,18.753335288165026,Accepted,Medium,Wait,Org line A2,A2_2,se,G357 2nd,PROD48,POLAND
20,,,,,,,,,,,,
20,Accepted-Wait,Value 22,19.03616232843563,Accepted,Medium,Wait,Org line A2,A2_2,se,G357 2nd,PROD48,POLAND
20,,,,,,,,,,,,
21,,,,,,,,,,,,
21,Accepted-Assigned,Value 20,18.602305824930003,Accepted,Medium,Assigned,Org line A2,A2_2,se,G357 2nd,PROD44,Sweden
21,,,,,,,,,,,,
21,Accepted-In Progress,Value 21,18.68721280339138,Accepted,Medium,In Progress,Org line A2,A2_2,se,G357 2nd,PROD44,POLAND
21,,,,,,,,,,,,
21,Completed-Closed,Value 21,19.094151043209774,Completed,Medium,Closed,Org line A2,A2_2,se,G357 2nd,PROD44,POLAND
22,,,,,,,,,,,,
22,Accepted-In Progress,Value 24,18.68793253727576,Accepted,Medium,In Progress,Org line A2,A2_2,se,G357 2nd,PROD46,Sweden
22,,,,,,,,,,,,
22,Accepted-Assigned,Value 25,18.74072533262209,Accepted,Medium,Assigned,Org line A2,A2_2,se,G357 2nd,PROD46,POLAND
22,,,,,,,,,,,,
22,Accepted-In Progress,Value 21,19.095461071798333,Accepted,Medium,In Progress,Org line A2,A2_2,se,G357 2nd,PROD46,POLAND
22,,,,,,,,,,,,
23,,,,,,,,,,,,
23,Accepted-In Progress,Value 26,18.62003253458725,Accepted,Medium,In Progress,Org line V2,,se,T12,PROD42,Sweden
23,,,,,,,,,,,,
23,Accepted-In Progress,Value 26,18.917273874581216,Accepted,Medium,In Progress,Org line V2,,se,T12,PROD42,Sweden
23,,,,,,,,,,,,
23,Completed-Closed,Value 26,19.100351093610787,Completed,Medium,Closed,Org line V2,,se,T12,PROD42,Sweden
24,,,,,,,,,,,,
24,Accepted-In Progress,Value 27,18.810814600049696,Accepted,Medium,In Progress,Org line A2,A2_1,be,G42 3rd,PROD787,Belgium
24,,,,,,,,,,,,
24,Accepted-Assigned,Value 29,18.849409418033744,Accepted,Medium,Assigned,Org line A2,A2_1,be,G42 3rd,PROD787,United Kingdom
24,,,,,,,,,,,,
24,Accepted-Wait,Value 30,18.876657967740762,Accepted,Medium,Wait,Org line A2,A2_1,be,G42 3rd,PROD787,United Kingdom
24,,,,,,,,,,C8,,Denmark
24,Queued-Awaiting Assignment,Value 32,18.944333919754435,Queued,Medium,Awaiting Assignment,Org line A2,A2_2,be,G8 2nd,PROD787,Belgium
24,,,,,,,,,,,,
24,Queued-Awaiting Assignment,Value 33,18.993264099793407,Queued,Medium,Awaiting Assignment,Org line A2,A2_4,be,G7 3rd,PROD787,Belgium
24,,,,,,,,,,,,
24,Accepted-In Progress,Value 27,19.02306626399222,Accepted,Medium,In Progress,Org line A2,A2_4,be,G7 3rd,PROD787,Belgium
24,,,,,,,,,,,,
25,,,,,,,,,,,,
25,Queued-Awaiting Assignment,Value 34,18.62430152000816,Queued,Medium,Awaiting Assignment,Org line A2,A2_1,se,N15 2nd,PROD180,Belgium
25,,,,,,,,,,,,
25,Unmatched-Unmatched,Value 34,18.695121447646684,Unmatched,Medium,Unmatched,Org line A2,A2_1,se,N15 2nd,PROD180,Belgium
25,,,,,,,,,,,,
26,,,,,,,,,,,,
26,Accepted-Assigned,Value 31,18.85270331335705,Accepted,Major,Assigned,Org line A2,A2_3,se,G356 2nd,PROD147,Sweden
26,,,,,,,,,,,,
26,Completed-Closed,Value 31,19.100855951091866,Completed,Major,Closed,Org line A2,A2_3,se,G356 2nd,PROD147,Sweden
27,,,,,,,,,,,,
27,Accepted-In Progress,Value 35,19.058280235111926,Accepted,High,In Progress,Org line A2,A2_3,se,M21 3rd,PROD708,Sweden
27,,,,,,,,,,,,
28,,,,,,,,,,,,
28,Accepted-In Progress,Value 1,19.087584067364002,Accepted,Medium,In Progress,Org line A2,A2_2,se,G30 2nd,PROD191,INDIA
28,,,,,,,,,,,,
29,,,,,,,,,,,,
29,Accepted-In Progress,Value 36,19.087153863899736,Accepted,High,In Progress,Org line A2,A2_1,se,L28 2nd,PROD577,Sweden
29,,,,,,,,,,,,
30,,,,,,,,,,,,
30,Unmatched-Unmatched,Value 37,18.639650324357206,Unmatched,Medium,Unmatched,Org line A2,A2_1,se,G345 2nd,PROD541,Sweden
30,,,,,,,,,,,,
31,,,,,,,,,,,,
31,Accepted-In Progress,Value 37,19.068335713362526,Accepted,Low,In Progress,Org line A2,A2_1,se,G345 2nd,PROD541,Sweden
31,,,,,,,,,,,,
32,,,,,,,,,,,,
32,Completed-Closed,Value 38,19.089870518965995,Completed,Medium,Closed,Org line A2,A2_3,se,G354 3rd,PROD708,Sweden
33,,,,,,,,,,,,
33,Accepted-Wait,Value 2,18.664367260209904,Accepted,Medium,Wait,Org line A2,A2_2,cn,M1 2nd,PROD753,Sweden
33,,,,,,,,,,,,
33,Accepted-Wait,Value 2,18.68175962112499,Accepted,Medium,Wait,Org line A2,A2_2,cn,M1 2nd,PROD753,Sweden
33,,,,,,,,,,,,
33,Accepted-In Progress,Value 3,19.068293154791796,Accepted,Medium,In Progress,Org line A2,A2_2,cn,M1 2nd,PROD753,China
33,,,,,,,,,,,,
34,,,,,,,,,,,,
34,Queued-Awaiting Assignment,Value 7,18.656334839045247,Queued,Medium,Awaiting Assignment,Org line C,E_4,gb,G88 2nd,PROD793,Sweden
34,,,,,,,,,,,,
34,Accepted-In Progress,Value 7,19.071411430286116,Accepted,Medium,In Progress,Org line C,E_4,gb,G88 2nd,PROD793,Sweden
34,,,,,,,,,,,,
35,,,,,,,,,,,,
35,Accepted-In Progress,Value 39,19.09952875696175,Accepted,Major,In Progress,Org line A2,A2_3,se,M3 2nd,PROD655,Sweden
35,,,,,,,,,,,,
36,,,,,,,,,,,,
36,Accepted-Assigned,Value 24,18.67248709233185,Accepted,Medium,Assigned,Org line A2,A2_2,se,G357 2nd,PROD46,Sweden
36,,,,,,,,,,,,
36,Accepted-Assigned,Value 40,18.687933685495558,Accepted,Medium,Assigned,Org line A2,A2_2,se,G357 2nd,PROD46,POLAND
36,,,,,,,,,,,,
36,Completed-Closed,Value 40,19.093338482212694,Completed,Medium,Closed,Org line A2,A2_2,se,G357 2nd,PROD46,POLAND
37,,,,,,,,,,,,
37,Accepted-Assigned,Value 41,19.04681490967224,Accepted,Low,Assigned,Org line A2,A2_3,se,G349 3rd,PROD40,Sweden
37,,,,,,,,,,,,
37,Completed-Closed,Value 41,19.094196875195788,Completed,Low,Closed,Org line A2,A2_3,se,G349 3rd,PROD40,Sweden
38,,,,,,,,,,,,
38,Completed-Closed,Value 42,19.080909158709865,Completed,Medium,Closed,Org line A2,A2_2,se,G341 3rd,PROD246,Sweden
39,,,,,,,,,,,,
39,Accepted-In Progress,Value 39,19.099529142434395,Accepted,Major,In Progress,Org line A2,A2_3,se,M3 2nd,PROD655,Sweden
39,,,,,,,,,,,,
40,,,,,,,,,,,,
40,Queued-Awaiting Assignment,Value 43,18.66906884916785,Queued,Medium,Awaiting Assignment,Org line A2,A2_2,us,G21 2nd,PROD98,POLAND
40,,,,,,,,,,,,
40,Accepted-Assigned,Value 43,18.669094902736937,Accepted,Medium,Assigned,Org line A2,A2_2,us,G21 2nd,PROD98,POLAND
40,,,,,,,,,,,,
40,Completed-Closed,Value 43,19.055148477428748,Completed,Medium,Closed,Org line A2,A2_2,us,G21 2nd,PROD98,POLAND
41,,,,,,,,,,,,
41,Accepted-In Progress,Value 3,19.078268666842337,Accepted,Medium,In Progress,Org line A2,A2_2,cn,G4 2nd,PROD753,China
41,,,,,,,,,,,,
42,,,,,,,,,,,,
42,Accepted-In Progress,Value 44,18.675235260805863,Accepted,Low,In Progress,Org line C,C_3,se,G292 3rd,PROD815,Sweden
42,,,,,,,,,,,,
42,Accepted-In Progress,Value 45,18.83524091298419,Accepted,Low,In Progress,Org line C,C_3,se,G292 3rd,PROD815,Sweden
42,,,,,,,,,,,,
43,,,,,,,,,,,,
43,Accepted-In Progress,Value 46,18.677069892918116,Accepted,Medium,In Progress,Org line G3,,us,G199 3rd,PROD98,USA
43,,,,,,,,,,,,
43,Accepted-In Progress,Value 43,19.05243201220282,Accepted,Medium,In Progress,Org line G3,,us,G199 3rd,PROD98,POLAND
43,,,,,,,,,,,,
44,,,,,,,,,,,,
44,Accepted-Wait,Value 24,18.67711902286176,Accepted,Medium,Wait,Org line F,,se,G207 2nd,PROD48,Sweden
44,,,,,,,,,,,,
44,Queued-Awaiting Assignment,Value 20,18.687219996400778,Queued,Medium,Awaiting Assignment,Org line A2,A2_2,se,G357 2nd,PROD48,Sweden
44,,,,,,,,,,,,
44,Accepted-Assigned,Value 43,18.687223091140766,Accepted,Medium,Assigned,Org line A2,A2_2,se,G357 2nd,PROD48,POLAND
44,,,,,,,,,,,,
44,Accepted-Assigned,Value 21,18.924541847652396,Accepted,Medium,Assigned,Org line A2,A2_2,se,G357 2nd,PROD48,POLAND
44,,,,,,,,,,,,
44,Accepted-Wait,Value 22,19.036162382473687,Accepted,Medium,Wait,Org line A2,A2_2,se,G357 2nd,PROD48,POLAND
44,,,,,,,,,,,,
45,,,,,,,,,,,,
45,Accepted-In Progress,Value 2,18.99684912162404,Accepted,Medium,In Progress,Org line A2,A2_2,cn,M1 2nd,PROD753,Sweden
45,,,,,,,,,,,,
45,Completed-Closed,Value 3,19.062820057807457,Completed,Medium,Closed,Org line A2,A2_2,cn,M1 2nd,PROD753,China
46,,,,,,,,,,,,
46,Accepted-In Progress,Value 2,18.99684903169639,Accepted,Medium,In Progress,Org line A2,A2_2,cn,M1 2nd,PROD753,Sweden
46,,,,,,,,,,,,
46,Completed-Closed,Value 3,19.068290831365083,Completed,Medium,Closed,Org line A2,A2_2,cn,M1 2nd,PROD753,China
47,,,,,,,,,,,,
47,Accepted-Wait,Value 20,18.68255425725197,Accepted,Medium,Wait,Org line A2,A2_2,se,G357 2nd,PROD46,Sweden
47,,,,,,,,,,,,
47,Accepted-In Progress,Value 21,18.687213431536968,Accepted,Medium,In Progress,Org line A2,A2_2,se,G357 2nd,PROD46,POLAND
47,,,,,,,,,,,,
47,Accepted-Assigned,Value 22,19.038424470507298,Accepted,Medium,Assigned,Org line A2,A2_2,se,G357 2nd,PROD46,POLAND
47,,,,,,,,,,,,
47,Completed-Closed,Value 22,19.062371248357632,Completed,Medium,Closed,Org line A2,A2_2,se,G357 2nd,PROD46,POLAND
48,,,,,,,,,,,,
48,Queued-Awaiting Assignment,Value 46,18.68456214160647,Queued,Low,Awaiting Assignment,Org line G3,,us,G199 3rd,PROD96,USA
48,,,,,,,,,,,,
48,Accepted-In Progress,Value 47,18.684683119828595,Accepted,Low,In Progress,Org line A2,A2_2,us,G21 2nd,PROD96,Sweden
48,,,,,,,,,,,,
48,Accepted-In Progress,Value 47,18.684683672768077,Accepted,Low,In Progress,Org line A2,A2_2,us,G21 2nd,PROD96,Sweden
48,,,,,,,,,,,,
48,Accepted-Assigned,Value 46,18.684684778646126,Accepted,Low,Assigned,Org line G3,,us,G199 3rd,PROD96,USA
48,,,,,,,,,,,,
48,Completed-Closed,Value 43,19.062391177730696,Completed,Low,Closed,Org line G3,,us,G199 3rd,PROD96,POLAND
49,,,,,,,,,,,,
49,Queued-Awaiting Assignment,Value 46,18.686366348197836,Queued,Medium,Awaiting Assignment,Org line G3,,us,G199 3rd,PROD98,USA
49,,,,,,,,,,,,
49,Accepted-Assigned,Value 46,18.68650266230067,Accepted,Medium,Assigned,Org line G3,,us,G199 3rd,PROD98,USA
49,,,,,,,,,,,,
49,Completed-Closed,Value 43,19.067428111176643,Completed,Medium,Closed,Org line G3,,us,G199 3rd,PROD98,POLAND
50,,,,,,,,,,,,
50,Accepted-Wait,Value 15,18.811954266187275,Accepted,Low,Wait,Org line G4,,se,S28 2nd,PROD633,Sweden
50,,,,,,,,,,,,
51,,,,,,,,,,,,
51,Unmatched-Unmatched,Value 39,18.693205987306037,Unmatched,Medium,Unmatched,Org line G4,,se,S30 2nd,PROD410,Sweden
51,,,,,,,,,,,,
51,Accepted-Wait,Value 39,18.791961563866924,Accepted,Medium,Wait,Org line G4,,se,S30 2nd,PROD410,Sweden
51,,,,,,,,,,,,
51,Completed-Closed,Value 48,19.061442549811545,Completed,Medium,Closed,Org line G4,,se,S30 2nd,PROD410,Sweden
52,,,,,,,,,,,,
52,Accepted-Wait,Value 21,18.691054317332693,Accepted,Medium,Wait,Org line A2,A2_2,se,G357 2nd,PROD740,POLAND
52,,,,,,,,,,,,
53,,,,,,,,,,,,
53,Accepted-Assigned,Value 22,18.92454942420764,Accepted,Medium,Assigned,Org line A2,A2_2,se,G357 2nd,PROD47,POLAND
53,,,,,,,,,,,,
53,Accepted-Wait,Value 21,19.038424659213124,Accepted,Medium,Wait,Org line A2,A2_2,se,G357 2nd,PROD47,POLAND
53,,,,,,,,,,,,
54,,,,,,,,,,,,
54,Completed-Closed,Value 49,19.087622758840048,Completed,Medium,Closed,Org line V2,,se,T2 2nd,PROD451,Sweden
55,,,,,,,,,,,,
55,Accepted-In Progress,Value 2,18.693163101285492,Accepted,High,In Progress,Org line A2,A2_2,cn,M1 2nd,PROD753,Sweden
55,,,,,,,,,,,,
55,Accepted-In Progress,Value 50,18.693164205440834,Accepted,High,In Progress,Org line A2,A2_2,cn,G4 2nd,PROD753,POLAND
55,,,,,,,,,,,,
55,Accepted-In Progress,Value 50,18.69316441104204,Accepted,High,In Progress,Org line A2,A2_2,cn,M1 2nd,PROD753,POLAND
55,,,,,,,,,,,,
55,Accepted-In Progress,Value 2,18.998490813267512,Accepted,High,In Progress,Org line A2,A2_2,cn,M1 2nd,PROD753,Sweden
55,,,,,,,,,,,,
55,Completed-Closed,Value 3,19.06281521181067,Completed,High,Closed,Org line A2,A2_2,cn,M1 2nd,PROD753,China
56,,Value 51,,,,,,,,,,
56,Queued-Awaiting Assignment,Value 2,18.797283410303734,Queued,Medium,Awaiting Assignment,Org line A2,A2_2,se,G167 2nd,PROD681,Sweden
56,,,,,,,,,,,,
56,Accepted-Assigned,Value 4,19.032034304051884,Accepted,Medium,Assigned,Org line A2,A2_2,se,G167 2nd,PROD681,Sweden
56,,,,,,,,,,,,
56,Accepted-In Progress,Value 44,19.084438201626046,Accepted,Medium,In Progress,Org line F,,se,N10 2nd,PROD681,Sweden
56,,,,,,,,,,,,
57,,,,,,,,,,,,
57,Accepted-Wait,Value 52,18.715939421306615,Accepted,Medium,Wait,Org line A2,D_1,in,L50 3rd,PROD611,Sweden
57,,,,,,,,,,,,
57,Completed-Closed,Value 52,19.077380135648454,Completed,Medium,Closed,Org line A2,D_1,in,L50 3rd,PROD611,Sweden
58,,,,,,,,,,,,
58,Accepted-Wait,Value 40,18.75424297203137,Accepted,Medium,Wait,Org line A2,A2_2,se,G357 2nd,PROD740,POLAND
58,,,,,,,,,,,,
59,,,,,,,,,,,,
59,Accepted-In Progress,Value 53,19.089390902880787,Accepted,Medium,In Progress,Org line C,E_3,us,G67 2nd,PROD151,France
59,,,,,,,,,,,,
60,,,,,,,,,,,,
60,Completed-Closed,Value 38,19.08987133324178,Completed,Medium,Closed,Org line A2,A2_3,se,G354 3rd,PROD708,Sweden
61,,,,,,,,,,,,
61,Accepted-In Progress,Value 50,18.702981518156097,Accepted,Low,In Progress,Org line A2,A2_2,cn,G4 2nd,PROD753,POLAND
61,,,,,,,,,,,,
61,Accepted-In Progress,Value 2,18.99849085815758,Accepted,Low,In Progress,Org line A2,A2_2,cn,M1 2nd,PROD753,Sweden
61,,,,,,,,,,,,
61,Completed-Closed,Value 3,19.070856741932698,Completed,Low,Closed,Org line A2,A2_2,cn,M1 2nd,PROD753,China
62,,,,,,,,,,,,
62,Queued-Awaiting Assignment,Value 46,18.704814862352166,Queued,Medium,Awaiting Assignment,Org line G3,,us,G199 3rd,PROD98,USA
62,,,,,,,,,,,,
62,Accepted-Assigned,Value 46,18.704864281160347,Accepted,Medium,Assigned,Org line G3,,us,G199 3rd,PROD98,USA
62,,,,,,,,,,,,
62,Completed-Closed,Value 43,19.062393883378295,Completed,Medium,Closed,Org line G3,,us,G199 3rd,PROD98,POLAND
63,,,,,,,,,,,,
63,Accepted-In Progress,Value 55,18.70611438307133,Accepted,Major,In Progress,Org line C,C_5,fr,L65 3rd,PROD808,France
63,,,,,,,,,,,,
63,Accepted-In Progress,Value 55,18.706115337714916,Accepted,Major,In Progress,Org line C,C_5,fr,L65 3rd,PROD808,France
63,,,,,,,,,,,,
63,Accepted-In Progress,Value 55,18.822593871238993,Accepted,Major,In Progress,Org line C,V3_3,fr,V42 2nd,PROD808,France
63,,,,,,,,,,,,
64,,,,,,,,,,,,
64,Accepted-In Progress,Value 41,19.094193147728447,Accepted,Medium,In Progress,Org line A2,A2_3,se,G349 3rd,PROD40,Sweden
64,,,,,,,,,,,,
64,Completed-Closed,Value 41,19.094195003815152,Completed,Medium,Closed,Org line A2,A2_3,se,G349 3rd,PROD40,Sweden
65,,,,,,,,,,,,
65,Accepted-In Progress,Value 56,18.706848805868386,Accepted,Medium,In Progress,Org line A2,A2_2,us,G21 2nd,PROD98,Sweden
65,,,,,,,,,,,,
65,Accepted-In Progress,Value 54,18.706970505088428,Accepted,Medium,In Progress,Org line G3,,us,G199 3rd,PROD98,Sweden
65,,,,,,,,,,,,
65,Accepted-In Progress,Value 43,19.062394988796417,Accepted,Medium,In Progress,Org line G3,,us,G199 3rd,PROD98,POLAND
65,,,,,,,,,,,,
66,,,,,,,,,,,,
66,Accepted-Assigned,Value 57,18.709963741739056,Accepted,High,Assigned,Org line G4,,se,G51 2nd,PROD798,Sweden
66,,,,,,,,,,,,
66,Accepted-In Progress,Value 59,18.724106769886028,Accepted,High,In Progress,Org line G4,,se,G51 2nd,PROD798,Sweden
66,,,,,,,,,,,,
66,Completed-Closed,Value 59,19.068331333571095,Completed,High,Closed,Org line G4,,se,G51 2nd,PROD798,Sweden
67,,,,,,,,,,,,
67,Unmatched-Unmatched,Value 60,18.710564742883722,Unmatched,Low,Unmatched,Org line G4,,se,S30 2nd,PROD412,Sweden
67,,,,,,,,,,,,
67,Completed-Closed,Value 60,19.077380929045056,Completed,Low,Closed,Org line G4,,se,S30 2nd,PROD412,Sweden
68,,,,,,,,,,,,
68,Queued-Awaiting Assignment,Value 46,18.711309201545284,Queued,Medium,Awaiting Assignment,Org line G3,,us,G199 3rd,PROD96,USA
68,,,,,,,,,,,,
68,Accepted-Assigned,Value 46,18.71150876022957,Accepted,Medium,Assigned,Org line G3,,us,G199 3rd,PROD96,USA
68,,,,,,,,,,,,
68,Completed-Closed,Value 43,19.055675215936905,Completed,Medium,Closed,Org line G3,,us,G199 3rd,PROD96,POLAND
69,,,,,,,,,,,,
69,Accepted-In Progress,Value 39,19.099529411250757,Accepted,Major,In Progress,Org line A2,A2_3,se,M3 2nd,PROD655,Sweden
69,,,,,,,,,,,,
70,,,,,,,,,,,,
70,Queued-Awaiting Assignment,Value 46,18.71414925512972,Queued,Low,Awaiting Assignment,Org line G3,,us,G199 3rd,PROD96,USA
70,,,,,,,,,,,,
70,Accepted-Assigned,Value 46,18.714609438075318,Accepted,Low,Assigned,Org line G3,,us,G199 3rd,PROD96,USA
70,,,,,,,,,,,,
70,Completed-Closed,Value 43,19.067432034030716,Completed,Low,Closed,Org line G3,,us,G199 3rd,PROD96,POLAND
71,,,,,,,,,,,,
71,Queued-Awaiting Assignment,Value 46,18.714469798272138,Queued,Medium,Awaiting Assignment,Org line G3,,us,G199 3rd,PROD98,USA
71,,,,,,,,,,,,
71,Accepted-Assigned,Value 46,18.71461050389613,Accepted,Medium,Assigned,Org line G3,,us,G199 3rd,PROD98,USA
71,,,,,,,,,,,,
71,Completed-Closed,Value 43,19.05785934959203,Completed,Medium,Closed,Org line G3,,us,G199 3rd,PROD98,POLAND
72,,,,,,,,,,,,
72,Accepted-In Progress,Value 61,18.71852024709779,Accepted,High,In Progress,Org line G4,,se,S29 2nd,PROD368,Sweden
72,,,,,,,,,,,,
72,Accepted-Wait,Value 62,18.86049259129219,Accepted,High,Wait,Org line G4,,se,S29 2nd,PROD368,Sweden
72,,,,,,,,,,,,
72,Accepted-Assigned,Value 64,18.964027569949938,Accepted,High,Assigned,Org line A2,A2_3,se,S35 2nd,PROD368,Sweden
72,,,,,,,,,,,,
72,Accepted-Assigned,Value 13,19.021980308110358,Accepted,High,Assigned,Org line A2,A2_3,se,S35 2nd,PROD368,Sweden
72,,,,,,,,,,,,
72,Completed-Closed,Value 13,19.05926264089624,Completed,High,Closed,Org line A2,A2_3,se,S35 2nd,PROD368,Sweden
73,,,,,,,,,,,,
73,Accepted-In Progress,Value 61,18.71852067770158,Accepted,Medium,In Progress,Org line G4,,se,S29 2nd,PROD368,Sweden
73,,,,,,,,,,,,
73,Accepted-Wait,Value 62,18.78848254418848,Accepted,Medium,Wait,Org line G4,,se,S29 2nd,PROD368,Sweden
73,,,,,,,,,,,,
73,Accepted-Wait,Value 62,18.964027279549317,Accepted,Medium,Wait,Org line A2,A2_3,se,S35 2nd,PROD368,Sweden
73,,,,,,,,,,,,
74,,,,,,,,,,,,
74,Queued-Awaiting Assignment,Value 46,18.715168763315,Queued,Medium,Awaiting Assignment,Org line G3,,us,G199 3rd,PROD98,USA
74,,,,,,,,,,,,
74,Queued-Awaiting Assignment,Value 46,18.715171713165617,Queued,Medium,Awaiting Assignment,Org line G3,,us,G199 3rd,PROD98,USA
74,,,,,,,,,,,,
74,Accepted-Assigned,Value 46,18.715392852691416,Accepted,Medium,Assigned,Org line G3,,us,G199 3rd,PROD98,USA
74,,,,,,,,,,,,
74,Completed-Closed,Value 43,19.067458158065634,Completed,Medium,Closed,Org line G3,,us,G199 3rd,PROD98,POLAND
75,,,,,,,,,,,,
75,Accepted-In Progress,Value 65,19.057967823381908,Accepted,Medium,In Progress,Org line C,C_5,se,G120 3rd,PROD607,Sweden
75,,,,,,,,,,,,
75,Completed-Closed,Value 45,19.07464306831616,Completed,Medium,Closed,Org line C,C_5,se,G120 3rd,PROD607,Sweden
76,,,,,,,,,,,,
76,Queued-Awaiting Assignment,Value 46,18.71664027601587,Queued,Low,Awaiting Assignment,Org line G3,,us,G199 3rd,PROD95,USA
76,,,,,,,,,,,,
76,Accepted-Assigned,Value 46,18.71682780458284,Accepted,Low,Assigned,Org line G3,,us,G199 3rd,PROD95,USA
76,,,,,,,,,,,,
76,Completed-Closed,Value 43,19.06743256301253,Completed,Low,Closed,Org line G3,,us,G199 3rd,PROD95,POLAND
77,,,,,,,,,,,,
77,Queued-Awaiting Assignment,Value 66,18.71836402962615,Queued,Medium,Awaiting Assignment,Org line B,E_10,in,G230 2nd,PROD262,France
77,,Value 67,,,,,,,,,,
77,Queued-Awaiting Assignment,Value 68,18.738839449737025,Queued,Medium,Awaiting Assignment,Org line F,V8_1,in,!DO NOT USE!,PROD262,Sweden
77,,,,,,,,,,,,
77,Accepted-In Progress,Value 70,18.99499876248149,Accepted,Medium,In Progress,Org line B,E_10,in,G230 2nd,PROD262,INDIA
77,,,,,,,,,,,,
77,Accepted-In Progress,Value 71,18.995199477846725,Accepted,Medium,In Progress,Org line B,E_10,in,G230 2nd,PROD262,INDIA
77,,,,,,,,,,,,
77,Accepted-Wait,Value 70,19.035160620537308,Accepted,Medium,Wait,Org line B,E_10,in,G230 2nd,PROD262,INDIA
77,,,,,,,,,,,,
77,Completed-Closed,Value 70,19.0810133783837,Completed,Medium,Closed,Org line B,E_10,in,G230 2nd,PROD262,INDIA
78,,,,,,,,,,,,
78,Queued-Awaiting Assignment,Value 46,18.71912168663787,Queued,Medium,Awaiting Assignment,Org line G3,,us,G199 3rd,PROD97,USA
78,,,,,,,,,,,,
78,Accepted-Assigned,Value 46,18.719163406971184,Accepted,Medium,Assigned,Org line G3,,us,G199 3rd,PROD97,USA
78,,,,,,,,,,,,
78,Accepted-In Progress,Value 54,18.918330589116756,Accepted,Medium,In Progress,Org line A2,A2_2,us,G21 2nd,PROD97,Sweden
78,,,,,,,,,,,,
78,Accepted-Wait,Value 73,18.918398605119705,Accepted,Medium,Wait,Org line A2,A2_2,us,G21 2nd,PROD97,INDIA
78,,,,,,,,,,,,
78,Accepted-In Progress,Value 74,18.958486410923896,Accepted,Medium,In Progress,Org line G3,,us,G199 3rd,PROD97,Sweden
78,,,,,,,,,,,,
78,Accepted-In Progress,Value 43,19.06780396486892,Accepted,Medium,In Progress,Org line G3,,us,G199 3rd,PROD97,POLAND
78,,,,,,,,,,,,
79,,,,,,,,,,,,
79,Queued-Awaiting Assignment,Value 46,18.720420158622304,Queued,Medium,Awaiting Assignment,Org line G3,,us,G199 3rd,PROD97,USA
79,,,,,,,,,,,,
79,Accepted-Assigned,Value 46,18.72053366029048,Accepted,Medium,Assigned,Org line G3,,us,G199 3rd,PROD97,USA
79,,,,,,,,,,,,
79,Completed-Closed,Value 43,19.067825801890535,Completed,Medium,Closed,Org line G3,,us,G199 3rd,PROD97,POLAND
80,,,,,,,,,,,,
80,Queued-Awaiting Assignment,Value 46,18.722993954867604,Queued,Medium,Awaiting Assignment,Org line G3,,us,G199 3rd,PROD97,USA
80,,,,,,,,,,,,
80,Accepted-Assigned,Value 46,18.723086117205117,Accepted,Medium,Assigned,Org line G3,,us,G199 3rd,PROD97,USA
80,,,,,,,,,,,,
80,Completed-Closed,Value 43,19.056121017336213,Completed,Medium,Closed,Org line G3,,us,G199 3rd,PROD97,POLAND
81,,,,,,,,,,,,
81,Accepted-In Progress,Value 46,18.723632080578785,Accepted,Medium,In Progress,Org line G3,,us,G199 3rd,PROD97,USA
81,,,,,,,,,,,,
81,Accepted-Assigned,Value 46,18.724869687775925,Accepted,Medium,Assigned,Org line G3,,us,G199 3rd,PROD97,USA
81,,,,,,,,,,,,
81,Completed-Closed,Value 43,19.06896610901763,Completed,Medium,Closed,Org line G3,,us,G199 3rd,PROD97,POLAND
82,,,,,,,,,,,,
82,Queued-Awaiting Assignment,Value 55,18.724712835891776,Queued,Major,Awaiting Assignment,Org line C,V3_3,fr,V42 2nd,PROD793,France
82,,,,,,,,,,,,
82,Accepted-In Progress,Value 55,18.84158505843405,Accepted,Major,In Progress,Org line C,V3_3,fr,V42 2nd,PROD793,France
82,,,,,,,,,,,,
82,Accepted-In Progress,Value 75,19.105690157522318,Accepted,Major,In Progress,Org line C,V3_3,fr,V42 2nd,PROD793,France
82,,,,,,,,,,,,
83,,,,,,,,,,,,
83,Queued-Awaiting Assignment,Value 46,18.724862236761364,Queued,High,Awaiting Assignment,Org line G3,,se,G199 3rd,PROD632,USA
83,,,,,,,,,,,,
83,Accepted-Assigned,Value 46,18.724871355025048,Accepted,High,Assigned,Org line G3,,se,G199 3rd,PROD632,USA
83,,,,,,,,,,,,
83,Accepted-In Progress,Value 76,18.986817685726624,Accepted,High,In Progress,Org line C,E_6,se,G48 2nd,PROD632,Sweden
83,,,,,,,,,,,,
83,Completed-Closed,Value 76,19.05559756104548,Completed,High,Closed,Org line C,E_6,se,G48 2nd,PROD632,Sweden
84,,,,,,,,,,,,
84,Queued-Awaiting Assignment,Value 46,18.72813320788664,Queued,Medium,Awaiting Assignment,Org line G3,,us,G199 3rd,PROD97,USA
84,,,,,,,,,,,,
84,Accepted-Assigned,Value 46,18.728135185889624,Accepted,Medium,Assigned,Org line G3,,us,G199 3rd,PROD97,USA
84,,,,,,,,,,,,
84,Completed-Closed,Value 43,19.06194546186238,Completed,Medium,Closed,Org line G3,,us,G199 3rd,PROD97,POLAND
85,,,,,,,,,,,,
85,Completed-Closed,Value 38,19.08987162003058,Completed,Medium,Closed,Org line A2,A2_3,se,G354 3rd,PROD708,Sweden
86,,,,,,,,,,,,
86,Queued-Awaiting Assignment,Value 46,18.728663062514602,Queued,Medium,Awaiting Assignment,Org line G3,,us,G199 3rd,PROD96,USA
86,,,,,,,,,,,,
86,Accepted-Assigned,Value 46,18.728709332530684,Accepted,Medium,Assigned,Org line G3,,us,G199 3rd,PROD96,USA
86,,,,,,,,,,,,
86,Completed-Closed,Value 43,19.06962558765048,Completed,Medium,Closed,Org line G3,,us,G199 3rd,PROD96,POLAND
87,,,,,,,,,,,,
87,Unmatched-Unmatched,Value 77,18.72939497428242,Unmatched,Low,Unmatched,Org line C,C_6,se,G250 3rd,PROD660,Sweden
87,,,,,,,,,,,,
87,Accepted-In Progress,Value 77,18.820718999966726,Accepted,Low,In Progress,Org line C,C_6,se,G250 3rd,PROD660,Sweden
87,,,,,,,,,,,,
87,Accepted-Assigned,Value 2,18.82945808057033,Accepted,Low,Assigned,Org line C,C_6,se,G250 3rd,PROD660,Sweden
87,,,,,,,,,,,,
87,Completed-Closed,Value 2,19.06744337303507,Completed,Low,Closed,Org line C,C_6,se,G250 3rd,PROD660,Sweden
88,,,,,,,,,,,,
88,Queued-Awaiting Assignment,Value 46,18.73181396357317,Queued,Medium,Awaiting Assignment,Org line G3,,se,G199 3rd,PROD97,USA
88,,,,,,,,,,,,
88,Accepted-Assigned,Value 46,18.731996324438796,Accepted,Medium,Assigned,Org line G3,,se,G199 3rd,PROD97,USA
88,,,,,,,,,,,,
88,Accepted-In Progress,Value 78,19.059729916379236,Accepted,Medium,In Progress,Org line G3,,se,G199 3rd,PROD97,Sweden
88,,,,,,,,,,,,
88,Accepted-In Progress,Value 78,19.059730021938034,Accepted,Medium,In Progress,Org line A2,A2_2,se,G21 2nd,PROD97,Sweden
88,,,,,,,,,,,,
88,Accepted-Wait,Value 79,19.062391230369823,Accepted,Medium,Wait,Org line A2,A2_2,se,G21 2nd,PROD97,Sweden
88,,,,,,,,,,,,
89,,,,,,,,,,,,
89,Queued-Awaiting Assignment,Value 46,18.731825597451873,Queued,Medium,Awaiting Assignment,Org line G3,,us,G199 3rd,PROD97,USA
89,,,,,,,,,,,,
89,Accepted-Assigned,Value 46,18.731998741628725,Accepted,Medium,Assigned,Org line G3,,us,G199 3rd,PROD97,USA
89,,,,,,,,,,,,
89,Completed-Closed,Value 43,19.06962118737484,Completed,Medium,Closed,Org line G3,,us,G199 3rd,PROD97,POLAND
90,,,,,,,,,,,,
90,Queued-Awaiting Assignment,Value 46,18.732487216372785,Queued,Medium,Awaiting Assignment,Org line G3,,us,G199 3rd,PROD97,USA
90,,,,,,,,,,,,
90,Accepted-Assigned,Value 46,18.732650488480587,Accepted,Medium,Assigned,Org line G3,,us,G199 3rd,PROD97,USA
90,,,,,,,,,,,,
90,Completed-Closed,Value 43,19.067835398301835,Completed,Medium,Closed,Org line G3,,us,G199 3rd,PROD97,POLAND
91,,,,,,,,,,,,
91,Accepted-In Progress,Value 46,18.732957165630246,Accepted,Medium,In Progress,Org line G3,,us,G199 3rd,PROD98,USA
91,,,,,,,,,,,,
91,Queued-Awaiting Assignment,Value 46,18.732957824231327,Queued,Medium,Awaiting Assignment,Org line G3,,us,G199 3rd,PROD98,USA
91,,,,,,,,,,,,
91,Accepted-Assigned,Value 46,18.73327344912884,Accepted,Medium,Assigned,Org line G3,,us,G199 3rd,PROD98,USA
91,,,,,,,,,,,,
91,Completed-Closed,Value 43,19.067468449323446,Completed,Medium,Closed,Org line G3,,us,G199 3rd,PROD98,POLAND
92,,,,,,,,,,,,
92,Queued-Awaiting Assignment,Value 46,18.73306200946067,Queued,Medium,Awaiting Assignment,Org line G3,,us,G199 3rd,PROD98,USA
92,,,,,,,,,,,,
92,Accepted-Assigned,Value 46,18.733274634235585,Accepted,Medium,Assigned,Org line G3,,us,G199 3rd,PROD98,USA
92,,,,,,,,,,,,
92,Completed-Closed,Value 43,19.069148761087863,Completed,Medium,Closed,Org line G3,,us,G199 3rd,PROD98,POLAND
93,,,,,,,,,,,,
93,Queued-Awaiting Assignment,Value 46,18.73369542659138,Queued,Medium,Awaiting Assignment,Org line G3,,us,G199 3rd,PROD98,USA
93,,,,,,,,,,,,
93,Accepted-Assigned,Value 46,18.734030782450947,Accepted,Medium,Assigned,Org line G3,,us,G199 3rd,PROD98,USA
93,,,,,,,,,,,,
93,Completed-Closed,Value 43,19.06914929961926,Completed,Medium,Closed,Org line G3,,us,G199 3rd,PROD98,POLAND
94,,,,,,,,,,,,
94,Queued-Awaiting Assignment,Value 46,18.734195512998042,Queued,Medium,Awaiting Assignment,Org line G3,,us,G199 3rd,PROD98,USA
94,,,,,,,,,,,,
94,Accepted-Assigned,Value 46,18.73433288586966,Accepted,Medium,Assigned,Org line G3,,us,G199 3rd,PROD98,USA
94,,,,,,,,,,,,
94,Completed-Closed,Value 43,19.067437475721366,Completed,Medium,Closed,Org line G3,,us,G199 3rd,PROD98,POLAND
95,,,,,,,,,,,,
95,Queued-Awaiting Assignment,Value 46,18.73425049510627,Queued,Medium,Awaiting Assignment,Org line G3,,us,G199 3rd,PROD98,USA
95,,,,,,,,,,,,
95,Accepted-Assigned,Value 46,18.73433467626237,Accepted,Medium,Assigned,Org line G3,,us,G199 3rd,PROD98,USA
95,,,,,,,,,,,,
95,Completed-Closed,Value 43,19.069618605731424,Completed,Medium,Closed,Org line G3,,us,G199 3rd,PROD98,POLAND
96,,,,,,,,,,,,
96,Queued-Awaiting Assignment,Value 80,18.754206737515908,Queued,Major,Awaiting Assignment,Org line A2,A2_3,se,G356 2nd,PROD745,Sweden
96,,,,,,,,,,,,
96,Accepted-Wait,Value 31,18.754323789326506,Accepted,Major,Wait,Org line A2,A2_3,se,G356 2nd,PROD745,Sweden
96,,,,,,,,,,,,
96,Completed-Closed,Value 31,19.105588896744386,Completed,Major,Closed,Org line A2,A2_3,se,G356 2nd,PROD745,Sweden
97,,,,,,,,,,,,
97,Queued-Awaiting Assignment,Value 46,18.73812466356466,Queued,Medium,Awaiting Assignment,Org line G3,,us,G199 3rd,PROD97,USA
97,,,,,,,,,,,,
97,Accepted-Assigned,Value 46,18.73841965237329,Accepted,Medium,Assigned,Org line G3,,us,G199 3rd,PROD97,USA
97,,,,,,,,,,,,
97,Completed-Closed,Value 43,19.069149869521098,Completed,Medium,Closed,Org line G3,,us,G199 3rd,PROD97,POLAND
98,,,,,,,,,,,,
98,Accepted-In Progress,Value 77,18.738695629701446,Accepted,Low,In Progress,Org line C,E_10,in,G140 2nd,PROD660,Sweden
98,,,,,,,,,,,,
98,Queued-Awaiting Assignment,Value 82,18.7406906599505,Queued,Low,Awaiting Assignment,Org line C,E_7,in,G135 2nd,PROD660,Sweden
98,,,,,,,,,,,,
98,Accepted-Assigned,Value 84,19.025947182461636,Accepted,Low,Assigned,Org line C,E_7,in,G162 2nd,PROD660,Sweden
98,,,,,,,,,,,,
98,Completed-Closed,Value 84,19.068360296351983,Completed,Low,Closed,Org line C,E_7,in,G162 2nd,PROD660,Sweden
99,,,,,,,,,,,,
99,Queued-Awaiting Assignment,Value 46,18.740664162683828,Queued,Medium,Awaiting Assignment,Org line G3,,us,G199 3rd,PROD96,USA
99,,,,,,,,,,,,
99,Accepted-Assigned,Value 46,18.74099907017795,Accepted,Medium,Assigned,Org line G3,,us,G199 3rd,PROD96,USA
99,,,,,,,,,,,,
99,Completed-Closed,Value 43,19.06917467300758,Completed,Medium,Closed,Org line G3,,us,G199 3rd,PROD96,POLAND
100,,,,,,,,,,,,
100,Queued-Awaiting Assignment,Value 46,18.740736667238913,Queued,Medium,Awaiting Assignment,Org line G3,,us,G199 3rd,PROD97,USA
100,,,,,,,,,,,,
100,Accepted-Assigned,Value 46,18.740997727228894,Accepted,Medium,Assigned,Org line G3,,us,G199 3rd,PROD97,USA
100,,,,,,,,,,,,
100,Completed-Closed,Value 43,19.069357433357006,Completed,Medium,Closed,Org line G3,,us,G199 3rd,PROD97,POLAND
101,,,,,,,,,,,,
101,Accepted-Wait,Value 85,18.741241257881033,Accepted,Medium,Wait,Org line C,E_10,se,G276 2nd,PROD698,0
101,,,,,,,,,,,,
101,Queued-Awaiting Assignment,Value 86,19.03617913413088,Queued,Medium,Awaiting Assignment,Org line C,E_10,se,G276 2nd,PROD698,Sweden
101,,,,,,,,,,,,
101,Queued-Awaiting Assignment,Value 88,19.03618157120343,Queued,Medium,Awaiting Assignment,Org line C,C_6,se,G278 3rd,PROD698,Sweden
101,,,,,,,,,,,,
101,Completed-Closed,Value 89,19.09115510776031,Completed,Medium,Closed,Org line C,C_6,se,G278 3rd,PROD698,Sweden
102,,,,,,,,,,,,
102,Queued-Awaiting Assignment,Value 46,18.741259822192514,Queued,Medium,Awaiting Assignment,Org line G3,,us,G199 3rd,PROD96,USA
102,,,,,,,,,,,,
102,Accepted-Assigned,Value 46,18.74127011297199,Accepted,Medium,Assigned,Org line G3,,us,G199 3rd,PROD96,USA
102,,,,,,,,,,,,
102,Completed-Closed,Value 43,19.069617968158543,Completed,Medium,Closed,Org line G3,,us,G199 3rd,PROD96,POLAND
103,,,,,,,,,,,,
103,Completed-Closed,Value 48,19.061111170117684,Completed,Medium,Closed,Org line G4,,se,S30 2nd,PROD410,Sweden
104,,,,,,,,,,,,
104,Accepted-In Progress,Value 60,18.993727429369855,Accepted,High,In Progress,Org line G4,,se,S30 2nd,PROD412,Sweden
104,,,,,,,,,,,,
105,,,,,,,,,,,,
105,Queued-Awaiting Assignment,Value 46,18.745614250453382,Queued,Medium,Awaiting Assignment,Org line G3,,us,G199 3rd,PROD96,USA
105,,,,,,,,,,,,
105,Accepted-Assigned,Value 46,18.74573781043845,Accepted,Medium,Assigned,Org line G3,,us,G199 3rd,PROD96,USA
105,,,,,,,,,,,,
105,Accepted-Wait,Value 54,18.752020797709626,Accepted,Medium,Wait,Org line A2,A2_2,us,G21 2nd,PROD96,Sweden
105,,,,,,,,,,,,
105,Queued-Awaiting Assignment,Value 46,18.754448054127728,Queued,Medium,Awaiting Assignment,Org line G3,,us,G199 3rd,PROD96,USA
105,,,,,,,,,,,,
105,Accepted-In Progress,Value 54,18.75451183868406,Accepted,Medium,In Progress,Org line G3,,us,G199 3rd,PROD96,Sweden
105,,,,,,,,,,,,
105,Accepted-In Progress,Value 43,19.068979407335686,Accepted,Medium,In Progress,Org line G3,,us,G199 3rd,PROD96,POLAND
105,,,,,,,,,,,,
106,,,,,,,,,,,,
106,Queued-Awaiting Assignment,Value 46,18.74615838952762,Queued,Medium,Awaiting Assignment,Org line G3,,us,G199 3rd,PROD96,USA
106,,,,,,,,,,,,
106,Accepted-Assigned,Value 46,18.74623971839367,Accepted,Medium,Assigned,Org line G3,,us,G199 3rd,PROD96,USA
106,,,,,,,,,,,,
106,Completed-Closed,Value 43,19.067833717758553,Completed,Medium,Closed,Org line G3,,us,G199 3rd,PROD96,POLAND
107,,,,,,,,,,,,
107,Queued-Awaiting Assignment,Value 46,18.746308722143326,Queued,Medium,Awaiting Assignment,Org line G3,,us,G199 3rd,PROD96,USA
107,,,,,,,,,,,,
107,Accepted-Assigned,Value 46,18.746316910426295,Accepted,Medium,Assigned,Org line G3,,us,G199 3rd,PROD96,USA
107,,,,,,,,,,,,
107,Completed-Closed,Value 43,19.069628514188878,Completed,Medium,Closed,Org line G3,,us,G199 3rd,PROD96,POLAND
108,,,,,,,,,,,,
108,Accepted-In Progress,Value 77,18.758615275185196,Accepted,High,In Progress,Org line C,E_7,se,G153 2nd,PROD153,Sweden
108,,,,,,,,,,,,
108,Accepted-Assigned,Value 92,18.759864201889243,Accepted,High,Assigned,Org line C,E_7,se,G153 2nd,PROD153,Sweden
108,,,,,,,,,,,,
108,Accepted-In Progress,Value 77,18.76902317169978,Accepted,High,In Progress,Org line C,E_7,se,G134 2nd,PROD153,Sweden
108,,,,,,,,,,,,
108,Accepted-In Progress,Value 77,18.84089484889714,Accepted,High,In Progress,Org line C,E_7,se,G134 2nd,PROD153,Sweden
108,,,,,,,,,,,,
108,Accepted-In Progress,Value 8,18.849876577795786,Accepted,High,In Progress,Org line C,C_4,se,G155 3rd,PROD153,Sweden
108,,,,,,,,,,,,
108,Accepted-In Progress,Value 8,18.85000053319657,Accepted,High,In Progress,Org line C,C_4,se,G155 3rd,PROD153,Sweden
108,,,,,,,,,,,,
108,Accepted-In Progress,Value 8,18.85000568872097,Accepted,High,In Progress,Org line C,C_4,se,G155 3rd,PROD153,Sweden
108,,,,,,,,,,,,
108,Accepted-In Progress,Value 13,19.079938934826693,Accepted,High,In Progress,Org line F,,se,S1 2nd,PROD153,Sweden
108,,,,,,,,,,,,
109,,,,,,,,,,,,
109,Queued-Awaiting Assignment,Value 46,18.747626345948486,Queued,Medium,Awaiting Assignment,Org line G3,,us,G199 3rd,PROD96,USA
109,,,,,,,,,,,,
109,Accepted-Assigned,Value 46,18.747630045302476,Accepted,Medium,Assigned,Org line G3,,us,G199 3rd,PROD96,USA
109,,,,,,,,,,,,
109,Completed-Closed,Value 43,19.0674348674845,Completed,Medium,Closed,Org line G3,,us,G199 3rd,PROD96,POLAND
110,,,,,,,,,,,,
110,Queued-Awaiting Assignment,Value 95,18.7500483739465,Queued,Medium,Awaiting Assignment,Org line C,C_6,in,M5 2nd,PROD660,Sweden
110,,,,,,,,,,,,
110,Queued-Awaiting Assignment,Value 82,18.754319154793777,Queued,Medium,Awaiting Assignment,Org line C,E_7,in,G135 2nd,PROD660,Sweden
110,,,,,,,,,,,,
110,Accepted-Assigned,Value 84,19.02594706781655,Accepted,Medium,Assigned,Org line C,E_7,in,G162 2nd,PROD660,Sweden
110,,,,,,,,,,,,
110,Completed-Closed,Value 84,19.068360814377826,Completed,Medium,Closed,Org line C,E_7,in,G162 2nd,PROD660,Sweden
111,,,,,,,,,,,,
111,Queued-Awaiting Assignment,Value 46,18.750580996603414,Queued,Medium,Awaiting Assignment,Org line G3,,us,G199 3rd,PROD96,USA
111,,,,,,,,,,,,
111,Accepted-Assigned,Value 46,18.75078932540231,Accepted,Medium,Assigned,Org line G3,,us,G199 3rd,PROD96,USA
111,,,,,,,,,,,,
111,Accepted-Assigned,Value 56,18.923086750005837,Accepted,Medium,Assigned,Org line A2,A2_2,us,G21 2nd,PROD96,Sweden
111,,Value 97,,,,,,,,,,
111,Queued-Awaiting Assignment,Value 46,19.032375426467826,Queued,Medium,Awaiting Assignment,Org line G3,,us,G199 3rd,PROD96,USA
111,,,,,,,,,,,,
111,Completed-Closed,Value 43,19.069627855718487,Completed,Medium,Closed,Org line G3,,us,G199 3rd,PROD96,POLAND
112,,,,,,,,,,,,
112,Accepted-In Progress,Value 3,19.086625449350333,Accepted,Medium,In Progress,Org line A2,A2_2,cn,M1 2nd,PROD753,China
112,,,,,,,,,,,,
113,,,,,,,,,,,,
113,Queued-Awaiting Assignment,Value 98,18.753181461665296,Queued,High,Awaiting Assignment,Org line A2,A2_3,se,M3 2nd,PROD655,Sweden
113,,,,,,,,,,,,
113,Accepted-Assigned,Value 39,19.093312112060044,Accepted,High,Assigned,Org line A2,A2_3,se,M3 2nd,PROD655,Sweden
113,,,,,,,,,,,,
114,,,,,,,,,,,,
114,Accepted-Wait,Value 40,18.75359632029212,Accepted,Medium,Wait,Org line A2,A2_2,se,G357 2nd,PROD46,POLAND
114,,,,,,,,,,,,
114,Accepted-Wait,Value 40,18.75378510134401,Accepted,Medium,Wait,Org line A2,A2_2,se,G357 2nd,PROD46,POLAND
114,,,,,,,,,,,,
114,Accepted-Wait,Value 40,18.75424305083177,Accepted,Medium,Wait,Org line A2,A2_2,se,G357 2nd,PROD46,POLAND
114,,,,,,,,,,,,
114,Completed-Closed,Value 40,19.09334021229904,Completed,Medium,Closed,Org line A2,A2_2,se,G357 2nd,PROD46,POLAND
115,,,,,,,,,,,,
115,Accepted-Assigned,Value 2,18.77566999891543,Accepted,Medium,Assigned,Org line A2,A2_2,cn,M1 2nd,PROD287,Sweden
115,,,,,,,,,,,,
115,Accepted-Wait,Value 2,19.10955905584407,Accepted,Medium,Wait,Org line A2,A2_2,cn,M1 2nd,PROD287,Sweden
115,,,,,,,,,,,,
116,,,,,,,,,,,,
116,Queued-Awaiting Assignment,Value 46,18.754424884128717,Queued,Medium,Awaiting Assignment,Org line G3,,us,G199 3rd,PROD98,USA
116,,,,,,,,,,,,
116,Accepted-Assigned,Value 46,18.75442670336908,Accepted,Medium,Assigned,Org line G3,,us,G199 3rd,PROD98,USA
116,,,,,,,,,,,,
116,Accepted-Assigned,Value 56,18.798669928986,Accepted,Medium,Assigned,Org line A2,A2_2,us,G21 2nd,PROD98,Sweden
116,,,,,,,,,,,,
116,Queued-Awaiting Assignment,Value 46,18.89229913751418,Queued,Medium,Awaiting Assignment,Org line G3,,us,G199 3rd,PROD98,USA
116,,,,,,,,,,,,
116,Accepted-Assigned,Value 46,18.896061291628424,Accepted,Medium,Assigned,Org line G3,,us,G199 3rd,PROD98,USA
116,,,,,,,,,,,,
116,Completed-Closed,Value 43,19.069647254283538,Completed,Medium,Closed,Org line G3,,us,G199 3rd,PROD98,POLAND
117,,,,,,,,,,,,
117,Queued-Awaiting Assignment,Value 46,18.75486467153323,Queued,Medium,Awaiting Assignment,Org line G3,,us,G199 3rd,PROD98,USA
117,,,,,,,,,,,,
117,Accepted-Assigned,Value 46,18.75500806760583,Accepted,Medium,Assigned,Org line G3,,us,G199 3rd,PROD98,USA
117,,,,,,,,,,,,
117,Accepted-Assigned,Value 56,18.755753280021068,Accepted,Medium,Assigned,Org line A2,A2_2,us,G21 2nd,PROD98,Sweden
117,,,,,,,,,,,,
117,Queued-Awaiting Assignment,Value 46,18.757997816456367,Queued,Medium,Awaiting Assignment,Org line G3,,us,G199 3rd,PROD98,USA
117,,,,,,,,,,,,
117,Accepted-Assigned,Value 46,18.758162706343178,Accepted,Medium,Assigned,Org line G3,,us,G199 3rd,PROD98,USA
117,,,,,,,,,,,,
117,Completed-Closed,Value 43,19.069650943730956,Completed,Medium,Closed,Org line G3,,us,G199 3rd,PROD98,POLAND
118,,,,,,,,,,,,
118,Queued-Awaiting Assignment,Value 88,18.79196631692344,Queued,High,Awaiting Assignment,Org line G4,,se,S29 2nd,PROD551,Sweden
118,,,,,,,,,,,,
118,Accepted-Wait,Value 62,18.860494034204194,Accepted,High,Wait,Org line G4,,se,S29 2nd,PROD551,Sweden
118,,,,,,,,,,,,
118,Accepted-Wait,Value 62,18.96402842372727,Accepted,High,Wait,Org line A2,A2_3,se,S35 2nd,PROD551,Sweden
118,,,,,,,,,,,,
118,Completed-Closed,Value 62,19.059264446793836,Completed,High,Closed,Org line A2,A2_3,se,S35 2nd,PROD551,Sweden
119,,,,,,,,,,,,
119,Queued-Awaiting Assignment,Value 46,18.755005927303415,Queued,Medium,Awaiting Assignment,Org line G3,,us,G199 3rd,PROD98,USA
119,,,,,,,,,,,,
119,Accepted-Assigned,Value 46,18.755010615919787,Accepted,Medium,Assigned,Org line G3,,us,G199 3rd,PROD98,USA
119,,,,,,,,,,,,
119,Completed-Closed,Value 43,19.067428441136922,Completed,Medium,Closed,Org line G3,,us,G199 3rd,PROD98,POLAND
120,,,,,,,,,,,,
120,Accepted-Wait,Value 99,18.846981794975395,Accepted,Medium,Wait,Org line A2,D_1,in,L50 3rd,PROD611,Sweden
120,,,,,,,,,,,,
120,Completed-Closed,Value 99,18.85093210579489,Completed,Medium,Closed,Org line A2,D_1,in,L50 3rd,PROD611,Sweden
120,,,,,,,,,,,,
120,Accepted-In Progress,Value 100,18.942792004673183,Accepted,Medium,In Progress,Org line A2,D_1,in,L50 3rd,PROD611,Sweden
120,,,,,,,,,,,,
121,,,,,,,,,,,,
121,Accepted-Assigned,Value 76,18.75607326217311,Accepted,High,Assigned,Org line G4,,se,S33 2nd,PROD368,Sweden
121,,,,,,,,,,,,
121,Accepted-Wait,Value 76,18.801451323301656,Accepted,High,Wait,Org line G4,,se,S33 2nd,PROD368,Sweden
121,,,,,,,,,,,,
122,,,,,,,,,,,,
122,Accepted-In Progress,Value 2,18.997486393139223,Accepted,Medium,In Progress,Org line A2,A2_2,se,M1 2nd,PROD681,Sweden
122,,,,,,,,,,,,
122,Accepted-In Progress,Value 44,19.084440230380938,Accepted,Medium,In Progress,Org line F,,se,N10 2nd,PROD681,Sweden
122,,,,,,,,,,,,
123,,,,,,,,,,,,
123,Queued-Awaiting Assignment,Value 46,18.759875848772538,Queued,Medium,Awaiting Assignment,Org line G3,,us,G199 3rd,PROD98,USA
123,,,,,,,,,,,,
123,Accepted-Wait,Value 47,18.759916316185336,Accepted,Medium,Wait,Org line G3,,us,G199 3rd,PROD98,Sweden
123,,,,,,,,,,,,
123,Accepted-In Progress,Value 43,19.06964976791704,Accepted,Medium,In Progress,Org line G3,,us,G199 3rd,PROD98,POLAND
123,,,,,,,,,,,,
124,,,,,,,,,,,,
124,Completed-Closed,Value 101,19.05793714629449,Completed,Medium,Closed,Org line G4,,se,S28 2nd,PROD633,Sweden
125,,,,,,,,,,,,
125,Accepted-In Progress,Value 102,18.76729473581963,Accepted,Medium,In Progress,Org line C,C_6,se,M5 2nd,PROD660,Sweden
125,,,,,,,,,,,,
125,Queued-Awaiting Assignment,Value 103,18.77688570346572,Queued,Medium,Awaiting Assignment,Org line C,E_10,se,G140 2nd,PROD660,Sweden
125,,,,,,,,,,,,
125,Accepted-In Progress,Value 88,18.777000557839884,Accepted,Medium,In Progress,Org line C,C_6,se,G141 3rd,PROD660,Sweden
125,,,,,,,,,,,,
125,Accepted-Assigned,Value 8,18.77930810468441,Accepted,Medium,Assigned,Org line C,C_6,se,G141 3rd,PROD660,Sweden
125,,,,,,,,,,,,
125,Accepted-Assigned,Value 104,18.90789998671479,Accepted,Medium,Assigned,Org line C,C_6,se,G141 3rd,PROD660,Sweden
125,,,,,,,,,,,,
125,Accepted-Wait,Value 104,18.925728141878835,Accepted,Medium,Wait,Org line C,C_6,se,G141 3rd,PROD660,Sweden
125,,,,,,,,,,,,
125,Accepted-In Progress,Value 105,19.002896872184788,Accepted,Medium,In Progress,Org line C,C_6,se,G141 3rd,PROD660,Sweden
125,,,,,,,,,,,,
125,Accepted-Wait,Value 106,19.05186787359473,Accepted,Medium,Wait,Org line C,C_6,se,G141 3rd,PROD660,Sweden
125,,,,,,,,,,,,
126,,,,,,,,,,,,
126,Queued-Awaiting Assignment,Value 46,18.767159688903984,Queued,Medium,Awaiting Assignment,Org line G3,,us,G199 3rd,PROD98,USA
126,,,,,,,,,,,,
126,Accepted-Assigned,Value 46,18.767436770674518,Accepted,Medium,Assigned,Org line G3,,us,G199 3rd,PROD98,USA
126,,,,,,,,,,,,
126,Completed-Closed,Value 107,18.911117481846194,Completed,Medium,Closed,Org line G3,,us,G199 3rd,PROD98,0
126,,,,,,,,,,,,
126,Queued-Awaiting Assignment,Value 72,18.92255871459582,Queued,Medium,Awaiting Assignment,Org line A2,A2_2,us,G21 2nd,PROD98,Sweden
126,,,,,,,,,,,,
126,Queued-Awaiting Assignment,Value 46,18.923053754825496,Queued,Medium,Awaiting Assignment,Org line G3,,us,G199 3rd,PROD98,USA
126,,,,,,,,,,,,
126,Accepted-Assigned,Value 46,18.923116549411876,Accepted,Medium,Assigned,Org line A2,A2_2,us,G21 2nd,PROD98,USA
126,,,,,,,,,,,,
126,Completed-Closed,Value 43,19.069652798901217,Completed,Medium,Closed,Org line A2,A2_2,us,G21 2nd,PROD98,POLAND
127,,,,,,,,,,,,
127,Queued-Awaiting Assignment,Value 108,18.76826023740356,Queued,High,Awaiting Assignment,Org line G4,,se,S33 2nd,PROD374,Sweden
127,,,,,,,,,,,,
127,Accepted-Assigned,Value 8,18.805031559307203,Accepted,High,Assigned,Org line G4,,se,S33 2nd,PROD374,Sweden
127,,,,,,,,,,,,
127,Accepted-Wait,Value 8,18.856099696003927,Accepted,High,Wait,Org line G4,,se,S33 2nd,PROD374,Sweden
127,,,,,,,,,,,,
128,,,,,,,,,,,,
128,Completed-Closed,Value 109,19.071890532125405,Completed,Low,Closed,Org line V2,,se,T3 2nd,PROD29,Sweden
129,,,,,,,,,,,,
129,Queued-Awaiting Assignment,Value 46,18.768431544916997,Queued,Medium,Awaiting Assignment,Org line G3,,us,G199 3rd,PROD98,USA
129,,,,,,,,,,,,
129,Accepted-Assigned,Value 46,18.76846442853368,Accepted,Medium,Assigned,Org line G3,,us,G199 3rd,PROD98,USA
129,,,,,,,,,,,,
129,Completed-Closed,Value 43,19.069653593226587,Completed,Medium,Closed,Org line G3,,us,G199 3rd,PROD98,POLAND
130,,,,,,,,,,,,
130,Accepted-Wait,Value 38,18.772664994771215,Accepted,Medium,Wait,Org line A2,A2_3,se,G354 3rd,PROD729,Sweden
130,,,,,,,,,,,,
131,,,,,,,,,,,,
131,Queued-Awaiting Assignment,Value 46,18.77340355047419,Queued,Medium,Awaiting Assignment,Org line G3,,us,G199 3rd,PROD97,USA
131,,,,,,,,,,,,
131,Accepted-Assigned,Value 46,18.775827590945436,Accepted,Medium,Assigned,Org line G3,,us,G199 3rd,PROD97,USA
131,,,,,,,,,,,,
131,Accepted-In Progress,Value 43,19.067467742293854,Accepted,Medium,In Progress,Org line G3,,us,G199 3rd,PROD97,POLAND
131,,,,,,,,,,,,
132,,,,,,,,,,,,
132,Queued-Awaiting Assignment,Value 46,18.77933563051045,Queued,Medium,Awaiting Assignment,Org line G3,,us,G199 3rd,PROD97,USA
132,,,,,,,,,,,,
132,Accepted-Assigned,Value 46,18.779709620217265,Accepted,Medium,Assigned,Org line G3,,us,G199 3rd,PROD97,USA
132,,,,,,,,,,,,
132,Accepted-Assigned,Value 73,18.925220205133854,Accepted,Medium,Assigned,Org line A2,A2_2,us,G21 2nd,PROD97,INDIA
132,,,,,,,,,,,,
132,Queued-Awaiting Assignment,Value 46,18.94373058657506,Queued,Medium,Awaiting Assignment,Org line G3,,us,G199 3rd,PROD97,USA
132,,,,,,,,,,,,
132,Accepted-Assigned,Value 46,18.943750317700164,Accepted,Medium,Assigned,Org line G3,,us,G199 3rd,PROD97,USA
132,,,,,,,,,,,,
132,Completed-Closed,Value 43,19.067489282904344,Completed,Medium,Closed,Org line G3,,us,G199 3rd,PROD97,POLAND
133,,,,,,,,,,,,
133,Queued-Awaiting Assignment,Value 46,18.78001173148237,Queued,Medium,Awaiting Assignment,Org line G3,,us,G199 3rd,PROD97,USA
133,,,,,,,,,,,,
133,Accepted-Assigned,Value 46,18.7800176447381,Accepted,Medium,Assigned,Org line G3,,us,G199 3rd,PROD97,USA
133,,,,,,,,,,,,
133,Accepted-Assigned,Value 110,18.793163870554018,Accepted,Medium,Assigned,Org line A2,A2_2,us,G21 2nd,PROD97,INDIA
133,,,,,,,,,,,,
133,Accepted-In Progress,Value 54,18.796223758036515,Accepted,Medium,In Progress,Org line A2,A2_2,us,G21 2nd,PROD97,Sweden
133,,,,,,,,,,,,
133,Accepted-In Progress,Value 43,19.067815708020845,Accepted,Medium,In Progress,Org line G3,,us,G199 3rd,PROD97,POLAND
133,,,,,,,,,,,,
134,,,,,,,,,,,,
134,Queued-Awaiting Assignment,Value 46,18.781717794057226,Queued,Medium,Awaiting Assignment,Org line G3,,us,G199 3rd,PROD98,USA
134,,,,,,,,,,,,
134,Accepted-Assigned,Value 46,18.78184013670307,Accepted,Medium,Assigned,Org line G3,,us,G199 3rd,PROD98,USA
134,,,,,,,,,,,,
134,Completed-Closed,Value 43,19.067490471735614,Completed,Medium,Closed,Org line G3,,us,G199 3rd,PROD98,POLAND
135,,,,,,,,,,,,
135,Queued-Awaiting Assignment,Value 46,18.78181177377675,Queued,Medium,Awaiting Assignment,Org line G3,,us,G199 3rd,PROD97,USA
135,,,,,,,,,,,,
135,Accepted-Assigned,Value 46,18.781832059971332,Accepted,Medium,Assigned,Org line G3,,us,G199 3rd,PROD97,USA
135,,,,,,,,,,,,
135,Completed-Closed,Value 43,19.06746568928658,Completed,Medium,Closed,Org line G3,,us,G199 3rd,PROD97,POLAND
136,,,,,,,,,,,,
136,Queued-Awaiting Assignment,Value 46,18.78416656313336,Queued,Medium,Awaiting Assignment,Org line G3,,us,G199 3rd,PROD97,USA
136,,,,,,,,,,,,
136,Accepted-Assigned,Value 46,18.784201290197256,Accepted,Medium,Assigned,Org line G3,,us,G199 3rd,PROD97,USA
136,,,,,,,,,,,,
136,Accepted-Wait,Value 54,18.812669127583646,Accepted,Medium,Wait,Org line G3,,us,G199 3rd,PROD97,Sweden
136,,,,,,,,,,,,
136,Accepted-In Progress,Value 74,18.818029947019017,Accepted,Medium,In Progress,Org line A2,A2_2,us,G21 2nd,PROD97,Sweden
136,,,,,,,,,,,,
136,Queued-Awaiting Assignment,Value 46,18.82137317426463,Queued,Medium,Awaiting Assignment,Org line G3,,us,G199 3rd,PROD97,USA
136,,,,,,,,,,,,
136,Accepted-Assigned,Value 46,18.826038086254005,Accepted,Medium,Assigned,Org line G3,,us,G199 3rd,PROD97,USA
136,,,,,,,,,,,,
136,Completed-Closed,Value 43,19.06965571490836,Completed,Medium,Closed,Org line G3,,us,G199 3rd,PROD97,POLAND
137,,,,,,,,,,,,
137,Queued-Awaiting Assignment,Value 81,18.78790888154042,Queued,Low,Awaiting Assignment,Org line C,C_6,se,G261 3rd,PROD424,Sweden
137,,,,,,,,,,,,
137,Accepted-Wait,Value 111,18.78964791890859,Accepted,Low,Wait,Org line C,C_6,se,N54 3rd,PROD424,USA
137,,,,,,,,,,,,
137,Accepted-Assigned,Value 111,18.793134572940126,Accepted,Low,Assigned,Org line C,C_6,se,G261 3rd,PROD424,USA
137,,,,,,,,,,,,
137,Accepted-Assigned,Value 81,18.873812458290942,Accepted,Low,Assigned,Org line C,C_6,se,G261 3rd,PROD424,Sweden
137,,,,,,,,,,,,
137,Accepted-In Progress,Value 113,19.002896726933454,Accepted,Low,In Progress,Org line C,C_6,se,G141 3rd,PROD424,Sweden
137,,,,,,,,,,,,
137,Accepted-In Progress,Value 113,19.019218354223813,Accepted,Low,In Progress,Org line C,C_6,se,G261 3rd,PROD424,Sweden
137,,,,,,,,,,,,
138,,,,,,,,,,,,
138,Accepted-Assigned,Value 114,19.061114769968654,Accepted,Low,Assigned,Org line G4,,se,S30 2nd,PROD412,Sweden
138,,,,,,,,,,,,
138,Completed-Closed,Value 114,19.091154141089294,Completed,Low,Closed,Org line G4,,se,S30 2nd,PROD412,Sweden
139,,,,,,,,,,,,
139,Queued-Awaiting Assignment,Value 46,18.78904172242982,Queued,Medium,Awaiting Assignment,Org line G3,,us,G199 3rd,PROD97,USA
139,,,,,,,,,,,,
139,Accepted-Assigned,Value 46,18.789049914106133,Accepted,Medium,Assigned,Org line G3,,us,G199 3rd,PROD97,USA
139,,,,,,,,,,,,
139,Accepted-Assigned,Value 73,18.925216660917975,Accepted,Medium,Assigned,Org line A2,A2_2,us,G21 2nd,PROD97,INDIA
139,,,,,,,,,,,,
139,Queued-Awaiting Assignment,Value 46,18.933494729615994,Queued,Medium,Awaiting Assignment,Org line G3,,us,G199 3rd,PROD97,USA
139,,,,,,,,,,,,
139,Accepted-Assigned,Value 46,18.93356935629335,Accepted,Medium,Assigned,Org line G3,,us,G199 3rd,PROD97,USA
139,,,,,,,,,,,,
139,Completed-Closed,Value 43,19.06782596942278,Completed,Medium,Closed,Org line G3,,us,G199 3rd,PROD97,POLAND
140,,,,,,,,,,,,
140,Completed-Closed,Value 115,19.064753141092663,Completed,Medium,Closed,Org line G4,,se,S28 2nd,PROD108,Sweden
141,,,,,,,,,,,,
141,Queued-Awaiting Assignment,Value 46,18.79365481548537,Queued,Medium,Awaiting Assignment,Org line G3,,us,G199 3rd,PROD98,USA
141,,,,,,,,,,,,
141,Accepted-Assigned,Value 46,18.794462218295873,Accepted,Medium,Assigned,Org line G3,,us,G199 3rd,PROD98,USA
141,,,,,,,,,,,,
141,Completed-Closed,Value 43,19.055678374364888,Completed,Medium,Closed,Org line G3,,us,G199 3rd,PROD98,POLAND
142,,,,,,,,,,,,
142,Queued-Awaiting Assignment,Value 46,18.794452907890584,Queued,Medium,Awaiting Assignment,Org line G3,,us,G199 3rd,PROD97,USA
142,,,,,,,,,,,,
142,Accepted-Assigned,Value 46,18.794460601195482,Accepted,Medium,Assigned,Org line G3,,us,G199 3rd,PROD97,USA
142,,,,,,,,,,,,
142,Completed-Closed,Value 43,19.069656807102394,Completed,Medium,Closed,Org line G3,,us,G199 3rd,PROD97,POLAND
143,,,,,,,,,,,,
143,Queued-Awaiting Assignment,Value 46,18.800355159634442,Queued,Medium,Awaiting Assignment,Org line G3,,us,G199 3rd,PROD96,USA
143,,,,,,,,,,,,
143,Accepted-Assigned,Value 46,18.800358395347,Accepted,Medium,Assigned,Org line G3,,us,G199 3rd,PROD96,USA
143,,,,,,,,,,,,
143,Completed-Closed,Value 43,19.100333847601657,Completed,Medium,Closed,Org line G3,,us,G199 3rd,PROD96,POLAND
144,,,,,,,,,,,,
144,Queued-Awaiting Assignment,Value 46,18.801456666964285,Queued,Medium,Awaiting Assignment,Org line G3,,us,G199 3rd,PROD98,USA
144,,,,,,,,,,,,
144,Accepted-Assigned,Value 46,18.80148439615145,Accepted,Medium,Assigned,Org line G3,,us,G199 3rd,PROD98,USA
144,,,,,,,,,,,,
144,Completed-Closed,Value 43,19.067815320598505,Completed,Medium,Closed,Org line G3,,us,G199 3rd,PROD98,POLAND
145,,,,,,,,,,,,
145,Accepted-Assigned,Value 76,18.801995464939356,Accepted,High,Assigned,Org line G4,,se,S33 2nd,PROD680,Sweden
145,,,,,,,,,,,,
145,Accepted-Wait,Value 76,18.80498909794833,Accepted,High,Wait,Org line G4,,se,S33 2nd,PROD680,Sweden
145,,,,,,,,,,,,
145,Accepted-Wait,Value 76,18.907751233507778,Accepted,High,Wait,Org line G4,,se,S33 2nd,PROD680,Sweden
145,,,,,,,,,,,,
146,,,,,,,,,,,,
146,Accepted-In Progress,Value 116,19.065645124360007,Accepted,Medium,In Progress,Org line G4,,se,G51 2nd,PROD821,Sweden
146,,,,,,,,,,,,
147,,,,,,,,,,,,
147,Accepted-Assigned,Value 88,18.854381578776287,Accepted,Medium,Assigned,Org line G4,,se,S29 2nd,PROD368,Sweden
147,,,,,,,,,,,,
147,Accepted-Wait,Value 62,18.86049088427307,Accepted,Medium,Wait,Org line G4,,se,S29 2nd,PROD368,Sweden
147,,,,,,,,,,,,
147,Accepted-Wait,Value 62,18.96402720404514,Accepted,Medium,Wait,Org line A2,A2_3,se,S35 2nd,PROD368,Sweden
147,,,,,,,,,,,,
147,Accepted-In Progress,Value 13,19.092886960056163,Accepted,Medium,In Progress,Org line A2,A2_3,se,S35 2nd,PROD368,Sweden
147,,,,,,,,,,,,
148,,,,,,,,,,,,
148,Accepted-In Progress,Value 8,18.810342548397664,Accepted,Low,In Progress,Org line C,,se,G37 2nd,PROD415,Sweden
148,,,,,,,,,,,,
149,,,,,,,,,,,,
149,Completed-Closed,Value 48,19.029648111223345,Completed,Medium,Closed,Org line G4,,se,S30 2nd,PROD412,Sweden
149,,,,,,,,,,,,
149,Accepted-In Progress,Value 60,19.077387701411354,Accepted,Medium,In Progress,Org line G4,,se,S30 2nd,PROD412,Sweden
149,,,,,,,,,,,,
150,,,,,,,,,,,,
150,Accepted-Wait,Value 48,18.86937842360399,Accepted,Medium,Wait,Org line G4,,se,S30 2nd,PROD412,Sweden
150,,,,,,,,,,,,
151,,,,,,,,,,,,
151,Completed-Closed,Value 2,19.120236053525872,Completed,Low,Closed,Org line A2,A2_2,cn,M1 2nd,PROD753,Sweden
152,,,,,,,,,,,,
152,Queued-Awaiting Assignment,Value 81,18.810920952561975,Queued,Medium,Awaiting Assignment,Org line C,C_6,se,G141 3rd,PROD660,Sweden
152,,,,,,,,,,,,
152,Accepted-Assigned,Value 81,18.812822549729358,Accepted,Medium,Assigned,Org line C,C_6,se,G141 3rd,PROD660,Sweden
152,,,,,,,,,,,,
152,Accepted-In Progress,Value 105,19.011970216853225,Accepted,Medium,In Progress,Org line C,C_6,se,G141 3rd,PROD660,Sweden
152,,,,,,,,,,,,
152,Accepted-In Progress,Value 106,19.03330198968667,Accepted,Medium,In Progress,Org line C,C_6,se,G141 3rd,PROD660,Sweden
152,,,,,,,,,,,,
152,Completed-Closed,Value 106,19.06476420593028,Completed,Medium,Closed,Org line C,C_6,se,G141 3rd,PROD660,Sweden
153,,,,,,,,,,,,
153,Queued-Awaiting Assignment,Value 46,18.812661160907865,Queued,Medium,Awaiting Assignment,Org line G3,,us,G199 3rd,PROD98,USA
153,,,,,,,,,,,,
153,Accepted-Assigned,Value 46,18.812668755941996,Accepted,Medium,Assigned,Org line G3,,us,G199 3rd,PROD98,USA
153,,,,,,,,,,,,
153,Accepted-Assigned,Value 56,18.81456249661489,Accepted,Medium,Assigned,Org line A2,A2_2,us,G21 2nd,PROD98,Sweden
153,,,,,,,,,,,,
153,Queued-Awaiting Assignment,Value 46,18.814907383046855,Queued,Medium,Awaiting Assignment,Org line G3,,us,G199 3rd,PROD98,USA
153,,,,,,,,,,,,
153,Accepted-Assigned,Value 46,18.81509269031286,Accepted,Medium,Assigned,Org line G3,,us,G199 3rd,PROD98,USA
153,,,,,,,,,,,,
153,Completed-Closed,Value 43,19.067833005751826,Completed,Medium,Closed,Org line G3,,us,G199 3rd,PROD98,POLAND
154,,,,,,,,,,,,
154,Accepted-Wait,Value 8,18.856100051850316,Accepted,Low,Wait,Org line G4,,se,S33 2nd,PROD304,Sweden
154,,,,,,,,,,,,
155,,,,,,,,,,,,
155,Accepted-Wait,Value 8,18.878246758241865,Accepted,Low,Wait,Org line G4,,se,S33 2nd,PROD374,Sweden
155,,,,,,,,,,,,
155,Completed-Closed,Value 8,19.080968813788967,Completed,Low,Closed,Org line G4,,se,S33 2nd,PROD374,Sweden
156,,,,,,,,,,,,
156,Queued-Awaiting Assignment,Value 66,18.816839643316168,Queued,Medium,Awaiting Assignment,Org line B,E_10,in,G230 2nd,PROD424,France
156,,,,,,,,,,,,
156,Queued-Awaiting Assignment,Value 81,18.81779340058455,Queued,Medium,Awaiting Assignment,Org line C,C_6,in,G261 3rd,PROD424,Sweden
156,,,,,,,,,,,,
156,Queued-Awaiting Assignment,Value 119,18.834589305569832,Queued,Medium,Awaiting Assignment,Org line C,E_1,in,G195,PROD424,Sweden
156,,,,,,,,,,,,
156,Queued-Awaiting Assignment,Value 66,18.84314574490582,Queued,Medium,Awaiting Assignment,Org line B,E_10,in,G230 2nd,PROD424,France
156,,,,,,,,,,,,
156,Accepted-In Progress,Value 71,18.845372810423168,Accepted,Medium,In Progress,Org line B,E_10,in,G230 2nd,PROD424,INDIA
156,,,,,,,,,,,,
156,Accepted-In Progress,Value 71,18.96548779320404,Accepted,Medium,In Progress,Org line B,E_10,in,G230 2nd,PROD424,INDIA
156,,,,,,,,,,,,
156,Accepted-In Progress,Value 71,19.08101577060665,Accepted,Medium,In Progress,Org line B,E_10,in,G230 2nd,PROD424,INDIA
156,,,,,,,,,,,,
157,,,,,,,,,,,,
157,Accepted-Assigned,Value 121,18.817370373265,Accepted,Low,Assigned,Org line A2,A2_3,se,G349 3rd,PROD93,Sweden
157,,,,,,,,,,,,
157,Accepted-In Progress,Value 41,19.094220672529133,Accepted,Low,In Progress,Org line A2,A2_3,se,G349 3rd,PROD93,Sweden
157,,,,,,,,,,,,
157,Completed-Closed,Value 41,19.119807033958832,Completed,Low,Closed,Org line A2,A2_3,se,G349 3rd,PROD93,Sweden
158,,,,,,,,,,,,
158,Queued-Awaiting Assignment,Value 81,18.817780217512645,Queued,Medium,Awaiting Assignment,Org line C,C_6,se,G141 3rd,PROD734,Sweden
158,,,,,,,,,,,,
158,Accepted-Assigned,Value 8,18.943255428401496,Accepted,Medium,Assigned,Org line C,C_6,se,G141 3rd,PROD734,Sweden
158,,,,,,,,,,,,
158,Accepted-In Progress,Value 105,19.0019117731094,Accepted,Medium,In Progress,Org line C,C_6,se,G141 3rd,PROD734,Sweden
158,,,,,,,,,,,,
158,Accepted-Wait,Value 106,19.051869176895686,Accepted,Medium,Wait,Org line C,C_6,se,G141 3rd,PROD734,Sweden
158,,,,,,,,,,,,
159,,,,,,,,,,,,
159,Accepted-Assigned,Value 124,19.03857922428334,Accepted,High,Assigned,Org line A2,A2_3,se,U5 2nd,PROD831,Sweden
159,,,,,,,,,,,,
159,Accepted-Assigned,Value 125,19.070642963300614,Accepted,High,Assigned,Org line A2,A2_3,se,U5 2nd,PROD831,Sweden
159,,,,,,,,,,,,
159,Accepted-Assigned,Value 125,19.10558889170302,Accepted,High,Assigned,Org line A2,A2_3,se,U6 2nd,PROD831,Sweden
159,,,,,,,,,,,,
159,Completed-Closed,Value 125,19.11426338968359,Completed,High,Closed,Org line A2,A2_3,se,U6 2nd,PROD831,Sweden
160,,,,,,,,,,,,
160,Queued-Awaiting Assignment,Value 77,18.81907168235429,Queued,Medium,Awaiting Assignment,Org line C,C_6,se,G250 3rd,PROD660,Sweden
160,,,,,,,,,,,,
160,Accepted-Wait,Value 77,18.83337921476816,Accepted,Medium,Wait,Org line C,C_6,se,G250 3rd,PROD660,Sweden
160,,,,,,,,,,,,
160,Accepted-In Progress,Value 77,18.902442685004907,Accepted,Medium,In Progress,Org line C,C_6,se,G250 3rd,PROD660,Sweden
160,,,,,,,,,,,,
160,Accepted-In Progress,Value 127,18.958971317243563,Accepted,Medium,In Progress,Org line C,C_6,se,G250 3rd,PROD660,Sweden
160,,,,,,,,,,,,
161,,,,,,,,,,,,
161,Accepted-In Progress,Value 39,19.099529588770956,Accepted,Major,In Progress,Org line A2,A2_3,se,M3 2nd,PROD655,Sweden
161,,,,,,,,,,,,
162,,,,,,,,,,,,
162,Accepted-Wait,Value 31,19.022891901619737,Accepted,Medium,Wait,Org line A2,A2_4,se,G61 3rd,PROD194,Sweden
162,,,,,,,,,,,,
162,Accepted-In Progress,Value 31,19.074722112757613,Accepted,Medium,In Progress,Org line A2,A2_4,se,G60 2nd,PROD194,Sweden
162,,,,,,,,,,,,
162,Completed-Closed,Value 31,19.07830304733577,Completed,Medium,Closed,Org line A2,A2_4,se,G60 2nd,PROD194,Sweden
163,,,,,,,,,,,,
163,Accepted-In Progress,Value 128,19.016435358045083,Accepted,Medium,In Progress,Org line C,E_4,us,G88 2nd,PROD793,USA
163,,,,,,,,,,,,
164,,,,,,,,,,,,
164,Queued-Awaiting Assignment,Value 81,18.825336638068517,Queued,Medium,Awaiting Assignment,Org line C,C_6,se,G141 3rd,PROD660,Sweden
164,,,,,,,,,,,,
164,Accepted-Assigned,Value 123,18.825627684501573,Accepted,Medium,Assigned,Org line C,C_6,se,G141 3rd,PROD660,Sweden
164,,,,,,,,,,,,
164,Accepted-Assigned,Value 113,19.049168324044935,Accepted,Medium,Assigned,Org line C,C_6,se,G141 3rd,PROD660,Sweden
164,,,,,,,,,,,,
165,,,,,,,,,,,,
165,Queued-Awaiting Assignment,Value 58,18.82318538754,Queued,Medium,Awaiting Assignment,Org line G4,,se,G51 2nd,PROD821,Sweden
165,,,,,,,,,,,,
165,Completed-Closed,Value 116,19.06564676661091,Completed,Medium,Closed,Org line G4,,se,G51 2nd,PROD821,Sweden
166,,,,,,,,,,,,
166,Queued-Awaiting Assignment,Value 46,18.826025058098566,Queued,Medium,Awaiting Assignment,Org line G3,,us,G199 3rd,PROD98,USA
166,,,,,,,,,,,,
166,Accepted-Assigned,Value 46,18.826040866549743,Accepted,Medium,Assigned,Org line G3,,us,G199 3rd,PROD98,USA
166,,,,,,,,,,,,
166,Completed-Closed,Value 43,19.069657894069437,Completed,Medium,Closed,Org line G3,,us,G199 3rd,PROD98,POLAND
167,,,,,,,,,,,,
167,Queued-Awaiting Assignment,Value 46,18.826615874915813,Queued,Medium,Awaiting Assignment,Org line G3,,us,G199 3rd,PROD97,USA
167,,,,,,,,,,,,
167,Accepted-Assigned,Value 46,18.827113090800953,Accepted,Medium,Assigned,Org line G3,,us,G199 3rd,PROD97,USA
167,,,,,,,,,,,,
167,Completed-Closed,Value 43,19.069663020566335,Completed,Medium,Closed,Org line G3,,us,G199 3rd,PROD97,POLAND
168,,,,,,,,,,,,
168,Accepted-In Progress,Value 3,19.086620691662873,Accepted,Medium,In Progress,Org line A2,A2_2,cn,M1 2nd,PROD753,China
168,,,,,,,,,,,,
169,,,,,,,,,,,,
169,Queued-Awaiting Assignment,Value 46,18.82947273849831,Queued,Medium,Awaiting Assignment,Org line G3,,us,G199 3rd,PROD97,USA
169,,,,,,,,,,,,
169,Accepted-Assigned,Value 46,18.829517714271716,Accepted,Medium,Assigned,Org line G3,,us,G199 3rd,PROD97,USA
169,,,,,,,,,,,,
169,Completed-Closed,Value 43,19.06743809897375,Completed,Medium,Closed,Org line G3,,us,G199 3rd,PROD97,POLAND
170,,,,,,,,,,,,
170,Queued-Awaiting Assignment,Value 46,18.8295476792795,Queued,Medium,Awaiting Assignment,Org line G3,,us,G199 3rd,PROD97,USA
170,,,,,,,,,,,,
170,Accepted-Assigned,Value 46,18.830094240240044,Accepted,Medium,Assigned,Org line G3,,us,G199 3rd,PROD97,USA
170,,,,,,,,,,,,
170,Completed-Closed,Value 43,19.069688318215636,Completed,Medium,Closed,Org line G3,,us,G199 3rd,PROD97,POLAND
171,,,,,,,,,,,,
171,Accepted-In Progress,Value 62,19.013202237397042,Accepted,Low,In Progress,Org line A2,A2_4,us,G113 2nd,PROD546,USA
171,,,,,,,,,,,,
171,Accepted-In Progress,Value 62,19.01361940339849,Accepted,Low,In Progress,Org line A2,A2_4,us,G113 2nd,PROD546,USA
171,,,,,,,,,,,,
171,Completed-Closed,Value 108,19.05561917337887,Completed,Low,Closed,Org line A2,A2_4,us,G113 2nd,PROD546,USA
172,,,,,,,,,,,,
172,Accepted-Wait,Value 80,18.832919340107775,Accepted,Medium,Wait,Org line A2,A2_4,us,L23 3rd,PROD521,Sweden
172,,,,,,,,,,,,
173,,,,,,,,,,,,
173,Completed-Closed,Value 2,19.120233887448585,Completed,High,Closed,Org line A2,A2_2,cn,M1 2nd,PROD753,Sweden
174,,,,,,,,,,,,
174,Queued-Awaiting Assignment,Value 81,18.835111427574216,Queued,Medium,Awaiting Assignment,Org line C,C_6,se,G141 3rd,PROD660,Sweden
174,,,,,,,,,,,,
174,Queued-Awaiting Assignment,Value 84,18.83685276132253,Queued,Medium,Awaiting Assignment,Org line C,E_7,se,G135 2nd,PROD660,Sweden
174,,,,,,,,,,,,
174,Accepted-Wait,Value 84,18.999981527615788,Accepted,Medium,Wait,Org line C,E_7,se,G135 2nd,PROD660,Sweden
174,,,,,,,,,,,,
174,Completed-Closed,Value 84,19.06836116496082,Completed,Medium,Closed,Org line C,E_7,se,G135 2nd,PROD660,Sweden
175,,,,,,,,,,,,
175,Accepted-Wait,Value 129,18.837964719938952,Accepted,Medium,Wait,Org line G4,,se,S30 2nd,PROD412,Sweden
175,,,,,,,,,,,,
175,Accepted-In Progress,Value 128,18.849941008398947,Accepted,Medium,In Progress,Org line A2,A2_3,se,S21 2nd,PROD412,Sweden
175,,,,,,,,,,,,
175,Queued-Awaiting Assignment,Value 129,18.849948000012233,Queued,Medium,Awaiting Assignment,Org line G4,,se,S30 2nd,PROD412,Sweden
175,,,,,,,,,,,,
175,Accepted-Wait,Value 128,18.849948891862557,Accepted,Medium,Wait,Org line A2,A2_3,se,S21 2nd,PROD412,Sweden
175,,,,,,,,,,,,
175,Accepted-In Progress,Value 129,18.850521933259312,Accepted,Medium,In Progress,Org line G4,,se,S30 2nd,PROD412,Sweden
175,,,,,,,,,,,,
175,Accepted-In Progress,Value 60,19.077385637555732,Accepted,Medium,In Progress,Org line G4,,se,S30 2nd,PROD412,Sweden
175,,,,,,,,,,,,
176,,,,,,,,,,,,
176,Accepted-Assigned,Value 130,18.837480162066313,Accepted,High,Assigned,Org line C,E_6,se,G334 2nd,PROD101,Sweden
176,,,,,,,,,,,,
176,Completed-Closed,Value 20,19.07560024413873,Completed,High,Closed,Org line C,E_6,se,G334 2nd,PROD101,Sweden
177,,,,,,,,,,,,
177,Accepted-Wait,Value 104,18.90307701003411,Accepted,Medium,Wait,Org line V2,,se,T4 2nd,PROD63,Sweden
177,,,,,,,,,,,,
177,Completed-Closed,Value 104,19.08935432931088,Completed,Medium,Closed,Org line V2,,se,T4 2nd,PROD63,Sweden
178,,,,,,,,,,,,
178,Queued-Awaiting Assignment,Value 46,18.840845540305278,Queued,Medium,Awaiting Assignment,Org line G3,,us,G199 3rd,PROD98,USA
178,,,,,,,,,,,,
178,Accepted-Assigned,Value 46,18.84085535491905,Accepted,Medium,Assigned,Org line G3,,us,G199 3rd,PROD98,USA
178,,,,,,,,,,,,
178,Accepted-In Progress,Value 74,18.8426375139591,Accepted,Medium,In Progress,Org line G3,,us,G199 3rd,PROD98,Sweden
178,,,,,,,,,,,,
178,Accepted-Assigned,Value 56,18.842637822167376,Accepted,Medium,Assigned,Org line A2,A2_2,us,G21 2nd,PROD98,Sweden
178,,,,,,,,,,,,
178,Accepted-Wait,Value 56,18.84531714285085,Accepted,Medium,Wait,Org line A2,A2_2,us,G21 2nd,PROD98,Sweden
178,,,,,,,,,,,,
178,Accepted-In Progress,Value 78,18.896058382309473,Accepted,Medium,In Progress,Org line A2,A2_2,us,G21 2nd,PROD98,Sweden
178,,,,,,,,,,,,
178,Accepted-Assigned,Value 56,18.896058624753042,Accepted,Medium,Assigned,Org line A2,A2_2,us,G21 2nd,PROD98,Sweden
178,,,,,,,,,,,,
178,Accepted-Assigned,Value 46,18.89606194435908,Accepted,Medium,Assigned,Org line G3,,us,G199 3rd,PROD98,USA
178,,,,,,,,,,,,
178,Completed-Closed,Value 43,19.06743931929031,Completed,Medium,Closed,Org line G3,,us,G199 3rd,PROD98,POLAND
179,,,,,,,,,,,,
179,Queued-Awaiting Assignment,Value 46,18.841326796205458,Queued,Medium,Awaiting Assignment,Org line G3,,us,G199 3rd,PROD98,USA
179,,,,,,,,,,,,
179,Accepted-Assigned,Value 46,18.841372863776847,Accepted,Medium,Assigned,Org line G3,,us,G199 3rd,PROD98,USA
179,,,,,,,,,,,,
179,Completed-Closed,Value 43,19.069688767620683,Completed,Medium,Closed,Org line G3,,us,G199 3rd,PROD98,POLAND
180,,,,,,,,,,,,
180,Completed-Closed,Value 60,18.869358726947123,Completed,Medium,Closed,Org line G4,,se,S30 2nd,PROD412,Sweden
180,,,,,,,,,,,,
180,Accepted-In Progress,Value 60,19.07738860888421,Accepted,Medium,In Progress,Org line G4,,se,S30 2nd,PROD412,Sweden
180,,,,,,,,,,,,
181,,,,,,,,,,,,
181,Queued-Awaiting Assignment,Value 46,18.84241881296246,Queued,Medium,Awaiting Assignment,Org line G3,,us,G199 3rd,PROD98,USA
181,,,,,,,,,,,,
181,Accepted-Wait,Value 74,18.842546299808756,Accepted,Medium,Wait,Org line G3,,us,G199 3rd,PROD98,Sweden
181,,,,,,,,,,,,
181,Accepted-Assigned,Value 54,18.842549598589006,Accepted,Medium,Assigned,Org line G3,,us,G199 3rd,PROD98,Sweden
181,,,,,,,,,,,,
181,Accepted-In Progress,Value 43,19.06968886168218,Accepted,Medium,In Progress,Org line G3,,us,G199 3rd,PROD98,POLAND
181,,,,,,,,,,,,
182,,,,,,,,,,,,
182,Accepted-In Progress,Value 116,19.065648970266032,Accepted,Low,In Progress,Org line G4,,se,G51 2nd,PROD54,Sweden
182,,,,,,,,,,,,
183,,,,,,,,,,,,
183,Accepted-In Progress,Value 131,19.068347282826842,Accepted,Medium,In Progress,Org line G4,,se,G51 2nd,PROD405,INDIA
183,,,,,,,,,,,,
184,,,,,,,,,,,,
184,Accepted-In Progress,Value 131,19.06834789504714,Accepted,Medium,In Progress,Org line G4,,se,G51 2nd,PROD405,INDIA
184,,,,,,,,,,,,
185,,,,,,,,,,,,
185,Accepted-In Progress,Value 3,19.086652186516254,Accepted,Medium,In Progress,Org line A2,A2_2,cn,M1 2nd,PROD753,China
185,,,,,,,,,,,,
186,,,,,,,,,,,,
186,Queued-Awaiting Assignment,Value 129,18.847232249742014,Queued,Medium,Awaiting Assignment,Org line G4,,se,S30 2nd,PROD412,Sweden
186,,,,,,,,,,,,
186,Accepted-Assigned,Value 88,19.07059609116151,Accepted,Medium,Assigned,Org line G4,,se,S30 2nd,PROD412,Sweden
186,,,,,,,,,,,,
186,Accepted-Assigned,Value 88,19.07059640963634,Accepted,Medium,Assigned,Org line G4,,se,S30 2nd,PROD412,Sweden
186,,,,,,,,,,,,
186,Completed-Closed,Value 60,19.083635995738454,Completed,Medium,Closed,Org line G4,,se,S30 2nd,PROD412,Sweden
187,,,,,,,,,,,,
187,Queued-Awaiting Assignment,Value 46,18.8488281070241,Queued,Medium,Awaiting Assignment,Org line G3,,us,G199 3rd,PROD98,USA
187,,,,,,,,,,,,
187,Accepted-Assigned,Value 46,18.848829788448338,Accepted,Medium,Assigned,Org line G3,,us,G199 3rd,PROD98,USA
187,,,,,,,,,,,,
187,Completed-Closed,Value 43,19.069703754640766,Completed,Medium,Closed,Org line G3,,us,G199 3rd,PROD98,POLAND
188,,,,,,,,,,,,
188,Completed-Closed,Value 8,19.08090175389438,Completed,Medium,Closed,Org line C,,se,G37 2nd,PROD415,Sweden
189,,,,,,,,,,,,
189,Queued-Awaiting Assignment,Value 46,18.849856538817043,Queued,Medium,Awaiting Assignment,Org line G3,,us,G199 3rd,PROD97,USA
189,,,,,,,,,,,,
189,Accepted-Assigned,Value 46,18.84991627696489,Accepted,Medium,Assigned,Org line G3,,us,G199 3rd,PROD97,USA
189,,,,,,,,,,,,
189,Completed-Closed,Value 43,19.055675851862805,Completed,Medium,Closed,Org line G3,,us,G199 3rd,PROD97,POLAND
190,,,,,,,,,,,,
190,Completed-Closed,Value 48,19.061125110903316,Completed,Medium,Closed,Org line G4,,se,S30 2nd,PROD409,Sweden
191,,,,,,,,,,,,
191,Queued-Awaiting Assignment,Value 46,18.8499111274896,Queued,Medium,Awaiting Assignment,Org line G3,,us,G199 3rd,PROD97,USA
191,,,,,,,,,,,,
191,Accepted-Assigned,Value 46,18.84991428488278,Accepted,Medium,Assigned,Org line G3,,us,G199 3rd,PROD97,USA
191,,,,,,,,,,,,
191,Accepted-Assigned,Value 56,18.92475135389798,Accepted,Medium,Assigned,Org line A2,A2_2,us,G21 2nd,PROD97,Sweden
191,,,,,,,,,,,,
191,Queued-Awaiting Assignment,Value 46,18.92832401138968,Queued,Medium,Awaiting Assignment,Org line G3,,us,G199 3rd,PROD97,USA
191,,,,,,,,,,,,
191,Accepted-Assigned,Value 46,18.928368551919423,Accepted,Medium,Assigned,Org line G3,,us,G199 3rd,PROD97,USA
191,,,,,,,,,,,,
191,Accepted-In Progress,Value 78,18.937464232343473,Accepted,Medium,In Progress,Org line G3,,us,G199 3rd,PROD97,Sweden
191,,,,,,,,,,,,
191,Accepted-In Progress,Value 78,18.93746479299307,Accepted,Medium,In Progress,Org line A2,A2_2,us,G21 2nd,PROD97,Sweden
191,,,,,,,,,,,,
191,Accepted-Assigned,Value 56,18.93904300974907,Accepted,Medium,Assigned,Org line A2,A2_2,us,G21 2nd,PROD97,Sweden
191,,,,,,,,,,,,
191,Queued-Awaiting Assignment,Value 46,18.95704783163979,Queued,Medium,Awaiting Assignment,Org line G3,,us,G199 3rd,PROD97,USA
191,,,,,,,,,,,,
191,Accepted-Assigned,Value 46,18.9584859729025,Accepted,Medium,Assigned,Org line G3,,us,G199 3rd,PROD97,USA
191,,,,,,,,,,,,
191,Completed-Closed,Value 43,19.06970583963727,Completed,Medium,Closed,Org line G3,,us,G199 3rd,PROD97,POLAND
192,,,,,,,,,,,,
192,Queued-Awaiting Assignment,Value 46,18.850320795724112,Queued,Medium,Awaiting Assignment,Org line G3,,us,G199 3rd,PROD97,USA
192,,,,,,,,,,,,
192,Accepted-Assigned,Value 46,18.850368591676258,Accepted,Medium,Assigned,Org line G3,,us,G199 3rd,PROD97,USA
192,,,,,,,,,,,,
192,Completed-Closed,Value 43,19.068966814988627,Completed,Medium,Closed,Org line G3,,us,G199 3rd,PROD97,POLAND
193,,,,,,,,,,,,
193,Queued-Awaiting Assignment,Value 46,18.85040331958251,Queued,Medium,Awaiting Assignment,Org line G3,,us,G199 3rd,PROD98,USA
193,,,,,,,,,,,,
193,Accepted-Assigned,Value 46,18.850407353849814,Accepted,Medium,Assigned,Org line G3,,us,G199 3rd,PROD98,USA
193,,,,,,,,,,,,
193,Completed-Closed,Value 43,19.069710532169886,Completed,Medium,Closed,Org line G3,,us,G199 3rd,PROD98,POLAND
194,,,,,,,,,,,,
194,Accepted-Wait,Value 132,18.93646833875322,Accepted,Medium,Wait,Org line G4,,se,S33 2nd,PROD374,Sweden
194,,,,,,,,,,,,
195,,,,,,,,,,,,
195,Queued-Awaiting Assignment,Value 46,18.85102651200954,Queued,Medium,Awaiting Assignment,Org line G3,,us,G199 3rd,PROD97,USA
195,,,,,,,,,,,,
195,Accepted-Assigned,Value 46,18.851146761837885,Accepted,Medium,Assigned,Org line G3,,us,G199 3rd,PROD97,USA
195,,,,,,,,,,,,
195,Completed-Closed,Value 43,19.07065490808792,Completed,Medium,Closed,Org line G3,,us,G199 3rd,PROD97,POLAND
196,,,,,,,,,,,,
196,Queued-Awaiting Assignment,Value 46,18.85495301266696,Queued,Medium,Awaiting Assignment,Org line G3,,us,G199 3rd,PROD97,USA
196,,,,,,,,,,,,
196,Accepted-Assigned,Value 46,18.85498814524357,Accepted,Medium,Assigned,Org line G3,,us,G199 3rd,PROD97,USA
196,,,,,,,,,,,,
196,Completed-Closed,Value 43,19.06743873270056,Completed,Medium,Closed,Org line G3,,us,G199 3rd,PROD97,POLAND
197,,,,,,,,,,,,
197,Queued-Awaiting Assignment,Value 46,18.854985075078684,Queued,Medium,Awaiting Assignment,Org line G3,,us,G199 3rd,PROD97,USA
197,,,,,,,,,,,,
197,Accepted-Assigned,Value 46,18.854987147764874,Accepted,Medium,Assigned,Org line A2,A2_2,us,G21 2nd,PROD97,USA
197,,,,,,,,,,,,
197,Completed-Closed,Value 43,19.07065547713236,Completed,Medium,Closed,Org line A2,A2_2,us,G21 2nd,PROD97,POLAND
198,,,,,,,,,,,,
198,Queued-Awaiting Assignment,Value 46,18.85668892056214,Queued,Medium,Awaiting Assignment,Org line G3,,us,G199 3rd,PROD96,USA
198,,,,,,,,,,,,
198,Accepted-Assigned,Value 46,18.86107170163063,Accepted,Medium,Assigned,Org line G3,,us,G199 3rd,PROD96,USA
198,,,,,,,,,,,,
198,Accepted-In Progress,Value 43,19.06743351622658,Accepted,Medium,In Progress,Org line G3,,us,G199 3rd,PROD96,POLAND
198,,,,,,,,,,,,
199,,,,,,,,,,,,
199,Completed-Closed,Value 118,19.089395734509033,Completed,Major,Closed,Org line C,E_3,be,G64 2nd,PROD436,France
200,,,,,,,,,,,,
200,Accepted-Wait,Value 133,18.880342233410335,Accepted,Medium,Wait,Org line G4,,se,S33 2nd,PROD374,Sweden
200,,,,,,,,,,,,
200,Accepted-Wait,Value 133,18.933376110659097,Accepted,Medium,Wait,Org line G4,,se,S33 2nd,PROD374,Sweden
200,,,,,,,,,,,,
201,,,,,,,,,,,,
201,Queued-Awaiting Assignment,Value 84,18.85771753325017,Queued,Medium,Awaiting Assignment,Org line C,E_7,se,G135 2nd,PROD310,Sweden
201,,,,,,,,,,,,
201,Accepted-Wait,Value 84,18.999981426763583,Accepted,Medium,Wait,Org line C,E_7,se,G135 2nd,PROD310,Sweden
201,,,,,,,,,,,,
202,,,,,,,,,,,,
202,Queued-Awaiting Assignment,Value 46,18.8582237634702,Queued,Medium,Awaiting Assignment,Org line G3,,us,G199 3rd,PROD97,USA
202,,,,,,,,,,,,
202,Accepted-Assigned,Value 46,18.858304301415686,Accepted,Medium,Assigned,Org line G3,,us,G199 3rd,PROD97,USA
202,,,,,,,,,,,,
202,Completed-Closed,Value 43,19.07065833279083,Completed,Medium,Closed,Org line G3,,us,G199 3rd,PROD97,POLAND
203,,,,,,,,,,,,
203,Accepted-In Progress,Value 60,18.99372214650228,Accepted,Medium,In Progress,Org line G4,,se,S30 2nd,PROD411,Sweden
203,,,,,,,,,,,,
203,Accepted-Wait,Value 134,19.06826586988622,Accepted,Medium,Wait,Org line G4,,se,S30 2nd,PROD411,Sweden
203,,,,,,,,,,,,
204,,,,,,,,,,,,
204,Queued-Awaiting Assignment,Value 46,18.86104972901813,Queued,Medium,Awaiting Assignment,Org line G3,,us,G199 3rd,PROD97,USA
204,,,,,,,,,,,,
204,Accepted-Assigned,Value 46,18.86107033680618,Accepted,Medium,Assigned,Org line G3,,us,G199 3rd,PROD97,USA
204,,,,,,,,,,,,
204,Accepted-Assigned,Value 73,18.922540334705094,Accepted,Medium,Assigned,Org line A2,A2_2,us,G21 2nd,PROD97,INDIA
204,,,,,,,,,,,,
204,Accepted-Assigned,Value 56,18.92456133873821,Accepted,Medium,Assigned,Org line A2,A2_2,us,G21 2nd,PROD97,Sweden
204,,,,,,,,,,,,
204,Accepted-Wait,Value 56,18.924565870089353,Accepted,Medium,Wait,Org line A2,A2_2,us,G21 2nd,PROD97,Sweden
204,,,,,,,,,,,,
204,Accepted-In Progress,Value 78,18.924620444069653,Accepted,Medium,In Progress,Org line G3,,us,G199 3rd,PROD97,Sweden
204,,,,,,,,,,,,
204,Accepted-In Progress,Value 43,19.070658452864045,Accepted,Medium,In Progress,Org line G3,,us,G199 3rd,PROD97,POLAND
204,,,,,,,,,,,,
205,,,,,,,,,,,,
205,Accepted-In Progress,Value 135,18.861145914374628,Accepted,Medium,In Progress,Org line A2,A2_2,br,S2 2nd,PROD144,Brazil
205,,,,,,,,,,,,
205,Accepted-In Progress,Value 136,19.042723092262566,Accepted,Medium,In Progress,Org line A2,A2_2,br,S2 2nd,PROD144,Brazil
205,,,,,,,,,,,,
205,Accepted-Assigned,Value 137,19.08092336360716,Accepted,Medium,Assigned,Org line A2,A2_2,br,S2 2nd,PROD144,Brazil
205,,,,,,,,,,,,
205,Completed-Closed,Value 137,19.103471991463692,Completed,Medium,Closed,Org line A2,A2_2,br,S2 2nd,PROD144,Brazil
206,,,,,,,,,,,,
206,Completed-Closed,Value 115,19.064738137460427,Completed,Medium,Closed,Org line G4,,se,S28 2nd,PROD108,Sweden
207,,,,,,,,,,,,
207,Accepted-Wait,Value 138,18.86217797423591,Accepted,High,Wait,Org line A2,A2_4,se,G105 2nd,PROD337,Sweden
207,,,,,,,,,,,,
208,,,,,,,,,,,,
208,Accepted-Wait,Value 139,18.91374718887852,Accepted,Medium,Wait,Org line G4,,se,S33 2nd,PROD374,Sweden
208,,,,,,,,,,,,
209,,,,,,,,,,,,
209,Queued-Awaiting Assignment,Value 46,18.864462907037723,Queued,Medium,Awaiting Assignment,Org line G3,,us,G199 3rd,PROD98,USA
209,,,,,,,,,,,,
209,Accepted-Assigned,Value 46,18.86506363471962,Accepted,Medium,Assigned,Org line G3,,us,G199 3rd,PROD98,USA
209,,,,,,,,,,,,
209,Completed-Closed,Value 43,19.067458645135186,Completed,Medium,Closed,Org line G3,,us,G199 3rd,PROD98,POLAND
210,,,,,,,,,,,,
210,Queued-Awaiting Assignment,Value 46,18.865094611571106,Queued,Medium,Awaiting Assignment,Org line G3,,us,G199 3rd,PROD96,USA
210,,,,,,,,,,,,
210,Accepted-Assigned,Value 78,18.86606350178427,Accepted,Medium,Assigned,Org line A2,A2_2,us,G21 2nd,PROD96,Sweden
210,,,,,,,,,,,,
210,Accepted-In Progress,Value 43,19.067435888782878,Accepted,Medium,In Progress,Org line A2,A2_2,us,G21 2nd,PROD96,POLAND
210,,,,,,,,,,,,
211,,,,,,,,,,,,
211,Accepted-Assigned,Value 140,18.865553727185095,Accepted,High,Assigned,Org line C,E_4,us,G88 2nd,PROD219,Sweden
211,,,,,,,,,,,,
211,Completed-Closed,Value 140,19.095466026966424,Completed,High,Closed,Org line C,E_4,us,G88 2nd,PROD219,Sweden
212,,,,,,,,,,,,
212,Queued-Awaiting Assignment,Value 46,18.86611107645806,Queued,Medium,Awaiting Assignment,Org line G3,,us,G199 3rd,PROD97,USA
212,,,,,,,,,,,,
212,Accepted-Assigned,Value 46,18.86612295215799,Accepted,Medium,Assigned,Org line G3,,us,G199 3rd,PROD97,USA
212,,,,,,,,,,,,
212,Completed-Closed,Value 43,19.06749355116863,Completed,Medium,Closed,Org line G3,,us,G199 3rd,PROD97,POLAND
213,,,,,,,,,,,,
213,Queued-Awaiting Assignment,Value 46,18.866519810227487,Queued,Medium,Awaiting Assignment,Org line G3,,us,G199 3rd,PROD98,USA
213,,,,,,,,,,,,
213,Accepted-In Progress,Value 78,18.866591026793124,Accepted,Medium,In Progress,Org line G3,,us,G199 3rd,PROD98,Sweden
213,,,,,,,,,,,,
213,Queued-Awaiting Assignment,Value 72,18.92253514638099,Queued,Medium,Awaiting Assignment,Org line A2,A2_2,us,G21 2nd,PROD98,Sweden
213,,,,,,,,,,,,
213,Accepted-In Progress,Value 56,18.92254540797614,Accepted,Medium,In Progress,Org line A2,A2_2,us,G21 2nd,PROD98,Sweden
213,,,,,,,,,,,,
213,Accepted-In Progress,Value 56,18.9226310927255,Accepted,Medium,In Progress,Org line A2,A2_2,us,G21 2nd,PROD98,Sweden
213,,,,,,,,,,,,
213,Accepted-In Progress,Value 74,18.923118909123854,Accepted,Medium,In Progress,Org line G3,,us,G199 3rd,PROD98,Sweden
213,,,,,,,,,,,,
213,Accepted-In Progress,Value 43,19.06896844656413,Accepted,Medium,In Progress,Org line G3,,us,G199 3rd,PROD98,POLAND
213,,,,,,,,,,,,
214,,,,,,,,,,,,
214,Queued-Awaiting Assignment,Value 141,18.889023469661133,Queued,Major,Awaiting Assignment,Org line A2,D_1,se,S52 2nd,PROD798,Korea
214,,Value 142,,,,,,,,,,
214,Queued-Awaiting Assignment,Value 58,18.962329591601055,Queued,Major,Awaiting Assignment,Org line G4,,se,G51 2nd,PROD798,Sweden
214,,,,,,,,,,,,
214,Completed-Closed,Value 59,19.06833229116154,Completed,Major,Closed,Org line G4,,se,G51 2nd,PROD798,Sweden
215,,,,,,,,,,,,
215,Accepted-Wait,Value 29,18.86889820623716,Accepted,Medium,Wait,Org line A2,A2_1,gb,G42 3rd,PROD235,United Kingdom
215,,,,,,,,,,,,
215,Accepted-In Progress,Value 29,18.885915011602844,Accepted,Medium,In Progress,Org line A2,A2_1,gb,G42 3rd,PROD235,United Kingdom
215,,,,,,,,,,,,
215,Accepted-In Progress,Value 29,18.92202556661884,Accepted,Medium,In Progress,Org line A2,A2_1,gb,G42 3rd,PROD235,United Kingdom
215,,,,,,,,,,,,
215,Accepted-Assigned,Value 77,18.98837998400733,Accepted,Medium,Assigned,Org line A2,A2_1,gb,G42 3rd,PROD235,United Kingdom
215,,,,,,,,,,,,
215,Accepted-In Progress,Value 143,19.115111720094006,Accepted,Medium,In Progress,Org line A2,A2_1,gb,G42 3rd,PROD235,United Kingdom
215,,,,,,,,,,,,
216,,,,,,,,,,,,
216,Queued-Awaiting Assignment,Value 46,18.86992022003405,Queued,Medium,Awaiting Assignment,Org line G3,,us,G199 3rd,PROD96,USA
216,,,,,,,,,,,,
216,Accepted-Assigned,Value 46,18.86992412527962,Accepted,Medium,Assigned,Org line G3,,us,G199 3rd,PROD96,USA
216,,,,,,,,,,,,
216,Completed-Closed,Value 43,19.070660306166147,Completed,Medium,Closed,Org line G3,,us,G199 3rd,PROD96,POLAND
217,,,,,,,,,,,,
217,Accepted-Wait,Value 62,18.8721546534113,Accepted,Medium,Wait,Org line A2,A2_3,se,S35 2nd,PROD368,Sweden
217,,,,,,,,,,,,
217,Accepted-Wait,Value 62,18.96402891740771,Accepted,Medium,Wait,Org line A2,A2_3,se,S35 2nd,PROD368,Sweden
217,,,,,,,,,,,,
217,Completed-Closed,Value 62,19.059268861196454,Completed,Medium,Closed,Org line A2,A2_3,se,S35 2nd,PROD368,Sweden
218,,,,,,,,,,,,
218,Queued-Awaiting Assignment,Value 46,18.87348415644221,Queued,Medium,Awaiting Assignment,Org line G3,,us,G199 3rd,PROD96,USA
218,,,,,,,,,,,,
218,Accepted-Assigned,Value 46,18.873758491473694,Accepted,Medium,Assigned,Org line G3,,us,G199 3rd,PROD96,USA
218,,,,,,,,,,,,
218,Completed-Closed,Value 43,19.070661851452034,Completed,Medium,Closed,Org line G3,,us,G199 3rd,PROD96,POLAND
219,,,,,,,,,,,,
219,Queued-Awaiting Assignment,Value 46,18.873485873217163,Queued,Medium,Awaiting Assignment,Org line G3,,us,G199 3rd,PROD96,USA
219,,,,,,,,,,,,
219,Accepted-Assigned,Value 46,18.873760074287528,Accepted,Medium,Assigned,Org line G3,,us,G199 3rd,PROD96,USA
219,,,,,,,,,,,,
219,Completed-Closed,Value 43,19.07066329754511,Completed,Medium,Closed,Org line G3,,us,G199 3rd,PROD96,POLAND
220,,,,,,,,,,,,
220,Completed-Closed,Value 62,19.117362844314936,Completed,High,Closed,Org line C,C_3,se,G91 3rd,PROD219,Sweden
221,,,,,,,,,,,,
221,Accepted-Wait,Value 132,18.936466774532896,Accepted,Medium,Wait,Org line G4,,se,S33 2nd,PROD374,Sweden
221,,,,,,,,,,,,
222,,,,,,,,,,,,
222,Completed-Closed,Value 126,19.058334791557442,Completed,Medium,Closed,Org line A2,A2_3,se,U6 2nd,PROD831,Sweden
223,,,,,,,,,,,,
223,Accepted-Wait,Value 8,18.878246669646774,Accepted,Low,Wait,Org line G4,,se,S33 2nd,PROD374,Sweden
223,,,,,,,,,,,,
224,,,,,,,,,,,,
224,Accepted-Wait,Value 132,18.936469156684247,Accepted,Low,Wait,Org line G4,,se,S33 2nd,PROD374,Sweden
224,,,,,,,,,,,,
225,,,,,,,,,,,,
225,Completed-Closed,Value 144,19.056609304742373,Completed,High,Closed,Org line C,V3_3,fr,V42 2nd,PROD157,France
226,,,,,,,,,,,,
226,Queued-Awaiting Assignment,Value 58,18.88033735192369,Queued,Medium,Awaiting Assignment,Org line G4,,se,G51 2nd,PROD821,Sweden
226,,,,,,,,,,,,
226,Completed-Closed,Value 116,19.081322997102767,Completed,Medium,Closed,Org line G4,,se,G51 2nd,PROD821,Sweden
227,,,,,,,,,,,,
227,Queued-Awaiting Assignment,Value 98,18.881544651649918,Queued,High,Awaiting Assignment,Org line A2,A2_3,se,G110 2nd,PROD539,Sweden
227,,,,,,,,,,,,
227,Accepted-In Progress,Value 129,18.88414613920346,Accepted,High,In Progress,Org line G4,,se,S30 2nd,PROD539,Sweden
227,,,,,,,,,,,,
227,Accepted-In Progress,Value 39,19.099529964099272,Accepted,High,In Progress,Org line A2,A2_3,se,M3 2nd,PROD539,Sweden
227,,,,,,,,,,,,
228,,,,,,,,,,,,
228,Accepted-Wait,Value 139,18.913753943758298,Accepted,Medium,Wait,Org line G4,,se,S33 2nd,PROD374,Sweden
228,,,,,,,,,,,,
229,,,,,,,,,,,,
229,Queued-Awaiting Assignment,Value 46,18.881996820454944,Queued,Medium,Awaiting Assignment,Org line G3,,us,G199 3rd,PROD96,USA
229,,,,,,,,,,,,
229,Accepted-Assigned,Value 46,18.88200192711424,Accepted,Medium,Assigned,Org line G3,,us,G199 3rd,PROD96,USA
229,,,,,,,,,,,,
229,Completed-Closed,Value 43,19.069356952438795,Completed,Medium,Closed,Org line G3,,us,G199 3rd,PROD96,POLAND
230,,,,,,,,,,,,
230,Accepted-Wait,Value 41,19.046816486902355,Accepted,Medium,Wait,Org line A2,A2_3,se,G349 3rd,PROD80,Sweden
230,,,,,,,,,,,,
231,,,,,,,,,,,,
231,Accepted-Assigned,Value 8,18.93597836740532,Accepted,Medium,Assigned,Org line C,C_6,se,G141 3rd,PROD660,Sweden
231,,,,,,,,,,,,
231,Completed-Closed,Value 8,18.96550266310571,Completed,Medium,Closed,Org line C,C_6,se,G141 3rd,PROD660,Sweden
231,,,,,,,,,,,,
231,Accepted-Assigned,Value 106,19.042756204430457,Accepted,Medium,Assigned,Org line C,C_6,se,G141 3rd,PROD660,Sweden
231,,,,,,,,,,,,
231,Accepted-Wait,Value 106,19.055190321328663,Accepted,Medium,Wait,Org line C,C_6,se,G141 3rd,PROD660,Sweden
231,,,,,,,,,,,,
232,,,,,,,,,,,,
232,Accepted-Wait,Value 41,19.046816396011195,Accepted,Medium,Wait,Org line A2,A2_3,se,G349 3rd,PROD750,Sweden
232,,,,,,,,,,,,
233,,,,,,,,,,,,
233,Accepted-Wait,Value 46,18.887431714033028,Accepted,Medium,Wait,Org line G3,,us,G199 3rd,PROD97,USA
233,,,,,,,,,,,,
233,Accepted-In Progress,Value 74,18.88745207369189,Accepted,Medium,In Progress,Org line G3,,us,G199 3rd,PROD97,Sweden
233,,,,,,,,,,,,
233,Accepted-In Progress,Value 43,19.06896747389444,Accepted,Medium,In Progress,Org line G3,,us,G199 3rd,PROD97,POLAND
233,,,,,,,,,,,,
234,,,,,,,,,,,,
234,Queued-Awaiting Assignment,Value 46,18.887982526495314,Queued,Medium,Awaiting Assignment,Org line G3,,us,G199 3rd,PROD96,USA
234,,,,,,,,,,,,
234,Accepted-Assigned,Value 46,18.88798727680134,Accepted,Medium,Assigned,Org line G3,,us,G199 3rd,PROD96,USA
234,,,,,,,,,,,,
234,Completed-Closed,Value 43,19.070666962363685,Completed,Medium,Closed,Org line G3,,us,G199 3rd,PROD96,POLAND
235,,,,,,,,,,,,
235,Queued-Awaiting Assignment,Value 46,18.888364171109767,Queued,Medium,Awaiting Assignment,Org line G3,,us,G199 3rd,PROD97,USA
235,,,,,,,,,,,,
235,Accepted-Assigned,Value 46,18.888501210581882,Accepted,Medium,Assigned,Org line G3,,us,G199 3rd,PROD97,USA
235,,,,,,,,,,,,
235,Completed-Closed,Value 43,19.070662441374733,Completed,Medium,Closed,Org line G3,,us,G199 3rd,PROD97,POLAND
236,,,,,,,,,,,,
236,Queued-Awaiting Assignment,Value 145,18.888536862697187,Queued,Medium,Awaiting Assignment,Org line C,E_10,se,G271 2nd,PROD154,Sweden
236,,,,,,,,,,,,
236,Accepted-In Progress,Value 146,18.88963058691031,Accepted,Medium,In Progress,Org line C,C_6,se,G290 3rd,PROD154,Belgium
236,,,,,,,,,,,,
236,Accepted-Wait,Value 146,18.889633145852198,Accepted,Medium,Wait,Org line C,C_6,se,G290 3rd,PROD154,Belgium
236,,,,,,,,,,,,
236,Accepted-In Progress,Value 148,19.003342186199166,Accepted,Medium,In Progress,Org line C,C_6,se,G270 3rd,PROD154,France
236,,,,,,,,,,,,
236,Queued-Awaiting Assignment,Value 147,19.00386932607788,Queued,Medium,Awaiting Assignment,Org line C,C_6,se,G270 3rd,PROD154,France
236,,,,,,,,,,,,
236,Accepted-Assigned,Value 150,19.038521471390172,Accepted,Medium,Assigned,Org line C,C_6,se,G270 3rd,PROD154,USA
236,,,,,,,,,,,,
236,Accepted-In Progress,Value 151,19.07055176996168,Accepted,Medium,In Progress,Org line A2,A2_1,se,J2 2nd,PROD154,Sweden
236,,,,,,,,,,,,
236,Completed-Closed,Value 151,19.08716842198651,Completed,Medium,Closed,Org line A2,A2_1,se,J2 2nd,PROD154,Sweden
237,,,,,,,,,,,,
237,Accepted-Assigned,Value 152,18.996081046952217,Accepted,Low,Assigned,Org line C,V3_2,fr,G96,PROD642,INDIA
237,,,,,,,,,,,,
237,Completed-Closed,Value 152,19.003318643347555,Completed,Low,Closed,Org line C,V3_2,fr,G96,PROD642,INDIA
237,,Value 153,,,,,,,,,,
237,Queued-Awaiting Assignment,Value 154,19.035991034732714,Queued,Low,Awaiting Assignment,Org line C,E_6,fr,G130 3rd,PROD642,France
237,,,,,,,,,,,,
237,Accepted-Wait,Value 152,19.036038670902897,Accepted,Low,Wait,Org line C,E_8,fr,G181 2nd,PROD642,INDIA
237,,,,,,,,,,,,
237,Queued-Awaiting Assignment,Value 156,19.039821411057634,Queued,Low,Awaiting Assignment,Org line C,E_8,fr,G181 2nd,PROD642,INDIA
237,,,,,,,,,,,,
237,Queued-Awaiting Assignment,Value 154,19.068337827376855,Queued,Low,Awaiting Assignment,Org line C,E_6,fr,G130 3rd,PROD642,France
237,,,,,,,,,,,,
237,Queued-Awaiting Assignment,Value 154,19.068337921565508,Queued,Low,Awaiting Assignment,Org line C,E_6,fr,G130 3rd,PROD642,France
237,,,,,,,,,,,,
237,Accepted-Wait,Value 157,19.07678800330275,Accepted,Low,Wait,Org line C,E_6,fr,G130 3rd,PROD642,INDIA
237,,,,,,,,,,,,
237,Accepted-In Progress,Value 155,19.077339215235575,Accepted,Low,In Progress,Org line C,V3_2,fr,G96,PROD642,POLAND
237,,,,,,,,,,,,
237,Accepted-In Progress,Value 157,19.077345267060995,Accepted,Low,In Progress,Org line C,E_6,fr,G130 3rd,PROD642,INDIA
237,,,,,,,,,,,,
237,Accepted-In Progress,Value 84,19.07772769717496,Accepted,Low,In Progress,Org line C,V3_2,fr,G97,PROD642,China
237,,,,,,,,,,,,
237,Accepted-In Progress,Value 157,19.0777828098047,Accepted,Low,In Progress,Org line B,,fr,B4 2nd,PROD642,INDIA
237,,,,,,,,,,,,
237,Accepted-In Progress,Value 157,19.07778332815587,Accepted,Low,In Progress,Org line C,E_6,fr,G130 3rd,PROD642,INDIA
237,,,,,,,,,,,,
237,Accepted-Wait,Value 88,19.080081515973724,Accepted,Low,Wait,Org line C,E_6,fr,G130 3rd,PROD642,China
237,,,,,,,,,,,,
238,,,,,,,,,,,,
238,Accepted-Wait,Value 8,18.90942813740049,Accepted,High,Wait,Org line G4,,se,S33 2nd,PROD374,Sweden
238,,,,,,,,,,,,
239,,,,,,,,,,,,
239,Accepted-Wait,Value 139,18.913752703942013,Accepted,Medium,Wait,Org line G4,,se,S33 2nd,PROD374,Sweden
239,,,,,,,,,,,,
240,,,,,,,,,,,,
240,Accepted-In Progress,Value 57,19.07153283510369,Accepted,Low,In Progress,Org line A2,A2_3,se,U6 2nd,PROD829,Sweden
240,,,,,,,,,,,,
241,,,,,,,,,,,,
241,Queued-Awaiting Assignment,Value 81,18.89557470227272,Queued,Medium,Awaiting Assignment,Org line C,C_6,se,G261 3rd,PROD424,Sweden
241,,,,,,,,,,,,
241,Accepted-Wait,Value 42,18.89977585143203,Accepted,Medium,Wait,Org line C,C_6,se,G261 3rd,PROD424,Sweden
241,,,,,,,,,,,,
242,,,,,,,,,,,,
242,Accepted-In Progress,Value 60,19.077390014169122,Accepted,Medium,In Progress,Org line G4,,se,S30 2nd,PROD412,Sweden
242,,,,,,,,,,,,
243,,,,,,,,,,,,
243,Queued-Awaiting Assignment,Value 46,18.895998472079995,Queued,Medium,Awaiting Assignment,Org line G3,,us,G199 3rd,PROD96,USA
243,,,,,,,,,,,,
243,Accepted-Assigned,Value 46,18.896027616365178,Accepted,Medium,Assigned,Org line G3,,us,G199 3rd,PROD96,USA
243,,,,,,,,,,,,
243,Completed-Closed,Value 43,19.06743341147783,Completed,Medium,Closed,Org line G3,,us,G199 3rd,PROD96,POLAND
244,,,,,,,,,,,,
244,Accepted-Wait,Value 68,19.02353637727798,Accepted,Medium,Wait,Org line A2,A2_2,pl,W8 2nd,PROD703,POLAND
244,,,,,,,,,,,,
245,,,,,,,,,,,,
245,Accepted-Assigned,Value 158,18.8966058814115,Accepted,Low,Assigned,Org line A2,A2_3,pl,N26 2nd,PROD791,POLAND
245,,,,,,,,,,,,
245,Accepted-Wait,Value 159,18.92888887306614,Accepted,Low,Wait,Org line A2,A2_3,pl,N26 2nd,PROD791,POLAND
245,,,,,,,,,,,,
245,Accepted-Assigned,Value 160,19.016318403429054,Accepted,Low,Assigned,Org line A2,A2_3,pl,N26 2nd,PROD791,POLAND
245,,,,,,,,,,,,
245,Accepted-Wait,Value 160,19.059668051727794,Accepted,Low,Wait,Org line A2,A2_3,pl,N26 2nd,PROD791,POLAND
245,,,,,,,,,,,,
246,,,,,,,,,,,,
246,Queued-Awaiting Assignment,Value 46,18.89700690629578,Queued,Medium,Awaiting Assignment,Org line G3,,us,G199 3rd,PROD97,USA
246,,,,,,,,,,,,
246,Accepted-Assigned,Value 46,18.897104519880934,Accepted,Medium,Assigned,Org line G3,,us,G199 3rd,PROD97,USA
246,,,,,,,,,,,,
246,Completed-Closed,Value 43,19.070766977490802,Completed,Medium,Closed,Org line G3,,us,G199 3rd,PROD97,POLAND
247,,,,,,,,,,,,
247,Queued-Awaiting Assignment,Value 46,18.897011166764358,Queued,Medium,Awaiting Assignment,Org line G3,,us,G199 3rd,PROD97,USA
247,,,,,,,,,,,,
247,Accepted-Assigned,Value 46,18.89710583019063,Accepted,Medium,Assigned,Org line G3,,us,G199 3rd,PROD97,USA
247,,,,,,,,,,,,
247,Completed-Closed,Value 43,19.067438434168146,Completed,Medium,Closed,Org line G3,,us,G199 3rd,PROD97,POLAND
248,,,,,,,,,,,,
248,Queued-Awaiting Assignment,Value 46,18.897124584198096,Queued,Medium,Awaiting Assignment,Org line G3,,us,G199 3rd,PROD97,USA
248,,,,,,,,,,,,
248,Accepted-Assigned,Value 46,18.897129583137403,Accepted,Medium,Assigned,Org line G3,,us,G199 3rd,PROD97,USA
248,,,,,,,,,,,,
248,Accepted-In Progress,Value 78,19.017437798776243,Accepted,Medium,In Progress,Org line A2,A2_2,us,G21 2nd,PROD97,Sweden
248,,,,,,,,,,,,
248,Accepted-Wait,Value 79,19.020643078086113,Accepted,Medium,Wait,Org line A2,A2_2,us,G21 2nd,PROD97,Sweden
248,,,,,,,,,,,,
248,Accepted-In Progress,Value 43,19.070741440887524,Accepted,Medium,In Progress,Org line G3,,us,G199 3rd,PROD97,POLAND
248,,,,,,,,,,,,
249,,,,,,,,,,,,
249,Queued-Awaiting Assignment,Value 46,18.89863614886369,Queued,Medium,Awaiting Assignment,Org line G3,,us,G199 3rd,PROD97,USA
249,,,,,,,,,,,,
249,Accepted-Assigned,Value 46,18.898753343818278,Accepted,Medium,Assigned,Org line G3,,us,G199 3rd,PROD97,USA
249,,,,,,,,,,,,
249,Completed-Closed,Value 43,19.070746911580237,Completed,Medium,Closed,Org line G3,,us,G199 3rd,PROD97,POLAND
250,,,,,,,,,,,,
250,Accepted-Wait,Value 161,19.042726103969077,Accepted,Low,Wait,Org line A2,A2_4,us,L23 3rd,PROD546,Sweden
250,,,,,,,,,,,,
251,,,,,,,,,,,,
251,Queued-Awaiting Assignment,Value 46,18.89936192039579,Queued,Medium,Awaiting Assignment,Org line G3,,us,G199 3rd,PROD96,USA
251,,,,,,,,,,,,
251,Accepted-Assigned,Value 46,18.899363333082782,Accepted,Medium,Assigned,Org line G3,,us,G199 3rd,PROD96,USA
251,,,,,,,,,,,,
251,Queued-Awaiting Assignment,Value 72,18.906717921136053,Queued,Medium,Awaiting Assignment,Org line A2,A2_2,us,G21 2nd,PROD96,Sweden
251,,,,,,,,,,,,
251,Accepted-Wait,Value 56,18.906763311455723,Accepted,Medium,Wait,Org line A2,A2_2,us,G21 2nd,PROD96,Sweden
251,,,,,,,,,,,,
251,Accepted-In Progress,Value 74,18.924859506197,Accepted,Medium,In Progress,Org line G3,,us,G199 3rd,PROD96,Sweden
251,,,,,,,,,,,,
251,Accepted-In Progress,Value 43,19.067456194073102,Accepted,Medium,In Progress,Org line G3,,us,G199 3rd,PROD96,POLAND
251,,,,,,,,,,,,
252,,,,,,,,,,,,
252,Completed-Closed,Value 162,19.05647987386891,Completed,Medium,Closed,Org line A2,D_1,in,L50 3rd,PROD611,Sweden
253,,,,,,,,,,,,
253,Accepted-Wait,Value 132,18.936465944659286,Accepted,High,Wait,Org line G4,,se,S33 2nd,PROD374,Sweden
253,,,,,,,,,,,,
254,,,,,,,,,,,,
254,Accepted-In Progress,Value 15,18.901958864092983,Accepted,Low,In Progress,Org line G4,,se,S28 2nd,PROD633,Sweden
254,,,,,,,,,,,,
254,Completed-Closed,Value 15,19.06841314930271,Completed,Low,Closed,Org line G4,,se,S28 2nd,PROD633,Sweden
255,,,,,,,,,,,,
255,Accepted-In Progress,Value 108,18.899947388696255,Accepted,Medium,In Progress,Org line G4,,se,S33 2nd,PROD374,Sweden
255,,,,,,,,,,,,
255,Queued-Awaiting Assignment,Value 108,18.99850503770661,Queued,Medium,Awaiting Assignment,Org line G4,,se,S33 2nd,PROD374,Sweden
255,,,,,,,,,,,,
255,Accepted-Wait,Value 76,19.057227355636158,Accepted,Medium,Wait,Org line G4,,se,S33 2nd,PROD374,Sweden
255,,,,,,,,,,,,
256,,,,,,,,,,,,
256,Accepted-Wait,Value 132,18.936466995434387,Accepted,Medium,Wait,Org line G4,,se,S33 2nd,PROD374,Sweden
256,,,,,,,,,,,,
256,Completed-Closed,Value 132,19.057838552370875,Completed,Medium,Closed,Org line G4,,se,S33 2nd,PROD374,Sweden
257,,,,,,,,,,,,
257,Completed-Closed,Value 162,19.055158816619088,Completed,Medium,Closed,Org line A2,D_1,in,L50 3rd,PROD611,Sweden
258,,,,,,,,,,,,
258,Completed-Closed,Value 163,19.059234422002575,Completed,High,Closed,Org line A2,A2_5,fr,V5 3rd,PROD230,France
259,,,,,,,,,,,,
259,Completed-Closed,Value 163,19.059234754677554,Completed,High,Closed,Org line A2,A2_5,fr,V5 3rd,PROD230,France
260,,,,,,,,,,,,
260,Queued-Awaiting Assignment,Value 46,18.90405823682207,Queued,Medium,Awaiting Assignment,Org line G3,,us,G199 3rd,PROD97,USA
260,,,,,,,,,,,,
260,Accepted-Assigned,Value 46,18.904062337848583,Accepted,Medium,Assigned,Org line G3,,us,G199 3rd,PROD97,USA
260,,,,,,,,,,,,
260,Completed-Closed,Value 43,19.080986469356393,Completed,Medium,Closed,Org line G3,,us,G199 3rd,PROD97,POLAND
261,,,,,,,,,,,,
261,Queued-Awaiting Assignment,Value 46,18.90409747031434,Queued,Medium,Awaiting Assignment,Org line G3,,us,G199 3rd,PROD97,USA
261,,,,,,,,,,,,
261,Accepted-Assigned,Value 46,18.904099647166905,Accepted,Medium,Assigned,Org line G3,,us,G199 3rd,PROD97,USA
261,,,,,,,,,,,,
261,Completed-Closed,Value 43,19.067439963491157,Completed,Medium,Closed,Org line G3,,us,G199 3rd,PROD97,POLAND
262,,,,,,,,,,,,
262,Completed-Closed,Value 8,19.065595908049463,Completed,High,Closed,Org line G4,,se,S33 2nd,PROD374,Sweden
263,,,,,,,,,,,,
263,Accepted-Wait,Value 164,18.907751110623025,Accepted,Medium,Wait,Org line G4,,se,S33 2nd,PROD745,Sweden
263,,,,,,,,,,,,
263,Completed-Closed,Value 164,19.064231825914955,Completed,Medium,Closed,Org line G4,,se,S33 2nd,PROD745,Sweden
264,,,,,,,,,,,,
264,Queued-Awaiting Assignment,Value 46,18.90643042586671,Queued,Medium,Awaiting Assignment,Org line G3,,us,G199 3rd,PROD96,USA
264,,,,,,,,,,,,
264,Accepted-Assigned,Value 46,18.912025693549705,Accepted,Medium,Assigned,Org line G3,,us,G199 3rd,PROD96,USA
264,,,,,,,,,,,,
264,Completed-Closed,Value 43,19.067436580122727,Completed,Medium,Closed,Org line G3,,us,G199 3rd,PROD96,POLAND
265,,,,,,,,,,,,
265,Accepted-In Progress,Value 143,19.10956468982774,Accepted,Medium,In Progress,Org line A2,A2_1,gb,G42 3rd,PROD236,United Kingdom
265,,,,,,,,,,,,
266,,,,,,,,,,,,
266,Completed-Closed,Value 139,19.068402595679604,Completed,Medium,Closed,Org line G4,,se,S33 2nd,PROD374,Sweden
267,,,,,,,,,,,,
267,Queued-Awaiting Assignment,Value 46,18.910342737637915,Queued,Medium,Awaiting Assignment,Org line G3,,us,G199 3rd,PROD97,USA
267,,,,,,,,,,,,
267,Accepted-Assigned,Value 46,18.91045492890156,Accepted,Medium,Assigned,Org line G3,,us,G199 3rd,PROD97,USA
267,,,,,,,,,,,,
267,Completed-Closed,Value 43,19.068972415674192,Completed,Medium,Closed,Org line G3,,us,G199 3rd,PROD97,POLAND
268,,,,,,,,,,,,
268,Queued-Awaiting Assignment,Value 165,18.912143880786193,Queued,High,Awaiting Assignment,Org line C,V3_3,se,N22 2nd,PROD835,USA
268,,,,,,,,,,,,
268,Accepted-In Progress,Value 165,18.91537894920118,Accepted,High,In Progress,Org line C,V3_3,se,N22 2nd,PROD835,USA
268,,,,,,,,,,,,
268,Queued-Awaiting Assignment,Value 166,18.922077626513655,Queued,High,Awaiting Assignment,Org line C,E_1,se,G294 2nd,PROD835,Sweden
268,,,,,,,,,,,,
268,Completed-Closed,Value 166,19.08759976382117,Completed,High,Closed,Org line C,E_1,se,G294 2nd,PROD835,Sweden
269,,,,,,,,,,,,
269,Completed-Closed,Value 38,19.08987220385038,Completed,Low,Closed,Org line A2,A2_3,se,G354 3rd,PROD729,Sweden
270,,,,,,,,,,,,
270,Completed-Closed,Value 163,19.059235831910062,Completed,Medium,Closed,Org line A2,A2_5,fr,V5 3rd,PROD230,France
271,,,,,,,,,,,,
271,Accepted-Wait,Value 76,18.92226435962538,Accepted,Low,Wait,Org line G4,,se,S33 2nd,PROD374,Sweden
271,,,,,,,,,,,,
272,,,,,,,,,,,,
272,Queued-Awaiting Assignment,Value 46,18.914790722506318,Queued,Medium,Awaiting Assignment,Org line G3,,us,G199 3rd,PROD96,USA
272,,,,,,,,,,,,
272,Accepted-Assigned,Value 46,18.91491867346235,Accepted,Medium,Assigned,Org line G3,,us,G199 3rd,PROD96,USA
272,,,,,,,,,,,,
272,Completed-Closed,Value 43,19.06743534932797,Completed,Medium,Closed,Org line G3,,us,G199 3rd,PROD96,POLAND
273,,,,,,,,,,,,
273,Completed-Closed,Value 167,19.080074539445622,Completed,Low,Closed,Org line V2,,se,T10 2nd,PROD421,Sweden
274,,,,,,,,,,,,
274,Accepted-In Progress,Value 60,18.99375263677739,Accepted,High,In Progress,Org line G4,,se,S30 2nd,PROD412,Sweden
274,,,,,,,,,,,,
274,Accepted-Assigned,Value 60,19.067828524286075,Accepted,High,Assigned,Org line G4,,se,S30 2nd,PROD412,Sweden
274,,,,,,,,,,,,
274,Completed-Closed,Value 88,19.067828634228817,Completed,High,Closed,Org line G4,,se,S30 2nd,PROD412,Sweden
275,,,,,,,,,,,,
275,Completed-Closed,Value 28,19.074627021562804,Completed,Medium,Closed,Org line A2,A2_1,gb,G42 3rd,PROD236,United Kingdom
276,,,,,,,,,,,,
276,Accepted-In Progress,Value 168,19.105190357906974,Accepted,Medium,In Progress,Org line V11,,gb,V50 2nd,PROD158,United Kingdom
276,,,,,,,,,,,,
277,,,,,,,,,,,,
277,Accepted-Wait,Value 168,18.91887043754947,Accepted,High,Wait,Org line V11,,gb,V50 2nd,PROD158,United Kingdom
277,,,,,,,,,,,,
277,Completed-Closed,Value 168,19.10518379141131,Completed,High,Closed,Org line V11,,gb,V50 2nd,PROD158,United Kingdom
278,,,,,,,,,,,,
278,Queued-Awaiting Assignment,Value 46,18.918893946464696,Queued,Medium,Awaiting Assignment,Org line G3,,us,G199 3rd,PROD98,USA
278,,,,,,,,,,,,
278,Accepted-Assigned,Value 46,18.91893178803431,Accepted,Medium,Assigned,Org line G3,,us,G199 3rd,PROD98,USA
278,,,,,,,,,,,,
278,Completed-Closed,Value 43,19.07075654264115,Completed,Medium,Closed,Org line G3,,us,G199 3rd,PROD98,POLAND
279,,,,,,,,,,,,
279,Accepted-Assigned,Value 29,18.92096853123755,Accepted,High,Assigned,Org line A2,A2_1,gb,G42 3rd,PROD236,United Kingdom
279,,,,,,,,,,,,
279,Accepted-In Progress,Value 143,18.990356921747892,Accepted,High,In Progress,Org line A2,A2_1,gb,G42 3rd,PROD236,United Kingdom
279,,,,,,,,,,,,
279,Completed-Closed,Value 143,19.07463687531905,Completed,High,Closed,Org line A2,A2_1,gb,G42 3rd,PROD236,United Kingdom
280,,,,,,,,,,,,
280,Queued-Awaiting Assignment,Value 169,18.920971368980226,Queued,Medium,Awaiting Assignment,Org line A2,A2_4,fr,V36 3rd,PROD222,France
280,,,,,,,,,,,,
280,Completed-Closed,Value 169,19.10508474910374,Completed,Medium,Closed,Org line A2,A2_4,fr,V36 3rd,PROD222,France
281,,,,,,,,,,,,
281,Completed-Closed,Value 133,19.086760273625014,Completed,Low,Closed,Org line G4,,se,S33 2nd,PROD448,Sweden
282,,,,,,,,,,,,
282,Queued-Awaiting Assignment,Value 46,18.921451486399977,Queued,Medium,Awaiting Assignment,Org line G3,,us,G199 3rd,PROD97,USA
282,,,,,,,,,,,,
282,Accepted-Assigned,Value 46,18.921473025659854,Accepted,Medium,Assigned,Org line G3,,us,G199 3rd,PROD97,USA
282,,,,,,,,,,,,
282,Completed-Closed,Value 43,19.070761480807683,Completed,Medium,Closed,Org line G3,,us,G199 3rd,PROD97,POLAND
283,,,,,,,,,,,,
283,Queued-Awaiting Assignment,Value 46,18.92151131518519,Queued,Medium,Awaiting Assignment,Org line G3,,us,G199 3rd,PROD97,USA
283,,,,,,,,,,,,
283,Accepted-Assigned,Value 46,18.921513399916247,Accepted,Medium,Assigned,Org line G3,,us,G199 3rd,PROD97,USA
283,,,,,,,,,,,,
283,Completed-Closed,Value 43,19.06760399075514,Completed,Medium,Closed,Org line G3,,us,G199 3rd,PROD97,POLAND
284,,,,,,,,,,,,
284,Queued-Awaiting Assignment,Value 46,18.921514133207243,Queued,Medium,Awaiting Assignment,Org line G3,,us,G199 3rd,PROD98,USA
284,,,,,,,,,,,,
284,Accepted-Assigned,Value 46,18.921583950955586,Accepted,Medium,Assigned,Org line G3,,us,G199 3rd,PROD98,USA
284,,,,,,,,,,,,
284,Completed-Closed,Value 43,19.05833390362517,Completed,Medium,Closed,Org line G3,,us,G199 3rd,PROD98,POLAND
285,,,,,,,,,,,,
285,Accepted-In Progress,Value 168,19.105184013321235,Accepted,Medium,In Progress,Org line V11,,gb,V50 2nd,PROD158,United Kingdom
285,,,,,,,,,,,,
286,,,,,,,,,,,,
286,Accepted-Assigned,Value 39,19.09331194363996,Accepted,Major,Assigned,Org line A2,A2_3,se,M3 2nd,PROD655,Sweden
286,,,,,,,,,,,,
287,,,,,,,,,,,,
287,Accepted-In Progress,Value 170,18.922096632696928,Accepted,High,In Progress,Org line A2,A2_3,se,M3 2nd,PROD655,INDIA
287,,,,,,,,,,,,
287,Completed-Closed,Value 170,19.07138655179834,Completed,High,Closed,Org line A2,A2_3,se,M3 2nd,PROD655,INDIA
288,,,,,,,,,,,,
288,Accepted-In Progress,Value 164,19.096461833050395,Accepted,High,In Progress,Org line A2,A2_4,se,G105 2nd,PROD337,Sweden
288,,,,,,,,,,,,
289,,,,,,,,,,,,
289,Accepted-In Progress,Value 168,19.105190690769664,Accepted,Medium,In Progress,Org line V11,,gb,V50 2nd,PROD158,United Kingdom
289,,,,,,,,,,,,
290,,,,,,,,,,,,
290,Accepted-In Progress,Value 168,19.105184477314562,Accepted,Medium,In Progress,Org line V11,,gb,V50 2nd,PROD158,United Kingdom
290,,,,,,,,,,,,
291,,,,,,,,,,,,
291,Accepted-Wait,Value 76,18.92457440709912,Accepted,High,Wait,Org line C,E_6,se,G48 2nd,PROD98,Sweden
291,,,,,,,,,,,,
291,Completed-Closed,Value 76,19.077297255942568,Completed,High,Closed,Org line C,E_6,se,G48 2nd,PROD98,Sweden
292,,,,,,,,,,,,
292,Accepted-In Progress,Value 168,19.105184795049,Accepted,Medium,In Progress,Org line V11,,gb,V50 2nd,PROD158,United Kingdom
292,,,,,,,,,,,,
293,,,,,,,,,,,,
293,Accepted-Assigned,Value 119,19.093311785427126,Accepted,Major,Assigned,Org line A2,A2_3,se,M3 2nd,PROD234,Sweden
293,,,,,,,,,,,,
293,Completed-Closed,Value 39,19.099528665665577,Completed,Major,Closed,Org line A2,A2_3,se,M3 2nd,PROD234,Sweden
294,,,,,,,,,,,,
294,Accepted-Assigned,Value 133,19.045426512007577,Accepted,Low,Assigned,Org line G4,,se,S33 2nd,PROD374,Sweden
294,,,,,,,,,,,,
294,Completed-Closed,Value 133,19.092360560710922,Completed,Low,Closed,Org line G4,,se,S33 2nd,PROD374,Sweden
295,,,,,,,,,,,,
295,Queued-Awaiting Assignment,Value 171,18.926300707751217,Queued,Medium,Awaiting Assignment,Org line C,C_3,gb,G94 3rd,PROD793,United Kingdom
295,,,,,,,,,,,,
295,Completed-Closed,Value 171,19.07463330301864,Completed,Medium,Closed,Org line C,C_3,gb,G94 3rd,PROD793,United Kingdom
296,,,,,,,,,,,,
296,Accepted-Wait,Value 50,18.92515458378165,Accepted,Low,Wait,Org line A2,A2_1,pl,W9 2nd,PROD756,POLAND
296,,,,,,,,,,,,
296,Accepted-In Progress,Value 172,18.97953051857449,Accepted,Low,In Progress,Org line A2,A2_1,pl,W9 2nd,PROD756,POLAND
296,,,,,,,,,,,,
296,Accepted-Assigned,Value 173,19.0200888179259,Accepted,Low,Assigned,Org line A2,A2_1,pl,W15 2nd,PROD756,POLAND
296,,,,,,,,,,,,
296,Accepted-Wait,Value 173,19.03289392100262,Accepted,Low,Wait,Org line A2,A2_1,pl,W15 2nd,PROD756,POLAND
296,,,,,,,,,,,,
296,Accepted-Wait,Value 173,19.045510587300694,Accepted,Low,Wait,Org line A2,A2_1,pl,W15 2nd,PROD756,POLAND
296,,,,,,,,,,,,
297,,,,,,,,,,,,
297,Queued-Awaiting Assignment,Value 58,18.92518536017654,Queued,Medium,Awaiting Assignment,Org line G4,,be,G51 2nd,PROD816,Sweden
297,,,,,,,,,,,,
297,Queued-Awaiting Assignment,Value 77,19.064323014222715,Queued,Medium,Awaiting Assignment,Org line C,E_1,be,G55 2nd,PROD816,Belgium
297,,,,,,,,,,,,
297,Completed-Closed,Value 77,19.066136168371848,Completed,Medium,Closed,Org line C,E_1,be,G55 2nd,PROD816,Belgium
298,,,,,,,,,,,,
298,Queued-Awaiting Assignment,Value 174,18.925419379537264,Queued,Major,Awaiting Assignment,Org line C,C_5,in,G120 3rd,PROD604,Sweden
298,,,,,,,,,,,,
298,Queued-Awaiting Assignment,Value 13,18.968621847190693,Queued,Major,Awaiting Assignment,Org line C,,in,G163 3rd,PROD604,Sweden
298,,,,,,,,,,,,
298,Accepted-In Progress,Value 156,18.96862617166042,Accepted,Major,In Progress,Org line C,E_8,in,G181 2nd,PROD604,INDIA
298,,,,,,,,,,,,
298,Queued-Awaiting Assignment,Value 176,18.968628322325568,Queued,Major,Awaiting Assignment,Org line C,E_7,in,G157 2nd,PROD604,INDIA
298,,,,,,,,,,,,
298,Accepted-Assigned,Value 177,18.986332859406723,Accepted,Major,Assigned,Org line C,E_7,in,G157 2nd,PROD604,Sweden
298,,,,,,,,,,,,
298,Accepted-Assigned,Value 177,19.08702960572795,Accepted,Major,Assigned,Org line C,E_7,in,G157 2nd,PROD604,Sweden
298,,,,,,,,,,,,
298,Completed-Closed,Value 176,19.088091028722992,Completed,Major,Closed,Org line C,E_7,in,G157 2nd,PROD604,INDIA
299,,,,,,,,,,,,
299,Accepted-In Progress,Value 60,19.077390740145795,Accepted,Medium,In Progress,Org line G4,,se,S30 2nd,PROD412,Sweden
299,,,,,,,,,,,,
300,,,,,,,,,,,,
300,Queued-Awaiting Assignment,Value 46,18.926255146156787,Queued,Medium,Awaiting Assignment,Org line G3,,us,G199 3rd,PROD98,USA
300,,,,,,,,,,,,
300,Accepted-Assigned,Value 46,18.92628838569794,Accepted,Medium,Assigned,Org line G3,,us,G199 3rd,PROD98,USA
300,,,,,,,,,,,,
300,Completed-Closed,Value 43,19.06743968590873,Completed,Medium,Closed,Org line G3,,us,G199 3rd,PROD98,POLAND
301,,,,,,,,,,,,
301,Queued-Awaiting Assignment,Value 46,18.926272004309297,Queued,Medium,Awaiting Assignment,Org line G3,,us,G199 3rd,PROD98,USA
301,,,,,,,,,,,,
301,Accepted-Assigned,Value 46,18.926289187872452,Accepted,Medium,Assigned,Org line G3,,us,G199 3rd,PROD98,USA
301,,,,,,,,,,,,
301,Completed-Closed,Value 43,19.067604870494236,Completed,Medium,Closed,Org line G3,,us,G199 3rd,PROD98,POLAND
302,,,,,,,,,,,,
302,Queued-Awaiting Assignment,Value 46,18.926755232931047,Queued,Medium,Awaiting Assignment,Org line G3,,us,G199 3rd,PROD97,USA
302,,,,,,,,,,,,
302,Accepted-Assigned,Value 46,18.9267701354565,Accepted,Medium,Assigned,Org line G3,,us,G199 3rd,PROD97,USA
302,,,,,,,,,,,,
302,Accepted-Assigned,Value 56,18.93035188556021,Accepted,Medium,Assigned,Org line A2,A2_2,us,G21 2nd,PROD97,Sweden
302,,,,,,,,,,,,
302,Accepted-Wait,Value 73,18.93300340659627,Accepted,Medium,Wait,Org line A2,A2_2,us,G21 2nd,PROD97,INDIA
302,,,,,,,,,,,,
302,Accepted-In Progress,Value 78,18.934000660382424,Accepted,Medium,In Progress,Org line G3,,us,G199 3rd,PROD97,Sweden
302,,,,,,,,,,,,
302,Accepted-In Progress,Value 43,19.070767332451258,Accepted,Medium,In Progress,Org line G3,,us,G199 3rd,PROD97,POLAND
302,,,,,,,,,,,,
303,,,,,,,,,,,,
303,Queued-Awaiting Assignment,Value 46,18.926763534243864,Queued,Medium,Awaiting Assignment,Org line G3,,us,G199 3rd,PROD97,USA
303,,,,,,,,,,,,
303,Accepted-Assigned,Value 46,18.92676827868146,Accepted,Medium,Assigned,Org line G3,,us,G199 3rd,PROD97,USA
303,,,,,,,,,,,,
303,Completed-Closed,Value 43,19.06897127566791,Completed,Medium,Closed,Org line G3,,us,G199 3rd,PROD97,POLAND
304,,,,,,,,,,,,
304,Queued-Awaiting Assignment,Value 46,18.928277951987887,Queued,Medium,Awaiting Assignment,Org line G3,,us,G199 3rd,PROD96,USA
304,,,,,,,,,,,,
304,Accepted-Assigned,Value 46,18.928287221823688,Accepted,Medium,Assigned,Org line G3,,us,G199 3rd,PROD96,USA
304,,,,,,,,,,,,
304,Completed-Closed,Value 43,19.0674370148286,Completed,Medium,Closed,Org line G3,,us,G199 3rd,PROD96,POLAND
305,,,,,,,,,,,,
305,Queued-Awaiting Assignment,Value 46,18.928718559389285,Queued,Medium,Awaiting Assignment,Org line G3,,us,G199 3rd,PROD98,USA
305,,,,,,,,,,,,
305,Accepted-Assigned,Value 46,18.928773322349972,Accepted,Medium,Assigned,Org line G3,,us,G199 3rd,PROD98,USA
305,,,,,,,,,,,,
305,Completed-Closed,Value 43,19.059704613613487,Completed,Medium,Closed,Org line G3,,us,G199 3rd,PROD98,POLAND
306,,,,,,,,,,,,
306,Completed-Closed,Value 178,19.102567402132948,Completed,Low,Closed,Org line C,E_4,us,G88 2nd,PROD348,France
307,,,,,,,,,,,,
307,Accepted-In Progress,Value 123,19.012141484498347,Accepted,Medium,In Progress,Org line C,C_6,se,G141 3rd,PROD660,Sweden
307,,,,,,,,,,,,
307,Accepted-Wait,Value 106,19.074140530880634,Accepted,Medium,Wait,Org line C,C_6,se,G141 3rd,PROD660,Sweden
307,,,,,,,,,,,,
308,,,,,,,,,,,,
308,Accepted-In Progress,Value 179,18.929354700541897,Accepted,Low,In Progress,Org line A2,A2_2,se,G40,PROD215,Sweden
308,,,,,,,,,,,,
308,Accepted-In Progress,Value 57,18.93389002654505,Accepted,Low,In Progress,Org line A2,A2_2,se,G39 3rd,PROD215,Sweden
308,,,,,,,,,,,,
308,Queued-Awaiting Assignment,Value 57,18.9364603325463,Queued,Low,Awaiting Assignment,Org line A2,A2_2,se,G39 3rd,PROD215,Sweden
308,,,,,,,,,,,,
308,Accepted-Wait,Value 57,19.05563673106847,Accepted,Low,Wait,Org line A2,A2_2,se,G39 3rd,PROD215,Sweden
308,,,,,,,,,,,,
309,,,,,,,,,,,,
309,Queued-Awaiting Assignment,Value 46,18.929370887202037,Queued,Medium,Awaiting Assignment,Org line G3,,us,G199 3rd,PROD97,USA
309,,,,,,,,,,,,
309,Accepted-Assigned,Value 46,18.929824458101013,Accepted,Medium,Assigned,Org line G3,,us,G199 3rd,PROD97,USA
309,,,,,,,,,,,,
309,Accepted-Assigned,Value 56,18.93035174740079,Accepted,Medium,Assigned,Org line A2,A2_2,us,G21 2nd,PROD97,Sweden
309,,,,,,,,,,,,
309,Accepted-Wait,Value 73,18.933003370650123,Accepted,Medium,Wait,Org line A2,A2_2,us,G21 2nd,PROD97,INDIA
309,,,,,,,,,,,,
309,Accepted-In Progress,Value 78,18.93399996013099,Accepted,Medium,In Progress,Org line G3,,us,G199 3rd,PROD97,Sweden
309,,,,,,,,,,,,
309,Accepted-In Progress,Value 43,19.0707651296064,Accepted,Medium,In Progress,Org line G3,,us,G199 3rd,PROD97,POLAND
309,,,,,,,,,,,,
310,,,,,,,,,,,,
310,Queued-Awaiting Assignment,Value 57,18.929416649777966,Queued,Low,Awaiting Assignment,Org line A2,A2_2,se,G39 3rd,PROD215,Sweden
310,,,,,,,,,,,,
310,Completed-Closed,Value 57,19.096472588155265,Completed,Low,Closed,Org line A2,A2_2,se,G39 3rd,PROD215,Sweden
311,,,,,,,,,,,,
311,Accepted-Wait,Value 180,19.003086150263712,Accepted,High,Wait,Org line B,E_6,br,S16,PROD132,Brazil
311,,,,,,,,,,,,
311,Accepted-In Progress,Value 180,19.01266330486915,Accepted,High,In Progress,Org line B,E_6,br,S16,PROD132,Brazil
311,,,,,,,,,,,,
311,Accepted-In Progress,Value 181,19.013517861598288,Accepted,High,In Progress,Org line B,E_6,br,S16,PROD132,Brazil
311,,,,,,,,,,,,
311,Accepted-In Progress,Value 182,19.013533112042715,Accepted,High,In Progress,Org line A2,A2_2,br,S2 2nd,PROD132,Brazil
311,,,,,,,,,,,,
311,Accepted-In Progress,Value 180,19.019301793261572,Accepted,High,In Progress,Org line B,E_6,br,S16,PROD132,Brazil
311,,,,,,,,,,,,
311,Accepted-In Progress,Value 182,19.02261632802867,Accepted,High,In Progress,Org line A2,A2_2,br,S2 2nd,PROD132,Brazil
311,,,,,,,,,,,,
311,Accepted-In Progress,Value 182,19.023479522205545,Accepted,High,In Progress,Org line A2,A2_2,br,S2 2nd,PROD132,Brazil
311,,,,,,,,,,,,
311,Accepted-In Progress,Value 183,19.049163342096016,Accepted,High,In Progress,Org line A2,A2_3,br,S3 2nd,PROD132,Brazil
311,,,,,,,,,,,,
311,Accepted-In Progress,Value 183,19.068338669841715,Accepted,High,In Progress,Org line A2,A2_3,br,S3 2nd,PROD132,Brazil
311,,,,,,,,,,,,
312,,,,,,,,,,,,
312,Completed-Closed,Value 163,19.05923507679132,Completed,High,Closed,Org line A2,A2_5,fr,V5 3rd,PROD230,France
313,,,,,,,,,,,,
313,Accepted-Assigned,Value 8,18.93178032818776,Accepted,High,Assigned,Org line G4,,se,S33 2nd,PROD374,Sweden
313,,,,,,,,,,,,
314,,,,,,,,,,,,
314,Queued-Awaiting Assignment,Value 46,18.932028965140532,Queued,Medium,Awaiting Assignment,Org line G3,,us,G199 3rd,PROD96,USA
314,,,,,,,,,,,,
314,Accepted-Assigned,Value 46,18.932031771669525,Accepted,Medium,Assigned,Org line G3,,us,G199 3rd,PROD96,USA
314,,,,,,,,,,,,
314,Completed-Closed,Value 43,19.06749428960269,Completed,Medium,Closed,Org line G3,,us,G199 3rd,PROD96,POLAND
315,,,,,,,,,,,,
315,Accepted-Wait,Value 2,19.032440087557887,Accepted,High,Wait,Org line A2,A2_2,cn,M1 2nd,PROD753,Sweden
315,,,,,,,,,,,,
316,,,,,,,,,,,,
316,Queued-Awaiting Assignment,Value 46,18.932982893118027,Queued,Medium,Awaiting Assignment,Org line G3,,us,G199 3rd,PROD96,USA
316,,,,,,,,,,,,
316,Accepted-Assigned,Value 46,18.93299135857345,Accepted,Medium,Assigned,Org line G3,,us,G199 3rd,PROD96,USA
316,,,,,,,,,,,,
316,Completed-Closed,Value 43,19.070759251849697,Completed,Medium,Closed,Org line G3,,us,G199 3rd,PROD96,POLAND
317,,,,,,,,,,,,
317,Queued-Awaiting Assignment,Value 46,18.933443991312743,Queued,Medium,Awaiting Assignment,Org line G3,,us,G199 3rd,PROD97,USA
317,,,,,,,,,,,,
317,Accepted-Assigned,Value 46,18.93344559619877,Accepted,Medium,Assigned,Org line G3,,us,G199 3rd,PROD97,USA
317,,,,,,,,,,,,
317,Completed-Closed,Value 43,19.06760757778173,Completed,Medium,Closed,Org line G3,,us,G199 3rd,PROD97,POLAND
318,,,,,,,,,,,,
318,Completed-Closed,Value 185,19.07995717236232,Completed,Medium,Closed,Org line A2,D_1,pl,G197 2nd,PROD604,POLAND
319,,,,,,,,,,,,
319,Completed-Closed,Value 25,19.120352458374576,Completed,Medium,Closed,Org line A2,D_1,kr,V17 3rd,PROD604,POLAND
320,,,,,,,,,,,,
320,Completed-Closed,Value 106,19.080056660900496,Completed,Low,Closed,Org line G4,,se,S28 2nd,PROD108,Sweden
321,,,,,,,,,,,,
321,Queued-Awaiting Assignment,Value 104,18.935933334226135,Queued,Major,Awaiting Assignment,Org line C,E_8,in,G186 2nd,PROD436,Sweden
321,,,,,,,,,,,,
321,Accepted-Assigned,Value 187,19.035226307967978,Accepted,Major,Assigned,Org line C,E_8,in,G181 2nd,PROD436,INDIA
321,,,,,,,,,,,,
321,Completed-Closed,Value 187,19.058717617750798,Completed,Major,Closed,Org line C,E_8,in,G181 2nd,PROD436,INDIA
322,,,,,,,,,,,,
322,Queued-Awaiting Assignment,Value 46,18.936142910323053,Queued,Medium,Awaiting Assignment,Org line G3,,us,G199 3rd,PROD98,USA
322,,,,,,,,,,,,
322,Accepted-Assigned,Value 46,18.936432987970747,Accepted,Medium,Assigned,Org line G3,,us,G199 3rd,PROD98,USA
322,,,,,,,,,,,,
322,Completed-Closed,Value 43,19.070762044571445,Completed,Medium,Closed,Org line G3,,us,G199 3rd,PROD98,POLAND
323,,,,,,,,,,,,
323,Queued-Awaiting Assignment,Value 188,18.943819720276885,Queued,Medium,Awaiting Assignment,Org line A2,A2_4,se,G18 3rd,PROD67,INDIA
323,,,,,,,,,,,,
323,Accepted-Wait,Value 189,18.947298705719316,Accepted,Medium,Wait,Org line A2,A2_4,se,G18 3rd,PROD67,Sweden
323,,,,,,,,,,,,
323,Accepted-Wait,Value 190,19.036207487022182,Accepted,Medium,Wait,Org line A2,A2_4,se,G18 3rd,PROD67,Sweden
323,,,,,,,,,,,,
324,,,,,,,,,,,,
324,Accepted-In Progress,Value 128,19.10559551603513,Accepted,Medium,In Progress,Org line A2,A2_4,se,M13 2nd,PROD563,Sweden
324,,,,,,,,,,,,
325,,,,,,,,,,,,
325,Accepted-In Progress,Value 46,18.936655734940878,Accepted,Medium,In Progress,Org line G3,,us,G199 3rd,PROD98,USA
325,,,,,,,,,,,,
325,Completed-Closed,Value 43,19.0674357892718,Completed,Medium,Closed,Org line G3,,us,G199 3rd,PROD98,POLAND
326,,,,,,,,,,,,
326,Queued-Awaiting Assignment,Value 46,18.937063460437145,Queued,Medium,Awaiting Assignment,Org line G3,,us,G199 3rd,PROD97,USA
326,,,,,,,,,,,,
326,Accepted-Assigned,Value 46,18.937069421202544,Accepted,Medium,Assigned,Org line G3,,us,G199 3rd,PROD97,USA
326,,,,,,,,,,,,
326,Completed-Closed,Value 43,19.070675210766616,Completed,Medium,Closed,Org line G3,,us,G199 3rd,PROD97,POLAND
327,,,,,,,,,,,,
327,Queued-Awaiting Assignment,Value 46,18.93712963547085,Queued,Medium,Awaiting Assignment,Org line G3,,us,G199 3rd,PROD97,USA
327,,,,,,,,,,,,
327,Accepted-Assigned,Value 46,18.93747055454412,Accepted,Medium,Assigned,Org line G3,,us,G199 3rd,PROD97,USA
327,,,,,,,,,,,,
327,Completed-Closed,Value 43,19.070664331213248,Completed,Medium,Closed,Org line G3,,us,G199 3rd,PROD97,POLAND
328,,,,,,,,,,,,
328,Queued-Awaiting Assignment,Value 46,18.937115065525603,Queued,Medium,Awaiting Assignment,Org line G3,,us,G199 3rd,PROD98,USA
328,,,,,,,,,,,,
328,Accepted-Assigned,Value 46,18.937469552537628,Accepted,Medium,Assigned,Org line G3,,us,G199 3rd,PROD98,USA
328,,,,,,,,,,,,
328,Completed-Closed,Value 43,19.07469758687504,Completed,Medium,Closed,Org line G3,,us,G199 3rd,PROD98,POLAND
329,,,,,,,,,,,,
329,Completed-Closed,Value 76,19.080952594367005,Completed,Medium,Closed,Org line A2,A2_4,se,M13 2nd,PROD563,Sweden
330,,,,,,,,,,,,
330,Accepted-In Progress,Value 103,18.939195849728215,Accepted,Low,In Progress,Org line C,C_6,se,G141 3rd,PROD434,Sweden
330,,,,,,,,,,,,
330,Queued-Awaiting Assignment,Value 103,18.939205626214168,Queued,Low,Awaiting Assignment,Org line C,C_6,se,G141 3rd,PROD434,Sweden
330,,,,,,,,,,,,
330,Accepted-In Progress,Value 77,18.94012072735133,Accepted,Low,In Progress,Org line C,C_6,se,G250 3rd,PROD434,Sweden
330,,,,,,,,,,,,
330,Accepted-Wait,Value 2,19.020172986039896,Accepted,Low,Wait,Org line C,C_6,se,G250 3rd,PROD434,Sweden
330,,,,,,,,,,,,
330,Completed-Closed,Value 2,19.067429677177643,Completed,Low,Closed,Org line C,C_6,se,G250 3rd,PROD434,Sweden
331,,,,,,,,,,,,
331,Completed-Closed,Value 191,19.077390786815705,Completed,Medium,Closed,Org line V2,,se,T10 2nd,PROD205,Sweden
332,,,,,,,,,,,,
332,Accepted-Wait,Value 132,18.93954155893106,Accepted,Medium,Wait,Org line G4,,se,S33 2nd,PROD374,Sweden
332,,,,,,,,,,,,
332,Completed-Closed,Value 132,19.057841143454304,Completed,Medium,Closed,Org line G4,,se,S33 2nd,PROD374,Sweden
333,,,,,,,,,,,,
333,Accepted-Assigned,Value 192,19.01291380895004,Accepted,Medium,Assigned,Org line C,C_2,be,G58 3rd,PROD330,Belgium
333,,,,,,,,,,,,
333,Accepted-In Progress,Value 193,19.029189602326813,Accepted,Medium,In Progress,Org line C,C_2,be,G58 3rd,PROD330,Belgium
333,,,,,,,,,,,,
334,,,,,,,,,,,,
334,Accepted-In Progress,Value 100,18.942795499007847,Accepted,Medium,In Progress,Org line A2,D_1,in,L50 3rd,PROD611,Sweden
334,,,,,,,,,,,,
334,Accepted-In Progress,Value 194,19.094268020756388,Accepted,Medium,In Progress,Org line A2,D_1,in,L50 3rd,PROD611,INDIA
334,,,,,,,,,,,,
335,,,,,,,,,,,,
335,Accepted-Wait,Value 120,18.94115637823236,Accepted,Low,Wait,Org line A2,A2_3,se,N23 2nd,PROD76,Sweden
335,,,,,,,,,,,,
335,Accepted-In Progress,Value 195,19.06198859159917,Accepted,Low,In Progress,Org line A2,A2_3,se,N23 2nd,PROD76,Sweden
335,,,,,,,,,,,,
336,,,,,,,,,,,,
336,Accepted-In Progress,Value 168,19.105188663331575,Accepted,Medium,In Progress,Org line V11,,gb,V50 2nd,PROD158,United Kingdom
336,,,,,,,,,,,,
337,,,,,,,,,,,,
337,Queued-Awaiting Assignment,Value 46,18.941227351481412,Queued,Medium,Awaiting Assignment,Org line G3,,us,G199 3rd,PROD97,USA
337,,,,,,,,,,,,
337,Accepted-Assigned,Value 46,18.94261455472997,Accepted,Medium,Assigned,Org line G3,,us,G199 3rd,PROD97,USA
337,,,,,,,,,,,,
337,Completed-Closed,Value 43,19.07075691848555,Completed,Medium,Closed,Org line G3,,us,G199 3rd,PROD97,POLAND
338,,,,,,,,,,,,
338,Completed-Closed,Value 139,19.068411124397045,Completed,Medium,Closed,Org line G4,,se,S33 2nd,PROD374,Sweden
339,,,,,,,,,,,,
339,Completed-Closed,Value 139,19.068414284713135,Completed,Medium,Closed,Org line G4,,se,S33 2nd,PROD374,Sweden
340,,,,,,,,,,,,
340,Queued-Awaiting Assignment,Value 46,18.943251188501037,Queued,Medium,Awaiting Assignment,Org line G3,,us,G199 3rd,PROD97,USA
340,,,,,,,,,,,,
340,Accepted-Assigned,Value 46,18.943583144991823,Accepted,Medium,Assigned,Org line G3,,us,G199 3rd,PROD97,USA
340,,,,,,,,,,,,
340,Completed-Closed,Value 43,19.06760570834028,Completed,Medium,Closed,Org line G3,,us,G199 3rd,PROD97,POLAND
341,,,,,,,,,,,,
341,Accepted-In Progress,Value 60,19.077391575018318,Accepted,Low,In Progress,Org line G4,,se,S30 2nd,PROD410,Sweden
341,,,,,,,,,,,,
342,,,,,,,,,,,,
342,Queued-Awaiting Assignment,Value 46,18.943320145433884,Queued,Medium,Awaiting Assignment,Org line G3,,us,G199 3rd,PROD96,USA
342,,,,,,,,,,,,
342,Accepted-Assigned,Value 46,18.943580175071872,Accepted,Medium,Assigned,Org line G3,,us,G199 3rd,PROD96,USA
342,,,,,,,,,,,,
342,Completed-Closed,Value 43,19.0706637569533,Completed,Medium,Closed,Org line G3,,us,G199 3rd,PROD96,POLAND
343,,,,,,,,,,,,
343,Queued-Awaiting Assignment,Value 46,18.94332075617574,Queued,Medium,Awaiting Assignment,Org line G3,,us,G199 3rd,PROD96,USA
343,,,,,,,,,,,,
343,Accepted-Assigned,Value 46,18.943581994963985,Accepted,Medium,Assigned,Org line G3,,us,G199 3rd,PROD96,USA
343,,,,,,,,,,,,
343,Completed-Closed,Value 43,19.055084159961865,Completed,Medium,Closed,Org line G3,,us,G199 3rd,PROD96,POLAND
344,,,,,,,,,,,,
344,Accepted-In Progress,Value 60,19.077387271009652,Accepted,High,In Progress,Org line G4,,se,S30 2nd,PROD412,Sweden
344,,,,,,,,,,,,
345,,,,,,,,,,,,
345,Accepted-Wait,Value 133,19.023477475384546,Accepted,Low,Wait,Org line G4,,se,S33 2nd,PROD374,Sweden
345,,,,,,,,,,,,
346,,,,,,,,,,,,
346,Accepted-Wait,Value 31,19.067444153405233,Accepted,Medium,Wait,Org line A2,A2_3,se,U6 2nd,PROD807,Sweden
346,,,,,,,,,,,,
347,,,,,,,,,,,,
347,Queued-Awaiting Assignment,Value 196,18.99907001915673,Queued,Medium,Awaiting Assignment,Org line V2,,se,T13 2nd,PROD279,Sweden
347,,,,,,,,,,,,
347,Accepted-Wait,Value 122,19.055657738415157,Accepted,Medium,Wait,Org line V2,,se,T16 2nd,PROD279,Sweden
347,,,,,,,,,,,,
348,,,,,,,,,,,,
348,Accepted-Assigned,Value 57,19.01879242747922,Accepted,Low,Assigned,Org line A2,A2_3,se,U6 2nd,PROD827,Sweden
348,,,,,,,,,,,,
348,Accepted-In Progress,Value 57,19.071535954273617,Accepted,Low,In Progress,Org line A2,A2_3,se,U6 2nd,PROD827,Sweden
348,,,,,,,,,,,,
349,,,,,,,,,,,,
349,Accepted-Wait,Value 121,18.947412962385002,Accepted,Medium,Wait,Org line A2,A2_3,se,U5 2nd,PROD228,Sweden
349,,,,,,,,,,,,
349,Completed-Closed,Value 121,19.05516305830728,Completed,Medium,Closed,Org line A2,A2_3,se,U5 2nd,PROD228,Sweden
350,,,,,,,,,,,,
350,Accepted-In Progress,Value 164,19.096462723378036,Accepted,High,In Progress,Org line A2,A2_4,se,G105 2nd,PROD337,Sweden
350,,,,,,,,,,,,
351,,,,,,,,,,,,
351,Accepted-In Progress,Value 164,19.09646446333034,Accepted,High,In Progress,Org line A2,A2_4,se,G105 2nd,PROD337,Sweden
351,,,,,,,,,,,,
352,,,,,,,,,,,,
352,Accepted-In Progress,Value 164,19.09646496700018,Accepted,High,In Progress,Org line A2,A2_4,se,G105 2nd,PROD337,Sweden
352,,,,,,,,,,,,
353,,,,,,,,,,,,
353,Queued-Awaiting Assignment,Value 44,18.9484748591134,Queued,Major,Awaiting Assignment,Org line C,C_3,se,G62 3rd,PROD348,Sweden
353,,,,,,,,,,,,
353,Accepted-In Progress,Value 197,19.09645596704331,Accepted,Major,In Progress,Org line C,C_3,se,G62 3rd,PROD348,USA
353,,,,,,,,,,,,
354,,,,,,,,,,,,
354,Queued-Awaiting Assignment,Value 46,18.95040470980129,Queued,Medium,Awaiting Assignment,Org line G3,,us,G199 3rd,PROD98,USA
354,,,,,,,,,,,,
354,Accepted-Assigned,Value 46,18.950566007302807,Accepted,Medium,Assigned,Org line G3,,us,G199 3rd,PROD98,USA
354,,,,,,,,,,,,
354,Accepted-Assigned,Value 56,18.96224640406695,Accepted,Medium,Assigned,Org line A2,A2_2,us,G21 2nd,PROD98,Sweden
354,,,,,,,,,,,,
354,Accepted-In Progress,Value 74,18.964860858183336,Accepted,Medium,In Progress,Org line G3,,us,G199 3rd,PROD98,Sweden
354,,,,,,,,,,,,
354,Accepted-In Progress,Value 43,19.068960722704,Accepted,Medium,In Progress,Org line G3,,us,G199 3rd,PROD98,POLAND
354,,,,,,,,,,,,
355,,,,,,,,,,,,
355,Queued-Awaiting Assignment,Value 46,18.95097157338838,Queued,Medium,Awaiting Assignment,Org line G3,,us,G199 3rd,PROD97,USA
355,,,,,,,,,,,,
355,Accepted-Assigned,Value 46,18.951073231930486,Accepted,Medium,Assigned,Org line G3,,us,G199 3rd,PROD97,USA
355,,,,,,,,,,,,
355,Completed-Closed,Value 43,19.070773246700288,Completed,Medium,Closed,Org line G3,,us,G199 3rd,PROD97,POLAND
356,,,,,,,,,,,,
356,Queued-Awaiting Assignment,Value 46,18.950962499697848,Queued,Medium,Awaiting Assignment,Org line G3,,us,G199 3rd,PROD97,USA
356,,,,,,,,,,,,
356,Accepted-Assigned,Value 46,18.951072319950377,Accepted,Medium,Assigned,Org line G3,,us,G199 3rd,PROD97,USA
356,,,,,,,,,,,,
356,Queued-Awaiting Assignment,Value 72,18.962243564700405,Queued,Medium,Awaiting Assignment,Org line A2,A2_2,us,G21 2nd,PROD97,Sweden
356,,,,,,,,,,,,
356,Accepted-In Progress,Value 56,18.968509710861245,Accepted,Medium,In Progress,Org line A2,A2_2,us,G21 2nd,PROD97,Sweden
356,,,,,,,,,,,,
356,Accepted-In Progress,Value 78,18.96874209285504,Accepted,Medium,In Progress,Org line G3,,us,G199 3rd,PROD97,Sweden
356,,,,,,,,,,,,
356,Accepted-In Progress,Value 43,19.067595633195094,Accepted,Medium,In Progress,Org line G3,,us,G199 3rd,PROD97,POLAND
356,,,,,,,,,,,,
357,,,,,,,,,,,,
357,Accepted-Wait,Value 198,18.953559490161336,Accepted,Medium,Wait,Org line A2,A2_1,gb,G42 3rd,PROD236,United Kingdom
357,,,,,,,,,,,,
358,,,,,,,,,,,,
358,Accepted-Wait,Value 104,18.954462664027577,Accepted,Medium,Wait,Org line C,E_8,in,G186 2nd,PROD756,Sweden
358,,,,,,,,,,,,
358,Accepted-In Progress,Value 186,19.03522888799391,Accepted,Medium,In Progress,Org line C,E_8,in,G181 2nd,PROD756,INDIA
358,,,,,,,,,,,,
358,Accepted-Assigned,Value 186,19.035287988777853,Accepted,Medium,Assigned,Org line C,E_8,in,G181 2nd,PROD756,INDIA
358,,,,,,,,,,,,
358,Accepted-In Progress,Value 186,19.05559216053906,Accepted,Medium,In Progress,Org line C,E_8,in,G181 2nd,PROD756,Sweden
358,,,,,,,,,,,,
359,,,,,,,,,,,,
359,Accepted-Wait,Value 191,18.954432453113053,Accepted,Medium,Wait,Org line V2,,se,T10 2nd,PROD615,Sweden
359,,,,,,,,,,,,
359,Completed-Closed,Value 191,19.06898908681029,Completed,Medium,Closed,Org line V2,,se,T10 2nd,PROD615,Sweden
360,,,,,,,,,,,,
360,Queued-Awaiting Assignment,Value 46,18.95449102111304,Queued,Medium,Awaiting Assignment,Org line G3,,us,G199 3rd,PROD98,USA
360,,,,,,,,,,,,
360,Accepted-Assigned,Value 46,18.954970266724878,Accepted,Medium,Assigned,Org line G3,,us,G199 3rd,PROD98,USA
360,,,,,,,,,,,,
360,Completed-Closed,Value 43,19.070755916233505,Completed,Medium,Closed,Org line G3,,us,G199 3rd,PROD98,POLAND
361,,,,,,,,,,,,
361,Accepted-In Progress,Value 143,19.074619091688458,Accepted,Medium,In Progress,Org line A2,A2_1,gb,G42 3rd,PROD235,United Kingdom
361,,,,,,,,,,,,
362,,,,,,,,,,,,
362,Accepted-In Progress,Value 132,18.955567379915575,Accepted,Medium,In Progress,Org line G4,,se,S33 2nd,PROD374,Sweden
362,,,,,,,,,,,,
363,,,,,,,,,,,,
363,Queued-Awaiting Assignment,Value 46,18.957431631014305,Queued,Medium,Awaiting Assignment,Org line G3,,us,G199 3rd,PROD97,USA
363,,,,,,,,,,,,
363,Accepted-Assigned,Value 46,18.958485476478018,Accepted,Medium,Assigned,Org line G3,,us,G199 3rd,PROD97,USA
363,,,,,,,,,,,,
363,Completed-Closed,Value 43,19.06744024631091,Completed,Medium,Closed,Org line G3,,us,G199 3rd,PROD97,POLAND
364,,,,,,,,,,,,
364,Queued-Awaiting Assignment,Value 46,18.958004278557283,Queued,Medium,Awaiting Assignment,Org line G3,,us,G199 3rd,PROD98,USA
364,,,,,,,,,,,,
364,Accepted-Assigned,Value 46,18.95800746888505,Accepted,Medium,Assigned,Org line G3,,us,G199 3rd,PROD98,USA
364,,,,,,,,,,,,
364,Completed-Closed,Value 43,19.068973513844156,Completed,Medium,Closed,Org line G3,,us,G199 3rd,PROD98,POLAND
365,,,,,,,,,,,,
365,Accepted-In Progress,Value 200,18.958242794686743,Accepted,High,In Progress,Org line C,E_7,in,G157 2nd,PROD675,Sweden
365,,,,,,,,,,,,
365,Accepted-In Progress,Value 200,19.072454903204676,Accepted,High,In Progress,Org line C,E_7,in,G157 2nd,PROD675,Sweden
365,,,,,,,,,,,,
366,,,,,,,,,,,,
366,Accepted-Assigned,Value 29,18.958932526618042,Accepted,Medium,Assigned,Org line A2,A2_1,gb,G42 3rd,PROD236,United Kingdom
366,,,,,,,,,,,,
366,Accepted-Wait,Value 198,18.989908316048695,Accepted,Medium,Wait,Org line A2,A2_1,gb,G42 3rd,PROD236,United Kingdom
366,,,,,,,,,,,,
367,,,,,,,,,,,,
367,Accepted-In Progress,Value 77,19.003840783621996,Accepted,Low,In Progress,Org line C,C_2,be,G58 3rd,PROD328,Sweden
367,,,,,,,,,,,,
368,,,,,,,,,,,,
368,Accepted-Wait,Value 39,19.000008701311266,Accepted,Medium,Wait,Org line C,E_1,se,G55 2nd,PROD835,Sweden
368,,,,,,,,,,,,
368,Queued-Awaiting Assignment,Value 201,19.002398737216158,Queued,Medium,Awaiting Assignment,Org line A2,A2_1,se,D4,PROD835,INDIA
368,,Value 202,,,,,,,,,,
368,Queued-Awaiting Assignment,Value 166,19.002840473975066,Queued,Medium,Awaiting Assignment,Org line C,E_1,se,G294 2nd,PROD835,Sweden
368,,Value 203,,,,,,,,,,
368,Queued-Awaiting Assignment,Value 77,19.00291171005599,Queued,Medium,Awaiting Assignment,Org line C,E_1,se,G55 2nd,PROD835,Belgium
368,,,,,,,,,,,,
368,Queued-Awaiting Assignment,Value 166,19.002969422588684,Queued,Medium,Awaiting Assignment,Org line C,E_1,se,G294 2nd,PROD835,Sweden
368,,,,,,,,,,,,
368,Accepted-Assigned,Value 204,19.002981265228733,Accepted,Medium,Assigned,Org line C,E_1,se,G294 2nd,PROD835,Sweden
368,,,,,,,,,,,,
368,Completed-Closed,Value 39,19.061542390649528,Completed,Medium,Closed,Org line C,E_1,se,G294 2nd,PROD835,Sweden
369,,,,,,,,,,,,
369,Queued-Awaiting Assignment,Value 46,18.96065645343697,Queued,Medium,Awaiting Assignment,Org line G3,,us,G199 3rd,PROD96,USA
369,,,,,,,,,,,,
369,Accepted-Assigned,Value 46,18.960931683381062,Accepted,Medium,Assigned,Org line G3,,us,G199 3rd,PROD96,USA
369,,,,,,,,,,,,
369,Completed-Closed,Value 43,19.067440612928987,Completed,Medium,Closed,Org line G3,,us,G199 3rd,PROD96,POLAND
370,,,,,,,,,,,,
370,Completed-Closed,Value 163,19.059235224646784,Completed,High,Closed,Org line A2,A2_5,fr,V5 3rd,PROD230,France
371,,,,,,,,,,,,
371,Accepted-Wait,Value 158,18.97950299426293,Accepted,Medium,Wait,Org line A2,A2_1,pl,W6 2nd,PROD791,POLAND
371,,,,,,,,,,,,
371,Accepted-In Progress,Value 158,19.062492681876524,Accepted,Medium,In Progress,Org line A2,A2_1,pl,W6 2nd,PROD791,POLAND
371,,,,,,,,,,,,
372,,,,,,,,,,,,
372,Accepted-Wait,Value 31,18.96099667635213,Accepted,Medium,Wait,Org line C,E_3,se,G68 2nd,PROD714,Sweden
372,,,,,,,,,,,,
373,,,,,,,,,,,,
373,Completed-Closed,Value 77,19.055200750218674,Completed,Medium,Closed,Org line G4,,se,M19 2nd,PROD286,Sweden
374,,,,,,,,,,,,
374,Completed-Closed,Value 77,19.055653535921223,Completed,Low,Closed,Org line G4,,se,M19 2nd,PROD286,Sweden
375,,,,,,,,,,,,
375,Completed-Closed,Value 77,19.055653604814708,Completed,Low,Closed,Org line G4,,se,M19 2nd,PROD286,Sweden
376,,,,,,,,,,,,
376,Completed-Closed,Value 77,19.05520095699272,Completed,Medium,Closed,Org line G4,,se,M19 2nd,PROD286,Sweden
377,,,,,,,,,,,,
377,Completed-Closed,Value 77,19.05520118497431,Completed,Medium,Closed,Org line G4,,se,M19 2nd,PROD286,Sweden
378,,,,,,,,,,,,
378,Completed-Closed,Value 77,19.055201301616034,Completed,Medium,Closed,Org line G4,,se,M19 2nd,PROD286,Sweden
379,,,,,,,,,,,,
379,Completed-Closed,Value 77,19.055201465974804,Completed,Medium,Closed,Org line G4,,se,M19 2nd,PROD286,Sweden
380,,,,,,,,,,,,
380,Completed-Closed,Value 77,19.055201619729758,Completed,Medium,Closed,Org line G4,,se,M19 2nd,PROD286,Sweden
381,,,,,,,,,,,,
381,Queued-Awaiting Assignment,Value 46,18.962198616686788,Queued,Low,Awaiting Assignment,Org line G3,,us,G199 3rd,PROD96,USA
381,,,,,,,,,,,,
381,Accepted-Assigned,Value 46,18.962240678778606,Accepted,Low,Assigned,Org line G3,,us,G199 3rd,PROD96,USA
381,,,,,,,,,,,,
381,Accepted-Assigned,Value 205,18.962703442791806,Accepted,Low,Assigned,Org line A2,A2_2,us,G21 2nd,PROD96,USA
381,,,,,,,,,,,,
381,Queued-Awaiting Assignment,Value 135,18.965742685153728,Queued,Low,Awaiting Assignment,Org line A2,A2_2,us,S2 2nd,PROD96,Brazil
381,,,,,,,,,,,,
381,Accepted-In Progress,Value 78,18.96581206811494,Accepted,Low,In Progress,Org line G3,,us,G199 3rd,PROD96,Sweden
381,,,,,,,,,,,,
381,Accepted-In Progress,Value 43,19.06743127983834,Accepted,Low,In Progress,Org line G3,,us,G199 3rd,PROD96,POLAND
381,,,,,,,,,,,,
382,,,,,,,,,,,,
382,Completed-Closed,Value 163,19.059235351380018,Completed,High,Closed,Org line A2,A2_5,fr,V5 3rd,PROD230,France
383,,,,,,,,,,,,
383,Queued-Awaiting Assignment,Value 206,18.96612894099548,Queued,Major,Awaiting Assignment,Org line C,E_6,se,S20 2nd,PROD374,Sweden
383,,,,,,,,,,,,
383,Queued-Awaiting Assignment,Value 108,18.998506317054527,Queued,Major,Awaiting Assignment,Org line G4,,se,S33 2nd,PROD374,Sweden
383,,,,,,,,,,,,
383,Accepted-In Progress,Value 76,19.057922616383816,Accepted,Major,In Progress,Org line G4,,se,S33 2nd,PROD374,Sweden
383,,,,,,,,,,,,
384,,,,,,,,,,,,
384,Accepted-In Progress,Value 207,18.993286837050317,Accepted,High,In Progress,Org line C,C_1,se,G100 3rd,PROD24,Sweden
384,,,,,,,,,,,,
385,,,,,,,,,,,,
385,Queued-Awaiting Assignment,Value 57,18.965063948642882,Queued,Low,Awaiting Assignment,Org line A2,A2_2,se,G39 3rd,PROD215,Sweden
385,,,,,,,,,,,,
385,Accepted-Wait,Value 57,19.096471499422382,Accepted,Low,Wait,Org line A2,A2_2,se,G39 3rd,PROD215,Sweden
385,,,,,,,,,,,,
386,,,,,,,,,,,,
386,Completed-Closed,Value 163,19.059235530918745,Completed,High,Closed,Org line A2,A2_5,fr,V5 3rd,PROD230,France
387,,,,,,,,,,,,
387,Queued-Awaiting Assignment,Value 118,18.96558076125602,Queued,High,Awaiting Assignment,Org line C,C_3,se,G62 3rd,PROD348,France
387,,,,,,,,,,,,
387,Completed-Closed,Value 44,19.118593695165355,Completed,High,Closed,Org line C,C_3,se,G292 3rd,PROD348,Sweden
388,,,,,,,,,,,,
388,Accepted-Assigned,Value 208,18.98638854923935,Accepted,Major,Assigned,Org line C,E_1,be,G55 2nd,PROD816,Sweden
388,,,,,,,,,,,,
388,Accepted-Assigned,Value 210,18.98878981874083,Accepted,Major,Assigned,Org line C,E_1,be,G55 2nd,PROD816,Sweden
388,,,,,,,,,,,,
388,Accepted-In Progress,Value 77,19.061587702983367,Accepted,Major,In Progress,Org line C,E_1,be,G55 2nd,PROD816,Belgium
388,,,,,,,,,,,,
389,,,,,,,,,,,,
389,Completed-Closed,Value 166,19.0876002411785,Completed,High,Closed,Org line C,E_1,se,G294 2nd,PROD835,Sweden
390,,,,,,,,,,,,
390,Queued-Awaiting Assignment,Value 108,19.03529782685056,Queued,Low,Awaiting Assignment,Org line G4,,se,S33 2nd,PROD448,Sweden
390,,,,,,,,,,,,
390,Accepted-Assigned,Value 31,19.068333520852846,Accepted,Low,Assigned,Org line G4,,se,S33 2nd,PROD448,Sweden
390,,,,,,,,,,,,
390,Completed-Closed,Value 31,19.07508209098585,Completed,Low,Closed,Org line G4,,se,S33 2nd,PROD448,Sweden
391,,,,,,,,,,,,
391,Accepted-Wait,Value 76,19.06252215109953,Accepted,Medium,Wait,Org line G4,,se,S33 2nd,PROD304,Sweden
391,,,,,,,,,,,,
391,Completed-Closed,Value 76,19.067531325822756,Completed,Medium,Closed,Org line G4,,se,S33 2nd,PROD304,Sweden
392,,,,,,,,,,,,
392,Queued-Awaiting Assignment,Value 156,18.966279441308462,Queued,High,Awaiting Assignment,Org line C,E_8,br,G181 2nd,PROD473,INDIA
392,,,,,,,,,,,,
392,Accepted-In Progress,Value 212,19.065300265385414,Accepted,High,In Progress,Org line B,E_6,br,S4 2nd,PROD473,Brazil
392,,,,,,,,,,,,
393,,,,,,,,,,,,
393,Completed-Closed,Value 104,19.114306065184838,Completed,High,Closed,Org line C,E_8,in,G186 2nd,PROD473,Sweden
394,,,,,,,,,,,,
394,Accepted-Assigned,Value 139,19.074736863353845,Accepted,Medium,Assigned,Org line G4,,se,S33 2nd,PROD374,Sweden
394,,,,,,,,,,,,
395,,,,,,,,,,,,
395,Queued-Awaiting Assignment,Value 46,18.96906122872549,Queued,Medium,Awaiting Assignment,Org line G3,,us,G199 3rd,PROD97,USA
395,,,,,,,,,,,,
395,Accepted-Assigned,Value 46,18.969338528817747,Accepted,Medium,Assigned,Org line G3,,us,G199 3rd,PROD97,USA
395,,,,,,,,,,,,
395,Completed-Closed,Value 43,19.070675774579016,Completed,Medium,Closed,Org line G3,,us,G199 3rd,PROD97,POLAND
396,,,,,,,,,,,,
396,Accepted-Wait,Value 213,18.96907126653663,Accepted,Medium,Wait,Org line A2,A2_1,pl,W16 3rd,PROD509,POLAND
396,,,,,,,,,,,,
396,Completed-Closed,Value 213,19.055593612689876,Completed,Medium,Closed,Org line A2,A2_1,pl,W16 3rd,PROD509,POLAND
397,,,,,,,,,,,,
397,Accepted-Wait,Value 143,19.025946614695364,Accepted,Medium,Wait,Org line A2,A2_1,gb,G42 3rd,PROD236,United Kingdom
397,,,,,,,,,,,,
398,,,,,,,,,,,,
398,Queued-Awaiting Assignment,Value 156,18.971000295468208,Queued,Medium,Awaiting Assignment,Org line C,E_8,br,G181 2nd,PROD476,INDIA
398,,,,,,,,,,,,
398,Accepted-Assigned,Value 23,18.971001102939546,Accepted,Medium,Assigned,Org line C,E_8,br,G181 2nd,PROD476,Brazil
398,,,,,,,,,,,,
398,Completed-Closed,Value 212,19.065299294389867,Completed,Medium,Closed,Org line B,E_6,br,S4 2nd,PROD476,Brazil
399,,,,,,,,,,,,
399,Accepted-Wait,Value 143,19.02012864600949,Accepted,Medium,Wait,Org line A2,A2_1,gb,G42 3rd,PROD236,United Kingdom
399,,,,,,,,,,,,
400,,,,,,,,,,,,
400,Accepted-Wait,Value 143,18.971120497703854,Accepted,High,Wait,Org line A2,A2_1,gb,G42 3rd,PROD236,United Kingdom
400,,,,,,,,,,,,
400,Completed-Closed,Value 143,19.10956555852293,Completed,High,Closed,Org line A2,A2_1,gb,G42 3rd,PROD236,United Kingdom
401,,,,,,,,,,,,
401,Accepted-Wait,Value 120,18.971115313192023,Accepted,Low,Wait,Org line A2,A2_3,se,N23 2nd,PROD76,Sweden
401,,,,,,,,,,,,
401,Accepted-Assigned,Value 120,18.97148581987946,Accepted,Low,Assigned,Org line A2,A2_3,se,N23 2nd,PROD76,Sweden
401,,,,,,,,,,,,
401,Completed-Closed,Value 120,19.069252582487668,Completed,Low,Closed,Org line A2,A2_3,se,N23 2nd,PROD76,Sweden
402,,,,,,,,,,,,
402,Accepted-Wait,Value 120,18.971116679968052,Accepted,Low,Wait,Org line A2,A2_3,se,N23 2nd,PROD76,Sweden
402,,,,,,,,,,,,
402,Accepted-Wait,Value 120,19.068405410687635,Accepted,Low,Wait,Org line A2,A2_3,se,N23 2nd,PROD76,Sweden
402,,,,,,,,,,,,
403,,,,,,,,,,,,
403,Accepted-Wait,Value 120,18.971117325869997,Accepted,Low,Wait,Org line A2,A2_3,se,N23 2nd,PROD76,Sweden
403,,,,,,,,,,,,
403,Accepted-Wait,Value 120,19.068405504869922,Accepted,Low,Wait,Org line A2,A2_3,se,N23 2nd,PROD76,Sweden
403,,,,,,,,,,,,
404,,,,,,,,,,,,
404,Queued-Awaiting Assignment,Value 104,18.97132065467185,Queued,Low,Awaiting Assignment,Org line C,E_8,in,G186 2nd,PROD476,Sweden
404,,,,,,,,,,,,
404,Accepted-In Progress,Value 199,18.98242267575548,Accepted,Low,In Progress,Org line C,E_8,in,G186 2nd,PROD476,INDIA
404,,,,,,,,,,,,
404,Accepted-In Progress,Value 199,19.00911270060897,Accepted,Low,In Progress,Org line C,E_8,in,G186 2nd,PROD476,INDIA
404,,,,,,,,,,,,
404,Accepted-Wait,Value 186,19.019228043885786,Accepted,Low,Wait,Org line C,E_8,in,G186 2nd,PROD476,INDIA
404,,,,,,,,,,,,
404,Accepted-Wait,Value 215,19.020248290948697,Accepted,Low,Wait,Org line C,E_8,in,G186 2nd,PROD476,Sweden
404,,,,,,,,,,,,
405,,,,,,,,,,,,
405,Queued-Awaiting Assignment,Value 46,18.971490183865242,Queued,Medium,Awaiting Assignment,Org line G3,,us,G199 3rd,PROD97,USA
405,,,,,,,,,,,,
405,Accepted-Assigned,Value 46,18.971512118802558,Accepted,Medium,Assigned,Org line G3,,us,G199 3rd,PROD97,USA
405,,,,,,,,,,,,
405,Completed-Closed,Value 43,19.067810472571125,Completed,Medium,Closed,Org line G3,,us,G199 3rd,PROD97,POLAND
406,,,,,,,,,,,,
406,Queued-Awaiting Assignment,Value 46,18.971723741732465,Queued,Low,Awaiting Assignment,Org line G3,,us,G199 3rd,PROD96,USA
406,,,,,,,,,,,,
406,Accepted-Assigned,Value 46,18.971848651675895,Accepted,Low,Assigned,Org line G3,,us,G199 3rd,PROD96,USA
406,,,,,,,,,,,,
406,Completed-Closed,Value 43,19.061949369419438,Completed,Low,Closed,Org line G3,,us,G199 3rd,PROD96,POLAND
407,,,,,,,,,,,,
407,Queued-Awaiting Assignment,Value 216,18.971735055386905,Queued,Major,Awaiting Assignment,Org line A2,A2_1,se,M19 2nd,PROD700,Sweden
407,,,,,,,,,,,,
407,Accepted-In Progress,Value 216,19.068342060624786,Accepted,Major,In Progress,Org line A2,A2_1,se,M19 2nd,PROD700,Sweden
407,,,,,,,,,,,,
408,,,,,,,,,,,,
408,Queued-Awaiting Assignment,Value 46,18.971972866097346,Queued,Medium,Awaiting Assignment,Org line G3,,us,G199 3rd,PROD97,USA
408,,,,,,,,,,,,
408,Accepted-Assigned,Value 46,18.971976484656956,Accepted,Medium,Assigned,Org line G3,,us,G199 3rd,PROD97,USA
408,,,,,,,,,,,,
408,Completed-Closed,Value 43,19.067440974309534,Completed,Medium,Closed,Org line G3,,us,G199 3rd,PROD97,POLAND
409,,,,,,,,,,,,
409,Accepted-Assigned,Value 217,18.972007385931228,Accepted,High,Assigned,Org line C,E_5,in,G92,PROD793,INDIA
409,,,,,,,,,,,,
409,Completed-Closed,Value 217,19.080907215790802,Completed,High,Closed,Org line C,E_5,in,G92,PROD793,INDIA
410,,,,,,,,,,,,
410,Queued-Awaiting Assignment,Value 46,18.97294513071782,Queued,Medium,Awaiting Assignment,Org line G3,,us,G199 3rd,PROD98,USA
410,,,,,,,,,,,,
410,Accepted-Assigned,Value 46,18.972945925107403,Accepted,Medium,Assigned,Org line G3,,us,G199 3rd,PROD98,USA
410,,,,,,,,,,,,
410,Completed-Closed,Value 43,19.07077268816282,Completed,Medium,Closed,Org line G3,,us,G199 3rd,PROD98,POLAND
411,,,,,,,,,,,,
411,Queued-Awaiting Assignment,Value 46,18.9729518081758,Queued,Medium,Awaiting Assignment,Org line G3,,us,G199 3rd,PROD97,USA
411,,,,,,,,,,,,
411,Accepted-Assigned,Value 46,18.972952562265235,Accepted,Medium,Assigned,Org line G3,,us,G199 3rd,PROD97,USA
411,,,,,,,,,,,,
411,Completed-Closed,Value 43,19.070761073644768,Completed,Medium,Closed,Org line G3,,us,G199 3rd,PROD97,POLAND
412,,,,,,,,,,,,
412,Queued-Awaiting Assignment,Value 46,18.97305621249134,Queued,Medium,Awaiting Assignment,Org line G3,,us,G199 3rd,PROD97,USA
412,,,,,,,,,,,,
412,Accepted-Assigned,Value 46,18.9745076141034,Accepted,Medium,Assigned,Org line G3,,us,G199 3rd,PROD97,USA
412,,,,,,,,,,,,
412,Completed-Closed,Value 43,19.070749709556544,Completed,Medium,Closed,Org line G3,,us,G199 3rd,PROD97,POLAND
413,,,,,,,,,,,,
413,Queued-Awaiting Assignment,Value 46,18.973105538558844,Queued,Medium,Awaiting Assignment,Org line G3,,us,G199 3rd,PROD97,USA
413,,,,,,,,,,,,
413,Accepted-Assigned,Value 46,18.974579908804216,Accepted,Medium,Assigned,Org line G3,,us,G199 3rd,PROD97,USA
413,,,,,,,,,,,,
413,Completed-Closed,Value 43,19.0706769857305,Completed,Medium,Closed,Org line G3,,us,G199 3rd,PROD97,POLAND
414,,,,,,,,,,,,
414,Accepted-In Progress,Value 29,18.97457935134063,Accepted,High,In Progress,Org line A2,A2_1,gb,G42 3rd,PROD235,United Kingdom
414,,,,,,,,,,,,
414,Accepted-In Progress,Value 29,19.0005050711883,Accepted,High,In Progress,Org line A2,A2_1,gb,G42 3rd,PROD235,United Kingdom
414,,,,,,,,,,,,
414,Accepted-Wait,Value 143,19.009711756554882,Accepted,High,Wait,Org line A2,A2_1,gb,G42 3rd,PROD235,United Kingdom
414,,,,,,,,,,,,
415,,,,,,,,,,,,
415,Accepted-In Progress,Value 218,18.975586227228774,Accepted,Medium,In Progress,Org line C,E_5,us,G77,PROD398,INDIA
415,,,,,,,,,,,,
415,Accepted-In Progress,Value 13,18.99370827108963,Accepted,Medium,In Progress,Org line C,C_1,us,G14 3rd,PROD398,Sweden
415,,,,,,,,,,,,
415,Accepted-Assigned,Value 220,19.009266683793598,Accepted,Medium,Assigned,Org line C,C_1,us,G14 3rd,PROD398,Belgium
415,,,,,,,,,,,,
415,Accepted-In Progress,Value 220,19.0867422419377,Accepted,Medium,In Progress,Org line C,C_1,us,G14 3rd,PROD398,Belgium
415,,,,,,,,,,,,
416,,,,,,,,,,,,
416,Queued-Awaiting Assignment,Value 148,18.976444608461232,Queued,Medium,Awaiting Assignment,Org line C,E_6,fr,W12 2nd,PROD802,France
416,,,,,,,,,,,,
416,Accepted-In Progress,Value 221,19.099461296960712,Accepted,Medium,In Progress,Org line A2,A2_5,fr,V4 3rd,PROD802,France
416,,,,,,,,,,,,
417,,,,,,,,,,,,
417,Accepted-In Progress,Value 62,19.01319312504749,Accepted,Low,In Progress,Org line A2,A2_4,us,L23 3rd,PROD546,USA
417,,,,,,,,,,,,
417,Accepted-Assigned,Value 161,19.01319519855666,Accepted,Low,Assigned,Org line A2,A2_4,us,L23 3rd,PROD546,Sweden
417,,,,,,,,,,,,
417,Accepted-In Progress,Value 62,19.07737562416561,Accepted,Low,In Progress,Org line A2,A2_4,us,G113 2nd,PROD546,USA
417,,,,,,,,,,,,
417,Accepted-Assigned,Value 222,19.07737694131328,Accepted,Low,Assigned,Org line A2,A2_4,us,L23 3rd,PROD546,Sweden
417,,,,,,,,,,,,
417,Completed-Closed,Value 62,19.077850208753915,Completed,Low,Closed,Org line A2,A2_4,us,G113 2nd,PROD546,USA
418,,,,,,,,,,,,
418,Queued-Awaiting Assignment,Value 63,18.99277637370021,Queued,Medium,Awaiting Assignment,Org line A2,A2_3,se,S35 2nd,PROD680,Sweden
418,,,,,,,,,,,,
418,Accepted-Assigned,Value 63,18.99568221997452,Accepted,Medium,Assigned,Org line A2,A2_3,se,S35 2nd,PROD680,Sweden
418,,,,,,,,,,,,
418,Accepted-Wait,Value 38,19.051890614622756,Accepted,Medium,Wait,Org line A2,A2_3,se,S35 2nd,PROD680,Sweden
418,,,,,,,,,,,,
418,Completed-Closed,Value 38,19.059209096134804,Completed,Medium,Closed,Org line A2,A2_3,se,S35 2nd,PROD680,Sweden
419,,,,,,,,,,,,
419,Accepted-Assigned,Value 29,18.978066418460923,Accepted,Medium,Assigned,Org line A2,A2_1,gb,G42 3rd,PROD236,United Kingdom
419,,,,,,,,,,,,
419,Accepted-In Progress,Value 143,19.109564187691447,Accepted,Medium,In Progress,Org line A2,A2_1,gb,G42 3rd,PROD236,United Kingdom
419,,,,,,,,,,,,
420,,,,,,,,,,,,
420,Accepted-Assigned,Value 208,18.98638860603515,Accepted,High,Assigned,Org line C,E_1,be,G55 2nd,PROD821,Sweden
420,,,,,,,,,,,,
420,Accepted-Wait,Value 208,18.997163869438573,Accepted,High,Wait,Org line C,E_1,be,G55 2nd,PROD821,Sweden
420,,,,,,,,,,,,
420,Accepted-In Progress,Value 117,19.045998533062743,Accepted,High,In Progress,Org line C,E_1,be,G55 2nd,PROD821,Sweden
420,,,,,,,,,,,,
421,,,,,,,,,,,,
421,Accepted-Assigned,Value 223,18.979563411792338,Accepted,Medium,Assigned,Org line A2,A2_1,pl,W9 2nd,PROD756,POLAND
421,,,,,,,,,,,,
421,Accepted-In Progress,Value 172,18.99001874054202,Accepted,Medium,In Progress,Org line A2,A2_1,pl,W9 2nd,PROD756,POLAND
421,,,,,,,,,,,,
421,Accepted-Assigned,Value 173,18.99851066009183,Accepted,Medium,Assigned,Org line A2,A2_1,pl,W15 2nd,PROD756,POLAND
421,,,,,,,,,,,,
421,Accepted-Wait,Value 173,19.002889319087476,Accepted,Medium,Wait,Org line A2,A2_1,pl,W15 2nd,PROD756,POLAND
421,,,,,,,,,,,,
422,,,,,,,,,,,,
422,Accepted-Wait,Value 198,18.981515354535894,Accepted,High,Wait,Org line A2,A2_1,gb,G42 3rd,PROD236,United Kingdom
422,,,,,,,,,,,,
423,,,,,,,,,,,,
423,Accepted-Wait,Value 220,19.012986841925446,Accepted,High,Wait,Org line C,E_1,us,G13 2nd,PROD398,Belgium
423,,,,,,,,,,,,
424,,,,,,,,,,,,
424,Queued-Awaiting Assignment,Value 129,18.981598580996685,Queued,High,Awaiting Assignment,Org line G4,,br,S30 2nd,PROD266,Sweden
424,,,,,,,,,,,,
424,Accepted-In Progress,Value 212,19.071953600445827,Accepted,High,In Progress,Org line B,E_6,br,S4 2nd,PROD266,Brazil
424,,,,,,,,,,,,
425,,,,,,,,,,,,
425,Accepted-Wait,Value 188,19.049098366461685,Accepted,Low,Wait,Org line C,E_4,us,G88 2nd,PROD423,INDIA
425,,,,,,,,,,,,
426,,,,,,,,,,,,
426,Queued-Awaiting Assignment,Value 46,18.98339575860508,Queued,Medium,Awaiting Assignment,Org line G3,,us,G199 3rd,PROD98,USA
426,,,,,,,,,,,,
426,Accepted-Assigned,Value 46,18.983419877732427,Accepted,Medium,Assigned,Org line G3,,us,G199 3rd,PROD98,USA
426,,,,,,,,,,,,
426,Accepted-Assigned,Value 56,19.00700920174264,Accepted,Medium,Assigned,Org line A2,A2_2,us,G21 2nd,PROD98,Sweden
426,,,,,,,,,,,,
426,Accepted-Wait,Value 56,19.00718622738077,Accepted,Medium,Wait,Org line A2,A2_2,us,G21 2nd,PROD98,Sweden
426,,,,,,,,,,,,
426,Accepted-In Progress,Value 43,19.070675946854962,Accepted,Medium,In Progress,Org line G3,,us,G199 3rd,PROD98,POLAND
426,,,,,,,,,,,,
427,,,,,,,,,,,,
427,Accepted-Assigned,Value 2,18.984797234229564,Accepted,Low,Assigned,Org line A2,A2_2,cn,M1 2nd,PROD753,Sweden
427,,,,,,,,,,,,
427,Accepted-In Progress,Value 3,19.06189316653624,Accepted,Low,In Progress,Org line A2,A2_2,cn,M1 2nd,PROD753,China
427,,,,,,,,,,,,
428,,,,,,,,,,,,
428,Queued-Awaiting Assignment,Value 206,18.984925390743008,Queued,High,Awaiting Assignment,Org line C,E_6,se,S20 2nd,PROD108,Sweden
428,,,,,,,,,,,,
428,Queued-Awaiting Assignment,Value 62,18.988271062060953,Queued,High,Awaiting Assignment,Org line G4,,se,S28 2nd,PROD108,Sweden
428,,,,,,,,,,,,
428,Accepted-In Progress,Value 93,19.06469754197517,Accepted,High,In Progress,Org line G4,,se,S28 2nd,PROD108,Sweden
428,,,,,,,,,,,,
429,,,,,,,,,,,,
429,Accepted-Wait,Value 57,18.985318460867273,Accepted,Medium,Wait,Org line C,E_1,be,G55 2nd,PROD795,Sweden
429,,,,,,,,,,,,
429,Accepted-Wait,Value 57,18.99568382367974,Accepted,Medium,Wait,Org line C,E_1,be,G55 2nd,PROD795,Sweden
429,,,,,,,,,,,,
430,,,,,,,,,,,,
430,Completed-Closed,Value 77,19.05520170986196,Completed,Medium,Closed,Org line G4,,se,M19 2nd,PROD286,Sweden
431,,,,,,,,,,,,
431,Completed-Closed,Value 77,19.05520295580629,Completed,Low,Closed,Org line G4,,se,M19 2nd,PROD286,Sweden
432,,,,,,,,,,,,
432,Accepted-In Progress,Value 224,18.985496519913625,Accepted,Medium,In Progress,Org line B,E_10,se,G230 2nd,PROD253,Brazil
432,,,,,,,,,,,,
432,Accepted-In Progress,Value 224,18.986499209732703,Accepted,Medium,In Progress,Org line B,E_10,se,G230 2nd,PROD253,Brazil
432,,,,,,,,,,,,
432,Accepted-In Progress,Value 2,19.020179547648294,Accepted,Medium,In Progress,Org line C,C_6,se,G250 3rd,PROD253,Sweden
432,,,,,,,,,,,,
432,Completed-Closed,Value 2,19.105161186601133,Completed,Medium,Closed,Org line C,C_6,se,G250 3rd,PROD253,Sweden
433,,,,,,,,,,,,
433,Completed-Closed,Value 77,19.055203151976105,Completed,Low,Closed,Org line G4,,se,M19 2nd,PROD286,Sweden
434,,,,,,,,,,,,
434,Accepted-Assigned,Value 29,18.985899497348417,Accepted,High,Assigned,Org line A2,A2_1,gb,G42 3rd,PROD236,United Kingdom
434,,,,,,,,,,,,
434,Accepted-Wait,Value 143,18.992209230238615,Accepted,High,Wait,Org line A2,A2_1,gb,G42 3rd,PROD236,United Kingdom
434,,,,,,,,,,,,
435,,,,,,,,,,,,
435,Completed-Closed,Value 77,19.055203210296856,Completed,Low,Closed,Org line G4,,se,M19 2nd,PROD286,Sweden
436,,,,,,,,,,,,
436,Completed-Closed,Value 77,19.055653053666692,Completed,Low,Closed,Org line G4,,se,M19 2nd,PROD286,Sweden
437,,,,,,,,,,,,
437,Completed-Closed,Value 77,19.05565335043874,Completed,Low,Closed,Org line G4,,se,M19 2nd,PROD286,Sweden
438,,,,,,,,,,,,
438,Completed-Closed,Value 77,19.055653456428733,Completed,Low,Closed,Org line G4,,se,M19 2nd,PROD286,Sweden
439,,,,,,,,,,,,
439,Queued-Awaiting Assignment,Value 94,18.987451564908515,Queued,Low,Awaiting Assignment,Org line F,,se,S1 2nd,PROD153,Sweden
439,,,,,,,,,,,,
439,Accepted-Wait,Value 123,19.055591222469715,Accepted,Low,Wait,Org line F,,se,S1 2nd,PROD153,Sweden
439,,,,,,,,,,,,
440,,,,,,,,,,,,
440,Queued-Awaiting Assignment,Value 104,18.98863129533098,Queued,Medium,Awaiting Assignment,Org line C,E_8,in,G186 2nd,PROD476,Sweden
440,,,,,,,,,,,,
440,Accepted-In Progress,Value 186,19.019226241165086,Accepted,Medium,In Progress,Org line C,E_8,in,G181 2nd,PROD476,INDIA
440,,,,,,,,,,,,
440,Accepted-Assigned,Value 214,19.01922856051856,Accepted,Medium,Assigned,Org line C,E_8,in,G181 2nd,PROD476,INDIA
440,,,,,,,,,,,,
440,Completed-Closed,Value 214,19.06197666923037,Completed,Medium,Closed,Org line C,E_8,in,G181 2nd,PROD476,Sweden
441,,,,,,,,,,,,
441,Accepted-Wait,Value 120,18.988746722534383,Accepted,Low,Wait,Org line A2,A2_3,se,N23 2nd,PROD554,Sweden
441,,,,,,,,,,,,
441,Accepted-In Progress,Value 195,19.061988949689322,Accepted,Low,In Progress,Org line A2,A2_3,se,N23 2nd,PROD554,Sweden
441,,,,,,,,,,,,
442,,,,,,,,,,,,
442,Accepted-Wait,Value 225,18.988898621882193,Accepted,Medium,Wait,Org line C,E_4,us,G88 2nd,PROD219,INDIA
442,,,,,,,,,,,,
442,Accepted-In Progress,Value 225,19.05595886763717,Accepted,Medium,In Progress,Org line C,E_4,us,G88 2nd,PROD219,INDIA
442,,,,,,,,,,,,
443,,,,,,,,,,,,
443,Completed-Closed,Value 226,19.10947258879207,Completed,Medium,Closed,Org line G4,,se,S33 2nd,PROD397,Sweden
444,,,,,,,,,,,,
444,Completed-Closed,Value 227,18.996709201276563,Completed,Medium,Closed,Org line A2,A2_1,se,G103 3rd,PROD823,Sweden
444,,,,,,,,,,,,
444,Accepted-In Progress,Value 227,19.09332374828822,Accepted,Medium,In Progress,Org line A2,A2_1,se,G103 3rd,PROD823,Sweden
444,,,,,,,,,,,,
445,,,,,,,,,,,,
445,Queued-Awaiting Assignment,Value 46,18.989832264784468,Queued,Medium,Awaiting Assignment,Org line G3,,us,G199 3rd,PROD97,USA
445,,,,,,,,,,,,
445,Accepted-Assigned,Value 46,18.990142483884902,Accepted,Medium,Assigned,Org line G3,,us,G199 3rd,PROD97,USA
445,,,,,,,,,,,,
445,Completed-Closed,Value 43,19.068977927429366,Completed,Medium,Closed,Org line G3,,us,G199 3rd,PROD97,POLAND
446,,,,,,,,,,,,
446,Completed-Closed,Value 228,19.06252695641111,Completed,Medium,Closed,Org line V2,,se,T2 2nd,PROD615,Sweden
447,,,,,,,,,,,,
447,Accepted-Wait,Value 228,19.029714444560124,Accepted,Low,Wait,Org line V2,,se,T2 2nd,PROD615,Sweden
447,,,,,,,,,,,,
448,,,,,,,,,,,,
448,Accepted-In Progress,Value 216,18.991845296022404,Accepted,Medium,In Progress,Org line A2,A2_1,se,M19 2nd,PROD566,Sweden
448,,,,,,,,,,,,
448,Accepted-In Progress,Value 216,19.029663574528794,Accepted,Medium,In Progress,Org line A2,A2_1,se,M19 2nd,PROD566,Sweden
448,,,,,,,,,,,,
448,Completed-Closed,Value 216,19.06834004080786,Completed,Medium,Closed,Org line A2,A2_1,se,M19 2nd,PROD566,Sweden
449,,,,,,,,,,,,
449,Queued-Awaiting Assignment,Value 229,18.99210774408815,Queued,High,Awaiting Assignment,Org line C,E_10,se,G271 2nd,PROD802,Sweden
449,,Value 230,,,,,,,,,,
449,Queued-Awaiting Assignment,Value 44,18.992156393447402,Queued,High,Awaiting Assignment,Org line C,C_6,se,G273 3rd,PROD802,Sweden
449,,,,,,,,,,,,
449,Accepted-Wait,Value 231,18.99226667726997,Accepted,High,Wait,Org line C,C_6,se,G268 3rd,PROD802,Sweden
449,,,,,,,,,,,,
449,Accepted-In Progress,Value 76,19.046483502514185,Accepted,High,In Progress,Org line C,V3_3,se,G335 2nd,PROD802,Sweden
449,,,,,,,,,,S45 2nd,,
449,Accepted-In Progress,Value 232,19.046812942141017,Accepted,High,In Progress,Org line C,E_6,se,G48 2nd,PROD802,Sweden
449,,,,,,,,,,,,
449,Queued-Awaiting Assignment,Value 76,19.046813717391554,Queued,High,Awaiting Assignment,Org line C,V3_3,se,G335 2nd,PROD802,Sweden
449,,,,,,,,,,,,
449,Accepted-Wait,Value 102,19.071113311994974,Accepted,High,Wait,Org line C,V3_3,se,G335 2nd,PROD802,Sweden
449,,,,,,,,,,,,
450,,,,,,,,,,,,
450,Queued-Awaiting Assignment,Value 46,18.992160990025948,Queued,Medium,Awaiting Assignment,Org line G3,,us,G199 3rd,PROD97,USA
450,,,,,,,,,,,,
450,Accepted-Assigned,Value 46,18.99216626420675,Accepted,Medium,Assigned,Org line G3,,us,G199 3rd,PROD97,USA
450,,,,,,,,,,,,
450,Completed-Closed,Value 43,19.06746511842411,Completed,Medium,Closed,Org line G3,,us,G199 3rd,PROD97,POLAND
451,,,,,,,,,,,,
451,Queued-Awaiting Assignment,Value 46,18.992156224039928,Queued,Medium,Awaiting Assignment,Org line G3,,us,G199 3rd,PROD96,USA
451,,,,,,,,,,,,
451,Accepted-Assigned,Value 46,18.99216829707415,Accepted,Medium,Assigned,Org line G3,,us,G199 3rd,PROD96,USA
451,,,,,,,,,,,,
451,Completed-Closed,Value 43,19.067814786583682,Completed,Medium,Closed,Org line G3,,us,G199 3rd,PROD96,POLAND
452,,,,,,,,,,,,
452,Queued-Awaiting Assignment,Value 104,18.992180042449323,Queued,Medium,Awaiting Assignment,Org line C,E_8,in,G186 2nd,PROD476,Sweden
452,,,,,,,,,,,,
452,Accepted-Wait,Value 186,19.019226812759808,Accepted,Medium,Wait,Org line C,E_8,in,G181 2nd,PROD476,INDIA
452,,,,,,,,,,,,
452,Accepted-Wait,Value 214,19.03633614836127,Accepted,Medium,Wait,Org line C,E_8,in,G181 2nd,PROD476,INDIA
452,,,,,,,,,,,,
452,Completed-Closed,Value 214,19.061972635393197,Completed,Medium,Closed,Org line C,E_8,in,G181 2nd,PROD476,Sweden
453,,,,,,,,,,,,
453,Accepted-In Progress,Value 60,19.077394095188286,Accepted,Low,In Progress,Org line G4,,se,S30 2nd,PROD412,Sweden
453,,,,,,,,,,,,
454,,,,,,,,,,,,
454,Completed-Closed,Value 38,19.09371596307726,Completed,Medium,Closed,Org line V2,,0,T11 2nd,PROD498,Sweden
455,,,,,,,,,,,,
455,Queued-Awaiting Assignment,Value 46,18.99271007830111,Queued,Medium,Awaiting Assignment,Org line G3,,us,G199 3rd,PROD97,USA
455,,,,,,,,,,,,
455,Accepted-Assigned,Value 46,18.993068654260377,Accepted,Medium,Assigned,Org line G3,,us,G199 3rd,PROD97,USA
455,,,,,,,,,,,,
455,Completed-Closed,Value 43,19.06897643706213,Completed,Medium,Closed,Org line G3,,us,G199 3rd,PROD97,POLAND
456,,,,,,,,,,,,
456,Queued-Awaiting Assignment,Value 46,18.99319395003911,Queued,Medium,Awaiting Assignment,Org line G3,,us,G199 3rd,PROD97,USA
456,,,,,,,,,,,,
456,Accepted-Assigned,Value 46,18.993295331660633,Accepted,Medium,Assigned,Org line G3,,us,G199 3rd,PROD97,USA
456,,,,,,,,,,,,
456,Completed-Closed,Value 43,19.07075015848485,Completed,Medium,Closed,Org line G3,,us,G199 3rd,PROD97,POLAND
457,,Value 233,,,,,,,,N38,,
457,Queued-Awaiting Assignment,Value 234,19.00689408850151,Queued,Medium,Awaiting Assignment,Org line A2,A2_3,us,N5 2nd,PROD745,USA
457,,,,,,,,,,,,
457,Completed-Closed,Value 235,19.06579618966264,Completed,Medium,Closed,Org line A2,A2_3,us,N5 2nd,PROD745,USA
458,,,,,,,,,,,,
458,Accepted-Assigned,Value 120,18.99513671534117,Accepted,Medium,Assigned,Org line A2,A2_3,se,N23 2nd,PROD76,Sweden
458,,,,,,,,,,,,
458,Completed-Closed,Value 120,19.06925183489501,Completed,Medium,Closed,Org line A2,A2_3,se,N23 2nd,PROD76,Sweden
459,,,,,,,,,,,,
459,Accepted-In Progress,Value 164,19.096465496107616,Accepted,High,In Progress,Org line A2,A2_4,se,G105 2nd,PROD337,Sweden
459,,,,,,,,,,,,
460,,,,,,,,,,,,
460,Accepted-In Progress,Value 164,19.09646569452283,Accepted,High,In Progress,Org line A2,A2_4,se,G105 2nd,PROD337,Sweden
460,,,,,,,,,,,,
461,,,,,,,,,,,,
461,Queued-Awaiting Assignment,Value 69,18.995243929423545,Queued,High,Awaiting Assignment,Org line B,E_10,pl,G230 2nd,PROD321,INDIA
461,,,,,,,,,,,,
461,Accepted-In Progress,Value 236,18.996179059854597,Accepted,High,In Progress,Org line C,V3_2,pl,V27,PROD321,France
461,,,,,,,,,,,,
461,Accepted-In Progress,Value 71,18.99668688460755,Accepted,High,In Progress,Org line B,E_10,pl,G230 2nd,PROD321,INDIA
461,,,,,,,,,,,,
461,Accepted-In Progress,Value 113,19.0019444975162,Accepted,High,In Progress,Org line C,C_6,pl,G141 3rd,PROD321,Sweden
461,,,,,,,,,,,,
461,Accepted-In Progress,Value 45,19.06251634048382,Accepted,High,In Progress,Org line C,E_10,pl,G249 3rd,PROD321,Sweden
461,,,,,,,,,,,,
461,Completed-Closed,Value 45,19.071935482267264,Completed,High,Closed,Org line C,E_10,pl,G249 3rd,PROD321,Sweden
462,,,,,,,,,,,,
462,Accepted-Assigned,Value 29,18.99527719925766,Accepted,Medium,Assigned,Org line A2,A2_1,gb,G42 3rd,PROD235,United Kingdom
462,,,,,,,,,,,,
462,Accepted-Wait,Value 29,19.006261165777946,Accepted,Medium,Wait,Org line A2,A2_1,gb,G42 3rd,PROD235,United Kingdom
462,,,,,,,,,,,,
462,Completed-Closed,Value 143,19.1095640671787,Completed,Medium,Closed,Org line A2,A2_1,gb,G42 3rd,PROD235,United Kingdom
463,,,,,,,,,,,,
463,Queued-Awaiting Assignment,Value 46,18.99568052060688,Queued,Medium,Awaiting Assignment,Org line G3,,us,G199 3rd,PROD97,USA
463,,Value 238,,,,,,,,,,
463,Accepted-Assigned,Value 46,18.99568565809028,Accepted,Medium,Assigned,Org line G3,,us,G199 3rd,PROD97,USA
463,,,,,,,,,,,,
463,Completed-Closed,Value 43,19.068978968070436,Completed,Medium,Closed,Org line G3,,us,G199 3rd,PROD97,POLAND
464,,,,,,,,,,,,
464,Queued-Awaiting Assignment,Value 216,18.995710484198923,Queued,Low,Awaiting Assignment,Org line A2,A2_1,se,M19 2nd,PROD566,Sweden
464,,,,,,,,,,,,
464,Accepted-Wait,Value 216,19.029663705065705,Accepted,Low,Wait,Org line A2,A2_1,se,M19 2nd,PROD566,Sweden
464,,,,,,,,,,,,
465,,,,,,,,,,,,
465,Queued-Awaiting Assignment,Value 46,18.995732305006687,Queued,Medium,Awaiting Assignment,Org line G3,,us,G199 3rd,PROD96,USA
465,,,,,,,,,,,,
465,Accepted-Assigned,Value 46,18.995979097941753,Accepted,Medium,Assigned,Org line G3,,us,G199 3rd,PROD96,USA
465,,,,,,,,,,,,
465,Completed-Closed,Value 43,19.070762571794674,Completed,Medium,Closed,Org line G3,,us,G199 3rd,PROD96,POLAND
466,,,,,,,,,,,,
466,Accepted-Wait,Value 239,18.99600921009445,Accepted,High,Wait,Org line B,E_10,in,G238 2nd,PROD209,INDIA
466,,,,,,,,,,,,
466,Completed-Closed,Value 239,19.08264716811399,Completed,High,Closed,Org line B,E_10,in,G238 2nd,PROD209,INDIA
467,,,,,,,,,,,,
467,Queued-Awaiting Assignment,Value 46,18.996105880120922,Queued,Medium,Awaiting Assignment,Org line G3,,us,G199 3rd,PROD98,USA
467,,,,,,,,,,,,
467,Accepted-Assigned,Value 46,18.996107612513757,Accepted,Medium,Assigned,Org line G3,,us,G199 3rd,PROD98,USA
467,,,,,,,,,,,,
467,Completed-Closed,Value 43,19.070758134758815,Completed,Medium,Closed,Org line G3,,us,G199 3rd,PROD98,POLAND
468,,,,,,,,,,,,
468,Completed-Closed,Value 240,19.06553671409475,Completed,High,Closed,Org line V2,,se,T10 2nd,PROD615,Sweden
469,,,,,,,,,,,,
469,Completed-Closed,Value 138,19.070521262427228,Completed,Medium,Closed,Org line A2,A2_4,se,G105 2nd,PROD337,Sweden
470,,,,,,,,,,,,
470,Accepted-Wait,Value 172,19.019192516498286,Accepted,Medium,Wait,Org line A2,A2_1,pl,W15 2nd,PROD756,POLAND
470,,,,,,,,,,,,
470,Accepted-Wait,Value 172,19.019626255582722,Accepted,Medium,Wait,Org line A2,A2_1,pl,W15 2nd,PROD756,POLAND
470,,,,,,,,,,,,
470,Accepted-Wait,Value 39,19.049150695088525,Accepted,Medium,Wait,Org line A2,A2_1,pl,W15 2nd,PROD756,POLAND
470,,,,,,,,,,,,
471,,,,,,,,,,,,
471,Accepted-In Progress,Value 241,19.04954907632347,Accepted,Low,In Progress,Org line C,E_7,se,G153 2nd,PROD673,INDIA
471,,,,,,,,,,,,
472,,,,,,,,,,,,
472,Queued-Awaiting Assignment,Value 98,18.99667226326544,Queued,High,Awaiting Assignment,Org line A2,A2_3,se,G110 2nd,PROD539,Sweden
472,,,,,,,,,,,,
472,Completed-Closed,Value 39,19.099531064723386,Completed,High,Closed,Org line A2,A2_3,se,M3 2nd,PROD539,Sweden
473,,,,,,,,,,,,
473,Queued-Awaiting Assignment,Value 242,18.996707593593626,Queued,Low,Awaiting Assignment,Org line D,D_2,us,G122 3rd,PROD618,USA
473,,,,,,,,,,,,
473,Completed-Closed,Value 243,19.091098256709614,Completed,Low,Closed,Org line D,D_2,us,G122 3rd,PROD618,Belgium
474,,,,,,,,,,,,
474,Completed-Closed,Value 244,19.068342039694063,Completed,Low,Closed,Org line C,E_10,se,G255 2nd,PROD399,Sweden
475,,,,,,,,,,,,
475,Queued-Awaiting Assignment,Value 46,18.9970536973375,Queued,Medium,Awaiting Assignment,Org line G3,,us,G199 3rd,PROD97,USA
475,,Value 238,,,,,,,,,,
475,Accepted-Assigned,Value 46,18.998560743936835,Accepted,Medium,Assigned,Org line G3,,us,G199 3rd,PROD97,USA
475,,,,,,,,,,,,
475,Completed-Closed,Value 43,19.05514714658161,Completed,Medium,Closed,Org line G3,,us,G199 3rd,PROD97,POLAND
476,,,,,,,,,,,,
476,Queued-Awaiting Assignment,Value 46,18.997184815767298,Queued,Medium,Awaiting Assignment,Org line G3,,us,G199 3rd,PROD97,USA
476,,Value 238,,,,,,,,,,
476,Accepted-Assigned,Value 46,18.998558819407908,Accepted,Medium,Assigned,Org line G3,,us,G199 3rd,PROD97,USA
476,,,,,,,,,,,,
476,Completed-Closed,Value 43,19.070757419611194,Completed,Medium,Closed,Org line G3,,us,G199 3rd,PROD97,POLAND
477,,,,,,,,,,,,
477,Accepted-Wait,Value 243,18.997194440368332,Accepted,Low,Wait,Org line D,D_2,us,G122 3rd,PROD618,Belgium
477,,,,,,,,,,,,
478,,,,,,,,,,,,
478,Completed-Closed,Value 245,19.08004960145057,Completed,High,Closed,Org line C,C_5,fr,V43 3rd,PROD353,France
479,,,,,,,,,,,,
479,Accepted-Wait,Value 246,18.998626596503946,Accepted,Medium,Wait,Org line C,C_6,0,N30 3rd,PROD100,Sweden
479,,,,,,,,,,,,
480,,,,,,,,,,,,
480,Queued-Awaiting Assignment,Value 46,18.998648264007166,Queued,Medium,Awaiting Assignment,Org line G3,,us,G199 3rd,PROD97,USA
480,,Value 238,,,,,,,,,,
480,Accepted-Assigned,Value 46,18.99867002080497,Accepted,Medium,Assigned,Org line G3,,us,G199 3rd,PROD97,USA
480,,,,,,,,,,,,
480,Completed-Closed,Value 43,19.06897569972173,Completed,Medium,Closed,Org line G3,,us,G199 3rd,PROD97,POLAND
481,,,,,,,,,,,,
481,Completed-Closed,Value 62,19.092517808325507,Completed,Medium,Closed,Org line C,E_4,us,G88 2nd,PROD794,Sweden
482,,,,,,,,,,,,
482,Accepted-In Progress,Value 2,18.999117332812347,Accepted,Low,In Progress,Org line C,C_4,se,G155 3rd,PROD474,Sweden
482,,,,,,,,,,,,
483,,,,,,,,,,,,
483,Queued-Awaiting Assignment,Value 46,18.999099623399903,Queued,Medium,Awaiting Assignment,Org line G3,,us,G199 3rd,PROD97,USA
483,,Value 238,,,,,,,,,,
483,Accepted-Assigned,Value 46,18.999103375040058,Accepted,Medium,Assigned,Org line A2,A2_2,us,G21 2nd,PROD97,USA
483,,,,,,,,,,,,
483,Completed-Closed,Value 43,19.061947705286492,Completed,Medium,Closed,Org line A2,A2_2,us,G21 2nd,PROD97,POLAND
484,,,,,,,,,,,,
484,Queued-Awaiting Assignment,Value 247,19.000012690459663,Queued,Medium,Awaiting Assignment,Org line C,C_3,in,G211 3rd,PROD325,Sweden
484,,,,,,,,,,,,
484,Queued-Awaiting Assignment,Value 249,19.001926536132267,Queued,Medium,Awaiting Assignment,Org line C,E_4,in,G93 2nd,PROD325,INDIA
484,,,,,,,,,,,,
484,Accepted-In Progress,Value 250,19.05794315277522,Accepted,Medium,In Progress,Org line C,E_4,in,G93 2nd,PROD325,Sweden
484,,,,,,,,,,,,
484,Completed-Closed,Value 250,19.102090970147422,Completed,Medium,Closed,Org line C,E_4,in,G93 2nd,PROD325,Sweden
485,,,,,,,,,,,,
485,Queued-Awaiting Assignment,Value 251,19.000351883548998,Queued,Major,Awaiting Assignment,Org line A2,A2_5,se,G350 2nd,PROD92,Sweden
485,,Value 252,,,,,,,,,,
485,Queued-Awaiting Assignment,Value 251,19.06862071439009,Queued,Major,Awaiting Assignment,Org line A2,A2_5,se,G350 2nd,PROD92,Sweden
485,,,,,,,,,,,,
485,Completed-Closed,Value 251,19.120808458792737,Completed,Major,Closed,Org line A2,A2_5,se,G350 2nd,PROD92,Sweden
486,,,,,,,,,,,,
486,Queued-Awaiting Assignment,Value 46,19.00057460916492,Queued,Medium,Awaiting Assignment,Org line G3,,us,G199 3rd,PROD98,USA
486,,Value 238,,,,,,,,,,
486,Accepted-Assigned,Value 46,19.00057833287732,Accepted,Medium,Assigned,Org line G3,,us,G199 3rd,PROD98,USA
486,,,,,,,,,,,,
486,Completed-Closed,Value 43,19.07075987303521,Completed,Medium,Closed,Org line G3,,us,G199 3rd,PROD98,POLAND
487,,,,,,,,,,,,
487,Accepted-Wait,Value 12,19.00084151662171,Accepted,Medium,Wait,Org line A2,A2_1,pl,W16 3rd,PROD756,POLAND
487,,,,,,,,,,,,
487,Accepted-In Progress,Value 253,19.117769864846544,Accepted,Medium,In Progress,Org line A2,A2_1,pl,W16 3rd,PROD756,POLAND
487,,,,,,,,,,,,
488,,,,,,,,,,,,
488,Queued-Awaiting Assignment,Value 254,19.00127688555999,Queued,Major,Awaiting Assignment,Org line C,E_8,in,G119 2nd,PROD597,INDIA
488,,,,,,,,,,,,
488,Completed-Closed,Value 254,19.075476448662798,Completed,Major,Closed,Org line C,E_8,in,G119 2nd,PROD597,INDIA
489,,,,,,,,,,,,
489,Accepted-Assigned,Value 117,19.00197884804408,Accepted,Medium,Assigned,Org line C,C_1,be,G56 3rd,PROD387,Sweden
489,,,,,,,,,,,,
489,Accepted-In Progress,Value 117,19.067892440862448,Accepted,Medium,In Progress,Org line C,C_1,be,G56 3rd,PROD387,Sweden
489,,,,,,,,,,,,
490,,,,,,,,,,,,
490,Accepted-Wait,Value 38,19.051890524191624,Accepted,Medium,Wait,Org line A2,A2_3,se,S35 2nd,PROD680,Sweden
490,,,,,,,,,,,,
491,,,,,,,,,,,,
491,Completed-Closed,Value 60,19.07739456188573,Completed,Low,Closed,Org line G4,,se,S30 2nd,PROD412,Sweden
492,,,,,,,,,,,,
492,Queued-Awaiting Assignment,Value 216,19.002039633788158,Queued,Low,Awaiting Assignment,Org line A2,A2_1,se,M19 2nd,PROD566,Sweden
492,,,,,,,,,,,,
492,Accepted-Wait,Value 216,19.042685684071675,Accepted,Low,Wait,Org line A2,A2_1,se,M19 2nd,PROD566,Sweden
492,,,,,,,,,,,,
493,,,,,,,,,,,,
493,Accepted-In Progress,Value 255,19.049185728667368,Accepted,High,In Progress,Org line A2,D_1,pl,V14 3rd,PROD71,POLAND
493,,,,,,,,,,,,
493,Accepted-Assigned,Value 255,19.049186422072346,Accepted,High,Assigned,Org line A2,D_1,pl,V11 3rd,PROD71,POLAND
493,,,,,,,,,,,,
493,Accepted-Wait,Value 255,19.067500113262113,Accepted,High,Wait,Org line A2,D_1,pl,V11 3rd,PROD71,POLAND
493,,,,,,,,,,,,
494,,,,,,,,,,,,
494,Queued-Awaiting Assignment,Value 46,19.002431607777982,Queued,Medium,Awaiting Assignment,Org line G3,,us,G199 3rd,PROD97,USA
494,,Value 238,,,,,,,,,,
494,Accepted-Assigned,Value 46,19.002436135010974,Accepted,Medium,Assigned,Org line G3,,us,G199 3rd,PROD97,USA
494,,,,,,,,,,,,
494,Completed-Closed,Value 43,19.070677836667954,Completed,Medium,Closed,Org line G3,,us,G199 3rd,PROD97,POLAND
495,,,,,,,,,,,,
495,Queued-Awaiting Assignment,Value 46,19.00243370372173,Queued,Medium,Awaiting Assignment,Org line G3,,us,G199 3rd,PROD97,USA
495,,Value 238,,,,,,,,,,
495,Accepted-Assigned,Value 46,19.00244149500477,Accepted,Medium,Assigned,Org line G3,,us,G199 3rd,PROD97,USA
495,,,,,,,,,,,,
495,Completed-Closed,Value 43,19.067464238562057,Completed,Medium,Closed,Org line G3,,us,G199 3rd,PROD97,POLAND
496,,,,,,,,,,,,
496,Accepted-In Progress,Value 8,19.024378208096913,Accepted,Major,In Progress,Org line C,E_6,se,G48 2nd,PROD148,Sweden
496,,,,,,,,,,,,
496,Accepted-In Progress,Value 38,19.06199082966051,Accepted,Major,In Progress,Org line C,E_6,se,G48 2nd,PROD148,Sweden
496,,,,,,,,,,,,
496,Accepted-Assigned,Value 38,19.09420682353923,Accepted,Major,Assigned,Org line C,E_6,se,G48 2nd,PROD148,Sweden
496,,,,,,,,,,,,
496,Accepted-In Progress,Value 38,19.094244102176578,Accepted,Major,In Progress,Org line C,E_6,se,G48 2nd,PROD148,Sweden
496,,,,,,,,,,,,
497,,,,,,,,,,,,
497,Queued-Awaiting Assignment,Value 58,19.002882844160567,Queued,High,Awaiting Assignment,Org line G4,,se,G51 2nd,PROD54,Sweden
497,,,,,,,,,,,,
497,Completed-Closed,Value 116,19.06421591597129,Completed,High,Closed,Org line G4,,se,G51 2nd,PROD54,Sweden
498,,,,,,,,,,,,
498,Completed-Closed,Value 195,19.06198816505044,Completed,Medium,Closed,Org line A2,A2_3,se,N23 2nd,PROD554,Sweden
499,,,,,,,,,,,,
499,Queued-Awaiting Assignment,Value 207,19.002871179130356,Queued,Medium,Awaiting Assignment,Org line C,E_1,se,G99 2nd,PROD150,Sweden
499,,,,,,,,,,,,
499,Completed-Closed,Value 257,19.087136532567715,Completed,Medium,Closed,Org line C,E_1,se,G99 2nd,PROD150,INDIA
500,,,,,,,,,,,,
500,Queued-Awaiting Assignment,Value 46,19.00292065401281,Queued,Medium,Awaiting Assignment,Org line G3,,us,G199 3rd,PROD97,USA
500,,Value 238,,,,,,,,,,
500,Accepted-Assigned,Value 46,19.002922095317548,Accepted,Medium,Assigned,Org line G3,,us,G199 3rd,PROD97,USA
500,,,,,,,,,,,,
500,Completed-Closed,Value 43,19.067812729053315,Completed,Medium,Closed,Org line G3,,us,G199 3rd,PROD97,POLAND
501,,,,,,,,,,,,
501,Queued-Awaiting Assignment,Value 46,19.00295314431589,Queued,Medium,Awaiting Assignment,Org line G3,,us,G199 3rd,PROD97,USA
501,,Value 238,,,,,,,,,,
501,Accepted-Assigned,Value 46,19.00295449619352,Accepted,Medium,Assigned,Org line G3,,us,G199 3rd,PROD97,USA
501,,,,,,,,,,,,
501,Completed-Closed,Value 43,19.067813493428957,Completed,Medium,Closed,Org line G3,,us,G199 3rd,PROD97,POLAND
502,,,,,,,,,,,,
502,Accepted-Assigned,Value 88,19.067450558702447,Accepted,Medium,Assigned,Org line G4,,se,S30 2nd,PROD412,Sweden
502,,,,,,,,,,,,
502,Accepted-Assigned,Value 60,19.06760210559732,Accepted,Medium,Assigned,Org line G4,,se,S30 2nd,PROD412,Sweden
502,,,,,,,,,,,,
502,Accepted-Assigned,Value 60,19.067602754929858,Accepted,Medium,Assigned,Org line G4,,se,S30 2nd,PROD412,Sweden
502,,,,,,,,,,,,
502,Completed-Closed,Value 88,19.067602823005018,Completed,Medium,Closed,Org line G4,,se,S30 2nd,PROD412,Sweden
503,,,,,,,,,,,,
503,Queued-Awaiting Assignment,Value 46,19.00299610743382,Queued,Medium,Awaiting Assignment,Org line G3,,us,G199 3rd,PROD98,USA
503,,Value 238,,,,,,,,,,
503,Accepted-Assigned,Value 46,19.002999878000324,Accepted,Medium,Assigned,Org line G3,,us,G199 3rd,PROD98,USA
503,,,,,,,,,,,,
503,Completed-Closed,Value 43,19.068979323666127,Completed,Medium,Closed,Org line G3,,us,G199 3rd,PROD98,POLAND
504,,,,,,,,,,,,
504,Queued-Awaiting Assignment,Value 7,19.00332607593482,Queued,Low,Awaiting Assignment,Org line A2,A2_2,se,G139 3rd,PROD573,Sweden
504,,,,,,,,,,,,
504,Queued-Awaiting Assignment,Value 7,19.003367001641017,Queued,Low,Awaiting Assignment,Org line A2,A2_2,se,G139 3rd,PROD573,Sweden
504,,,,,,,,,,,,
504,Accepted-Assigned,Value 258,19.00336721383161,Accepted,Low,Assigned,Org line A2,A2_2,se,G139 3rd,PROD573,Sweden
504,,,,,,,,,,,,
504,Accepted-In Progress,Value 12,19.003380810687496,Accepted,Low,In Progress,Org line C,C_6,se,G144 3rd,PROD573,Sweden
504,,,,,,,,,,,,
504,Completed-Closed,Value 237,19.05558391397839,Completed,Low,Closed,Org line C,C_6,se,G144 3rd,PROD573,Sweden
505,,,,,,,,,,,,
505,Accepted-Assigned,Value 259,19.0163404736727,Accepted,Major,Assigned,Org line A2,A2_3,pl,N26 2nd,PROD791,POLAND
505,,,,,,,,,,,,
505,Completed-Closed,Value 259,19.06245014234524,Completed,Major,Closed,Org line A2,A2_3,pl,N26 2nd,PROD791,POLAND
506,,,,,,,,,,,,
506,Completed-Cancelled,Value 235,19.00392517517919,Completed,Major,Cancelled,Org line A2,A2_3,us,N5 2nd,PROD56,USA
506,,,,,,,,,,,,
506,Accepted-Assigned,Value 235,19.0302532860747,Accepted,Major,Assigned,Org line A2,A2_3,us,N5 2nd,PROD56,USA
506,,,,,,,,,,,,
507,,,,,,,,,,,,
507,Accepted-In Progress,Value 243,19.005849496220655,Accepted,High,In Progress,Org line D,D_2,us,G122 3rd,PROD618,Belgium
507,,,,,,,,,,,,
507,Completed-Closed,Value 243,19.091098461307585,Completed,High,Closed,Org line D,D_2,us,G122 3rd,PROD618,Belgium
508,,,,,,,,,,,,
508,Accepted-In Progress,Value 207,19.00593048803484,Accepted,Medium,In Progress,Org line C,E_1,se,G99 2nd,PROD153,Sweden
508,,,,,,,,,,,,
508,Completed-Closed,Value 260,19.05461996001288,Completed,Medium,Closed,Org line C,E_1,se,G99 2nd,PROD153,France
509,,,,,,,,,,,,
509,Accepted-In Progress,Value 195,19.061988502076613,Accepted,Medium,In Progress,Org line A2,A2_3,se,N23 2nd,PROD76,Sweden
509,,,,,,,,,,,,
510,,,,,,,,,,,,
510,Queued-Awaiting Assignment,Value 201,19.006652340391664,Queued,High,Awaiting Assignment,Org line A2,A2_1,pl,D4,PROD791,INDIA
510,,,,,,,,,,,,
510,Accepted-Assigned,Value 160,19.016339310642547,Accepted,High,Assigned,Org line A2,A2_3,pl,N26 2nd,PROD791,POLAND
510,,,,,,,,,,,,
510,Accepted-In Progress,Value 160,19.062026385200713,Accepted,High,In Progress,Org line A2,A2_3,pl,N26 2nd,PROD791,POLAND
510,,,,,,,,,,,,
511,,,,,,,,,,,,
511,Accepted-In Progress,Value 244,19.0067948331014,Accepted,High,In Progress,Org line C,E_10,se,G255 2nd,PROD462,Sweden
511,,,,,,,,,,,,
512,,,,,,,,,,,,
512,Completed-Closed,Value 244,19.068341087345637,Completed,Low,Closed,Org line C,E_10,se,G255 2nd,PROD462,Sweden
513,,,,,,,,,,,,
513,Completed-Closed,Value 254,19.07547601224222,Completed,Medium,Closed,Org line C,E_8,in,G119 2nd,PROD597,INDIA
514,,,,,,,,,,,,
514,Queued-Awaiting Assignment,Value 72,19.006859444550294,Queued,Medium,Awaiting Assignment,Org line A2,A2_2,pl,G21 2nd,PROD604,Sweden
514,,,,,,,,,,,,
514,Queued-Awaiting Assignment,Value 223,19.012923620732995,Queued,Medium,Awaiting Assignment,Org line A2,D_1,pl,G197 2nd,PROD604,POLAND
514,,Value 261,,,,,,,,,,
514,Accepted-Assigned,Value 262,19.022038393943003,Accepted,Medium,Assigned,Org line A2,D_1,pl,V18 3rd,PROD604,Sweden
514,,,,,,,,,,,,
514,Queued-Awaiting Assignment,Value 223,19.022128903119828,Queued,Medium,Awaiting Assignment,Org line A2,D_1,pl,G197 2nd,PROD604,POLAND
514,,,,,,,,,,,,
514,Queued-Awaiting Assignment,Value 223,19.02255002612325,Queued,Medium,Awaiting Assignment,Org line A2,D_1,pl,G197 2nd,PROD604,POLAND
514,,,,,,,,,,,,
514,Accepted-Wait,Value 223,19.026838063654843,Accepted,Medium,Wait,Org line A2,D_1,pl,G197 2nd,PROD604,POLAND
514,,,,,,,,,,,,
514,Completed-Closed,Value 223,19.064744497095415,Completed,Medium,Closed,Org line A2,D_1,pl,G197 2nd,PROD604,POLAND
515,,,,,,,,,,,,
515,Queued-Awaiting Assignment,Value 46,19.007192746817893,Queued,Medium,Awaiting Assignment,Org line G3,,us,G199 3rd,PROD98,USA
515,,Value 238,,,,,,,,,,
515,Accepted-Assigned,Value 46,19.007388043215585,Accepted,Medium,Assigned,Org line A2,A2_2,us,G21 2nd,PROD98,USA
515,,,,,,,,,,,,
515,Completed-Closed,Value 43,19.069704867684553,Completed,Medium,Closed,Org line A2,A2_2,us,G21 2nd,PROD98,POLAND
516,,,,,,,,,,,,
516,Queued-Awaiting Assignment,Value 207,19.00721237162463,Queued,Medium,Awaiting Assignment,Org line C,E_1,se,G99 2nd,PROD150,Sweden
516,,,,,,,,,,,,
516,Completed-Closed,Value 207,19.087537695161632,Completed,Medium,Closed,Org line C,E_1,se,L1 2nd,PROD150,Sweden
517,,,,,,,,,,,,
517,Queued-Awaiting Assignment,Value 46,19.007260158198353,Queued,Medium,Awaiting Assignment,Org line G3,,us,G199 3rd,PROD97,USA
517,,Value 238,,,,,,,,,,
517,Accepted-Assigned,Value 46,19.00726150982821,Accepted,Medium,Assigned,Org line G3,,us,G199 3rd,PROD97,USA
517,,,,,,,,,,,,
517,Completed-Closed,Value 43,19.067812153153472,Completed,Medium,Closed,Org line G3,,us,G199 3rd,PROD97,POLAND
518,,,,,,,,,,,,
518,Queued-Awaiting Assignment,Value 46,19.00738153617475,Queued,Medium,Awaiting Assignment,Org line G3,,us,G199 3rd,PROD97,USA
518,,Value 238,,,,,,,,,,
518,Accepted-Assigned,Value 46,19.007385012163372,Accepted,Medium,Assigned,Org line G3,,us,G199 3rd,PROD97,USA
518,,,,,,,,,,,,
518,Completed-Closed,Value 43,19.07074792428152,Completed,Medium,Closed,Org line G3,,us,G199 3rd,PROD97,POLAND
519,,,,,,,,,,,,
519,Accepted-In Progress,Value 263,19.036578286336063,Accepted,Medium,In Progress,Org line C,C_3,gb,G94 3rd,PROD348,Sweden
519,,,,,,,,,,,,
520,,,,,,,,,,,,
520,Accepted-In Progress,Value 264,19.01011896650425,Accepted,Medium,In Progress,Org line C,E_5,us,G92,PROD348,INDIA
520,,,,,,,,,,,,
520,Accepted-In Progress,Value 265,19.012471631244807,Accepted,Medium,In Progress,Org line C,E_4,us,G88 2nd,PROD348,INDIA
520,,,,,,,,,,,,
520,Accepted-In Progress,Value 265,19.055123397820342,Accepted,Medium,In Progress,Org line C,E_4,us,G88 2nd,PROD348,INDIA
520,,,,,,,,,,,,
520,Accepted-In Progress,Value 265,19.061975015675063,Accepted,Medium,In Progress,Org line C,E_4,us,G88 2nd,PROD348,INDIA
520,,,,,,,,,,,,
521,,,,,,,,,,,,
521,Accepted-Assigned,Value 266,19.008728297042424,Accepted,Medium,Assigned,Org line C,E_1,se,G294 2nd,PROD306,USA
521,,,,,,,,,,,,
522,,,,,,,,,,,,
522,Queued-Awaiting Assignment,Value 58,19.01349366161181,Queued,Major,Awaiting Assignment,Org line G4,,in,G51 2nd,PROD597,Sweden
522,,,,,,,,,,,,
522,Queued-Awaiting Assignment,Value 58,19.019252479224463,Queued,Major,Awaiting Assignment,Org line G4,,in,G51 2nd,PROD597,Sweden
522,,,,,,,,,,,,
522,Queued-Awaiting Assignment,Value 77,19.061585432410688,Queued,Major,Awaiting Assignment,Org line C,C_1,in,G56 3rd,PROD597,Belgium
522,,,,,,,,,,,,
522,Accepted-In Progress,Value 57,19.061586233170086,Accepted,Major,In Progress,Org line C,C_1,in,G56 3rd,PROD597,Sweden
522,,,,,,,,,,,,
522,Accepted-In Progress,Value 254,19.117695949050745,Accepted,Major,In Progress,Org line C,E_8,in,G119 2nd,PROD597,INDIA
522,,,,,,,,,,,,
522,Completed-Closed,Value 267,19.117709476532934,Completed,Major,Closed,Org line C,E_8,in,G119 2nd,PROD597,INDIA
523,,,,,,,,,,,,
523,Queued-Awaiting Assignment,Value 150,19.009104566937268,Queued,High,Awaiting Assignment,Org line C,E_4,fr,G88 2nd,PROD348,USA
523,,Value 268,,,,,,,,,,
523,Queued-Awaiting Assignment,Value 150,19.009474157468546,Queued,High,Awaiting Assignment,Org line C,E_4,fr,G88 2nd,PROD348,USA
523,,Value 269,,,,,,,,,,
523,Accepted-In Progress,Value 118,19.074694888315292,Accepted,High,In Progress,Org line C,,fr,V34 2nd,PROD348,France
523,,,,,,,,,,,,
524,,,,,,,,,,,,
524,Completed-Closed,Value 270,19.102081292175217,Completed,Low,Closed,Org line C,E_4,us,G88 2nd,PROD348,Sweden
525,,,,,,,,,,,,
525,Completed-Closed,Value 164,19.061032238942214,Completed,Low,Closed,Org line G4,,se,S33 2nd,PROD374,Sweden
526,,,,,,,,,,,,
526,Accepted-In Progress,Value 68,19.009623851028508,Accepted,Medium,In Progress,Org line C,E_7,se,G153 2nd,PROD153,Sweden
526,,,,,,,,,,,,
526,Accepted-In Progress,Value 271,19.012915202737926,Accepted,Medium,In Progress,Org line C,E_7,se,G153 2nd,PROD153,INDIA
526,,,,,,,,,,,,
527,,,,,,,,,,,,
527,Queued-Awaiting Assignment,Value 272,19.019652735861772,Queued,Low,Awaiting Assignment,Org line V2,,se,T10 2nd,PROD615,Sweden
527,,,,,,,,,,,,
527,Completed-Closed,Value 191,19.076831758418464,Completed,Low,Closed,Org line V2,,se,T10 2nd,PROD615,Sweden
528,,,,,,,,,,,,
528,Accepted-In Progress,Value 77,19.009613990167722,Accepted,High,In Progress,Org line C,E_1,be,G55 2nd,PROD745,Belgium
528,,,,,,,,,,,,
528,Accepted-Assigned,Value 119,19.010547355376346,Accepted,High,Assigned,Org line C,E_1,be,G55 2nd,PROD745,Sweden
528,,,,,,,,,,,,
528,Accepted-In Progress,Value 273,19.04599831902618,Accepted,High,In Progress,Org line C,E_1,be,G55 2nd,PROD745,Sweden
528,,,,,,,,,,,,
529,,,,,,,,,,,,
529,Completed-Closed,Value 274,19.10162991031044,Completed,Medium,Closed,Org line C,E_4,us,G88 2nd,PROD498,INDIA
530,,,,,,,,,,,,
530,Queued-Awaiting Assignment,Value 46,19.00978562850994,Queued,Medium,Awaiting Assignment,Org line G3,,us,G199 3rd,PROD97,USA
530,,Value 238,,,,,,,,,,
530,Accepted-Assigned,Value 46,19.009787209756215,Accepted,Medium,Assigned,Org line G3,,us,G199 3rd,PROD97,USA
530,,,,,,,,,,,,
530,Completed-Closed,Value 43,19.067822634478702,Completed,Medium,Closed,Org line G3,,us,G199 3rd,PROD97,POLAND
531,,,,,,,,,,,,
531,Accepted-Wait,Value 275,19.055613327813443,Accepted,Low,Wait,Org line C,C_6,fr,G286 3rd,PROD646,France
531,,,,,,,,,,,,
532,,,,,,,,,,,,
532,Queued-Awaiting Assignment,Value 46,19.010227764075207,Queued,Medium,Awaiting Assignment,Org line G3,,us,G199 3rd,PROD97,USA
532,,,,,,,,,,,,
532,Accepted-Assigned,Value 46,19.010268863038878,Accepted,Medium,Assigned,Org line G3,,us,G199 3rd,PROD97,USA
532,,,,,,,,,,,,
532,Completed-Closed,Value 43,19.06746169847976,Completed,Medium,Closed,Org line G3,,us,G199 3rd,PROD97,POLAND
533,,,,,,,,,,,,
533,Accepted-Wait,Value 276,19.056231236997426,Accepted,Medium,Wait,Org line C,E_4,us,G88 2nd,PROD793,INDIA
533,,,,,,,,,,,,
534,,,,,,,,,,,,
534,Queued-Awaiting Assignment,Value 46,19.010537985951654,Queued,Medium,Awaiting Assignment,Org line G3,,us,G199 3rd,PROD96,USA
534,,Value 238,,,,,,,,,,
534,Accepted-Assigned,Value 46,19.010540713627545,Accepted,Medium,Assigned,Org line G3,,us,G199 3rd,PROD96,USA
534,,,,,,,,,,,,
534,Completed-Closed,Value 43,19.067460043494837,Completed,Medium,Closed,Org line G3,,us,G199 3rd,PROD96,POLAND
535,,,,,,,,,,,,
535,Queued-Awaiting Assignment,Value 104,19.01059334190103,Queued,Medium,Awaiting Assignment,Org line C,E_8,in,G186 2nd,PROD474,Sweden
535,,,,,,,,,,,,
535,Accepted-Wait,Value 277,19.01582505817934,Accepted,Medium,Wait,Org line C,E_8,in,G186 2nd,PROD474,INDIA
535,,,,,,,,,,,,
535,Accepted-Assigned,Value 278,19.043635578586287,Accepted,Medium,Assigned,Org line C,E_1,in,G13 2nd,PROD474,INDIA
535,,,,,,,,,,,,
535,Accepted-In Progress,Value 277,19.062341411459236,Accepted,Medium,In Progress,Org line C,E_8,in,G186 2nd,PROD474,INDIA
535,,,,,,,,,,,,
535,Accepted-Assigned,Value 279,19.07771056975717,Accepted,Medium,Assigned,Org line C,E_8,in,G186 2nd,PROD474,INDIA
535,,,,,,,,,,,,
535,Queued-Awaiting Assignment,Value 156,19.081822351918035,Queued,Medium,Awaiting Assignment,Org line C,E_8,in,G188 2nd,PROD474,INDIA
535,,,,,,,,,,,,
535,Accepted-Wait,Value 199,19.09375210710311,Accepted,Medium,Wait,Org line C,E_8,in,G186 2nd,PROD474,INDIA
535,,,,,,,,,,,,
536,,,,,,,,,,,,
536,Queued-Awaiting Assignment,Value 254,19.01059452272065,Queued,Medium,Awaiting Assignment,Org line C,E_8,se,G119 2nd,PROD597,INDIA
536,,,,,,,,,,,,
536,Accepted-Assigned,Value 280,19.02246857787831,Accepted,Medium,Assigned,Org line C,C_5,se,G120 3rd,PROD597,France
536,,,,,,,,,,,,
536,Completed-Closed,Value 280,19.087945064608558,Completed,Medium,Closed,Org line C,C_5,se,G120 3rd,PROD597,France
537,,,,,,,,,,,,
537,Accepted-Wait,Value 228,19.062528330104914,Accepted,Medium,Wait,Org line V2,,se,T2 2nd,PROD615,Sweden
537,,,,,,,,,,,,
538,,,,,,,,,,,,
538,Completed-Closed,Value 133,19.065599985014963,Completed,Medium,Closed,Org line G4,,se,S33 2nd,PROD374,Sweden
539,,,,,,,,,,,,
539,Accepted-Assigned,Value 281,19.012055785146664,Accepted,Low,Assigned,Org line A2,A2_3,se,S35 2nd,PROD680,Sweden
539,,,,,,,,,,,,
539,Completed-Closed,Value 63,19.05834500272189,Completed,Low,Closed,Org line A2,A2_3,se,S35 2nd,PROD680,Sweden
540,,,,,,,,,,,,
540,Completed-Closed,Value 132,19.05784168282185,Completed,Medium,Closed,Org line G4,,se,S33 2nd,PROD374,Sweden
541,,,,,,,,,,,,
541,Queued-Awaiting Assignment,Value 46,19.012118313960258,Queued,Medium,Awaiting Assignment,Org line G3,,us,G199 3rd,PROD97,USA
541,,Value 238,,,,,,,,,,
541,Accepted-Assigned,Value 46,19.01213411160944,Accepted,Medium,Assigned,Org line G3,,us,G199 3rd,PROD97,USA
541,,,,,,,,,,,,
541,Completed-Closed,Value 43,19.055081487489556,Completed,Medium,Closed,Org line G3,,us,G199 3rd,PROD97,POLAND
542,,,,,,,,,,,,
542,Queued-Awaiting Assignment,Value 46,19.01214235352146,Queued,Medium,Awaiting Assignment,Org line G3,,us,G199 3rd,PROD97,USA
542,,Value 238,,,,,,,,,,
542,Accepted-Assigned,Value 46,19.012144966121433,Accepted,Medium,Assigned,Org line G3,,us,G199 3rd,PROD97,USA
542,,,,,,,,,,,,
542,Completed-Closed,Value 43,19.068978356236368,Completed,Medium,Closed,Org line G3,,us,G199 3rd,PROD97,POLAND
543,,,,,,,,,,,,
543,Queued-Awaiting Assignment,Value 282,19.043617395910314,Queued,High,Awaiting Assignment,Org line A2,A2_3,se,S3 2nd,PROD412,Brazil
543,,,,,,,,,,,,
543,Queued-Awaiting Assignment,Value 129,19.04826877604515,Queued,High,Awaiting Assignment,Org line A2,A2_3,se,S21 2nd,PROD412,Sweden
543,,,,,,,,,,,,
543,Accepted-In Progress,Value 12,19.076852060598487,Accepted,High,In Progress,Org line G4,,se,S30 2nd,PROD412,Sweden
543,,,,,,,,,,,,
543,Completed-Closed,Value 60,19.077397688752995,Completed,High,Closed,Org line G4,,se,S30 2nd,PROD412,Sweden
544,,,,,,,,,,,,
544,Completed-Closed,Value 101,19.06146510048705,Completed,Medium,Closed,Org line G4,,se,S28 2nd,PROD633,Sweden
545,,,,,,,,,,,,
545,Completed-Closed,Value 101,19.083203832300843,Completed,Medium,Closed,Org line G4,,se,S28 2nd,PROD633,Sweden
546,,,,,,,,,,,,
546,Completed-Closed,Value 77,19.06849844799963,Completed,Medium,Closed,Org line C,E_7,se,G153 2nd,PROD671,Sweden
547,,,,,,,,,,,,
547,Queued-Awaiting Assignment,Value 150,19.013093995234584,Queued,Major,Awaiting Assignment,Org line C,E_4,us,G88 2nd,PROD17,USA
547,,,,,,,,,,,,
547,Accepted-In Progress,Value 284,19.059120212894097,Accepted,Major,In Progress,Org line C,E_4,us,G88 2nd,PROD17,INDIA
547,,,,,,,,,,,,
548,,,,,,,,,,,,
548,Queued-Awaiting Assignment,Value 285,19.013266806631115,Queued,Medium,Awaiting Assignment,Org line C,E_10,se,G138 2nd,PROD802,Sweden
548,,,,,,,,,,,,
548,Queued-Awaiting Assignment,Value 44,19.01342437499484,Queued,Medium,Awaiting Assignment,Org line C,C_6,se,G273 3rd,PROD802,Sweden
548,,,,,,,,,,,,
548,Accepted-Wait,Value 112,19.018685371657803,Accepted,Medium,Wait,Org line C,C_6,se,G273 3rd,PROD802,Sweden
548,,,,,,,,,,,,
548,Accepted-In Progress,Value 112,19.022555049314768,Accepted,Medium,In Progress,Org line C,C_6,se,G273 3rd,PROD802,Sweden
548,,,,,,,,,,,,
548,Accepted-In Progress,Value 7,19.022555547798046,Accepted,Medium,In Progress,Org line C,E_10,se,G143 2nd,PROD802,Sweden
548,,,,,,,,,,,,
548,Accepted-In Progress,Value 7,19.023990012998624,Accepted,Medium,In Progress,Org line C,E_10,se,G143 2nd,PROD802,Sweden
548,,,,,,,,,,,,
548,Accepted-In Progress,Value 286,19.055078162796775,Accepted,Medium,In Progress,Org line C,E_10,se,G138 2nd,PROD802,Sweden
548,,,,,,,,,,,,
549,,,,,,,,,,,,
549,Completed-Closed,Value 287,19.071464826435086,Completed,Medium,Closed,Org line C,E_2,se,G57 2nd,PROD327,Sweden
550,,,,,,,,,,,,
550,Accepted-In Progress,Value 60,19.07739868437037,Accepted,Medium,In Progress,Org line G4,,se,S30 2nd,PROD408,Sweden
550,,,,,,,,,,,,
551,,,,,,,,,,,,
551,Queued-Awaiting Assignment,Value 46,19.013966383961286,Queued,Medium,Awaiting Assignment,Org line G3,,us,G199 3rd,PROD96,USA
551,,Value 238,,,,,,,,,,
551,Accepted-Assigned,Value 46,19.013969975263034,Accepted,Medium,Assigned,Org line G3,,us,G199 3rd,PROD96,USA
551,,,,,,,,,,,,
551,Completed-Closed,Value 43,19.05839959262889,Completed,Medium,Closed,Org line G3,,us,G199 3rd,PROD96,POLAND
552,,,,,,,,,,,,
552,Completed-Closed,Value 11,19.06883955958709,Completed,Major,Closed,Org line C,V3_2,se,S25,PROD535,Sweden
553,,,,,,,,,,,,
553,Accepted-In Progress,Value 271,19.032391856563045,Accepted,Low,In Progress,Org line C,E_7,se,G153 2nd,PROD673,INDIA
553,,,,,,,,,,,,
554,,,,,,,,,,,,
554,Accepted-Wait,Value 138,19.015355271857995,Accepted,High,Wait,Org line A2,A2_4,se,G105 2nd,PROD337,Sweden
554,,,,,,,,,,,,
555,,,,,,,,,,,,
555,Accepted-Assigned,Value 68,19.015835778950873,Accepted,Low,Assigned,Org line A2,A2_2,pl,J3 2nd,PROD355,POLAND
555,,,,,,,,,,,,
555,Accepted-Wait,Value 288,19.016350334570678,Accepted,Low,Wait,Org line A2,A2_2,pl,J3 2nd,PROD355,POLAND
555,,,,,,,,,,,,
556,,,,,,,,,,,,
556,Completed-Closed,Value 15,19.068410104094188,Completed,High,Closed,Org line G4,,se,S28 2nd,PROD633,Sweden
557,,,,,,,,,,,,
557,Accepted-Wait,Value 289,19.043576062615138,Accepted,High,Wait,Org line G4,,se,S33 2nd,PROD448,Sweden
557,,,,,,,,,,,,
558,,,,,,,,,,,,
558,Accepted-Assigned,Value 29,19.015943195398233,Accepted,Low,Assigned,Org line A2,A2_1,gb,G42 3rd,PROD235,United Kingdom
558,,,,,,,,,,,,
558,Accepted-Wait,Value 143,19.022989818562525,Accepted,Low,Wait,Org line A2,A2_1,gb,G42 3rd,PROD235,United Kingdom
558,,,,,,,,,,,,
559,,,,,,,,,,,,
559,Completed-Closed,Value 128,19.068286718258612,Completed,Low,Closed,Org line C,E_10,se,G240 2nd,PROD412,Sweden
560,,,,,,,,,,,,
560,Accepted-Wait,Value 150,19.015962401096697,Accepted,Medium,Wait,Org line C,C_6,fr,G248 3rd,PROD585,USA
560,,,,,,,,,,,,
560,Accepted-In Progress,Value 150,19.068865850845825,Accepted,Medium,In Progress,Org line C,C_6,fr,G270 3rd,PROD585,USA
560,,,,,,,,,,,,
561,,,,,,,,,,,,
561,Accepted-In Progress,Value 290,19.016086471055992,Accepted,Medium,In Progress,Org line C,E_4,in,G93 2nd,PROD701,Brazil
561,,,,,,,,,,,,
561,Accepted-In Progress,Value 213,19.05928185083274,Accepted,Medium,In Progress,Org line C,E_4,in,G93 2nd,PROD701,POLAND
561,,,,,,,,,,,,
562,,,,,,,,,,,,
562,Accepted-Assigned,Value 164,19.01631570249166,Accepted,Medium,Assigned,Org line A2,A2_4,se,G105 2nd,PROD163,Sweden
562,,,,,,,,,,,,
562,Accepted-Wait,Value 93,19.10958737106121,Accepted,Medium,Wait,Org line A2,A2_4,se,G105 2nd,PROD163,Sweden
562,,,,,,,,,,,,
562,Completed-Closed,Value 93,19.11203595990234,Completed,Medium,Closed,Org line A2,A2_4,se,G105 2nd,PROD163,Sweden
563,,,,,,,,,,,,
563,Accepted-In Progress,Value 291,19.01638016471085,Accepted,High,In Progress,Org line A2,A2_3,se,S21 2nd,PROD290,Sweden
563,,,,,,,,,,,,
564,,,,,,,,,,,,
564,Accepted-Wait,Value 292,19.016344326544914,Accepted,High,Wait,Org line C,E_4,us,G88 2nd,PROD197,INDIA
564,,,,,,,,,,,,
564,Accepted-In Progress,Value 292,19.062016580170578,Accepted,High,In Progress,Org line C,E_4,us,G88 2nd,PROD197,INDIA
564,,,,,,,,,,,,
564,Queued-Awaiting Assignment,Value 150,19.06202008724396,Queued,High,Awaiting Assignment,Org line C,E_4,us,G88 2nd,PROD197,USA
564,,,,,,,,,,,,
564,Accepted-In Progress,Value 293,19.08054705948116,Accepted,High,In Progress,Org line C,E_4,us,G88 2nd,PROD197,USA
564,,,,,,,,,,,,
564,Queued-Awaiting Assignment,Value 217,19.083964591005827,Queued,High,Awaiting Assignment,Org line C,E_5,us,G92,PROD197,INDIA
564,,,,,,,,,,,,
564,Accepted-In Progress,Value 294,19.086680536173823,Accepted,High,In Progress,Org line C,E_4,us,G88 2nd,PROD197,Sweden
564,,,,,,,,,,,,
565,,,,,,,,,,,,
565,Queued-Awaiting Assignment,Value 295,19.01662717721095,Queued,High,Awaiting Assignment,Org line C,E_8,in,G183 2nd,PROD476,France
565,,,,,,,,,,,,
565,Accepted-Wait,Value 186,19.019225378276285,Accepted,High,Wait,Org line C,E_8,in,G181 2nd,PROD476,INDIA
565,,,,,,,,,,,,
565,Accepted-In Progress,Value 187,19.058717707566654,Accepted,High,In Progress,Org line C,E_8,in,G181 2nd,PROD476,INDIA
565,,,,,,,,,,,,
566,,,,,,,,,,,,
566,Completed-Closed,Value 77,19.055201842409303,Completed,Medium,Closed,Org line G4,,se,M19 2nd,PROD286,Sweden
567,,,,,,,,,,,,
567,Completed-Closed,Value 77,19.055202027975554,Completed,Medium,Closed,Org line G4,,se,M19 2nd,PROD286,Sweden
568,,,,,,,,,,,,
568,Queued-Awaiting Assignment,Value 295,19.016943903869965,Queued,Medium,Awaiting Assignment,Org line C,E_8,in,G183 2nd,PROD476,France
568,,,,,,,,,,,,
568,Accepted-Wait,Value 186,19.019227395346398,Accepted,Medium,Wait,Org line C,E_8,in,G181 2nd,PROD476,INDIA
568,,,,,,,,,,,,
568,Accepted-Assigned,Value 214,19.07185187370019,Accepted,Medium,Assigned,Org line C,E_8,in,G181 2nd,PROD476,Sweden
568,,,,,,,,,,,,
568,Completed-Closed,Value 214,19.093257761936275,Completed,Medium,Closed,Org line C,E_8,in,G181 2nd,PROD476,Sweden
569,,,,,,,,,,,,
569,Queued-Awaiting Assignment,Value 103,19.017261477434594,Queued,Medium,Awaiting Assignment,Org line C,C_6,se,G141 3rd,PROD660,Sweden
569,,,,,,,,,,,,
569,Accepted-In Progress,Value 106,19.071893467685257,Accepted,Medium,In Progress,Org line C,C_6,se,G141 3rd,PROD660,Sweden
569,,,,,,,,,,,,
569,Completed-Closed,Value 106,19.091169019536004,Completed,Medium,Closed,Org line C,C_6,se,G141 3rd,PROD660,Sweden
570,,,,,,,,,,,,
570,Completed-Closed,Value 68,19.088034059641178,Completed,Medium,Closed,Org line V2,,se,T10 2nd,PROD615,Sweden
571,,,,,,,,,,,,
571,Completed-Closed,Value 296,19.083226516195893,Completed,Medium,Closed,Org line A2,A2_4,se,G105 2nd,PROD337,Sweden
572,,,,,,,,,,,,
572,Completed-Closed,Value 296,19.071902269099034,Completed,Medium,Closed,Org line A2,A2_4,se,G105 2nd,PROD337,Sweden
573,,,,,,,,,,,,
573,Completed-Closed,Value 297,19.055585535736693,Completed,Medium,Closed,Org line A2,A2_4,se,G105 2nd,PROD337,Sweden
574,,,,,,,,,,,,
574,Completed-Closed,Value 297,19.06519958124917,Completed,Medium,Closed,Org line A2,A2_4,se,G105 2nd,PROD337,Sweden
575,,,,,,,,,,,,
575,Accepted-Wait,Value 281,19.068246779429067,Accepted,High,Wait,Org line C,E_8,in,G186 2nd,PROD474,Sweden
575,,,,,,,,,,,,
576,,,,,,,,,,,,
576,Queued-Awaiting Assignment,Value 165,19.018869931183048,Queued,High,Awaiting Assignment,Org line C,V3_3,us,N22 2nd,PROD671,USA
576,,,,,,,,,,,,
576,Accepted-In Progress,Value 165,19.019225878422116,Accepted,High,In Progress,Org line C,V3_3,us,N22 2nd,PROD671,USA
576,,,,,,,,,,,,
576,Completed-Closed,Value 165,19.056571814135506,Completed,High,Closed,Org line C,V3_3,us,N22 2nd,PROD671,USA
577,,,,,,,,,,,,
577,Completed-Closed,Value 298,19.057906462978387,Completed,Low,Closed,Org line G4,,se,S33 2nd,PROD397,Sweden
578,,,,,,,,,,,,
578,Accepted-In Progress,Value 126,19.019255062322536,Accepted,Medium,In Progress,Org line A2,A2_3,se,U6 2nd,PROD802,Sweden
578,,,,,,,,,,,,
578,Accepted-In Progress,Value 126,19.038529805953697,Accepted,Medium,In Progress,Org line A2,A2_3,se,U6 2nd,PROD802,Sweden
578,,,,,,,,,,,,
578,Accepted-In Progress,Value 13,19.070647635775924,Accepted,Medium,In Progress,Org line A2,A2_3,se,U5 2nd,PROD802,Sweden
578,,,,,,,,,,,,
579,,,,,,,,,,,,
579,Completed-Closed,Value 118,19.094184341467923,Completed,High,Closed,Org line C,C_6,fr,G225 3rd,PROD804,France
580,,,,,,,,,,,,
580,Completed-Closed,Value 13,19.077751220977067,Completed,Medium,Closed,Org line A2,D_1,se,L38 3rd,PROD607,Sweden
581,,,,,,,,,,,,
581,Completed-Closed,Value 55,19.027173836414676,Completed,High,Closed,Org line C,V3_3,us,V42 2nd,PROD794,France
581,,,,,,,,,,,,
581,Queued-Awaiting Assignment,Value 150,19.037241955427866,Queued,High,Awaiting Assignment,Org line C,E_4,us,G88 2nd,PROD794,USA
581,,,,,,,,,,,,
581,Completed-Closed,Value 299,19.05602118996967,Completed,High,Closed,Org line C,E_4,us,G88 2nd,PROD794,INDIA
582,,,,,,,,,,,,
582,Accepted-In Progress,Value 300,19.019715027678597,Accepted,Medium,In Progress,Org line A2,D_1,fr,V44 3rd,PROD603,France
582,,,,,,,,,,,,
582,Accepted-In Progress,Value 300,19.019719422404048,Accepted,Medium,In Progress,Org line A2,D_1,fr,V44 3rd,PROD603,France
582,,,,,,,,,,,,
582,Completed-Closed,Value 300,19.099923296671836,Completed,Medium,Closed,Org line A2,D_1,fr,V21 2nd,PROD603,France
583,,,,,,,,,,,,
583,Accepted-In Progress,Value 299,19.020115549537717,Accepted,High,In Progress,Org line C,E_4,us,G88 2nd,PROD348,INDIA
583,,,,,,,,,,,,
583,Accepted-In Progress,Value 299,19.030619349515067,Accepted,High,In Progress,Org line C,E_4,us,G88 2nd,PROD348,INDIA
583,,,,,,,,,,,,
584,,,,,,,,,,,,
584,Completed-Closed,Value 133,19.06559386168986,Completed,High,Closed,Org line G4,,se,S33 2nd,PROD374,Sweden
585,,,,,,,,,,,,
585,Completed-Closed,Value 164,19.08671448997054,Completed,Medium,Closed,Org line G4,,se,S33 2nd,PROD374,Sweden
586,,,,,,,,,,,,
586,Queued-Awaiting Assignment,Value 46,19.020246242993743,Queued,Medium,Awaiting Assignment,Org line G3,,us,G199 3rd,PROD97,USA
586,,,,,,,,,,,,
586,Accepted-Assigned,Value 46,19.02024742894136,Accepted,Medium,Assigned,Org line G3,,us,G199 3rd,PROD97,USA
586,,,,,,,,,,,,
586,Completed-Closed,Value 43,19.07074401963381,Completed,Medium,Closed,Org line G3,,us,G199 3rd,PROD97,POLAND
587,,,,,,,,,,,,
587,Queued-Awaiting Assignment,Value 69,19.020477355416133,Queued,Medium,Awaiting Assignment,Org line B,E_10,in,G230 2nd,PROD424,INDIA
587,,,,,,,,,,,,
587,Completed-Closed,Value 71,19.08668234974363,Completed,Medium,Closed,Org line B,E_10,in,G230 2nd,PROD424,INDIA
588,,,,,,,,,,,,
588,Queued-Awaiting Assignment,Value 69,19.02048327279147,Queued,Medium,Awaiting Assignment,Org line B,E_10,in,G230 2nd,PROD321,INDIA
588,,,,,,,,,,,,
588,Completed-Closed,Value 71,19.061990039757077,Completed,Medium,Closed,Org line B,E_10,in,G230 2nd,PROD321,INDIA
589,,,,,,,,,,,,
589,Completed-Closed,Value 244,19.068342939714817,Completed,Medium,Closed,Org line C,E_10,se,G255 2nd,PROD399,Sweden
590,,,,,,,,,,,,
590,Accepted-Wait,Value 62,19.02068725262287,Accepted,Low,Wait,Org line A2,A2_3,se,S35 2nd,PROD551,Sweden
590,,,,,,,,,,,,
590,Accepted-Wait,Value 62,19.042741731412836,Accepted,Low,Wait,Org line A2,A2_3,se,S35 2nd,PROD551,Sweden
590,,,,,,,,,,,,
590,Completed-Closed,Value 62,19.059271791799866,Completed,Low,Closed,Org line A2,A2_3,se,S35 2nd,PROD551,Sweden
591,,,,,,,,,,,,
591,Completed-Closed,Value 301,19.05767022861063,Completed,Low,Closed,Org line B,E_10,in,G238 2nd,PROD209,INDIA
592,,,,,,,,,,,,
592,Completed-Closed,Value 132,19.05783902299673,Completed,Medium,Closed,Org line G4,,se,S33 2nd,PROD374,Sweden
593,,,,,,,,,,,,
593,Queued-Awaiting Assignment,Value 207,19.02122331086082,Queued,Medium,Awaiting Assignment,Org line C,E_1,se,G99 2nd,PROD153,Sweden
593,,,,,,,,,,,,
593,Completed-Closed,Value 237,19.06201913412163,Completed,Medium,Closed,Org line C,E_1,se,G99 2nd,PROD153,USA
594,,,,,,,,,,,,
594,Accepted-Wait,Value 29,19.021964023959946,Accepted,Medium,Wait,Org line A2,A2_1,gb,G42 3rd,PROD236,United Kingdom
594,,,,,,,,,,,,
594,Completed-Closed,Value 143,19.109564328289633,Completed,Medium,Closed,Org line A2,A2_1,gb,G42 3rd,PROD236,United Kingdom
595,,,,,,,,,,,,
595,Accepted-Assigned,Value 57,19.021994547617965,Accepted,Medium,Assigned,Org line C,C_1,be,G56 3rd,PROD795,Sweden
595,,,,,,,,,,,,
595,Completed-Closed,Value 57,19.057927565460066,Completed,Medium,Closed,Org line C,C_1,be,G56 3rd,PROD795,Sweden
596,,,,,,,,,,,,
596,Completed-Closed,Value 77,19.055202807353428,Completed,Medium,Closed,Org line G4,,se,M19 2nd,PROD286,Sweden
597,,,,,,,,,,,,
597,Completed-Closed,Value 302,19.103399325207018,Completed,High,Closed,Org line V5,,de,V19 2nd,PROD637,Germany
598,,,,,,,,,,,,
598,Accepted-In Progress,Value 303,19.05562134624579,Accepted,Medium,In Progress,Org line C,E_4,in,G88 2nd,PROD794,INDIA
598,,,,,,,,,,,,
598,Queued-Awaiting Assignment,Value 150,19.08404660061466,Queued,Medium,Awaiting Assignment,Org line C,E_4,in,G88 2nd,PROD794,USA
598,,,,,,,,,,,,
598,Accepted-In Progress,Value 303,19.093379932012798,Accepted,Medium,In Progress,Org line C,E_5,in,G92,PROD794,INDIA
598,,,,,,,,,,,,
599,,,,,,,,,,,,
599,Accepted-Assigned,Value 304,19.038479414748355,Accepted,Low,Assigned,Org line A2,A2_3,se,S35 2nd,PROD551,Sweden
599,,,,,,,,,,,,
599,Completed-Closed,Value 304,19.08094103031138,Completed,Low,Closed,Org line A2,A2_3,se,S35 2nd,PROD551,Sweden
600,,,,,,,,,,,,
600,Completed-Closed,Value 273,19.080530838386377,Completed,Medium,Closed,Org line C,E_4,us,G88 2nd,PROD348,Sweden
601,,,,,,,,,,,,
601,Completed-Closed,Value 77,19.05520215522096,Completed,Medium,Closed,Org line G4,,se,M19 2nd,PROD286,Sweden
602,,,,,,,,,,,,
602,Completed-Closed,Value 8,19.103332636146767,Completed,Medium,Closed,Org line A2,A2_4,se,G105 2nd,PROD337,Sweden
603,,,,,,,,,,,,
603,Accepted-In Progress,Value 71,19.023474437982028,Accepted,Medium,In Progress,Org line B,E_10,in,G230 2nd,PROD424,INDIA
603,,,,,,,,,,,,
603,Accepted-In Progress,Value 71,19.053168961481223,Accepted,Medium,In Progress,Org line B,E_10,in,G230 2nd,PROD424,INDIA
603,,,,,,,,,,,,
604,,,,,,,,,,,,
604,Completed-Closed,Value 20,19.074727041779077,Completed,Medium,Closed,Org line C,E_6,se,G334 2nd,PROD289,Sweden
605,,,,,,,,,,,,
605,Accepted-In Progress,Value 60,19.02578840825951,Accepted,Medium,In Progress,Org line G4,,se,S30 2nd,PROD412,Sweden
605,,,,,,,,,,,,
605,Accepted-In Progress,Value 134,19.091097325788322,Accepted,Medium,In Progress,Org line G4,,se,S30 2nd,PROD412,Sweden
605,,,,,,,,,,,,
606,,,,,,,,,,,,
606,Accepted-Assigned,Value 114,19.02345060362943,Accepted,Medium,Assigned,Org line G4,,se,S30 2nd,PROD408,Sweden
606,,,,,,,,,,,,
606,Completed-Closed,Value 114,19.09115372680143,Completed,Medium,Closed,Org line G4,,se,S30 2nd,PROD408,Sweden
607,,,,,,,,,,,,
607,Completed-Closed,Value 4,19.057800441517163,Completed,Medium,Closed,Org line C,V3_2,se,M11,PROD512,Sweden
608,,,,,,,,,,,,
608,Accepted-Assigned,Value 305,19.02340991152175,Accepted,Medium,Assigned,Org line A2,A2_2,pl,G171 2nd,PROD686,Belgium
608,,,,,,,,,,,,
608,Accepted-In Progress,Value 213,19.079932277991606,Accepted,Medium,In Progress,Org line A2,A2_2,pl,G171 2nd,PROD686,POLAND
608,,,,,,,,,,,,
609,,,,,,,,,,,,
609,Queued-Awaiting Assignment,Value 44,19.023446537229656,Queued,Medium,Awaiting Assignment,Org line C,C_6,se,G273 3rd,PROD802,Sweden
609,,,,,,,,,,,,
609,Accepted-Wait,Value 204,19.023905558338257,Accepted,Medium,Wait,Org line C,C_6,se,G273 3rd,PROD802,Sweden
609,,,,,,,,,,,,
610,,,,,,,,,,,,
610,Queued-Awaiting Assignment,Value 103,19.023907483933645,Queued,Medium,Awaiting Assignment,Org line C,C_6,se,G141 3rd,PROD660,Sweden
610,,,,,,,,,,,,
610,Accepted-In Progress,Value 306,19.025818509648527,Accepted,Medium,In Progress,Org line C,C_6,se,G250 3rd,PROD660,Sweden
610,,,,,,,,,,,,
610,Completed-Closed,Value 306,19.080416585421425,Completed,Medium,Closed,Org line C,C_6,se,G250 3rd,PROD660,Sweden
611,,,,,,,,,,,,
611,Accepted-In Progress,Value 2,19.023508368801338,Accepted,Medium,In Progress,Org line C,C_6,se,G250 3rd,PROD660,Sweden
611,,,,,,,,,,,,
612,,,,,,,,,,,,
612,Accepted-In Progress,Value 39,19.099531166163338,Accepted,High,In Progress,Org line A2,A2_3,se,M3 2nd,PROD234,Sweden
612,,,,,,,,,,,,
613,,,,,,,,,,,,
613,Completed-Closed,Value 111,19.056215257515017,Completed,Major,Closed,Org line A2,A2_5,us,N30 2nd,PROD487,USA
614,,,,,,,,,,,,
614,Accepted-In Progress,Value 307,19.023959457197122,Accepted,Medium,In Progress,Org line C,E_4,us,G88 2nd,PROD774,INDIA
614,,,,,,,,,,,,
614,Accepted-Wait,Value 307,19.049162712683145,Accepted,Medium,Wait,Org line C,E_4,us,G88 2nd,PROD774,INDIA
614,,,,,,,,,,,,
614,Accepted-In Progress,Value 299,19.0767357001188,Accepted,Medium,In Progress,Org line C,E_4,us,G88 2nd,PROD774,INDIA
614,,,,,,,,,,,,
615,,,,,,,,,,,,
615,Accepted-In Progress,Value 46,19.023919436765254,Accepted,Medium,In Progress,Org line G3,,us,G199 3rd,PROD96,USA
615,,,,,,,,,,,,
615,Completed-Closed,Value 43,19.055147894189183,Completed,Medium,Closed,Org line G3,,us,G199 3rd,PROD96,POLAND
616,,,,,,,,,,,,
616,Accepted-In Progress,Value 308,19.023997468560008,Accepted,High,In Progress,Org line C,E_7,in,G157 2nd,PROD424,USA
616,,,,,,,,,,,,
616,Accepted-Wait,Value 308,19.04334585007002,Accepted,High,Wait,Org line C,E_7,in,G165 2nd,PROD424,USA
616,,,,,,,,,,,,
617,,,,,,,,,,,,
617,Completed-Closed,Value 309,19.055131584552363,Completed,Major,Closed,Org line C,C_1,se,G100 3rd,PROD153,Sweden
618,,,,,,,,,,,,
618,Queued-Awaiting Assignment,Value 256,19.025310071539156,Queued,Medium,Awaiting Assignment,Org line A2,D_1,pl,V11 3rd,PROD74,POLAND
618,,,,,,,,,,,,
618,Completed-Closed,Value 256,19.061963440711352,Completed,Medium,Closed,Org line A2,D_1,pl,V11 3rd,PROD74,POLAND
619,,,,,,,,,,,,
619,Accepted-In Progress,Value 150,19.025484149365266,Accepted,Medium,In Progress,Org line C,E_7,se,G135 2nd,PROD806,Sweden
619,,,,,,,,,,,,
620,,,,,,,,,,,,
620,Queued-Awaiting Assignment,Value 285,19.025599512690683,Queued,Low,Awaiting Assignment,Org line C,E_10,se,G138 2nd,PROD802,Sweden
620,,,,,,,,,,,,
620,Queued-Awaiting Assignment,Value 44,19.03374020540911,Queued,Low,Awaiting Assignment,Org line C,C_6,se,R4 3rd,PROD802,Sweden
620,,,,,,,,,,,,
620,Completed-Closed,Value 122,19.099408740944558,Completed,Low,Closed,Org line C,C_6,se,G273 3rd,PROD802,Sweden
621,,,,,,,,,,,,
621,Queued-Awaiting Assignment,Value 94,19.025634796803004,Queued,Low,Awaiting Assignment,Org line F,,se,S1 2nd,PROD813,Sweden
621,,,,,,,,,,,,
621,Accepted-Assigned,Value 123,19.02575962736111,Accepted,Low,Assigned,Org line F,,se,S1 2nd,PROD813,Sweden
621,,,,,,,,,,,,
621,Completed-Closed,Value 123,19.055594529557734,Completed,Low,Closed,Org line F,,se,S1 2nd,PROD813,Sweden
622,,,,,,,,,,,,
622,Queued-Awaiting Assignment,Value 94,19.02563660985176,Queued,Low,Awaiting Assignment,Org line F,,se,S1 2nd,PROD812,Sweden
622,,,,,,,,,,,,
622,Accepted-Assigned,Value 123,19.025786218734407,Accepted,Low,Assigned,Org line F,,se,S1 2nd,PROD812,Sweden
622,,,,,,,,,,,,
623,,,,,,,,,,,,
623,Completed-Closed,Value 4,19.05780031989008,Completed,Low,Closed,Org line C,V3_2,se,M11,PROD512,Sweden
624,,,,,,,,,,,,
624,Accepted-Assigned,Value 227,19.028688837330094,Accepted,Medium,Assigned,Org line A2,A2_1,se,N16 2nd,PROD753,Sweden
624,,,,,,,,,,,,
624,Completed-Closed,Value 167,19.057908916409307,Completed,Medium,Closed,Org line A2,A2_1,se,N16 2nd,PROD753,Sweden
625,,,,,,,,,,,,
625,Queued-Awaiting Assignment,Value 46,19.02592552522564,Queued,Medium,Awaiting Assignment,Org line G3,,us,G199 3rd,PROD96,USA
625,,,,,,,,,,,,
625,Completed-Closed,Value 43,19.067427744553978,Completed,Medium,Closed,Org line G3,,us,G199 3rd,PROD96,POLAND
626,,,,,,,,,,,,
626,Accepted-Assigned,Value 310,19.028594749220876,Accepted,High,Assigned,Org line C,E_4,us,G88 2nd,PROD793,USA
626,,,,,,,,,,,,
626,Completed-Closed,Value 150,19.05663091110388,Completed,High,Closed,Org line C,E_4,us,G88 2nd,PROD793,USA
627,,,,,,,,,,,,
627,Accepted-Assigned,Value 311,19.026252817747814,Accepted,High,Assigned,Org line G4,,se,S30 2nd,PROD412,Sweden
627,,,,,,,,,,,,
627,Completed-Closed,Value 60,19.067451239557467,Completed,High,Closed,Org line G4,,se,S30 2nd,PROD412,Sweden
628,,,,,,,,,,,,
628,Queued-Awaiting Assignment,Value 285,19.02628775682843,Queued,Medium,Awaiting Assignment,Org line C,E_10,se,G145 2nd,PROD104,Sweden
628,,,,,,,,,,,,
628,Queued-Awaiting Assignment,Value 77,19.032867122185493,Queued,Medium,Awaiting Assignment,Org line C,E_10,se,G140 2nd,PROD104,Sweden
628,,,,,,,,,,,,
628,Accepted-In Progress,Value 113,19.033275163867202,Accepted,Medium,In Progress,Org line C,C_6,se,G141 3rd,PROD104,Sweden
628,,,,,,,,,,,,
628,Queued-Awaiting Assignment,Value 77,19.03330566937427,Queued,Medium,Awaiting Assignment,Org line C,E_10,se,G140 2nd,PROD104,Sweden
628,,,,,,,,,,,,
628,Queued-Awaiting Assignment,Value 113,19.033407031585746,Queued,Medium,Awaiting Assignment,Org line C,C_6,se,G141 3rd,PROD104,Sweden
628,,,,,,,,,,,,
628,Accepted-In Progress,Value 312,19.036107435068306,Accepted,Medium,In Progress,Org line C,C_6,se,G261 3rd,PROD104,Sweden
628,,,,,,,,,,,,
628,Accepted-In Progress,Value 312,19.042267366480775,Accepted,Medium,In Progress,Org line C,C_6,se,G261 3rd,PROD104,Sweden
628,,,,,,,,,,,,
629,,,,,,,,,,,,
629,Queued-Awaiting Assignment,Value 309,19.026333991111063,Queued,Medium,Awaiting Assignment,Org line C,C_1,se,G100 3rd,PROD153,Sweden
629,,,,,,,,,,,,
629,Completed-Closed,Value 309,19.055107156715128,Completed,Medium,Closed,Org line C,C_1,se,G100 3rd,PROD153,Sweden
630,,,,,,,,,,,,
630,Completed-Closed,Value 296,19.065588163343353,Completed,Medium,Closed,Org line A2,A2_4,se,G105 2nd,PROD337,Sweden
631,,,,,,,,,,,,
631,Accepted-Assigned,Value 313,19.061972187773183,Accepted,Medium,Assigned,Org line A2,A2_4,in,G31 3rd,PROD194,Sweden
631,,,,,,,,,,,,
631,Completed-Closed,Value 313,19.077683110327804,Completed,Medium,Closed,Org line A2,A2_4,in,G31 3rd,PROD194,Sweden
632,,,,,,,,,,,,
632,Queued-Awaiting Assignment,Value 314,19.04273727028839,Queued,Low,Awaiting Assignment,Org line C,,fr,N18 2nd,PROD696,USA
632,,Value 315,,,,,,,,M16 3rd,,
632,Queued-Awaiting Assignment,Value 148,19.04273826344056,Queued,Low,Awaiting Assignment,Org line C,E_6,fr,W12 2nd,PROD696,France
632,,,,,,,,,,,,
632,Completed-Closed,Value 148,19.058412302892084,Completed,Low,Closed,Org line C,E_6,fr,W12 2nd,PROD696,France
633,,,,,,,,,,,,
633,Completed-Closed,Value 77,19.05922291032401,Completed,Low,Closed,Org line C,C_1,be,G56 3rd,PROD394,Belgium
634,,,,,,,,,,,,
634,Completed-Closed,Value 43,19.055078300663045,Completed,Medium,Closed,Org line G3,,us,G199 3rd,PROD97,POLAND
635,,,,,,,,,,,,
635,Accepted-In Progress,Value 39,19.068780892076248,Accepted,High,In Progress,Org line C,E_7,se,G157 2nd,PROD677,Sweden
635,,,,,,,,,,,,
635,Accepted-In Progress,Value 177,19.084504679824907,Accepted,High,In Progress,Org line C,E_7,se,G136 2nd,PROD677,Sweden
635,,,,,,,,,,,,
636,,,,,,,,,,,,
636,Accepted-Wait,Value 256,19.027187974898627,Accepted,High,Wait,Org line A2,A2_2,pl,L60 2nd,PROD229,POLAND
636,,,,,,,,,,,,
636,Completed-Closed,Value 256,19.072311574399663,Completed,High,Closed,Org line A2,A2_2,pl,L60 2nd,PROD229,POLAND
637,,,,,,,,,,,,
637,Accepted-Wait,Value 256,19.027188994519324,Accepted,High,Wait,Org line A2,A2_2,pl,L60 2nd,PROD229,POLAND
637,,,,,,,,,,,,
637,Completed-Closed,Value 256,19.072310485101305,Completed,High,Closed,Org line A2,A2_2,pl,L60 2nd,PROD229,POLAND
638,,,,,,,,,,,,
638,Queued-Awaiting Assignment,Value 20,19.055056066830407,Queued,Medium,Awaiting Assignment,Org line A2,A2_2,se,G357 2nd,PROD233,Sweden
638,,,,,,,,,,,,
638,Accepted-Wait,Value 40,19.055078046140686,Accepted,Medium,Wait,Org line A2,A2_2,se,G357 2nd,PROD233,POLAND
638,,,,,,,,,,,,
639,,,,,,,,,,,,
639,Completed-Closed,Value 256,19.072311193927167,Completed,High,Closed,Org line A2,A2_2,pl,L60 2nd,PROD229,POLAND
640,,,,,,,,,,,,
640,Accepted-In Progress,Value 256,19.055051400473175,Accepted,Low,In Progress,Org line A2,A2_4,pl,W11 2nd,PROD555,POLAND
640,,,,,,,,,,,,
641,,,,,,,,,,,,
641,Completed-Closed,Value 256,19.072309755427103,Completed,Medium,Closed,Org line A2,A2_4,pl,W11 2nd,PROD370,POLAND
642,,,,,,,,,,,,
642,Accepted-Wait,Value 251,19.027260834267253,Accepted,Low,Wait,Org line G1,E_6,se,G358 2nd,PROD380,Sweden
642,,,,,,,,,,,,
643,,,,,,,,,,,,
643,Completed-Closed,Value 213,19.104718761778024,Completed,Medium,Closed,Org line A2,A2_3,pl,N26 2nd,PROD791,POLAND
644,,,,,,,,,,,,
644,Queued-Awaiting Assignment,Value 229,19.028139466624655,Queued,High,Awaiting Assignment,Org line C,E_10,se,G271 2nd,PROD802,Sweden
644,,,,,,,,,,,,
644,Queued-Awaiting Assignment,Value 44,19.028599573350583,Queued,High,Awaiting Assignment,Org line C,C_6,se,G273 3rd,PROD802,Sweden
644,,,,,,,,,,,,
644,Accepted-Wait,Value 128,19.028627581156293,Accepted,High,Wait,Org line C,C_6,se,R4 3rd,PROD802,Sweden
644,,,,,,,,,,,,
644,Queued-Awaiting Assignment,Value 39,19.028661386578346,Queued,High,Awaiting Assignment,Org line C,E_10,se,R6 2nd,PROD802,Sweden
644,,,,,,,,,,,,
644,Accepted-Assigned,Value 39,19.029608649611678,Accepted,High,Assigned,Org line C,E_10,se,R6 2nd,PROD802,Sweden
644,,,,,,,,,,,,
644,Completed-Closed,Value 76,19.037032276098053,Completed,High,Closed,Org line C,E_10,se,R6 2nd,PROD802,Sweden
644,,Value 317,,,,,,,,,,
644,Queued-Awaiting Assignment,Value 229,19.042707110202972,Queued,High,Awaiting Assignment,Org line C,E_10,se,G271 2nd,PROD802,Sweden
644,,,,,,,,,,,,
644,Accepted-Assigned,Value 318,19.042707867168897,Accepted,High,Assigned,Org line C,E_10,se,G271 2nd,PROD802,Sweden
644,,,,,,,,,,,,
644,Accepted-In Progress,Value 76,19.063987495257535,Accepted,High,In Progress,Org line C,C_6,se,G273 3rd,PROD802,Sweden
644,,,,,,,,,,,,
645,,,,,,,,,,,,
645,Accepted-Wait,Value 319,19.028564698615767,Accepted,Medium,Wait,Org line C,E_4,us,G88 2nd,PROD348,INDIA
645,,,,,,,,,,,,
645,Accepted-Assigned,Value 319,19.029193552932856,Accepted,Medium,Assigned,Org line C,E_4,us,G88 2nd,PROD348,INDIA
645,,,,,,,,,,,,
645,Completed-Closed,Value 319,19.119748418747285,Completed,Medium,Closed,Org line C,E_4,us,G88 2nd,PROD348,INDIA
646,,,,,,,,,,,,
646,Completed-Closed,Value 2,19.05787878214997,Completed,Medium,Closed,Org line V2,,se,T3 2nd,PROD61,Sweden
647,,,,,,,,,,,,
647,Completed-Closed,Value 43,19.06745891223774,Completed,Medium,Closed,Org line G3,,us,G199 3rd,PROD97,POLAND
648,,,,,,,,,,,,
648,Completed-Closed,Value 267,19.11770379859878,Completed,High,Closed,Org line C,E_8,in,G119 2nd,PROD597,INDIA
649,,,,,,,,,,,,
649,Completed-Closed,Value 320,19.068284075604943,Completed,High,Closed,Org line C,C_5,se,G120 3rd,PROD597,Sweden
650,,,,,,,,,,,,
650,Completed-Closed,Value 320,19.068284248293416,Completed,High,Closed,Org line C,C_5,se,G120 3rd,PROD597,Sweden
651,,,,,,,,,,,,
651,Completed-Closed,Value 320,19.068284379117994,Completed,Low,Closed,Org line C,C_5,se,G120 3rd,PROD597,Sweden
652,,,,,,,,,,,,
652,Accepted-Wait,Value 321,19.029153436687157,Accepted,Medium,Wait,Org line C,E_4,us,G88 2nd,PROD348,INDIA
652,,,,,,,,,,,,
653,,,,,,,,,,,,
653,Queued-Awaiting Assignment,Value 300,19.029167476467865,Queued,Medium,Awaiting Assignment,Org line A2,D_1,fr,V21 2nd,PROD603,France
653,,,,,,,,,,,,
653,Queued-Awaiting Assignment,Value 300,19.029168064175316,Queued,Medium,Awaiting Assignment,Org line A2,D_1,fr,V21 2nd,PROD603,France
653,,,,,,,,,,,,
653,Accepted-In Progress,Value 300,19.02917077415521,Accepted,Medium,In Progress,Org line A2,D_1,fr,V21 2nd,PROD603,France
653,,,,,,,,,,,,
654,,,,,,,,,,,,
654,Completed-Closed,Value 300,19.099925968562868,Completed,Medium,Closed,Org line A2,D_1,fr,V21 2nd,PROD596,France
655,,,,,,,,,,,,
655,Queued-Awaiting Assignment,Value 13,19.029282861849467,Queued,High,Awaiting Assignment,Org line C,,in,G163 3rd,PROD671,Sweden
655,,,,,,,,,,,,
655,Queued-Awaiting Assignment,Value 83,19.03046781534214,Queued,High,Awaiting Assignment,Org line C,,in,G163 3rd,PROD671,Sweden
655,,,,,,,,,,,,
655,Queued-Awaiting Assignment,Value 13,19.05567408716744,Queued,High,Awaiting Assignment,Org line C,,in,G163 3rd,PROD671,Sweden
655,,,,,,,,,,,,
655,Completed-Closed,Value 83,19.05567540671472,Completed,High,Closed,Org line C,E_7,in,G162 2nd,PROD671,Sweden
656,,,,,,,,,,,,
656,Accepted-In Progress,Value 322,19.029605505669924,Accepted,Medium,In Progress,Org line A2,D_1,in,L50 3rd,PROD611,Sweden
656,,,,,,,,,,,,
657,,,,,,,,,,,,
657,Accepted-Wait,Value 20,19.029552965567987,Accepted,High,Wait,Org line C,E_8,in,G186 2nd,PROD476,Sweden
657,,,,,,,,,,,,
658,,,,,,,,,,,,
658,Accepted-Assigned,Value 160,19.043621558109567,Accepted,Medium,Assigned,Org line A2,A2_3,pl,N26 2nd,PROD791,POLAND
658,,,,,,,,,,,,
658,Accepted-Assigned,Value 323,19.05966314820592,Accepted,Medium,Assigned,Org line A2,A2_3,pl,N26 2nd,PROD791,POLAND
658,,,,,,,,,,,,
658,Accepted-Wait,Value 323,19.06833747678568,Accepted,Medium,Wait,Org line A2,A2_3,pl,N26 2nd,PROD791,POLAND
658,,,,,,,,,,,,
659,,,,,,,,,,,,
659,Completed-Closed,Value 28,19.074628056341773,Completed,High,Closed,Org line A2,A2_1,gb,G42 3rd,PROD236,United Kingdom
660,,,,,,,,,,,,
660,Accepted-Wait,Value 324,19.030073110071182,Accepted,Low,Wait,Org line C,E_2,se,G57 2nd,PROD329,Sweden
660,,,,,,,,,,,,
661,,,,,,,,,,,,
661,Queued-Awaiting Assignment,Value 217,19.030408005056813,Queued,Medium,Awaiting Assignment,Org line C,E_5,in,G92,PROD423,INDIA
661,,,,,,,,,,,,
661,Queued-Awaiting Assignment,Value 217,19.039819785067447,Queued,Medium,Awaiting Assignment,Org line C,E_5,in,G92,PROD423,INDIA
661,,,,,,,,,,,,
661,Accepted-Wait,Value 303,19.05562163772758,Accepted,Medium,Wait,Org line C,E_5,in,G92,PROD423,INDIA
661,,,,,,,,,,,,
662,,,,,,,,,,,,
662,Accepted-Wait,Value 45,19.08315728746145,Accepted,High,Wait,Org line C,C_6,se,G268 3rd,PROD802,Sweden
662,,,,,,,,,,,,
663,,,,,,,,,,,,
663,Queued-Awaiting Assignment,Value 254,19.031746144342748,Queued,High,Awaiting Assignment,Org line C,E_8,in,G119 2nd,PROD597,INDIA
663,,,,,,,,,,,,
663,Accepted-In Progress,Value 254,19.075499344889543,Accepted,High,In Progress,Org line C,E_8,in,G119 2nd,PROD597,INDIA
663,,,,,,,,,,,,
664,,,,,,,,,,,,
664,Queued-Awaiting Assignment,Value 254,19.0319074324046,Queued,Medium,Awaiting Assignment,Org line C,E_8,in,G119 2nd,PROD597,INDIA
664,,,,,,,,,,,,
664,Completed-Closed,Value 325,19.055648511983485,Completed,Medium,Closed,Org line C,E_8,in,G119 2nd,PROD597,INDIA
665,,,,,,,,,,,,
665,Accepted-In Progress,Value 65,19.031953966539653,Accepted,High,In Progress,Org line C,E_1,se,L1 2nd,PROD153,Sweden
665,,Value 326,,,,,,,,,,
665,Accepted-Assigned,Value 77,19.087142515120714,Accepted,High,Assigned,Org line C,E_1,se,G99 2nd,PROD153,Sweden
665,,,,,,,,,,,,
665,Completed-Closed,Value 77,19.08716935143741,Completed,High,Closed,Org line C,E_1,se,G99 2nd,PROD153,Sweden
666,,,,,,,,,,,,
666,Accepted-In Progress,Value 149,19.032004600815913,Accepted,High,In Progress,Org line C,E_6,se,V29 2nd,PROD412,France
666,,,,,,,,,,,,
666,Accepted-In Progress,Value 48,19.045422400146123,Accepted,High,In Progress,Org line G4,,se,S30 2nd,PROD412,Sweden
666,,,,,,,,,,,,
667,,,,,,,,,,,,
667,Accepted-Wait,Value 76,19.043610278294903,Accepted,Major,Wait,Org line G4,,se,S33 2nd,PROD659,Sweden
667,,,,,,,,,,,,
668,,,,,,,,,,,,
668,Completed-Closed,Value 211,19.06609345315308,Completed,Low,Closed,Org line G4,,se,S33 2nd,PROD448,Sweden
669,,,,,,,,,,,,
669,Completed-Closed,Value 30,19.07462526399608,Completed,High,Closed,Org line A2,A2_1,gb,G42 3rd,PROD236,United Kingdom
670,,,,,,,,,,,,
670,Queued-Awaiting Assignment,Value 254,19.03253386881264,Queued,High,Awaiting Assignment,Org line C,E_8,in,G119 2nd,PROD597,INDIA
670,,,,,,,,,,,,
670,Completed-Closed,Value 327,19.117799706533212,Completed,High,Closed,Org line C,E_8,in,G119 2nd,PROD597,INDIA
671,,,,,,,,,,,,
671,Queued-Awaiting Assignment,Value 328,19.03385449027265,Queued,Medium,Awaiting Assignment,Org line A2,D_1,kr,V14 3rd,PROD594,POLAND
671,,,,,,,,,,,,
671,Accepted-Wait,Value 328,19.035255720950776,Accepted,Medium,Wait,Org line A2,D_1,kr,V14 3rd,PROD594,POLAND
671,,,,,,,,,,,,
671,Completed-Closed,Value 329,19.073701989769564,Completed,Medium,Closed,Org line A2,D_1,kr,V12 3rd,PROD594,POLAND
672,,,,,,,,,,,,
672,Accepted-Wait,Value 20,19.0328809526985,Accepted,High,Wait,Org line C,E_3,us,G67 2nd,PROD151,Sweden
672,,,,,,,,,,,,
672,Completed-Closed,Value 20,19.059731056413682,Completed,High,Closed,Org line C,E_3,us,G67 2nd,PROD151,Sweden
673,,,,,,,,,,,,
673,Queued-Awaiting Assignment,Value 254,19.033000735046713,Queued,Low,Awaiting Assignment,Org line C,E_8,in,G119 2nd,PROD597,INDIA
673,,,,,,,,,,,,
673,Completed-Closed,Value 325,19.055631171785073,Completed,Low,Closed,Org line C,E_8,in,G119 2nd,PROD597,INDIA
674,,,,,,,,,,,,
674,Accepted-Assigned,Value 330,19.033317369498604,Accepted,Medium,Assigned,Org line C,C_2,be,G58 3rd,PROD330,Belgium
674,,,,,,,,,,,,
674,Completed-Closed,Value 330,19.080905975627722,Completed,Medium,Closed,Org line C,C_2,be,G58 3rd,PROD330,Belgium
675,,,,,,,,,,,,
675,Accepted-Wait,Value 309,19.051966611120488,Accepted,Low,Wait,Org line C,C_1,se,G100 3rd,PROD153,Sweden
675,,,,,,,,,,,,
676,,,,,,,,,,,,
676,Completed-Closed,Value 300,19.087206523630147,Completed,Medium,Closed,Org line A2,D_1,fr,V21 2nd,PROD596,France
677,,,,,,,,,,,,
677,Completed-Closed,Value 300,19.06833331677652,Completed,Low,Closed,Org line A2,D_1,fr,V21 2nd,PROD596,France
678,,,,,,,,,,,,
678,Accepted-Wait,Value 76,19.062527219570985,Accepted,High,Wait,Org line G4,,se,S33 2nd,PROD448,Sweden
678,,,,,,,,,,,,
679,,,,,,,,,,,,
679,Accepted-In Progress,Value 42,19.049198636588894,Accepted,Major,In Progress,Org line G1,E_6,se,G358 2nd,PROD152,Sweden
679,,,,,,,,,,,,
679,Completed-Closed,Value 42,19.08713512550713,Completed,Major,Closed,Org line G1,E_6,se,G358 2nd,PROD152,Sweden
680,,,,,,,,,,,,
680,Completed-Closed,Value 237,19.061585521969338,Completed,Medium,Closed,Org line A2,A2_1,se,N15 2nd,PROD180,Sweden
681,,,,,,,,,,,,
681,Accepted-Wait,Value 331,19.033819527500157,Accepted,High,Wait,Org line C,E_7,in,G165 2nd,PROD671,France
681,,,,,,,,,,,,
681,Completed-Closed,Value 331,19.074672519626397,Completed,High,Closed,Org line C,E_7,in,G165 2nd,PROD671,France
682,,,,,,,,,,,,
682,Queued-Awaiting Assignment,Value 229,19.034462592784546,Queued,High,Awaiting Assignment,Org line C,E_10,se,G271 2nd,PROD802,Sweden
682,,,,,,,,,,,,
682,Queued-Awaiting Assignment,Value 44,19.035154140268734,Queued,High,Awaiting Assignment,Org line C,C_6,se,G273 3rd,PROD802,Sweden
682,,,,,,,,,,,,
682,Accepted-Wait,Value 333,19.06466804750751,Accepted,High,Wait,Org line C,C_6,se,G273 3rd,PROD802,Sweden
682,,,,,,,,,,,,
683,,,,,,,,,,,,
683,Accepted-Wait,Value 133,19.038577019459545,Accepted,Medium,Wait,Org line G4,,se,S33 2nd,PROD374,Sweden
683,,,,,,,,,,,,
683,Completed-Closed,Value 133,19.071665349523798,Completed,Medium,Closed,Org line G4,,se,S33 2nd,PROD374,Sweden
684,,,,,,,,,,,,
684,Accepted-In Progress,Value 334,19.035308746511163,Accepted,Medium,In Progress,Org line C,C_6,in,G239 3rd,PROD671,INDIA
684,,,,,,,,,,,,
684,Queued-Awaiting Assignment,Value 335,19.07722958632621,Queued,Medium,Awaiting Assignment,Org line C,C_6,in,G239 3rd,PROD671,France
684,,,,,,,,,,,,
684,Queued-Awaiting Assignment,Value 337,19.077309723082333,Queued,Medium,Awaiting Assignment,Org line C,E_7,in,G162 2nd,PROD671,INDIA
684,,,,,,,,,,,,
684,Completed-Closed,Value 334,19.087044627839227,Completed,Medium,Closed,Org line C,E_7,in,G165 2nd,PROD671,INDIA
685,,,,,,,,,,,,
685,Completed-Closed,Value 310,19.05663183231548,Completed,Medium,Closed,Org line C,E_4,us,G88 2nd,PROD436,USA
686,,,,,,,,,,,,
686,Queued-Awaiting Assignment,Value 156,19.03548480214176,Queued,Medium,Awaiting Assignment,Org line C,E_8,in,G181 2nd,PROD474,INDIA
686,,,,,,,,,,,,
686,Accepted-Wait,Value 338,19.03903024302532,Accepted,Medium,Wait,Org line C,E_8,in,G186 2nd,PROD474,INDIA
686,,,,,,,,,,,,
687,,,,,,,,,,,,
687,Completed-Closed,Value 339,19.05555918978832,Completed,Medium,Closed,Org line C,E_4,us,G88 2nd,PROD219,INDIA
688,,,,,,,,,,,,
688,Queued-Awaiting Assignment,Value 207,19.03594785539931,Queued,Medium,Awaiting Assignment,Org line C,E_1,se,G99 2nd,PROD153,Sweden
688,,,,,,,,,,,,
688,Completed-Closed,Value 340,19.08711993528909,Completed,Medium,Closed,Org line C,E_1,se,G99 2nd,PROD153,INDIA
689,,,,,,,,,,,,
689,Queued-Awaiting Assignment,Value 207,19.035951736156676,Queued,Medium,Awaiting Assignment,Org line C,E_1,se,G99 2nd,PROD153,Sweden
689,,,,,,,,,,,,
689,Completed-Closed,Value 207,19.087537469301058,Completed,Medium,Closed,Org line C,C_1,se,G100 3rd,PROD153,Sweden
690,,,,,,,,,,,,
690,Completed-Closed,Value 341,19.089825517675138,Completed,Medium,Closed,Org line C,E_4,us,G88 2nd,PROD794,Sweden
691,,,,,,,,,,,,
691,Completed-Closed,Value 342,19.05972321337263,Completed,Medium,Closed,Org line A2,A2_3,pl,N26 2nd,PROD791,POLAND
692,,,,,,,,,,,,
692,Accepted-Wait,Value 108,19.071089772417483,Accepted,High,Wait,Org line C,C_6,se,G290 3rd,PROD154,Sweden
692,,,,,,,,,,,,
693,,,,,,,,,,,,
693,Completed-Closed,Value 219,19.093302139500608,Completed,Low,Closed,Org line C,C_1,us,G14 3rd,PROD398,France
694,,,,,,,,,,,,
694,Accepted-Wait,Value 150,19.036653845885308,Accepted,Medium,Wait,Org line C,E_4,in,G88 2nd,PROD565,USA
694,,,,,,,,,,,,
694,Queued-Awaiting Assignment,Value 307,19.062703815812053,Queued,Medium,Awaiting Assignment,Org line C,E_4,in,G87 2nd,PROD565,INDIA
694,,,,,,,,,,,,
694,Accepted-Wait,Value 307,19.073572264386122,Accepted,Medium,Wait,Org line C,E_4,in,G87 2nd,PROD565,INDIA
694,,,,,,,,,,,,
694,Completed-Closed,Value 343,19.08758450366519,Completed,Medium,Closed,Org line C,E_4,in,G87 2nd,PROD565,Sweden
695,,,,,,,,,,,,
695,Accepted-In Progress,Value 150,19.03667225823794,Accepted,Medium,In Progress,Org line C,E_4,us,G88 2nd,PROD348,USA
695,,,,,,,,,,,,
695,Accepted-Assigned,Value 150,19.03667608217479,Accepted,Medium,Assigned,Org line C,E_4,us,G88 2nd,PROD348,USA
695,,,,,,,,,,,,
695,Accepted-Assigned,Value 319,19.036676190195394,Accepted,Medium,Assigned,Org line C,E_4,us,G88 2nd,PROD348,INDIA
695,,,,,,,,,,,,
696,,,,,,,,,,,,
696,Completed-Closed,Value 104,19.074640972789105,Completed,Medium,Closed,Org line C,E_8,in,G186 2nd,PROD473,Sweden
696,,,,,,,,,,,,
696,Completed-Closed,Value 104,19.07471170869899,Completed,Medium,Closed,Org line C,E_8,in,G186 2nd,PROD473,Sweden
697,,,,,,,,,,,,
697,Accepted-Assigned,Value 4,19.05603212405525,Accepted,Low,Assigned,Org line A2,A2_2,se,G167 2nd,PROD681,Sweden
697,,,,,,,,,,,,
697,Completed-Closed,Value 4,19.104673555847175,Completed,Low,Closed,Org line A2,A2_2,se,G167 2nd,PROD681,Sweden
698,,,,,,,,,,,,
698,Queued-Awaiting Assignment,Value 285,19.037086940561824,Queued,Medium,Awaiting Assignment,Org line C,E_10,se,G138 2nd,PROD659,Sweden
698,,,,,,,,,,,,
698,Queued-Awaiting Assignment,Value 285,19.037088047317635,Queued,Medium,Awaiting Assignment,Org line C,E_10,se,G138 2nd,PROD659,Sweden
698,,,,,,,,,,,,
698,Completed-Closed,Value 114,19.066101791810567,Completed,Medium,Closed,Org line C,C_6,se,G290 3rd,PROD659,Sweden
699,,,,,,,,,,,,
699,Queued-Awaiting Assignment,Value 200,19.039860380190447,Queued,Medium,Awaiting Assignment,Org line C,C_6,se,G237 3rd,PROD208,Sweden
699,,,,,,,,,,,,
699,Queued-Awaiting Assignment,Value 200,19.03995914759528,Queued,Medium,Awaiting Assignment,Org line C,C_6,se,G237 3rd,PROD208,Sweden
699,,,,,,,,,,,,
699,Accepted-Assigned,Value 200,19.03995961594467,Accepted,Medium,Assigned,Org line C,C_6,se,G237 3rd,PROD208,Sweden
699,,,,,,,,,,,,
699,Completed-Closed,Value 344,19.05558716809207,Completed,Medium,Closed,Org line C,C_6,se,G237 3rd,PROD208,Sweden
700,,,,,,,,,,,,
700,Completed-Closed,Value 345,19.06421162843987,Completed,High,Closed,Org line C,C_6,se,G268 3rd,PROD805,Sweden
701,,,,,,,,,,,,
701,Accepted-Wait,Value 133,19.041680792500557,Accepted,Medium,Wait,Org line G4,,se,S33 2nd,PROD374,Sweden
701,,,,,,,,,,,,
702,,,,,,,,,,,,
702,Completed-Closed,Value 150,19.03891876841951,Completed,Medium,Closed,Org line C,E_4,us,G88 2nd,PROD793,USA
702,,,,,,,,,,,,
702,Accepted-Wait,Value 150,19.071315522892018,Accepted,Medium,Wait,Org line C,E_4,us,G88 2nd,PROD793,USA
702,,,,,,,,,,,,
702,Accepted-In Progress,Value 294,19.086685201100273,Accepted,Medium,In Progress,Org line C,E_4,us,G88 2nd,PROD793,Sweden
702,,,,,,,,,,,,
703,,,,,,,,,,,,
703,Accepted-Wait,Value 346,19.03923647627209,Accepted,Major,Wait,Org line A2,A2_5,se,G350 2nd,PROD92,China
703,,,,,,,,,,,,
704,,,,,,,,,,,,
704,Accepted-Wait,Value 123,19.038530991979083,Accepted,Low,Wait,Org line C,C_6,se,G269 3rd,PROD209,Sweden
704,,,,,,,,,,,,
704,Accepted-Assigned,Value 347,19.049226457393683,Accepted,Low,Assigned,Org line C,C_6,se,G269 3rd,PROD209,Sweden
704,,,,,,,,,,,,
704,Accepted-In Progress,Value 347,19.07366597773761,Accepted,Low,In Progress,Org line C,C_6,se,G269 3rd,PROD209,Sweden
704,,,,,,,,,,,,
705,,,,,,,,,,,,
705,Completed-Closed,Value 349,19.04808984152135,Completed,Medium,Closed,Org line C,E_4,in,G93 2nd,PROD325,INDIA
705,,,,,,,,,,,,
705,Completed-Closed,Value 349,19.061975763461557,Completed,Medium,Closed,Org line C,E_4,in,G93 2nd,PROD325,INDIA
705,,,,,,,,,,,,
705,Completed-Closed,Value 349,19.07413213933018,Completed,Medium,Closed,Org line C,E_4,in,G93 2nd,PROD325,INDIA
706,,,,,,,,,,,,
706,Queued-Awaiting Assignment,Value 151,19.039361322674036,Queued,High,Awaiting Assignment,Org line A2,A2_1,se,T17 2nd,PROD350,Sweden
706,,,,,,,,,,,,
706,Accepted-Wait,Value 151,19.045051063621962,Accepted,High,Wait,Org line A2,A2_1,se,J2 2nd,PROD350,Sweden
706,,,,,,,,,,,,
707,,,,,,,,,,,,
707,Queued-Awaiting Assignment,Value 119,19.039361538135886,Queued,Medium,Awaiting Assignment,Org line A2,A2_1,cn,N19 2nd,PROD38,Sweden
707,,,,,,,,,,,,
707,Queued-Awaiting Assignment,Value 350,19.03936698391871,Queued,Medium,Awaiting Assignment,Org line B,A2_1,cn,D1,PROD38,China
707,,,,,,,,,,,,
707,Completed-Closed,Value 351,19.055879380366317,Completed,Medium,Closed,Org line B,A2_1,cn,D1,PROD38,THAILAND
708,,,,,,,,,,,,
708,Queued-Awaiting Assignment,Value 151,19.03935387843863,Queued,Medium,Awaiting Assignment,Org line A2,A2_1,se,T17 2nd,PROD350,Sweden
708,,,,,,,,,,,,
708,Accepted-Wait,Value 151,19.045050801178625,Accepted,Medium,Wait,Org line A2,A2_1,se,J2 2nd,PROD350,Sweden
708,,,,,,,,,,,,
709,,,,,,,,,,,,
709,Queued-Awaiting Assignment,Value 352,19.039368777627036,Queued,Medium,Awaiting Assignment,Org line C,E_6,fr,T8 2nd,PROD637,France
709,,,,,,,,,,,,
709,Accepted-In Progress,Value 353,19.045875673891604,Accepted,Medium,In Progress,Org line A2,A2_4,fr,W6 2nd,PROD637,France
709,,,,,,,,,,,,
710,,,,,,,,,,,,
710,Accepted-Assigned,Value 322,19.04168932110909,Accepted,Medium,Assigned,Org line A2,D_1,in,L50 3rd,PROD611,Sweden
710,,,,,,,,,,,,
710,Completed-Closed,Value 322,19.080029565787914,Completed,Medium,Closed,Org line A2,D_1,in,L50 3rd,PROD611,Sweden
711,,,,,,,,,,,,
711,Accepted-Wait,Value 321,19.03939223558839,Accepted,Medium,Wait,Org line C,E_4,us,G88 2nd,PROD701,INDIA
711,,,,,,,,,,,,
712,,,,,,,,,,,,
712,Accepted-In Progress,Value 13,19.070643558455107,Accepted,Medium,In Progress,Org line A2,A2_3,se,U5 2nd,PROD372,Sweden
712,,,,,,,,,,,,
713,,,,,,,,,,,,
713,Accepted-Wait,Value 354,19.039524160884998,Accepted,Medium,Wait,Org line A2,A2_2,in,G34 3rd,PROD363,POLAND
713,,,,,,,,,,,,
713,Accepted-Wait,Value 354,19.03984679662121,Accepted,Medium,Wait,Org line A2,A2_2,in,G34 3rd,PROD363,POLAND
713,,,,,,,,,,,,
713,Accepted-Wait,Value 354,19.03994910225559,Accepted,Medium,Wait,Org line A2,A2_2,in,G34 3rd,PROD363,POLAND
713,,,,,,,,,,,,
713,Accepted-Wait,Value 354,19.04263175969914,Accepted,Medium,Wait,Org line A2,A2_2,in,G34 3rd,PROD363,POLAND
713,,,,,,,,,,,,
713,Accepted-Wait,Value 354,19.046836033656223,Accepted,Medium,Wait,Org line A2,A2_2,in,G34 3rd,PROD363,POLAND
713,,,,,,,,,,,,
713,Accepted-Wait,Value 354,19.049206493271125,Accepted,Medium,Wait,Org line A2,A2_2,in,G34 3rd,PROD363,POLAND
713,,,,,,,,,,,,
713,Accepted-Wait,Value 354,19.049685474261643,Accepted,Medium,Wait,Org line A2,A2_2,in,G34 3rd,PROD363,POLAND
713,,,,,,,,,,,,
713,Accepted-Wait,Value 354,19.055172326333373,Accepted,Medium,Wait,Org line A2,A2_2,in,G34 3rd,PROD363,POLAND
713,,,,,,,,,,,,
713,Accepted-Wait,Value 354,19.055552373966275,Accepted,Medium,Wait,Org line A2,A2_2,in,G34 3rd,PROD363,POLAND
713,,,,,,,,,,,,
713,Accepted-In Progress,Value 354,19.05560958620966,Accepted,Medium,In Progress,Org line A2,A2_2,in,G34 3rd,PROD363,POLAND
713,,,,,,,,,,,,
713,Accepted-In Progress,Value 354,19.055610073784884,Accepted,Medium,In Progress,Org line A2,A2_2,in,G115 3rd,PROD363,POLAND
713,,,,,,,,,,,,
713,Accepted-In Progress,Value 355,19.055616661326834,Accepted,Medium,In Progress,Org line C,E_10,in,G263 2nd,PROD363,Sweden
713,,,,,,,,,,,,
713,Queued-Awaiting Assignment,Value 217,19.055997695054778,Queued,Medium,Awaiting Assignment,Org line C,E_5,in,G92,PROD363,INDIA
713,,,,,,,,,,,,
713,Accepted-Wait,Value 292,19.08183423619013,Accepted,Medium,Wait,Org line C,E_5,in,G92,PROD363,INDIA
713,,,,,,,,,,,,
713,Queued-Awaiting Assignment,Value 217,19.086381606703505,Queued,Medium,Awaiting Assignment,Org line C,E_5,in,G92,PROD363,INDIA
713,,,,,,,,,,,,
713,Queued-Awaiting Assignment,Value 86,19.093302649869422,Queued,Medium,Awaiting Assignment,Org line C,E_10,in,G263 2nd,PROD363,Sweden
713,,,,,,,,,,,,
713,Accepted-In Progress,Value 355,19.09333854345474,Accepted,Medium,In Progress,Org line C,E_10,in,G263 2nd,PROD363,Sweden
713,,,,,,,,,,,,
714,,,,,,,,,,,,
714,Accepted-Assigned,Value 29,19.039967739349166,Accepted,High,Assigned,Org line A2,A2_1,gb,G42 3rd,PROD236,United Kingdom
714,,,,,,,,,,,,
714,Accepted-In Progress,Value 143,19.115114286793474,Accepted,High,In Progress,Org line A2,A2_1,gb,G42 3rd,PROD236,United Kingdom
714,,,,,,,,,,,,
715,,,,,,,,,,,,
715,Completed-Closed,Value 155,19.078252211866058,Completed,High,Closed,Org line A2,D_1,pl,V10 3rd,PROD69,POLAND
716,,,,,,,,,,,,
716,Accepted-Assigned,Value 50,19.04914322735821,Accepted,High,Assigned,Org line A2,D_1,pl,W12 2nd,PROD739,POLAND
716,,,,,,,,,,,,
716,Accepted-Wait,Value 357,19.076862649944108,Accepted,High,Wait,Org line A2,D_1,pl,W12 2nd,PROD739,POLAND
716,,,,,,,,,,,,
716,Accepted-Assigned,Value 357,19.07873123825807,Accepted,High,Assigned,Org line A2,D_1,pl,W12 2nd,PROD739,POLAND
716,,,,,,,,,,,,
716,Completed-Closed,Value 50,19.078741455582133,Completed,High,Closed,Org line A2,D_1,pl,W12 2nd,PROD739,POLAND
717,,,,,,,,,,,,
717,Queued-Awaiting Assignment,Value 86,19.04000025383969,Queued,Low,Awaiting Assignment,Org line C,E_10,fr,G276 2nd,PROD422,Sweden
717,,,,,,,,,,,,
717,Accepted-Wait,Value 87,19.040005200902122,Accepted,Low,Wait,Org line C,E_10,fr,G276 2nd,PROD422,Sweden
717,,,,,,,,,,,,
717,Accepted-In Progress,Value 248,19.04506268604357,Accepted,Low,In Progress,Org line A2,A2_2,fr,G22 2nd,PROD422,France
717,,,,,,,,,,,,
717,Accepted-In Progress,Value 248,19.062375159515263,Accepted,Low,In Progress,Org line A2,A2_2,fr,G22 2nd,PROD422,France
717,,,,,,,,,,,,
718,,,,,,,,,,,,
718,Queued-Awaiting Assignment,Value 119,19.040214790675144,Queued,Medium,Awaiting Assignment,Org line A2,A2_1,cn,N19 2nd,PROD38,Sweden
718,,,,,,,,,,,,
718,Queued-Awaiting Assignment,Value 350,19.04027626681777,Queued,Medium,Awaiting Assignment,Org line B,A2_1,cn,D1,PROD38,China
718,,,,,,,,,,,,
718,Completed-Closed,Value 351,19.055879592298385,Completed,Medium,Closed,Org line B,A2_1,cn,D1,PROD38,THAILAND
719,,,,,,,,,,,,
719,Queued-Awaiting Assignment,Value 13,19.040339741019142,Queued,Major,Awaiting Assignment,Org line C,E_1,us,G13 2nd,PROD153,Sweden
719,,,,,,,,,,,,
719,Accepted-Assigned,Value 236,19.040380837003138,Accepted,Major,Assigned,Org line C,C_1,us,G14 3rd,PROD153,France
719,,,,,,,,,,,,
719,Accepted-In Progress,Value 358,19.055196609426865,Accepted,Major,In Progress,Org line C,C_1,us,G14 3rd,PROD153,USA
719,,,,,,,,,,,,
719,Accepted-In Progress,Value 281,19.07736697969277,Accepted,Major,In Progress,Org line C,E_1,us,G13 2nd,PROD153,Sweden
719,,,,,,,,,,,,
720,,,,,,,,,,,,
720,Queued-Awaiting Assignment,Value 151,19.04033346642803,Queued,Low,Awaiting Assignment,Org line A2,A2_1,cn,T17 2nd,PROD350,Sweden
720,,,,,,,,,,,,
720,Accepted-Wait,Value 151,19.045050870806456,Accepted,Low,Wait,Org line A2,A2_1,cn,J2 2nd,PROD350,Sweden
720,,,,,,,,,,,,
720,Completed-Closed,Value 351,19.056392622342326,Completed,Low,Closed,Org line B,A2_1,cn,D1,PROD350,THAILAND
721,,,,,,,,,,,,
721,Completed-Closed,Value 43,19.055109442044934,Completed,Medium,Closed,Org line G3,,us,G199 3rd,PROD97,POLAND
722,,,,,,,,,,,,
722,Queued-Awaiting Assignment,Value 217,19.04037346492657,Queued,High,Awaiting Assignment,Org line C,E_5,se,G92,PROD436,INDIA
722,,,,,,,,,,,,
722,Queued-Awaiting Assignment,Value 150,19.042206888137887,Queued,High,Awaiting Assignment,Org line C,E_4,se,G88 2nd,PROD436,USA
722,,,,,,,,,,,,
722,Queued-Awaiting Assignment,Value 44,19.042232986656508,Queued,High,Awaiting Assignment,Org line C,C_6,se,G273 3rd,PROD436,Sweden
722,,,,,,,,,,,,
722,Accepted-Wait,Value 128,19.042271115373115,Accepted,High,Wait,Org line C,C_6,se,R4 3rd,PROD436,Sweden
722,,,,,,,,,,,,
722,Accepted-In Progress,Value 128,19.067460441529434,Accepted,High,In Progress,Org line C,C_6,se,R4 3rd,PROD436,Sweden
722,,,,,,,,,,,,
722,Accepted-In Progress,Value 128,19.06746170371705,Accepted,High,In Progress,Org line C,C_6,se,R4 3rd,PROD436,Sweden
722,,,,,,,,,,,,
722,Accepted-In Progress,Value 360,19.067466171115193,Accepted,High,In Progress,Org line C,C_6,se,G273 3rd,PROD436,Sweden
722,,,,,,,,,,,,
722,Accepted-In Progress,Value 361,19.07378273236962,Accepted,High,In Progress,Org line C,C_6,se,G273 3rd,PROD436,Sweden
722,,,,,,,,,,,,
722,Completed-Closed,Value 361,19.083212117137613,Completed,High,Closed,Org line C,C_6,se,G273 3rd,PROD436,Sweden
723,,Value 362,,,,,,,,G222 2nd,,
723,Accepted-In Progress,Value 363,19.040391453774117,Accepted,Medium,In Progress,Org line C,E_5,fr,G81,PROD13,INDIA
723,,,,,,,,,,,,
723,Accepted-In Progress,Value 364,19.049667737130832,Accepted,Medium,In Progress,Org line C,C_6,fr,G225 3rd,PROD13,Belgium
723,,,,,,,,,,,,
723,Accepted-Wait,Value 364,19.077274214143305,Accepted,Medium,Wait,Org line C,C_6,fr,G225 3rd,PROD13,Belgium
723,,,,,,,,,,,,
724,,,,,,,,,,,,
724,Accepted-In Progress,Value 100,19.042183426282715,Accepted,Medium,In Progress,Org line A2,D_1,in,L50 3rd,PROD611,Sweden
724,,,,,,,,,,,,
725,,,,,,,,,,,,
725,Accepted-Assigned,Value 62,19.06109772458607,Accepted,High,Assigned,Org line G4,,se,S30 2nd,PROD412,Sweden
725,,,,,,,,,,,,
725,Completed-Closed,Value 48,19.0614667390794,Completed,High,Closed,Org line G4,,se,S30 2nd,PROD412,Sweden
726,,,,,,,,,,,,
726,Accepted-Wait,Value 77,19.045018948615528,Accepted,Major,Wait,Org line C,C_6,se,G290 3rd,PROD659,Sweden
726,,,,,,,,,,,,
727,,,,,,,,,,,,
727,Completed-Closed,Value 68,19.058292450052328,Completed,High,Closed,Org line A2,A2_4,se,G118 2nd,PROD591,Sweden
728,,,,,,,,,,,,
728,Queued-Awaiting Assignment,Value 251,19.041678718108408,Queued,Medium,Awaiting Assignment,Org line A2,A2_3,se,V13 2nd,PROD676,Sweden
728,,,,,,,,,,,,
728,Queued-Awaiting Assignment,Value 176,19.0427325192495,Queued,Medium,Awaiting Assignment,Org line C,E_7,se,G157 2nd,PROD676,INDIA
728,,,,,,,,,,,,
728,Accepted-In Progress,Value 13,19.045888244652875,Accepted,Medium,In Progress,Org line C,,se,G163 3rd,PROD676,Sweden
728,,,,,,,,,,,,
728,Accepted-In Progress,Value 39,19.052840291502786,Accepted,Medium,In Progress,Org line C,E_10,se,R6 2nd,PROD676,Sweden
728,,,,,,,,,,,,
728,Completed-Closed,Value 39,19.06114892837814,Completed,Medium,Closed,Org line C,E_10,se,R6 2nd,PROD676,Sweden
729,,,,,,,,,,,,
729,Completed-Closed,Value 274,19.051271230257882,Completed,Major,Closed,Org line C,E_4,us,G88 2nd,PROD793,INDIA
729,,,,,,,,,,,,
729,Completed-Closed,Value 274,19.055719745670693,Completed,Major,Closed,Org line C,E_4,us,G88 2nd,PROD793,INDIA
730,,,,,,,,,,,,
730,Accepted-In Progress,Value 77,19.04265011600226,Accepted,Medium,In Progress,Org line C,E_7,be,G134 2nd,PROD807,Sweden
730,,,,,,,,,,,,
730,Accepted-In Progress,Value 77,19.04362986100169,Accepted,Medium,In Progress,Org line C,E_7,be,G134 2nd,PROD807,Sweden
730,,,,,,,,,,,,
730,Accepted-In Progress,Value 77,19.04363023645384,Accepted,Medium,In Progress,Org line C,E_7,be,G153 2nd,PROD807,Sweden
730,,,,,,,,,,,,
730,Accepted-In Progress,Value 77,19.059173709606085,Accepted,Medium,In Progress,Org line C,E_7,be,G134 2nd,PROD807,Sweden
730,,Value 365,,,,,,,,,,
730,Accepted-In Progress,Value 366,19.059174332749343,Accepted,Medium,In Progress,Org line C,C_6,be,G287 3rd,PROD807,Sweden
730,,,,,,,,,,,,
731,,,,,,,,,,,,
731,Completed-Closed,Value 169,19.06428565933581,Completed,Major,Closed,Org line C,E_8,in,G181 2nd,PROD476,France
732,,,,,,,,,,,,
732,Queued-Awaiting Assignment,Value 129,19.041774458107874,Queued,High,Awaiting Assignment,Org line A2,A2_3,se,S21 2nd,PROD231,Sweden
732,,,,,,,,,,,,
732,Completed-Closed,Value 291,19.04217039526183,Completed,High,Closed,Org line A2,A2_3,se,S21 2nd,PROD231,Sweden
732,,,,,,,,,,,,
732,Accepted-Assigned,Value 88,19.067450082103658,Accepted,High,Assigned,Org line G4,,se,S30 2nd,PROD231,Sweden
732,,,,,,,,,,,,
732,Accepted-In Progress,Value 88,19.068489611344333,Accepted,High,In Progress,Org line G4,,se,S30 2nd,PROD231,Sweden
732,,,,,,,,,,,,
733,,,,,,,,,,,,
733,Queued-Awaiting Assignment,Value 237,19.04177078258333,Queued,Low,Awaiting Assignment,Org line C,C_6,se,G144 3rd,PROD667,Sweden
733,,,,,,,,,,,,
733,Accepted-In Progress,Value 113,19.0430616725868,Accepted,Low,In Progress,Org line C,C_6,se,G141 3rd,PROD667,Sweden
733,,,,,,,,,,,,
733,Accepted-In Progress,Value 237,19.043625570109977,Accepted,Low,In Progress,Org line C,C_6,se,G144 3rd,PROD667,Sweden
733,,,,,,,,,,,,
734,,,,,,,,,,,,
734,Accepted-In Progress,Value 367,19.055137512468036,Accepted,Medium,In Progress,Org line C,C_1,us,G14 3rd,PROD398,Sweden
734,,,,,,,,,,,,
735,,,,,,,,,,,,
735,Accepted-In Progress,Value 368,19.06239221998492,Accepted,Low,In Progress,Org line C,V3_2,se,G371,PROD262,Sweden
735,,,,,,,,,,,,
736,,,,,,,,,,,,
736,Completed-Closed,Value 211,19.07152437469748,Completed,Medium,Closed,Org line G4,,se,S33 2nd,PROD374,Sweden
737,,,,,,,,,,,,
737,Completed-Closed,Value 369,19.109542449969574,Completed,Medium,Closed,Org line A2,A2_2,in,G38 2nd,PROD215,Sweden
738,,,,,,,,,,,,
738,Completed-Closed,Value 8,19.103332024763493,Completed,Medium,Closed,Org line A2,A2_4,se,G105 2nd,PROD337,Sweden
739,,,,,,,,,,,,
739,Queued-Awaiting Assignment,Value 151,19.04255616726515,Queued,High,Awaiting Assignment,Org line A2,A2_1,se,T17 2nd,PROD350,Sweden
739,,,,,,,,,,,,
739,Accepted-Wait,Value 151,19.045050710126837,Accepted,High,Wait,Org line A2,A2_1,se,J2 2nd,PROD350,Sweden
739,,,,,,,,,,,,
739,Completed-Closed,Value 151,19.062505829710034,Completed,High,Closed,Org line A2,A2_1,se,J2 2nd,PROD350,Sweden
740,,,,,,,,,,,,
740,Queued-Awaiting Assignment,Value 229,19.04262964969594,Queued,Medium,Awaiting Assignment,Org line C,E_10,se,G271 2nd,PROD802,Sweden
740,,,,,,,,,,,,
740,Queued-Awaiting Assignment,Value 44,19.04308399224146,Queued,Medium,Awaiting Assignment,Org line C,C_6,se,G273 3rd,PROD802,Sweden
740,,,,,,,,,,,,
740,Accepted-Assigned,Value 371,19.045941372970564,Accepted,Medium,Assigned,Org line C,C_6,se,G273 3rd,PROD802,France
740,,,,,,,,,,,,
741,,,,,,,,,,,,
741,Completed-Closed,Value 63,19.09544673579348,Completed,Low,Closed,Org line C,E_9,se,N12 2nd,PROD277,Sweden
742,,,,,,,,,,,,
742,Accepted-Assigned,Value 372,19.042684610337155,Accepted,Medium,Assigned,Org line A2,A2_4,in,G31 3rd,PROD194,INDIA
742,,,,,,,,,,,,
742,Completed-Closed,Value 372,19.058687497284705,Completed,Medium,Closed,Org line A2,A2_4,in,G31 3rd,PROD194,INDIA
743,,,,,,,,,,,,
743,Completed-Closed,Value 298,19.05790524683583,Completed,Medium,Closed,Org line G4,,se,S33 2nd,PROD397,Sweden
744,,,,,,,,,,,,
744,Completed-Closed,Value 209,19.109493188102647,Completed,Medium,Closed,Org line C,C_1,be,G56 3rd,PROD816,Sweden
745,,,,,,,,,,,,
745,Completed-Closed,Value 166,19.087547006732795,Completed,Major,Closed,Org line C,E_1,se,G294 2nd,PROD834,Sweden
746,,,,,,,,,,,,
746,Accepted-Assigned,Value 29,19.043129477930147,Accepted,High,Assigned,Org line A2,A2_1,gb,G42 3rd,PROD236,United Kingdom
746,,,,,,,,,,,,
746,Accepted-In Progress,Value 143,19.115112713816956,Accepted,High,In Progress,Org line A2,A2_1,gb,G42 3rd,PROD236,United Kingdom
746,,,,,,,,,,,,
747,,,,,,,,,,,,
747,Completed-Closed,Value 43,19.05510865198951,Completed,Medium,Closed,Org line G3,,us,G199 3rd,PROD97,POLAND
748,,,,,,,,,,,,
748,Completed-Closed,Value 43,19.05567341414466,Completed,Medium,Closed,Org line G3,,us,G199 3rd,PROD98,POLAND
749,,,,,,,,,,,,
749,Accepted-In Progress,Value 25,19.04319545962641,Accepted,High,In Progress,Org line A2,A2_2,pl,M15 2nd,PROD786,POLAND
749,,,,,,,,,,,,
749,Accepted-Assigned,Value 197,19.043688113398638,Accepted,High,Assigned,Org line A2,A2_2,pl,M15 2nd,PROD786,China
749,,,,,,,,,,,,
749,Completed-Closed,Value 197,19.106286267573655,Completed,High,Closed,Org line A2,A2_2,pl,M15 2nd,PROD786,China
750,,,,,,,,,,,,
750,Completed-Closed,Value 373,19.043536106187645,Completed,Medium,Closed,Org line D,D_2,in,G121 2nd,PROD597,Sweden
750,,,,,,,,,,,,
750,Accepted-In Progress,Value 373,19.044988664440808,Accepted,Medium,In Progress,Org line D,D_2,in,G121 2nd,PROD597,Sweden
750,,,,,,,,,,,,
750,Accepted-In Progress,Value 373,19.056482357277904,Accepted,Medium,In Progress,Org line C,E_8,in,G119 2nd,PROD597,Sweden
750,,,,,,,,,,,,
750,Accepted-In Progress,Value 373,19.05652911728826,Accepted,Medium,In Progress,Org line C,E_8,in,G119 2nd,PROD597,Sweden
750,,,,,,,,,,,,
751,,,,,,,,,,,,
751,Completed-Closed,Value 76,19.061556657328378,Completed,Medium,Closed,Org line C,C_6,se,G290 3rd,PROD154,Sweden
752,,,,,,,,,,,,
752,Completed-Closed,Value 298,19.055062870128133,Completed,High,Closed,Org line G4,,se,S33 2nd,PROD397,Sweden
753,,,,,,,,,,,,
753,Queued-Awaiting Assignment,Value 77,19.043616827361134,Queued,Medium,Awaiting Assignment,Org line C,E_1,br,G55 2nd,PROD745,Belgium
753,,,,,,,,,,,,
753,Accepted-Assigned,Value 167,19.04363568049416,Accepted,Medium,Assigned,Org line C,C_1,br,G56 3rd,PROD745,Sweden
753,,Value 374,,,,,,,,,,
753,Queued-Awaiting Assignment,Value 23,19.046339226546092,Queued,Medium,Awaiting Assignment,Org line B,E_6,br,S4 2nd,PROD745,Brazil
753,,,,,,,,,,,,
753,Completed-Closed,Value 212,19.103482140978038,Completed,Medium,Closed,Org line B,E_6,br,S4 2nd,PROD745,Brazil
754,,,,,,,,,,,,
754,Completed-Closed,Value 375,19.0619905347633,Completed,Major,Closed,Org line C,E_6,se,G355 2nd,PROD151,Sweden
755,,,,,,,,,,,,
755,Accepted-In Progress,Value 69,19.045012558698865,Accepted,Low,In Progress,Org line B,E_10,in,G230 2nd,PROD336,INDIA
755,,,,,,,,,,,,
755,Queued-Awaiting Assignment,Value 69,19.045012714028424,Queued,Low,Awaiting Assignment,Org line B,E_10,in,G230 2nd,PROD336,INDIA
755,,,,,,,,,,,,
755,Queued-Awaiting Assignment,Value 213,19.045082663438798,Queued,Low,Awaiting Assignment,Org line C,E_10,in,G249 3rd,PROD336,POLAND
755,,,,,,,,,,,,
755,Accepted-Wait,Value 213,19.045105179038043,Accepted,Low,Wait,Org line C,E_10,in,G249 3rd,PROD336,POLAND
755,,Value 376,,,,,,,,,,
755,Queued-Awaiting Assignment,Value 377,19.077006391423517,Queued,Low,Awaiting Assignment,Org line C,E_10,in,G231 2nd,PROD336,INDIA
755,,Value 317,,,,,,,,,,
755,Accepted-In Progress,Value 378,19.077327225564115,Accepted,Low,In Progress,Org line C,E_10,in,G231 2nd,PROD336,INDIA
755,,,,,,,,,,,,
755,Accepted-In Progress,Value 187,19.080424758966455,Accepted,Low,In Progress,Org line C,E_10,in,G231 2nd,PROD336,INDIA
755,,,,,,,,,,,,
755,Accepted-In Progress,Value 71,19.08043042509129,Accepted,Low,In Progress,Org line B,E_10,in,G230 2nd,PROD336,INDIA
755,,,,,,,,,,,,
756,,,,,,,,,,,,
756,Queued-Awaiting Assignment,Value 379,19.045012092710053,Queued,Low,Awaiting Assignment,Org line B,E_3,br,S12 2nd,PROD140,Brazil
756,,,,,,,,,,,,
756,Accepted-In Progress,Value 379,19.061547032084,Accepted,Low,In Progress,Org line B,E_3,br,S12 2nd,PROD140,Brazil
756,,,,,,,,,,,,
757,,,,,,,,,,,,
757,Accepted-Wait,Value 248,19.081783734802514,Accepted,Medium,Wait,Org line A2,A2_2,fr,G22 2nd,PROD631,France
757,,,,,,,,,,,,
758,,,,,,,,,,,,
758,Queued-Awaiting Assignment,Value 151,19.045306431194927,Queued,Low,Awaiting Assignment,Org line A2,A2_1,se,T17 2nd,PROD350,Sweden
758,,,,,,,,,,,,
758,Accepted-Wait,Value 151,19.045365442701026,Accepted,Low,Wait,Org line A2,A2_1,se,J2 2nd,PROD350,Sweden
758,,,,,,,,,,,,
759,,,,,,,,,,,,
759,Accepted-Wait,Value 381,19.048512616420524,Accepted,Low,Wait,Org line C,E_10,cn,G293 2nd,PROD826,China
759,,,,,,,,,,,,
760,,,,,,,,,,,,
760,Completed-Closed,Value 373,19.107839479514453,Completed,Low,Closed,Org line C,E_8,in,G119 2nd,PROD597,Sweden
761,,,,,,,,,,,,
761,Accepted-Wait,Value 316,19.05148302229918,Accepted,Low,Wait,Org line C,E_4,in,G89 2nd,PROD436,INDIA
761,,,,,,,,,,,,
761,Completed-Closed,Value 316,19.11547627024374,Completed,Low,Closed,Org line C,E_4,in,G89 2nd,PROD436,INDIA
762,,,,,,,,,,,,
762,Accepted-Wait,Value 143,19.045464995641268,Accepted,Medium,Wait,Org line A2,A2_1,gb,G42 3rd,PROD236,United Kingdom
762,,,,,,,,,,,,
762,Completed-Closed,Value 143,19.10956557860836,Completed,Medium,Closed,Org line A2,A2_1,gb,G42 3rd,PROD236,United Kingdom
763,,,,,,,,,,,,
763,Accepted-Assigned,Value 214,19.08673435104576,Accepted,Medium,Assigned,Org line A2,A2_4,se,G105 2nd,PROD337,Sweden
763,,,,,,,,,,,,
763,Completed-Closed,Value 164,19.104753708058816,Completed,Medium,Closed,Org line A2,A2_4,se,G105 2nd,PROD337,Sweden
764,,,,,,,,,,,,
764,Completed-Closed,Value 382,19.064652223283016,Completed,High,Closed,Org line C,,fr,V34 2nd,PROD424,France
765,,,,,,,,,,,,
765,Accepted-In Progress,Value 42,19.048266870099066,Accepted,Medium,In Progress,Org line C,E_10,se,G138 2nd,PROD802,Sweden
765,,,,,,,,,,,,
766,,,,,,,,,,,,
766,Accepted-Wait,Value 76,19.049195297613597,Accepted,Medium,Wait,Org line A2,A2_4,se,G105 2nd,PROD337,Sweden
766,,,,,,,,,,,,
767,,,,,,,,,,,,
767,Accepted-In Progress,Value 2,19.05966047210795,Accepted,High,In Progress,Org line A2,A2_2,cn,M1 2nd,PROD753,Sweden
767,,,,,,,,,,,,
768,,,,,,,,,,,,
768,Completed-Closed,Value 81,19.102928773972074,Completed,High,Closed,Org line A2,D_1,se,G124 3rd,PROD605,Sweden
769,,,,,,,,,,,,
769,Completed-Closed,Value 383,19.076814008589864,Completed,Medium,Closed,Org line C,C_6,se,G269 3rd,PROD621,INDIA
770,,,,,,,,,,,,
770,Accepted-Assigned,Value 384,19.045879307601712,Accepted,Medium,Assigned,Org line A2,A2_5,se,A10,PROD320,Sweden
770,,,,,,,,,,,,
770,Completed-Closed,Value 385,19.10203878488605,Completed,Medium,Closed,Org line A2,A2_5,se,A10,PROD320,Sweden
771,,,,,,,,,,,,
771,Accepted-Wait,Value 385,19.045910335416266,Accepted,Medium,Wait,Org line A2,A2_5,se,A10,PROD320,Sweden
771,,,,,,,,,,,,
771,Accepted-Wait,Value 385,19.049174404762653,Accepted,Medium,Wait,Org line A2,A2_5,se,A10,PROD320,Sweden
771,,,,,,,,,,,,
771,Accepted-Wait,Value 385,19.057968854394872,Accepted,Medium,Wait,Org line A2,A2_5,se,A10,PROD320,Sweden
771,,,,,,,,,,,,
772,,,,,,,,,,,,
772,Accepted-In Progress,Value 385,19.07058189543443,Accepted,Medium,In Progress,Org line A2,A2_5,se,A10,PROD320,Sweden
772,,,,,,,,,,,,
772,Completed-Closed,Value 385,19.084982465780776,Completed,Medium,Closed,Org line A2,A2_5,se,A10,PROD320,Sweden
773,,,,,,,,,,,,
773,Accepted-Wait,Value 385,19.045929841026222,Accepted,Medium,Wait,Org line A2,A2_5,se,A10,PROD320,Sweden
773,,,,,,,,,,,,
773,Accepted-Wait,Value 385,19.072331822624395,Accepted,Medium,Wait,Org line A2,A2_5,se,A10,PROD320,Sweden
773,,,,,,,,,,,,
774,,,,,,,,,,,,
774,Queued-Awaiting Assignment,Value 386,19.04601059394916,Queued,Medium,Awaiting Assignment,Org line A2,A2_2,fr,L53 2nd,PROD422,Sweden
774,,,,,,,,,,,,
774,Queued-Awaiting Assignment,Value 248,19.052344954420374,Queued,Medium,Awaiting Assignment,Org line A2,A2_2,fr,G34 3rd,PROD422,France
774,,,,,,,,,,,,
774,Accepted-Wait,Value 354,19.054632861639398,Accepted,Medium,Wait,Org line A2,A2_2,fr,G34 3rd,PROD422,POLAND
774,,,,,,,,,,,,
774,Completed-Closed,Value 354,19.061581976494352,Completed,Medium,Closed,Org line A2,A2_2,fr,G34 3rd,PROD422,POLAND
775,,,,,,,,,,,,
775,Completed-Closed,Value 15,19.083105826804893,Completed,Medium,Closed,Org line G4,,se,S28 2nd,PROD633,Sweden
776,,,,,,,,,,,,
776,Queued-Awaiting Assignment,Value 387,19.046003065276253,Queued,High,Awaiting Assignment,Org line C,E_10,us,G288 2nd,PROD408,Sweden
776,,,,,,,,,,,,
776,Queued-Awaiting Assignment,Value 104,19.046009470270235,Queued,High,Awaiting Assignment,Org line C,C_6,us,G290 3rd,PROD408,Sweden
776,,,,,,,,,,,,
776,Completed-Closed,Value 13,19.04632689146653,Completed,High,Closed,Org line C,C_6,us,G290 3rd,PROD408,Sweden
776,,,,,,,,,,,,
776,Accepted-Assigned,Value 127,19.046330106304616,Accepted,High,Assigned,Org line C,C_6,us,G290 3rd,PROD408,USA
776,,,,,,,,,,,,
776,Completed-Closed,Value 127,19.048834094404008,Completed,High,Closed,Org line C,C_6,us,G290 3rd,PROD408,USA
776,,,,,,,,,,,,
776,Accepted-Wait,Value 165,19.065236508341187,Accepted,High,Wait,Org line C,V3_3,us,N22 2nd,PROD408,USA
776,,,,,,,,,,,,
777,,,,,,,,,,,,
777,Completed-Closed,Value 301,19.067720015378438,Completed,Medium,Closed,Org line B,E_10,in,G238 2nd,PROD209,INDIA
778,,,,,,,,,,,,
778,Completed-Closed,Value 211,19.092841404992207,Completed,Low,Closed,Org line G4,,se,S33 2nd,PROD374,Sweden
779,,,,,,,,,,,,
779,Accepted-In Progress,Value 388,19.056464406698804,Accepted,Medium,In Progress,Org line A2,A2_4,be,G7 3rd,PROD766,Belgium
779,,,,,,,,,,,,
780,,,,,,,,,,,,
780,Accepted-Wait,Value 217,19.04648889895365,Accepted,Medium,Wait,Org line C,E_5,in,G92,PROD698,INDIA
780,,,,,,,,,,,,
780,Accepted-In Progress,Value 389,19.058333713353868,Accepted,Medium,In Progress,Org line C,E_5,in,G92,PROD698,INDIA
780,,,,,,,,,,,,
780,Accepted-In Progress,Value 390,19.058355610172057,Accepted,Medium,In Progress,Org line C,E_10,in,G276 2nd,PROD698,Sweden
780,,,,,,,,,,,,
780,Accepted-Wait,Value 87,19.05920303388449,Accepted,Medium,Wait,Org line C,E_10,in,G276 2nd,PROD698,Sweden
780,,,,,,,,,,,,
780,Accepted-In Progress,Value 87,19.087646918438697,Accepted,Medium,In Progress,Org line C,E_10,in,G276 2nd,PROD698,Sweden
780,,,,,,,,,,,,
781,,,,,,,,,,,,
781,Accepted-Wait,Value 76,19.04644827251536,Accepted,High,Wait,Org line C,E_6,se,G48 2nd,PROD148,Sweden
781,,,,,,,,,,,,
782,,,,,,,,,,,,
782,Queued-Awaiting Assignment,Value 113,19.046792897696083,Queued,Medium,Awaiting Assignment,Org line C,C_6,se,G141 3rd,PROD663,Sweden
782,,,,,,,,,,,,
782,Completed-Closed,Value 113,19.086264679471366,Completed,Medium,Closed,Org line C,C_6,se,G141 3rd,PROD663,Sweden
783,,,,,,,,,,,,
783,Completed-Closed,Value 211,19.071525459636433,Completed,High,Closed,Org line G4,,se,S33 2nd,PROD374,Sweden
784,,,,,,,,,,,,
784,Queued-Awaiting Assignment,Value 391,19.04681943284075,Queued,Major,Awaiting Assignment,Org line C,E_1,se,G213 2nd,PROD582,Belgium
784,,,,,,,,,,,,
784,Completed-Closed,Value 391,19.059666320454788,Completed,Major,Closed,Org line C,E_3,se,G71 2nd,PROD582,Belgium
785,,,,,,,,,,,,
785,Queued-Awaiting Assignment,Value 147,19.04731302495826,Queued,Major,Awaiting Assignment,Org line C,C_6,fr,G225 3rd,PROD793,France
785,,,,,,,,,,,,
785,Accepted-Wait,Value 392,19.049667923726872,Accepted,Major,Wait,Org line C,C_6,fr,G225 3rd,PROD793,Belgium
785,,,,,,,,,,,,
786,,,,,,,,,,,,
786,Queued-Awaiting Assignment,Value 151,19.048061348290343,Queued,Low,Awaiting Assignment,Org line A2,A2_1,se,T17 2nd,PROD350,Sweden
786,,,,,,,,,,,,
786,Accepted-Wait,Value 151,19.056087354193334,Accepted,Low,Wait,Org line A2,A2_1,se,J2 2nd,PROD350,Sweden
786,,,,,,,,,,,,
787,,,,,,,,,,,,
787,Completed-Closed,Value 8,19.10333319194942,Completed,Medium,Closed,Org line A2,A2_4,se,G105 2nd,PROD337,Sweden
788,,,,,,,,,,,,
788,Accepted-Wait,Value 351,19.048176469626995,Accepted,High,Wait,Org line B,A2_1,cn,D1,PROD350,THAILAND
788,,,,,,,,,,,,
789,,,,,,,,,,,,
789,Accepted-Wait,Value 351,19.04817633614518,Accepted,Medium,Wait,Org line B,A2_1,cn,D1,PROD350,THAILAND
789,,,,,,,,,,,,
790,,,,,,,,,,,,
790,Accepted-Wait,Value 351,19.048176170627702,Accepted,High,Wait,Org line B,A2_1,cn,D1,PROD350,THAILAND
790,,,,,,,,,,,,
791,,,,,,,,,,,,
791,Completed-Closed,Value 320,19.068284520408522,Completed,High,Closed,Org line C,C_5,se,G120 3rd,PROD597,Sweden
792,,,,,,,,,,,,
792,Completed-Closed,Value 118,19.089414153916895,Completed,Major,Closed,Org line C,E_3,be,G64 2nd,PROD378,France
793,,,,,,,,,,,,
793,Accepted-Wait,Value 20,19.055572582796312,Accepted,Medium,Wait,Org line C,E_3,us,G67 2nd,PROD151,Sweden
793,,,,,,,,,,,,
793,Completed-Closed,Value 20,19.076850364009907,Completed,Medium,Closed,Org line C,E_3,us,G67 2nd,PROD151,Sweden
794,,,,,,,,,,,,
794,Accepted-In Progress,Value 393,19.048495344193178,Accepted,Medium,In Progress,Org line C,E_4,us,G88 2nd,PROD794,Sweden
794,,,,,,,,,,,,
794,Completed-Closed,Value 393,19.119830055630814,Completed,Medium,Closed,Org line C,E_4,us,G88 2nd,PROD794,Sweden
794,,,,,,,,,,,,
794,Completed-Closed,Value 393,19.119834762284768,Completed,Medium,Closed,Org line C,E_4,us,G88 2nd,PROD794,Sweden
795,,,,,,,,,,,,
795,Accepted-Wait,Value 209,19.06875133996269,Accepted,Low,Wait,Org line A2,A2_1,se,N7 2nd,PROD746,Sweden
795,,,,,,,,,,,,
796,,,,,,,,,,,,
796,Accepted-Wait,Value 385,19.048653724040104,Accepted,Medium,Wait,Org line A2,A2_5,se,A10,PROD236,Sweden
796,,,,,,,,,,,,
796,Accepted-Wait,Value 385,19.049126552781967,Accepted,Medium,Wait,Org line A2,A2_5,se,A10,PROD236,Sweden
796,,,,,,,,,,,,
796,Accepted-Wait,Value 385,19.068807911881624,Accepted,Medium,Wait,Org line A2,A2_5,se,A10,PROD236,Sweden
796,,,,,,,,,,,,
796,Completed-Closed,Value 385,19.068825166307622,Completed,Medium,Closed,Org line A2,A2_5,se,A10,PROD236,Sweden
797,,,,,,,,,,,,
797,Accepted-Assigned,Value 29,19.048737987372878,Accepted,High,Assigned,Org line A2,A2_1,gb,G42 3rd,PROD236,United Kingdom
797,,,,,,,,,,,,
797,Accepted-In Progress,Value 143,19.05654069178733,Accepted,High,In Progress,Org line A2,A2_1,gb,G42 3rd,PROD236,United Kingdom
797,,,,,,,,,,,,
798,,,,,,,,,,,,
798,Accepted-In Progress,Value 245,19.059345392012265,Accepted,Medium,In Progress,Org line A2,A2_3,us,N5 2nd,PROD488,USA
798,,,,,,,,,,,,
799,,,,,,,,,,,,
799,Accepted-Assigned,Value 148,19.048776279749326,Accepted,Medium,Assigned,Org line A2,A2_5,fr,V37 2nd,PROD525,France
799,,,,,,,,,,,,
800,,,,,,,,,,,,
800,Accepted-Wait,Value 394,19.06197913902604,Accepted,Major,Wait,Org line C,E_6,fr,V29 2nd,PROD413,France
800,,,,,,,,,,,,
800,Accepted-In Progress,Value 394,19.099874887056718,Accepted,Major,In Progress,Org line C,E_6,fr,V29 2nd,PROD413,France
800,,,,,,,,,,,,
800,Completed-Closed,Value 149,19.11161430626627,Completed,Major,Closed,Org line C,E_6,fr,V29 2nd,PROD413,France
801,,,,,,,,,,,,
801,Completed-Closed,Value 165,19.04909846248002,Completed,High,Closed,Org line C,V3_3,us,N22 2nd,PROD476,USA
801,,,,,,,,,,,,
801,Accepted-Wait,Value 165,19.052789734063158,Accepted,High,Wait,Org line C,V3_3,us,N22 2nd,PROD476,USA
801,,,,,,,,,,,,
801,Accepted-Wait,Value 165,19.062059232930892,Accepted,High,Wait,Org line C,V3_3,us,N22 2nd,PROD476,USA
801,,,,,,,,,,,,
802,,,,,,,,,,,,
802,Accepted-Assigned,Value 125,19.049126323411258,Accepted,Low,Assigned,Org line A2,A2_3,se,U6 2nd,PROD831,Sweden
802,,,,,,,,,,,,
802,Completed-Closed,Value 125,19.06746220649674,Completed,Low,Closed,Org line A2,A2_3,se,U6 2nd,PROD831,Sweden
803,,,,,,,,,,,,
803,Accepted-In Progress,Value 290,19.065648681692423,Accepted,Low,In Progress,Org line C,E_4,in,G93 2nd,PROD325,Brazil
803,,,,,,,,,,,,
804,,,,,,,,,,,,
804,Accepted-Assigned,Value 213,19.049201122144733,Accepted,High,Assigned,Org line A2,A2_3,pl,N26 2nd,PROD791,POLAND
804,,,,,,,,,,,,
804,Completed-Closed,Value 213,19.10471915534675,Completed,High,Closed,Org line A2,A2_3,pl,N26 2nd,PROD791,POLAND
805,,,,,,,,,,,,
805,Accepted-In Progress,Value 395,19.049208893467238,Accepted,Low,In Progress,Org line A2,A2_3,se,G45 2nd,PROD711,Brazil
805,,,,,,,,,,,,
806,,,,,,,,,,,,
806,Queued-Awaiting Assignment,Value 96,19.049224243918577,Queued,Medium,Awaiting Assignment,Org line C,E_10,se,G285 2nd,PROD646,Sweden
806,,,,,,,,,,,,
806,Completed-Closed,Value 179,19.05836176212449,Completed,Medium,Closed,Org line C,E_10,se,G285 2nd,PROD646,Sweden
807,,,,,,,,,,,,
807,Accepted-In Progress,Value 155,19.12029128691153,Accepted,Medium,In Progress,Org line A2,D_1,pl,V10 3rd,PROD71,POLAND
807,,,,,,,,,,,,
808,,,,,,,,,,,,
808,Completed-Closed,Value 396,19.10467755730289,Completed,Low,Closed,Org line A2,A2_4,in,G31 3rd,PROD194,Sweden
809,,,,,,,,,,,,
809,Completed-Closed,Value 2,19.06839241867925,Completed,Low,Closed,Org line V2,,se,T3 2nd,PROD59,Sweden
810,,,,,,,,,,,,
810,Completed-Closed,Value 297,19.10304794374481,Completed,Medium,Closed,Org line A2,A2_4,se,G105 2nd,PROD337,Sweden
811,,,,,,,,,,,,
811,Accepted-Assigned,Value 58,19.06879244593061,Accepted,High,Assigned,Org line G4,,se,G51 2nd,PROD337,Sweden
811,,,,,,,,,,,,
811,Completed-Closed,Value 116,19.106498696216626,Completed,High,Closed,Org line G4,,se,G51 2nd,PROD337,Sweden
812,,,,,,,,,,,,
812,Accepted-In Progress,Value 337,19.04971557388452,Accepted,Low,In Progress,Org line C,E_7,in,G165 2nd,PROD424,INDIA
812,,,,,,,,,,,,
812,Accepted-In Progress,Value 397,19.05189585961454,Accepted,Low,In Progress,Org line C,E_7,in,G165 2nd,PROD424,INDIA
812,,,,,,,,,,,,
812,Accepted-In Progress,Value 397,19.09611847379274,Accepted,Low,In Progress,Org line C,E_7,in,G165 2nd,PROD424,INDIA
812,,,,,,,,,,,,
813,,,,,,,,,,,,
813,Completed-Closed,Value 293,19.06202769112658,Completed,Low,Closed,Org line C,,ca,N19 2nd,PROD424,Canada
814,,,,,,,,,,,,
814,Completed-Closed,Value 293,19.06202761213918,Completed,Low,Closed,Org line C,,ca,N19 2nd,PROD424,Canada
815,,,,,,,,,,,,
815,Completed-Closed,Value 77,19.054617392399585,Completed,Low,Closed,Org line C,E_7,se,G160 2nd,PROD673,Sweden
816,,,,,,,,,,,,
816,Queued-Awaiting Assignment,Value 379,19.050059629341217,Queued,Low,Awaiting Assignment,Org line B,E_3,br,S12 2nd,PROD551,Brazil
816,,,,,,,,,,,,
816,Queued-Awaiting Assignment,Value 398,19.05559797442946,Queued,Low,Awaiting Assignment,Org line A2,A2_1,br,S1 2nd,PROD551,Brazil
816,,,,,,,,,,,,
816,Completed-Closed,Value 399,19.09421718480453,Completed,Low,Closed,Org line A2,A2_1,br,S1 2nd,PROD551,Brazil
817,,,,,,,,,,,,
817,Accepted-Assigned,Value 400,19.051838987753847,Accepted,High,Assigned,Org line C,E_2,se,G57 2nd,PROD236,Belgium
817,,,,,,,,,,,,
817,Completed-Closed,Value 401,19.071476902249703,Completed,High,Closed,Org line C,E_2,se,G57 2nd,PROD236,Belgium
818,,,,,,,,,,,,
818,Accepted-Assigned,Value 402,19.077251586714585,Accepted,Medium,Assigned,Org line C,E_4,us,G88 2nd,PROD219,Sweden
818,,,,,,,,,,,,
818,Completed-Closed,Value 402,19.118180080128877,Completed,Medium,Closed,Org line C,E_4,us,G88 2nd,PROD219,Sweden
819,,,,,,,,,,,,
819,Accepted-In Progress,Value 42,19.051836327873875,Accepted,Low,In Progress,Org line C,E_6,se,S20 2nd,PROD802,Sweden
819,,,,,,,,,,,,
819,Accepted-In Progress,Value 42,19.089838464652107,Accepted,Low,In Progress,Org line C,E_6,se,S20 2nd,PROD802,Sweden
819,,,,,,,,,,,,
820,,,,,,,,,,,,
820,Accepted-In Progress,Value 62,19.068323704211174,Accepted,Medium,In Progress,Org line C,E_5,se,G76,PROD152,Sweden
820,,,,,,,,,,,,
821,,,,,,,,,,,,
821,Queued-Awaiting Assignment,Value 254,19.05232595106046,Queued,Medium,Awaiting Assignment,Org line C,E_8,in,G119 2nd,PROD597,INDIA
821,,,,,,,,,,,,
821,Completed-Closed,Value 254,19.07547746178126,Completed,Medium,Closed,Org line C,E_8,in,G119 2nd,PROD597,INDIA
822,,,,,,,,,,,,
822,Completed-Closed,Value 150,19.056105120846148,Completed,High,Closed,Org line A2,A2_4,in,G2 3rd,PROD153,Sweden
823,,,,,,,,,,,,
823,Completed-Closed,Value 68,19.054598113869346,Completed,Medium,Closed,Org line A2,A2_4,se,G118 2nd,PROD591,Sweden
824,,,,,,,,,,,,
824,Accepted-Wait,Value 150,19.053076776879323,Accepted,High,Wait,Org line C,E_4,us,G88 2nd,PROD793,USA
824,,,,,,,,,,,,
824,Queued-Awaiting Assignment,Value 150,19.06465506987622,Queued,High,Awaiting Assignment,Org line C,E_4,us,G88 2nd,PROD793,USA
824,,,,,,,,,,,,
824,Accepted-Wait,Value 292,19.065122221525932,Accepted,High,Wait,Org line C,E_5,us,G92,PROD793,INDIA
824,,,,,,,,,,,,
824,Accepted-In Progress,Value 393,19.086383215250585,Accepted,High,In Progress,Org line C,E_4,us,G88 2nd,PROD793,Sweden
824,,,,,,,,,,,,
825,,,,,,,,,,,,
825,Completed-Closed,Value 403,19.068361107402428,Completed,Low,Closed,Org line G4,,se,M18 2nd,PROD78,Sweden
826,,,,,,,,,,,,
826,Accepted-Assigned,Value 123,19.064720119150255,Accepted,Low,Assigned,Org line G4,,se,S29 2nd,PROD710,Sweden
826,,,,,,,,,,,,
826,Completed-Closed,Value 123,19.064720849131824,Completed,Low,Closed,Org line G4,,se,S29 2nd,PROD710,Sweden
827,,,,,,,,,,,,
827,Queued-Awaiting Assignment,Value 69,19.05518036951065,Queued,Medium,Awaiting Assignment,Org line B,E_10,in,G230 2nd,PROD752,INDIA
827,,,,,,,,,,,,
827,Completed-Closed,Value 71,19.080936436688276,Completed,Medium,Closed,Org line B,E_10,in,G230 2nd,PROD752,INDIA
828,,,,,,,,,,,,
828,Accepted-In Progress,Value 404,19.062344964771004,Accepted,Low,In Progress,Org line C,E_2,se,G57 2nd,PROD329,Sweden
828,,,,,,,,,,,,
829,,,,,,,,,,,,
829,Completed-Closed,Value 405,19.087178240230834,Completed,Low,Closed,Org line C,E_4,us,G88 2nd,PROD348,USA
830,,,,,,,,,,,,
830,Accepted-Wait,Value 225,19.055558484888195,Accepted,Low,Wait,Org line C,E_4,us,G88 2nd,PROD219,INDIA
830,,,,,,,,,,,,
830,Completed-Closed,Value 225,19.06728835011472,Completed,Low,Closed,Org line C,E_4,us,G88 2nd,PROD219,INDIA
831,,,,,,,,,,,,
831,Completed-Closed,Value 123,19.08354298534715,Completed,Low,Closed,Org line A2,A2_4,0,G11 2nd,PROD765,Belgium
832,,,,,,,,,,,,
832,Completed-Closed,Value 297,19.06520120323536,Completed,Medium,Closed,Org line A2,A2_4,se,G105 2nd,PROD337,Sweden
833,,,,,,,,,,,,
833,Completed-Closed,Value 281,19.05560029573633,Completed,Medium,Closed,Org line C,V3_1,se,G346,PROD631,Sweden
834,,,,,,,,,,,,
834,Completed-Closed,Value 77,19.057892709906117,Completed,Low,Closed,Org line C,E_7,se,G160 2nd,PROD673,Sweden
835,,,,,,,,,,,,
835,Completed-Closed,Value 248,19.113743880980753,Completed,Medium,Closed,Org line C,E_6,fr,G130 3rd,PROD643,France
836,,,,,,,,,,,,
836,Completed-Closed,Value 43,19.05839568703116,Completed,Medium,Closed,Org line G3,,us,G199 3rd,PROD98,POLAND
837,,,,,,,,,,,,
837,Accepted-Wait,Value 119,19.056082523134762,Accepted,Low,Wait,Org line C,E_4,in,G93 2nd,PROD325,Sweden
837,,,,,,,,,,,,
838,,,,,,,,,,,,
838,Queued-Awaiting Assignment,Value 86,19.056572343598855,Queued,Medium,Awaiting Assignment,Org line C,E_10,us,G236 2nd,PROD494,Sweden
838,,Value 406,,,,,,,,,,
838,Queued-Awaiting Assignment,Value 155,19.056576934034336,Queued,Medium,Awaiting Assignment,Org line C,V3_2,us,G97,PROD494,POLAND
838,,,,,,,,,,,,
838,Accepted-In Progress,Value 355,19.05793635846996,Accepted,Medium,In Progress,Org line C,E_10,us,G236 2nd,PROD494,Sweden
838,,Value 407,,,,,,,,,,
838,Accepted-In Progress,Value 223,19.05831122408783,Accepted,Medium,In Progress,Org line C,E_10,us,G84 2nd,PROD494,POLAND
838,,,,,,,,,,,,
838,Accepted-In Progress,Value 408,19.068386364753817,Accepted,Medium,In Progress,Org line C,V3_2,us,N34,PROD494,USA
838,,,,,,,,,,,,
839,,,,,,,,,,,,
839,Accepted-Wait,Value 150,19.05657971899415,Accepted,Medium,Wait,Org line C,E_4,us,G88 2nd,PROD793,USA
839,,,,,,,,,,,,
839,Accepted-Assigned,Value 276,19.080922852048335,Accepted,Medium,Assigned,Org line C,E_4,us,G88 2nd,PROD793,INDIA
839,,,,,,,,,,,,
839,Completed-Closed,Value 276,19.09339720140525,Completed,Medium,Closed,Org line C,E_4,us,G88 2nd,PROD793,INDIA
840,,,,,,,,,,,,
840,Completed-Closed,Value 76,19.067532017096628,Completed,High,Closed,Org line G4,,se,S33 2nd,PROD374,Sweden
841,,,,,,,,,,,,
841,Completed-Closed,Value 209,19.076819918316396,Completed,Major,Closed,Org line G1,E_6,se,G358 2nd,PROD292,Sweden
842,,,,,,,,,,,,
842,Accepted-Assigned,Value 409,19.057804640286548,Accepted,Medium,Assigned,Org line A2,A2_1,pl,W15 2nd,PROD509,POLAND
842,,,,,,,,,,,,
842,Accepted-Wait,Value 409,19.093315745844084,Accepted,Medium,Wait,Org line A2,A2_1,pl,W15 2nd,PROD509,POLAND
842,,,,,,,,,,,,
843,,,,,,,,,,,,
843,Accepted-Assigned,Value 160,19.05821969204952,Accepted,Medium,Assigned,Org line A2,A2_3,pl,N26 2nd,PROD791,POLAND
843,,,,,,,,,,,,
843,Completed-Closed,Value 160,19.061570644587334,Completed,Medium,Closed,Org line A2,A2_3,pl,N26 2nd,PROD791,POLAND
844,,,,,,,,,,,,
844,Completed-Closed,Value 41,19.094193999285135,Completed,Medium,Closed,Org line A2,A2_3,se,G349 3rd,PROD40,Sweden
845,,,,,,,,,,,,
845,Accepted-In Progress,Value 355,19.05783888022262,Accepted,High,In Progress,Org line C,E_10,in,G263 2nd,PROD494,Sweden
845,,,,,,,,,,,,
845,Queued-Awaiting Assignment,Value 86,19.057865568051657,Queued,High,Awaiting Assignment,Org line C,E_10,in,G236 2nd,PROD494,Sweden
845,,,,,,,,,,,,
845,Queued-Awaiting Assignment,Value 86,19.057865768987632,Queued,High,Awaiting Assignment,Org line C,E_10,in,G236 2nd,PROD494,Sweden
845,,,,,,,,,,,,
845,Completed-Closed,Value 355,19.05788917246479,Completed,High,Closed,Org line C,E_10,in,G236 2nd,PROD494,Sweden
845,,,,,,,,,,,,
845,Queued-Awaiting Assignment,Value 86,19.064739450352878,Queued,High,Awaiting Assignment,Org line C,E_10,in,G236 2nd,PROD494,Sweden
845,,,,,,,,,,,,
845,Accepted-In Progress,Value 355,19.064739828465584,Accepted,High,In Progress,Org line C,E_10,in,G236 2nd,PROD494,Sweden
845,,,,,,,,,,,,
845,Accepted-In Progress,Value 355,19.0718963041683,Accepted,High,In Progress,Org line C,E_10,in,G263 2nd,PROD494,Sweden
845,,,,,,,,,,,,
845,Accepted-In Progress,Value 355,19.071896559659944,Accepted,High,In Progress,Org line C,E_10,in,G236 2nd,PROD494,Sweden
845,,,,,,,,,,,,
845,Accepted-In Progress,Value 355,19.071926029400917,Accepted,High,In Progress,Org line C,E_10,in,G236 2nd,PROD494,Sweden
845,,,,,,,,,,,,
846,,,,,,,,,,,,
846,Completed-Closed,Value 31,19.099507149968073,Completed,High,Closed,Org line G4,,se,S33 2nd,PROD448,Sweden
847,,,,,,,,,,,,
847,Completed-Closed,Value 43,19.057868899353405,Completed,Medium,Closed,Org line G3,,us,G199 3rd,PROD98,POLAND
848,,,,,,,,,,,,
848,Accepted-Assigned,Value 29,19.057886793012912,Accepted,Medium,Assigned,Org line A2,A2_1,gb,G42 3rd,PROD236,United Kingdom
848,,,,,,,,,,,,
848,Accepted-In Progress,Value 28,19.075105578353565,Accepted,Medium,In Progress,Org line A2,A2_1,gb,G42 3rd,PROD236,United Kingdom
848,,,,,,,,,,,,
848,Accepted-In Progress,Value 84,19.095588452052777,Accepted,Medium,In Progress,Org line A2,A2_1,gb,G42 3rd,PROD236,POLAND
848,,,,,,,,,,,,
849,,,,,,,,,,,,
849,Completed-Closed,Value 39,19.057901503222496,Completed,Low,Closed,Org line C,E_7,in,G157 2nd,PROD674,Sweden
850,,,,,,,,,,,,
850,Accepted-In Progress,Value 255,19.057922478909123,Accepted,Medium,In Progress,Org line A2,A2_2,in,J7 2nd,PROD471,POLAND
850,,,,,,,,,,,,
850,Accepted-In Progress,Value 355,19.057927089588414,Accepted,Medium,In Progress,Org line C,E_10,in,G236 2nd,PROD471,Sweden
850,,,,,,,,,,,,
851,,,,,,,,,,,,
851,Queued-Awaiting Assignment,Value 126,19.057958782145782,Queued,Major,Awaiting Assignment,Org line A2,A2_3,se,U6 2nd,PROD831,Sweden
851,,,,,,,,,,,,
851,Completed-Closed,Value 126,19.058334130893623,Completed,Major,Closed,Org line A2,A2_3,se,U6 2nd,PROD831,Sweden
852,,,,,,,,,,,,
852,Accepted-In Progress,Value 24,19.061153445148832,Accepted,High,In Progress,Org line C,C_6,se,G273 3rd,PROD585,Belgium
852,,,,,,,,,,,,
853,,,,,,,,,,,,
853,Completed-Closed,Value 410,19.087149355214713,Completed,High,Closed,Org line C,C_5,fr,V43 3rd,PROD609,France
854,,,,,,,,,,,,
854,Queued-Awaiting Assignment,Value 150,19.05820627101578,Queued,High,Awaiting Assignment,Org line C,C_6,in,G248 3rd,PROD585,USA
854,,,,,,,,,,,,
854,Completed-Closed,Value 411,19.058285647548757,Completed,High,Closed,Org line C,E_5,in,G77,PROD585,INDIA
855,,,,,,,,,,,,
855,Accepted-Wait,Value 321,19.058282370490893,Accepted,Medium,Wait,Org line C,E_4,us,G88 2nd,PROD815,INDIA
855,,,,,,,,,,,,
856,,,,,,,,,,,,
856,Completed-Closed,Value 2,19.08090955659442,Completed,Low,Closed,Org line V2,,se,T3 2nd,PROD61,Sweden
857,,,,,,,,,,,,
857,Completed-Closed,Value 206,19.08933689260319,Completed,Medium,Closed,Org line G4,,se,S33 2nd,PROD527,Sweden
857,,,,,,,,,,,,
857,Completed-Closed,Value 206,19.116014202863177,Completed,Medium,Closed,Org line G4,,se,S33 2nd,PROD527,Sweden
858,,,,,,,,,,,,
858,Queued-Awaiting Assignment,Value 285,19.058313105700336,Queued,Low,Awaiting Assignment,Org line C,E_10,se,G138 2nd,PROD802,Sweden
858,,,,,,,,,,,,
858,Accepted-Wait,Value 123,19.058326678575536,Accepted,Low,Wait,Org line C,E_10,se,G138 2nd,PROD802,Sweden
858,,,,,,,,,,,,
859,,,,,,,,,,,,
859,Completed-Closed,Value 164,19.05970628148342,Completed,Low,Closed,Org line G4,,se,S33 2nd,PROD397,Sweden
860,,,,,,,,,,,,
860,Completed-Closed,Value 161,19.06284852822202,Completed,Low,Closed,Org line A2,A2_4,us,L23 3rd,PROD546,Sweden
861,,,,,,,,,,,,
861,Accepted-Assigned,Value 289,19.06613322635083,Accepted,Medium,Assigned,Org line G4,,se,S33 2nd,PROD448,Sweden
861,,,,,,,,,,,,
861,Completed-Closed,Value 289,19.086327109860854,Completed,Medium,Closed,Org line G4,,se,S33 2nd,PROD448,Sweden
862,,,,,,,,,,,,
862,Completed-Closed,Value 43,19.05839319779921,Completed,Medium,Closed,Org line G3,,us,G199 3rd,PROD97,POLAND
863,,,,,,,,,,,,
863,Completed-Closed,Value 24,19.080945939109146,Completed,Low,Closed,Org line C,C_6,se,G268 3rd,PROD805,Sweden
864,,,,,,,,,,,,
864,Completed-Closed,Value 412,19.07598973443343,Completed,Medium,Closed,Org line C,E_7,in,G165 2nd,PROD671,INDIA
865,,,,,,,,,,,,
865,Completed-Closed,Value 77,19.059767668773333,Completed,Major,Closed,Org line C,E_7,se,G160 2nd,PROD327,Sweden
865,,,,,,,,,,,,
865,Accepted-Wait,Value 77,19.05979003031199,Accepted,Major,Wait,Org line C,E_7,se,G160 2nd,PROD327,Sweden
865,,,,,,,,,,,,
865,Accepted-In Progress,Value 413,19.061574669509973,Accepted,Major,In Progress,Org line C,E_7,se,G160 2nd,PROD327,Sweden
865,,,,,,,,,,,,
865,Accepted-In Progress,Value 77,19.10163576122961,Accepted,Major,In Progress,Org line C,E_7,se,G160 2nd,PROD327,Sweden
865,,,,,,,,,,,,
866,,,,,,,,,,,,
866,Completed-Closed,Value 414,19.06194925356217,Completed,Medium,Closed,Org line A2,D_1,in,L50 3rd,PROD611,Sweden
867,,,,,,,,,,,,
867,Completed-Closed,Value 348,19.07455722610979,Completed,Medium,Closed,Org line C,C_6,se,G269 3rd,PROD621,Sweden
868,,,,,,,,,,,,
868,Completed-Closed,Value 108,19.093310142053628,Completed,Medium,Closed,Org line A2,A2_3,se,G362 3rd,PROD241,Sweden
869,,,,,,,,,,,,
869,Accepted-Assigned,Value 415,19.058849950021088,Accepted,Low,Assigned,Org line C,E_4,in,G87 2nd,PROD565,INDIA
869,,,,,,,,,,,,
869,Completed-Closed,Value 415,19.07191150841451,Completed,Low,Closed,Org line C,E_4,in,G87 2nd,PROD565,INDIA
870,,,,,,,,,,,,
870,Accepted-In Progress,Value 168,19.105189127322745,Accepted,Medium,In Progress,Org line V11,,gb,V50 2nd,PROD158,United Kingdom
870,,,,,,,,,,,,
871,,,,,,,,,,,,
871,Completed-Closed,Value 358,19.07467514025181,Completed,High,Closed,Org line C,C_1,us,G14 3rd,PROD332,USA
872,,,,,,,,,,,,
872,Completed-Closed,Value 196,19.09979684265904,Completed,Low,Closed,Org line V2,,se,T13 2nd,PROD399,Sweden
873,,,,,,,,,,,,
873,Completed-Closed,Value 77,19.070510924218794,Completed,High,Closed,Org line C,E_7,se,G160 2nd,PROD673,Sweden
874,,,,,,,,,,,,
874,Queued-Awaiting Assignment,Value 77,19.059221801393846,Queued,Medium,Awaiting Assignment,Org line C,C_1,be,G56 3rd,PROD816,Belgium
874,,,,,,,,,,,,
874,Queued-Awaiting Assignment,Value 77,19.05923988736321,Queued,Medium,Awaiting Assignment,Org line C,C_1,be,G56 3rd,PROD816,Belgium
874,,,,,,,,,,,,
874,Accepted-In Progress,Value 416,19.061917745153504,Accepted,Medium,In Progress,Org line C,E_1,be,G55 2nd,PROD816,INDIA
874,,,,,,,,,,,,
875,,,,,,,,,,,,
875,Accepted-Wait,Value 417,19.071026028571804,Accepted,Medium,Wait,Org line C,E_7,se,G153 2nd,PROD673,France
875,,,,,,,,,,,,
875,Completed-Closed,Value 417,19.074704897387594,Completed,Medium,Closed,Org line C,E_7,se,G153 2nd,PROD673,France
876,,,,,,,,,,,,
876,Completed-Closed,Value 149,19.059248093268877,Completed,Medium,Closed,Org line C,E_6,fr,V29 2nd,PROD673,France
877,,,,,,,,,,,,
877,Queued-Awaiting Assignment,Value 42,19.059264900907923,Queued,High,Awaiting Assignment,Org line C,E_10,se,S52 2nd,PROD626,Sweden
877,,,,,,,,,,,,
877,Completed-Closed,Value 42,19.061073921704207,Completed,High,Closed,Org line C,C_6,se,M7 2nd,PROD626,Sweden
877,,Value 418,,,,,,,,S37,,
877,Queued-Awaiting Assignment,Value 42,19.077821737230245,Queued,High,Awaiting Assignment,Org line C,E_10,se,S52 2nd,PROD626,Sweden
877,,,,,,,,,,,,
877,Completed-Closed,Value 43,19.077839951220287,Completed,High,Closed,Org line C,V3_2,se,S25,PROD626,Sweden
878,,,,,,,,,,,,
878,Queued-Awaiting Assignment,Value 150,19.059320639205836,Queued,Major,Awaiting Assignment,Org line C,E_4,se,G88 2nd,PROD348,USA
878,,,,,,,,,,,,
878,Completed-Closed,Value 419,19.059330006060875,Completed,Major,Closed,Org line C,E_1,se,M28 2nd,PROD348,Sweden
878,,,,,,,,,,,,
878,Completed-Closed,Value 419,19.05967225849758,Completed,Major,Closed,Org line C,E_1,se,M28 2nd,PROD348,Sweden
879,,,,,,,,,,,,
879,Completed-Closed,Value 43,19.059352372108446,Completed,Medium,Closed,Org line G3,,us,G199 3rd,PROD97,POLAND
880,,,,,,,,,,,,
880,Accepted-In Progress,Value 285,19.05943660461664,Accepted,Medium,In Progress,Org line C,E_10,se,G138 2nd,PROD802,Sweden
880,,,,,,,,,,,,
880,Accepted-In Progress,Value 114,19.059600170912965,Accepted,Medium,In Progress,Org line C,C_6,se,G290 3rd,PROD802,Sweden
880,,,,,,,,,,S40,,
880,Accepted-In Progress,Value 420,19.059893582468757,Accepted,Medium,In Progress,Org line C,E_5,se,G80,PROD802,Sweden
880,,,,,,,,,,,,
880,Accepted-In Progress,Value 114,19.06106462914992,Accepted,Medium,In Progress,Org line C,C_6,se,G290 3rd,PROD802,Sweden
880,,,,,,,,,,,,
880,Completed-Closed,Value 114,19.067380726702325,Completed,Medium,Closed,Org line C,C_6,se,G290 3rd,PROD802,Sweden
881,,,,,,,,,,,,
881,Completed-Closed,Value 211,19.06564210219155,Completed,Medium,Closed,Org line G4,,se,S33 2nd,PROD374,Sweden
882,,,,,,,,,,,,
882,Accepted-In Progress,Value 421,19.059627804133562,Accepted,Low,In Progress,Org line C,C_6,se,G268 3rd,PROD802,Sweden
882,,,,,,,,,,,,
883,,,,,,,,,,,,
883,Accepted-Assigned,Value 88,19.059644367864227,Accepted,Medium,Assigned,Org line G4,,se,S30 2nd,PROD412,Sweden
883,,,,,,,,,,,,
883,Completed-Closed,Value 88,19.064011938367383,Completed,Medium,Closed,Org line G4,,se,S30 2nd,PROD412,Sweden
884,,,,,,,,,,,,
884,Accepted-Assigned,Value 88,19.0596540431096,Accepted,Medium,Assigned,Org line G4,,se,S30 2nd,PROD412,Sweden
884,,,,,,,,,,,,
884,Completed-Closed,Value 88,19.11507861207646,Completed,Medium,Closed,Org line G4,,se,S30 2nd,PROD412,Sweden
885,,,,,,,,,,,,
885,Completed-Closed,Value 385,19.061457645121397,Completed,Medium,Closed,Org line A2,A2_5,se,A10,PROD461,Sweden
886,,,,,,,,,,,,
886,Queued-Awaiting Assignment,Value 422,19.059687174705545,Queued,Major,Awaiting Assignment,Org line C,C_6,se,G241 3rd,PROD214,Sweden
886,,,,,,,,,,,,
886,Completed-Closed,Value 422,19.081767766086163,Completed,Major,Closed,Org line C,C_6,se,G241 3rd,PROD214,Sweden
887,,,,,,,,,,,,
887,Completed-Closed,Value 112,19.114662476177177,Completed,Medium,Closed,Org line C,V3_2,se,M25,PROD815,Sweden
888,,,,,,,,,,,,
888,Queued-Awaiting Assignment,Value 311,19.059696305890792,Queued,Medium,Awaiting Assignment,Org line C,E_10,se,G253 2nd,PROD683,Sweden
888,,,,,,,,,,,,
888,Queued-Awaiting Assignment,Value 39,19.059701694834406,Queued,Medium,Awaiting Assignment,Org line C,C_6,se,G254 3rd,PROD683,Sweden
888,,,,,,,,,,,,
888,Accepted-In Progress,Value 8,19.061084141832946,Accepted,Medium,In Progress,Org line C,C_6,se,G254 3rd,PROD683,Sweden
888,,,,,,,,,,,,
889,,,,,,,,,,,,
889,Accepted-Assigned,Value 29,19.059705769510984,Accepted,Medium,Assigned,Org line A2,A2_1,gb,G42 3rd,PROD236,United Kingdom
889,,,,,,,,,,,,
889,Accepted-Assigned,Value 29,19.068339941386714,Accepted,Medium,Assigned,Org line A2,A2_1,gb,G42 3rd,PROD236,United Kingdom
889,,,,,,,,,,,,
889,Completed-Closed,Value 172,19.068782204902096,Completed,Medium,Closed,Org line A2,A2_1,gb,G42 3rd,PROD236,POLAND
890,,,,,,,,,,,,
890,Completed-Closed,Value 68,19.061075850833976,Completed,Medium,Closed,Org line A2,A2_4,se,G118 2nd,PROD591,Sweden
891,,,,,,,,,,,,
891,Accepted-Assigned,Value 133,19.05972358283086,Accepted,High,Assigned,Org line G4,,se,S33 2nd,PROD374,Sweden
891,,,,,,,,,,,,
891,Completed-Closed,Value 133,19.06144868807149,Completed,High,Closed,Org line G4,,se,S33 2nd,PROD374,Sweden
892,,,,,,,,,,,,
892,Completed-Closed,Value 424,19.069332163928124,Completed,Medium,Closed,Org line A2,A2_2,br,S2 2nd,PROD53,Brazil
893,,,,,,,,,,,,
893,Accepted-In Progress,Value 425,19.06791399850132,Accepted,Medium,In Progress,Org line C,E_4,us,G88 2nd,PROD436,USA
893,,Value 426,,,,,,,,,,
893,Accepted-In Progress,Value 150,19.067928467719515,Accepted,Medium,In Progress,Org line C,C_6,us,N55 3rd,PROD436,USA
893,,,,,,,,,,,,
894,,,,,,,,,,,,
894,Completed-Closed,Value 132,19.089787469595887,Completed,Medium,Closed,Org line G4,,se,S33 2nd,PROD374,Sweden
895,,,,,,,,,,,,
895,Completed-Closed,Value 41,19.09419551882761,Completed,Medium,Closed,Org line A2,A2_3,se,G349 3rd,PROD40,Sweden
896,,,,,,,,,,,,
896,Accepted-In Progress,Value 2,19.061090535289974,Accepted,Medium,In Progress,Org line C,C_6,se,G250 3rd,PROD650,Sweden
896,,,,,,,,,,,,
896,Accepted-Assigned,Value 428,19.114638800663364,Accepted,Medium,Assigned,Org line C,C_7,se,G112 3rd,PROD650,Sweden
896,,,,,,,,,,,,
896,Completed-Closed,Value 428,19.121188404595262,Completed,Medium,Closed,Org line C,C_7,se,G112 3rd,PROD650,Sweden
897,,,,,,,,,,,,
897,Completed-Closed,Value 43,19.061119060257276,Completed,Medium,Closed,Org line G3,,us,G199 3rd,PROD97,POLAND
898,,,,,,,,,,,,
898,Accepted-Wait,Value 429,19.06113151991006,Accepted,High,Wait,Org line A2,A2_1,pl,N14 2nd,PROD776,POLAND
898,,,,,,,,,,,,
898,Completed-Closed,Value 429,19.06190345729288,Completed,High,Closed,Org line A2,A2_1,pl,N14 2nd,PROD776,POLAND
899,,,,,,,,,,,,
899,Accepted-In Progress,Value 6,19.061130782033086,Accepted,High,In Progress,Org line V7n,,nl,V37 2nd,PROD542,Netherlands
899,,,,,,,,,,,,
899,Accepted-In Progress,Value 5,19.11678357726416,Accepted,High,In Progress,Org line V7n,,nl,V37 2nd,PROD542,Netherlands
899,,,,,,,,,,,,
900,,,,,,,,,,,,
900,Accepted-In Progress,Value 299,19.061143626285233,Accepted,Medium,In Progress,Org line C,E_4,us,G88 2nd,PROD793,INDIA
900,,,,,,,,,,,,
901,,,,,,,,,,,,
901,Queued-Awaiting Assignment,Value 430,19.061506312113295,Queued,High,Awaiting Assignment,Org line C,,fr,U5 2nd,PROD348,France
901,,,,,,,,,,,,
901,Completed-Closed,Value 236,19.081874967919074,Completed,High,Closed,Org line C,,fr,U5 2nd,PROD348,France
902,,,,,,,,,,,,
902,Completed-Closed,Value 299,19.06154447692694,Completed,Medium,Closed,Org line C,E_4,us,G88 2nd,PROD794,INDIA
903,,,,,,,,,,,,
903,Completed-Closed,Value 431,19.06156087723389,Completed,High,Closed,Org line C,E_8,in,G186 2nd,PROD597,INDIA
903,,,,,,,,,,,,
903,Completed-Closed,Value 431,19.068866551657667,Completed,High,Closed,Org line C,E_8,in,G186 2nd,PROD597,INDIA
904,,,,,,,,,,,,
904,Completed-Closed,Value 45,19.12020020831758,Completed,Medium,Closed,Org line V2,,se,T3 2nd,PROD58,Sweden
905,,,,,,,,,,,,
905,Completed-Closed,Value 299,19.078168181572078,Completed,Major,Closed,Org line C,E_4,us,G88 2nd,PROD793,INDIA
906,,,,,,,,,,,,
906,Accepted-In Progress,Value 7,19.08091499777901,Accepted,Medium,In Progress,Org line C,E_10,se,G240 2nd,PROD214,Sweden
906,,,,,,,,,,,,
906,Completed-Closed,Value 7,19.099921871998365,Completed,Medium,Closed,Org line C,E_10,se,G240 2nd,PROD214,Sweden
907,,,,,,,,,,,,
907,Completed-Closed,Value 24,19.061587318408776,Completed,Major,Closed,Org line C,E_8,in,G186 2nd,PROD474,Sweden
907,,,,,,,,,,,,
907,Completed-Closed,Value 24,19.068866138492535,Completed,Major,Closed,Org line C,E_8,in,G186 2nd,PROD474,Sweden
907,,,,,,,,,,,,
907,Completed-Closed,Value 24,19.07056844611541,Completed,Major,Closed,Org line C,E_8,in,G186 2nd,PROD474,Sweden
908,,,,,,,,,,,,
908,Accepted-In Progress,Value 93,19.06158592234908,Accepted,High,In Progress,Org line G4,,se,S28 2nd,PROD108,Sweden
908,,,,,,,,,,,,
909,,,,,,,,,,,,
909,Completed-Closed,Value 43,19.06163243379433,Completed,Medium,Closed,Org line G3,,us,G199 3rd,PROD97,POLAND
910,,,,,,,,,,,,
910,Queued-Awaiting Assignment,Value 187,19.062467775258444,Queued,Major,Awaiting Assignment,Org line C,E_8,in,G186 2nd,PROD474,INDIA
910,,,,,,,,,,,,
910,Accepted-Wait,Value 432,19.080936627874358,Accepted,Major,Wait,Org line C,E_8,in,G181 2nd,PROD474,INDIA
910,,,,,,,,,,,,
910,Queued-Awaiting Assignment,Value 187,19.08095305940666,Queued,Major,Awaiting Assignment,Org line C,E_8,in,G186 2nd,PROD474,INDIA
910,,,,,,,,,,,,
910,Accepted-In Progress,Value 232,19.093691842526294,Accepted,Major,In Progress,Org line C,E_8,in,G186 2nd,PROD474,Sweden
910,,,,,,,,,,,,
911,,,,,,,,,,,,
911,Completed-Closed,Value 43,19.061960786560665,Completed,Medium,Closed,Org line G3,,us,G199 3rd,PROD98,POLAND
912,,,,,,,,,,,,
912,Completed-Closed,Value 43,19.06197706418744,Completed,Medium,Closed,Org line G3,,us,G199 3rd,PROD97,POLAND
913,,,,,,,,,,,,
913,Accepted-In Progress,Value 433,19.06203173000748,Accepted,High,In Progress,Org line C,E_1,be,G55 2nd,PROD745,Sweden
913,,,,,,,,,,,,
913,Completed-Closed,Value 433,19.103421798100126,Completed,High,Closed,Org line C,E_1,be,G55 2nd,PROD745,Sweden
914,,,,,,,,,,,,
914,Accepted-Assigned,Value 88,19.06239774707249,Accepted,High,Assigned,Org line G4,,se,S30 2nd,PROD412,Sweden
914,,,,,,,,,,,,
914,Accepted-In Progress,Value 88,19.06246853846707,Accepted,High,In Progress,Org line G4,,se,S30 2nd,PROD412,Sweden
914,,,,,,,,,,,,
915,,,,,,,,,,,,
915,Completed-Closed,Value 43,19.062451326655122,Completed,Medium,Closed,Org line G3,,us,G199 3rd,PROD96,POLAND
916,,,,,,,,,,,,
916,Completed-Closed,Value 434,19.06240209502658,Completed,Major,Closed,Org line F,,be,G207 2nd,PROD821,Belgium
916,,,,,,,,,,,,
916,Queued-Awaiting Assignment,Value 77,19.069292151821816,Queued,Major,Awaiting Assignment,Org line C,C_1,be,G56 3rd,PROD821,Belgium
916,,,,,,,,,,,,
916,Completed-Closed,Value 57,19.071540153140845,Completed,Major,Closed,Org line C,C_1,be,G56 3rd,PROD821,Sweden
917,,,,,,,,,,,,
917,Completed-Closed,Value 435,19.06417813672234,Completed,Low,Closed,Org line C,E_7,in,G165 2nd,PROD674,INDIA
918,,,,,,,,,,,,
918,Accepted-In Progress,Value 143,19.109564860554023,Accepted,Medium,In Progress,Org line A2,A2_1,gb,G42 3rd,PROD236,United Kingdom
918,,,,,,,,,,,,
919,,,,,,,,,,,,
919,Completed-Closed,Value 436,19.062782252095488,Completed,Major,Closed,Org line C,E_5,fr,V56 2nd,PROD378,France
920,,,,,,,,,,,,
920,Queued-Awaiting Assignment,Value 123,19.062789429239658,Queued,Medium,Awaiting Assignment,Org line C,C_6,se,G269 3rd,PROD807,Sweden
920,,,,,,,,,,,,
920,Completed-Closed,Value 348,19.073750590163836,Completed,Medium,Closed,Org line C,C_6,se,G269 3rd,PROD807,Sweden
921,,,,,,,,,,,,
921,Completed-Closed,Value 63,19.065214257766293,Completed,High,Closed,Org line C,E_9,se,N12 2nd,PROD277,Sweden
922,,,,,,,,,,,,
922,Completed-Closed,Value 76,19.067530954001004,Completed,Medium,Closed,Org line G4,,se,S33 2nd,PROD304,Sweden
923,,,,,,,,,,,,
923,Completed-Closed,Value 437,19.07776064485713,Completed,Major,Closed,Org line C,C_5,0,L65 3rd,PROD474,France
924,,,,,,,,,,,,
924,Completed-Closed,Value 43,19.063902578267445,Completed,Medium,Closed,Org line G3,,us,G199 3rd,PROD97,POLAND
925,,,,,,,,,,,,
925,Completed-Closed,Value 43,19.063909111408222,Completed,Medium,Closed,Org line G3,,us,G199 3rd,PROD97,POLAND
926,,,,,,,,,,,,
926,Completed-Closed,Value 8,19.093278325402135,Completed,Medium,Closed,Org line G4,,se,S33 2nd,PROD374,Sweden
927,,,,,,,,,,,,
927,Completed-Closed,Value 232,19.09897695271014,Completed,Medium,Closed,Org line C,E_3,se,G71 2nd,PROD386,Sweden
928,,,,,,,,,,,,
928,Completed-Closed,Value 43,19.064312443614284,Completed,Medium,Closed,Org line G3,,us,G199 3rd,PROD97,POLAND
929,,,,,,,,,,,,
929,Completed-Closed,Value 331,19.065699621514444,Completed,High,Closed,Org line C,E_7,in,G165 2nd,PROD22,France
930,,,,,,,,,,,,
930,Completed-Closed,Value 434,19.075040593035624,Completed,Medium,Closed,Org line F,,se,G207 2nd,PROD766,Belgium
930,,,,,,,,,,,,
930,Completed-Closed,Value 434,19.09379884497776,Completed,Medium,Closed,Org line F,,se,G207 2nd,PROD766,Belgium
931,,,,,,,,,,,,
931,Accepted-In Progress,Value 438,19.06425372006361,Accepted,Low,In Progress,Org line C,V3_3,gb,W1,PROD473,United Kingdom
931,,,,,,,,,,,,
931,Accepted-Assigned,Value 438,19.064255432904556,Accepted,Low,Assigned,Org line C,V3_3,gb,W1,PROD473,United Kingdom
931,,,,,,,,,,,,
932,,,,,,,,,,,,
932,Accepted-Assigned,Value 133,19.064272062020724,Accepted,Medium,Assigned,Org line G4,,se,S33 2nd,PROD374,Sweden
932,,,,,,,,,,,,
932,Completed-Closed,Value 133,19.089527486011626,Completed,Medium,Closed,Org line G4,,se,S33 2nd,PROD374,Sweden
933,,,,,,,,,,,,
933,Completed-Closed,Value 434,19.087440293189,Completed,Medium,Closed,Org line F,,se,G207 2nd,PROD753,Belgium
934,,,,,,,,,,,,
934,Completed-Closed,Value 256,19.100313099290556,Completed,Medium,Closed,Org line A2,A2_3,pl,N26 2nd,PROD791,POLAND
935,,,,,,,,,,,,
935,Accepted-Wait,Value 385,19.064802619449427,Accepted,Medium,Wait,Org line A2,A2_5,se,A10,PROD461,Sweden
935,,,,,,,,,,,,
935,Completed-Closed,Value 385,19.106435946033116,Completed,Medium,Closed,Org line A2,A2_5,se,A10,PROD461,Sweden
936,,,,,,,,,,,,
936,Completed-Closed,Value 106,19.06506794488732,Completed,Medium,Closed,Org line G4,,se,S29 2nd,PROD551,Sweden
937,,,,,,,,,,,,
937,Completed-Closed,Value 439,19.064711774215173,Completed,Major,Closed,Org line C,E_1,be,G213 2nd,PROD715,Sweden
938,,,,,,,,,,,,
938,Completed-Closed,Value 440,19.065081326643853,Completed,Low,Closed,Org line A2,A2_3,se,G348 2nd,PROD484,Sweden
939,,,,,,,,,,,,
939,Completed-Closed,Value 441,19.071009286984708,Completed,Medium,Closed,Org line V2,,se,T3 2nd,PROD60,Sweden
940,,,,,,,,,,,,
940,Queued-Awaiting Assignment,Value 129,19.064882351017474,Queued,High,Awaiting Assignment,Org line A2,A2_3,se,S21 2nd,PROD722,Sweden
940,,,,,,,,,,,,
940,Completed-Closed,Value 442,19.065589789946497,Completed,High,Closed,Org line A2,A2_3,se,S21 2nd,PROD722,Sweden
941,,,,,,,,,,,,
941,Completed-Closed,Value 440,19.080884014151778,Completed,Low,Closed,Org line A2,A2_3,se,G348 2nd,PROD484,Sweden
942,,,,,,,,,,,,
942,Completed-Closed,Value 440,19.080883864295345,Completed,Low,Closed,Org line A2,A2_3,se,G348 2nd,PROD484,Sweden
943,,,,,,,,,,,,
943,Completed-Closed,Value 440,19.065124263601366,Completed,Low,Closed,Org line A2,A2_3,se,G348 2nd,PROD484,Sweden
944,,,,,,,,,,,,
944,Completed-Closed,Value 20,19.065180101461902,Completed,Medium,Closed,Org line C,E_3,us,G67 2nd,PROD151,Sweden
945,,,,,,,,,,,,
945,Queued-Awaiting Assignment,Value 113,19.06516875251303,Queued,Medium,Awaiting Assignment,Org line C,C_6,se,G141 3rd,PROD661,Sweden
945,,,,,,,,,,,,
945,Accepted-In Progress,Value 133,19.065557866064445,Accepted,Medium,In Progress,Org line C,E_4,se,G88 2nd,PROD661,Sweden
945,,,,,,,,,,,,
945,Accepted-In Progress,Value 127,19.065560059420964,Accepted,Medium,In Progress,Org line C,C_6,se,G250 3rd,PROD661,Sweden
945,,,,,,,,,,,,
946,,,,,,,,,,,,
946,Queued-Awaiting Assignment,Value 68,19.065185875623268,Queued,Major,Awaiting Assignment,Org line C,E_7,in,G153 2nd,PROD715,Sweden
946,,,,,,,,,,,,
946,Queued-Awaiting Assignment,Value 337,19.06600028621619,Queued,Major,Awaiting Assignment,Org line C,E_7,in,G162 2nd,PROD715,INDIA
946,,,,,,,,,,,,
946,Queued-Awaiting Assignment,Value 176,19.069257298059263,Queued,Major,Awaiting Assignment,Org line C,E_7,in,G157 2nd,PROD715,INDIA
946,,,,,,,,,,,,
946,Queued-Awaiting Assignment,Value 229,19.071491523440432,Queued,Major,Awaiting Assignment,Org line C,E_10,in,G271 2nd,PROD715,Sweden
946,,,,,,,,,,,,
946,Accepted-In Progress,Value 176,19.07234387233858,Accepted,Major,In Progress,Org line C,E_7,in,G157 2nd,PROD715,INDIA
946,,,,,,,,,,,,
946,Accepted-In Progress,Value 443,19.07368168599253,Accepted,Major,In Progress,Org line C,E_7,in,G165 2nd,PROD715,INDIA
946,,,,,,,,,,,,
947,,,,,,,,,,,,
947,Completed-Closed,Value 43,19.06521040493894,Completed,Medium,Closed,Org line G3,,us,G199 3rd,PROD96,POLAND
948,,,,,,,,,,,,
948,Completed-Closed,Value 88,19.087141914299412,Completed,Medium,Closed,Org line A2,A2_3,us,N5 2nd,PROD231,USA
949,,,,,,,,,,,,
949,Completed-Closed,Value 164,19.095586919349326,Completed,Medium,Closed,Org line G4,,se,S33 2nd,PROD397,Sweden
950,,,,,,,,,,,,
950,Completed-Closed,Value 211,19.10777919276303,Completed,Low,Closed,Org line G4,,se,S33 2nd,PROD374,Sweden
951,,,,,,,,,,,,
951,Completed-Closed,Value 439,19.065602199267254,Completed,Major,Closed,Org line C,E_1,be,G213 2nd,PROD715,Sweden
952,,,,,,,,,,,,
952,Accepted-Wait,Value 444,19.06564672463648,Accepted,Medium,Wait,Org line A2,A2_3,se,G362 3rd,PROD241,POLAND
952,,,,,,,,,,,,
953,,,,,,,,,,,,
953,Accepted-Wait,Value 253,19.06569877682334,Accepted,Medium,Wait,Org line A2,A2_1,pl,W16 3rd,PROD761,POLAND
953,,,,,,,,,,,,
954,,,,,,,,,,,,
954,Accepted-In Progress,Value 165,19.075611194798945,Accepted,Major,In Progress,Org line C,V3_3,us,N22 2nd,PROD306,USA
954,,,,,,,,,,,,
955,,,,,,,,,,,,
955,Completed-Closed,Value 50,19.08139720270483,Completed,Low,Closed,Org line A2,A2_1,pl,W15 2nd,PROD756,POLAND
956,,,,,,,,,,,,
956,Accepted-In Progress,Value 322,19.093329673526064,Accepted,Medium,In Progress,Org line A2,D_1,in,L50 3rd,PROD611,Sweden
956,,,,,,,,,,,,
957,,,,,,,,,,,,
957,Queued-Awaiting Assignment,Value 68,19.066040314867102,Queued,High,Awaiting Assignment,Org line C,E_7,us,G153 2nd,PROD597,Sweden
957,,,,,,,,,,,,
957,Queued-Awaiting Assignment,Value 337,19.066040372559232,Queued,High,Awaiting Assignment,Org line C,E_7,us,G162 2nd,PROD597,INDIA
957,,,,,,,,,,,,
957,Queued-Awaiting Assignment,Value 68,19.06925868345024,Queued,High,Awaiting Assignment,Org line C,E_7,us,G153 2nd,PROD597,Sweden
957,,,,,,,,,,,,
957,Queued-Awaiting Assignment,Value 445,19.069266739591434,Queued,High,Awaiting Assignment,Org line A2,D_1,us,N31 3rd,PROD597,USA
957,,,,,,,,,,,,
957,Accepted-Assigned,Value 128,19.080961936455488,Accepted,High,Assigned,Org line A2,D_1,us,N31 3rd,PROD597,USA
957,,,,,,,,,,,,
958,,,,,,,,,,,,
958,Completed-Closed,Value 446,19.06606068522678,Completed,Major,Closed,Org line C,E_4,in,G93 2nd,PROD219,Sweden
958,,,,,,,,,,,,
958,Completed-Closed,Value 446,19.092422657675158,Completed,Major,Closed,Org line C,E_4,in,G93 2nd,PROD219,Sweden
958,,,,,,,,,,,,
958,Completed-Closed,Value 446,19.09242821025142,Completed,Major,Closed,Org line C,E_4,in,G93 2nd,PROD219,Sweden
958,,,,,,,,,,,,
958,Completed-Closed,Value 446,19.09242929828713,Completed,Major,Closed,Org line C,E_4,in,G93 2nd,PROD219,Sweden
959,,,,,,,,,,,,
959,Accepted-In Progress,Value 76,19.068368098106728,Accepted,Medium,In Progress,Org line A2,A2_2,se,G25 3rd,PROD179,Sweden
959,,,,,,,,,,,,
960,,,,,,,,,,,,
960,Accepted-In Progress,Value 447,19.066189637177963,Accepted,High,In Progress,Org line C,V3_2,fr,T14,PROD436,France
960,,,,,,,,,,,,
961,,,,,,,,,,,,
961,Completed-Closed,Value 111,19.071084872400284,Completed,Medium,Closed,Org line A2,A2_5,us,N30 2nd,PROD487,USA
962,,,,,,,,,,,,
962,Queued-Awaiting Assignment,Value 180,19.066276877070557,Queued,Medium,Awaiting Assignment,Org line B,E_6,br,S16,PROD119,Brazil
962,,Value 448,,,,,,,,,,
962,Queued-Awaiting Assignment,Value 282,19.072412509161072,Queued,Medium,Awaiting Assignment,Org line A2,A2_3,br,S3 2nd,PROD119,Brazil
962,,,,,,,,,,,,
962,Completed-Closed,Value 184,19.08716508417229,Completed,Medium,Closed,Org line A2,A2_3,br,S3 2nd,PROD119,Brazil
963,,,,,,,,,,,,
963,Accepted-In Progress,Value 394,19.071100918693052,Accepted,High,In Progress,Org line C,E_6,fr,V29 2nd,PROD193,France
963,,,,,,,,,,,,
964,,,,,,,,,,,,
964,Accepted-Wait,Value 432,19.067405186526745,Accepted,Medium,Wait,Org line C,E_8,in,G181 2nd,PROD476,INDIA
964,,,,,,,,,,,,
964,Completed-Closed,Value 432,19.073860918551816,Completed,Medium,Closed,Org line C,E_8,in,G181 2nd,PROD476,INDIA
964,,,,,,,,,,,,
964,Accepted-Wait,Value 432,19.080094719010443,Accepted,Medium,Wait,Org line C,E_8,in,G181 2nd,PROD476,INDIA
964,,,,,,,,,,,,
965,,,,,,,,,,,,
965,Completed-Closed,Value 15,19.090188834896672,Completed,Low,Closed,Org line G4,,se,S28 2nd,PROD343,Sweden
966,,,,,,,,,,,,
966,Completed-Closed,Value 449,19.096902082199364,Completed,Medium,Closed,Org line C,C_1,fr,L57 3rd,PROD821,France
967,,,,,,,,,,,,
967,Completed-Closed,Value 7,19.07788274812639,Completed,Medium,Closed,Org line C,E_4,us,G88 2nd,PROD815,Sweden
968,,,,,,,,,,,,
968,Accepted-Wait,Value 87,19.067518202002365,Accepted,Medium,Wait,Org line C,E_10,in,G276 2nd,PROD698,Sweden
968,,,,,,,,,,,,
969,,,,,,,,,,,,
969,Completed-Closed,Value 149,19.087195991905904,Completed,High,Closed,Org line B,C_6,br,S17 3rd,PROD807,Brazil
970,,,,,,,,,,,,
970,Completed-Closed,Value 450,19.099463939652413,Completed,Low,Closed,Org line C,E_1,us,G13 2nd,PROD433,INDIA
971,,,,,,,,,,,,
971,Accepted-Assigned,Value 451,19.067854172029485,Accepted,Medium,Assigned,Org line C,,se,G163 3rd,PROD278,Sweden
971,,,,,,,,,,,,
971,Completed-Closed,Value 119,19.090283737603652,Completed,Medium,Closed,Org line C,,se,G163 3rd,PROD278,Sweden
972,,,,,,,,,,,,
972,Completed-Closed,Value 311,19.110722572895032,Completed,Major,Closed,Org line A2,A2_3,se,N4 2nd,PROD55,Sweden
973,,,,,,,,,,,,
973,Queued-Awaiting Assignment,Value 63,19.067900822117238,Queued,Major,Awaiting Assignment,Org line A2,A2_3,se,S35 2nd,PROD368,Sweden
973,,,,,,,,,,,,
973,Completed-Closed,Value 63,19.089260686062275,Completed,Major,Closed,Org line A2,A2_3,se,S35 2nd,PROD368,Sweden
974,,,,,,,,,,,,
974,Completed-Closed,Value 8,19.0701414876414,Completed,Medium,Closed,Org line G4,,se,S33 2nd,PROD374,Sweden
974,,,,,,,,,,,,
974,Completed-Closed,Value 8,19.070141921173025,Completed,Medium,Closed,Org line G4,,se,S33 2nd,PROD374,Sweden
975,,,,,,,,,,,,
975,Accepted-Assigned,Value 134,19.068239740777663,Accepted,Medium,Assigned,Org line G4,,se,S30 2nd,PROD412,Sweden
975,,,,,,,,,,,,
975,Completed-Closed,Value 134,19.07770959000194,Completed,Medium,Closed,Org line G4,,se,S30 2nd,PROD412,Sweden
976,,,,,,,,,,,,
976,Queued-Awaiting Assignment,Value 77,19.071382748762552,Queued,Medium,Awaiting Assignment,Org line C,E_1,be,G55 2nd,PROD221,Belgium
976,,,,,,,,,,,,
976,Queued-Awaiting Assignment,Value 254,19.071497355165036,Queued,Medium,Awaiting Assignment,Org line C,E_8,be,G119 2nd,PROD221,INDIA
976,,,,,,,,,,,,
976,Accepted-Assigned,Value 267,19.075474702979346,Accepted,Medium,Assigned,Org line C,E_8,be,G119 2nd,PROD221,INDIA
976,,,,,,,,,,,,
976,Accepted-In Progress,Value 433,19.080043447017662,Accepted,Medium,In Progress,Org line C,E_1,be,G55 2nd,PROD221,Sweden
976,,,,,,,,,,,,
976,Accepted-In Progress,Value 452,19.081784183967375,Accepted,Medium,In Progress,Org line C,E_1,be,G55 2nd,PROD221,Sweden
976,,,,,,,,,,,,
976,Completed-Closed,Value 119,19.1026058266562,Completed,Medium,Closed,Org line C,E_1,be,G55 2nd,PROD221,Sweden
977,,,,,,,,,,,,
977,Accepted-Assigned,Value 453,19.068358287037082,Accepted,Low,Assigned,Org line C,E_4,in,G93 2nd,PROD325,INDIA
977,,,,,,,,,,,,
978,,,,,,,,,,,,
978,Completed-Closed,Value 68,19.06928484345389,Completed,High,Closed,Org line A2,A2_4,se,G118 2nd,PROD591,Sweden
979,,,,,,,,,,,,
979,Accepted-In Progress,Value 13,19.068722200200558,Accepted,High,In Progress,Org line F,,us,S1 2nd,PROD437,Sweden
979,,,,,,,,,,,,
979,Accepted-In Progress,Value 165,19.090813533420146,Accepted,High,In Progress,Org line C,V3_3,us,N22 2nd,PROD437,USA
979,,,,,,,,,,,,
980,,,,,,,,,,,,
980,Completed-Closed,Value 454,19.06865358685606,Completed,Low,Closed,Org line C,,jp,S30 2nd,PROD683,Japan
981,,,,,,,,,,,,
981,Accepted-Assigned,Value 134,19.068759468188603,Accepted,Medium,Assigned,Org line G4,,se,S30 2nd,PROD412,Sweden
981,,,,,,,,,,,,
982,,,,,,,,,,,,
982,Accepted-In Progress,Value 128,19.105596599920908,Accepted,Medium,In Progress,Org line A2,A2_4,se,M13 2nd,PROD563,Sweden
982,,,,,,,,,,,,
983,,,,,,,,,,,,
983,Completed-Closed,Value 43,19.086016070517726,Completed,Medium,Closed,Org line G3,,us,G199 3rd,PROD96,POLAND
984,,,,,,,,,,,,
984,Completed-Closed,Value 164,19.086622212481196,Completed,Medium,Closed,Org line C,E_6,se,S20 2nd,PROD412,Sweden
985,,,,,,,,,,,,
985,Accepted-Wait,Value 76,19.081320982674722,Accepted,High,Wait,Org line C,C_6,se,G273 3rd,PROD802,Sweden
985,,,,,,,,,,,,
986,,,,,,,,,,,,
986,Completed-Closed,Value 293,19.068866499358293,Completed,Major,Closed,Org line C,E_4,us,G88 2nd,PROD348,USA
987,,,,,,,,,,,,
987,Completed-Closed,Value 310,19.07381469139803,Completed,Medium,Closed,Org line C,E_4,us,G88 2nd,PROD104,USA
988,,,,,,,,,,,,
988,Completed-Closed,Value 455,19.068970313459758,Completed,Medium,Closed,Org line C,,mx,N13 2nd,PROD572,Mexico
989,,,,,,,,,,,,
989,Accepted-Wait,Value 444,19.069210841913236,Accepted,High,Wait,Org line A2,A2_3,se,G362 3rd,PROD241,POLAND
989,,,,,,,,,,,,
990,,,,,,,,,,,,
990,Accepted-Wait,Value 213,19.071447925266092,Accepted,Medium,Wait,Org line A2,A2_3,pl,N26 2nd,PROD791,POLAND
990,,,,,,,,,,,,
991,,,,,,,,,,,,
991,Accepted-In Progress,Value 236,19.093238550612167,Accepted,Major,In Progress,Org line C,,fr,U5 2nd,PROD773,France
991,,,,,,,,,,,,
992,,,,,,,,,,,,
992,Accepted-In Progress,Value 236,19.09324327181396,Accepted,Major,In Progress,Org line C,,fr,U5 2nd,PROD773,France
992,,,,,,,,,,,,
993,,,,,,,,,,,,
993,Accepted-In Progress,Value 371,19.095501583269435,Accepted,High,In Progress,Org line C,C_6,se,G273 3rd,PROD803,France
993,,,,,,,,,,,,
994,,,,,,,,,,,,
994,Accepted-Wait,Value 456,19.07053983438472,Accepted,Medium,Wait,Org line C,E_4,us,G88 2nd,PROD181,INDIA
994,,,,,,,,,,,,
995,,,,,,,,,,,,
995,Completed-Closed,Value 457,19.077838816095145,Completed,Medium,Closed,Org line A2,A2_4,fr,V23 2nd,PROD231,France
996,,,,,,,,,,,,
996,Completed-Closed,Value 93,19.080056526435246,Completed,Medium,Closed,Org line G4,,se,S28 2nd,PROD108,Sweden
997,,,,,,,,,,,,
997,Accepted-Assigned,Value 384,19.070554422292766,Accepted,Medium,Assigned,Org line A2,A2_5,se,A10,PROD461,Sweden
997,,,,,,,,,,,,
998,,,,,,,,,,,,
998,Completed-Closed,Value 458,19.07055310657035,Completed,Low,Closed,Org line C,C_6,fr,G225 3rd,PROD481,France
999,,,,,,,,,,,,
999,Completed-Closed,Value 458,19.070553304973046,Completed,Low,Closed,Org line C,C_6,fr,G225 3rd,PROD256,France
1000,,,,,,,,,,,,
1000,Completed-Closed,Value 133,19.071961728753653,Completed,High,Closed,Org line G4,,se,S33 2nd,PROD374,Sweden
1001,,,,,,,,,,,,
1001,Completed-Closed,Value 291,19.092890023536764,Completed,Medium,Closed,Org line A2,A2_3,se,S21 2nd,PROD231,Sweden
1002,,,,,,,,,,,,
1002,Completed-Closed,Value 226,19.076854317523786,Completed,Medium,Closed,Org line G4,,se,S33 2nd,PROD397,Sweden
1003,,Value 459,,,,,,,,N24 2nd,,
1003,Accepted-In Progress,Value 111,19.074686491016315,Accepted,Major,In Progress,Org line A2,A2_5,us,N30 2nd,PROD214,USA
1003,,,,,,,,,,,,
1004,,,,,,,,,,,,
1004,Accepted-In Progress,Value 94,19.070702142894586,Accepted,High,In Progress,Org line F,,us,S1 2nd,PROD807,Sweden
1004,,,,,,,,,,,,
1004,Accepted-In Progress,Value 460,19.110886121650314,Accepted,High,In Progress,Org line C,,us,N6 2nd,PROD807,USA
1004,,,,,,,,,,,,
1005,,,,,,,,,,,,
1005,Completed-Closed,Value 310,19.075632643823404,Completed,Medium,Closed,Org line C,E_4,us,G88 2nd,PROD214,USA
1006,,,,,,,,,,,,
1006,Queued-Awaiting Assignment,Value 2,19.07142180092189,Queued,Medium,Awaiting Assignment,Org line C,C_6,se,G250 3rd,PROD660,Sweden
1006,,,,,,,,,,,,
1006,Accepted-Wait,Value 8,19.071598273041058,Accepted,Medium,Wait,Org line C,C_6,se,G250 3rd,PROD660,Sweden
1006,,,,,,,,,,,,
1006,Completed-Closed,Value 8,19.087137051228233,Completed,Medium,Closed,Org line C,C_6,se,G250 3rd,PROD660,Sweden
1007,,,,,,,,,,,,
1007,Accepted-In Progress,Value 385,19.07780751412288,Accepted,Medium,In Progress,Org line A2,A2_5,se,A10,PROD320,Sweden
1007,,,,,,,,,,,,
1007,Completed-Closed,Value 385,19.101631924731112,Completed,Medium,Closed,Org line A2,A2_5,se,A10,PROD320,Sweden
1008,,,,,,,,,,,,
1008,Completed-Closed,Value 39,19.084020875460077,Completed,Major,Closed,Org line C,C_6,se,G254 3rd,PROD683,Sweden
1009,,,,,,,,,,,,
1009,Queued-Awaiting Assignment,Value 187,19.07553597152775,Queued,Major,Awaiting Assignment,Org line C,E_8,in,G186 2nd,PROD597,INDIA
1009,,,,,,,,,,,,
1009,Accepted-Assigned,Value 237,19.080002278576405,Accepted,Major,Assigned,Org line C,E_8,in,G186 2nd,PROD597,Sweden
1009,,,,,,,,,,,,
1009,Completed-Closed,Value 237,19.08355985339906,Completed,Major,Closed,Org line C,E_8,in,G186 2nd,PROD597,Sweden
1009,,,,,,,,,,,,
1009,Queued-Awaiting Assignment,Value 176,19.084521325714803,Queued,Major,Awaiting Assignment,Org line C,E_7,in,G157 2nd,PROD597,INDIA
1009,,,,,,,,,,,,
1009,Completed-Closed,Value 176,19.087589698201207,Completed,Major,Closed,Org line C,E_7,in,G157 2nd,PROD597,INDIA
1009,,,,,,,,,,,,
1009,Completed-Closed,Value 176,19.087616101631152,Completed,Major,Closed,Org line C,E_7,in,G157 2nd,PROD597,INDIA
1010,,,,,,,,,,,,
1010,Accepted-In Progress,Value 55,19.07111678731017,Accepted,Medium,In Progress,Org line C,V3_3,fr,V42 2nd,PROD358,France
1010,,,,,,,,,,,,
1010,Completed-Closed,Value 149,19.111613013406703,Completed,Medium,Closed,Org line C,E_6,fr,V29 2nd,PROD358,France
1011,,,,,,,,,,,,
1011,Accepted-Wait,Value 44,19.077358765559357,Accepted,Low,Wait,Org line C,C_6,se,G273 3rd,PROD802,Sweden
1011,,,,,,,,,,,,
1012,,,,,,,,,,,,
1012,Completed-Closed,Value 461,19.0772175175436,Completed,Medium,Closed,Org line C,E_1,se,G294 2nd,PROD306,INDIA
1013,,,,,,,,,,,,
1013,Queued-Awaiting Assignment,Value 155,19.071275929194925,Queued,Medium,Awaiting Assignment,Org line A2,D_1,pl,V10 3rd,PROD69,POLAND
1013,,,,,,,,,,,,
1013,Completed-Closed,Value 155,19.08716328174798,Completed,Medium,Closed,Org line A2,D_1,pl,V10 3rd,PROD69,POLAND
1014,,,,,,,,,,,,
1014,Completed-Closed,Value 462,19.087121172905075,Completed,High,Closed,Org line C,E_3,be,G64 2nd,PROD379,France
1015,,,,,,,,,,,,
1015,Completed-Closed,Value 463,19.077261186449487,Completed,Medium,Closed,Org line C,E_4,in,G93 2nd,PROD279,Sweden
1016,,,,,,,,,,,,
1016,Accepted-In Progress,Value 123,19.07144652725537,Accepted,Medium,In Progress,Org line C,C_6,se,G269 3rd,PROD802,Sweden
1016,,,,,,,,,,,,
1016,Accepted-In Progress,Value 123,19.071455744700465,Accepted,Medium,In Progress,Org line C,C_6,se,G269 3rd,PROD802,Sweden
1016,,,,,,,,,,,,
1017,,,,,,,,,,,,
1017,Accepted-Wait,Value 464,19.071431164658076,Accepted,Medium,Wait,Org line A2,A2_1,se,M28 2nd,PROD715,Sweden
1017,,,,,,,,,,,,
1017,Accepted-In Progress,Value 127,19.071532960287954,Accepted,Medium,In Progress,Org line A2,A2_1,se,M28 2nd,PROD715,Sweden
1017,,,,,,,,,,,,
1017,Queued-Awaiting Assignment,Value 464,19.080931998060528,Queued,Medium,Awaiting Assignment,Org line A2,A2_1,se,M28 2nd,PROD715,Sweden
1017,,,,,,,,,,,,
1017,Accepted-Wait,Value 127,19.096439228637905,Accepted,Medium,Wait,Org line A2,A2_1,se,M28 2nd,PROD715,Sweden
1017,,,,,,,,,,,,
1018,,,,,,,,,,,,
1018,Completed-Closed,Value 384,19.083193382069698,Completed,Medium,Closed,Org line A2,A2_5,se,A10,PROD236,Sweden
1019,,,,,,,,,,,,
1019,Accepted-Wait,Value 360,19.07151039557107,Accepted,Medium,Wait,Org line C,C_6,se,G273 3rd,PROD804,Sweden
1019,,,,,,,,,,,,
1020,,,,,,,,,,,,
1020,Completed-Closed,Value 466,19.092321316465178,Completed,Medium,Closed,Org line C,E_7,se,G153 2nd,PROD673,INDIA
1021,,,,,,,,,,,,
1021,Completed-Closed,Value 285,19.087147706817962,Completed,Low,Closed,Org line A2,A2_3,se,S35 2nd,PROD368,Sweden
1022,,,,,,,,,,,,
1022,Accepted-In Progress,Value 427,19.096362182571337,Accepted,Medium,In Progress,Org line C,C_6,se,G148 3rd,PROD544,Sweden
1022,,,,,,,,,,,,
1023,,,,,,,,,,,,
1023,Completed-Closed,Value 30,19.099517537613913,Completed,Low,Closed,Org line A2,A2_2,se,G30 2nd,PROD378,USA
1024,,,,,,,,,,,,
1024,Completed-Closed,Value 31,19.11765300953801,Completed,Medium,Closed,Org line V2,,se,T2 2nd,PROD492,Sweden
1025,,,,,,,,,,,,
1025,Completed-Closed,Value 133,19.086682426807428,Completed,Low,Closed,Org line G4,,se,S33 2nd,PROD374,Sweden
1026,,,,,,,,,,,,
1026,Completed-Closed,Value 293,19.08725194074133,Completed,Low,Closed,Org line A2,A2_5,us,N30 2nd,PROD485,USA
1027,,,,,,,,,,,,
1027,Completed-Closed,Value 128,19.07817726990964,Completed,Major,Closed,Org line C,E_1,be,G213 2nd,PROD715,Sweden
1028,,,,,,,,,,,,
1028,Queued-Awaiting Assignment,Value 254,19.07178898669184,Queued,Major,Awaiting Assignment,Org line C,E_8,se,G119 2nd,PROD72,INDIA
1028,,Value 467,,,,,,,,,,
1028,Accepted-In Progress,Value 280,19.07186970139542,Accepted,Major,In Progress,Org line C,C_5,se,G120 3rd,PROD72,France
1028,,,,,,,,,,,,
1029,,,,,,,,,,,,
1029,Accepted-Assigned,Value 8,19.07188766955519,Accepted,Medium,Assigned,Org line G4,,se,S29 2nd,PROD411,Sweden
1029,,,,,,,,,,,,
1029,Accepted-In Progress,Value 468,19.08363158969005,Accepted,Medium,In Progress,Org line G4,,se,S29 2nd,PROD411,Sweden
1029,,,,,,,,,,,,
1029,Accepted-In Progress,Value 39,19.09953134875522,Accepted,Medium,In Progress,Org line A2,A2_3,se,M3 2nd,PROD411,Sweden
1029,,,,,,,,,,,,
1030,,,,,,,,,,,,
1030,Completed-Closed,Value 276,19.08320472420007,Completed,Major,Closed,Org line C,E_4,us,G88 2nd,PROD793,INDIA
1031,,,,,,,,,,,,
1031,Accepted-Wait,Value 469,19.075180418244567,Accepted,High,Wait,Org line A2,A2_4,us,G113 2nd,PROD521,Sweden
1031,,,,,,,,,,,,
1032,,,,,,,,,,,,
1032,Accepted-Wait,Value 140,19.073713060124934,Accepted,Medium,Wait,Org line A2,D_1,se,L38 3rd,PROD607,Sweden
1032,,,,,,,,,,,,
1033,,,,,,,,,,,,
1033,Completed-Closed,Value 412,19.092277564620893,Completed,High,Closed,Org line C,E_7,in,G165 2nd,PROD671,INDIA
1034,,,,,,,,,,,,
1034,Queued-Awaiting Assignment,Value 155,19.077716805954445,Queued,Medium,Awaiting Assignment,Org line A2,A2_1,be,G54 2nd,PROD715,POLAND
1034,,,,,,,,,,,,
1034,Queued-Awaiting Assignment,Value 391,19.077805793237573,Queued,Medium,Awaiting Assignment,Org line C,E_1,be,G213 2nd,PROD715,Belgium
1034,,,,,,,,,,,,
1034,Completed-Closed,Value 470,19.078169010614275,Completed,Medium,Closed,Org line C,E_1,be,G213 2nd,PROD715,INDIA
1035,,,,,,,,,,,,
1035,Accepted-Wait,Value 355,19.07203400991405,Accepted,Low,Wait,Org line C,E_10,in,G263 2nd,PROD104,Sweden
1035,,,,,,,,,,,,
1036,,,,,,,,,,,,
1036,Completed-Closed,Value 96,19.08132459314672,Completed,High,Closed,Org line C,E_10,se,G285 2nd,PROD646,Sweden
1037,,,,,,,,,,,,
1037,Accepted-Assigned,Value 438,19.072418460590693,Accepted,Medium,Assigned,Org line C,C_4,se,G155 3rd,PROD673,United Kingdom
1037,,,,,,,,,,,,
1037,Accepted-Wait,Value 438,19.075605428574406,Accepted,Medium,Wait,Org line C,C_4,se,G155 3rd,PROD673,United Kingdom
1037,,,,,,,,,,,,
1038,,,,,,,,,,,,
1038,Completed-Closed,Value 294,19.08662747367269,Completed,High,Closed,Org line C,E_4,us,G88 2nd,OTHERS,Sweden
1039,,,,,,,,,,,,
1039,Completed-Closed,Value 139,19.08095026916549,Completed,Medium,Closed,Org line G4,,se,S33 2nd,PROD374,Sweden
1040,,,,,,,,,,,,
1040,Accepted-Wait,Value 471,19.072347416344527,Accepted,Medium,Wait,Org line C,E_10,in,G271 2nd,PROD802,Sweden
1040,,,,,,,,,,,,
1041,,,,,,,,,,,,
1041,Completed-Closed,Value 353,19.086213887338698,Completed,High,Closed,Org line A2,A2_4,fr,W6 2nd,PROD66,France
1042,,,,,,,,,,,,
1042,Accepted-Wait,Value 359,19.07301464349576,Accepted,Major,Wait,Org line C,E_4,us,G88 2nd,PROD436,INDIA
1042,,,,,,,,,,,,
1042,Accepted-Wait,Value 359,19.073431896547085,Accepted,Major,Wait,Org line C,E_4,us,G88 2nd,PROD436,INDIA
1042,,,,,,,,,,,,
1042,Accepted-In Progress,Value 150,19.08054208669422,Accepted,Major,In Progress,Org line C,E_4,us,G88 2nd,PROD436,USA
1042,,,,,,,,,,,,
1042,Accepted-Assigned,Value 276,19.080551897844718,Accepted,Major,Assigned,Org line C,E_4,us,G88 2nd,PROD436,INDIA
1042,,,,,,,,,,,,
1043,,,,,,,,,,,,
1043,Completed-Closed,Value 472,19.072976992073357,Completed,High,Closed,Org line A2,D_1,in,G123 2nd,PROD605,INDIA
1044,,,,,,,,,,,,
1044,Completed-Closed,Value 8,19.093055457974053,Completed,Medium,Closed,Org line G4,,se,S33 2nd,PROD374,Sweden
1045,,,,,,,,,,,,
1045,Completed-Closed,Value 77,19.095158877271416,Completed,High,Closed,Org line C,E_7,se,G160 2nd,PROD673,Sweden
1046,,,,,,,,,,,,
1046,Completed-Closed,Value 273,19.07687061392977,Completed,Medium,Closed,Org line A2,A2_3,se,G349 3rd,PROD80,Sweden
1047,,,,,,,,,,,,
1047,Accepted-Wait,Value 150,19.073698476584628,Accepted,Medium,Wait,Org line C,E_4,in,G88 2nd,PROD793,USA
1047,,,,,,,,,,,,
1047,Accepted-Assigned,Value 294,19.080914512052434,Accepted,Medium,Assigned,Org line C,E_4,in,G88 2nd,PROD793,Sweden
1047,,,,,,,,,,,,
1047,Accepted-In Progress,Value 294,19.092937613502606,Accepted,Medium,In Progress,Org line C,E_4,in,G88 2nd,PROD793,Sweden
1047,,,,,,,,,,,,
1047,Completed-Closed,Value 446,19.093327621897295,Completed,Medium,Closed,Org line C,E_4,in,G93 2nd,PROD793,Sweden
1047,,,,,,,,,,,,
1047,Completed-Closed,Value 446,19.093327861764557,Completed,Medium,Closed,Org line C,E_4,in,G93 2nd,PROD793,Sweden
1047,,,,,,,,,,,,
1047,Completed-Closed,Value 446,19.093342212867128,Completed,Medium,Closed,Org line C,E_4,in,G93 2nd,PROD793,Sweden
1048,,,,,,,,,,,,
1048,Completed-Closed,Value 273,19.076870691753424,Completed,Medium,Closed,Org line A2,A2_3,se,G349 3rd,PROD80,Sweden
1049,,,,,,,,,,,,
1049,Completed-Closed,Value 473,19.074137097272718,Completed,Medium,Closed,Org line C,E_10,in,G271 2nd,PROD802,Sweden
1050,,,,,,,,,,,,
1050,Accepted-Wait,Value 385,19.078171715359666,Accepted,Medium,Wait,Org line A2,A2_5,se,A10,PROD320,Sweden
1050,,,,,,,,,,,,
1051,,,,,,,,,,,,
1051,Accepted-In Progress,Value 2,19.073934706878575,Accepted,Medium,In Progress,Org line C,C_4,se,G155 3rd,PROD673,Sweden
1051,,,,,,,,,,,,
1052,,,,,,,,,,,,
1052,Accepted-Wait,Value 150,19.073774780184316,Accepted,Medium,Wait,Org line C,E_4,us,G88 2nd,PROD793,USA
1052,,,,,,,,,,,,
1052,Accepted-In Progress,Value 393,19.0863855381319,Accepted,Medium,In Progress,Org line C,E_4,us,G88 2nd,PROD793,Sweden
1052,,,,,,,,,,,,
1052,Accepted-In Progress,Value 276,19.09903421521511,Accepted,Medium,In Progress,Org line C,E_4,us,G88 2nd,PROD793,INDIA
1052,,,,,,,,,,,,
1053,,,,,,,,,,,,
1053,Completed-Closed,Value 273,19.073892214209476,Completed,Medium,Closed,Org line A2,A2_3,se,G349 3rd,PROD93,Sweden
1054,,,,,,,,,,,,
1054,Accepted-In Progress,Value 126,19.073789591599073,Accepted,Medium,In Progress,Org line A2,A2_3,se,U6 2nd,PROD831,Sweden
1054,,,,,,,,,,,,
1055,,,,,,,,,,,,
1055,Completed-Closed,Value 43,19.074150529895924,Completed,High,Closed,Org line G3,,us,G199 3rd,PROD98,POLAND
1056,,,,,,,,,,,,
1056,Accepted-In Progress,Value 474,19.112531339308887,Accepted,Medium,In Progress,Org line A2,A2_5,cn,N18 2nd,PROD789,China
1056,,,,,,,,,,,,
1057,,,,,,,,,,,,
1057,Accepted-In Progress,Value 126,19.073920152588197,Accepted,High,In Progress,Org line A2,A2_3,se,U6 2nd,PROD831,Sweden
1057,,,,,,,,,,,,
1058,,,,,,,,,,,,
1058,Queued-Awaiting Assignment,Value 33,19.074061232339606,Queued,Medium,Awaiting Assignment,Org line A2,A2_4,be,G7 3rd,PROD737,Belgium
1058,,,,,,,,,,,,
1058,Queued-Awaiting Assignment,Value 475,19.080442356935315,Queued,Medium,Awaiting Assignment,Org line A2,A2_4,be,G7 3rd,PROD737,Belgium
1058,,,,,,,,,,,,
1058,Completed-Closed,Value 475,19.11421973274544,Completed,Medium,Closed,Org line A2,A2_4,be,G7 3rd,PROD737,Belgium
1059,,,,,,,,,,,,
1059,Accepted-In Progress,Value 231,19.074235642335807,Accepted,Major,In Progress,Org line C,E_10,se,G285 2nd,PROD209,Belgium
1059,,,,,,,,,,,,
1060,,,,,,,,,,,,
1060,Completed-Closed,Value 298,19.103092490396214,Completed,Medium,Closed,Org line G4,,se,S33 2nd,PROD397,Sweden
1061,,,,,,,,,,,,
1061,Completed-Closed,Value 43,19.074200289377508,Completed,Medium,Closed,Org line G3,,us,G199 3rd,PROD98,POLAND
1062,,,,,,,,,,,,
1062,Completed-Closed,Value 106,19.074245603986963,Completed,Medium,Closed,Org line G4,,se,S29 2nd,PROD176,Sweden
1063,,,,,,,,,,,,
1063,Accepted-Wait,Value 476,19.074195815547377,Accepted,Medium,Wait,Org line A2,A2_3,se,G348 2nd,PROD82,Sweden
1063,,,,,,,,,,,,
1064,,,,,,,,,,,,
1064,Queued-Awaiting Assignment,Value 345,19.074200846003812,Queued,Medium,Awaiting Assignment,Org line C,C_6,se,G268 3rd,PROD805,Sweden
1064,,,,,,,,,,,,
1064,Accepted-Wait,Value 45,19.102993432804105,Accepted,Medium,Wait,Org line C,C_6,se,G268 3rd,PROD805,Sweden
1064,,,,,,,,,,,,
1065,,,,,,,,,,,,
1065,Accepted-Wait,Value 477,19.074251034735667,Accepted,Low,Wait,Org line A2,A2_4,in,G17 3rd,PROD66,Sweden
1065,,,,,,,,,,,,
1065,Accepted-In Progress,Value 477,19.094247865146052,Accepted,Low,In Progress,Org line A2,A2_4,in,G17 3rd,PROD66,Sweden
1065,,,,,,,,,,,,
1066,,,,,,,,,,,,
1066,Completed-Closed,Value 76,19.080952873390824,Completed,Medium,Closed,Org line A2,A2_4,se,M13 2nd,PROD705,Sweden
1067,,,,,,,,,,,,
1067,Queued-Awaiting Assignment,Value 38,19.074268684465267,Queued,Medium,Awaiting Assignment,Org line A2,A2_1,se,N7 2nd,PROD746,Sweden
1067,,,,,,,,,,,,
1067,Accepted-In Progress,Value 111,19.07462018887482,Accepted,Medium,In Progress,Org line A2,A2_3,se,G44 2nd,PROD746,Sweden
1067,,,,,,,,,,,,
1068,,,,,,,,,,,,
1068,Completed-Closed,Value 76,19.089894849650115,Completed,Medium,Closed,Org line G4,,se,S33 2nd,PROD374,Sweden
1069,,,,,,,,,,,,
1069,Accepted-Wait,Value 307,19.076814428861297,Accepted,Medium,Wait,Org line C,E_4,in,G87 2nd,PROD168,INDIA
1069,,,,,,,,,,,,
1070,,,,,,,,,,,,
1070,Accepted-Wait,Value 385,19.077805622185558,Accepted,Medium,Wait,Org line A2,A2_5,se,A10,PROD320,Sweden
1070,,,,,,,,,,,,
1071,,,,,,,,,,,,
1071,Completed-Closed,Value 477,19.12022020528316,Completed,Low,Closed,Org line A2,A2_4,in,G17 3rd,PROD194,Sweden
1072,,,,,,,,,,,,
1072,Accepted-Assigned,Value 478,19.07463425459336,Accepted,Medium,Assigned,Org line A2,A2_1,pl,W16 3rd,PROD756,POLAND
1072,,,,,,,,,,,,
1072,Accepted-Wait,Value 478,19.09329688268667,Accepted,Medium,Wait,Org line A2,A2_1,pl,W16 3rd,PROD756,POLAND
1072,,,,,,,,,,,,
1072,Accepted-Wait,Value 478,19.09952020551726,Accepted,Medium,Wait,Org line A2,A2_1,pl,W16 3rd,PROD756,POLAND
1072,,,,,,,,,,,,
1073,,,,,,,,,,,,
1073,Queued-Awaiting Assignment,Value 76,19.074622653639796,Queued,Major,Awaiting Assignment,Org line A2,A2_3,se,V23 2nd,PROD221,Sweden
1073,,,,,,,,,,,,
1073,Accepted-Assigned,Value 77,19.105634958638355,Accepted,Major,Assigned,Org line A2,A2_3,se,V23 2nd,PROD221,Sweden
1073,,,,,,,,,,,,
1073,Completed-Closed,Value 76,19.105635906370928,Completed,Major,Closed,Org line A2,A2_3,se,V23 2nd,PROD221,Sweden
1074,,,,,,,,,,,,
1074,Completed-Closed,Value 43,19.074668999450108,Completed,Medium,Closed,Org line G3,,us,G199 3rd,PROD98,POLAND
1075,,,,,,,,,,,,
1075,Accepted-Wait,Value 359,19.074707746705183,Accepted,High,Wait,Org line C,E_4,us,G88 2nd,PROD793,INDIA
1075,,,,,,,,,,,,
1075,Accepted-In Progress,Value 359,19.083955282078083,Accepted,High,In Progress,Org line C,E_4,us,G88 2nd,PROD793,INDIA
1075,,,,,,,,,,,,
1075,Accepted-In Progress,Value 393,19.086381986999214,Accepted,High,In Progress,Org line C,E_4,us,G88 2nd,PROD793,Sweden
1075,,,,,,,,,,,,
1076,,,,,,,,,,,,
1076,Completed-Closed,Value 308,19.09558250963128,Completed,Medium,Closed,Org line C,,us,N6 2nd,PROD378,USA
1077,,,,,,,,,,,,
1077,Accepted-Wait,Value 385,19.077805865805086,Accepted,Medium,Wait,Org line A2,A2_5,se,A10,PROD320,Sweden
1077,,,,,,,,,,,,
1078,,,,,,,,,,,,
1078,Completed-Closed,Value 385,19.101632577645482,Completed,Medium,Closed,Org line A2,A2_5,se,A10,PROD320,Sweden
1079,,,,,,,,,,,,
1079,Accepted-Wait,Value 359,19.075535800087035,Accepted,High,Wait,Org line C,E_4,us,G88 2nd,PROD793,INDIA
1079,,,,,,,,,,,,
1079,Accepted-In Progress,Value 359,19.083956029062204,Accepted,High,In Progress,Org line C,E_4,us,G88 2nd,PROD793,INDIA
1079,,,,,,,,,,,,
1079,Accepted-In Progress,Value 294,19.086684163310146,Accepted,High,In Progress,Org line C,E_4,us,G88 2nd,PROD793,Sweden
1079,,,,,,,,,,,,
1080,,,,,,,,,,,,
1080,Queued-Awaiting Assignment,Value 187,19.074723953344417,Queued,Medium,Awaiting Assignment,Org line C,E_8,in,G186 2nd,PROD62,INDIA
1080,,,,,,,,,,,,
1080,Accepted-Assigned,Value 480,19.075071945353457,Accepted,Medium,Assigned,Org line C,E_8,in,G181 2nd,PROD62,INDIA
1080,,,,,,,,,,,,
1080,Accepted-In Progress,Value 480,19.075115297461423,Accepted,Medium,In Progress,Org line C,E_8,in,G181 2nd,PROD62,INDIA
1080,,,,,,,,,,,,
1080,Accepted-Assigned,Value 206,19.07511570805267,Accepted,Medium,Assigned,Org line C,E_8,in,G186 2nd,PROD62,Sweden
1080,,,,,,,,,,,,
1080,Accepted-In Progress,Value 481,19.111702231827614,Accepted,Medium,In Progress,Org line C,E_4,in,G87 2nd,PROD62,INDIA
1080,,,,,,,,,,,,
1080,Accepted-Assigned,Value 307,19.111727329807255,Accepted,Medium,Assigned,Org line C,E_4,in,G87 2nd,PROD62,INDIA
1080,,,,,,,,,,,,
1080,Completed-Closed,Value 482,19.112159097795292,Completed,Medium,Closed,Org line C,E_4,in,G87 2nd,PROD62,Sweden
1081,,,,,,,,,,,,
1081,Accepted-In Progress,Value 165,19.07561216622269,Accepted,Major,In Progress,Org line C,V3_3,us,N22 2nd,PROD835,USA
1081,,,,,,,,,,,,
1082,,,,,,,,,,,,
1082,Queued-Awaiting Assignment,Value 187,19.075036949408407,Queued,Medium,Awaiting Assignment,Org line C,E_8,us,G186 2nd,PROD476,INDIA
1082,,,,,,,,,,,,
1082,Accepted-Assigned,Value 480,19.075070749908434,Accepted,Medium,Assigned,Org line C,E_8,us,G181 2nd,PROD476,INDIA
1082,,,,,,,,,,,,
1082,Accepted-In Progress,Value 358,19.077374498884534,Accepted,Medium,In Progress,Org line C,C_1,us,G14 3rd,PROD476,USA
1082,,,,,,,,,,,,
1082,Accepted-In Progress,Value 278,19.086633746990817,Accepted,Medium,In Progress,Org line C,C_1,us,G14 3rd,PROD476,INDIA
1082,,,,,,,,,,,,
1082,Accepted-In Progress,Value 116,19.08766349157557,Accepted,Medium,In Progress,Org line C,C_1,us,G14 3rd,PROD476,Sweden
1082,,,,,,,,,,,,
1083,,,,,,,,,,,,
1083,Accepted-In Progress,Value 438,19.07505526096981,Accepted,Low,In Progress,Org line C,V3_3,gb,W1,PROD673,United Kingdom
1083,,,,,,,,,,,,
1084,,,,,,,,,,,,
1084,Accepted-In Progress,Value 289,19.108605461159296,Accepted,Medium,In Progress,Org line G4,,se,S33 2nd,PROD448,Sweden
1084,,,,,,,,,,,,
1085,,,,,,,,,,,,
1085,Queued-Awaiting Assignment,Value 187,19.075043722074362,Queued,Low,Awaiting Assignment,Org line C,E_8,us,G186 2nd,PROD476,INDIA
1085,,,,,,,,,,,,
1085,Accepted-Wait,Value 199,19.080098354598643,Accepted,Low,Wait,Org line C,E_8,us,G186 2nd,PROD476,INDIA
1085,,,,,,,,,,,,
1085,Accepted-In Progress,Value 358,19.093353343505797,Accepted,Low,In Progress,Org line C,E_1,us,G13 2nd,PROD476,USA
1085,,,,,,,,,,,,
1085,Accepted-In Progress,Value 236,19.111705348440694,Accepted,Low,In Progress,Org line C,E_1,us,G13 2nd,PROD476,France
1085,,,,,,,,,,,,
1086,,,,,,,,,,,,
1086,Completed-Closed,Value 43,19.07508383735481,Completed,Medium,Closed,Org line G3,,us,G199 3rd,PROD98,POLAND
1087,,,,,,,,,,,,
1087,Completed-Closed,Value 301,19.084427687048706,Completed,Major,Closed,Org line B,E_10,in,G238 2nd,PROD209,INDIA
1088,,,,,,,,,,,,
1088,Accepted-Assigned,Value 289,19.075493894938933,Accepted,Low,Assigned,Org line G4,,se,S33 2nd,PROD448,Sweden
1088,,,,,,,,,,,,
1088,Completed-Closed,Value 289,19.12022214782422,Completed,Low,Closed,Org line G4,,se,S33 2nd,PROD448,Sweden
1089,,,,,,,,,,,,
1089,Queued-Awaiting Assignment,Value 88,19.07549145829745,Queued,Medium,Awaiting Assignment,Org line C,C_6,se,G278 3rd,PROD631,Sweden
1089,,,,,,,,,,,,
1089,Accepted-Assigned,Value 93,19.10560203949738,Accepted,Medium,Assigned,Org line C,C_6,se,G278 3rd,PROD631,Sweden
1089,,,,,,,,,,,,
1089,Completed-Closed,Value 44,19.10562315727613,Completed,Medium,Closed,Org line C,C_6,se,G278 3rd,PROD631,Sweden
1090,,,,,,,,,,,,
1090,Queued-Awaiting Assignment,Value 76,19.07562289337937,Queued,Medium,Awaiting Assignment,Org line C,E_10,se,G291 2nd,PROD660,Sweden
1090,,,,,,,,,,,,
1090,Completed-Closed,Value 76,19.096301210060588,Completed,Medium,Closed,Org line C,E_10,se,G291 2nd,PROD660,Sweden
1091,,,,,,,,,,,,
1091,Queued-Awaiting Assignment,Value 337,19.075599148027145,Queued,Major,Awaiting Assignment,Org line C,E_7,in,G162 2nd,PROD678,INDIA
1091,,,,,,,,,,,,
1091,Queued-Awaiting Assignment,Value 229,19.07727458235989,Queued,Major,Awaiting Assignment,Org line C,E_10,in,G271 2nd,PROD678,Sweden
1091,,Value 483,,,,,,,,,,
1091,Queued-Awaiting Assignment,Value 484,19.077385865720885,Queued,Major,Awaiting Assignment,Org line B,C_6,in,S13 3rd,PROD678,INDIA
1091,,,,,,,,,,,,
1091,Queued-Awaiting Assignment,Value 485,19.078169818929755,Queued,Major,Awaiting Assignment,Org line B,C_6,in,S13 3rd,PROD678,INDIA
1091,,,,,,,,,,,,
1091,Queued-Awaiting Assignment,Value 337,19.080041848927628,Queued,Major,Awaiting Assignment,Org line C,E_7,in,G162 2nd,PROD678,INDIA
1091,,,,,,,,,,,,
1091,Queued-Awaiting Assignment,Value 484,19.08315218843234,Queued,Major,Awaiting Assignment,Org line B,C_6,in,S13 3rd,PROD678,INDIA
1091,,,,,,,,,,,,
1091,Queued-Awaiting Assignment,Value 154,19.08487804648878,Queued,Major,Awaiting Assignment,Org line C,E_6,in,G130 3rd,PROD678,France
1091,,,,,,,,,,,,
1091,Queued-Awaiting Assignment,Value 154,19.0848822823497,Queued,Major,Awaiting Assignment,Org line C,E_6,in,G130 3rd,PROD678,France
1091,,,,,,,,,,,,
1091,Accepted-In Progress,Value 152,19.0848939038541,Accepted,Major,In Progress,Org line C,E_6,in,G130 3rd,PROD678,INDIA
1091,,,,,,,,,,,,
1091,Queued-Awaiting Assignment,Value 39,19.09423749909972,Queued,Major,Awaiting Assignment,Org line C,C_3,in,G95 3rd,PROD678,Sweden
1091,,,,,,,,,,,,
1091,Accepted-In Progress,Value 485,19.09423773874883,Accepted,Major,In Progress,Org line B,C_6,in,S13 3rd,PROD678,INDIA
1091,,,,,,,,,,,,
1091,Accepted-In Progress,Value 485,19.09423992108278,Accepted,Major,In Progress,Org line B,C_6,in,S13 3rd,PROD678,INDIA
1091,,,,,,,,,,,,
1091,Queued-Awaiting Assignment,Value 337,19.101635503101544,Queued,Major,Awaiting Assignment,Org line C,E_7,in,G165 2nd,PROD678,INDIA
1091,,,,,,,,,,,,
1091,Completed-Closed,Value 337,19.110756467413527,Completed,Major,Closed,Org line C,E_7,in,G165 2nd,PROD678,INDIA
1092,,,,,,,,,,,,
1092,Completed-Closed,Value 486,19.07793217712878,Completed,Medium,Closed,Org line A2,A2_5,us,N4 2nd,PROD668,USA
1093,,,,,,,,,,,,
1093,Queued-Awaiting Assignment,Value 98,19.075642004575805,Queued,Major,Awaiting Assignment,Org line A2,A2_3,us,G361 2nd,PROD214,Sweden
1093,,,,,,,,,,,,
1093,Completed-Closed,Value 165,19.09117217011715,Completed,Major,Closed,Org line C,V3_3,us,N22 2nd,PROD214,USA
1094,,,,,,,,,,,,
1094,Accepted-In Progress,Value 39,19.099529771363127,Accepted,High,In Progress,Org line A2,A2_3,se,M3 2nd,PROD655,Sweden
1094,,,,,,,,,,,,
1095,,,,,,,,,,,,
1095,Accepted-Wait,Value 332,19.07609995106853,Accepted,Low,Wait,Org line C,E_10,in,G271 2nd,PROD802,Sweden
1095,,,,,,,,,,,,
1096,,,,,,,,,,,,
1096,Accepted-Wait,Value 332,19.076107734211316,Accepted,Low,Wait,Org line C,E_10,in,G271 2nd,PROD802,Sweden
1096,,,,,,,,,,,,
1097,,,,,,,,,,,,
1097,Completed-Closed,Value 339,19.093790693298786,Completed,Low,Closed,Org line C,E_4,in,G93 2nd,PROD455,INDIA
1098,,,,,,,,,,,,
1098,Accepted-Assigned,Value 25,19.076821168745713,Accepted,Medium,Assigned,Org line A2,A2_5,se,A10,PROD320,POLAND
1098,,,,,,,,,,,,
1098,Completed-Closed,Value 25,19.110731756326544,Completed,Medium,Closed,Org line A2,A2_5,se,A10,PROD320,POLAND
1099,,,,,,,,,,,,
1099,Queued-Awaiting Assignment,Value 187,19.076856206073455,Queued,Medium,Awaiting Assignment,Org line C,E_8,in,G186 2nd,PROD473,INDIA
1099,,,,,,,,,,,,
1099,Accepted-Wait,Value 279,19.077267233560956,Accepted,Medium,Wait,Org line C,E_8,in,G186 2nd,PROD473,INDIA
1099,,,,,,,,,,,,
1100,,,,,,,,,,,,
1100,Completed-Closed,Value 226,19.08142447770316,Completed,Low,Closed,Org line G4,,se,S33 2nd,PROD397,Sweden
1101,,,,,,,,,,,,
1101,Completed-Closed,Value 24,19.099865633800032,Completed,High,Closed,Org line C,V3_2,se,M12,PROD502,Sweden
1102,,,,,,,,,,,,
1102,Completed-Closed,Value 43,19.077258572592388,Completed,Medium,Closed,Org line G3,,us,G199 3rd,PROD96,POLAND
1103,,,,,,,,,,,,
1103,Accepted-In Progress,Value 209,19.077717972321192,Accepted,High,In Progress,Org line C,C_1,se,G56 3rd,PROD188,Sweden
1103,,,,,,,,,,,,
1103,Queued-Awaiting Assignment,Value 77,19.077730797081816,Queued,High,Awaiting Assignment,Org line C,E_1,se,G55 2nd,PROD188,Belgium
1103,,,,,,,,,,,,
1103,Queued-Awaiting Assignment,Value 77,19.081784607317978,Queued,High,Awaiting Assignment,Org line C,C_1,se,G56 3rd,PROD188,Belgium
1103,,,,,,,,,,,,
1103,Queued-Awaiting Assignment,Value 58,19.08180545969484,Queued,High,Awaiting Assignment,Org line G4,,se,G51 2nd,PROD188,Sweden
1103,,,,,,,,,,,,
1103,Completed-Closed,Value 116,19.10650207589081,Completed,High,Closed,Org line G4,,se,G51 2nd,PROD188,Sweden
1104,,,,,,,,,,,,
1104,Accepted-Wait,Value 108,19.0862673726879,Accepted,High,Wait,Org line C,E_9,se,N12 2nd,PROD745,Sweden
1104,,,,,,,,,,,,
1105,,,,,,,,,,,,
1105,Accepted-In Progress,Value 367,19.112009732602715,Accepted,Medium,In Progress,Org line C,E_1,us,G13 2nd,PROD398,Sweden
1105,,,,,,,,,,,,
1106,,,,,,,,,,,,
1106,Completed-Closed,Value 404,19.078296933952878,Completed,Medium,Closed,Org line C,C_2,be,G58 3rd,PROD329,Sweden
1107,,,,,,,,,,,,
1107,Accepted-In Progress,Value 487,19.094147300273455,Accepted,High,In Progress,Org line A2,A2_4,be,G111 2nd,PROD153,Belgium
1107,,,,,,,,,,,,
1108,,,,,,,,,,,,
1108,Accepted-In Progress,Value 488,19.08131106026607,Accepted,High,In Progress,Org line V7n,,nl,V32 2nd,PROD542,Netherlands
1108,,,,,,,,,,,,
1108,Accepted-In Progress,Value 5,19.08132439686961,Accepted,High,In Progress,Org line V7n,,nl,V37 2nd,PROD542,Netherlands
1108,,,,,,,,,,,,
1108,Accepted-In Progress,Value 5,19.081324779093425,Accepted,High,In Progress,Org line V7n,,nl,V37 2nd,PROD542,Netherlands
1108,,,,,,,,,,,,
1108,Accepted-In Progress,Value 5,19.08132519747338,Accepted,High,In Progress,Org line V7n,,nl,V37 2nd,PROD542,Netherlands
1108,,,,,,,,,,,,
1109,,,,,,,,,,,,
1109,Completed-Closed,Value 471,19.08350157418108,Completed,Medium,Closed,Org line C,E_10,in,G271 2nd,PROD802,Sweden
1110,,,,,,,,,,,,
1110,Accepted-Assigned,Value 88,19.077772396072696,Accepted,High,Assigned,Org line G4,,se,S30 2nd,PROD412,Sweden
1110,,,,,,,,,,,,
1110,Completed-Closed,Value 88,19.115074357392007,Completed,High,Closed,Org line G4,,se,S30 2nd,PROD412,Sweden
1111,,,,,,,,,,,,
1111,Completed-Closed,Value 489,19.083563481564912,Completed,Medium,Closed,Org line A2,A2_4,0,G11 2nd,PROD49,Belgium
1112,,,,,,,,,,,,
1112,Accepted-In Progress,Value 490,19.077839697242627,Accepted,High,In Progress,Org line C,V3_2,se,G49,PROD412,Sweden
1112,,,,,,,,,,,,
1112,Accepted-Assigned,Value 88,19.08396975801576,Accepted,High,Assigned,Org line G4,,se,S30 2nd,PROD412,Sweden
1112,,,,,,,,,,,,
1112,Accepted-In Progress,Value 88,19.104734842466367,Accepted,High,In Progress,Org line G4,,se,S30 2nd,PROD412,Sweden
1112,,,,,,,,,,,,
1113,,,,,,,,,,,,
1113,Accepted-In Progress,Value 490,19.0778379193972,Accepted,High,In Progress,Org line C,V3_2,fr,S36,PROD374,Sweden
1113,,,,,,,,,,,,
1113,Queued-Awaiting Assignment,Value 283,19.077838017878516,Queued,High,Awaiting Assignment,Org line C,V3_2,fr,G49,PROD374,Sweden
1113,,,,,,,,,,,,
1113,Accepted-In Progress,Value 211,19.07786863473121,Accepted,High,In Progress,Org line G4,,fr,S33 2nd,PROD374,Sweden
1113,,Value 491,,,,,,,,,,
1113,Accepted-In Progress,Value 492,19.096021278020473,Accepted,High,In Progress,Org line A2,A2_4,fr,V23 2nd,PROD374,France
1113,,,,,,,,,,,,
1114,,,,,,,,,,,,
1114,Completed-Closed,Value 298,19.07872092761387,Completed,Medium,Closed,Org line G4,,se,S33 2nd,PROD397,Sweden
1115,,,,,,,,,,,,
1115,Completed-Closed,Value 213,19.078175440849485,Completed,Low,Closed,Org line A2,A2_2,pl,G171 2nd,PROD686,POLAND
1116,,,,,,,,,,,,
1116,Accepted-Wait,Value 355,19.078303508428387,Accepted,Low,Wait,Org line C,E_10,in,G263 2nd,PROD802,Sweden
1116,,,,,,,,,,,,
1116,Completed-Closed,Value 355,19.109014594000655,Completed,Low,Closed,Org line C,E_10,in,G263 2nd,PROD802,Sweden
1117,,,,,,,,,,,,
1117,Accepted-Wait,Value 415,19.078245554155455,Accepted,Low,Wait,Org line C,E_4,in,G87 2nd,PROD565,INDIA
1117,,,,,,,,,,,,
1118,,,,,,,,,,,,
1118,Accepted-In Progress,Value 493,19.079978580094497,Accepted,Major,In Progress,Org line C,E_8,in,G186 2nd,PROD473,Sweden
1118,,,,,,,,,,,,
1119,,,,,,,,,,,,
1119,Completed-Closed,Value 333,19.08099603330446,Completed,Major,Closed,Org line C,E_10,in,G266 2nd,PROD805,Sweden
1120,,,,,,,,,,,,
1120,Completed-Closed,Value 461,19.106325672866483,Completed,Medium,Closed,Org line C,E_1,se,G294 2nd,PROD306,INDIA
1121,,,,,,,,,,,,
1121,Completed-Closed,Value 7,19.09377335418115,Completed,Major,Closed,Org line C,V3_2,se,U4,PROD535,Sweden
1122,,,,,,,,,,,,
1122,Queued-Awaiting Assignment,Value 150,19.078719063297193,Queued,High,Awaiting Assignment,Org line C,E_4,us,G88 2nd,PROD278,USA
1122,,,,,,,,,,,,
1122,Accepted-In Progress,Value 307,19.084887825484454,Accepted,High,In Progress,Org line C,E_4,us,G87 2nd,PROD278,INDIA
1122,,,,,,,,,,,,
1122,Accepted-In Progress,Value 307,19.084904825268794,Accepted,High,In Progress,Org line C,E_4,us,G87 2nd,PROD278,INDIA
1122,,,,,,,,,,,,
1122,Accepted-In Progress,Value 294,19.086684748993815,Accepted,High,In Progress,Org line C,E_4,us,G88 2nd,PROD278,Sweden
1122,,,,,,,,,,,,
1122,Accepted-In Progress,Value 307,19.092940181591064,Accepted,High,In Progress,Org line C,E_4,us,G87 2nd,PROD278,INDIA
1122,,,,,,,,,,,,
1122,Accepted-In Progress,Value 274,19.101624398470328,Accepted,High,In Progress,Org line C,E_4,us,G88 2nd,PROD278,INDIA
1122,,,,,,,,,,,,
1123,,,,,,,,,,,,
1123,Accepted-Assigned,Value 396,19.081742813488287,Accepted,Medium,Assigned,Org line A2,A2_4,in,G31 3rd,PROD194,Sweden
1123,,,,,,,,,,,,
1124,,,,,,,,,,,,
1124,Queued-Awaiting Assignment,Value 150,19.07883073491351,Queued,High,Awaiting Assignment,Org line C,E_4,us,G88 2nd,PROD668,USA
1124,,,,,,,,,,,,
1124,Accepted-Assigned,Value 405,19.080541580109546,Accepted,High,Assigned,Org line C,E_4,us,G88 2nd,PROD668,USA
1124,,,,,,,,,,,,
1124,Completed-Closed,Value 405,19.087180412350314,Completed,High,Closed,Org line C,E_4,us,G88 2nd,PROD668,USA
1125,,,,,,,,,,,,
1125,Completed-Closed,Value 114,19.0793690589454,Completed,Major,Closed,Org line C,C_6,se,G268 3rd,PROD802,Sweden
1126,,,,,,,,,,,,
1126,Accepted-In Progress,Value 166,19.080399948612953,Accepted,Major,In Progress,Org line A2,A2_1,se,T17 2nd,PROD834,Sweden
1126,,,,,,,,,,,,
1126,Accepted-In Progress,Value 151,19.08308815189969,Accepted,Major,In Progress,Org line A2,A2_1,se,J2 2nd,PROD834,Sweden
1126,,,,,,,,,,,,
1126,Accepted-In Progress,Value 151,19.0871620647246,Accepted,Major,In Progress,Org line A2,A2_1,se,J2 2nd,PROD834,Sweden
1126,,,,,,,,,,,,
1127,,,,,,,,,,,,
1127,Accepted-Assigned,Value 494,19.079920319370032,Accepted,High,Assigned,Org line C,E_10,jp,S51 2nd,PROD803,Japan
1127,,,,,,,,,,,,
1127,Completed-Closed,Value 494,19.098873837425145,Completed,High,Closed,Org line C,E_10,jp,S51 2nd,PROD803,Japan
1128,,,,,,,,,,,,
1128,Accepted-Wait,Value 151,19.099463021558776,Accepted,Medium,Wait,Org line A2,A2_1,se,T17 2nd,PROD350,Sweden
1128,,,,,,,,,,,,
1128,Accepted-In Progress,Value 151,19.102886914348403,Accepted,Medium,In Progress,Org line A2,A2_1,se,J2 2nd,PROD350,Sweden
1128,,,,,,,,,,,,
1128,Accepted-In Progress,Value 151,19.102892682092943,Accepted,Medium,In Progress,Org line A2,A2_1,se,J2 2nd,PROD350,Sweden
1128,,,,,,,,,,,,
1128,Accepted-Assigned,Value 495,19.1046394040579,Accepted,Medium,Assigned,Org line A2,A2_1,se,J2 2nd,PROD350,China
1128,,,,,,,,,,,,
1129,,,,,,,,,,,,
1129,Completed-Closed,Value 298,19.0813203680151,Completed,Medium,Closed,Org line G4,,se,S33 2nd,PROD397,Sweden
1130,,,,,,,,,,,,
1130,Accepted-In Progress,Value 77,19.080417024861028,Accepted,Major,In Progress,Org line C,E_7,se,G160 2nd,PROD673,Sweden
1130,,,,,,,,,,,,
1131,,,,,,,,,,,,
1131,Accepted-Assigned,Value 88,19.08396413251612,Accepted,High,Assigned,Org line G4,,se,S30 2nd,PROD412,Sweden
1131,,,,,,,,,,,,
1131,Accepted-In Progress,Value 88,19.11507175063977,Accepted,High,In Progress,Org line G4,,se,S30 2nd,PROD412,Sweden
1131,,,,,,,,,,,,
1132,,,,,,,,,,,,
1132,Completed-Closed,Value 123,19.08003002091326,Completed,High,Closed,Org line C,E_10,se,G138 2nd,PROD802,Sweden
1133,,,,,,,,,,,,
1133,Accepted-In Progress,Value 44,19.08003021744459,Accepted,High,In Progress,Org line C,C_6,se,G273 3rd,PROD802,Sweden
1133,,,,,,,,,,,,
1133,Accepted-In Progress,Value 128,19.08084260124702,Accepted,High,In Progress,Org line C,C_6,se,G273 3rd,PROD802,Sweden
1133,,,,,,,,,,,,
1133,Accepted-In Progress,Value 360,19.090734067356124,Accepted,High,In Progress,Org line C,C_6,se,G273 3rd,PROD802,Sweden
1133,,,,,,,,,,,,
1134,,,,,,,,,,,,
1134,Queued-Awaiting Assignment,Value 150,19.080158880287435,Queued,High,Awaiting Assignment,Org line C,,be,N6 2nd,PROD821,USA
1134,,,,,,,,,,,,
1134,Accepted-In Progress,Value 28,19.08319393886819,Accepted,High,In Progress,Org line C,E_1,be,G213 2nd,PROD821,USA
1134,,,,,,,,,,,,
1134,Accepted-In Progress,Value 496,19.083221479384548,Accepted,High,In Progress,Org line C,E_1,be,G55 2nd,PROD821,USA
1134,,,,,,,,,,,,
1135,,,,,,,,,,,,
1135,Accepted-Wait,Value 13,19.0933271013341,Accepted,Medium,Wait,Org line A2,D_1,se,L38 3rd,PROD607,Sweden
1135,,,,,,,,,,,,
1136,,,,,,,,,,,,
1136,Completed-Closed,Value 497,19.083092617059844,Completed,High,Closed,Org line C,E_3,be,G64 2nd,PROD379,Sweden
1136,,,,,,,,,,,,
1136,Completed-Closed,Value 497,19.089416198219688,Completed,High,Closed,Org line C,E_3,be,G64 2nd,PROD379,Sweden
1137,,,,,,,,,,,,
1137,Accepted-Wait,Value 116,19.08048707940442,Accepted,Low,Wait,Org line C,E_4,in,G93 2nd,PROD325,INDIA
1137,,,,,,,,,,,,
1138,,,,,,,,,,,,
1138,Completed-Closed,Value 114,19.12031411363411,Completed,High,Closed,Org line C,C_6,se,G268 3rd,PROD802,Sweden
1139,,,,,,,,,,,,
1139,Queued-Awaiting Assignment,Value 113,19.08053572852105,Queued,Medium,Awaiting Assignment,Org line C,C_6,in,G261 3rd,PROD13,Sweden
1139,,,,,,,,,,,,
1139,Queued-Awaiting Assignment,Value 69,19.080848905792905,Queued,Medium,Awaiting Assignment,Org line B,E_10,in,G230 2nd,PROD13,INDIA
1139,,Value 498,,,,,,,,,,
1139,Queued-Awaiting Assignment,Value 96,19.08085060077879,Queued,Medium,Awaiting Assignment,Org line C,E_10,in,G285 2nd,PROD13,Sweden
1139,,Value 499,,,,,,,,,,
1139,Queued-Awaiting Assignment,Value 69,19.081284923726255,Queued,Medium,Awaiting Assignment,Org line B,E_10,in,G230 2nd,PROD13,INDIA
1139,,,,,,,,,,,,
1139,Completed-Closed,Value 70,19.090350724134186,Completed,Medium,Closed,Org line B,E_10,in,G230 2nd,PROD13,INDIA
1140,,,,,,,,,,,,
1140,Accepted-Wait,Value 133,19.0805695607745,Accepted,Medium,Wait,Org line G4,,se,S33 2nd,PROD374,Sweden
1140,,,,,,,,,,,,
1141,,,,,,,,,,,,
1141,Accepted-Wait,Value 385,19.080871265939678,Accepted,High,Wait,Org line A2,A2_5,se,A10,PROD236,Sweden
1141,,,,,,,,,,,,
1142,,,,,,,,,,,,
1142,Accepted-Wait,Value 500,19.087214030817844,Accepted,High,Wait,Org line C,E_1,se,L1 2nd,PROD153,Sweden
1142,,,,,,,,,,,,
1143,,,,,,,,,,,,
1143,Completed-Closed,Value 501,19.102930699846663,Completed,Low,Closed,Org line C,,jp,S22 2nd,PROD448,Japan
1144,,,,,,,,,,,,
1144,Completed-Closed,Value 68,19.08139177447306,Completed,High,Closed,Org line A2,A2_4,se,G118 2nd,PROD591,Sweden
1145,,,,,,,,,,,,
1145,Completed-Closed,Value 68,19.0818234515547,Completed,Medium,Closed,Org line A2,A2_4,se,G35 2nd,PROD591,Sweden
1145,,,,,,,,,,,,
1145,Completed-Closed,Value 68,19.081823498018196,Completed,Medium,Closed,Org line A2,A2_4,se,G35 2nd,PROD591,Sweden
1146,,,,,,,,,,,,
1146,Completed-Closed,Value 45,19.095470971924698,Completed,High,Closed,Org line C,C_6,se,G268 3rd,PROD805,Sweden
1147,,,,,,,,,,,,
1147,Accepted-Wait,Value 172,19.086314975634885,Accepted,High,Wait,Org line A2,D_1,pl,W14 2nd,PROD784,POLAND
1147,,,,,,,,,,,,
1148,,,,,,,,,,,,
1148,Accepted-In Progress,Value 45,19.081297299927886,Accepted,High,In Progress,Org line C,C_6,se,G268 3rd,PROD85,Sweden
1148,,,,,,,,,,,,
1148,Completed-Closed,Value 45,19.103422146708926,Completed,High,Closed,Org line C,C_6,se,G268 3rd,PROD85,Sweden
1149,,,,,,,,,,,,
1149,Completed-Closed,Value 114,19.120313601963556,Completed,High,Closed,Org line C,C_6,se,G268 3rd,PROD805,Sweden
1150,,,,,,,,,,,,
1150,Accepted-In Progress,Value 454,19.08129390113652,Accepted,Medium,In Progress,Org line C,,jp,S30 2nd,PROD804,Japan
1150,,,,,,,,,,,,
1150,Accepted-In Progress,Value 502,19.081339034904378,Accepted,Medium,In Progress,Org line C,E_10,jp,S51 2nd,PROD804,Japan
1150,,,,,,,,,,,,
1151,,,,,,,,,,,,
1151,Completed-Closed,Value 43,19.081354359674492,Completed,Medium,Closed,Org line G3,,us,G199 3rd,PROD96,POLAND
1152,,,,,,,,,,,,
1152,Completed-Closed,Value 298,19.103093268706726,Completed,Medium,Closed,Org line G4,,se,S33 2nd,PROD397,Sweden
1153,,,,,,,,,,,,
1153,Queued-Awaiting Assignment,Value 237,19.08179867071669,Queued,Low,Awaiting Assignment,Org line C,C_6,se,G144 3rd,PROD660,Sweden
1153,,,,,,,,,,,,
1153,Completed-Closed,Value 237,19.083177910165336,Completed,Low,Closed,Org line C,C_6,se,G144 3rd,PROD660,Sweden
1154,,,,,,,,,,,,
1154,Completed-Closed,Value 226,19.0814295029152,Completed,High,Closed,Org line G4,,se,S33 2nd,PROD397,Sweden
1155,,,,,,,,,,,,
1155,Completed-Closed,Value 58,19.08148934902859,Completed,Major,Closed,Org line G4,,se,G51 2nd,PROD221,Sweden
1155,,,,,,,,,,,,
1155,Queued-Awaiting Assignment,Value 58,19.084991657079613,Queued,Major,Awaiting Assignment,Org line G4,,se,G51 2nd,PROD221,Sweden
1155,,,,,,,,,,,,
1155,Queued-Awaiting Assignment,Value 249,19.093337670755236,Queued,Major,Awaiting Assignment,Org line V5,,se,V20 2nd,PROD221,Sweden
1155,,,,,,,,,,,,
1155,Completed-Closed,Value 229,19.09546702512681,Completed,Major,Closed,Org line V5,,se,V20 2nd,PROD221,INDIA
1156,,,,,,,,,,,,
1156,Completed-Closed,Value 503,19.10608685459404,Completed,Major,Closed,Org line A2,A2_3,se,V13 2nd,PROD617,Sweden
1157,,,,,,,,,,,,
1157,Completed-Closed,Value 504,19.081629184298905,Completed,Major,Closed,Org line B,A2_1,cn,D1,PROD350,China
1158,,,,,,,,,,,,
1158,Accepted-In Progress,Value 77,19.086179659531606,Accepted,Major,In Progress,Org line G4,,se,M8 2nd,PROD221,Sweden
1158,,,,,,,,,,,,
1158,Queued-Awaiting Assignment,Value 82,19.093341498378987,Queued,Major,Awaiting Assignment,Org line C,V3_3,se,G101 2nd,PROD221,Sweden
1158,,,,,,,,,,,,
1158,Queued-Awaiting Assignment,Value 82,19.09376157524455,Queued,Major,Awaiting Assignment,Org line C,V3_3,se,G101 2nd,PROD221,Sweden
1158,,,,,,,,,,,,
1158,Queued-Awaiting Assignment,Value 82,19.093764090204548,Queued,Major,Awaiting Assignment,Org line C,V3_3,se,G101 2nd,PROD221,Sweden
1158,,,,,,,,,,,,
1158,Completed-Closed,Value 82,19.099463259958863,Completed,Major,Closed,Org line C,V3_3,se,G101 2nd,PROD221,Sweden
1159,,,,,,,,,,,,
1159,Accepted-Assigned,Value 20,19.081727618584566,Accepted,High,Assigned,Org line C,E_6,se,G334 2nd,PROD289,Sweden
1159,,,,,,,,,,,,
1160,,,,,,,,,,,,
1160,Queued-Awaiting Assignment,Value 150,19.081731206936375,Queued,High,Awaiting Assignment,Org line C,E_4,us,G88 2nd,PROD412,USA
1160,,,,,,,,,,,,
1160,Accepted-Assigned,Value 273,19.086683598176457,Accepted,High,Assigned,Org line C,E_4,us,G88 2nd,PROD412,Sweden
1160,,,,,,,,,,,,
1160,Completed-Closed,Value 273,19.093791310543384,Completed,High,Closed,Org line C,E_4,us,G88 2nd,PROD412,Sweden
1161,,,,,,,,,,,,
1161,Queued-Awaiting Assignment,Value 187,19.081736468108048,Queued,Major,Awaiting Assignment,Org line C,E_8,in,G186 2nd,PROD473,INDIA
1161,,,,,,,,,,,,
1161,Accepted-Assigned,Value 104,19.093681853346038,Accepted,Major,Assigned,Org line C,E_8,in,G181 2nd,PROD473,Sweden
1161,,,,,,,,,,,,
1162,,,,,,,,,,,,
1162,Completed-Closed,Value 104,19.093277534311124,Completed,High,Closed,Org line C,E_8,in,G186 2nd,PROD473,Sweden
1163,,,,,,,,,,,,
1163,Accepted-In Progress,Value 166,19.08760213007408,Accepted,Medium,In Progress,Org line C,E_1,se,G294 2nd,PROD834,Sweden
1163,,,,,,,,,,,,
1164,,,,,,,,,,,,
1164,Queued-Awaiting Assignment,Value 505,19.081913354377246,Queued,Medium,Awaiting Assignment,Org line V11,,gb,V50 2nd,PROD158,United Kingdom
1164,,,,,,,,,,,,
1164,Completed-Closed,Value 506,19.102935501880008,Completed,Medium,Closed,Org line C,V3_3,gb,W1,PROD158,United Kingdom
1165,,,,,,,,,,,,
1165,Queued-Awaiting Assignment,Value 345,19.08228939765855,Queued,Medium,Awaiting Assignment,Org line C,C_6,se,G268 3rd,PROD771,Sweden
1165,,,,,,,,,,,,
1165,Accepted-Assigned,Value 114,19.083104182041307,Accepted,Medium,Assigned,Org line C,C_6,se,G268 3rd,PROD771,Sweden
1165,,,,,,,,,,,,
1165,Completed-Closed,Value 114,19.111726057135886,Completed,Medium,Closed,Org line C,C_6,se,G268 3rd,PROD771,Sweden
1166,,,,,,,,,,,,
1166,Completed-Closed,Value 393,19.119832118211566,Completed,Low,Closed,Org line C,E_4,us,G88 2nd,PROD794,Sweden
1167,,,,,,,,,,,,
1167,Accepted-Wait,Value 415,19.08710829340731,Accepted,Medium,Wait,Org line C,E_4,in,G87 2nd,PROD565,INDIA
1167,,,,,,,,,,,,
1168,,,,,,,,,,,,
1168,Accepted-Wait,Value 463,19.08311212225431,Accepted,Low,Wait,Org line C,E_4,in,G93 2nd,PROD424,Sweden
1168,,,,,,,,,,,,
1169,,,,,,,,,,,,
1169,Completed-Closed,Value 296,19.09252845270313,Completed,Medium,Closed,Org line A2,A2_4,se,G105 2nd,PROD337,Sweden
1170,,,,,,,,,,,,
1170,Completed-Closed,Value 273,19.0937893924928,Completed,High,Closed,Org line C,E_4,us,G88 2nd,PROD348,Sweden
1171,,,,,,,,,,,,
1171,Queued-Awaiting Assignment,Value 507,19.083347845675778,Queued,High,Awaiting Assignment,Org line C,E_5,au,G73,PROD790,INDIA
1171,,,,,,,,,,,,
1171,Accepted-In Progress,Value 445,19.11193269469833,Accepted,High,In Progress,Org line B,A2_1,au,D10,PROD790,Australia
1171,,,,,,,,,,,,
1172,,,,,,,,,,,,
1172,Completed-Closed,Value 508,19.11818356990163,Completed,Major,Closed,Org line C,,us,N6 2nd,PROD154,USA
1173,,,,,,,,,,,,
1173,Completed-Closed,Value 508,19.11818336579257,Completed,Major,Closed,Org line C,,us,N6 2nd,PROD154,USA
1174,,,,,,,,,,,,
1174,Completed-Closed,Value 114,19.087112216844453,Completed,Medium,Closed,Org line C,E_3,se,G70 2nd,PROD384,Sweden
1175,,,,,,,,,,,,
1175,Completed-Closed,Value 384,19.083538857192117,Completed,Medium,Closed,Org line A2,A2_5,se,A10,PROD320,Sweden
1176,,,,,,,,,,,,
1176,Queued-Awaiting Assignment,Value 123,19.083540176554383,Queued,Medium,Awaiting Assignment,Org line C,C_6,in,G269 3rd,PROD802,Sweden
1176,,Value 509,,,,,,,,,,
1176,Queued-Awaiting Assignment,Value 229,19.086292300015746,Queued,Medium,Awaiting Assignment,Org line C,E_10,in,G271 2nd,PROD802,Sweden
1176,,,,,,,,,,,,
1176,Completed-Closed,Value 370,19.12068094384259,Completed,Medium,Closed,Org line C,E_10,in,G271 2nd,PROD802,Sweden
1177,,,,,,,,,,,,
1177,Queued-Awaiting Assignment,Value 358,19.083595948940435,Queued,High,Awaiting Assignment,Org line C,E_1,us,G13 2nd,PROD398,USA
1177,,,,,,,,,,,,
1177,Accepted-Assigned,Value 127,19.085069990690027,Accepted,High,Assigned,Org line C,C_1,us,G14 3rd,PROD398,USA
1177,,,,,,,,,,,,
1177,Accepted-Wait,Value 220,19.086223437402307,Accepted,High,Wait,Org line C,E_1,us,G13 2nd,PROD398,Belgium
1177,,,,,,,,,,,,
1178,,,,,,,,,,,,
1178,Accepted-In Progress,Value 220,19.09237299471587,Accepted,Medium,In Progress,Org line C,E_1,us,G13 2nd,PROD398,Belgium
1178,,,,,,,,,,,,
1179,,,,,,,,,,,,
1179,Completed-Closed,Value 43,19.083593959699805,Completed,Medium,Closed,Org line G3,,us,G199 3rd,PROD97,POLAND
1180,,,,,,,,,,,,
1180,Accepted-In Progress,Value 123,19.087218190042577,Accepted,Low,In Progress,Org line G4,,se,S29 2nd,PROD710,Sweden
1180,,,,,,,,,,,,
1180,Accepted-In Progress,Value 123,19.087218785683223,Accepted,Low,In Progress,Org line G4,,se,S29 2nd,PROD710,Sweden
1180,,,,,,,,,,,,
1181,,,,,,,,,,,,
1181,Accepted-In Progress,Value 114,19.08363695424466,Accepted,Medium,In Progress,Org line C,E_3,se,G70 2nd,PROD384,Sweden
1181,,,,,,,,,,,,
1182,,,,,,,,,,,,
1182,Accepted-Assigned,Value 88,19.083969526196345,Accepted,High,Assigned,Org line G4,,se,S30 2nd,PROD412,Sweden
1182,,,,,,,,,,,,
1182,Completed-Closed,Value 88,19.10224328089728,Completed,High,Closed,Org line G4,,se,S30 2nd,PROD412,Sweden
1183,,,,,,,,,,,,
1183,Completed-Closed,Value 90,19.099473724144957,Completed,Medium,Closed,Org line A2,A2_3,se,U6 2nd,PROD780,Sweden
1184,,,,,,,,,,,,
1184,Completed-Closed,Value 298,19.099832828413867,Completed,Medium,Closed,Org line G4,,se,S33 2nd,PROD397,Sweden
1185,,,,,,,,,,,,
1185,Queued-Awaiting Assignment,Value 484,19.083962401586785,Queued,High,Awaiting Assignment,Org line B,C_6,in,S13 3rd,PROD802,INDIA
1185,,,,,,,,,,,,
1185,Queued-Awaiting Assignment,Value 229,19.106417207857337,Queued,High,Awaiting Assignment,Org line C,E_10,in,G271 2nd,PROD802,Sweden
1185,,,,,,,,,,,,
1185,Accepted-Assigned,Value 510,19.11212383838194,Accepted,High,Assigned,Org line C,E_10,in,G271 2nd,PROD802,Sweden
1185,,,,,,,,,,,,
1185,Completed-Closed,Value 510,19.112148930790873,Completed,High,Closed,Org line C,E_10,in,G271 2nd,PROD802,Sweden
1186,,,,,,,,,,,,
1186,Accepted-In Progress,Value 65,19.084485958660057,Accepted,Medium,In Progress,Org line C,E_9,se,S34 2nd,PROD551,Sweden
1186,,,,,,,,,,,,
1187,,,,,,,,,,,,
1187,Accepted-In Progress,Value 120,19.09949213638301,Accepted,High,In Progress,Org line A2,A2_3,se,N23 2nd,PROD554,Sweden
1187,,,,,,,,,,,,
1188,,,,,,,,,,,,
1188,Queued-Awaiting Assignment,Value 511,19.084022096312367,Queued,Low,Awaiting Assignment,Org line A2,A2_2,se,G40,PROD215,Sweden
1188,,,,,,,,,,,,
1188,Accepted-In Progress,Value 240,19.08976072393607,Accepted,Low,In Progress,Org line C,C_1,se,G194 3rd,PROD215,Sweden
1188,,,,,,,,,,,,
1189,,,,,,,,,,,,
1189,Completed-Closed,Value 276,19.08485662500723,Completed,Major,Closed,Org line C,E_4,us,G88 2nd,PROD793,INDIA
1189,,,,,,,,,,,,
1189,Completed-Closed,Value 276,19.09244092946814,Completed,Major,Closed,Org line C,E_4,us,G88 2nd,PROD793,INDIA
1189,,,,,,,,,,,,
1189,Accepted-In Progress,Value 276,19.093322895990138,Accepted,Major,In Progress,Org line C,E_4,us,G88 2nd,PROD793,INDIA
1189,,,,,,,,,,,,
1189,Accepted-In Progress,Value 276,19.093326555252816,Accepted,Major,In Progress,Org line C,E_4,us,G88 2nd,PROD793,INDIA
1189,,,,,,,,,,,,
1190,,,,,,,,,,,,
1190,Completed-Closed,Value 291,19.099491598730175,Completed,Medium,Closed,Org line A2,A2_3,se,S21 2nd,PROD231,Sweden
1191,,,,,,,,,,,,
1191,Completed-Closed,Value 13,19.105519242815486,Completed,Low,Closed,Org line C,E_7,in,G157 2nd,PROD677,Sweden
1192,,,,,,,,,,,,
1192,Completed-Closed,Value 512,19.087593455497,Completed,Low,Closed,Org line C,E_4,in,G93 2nd,PROD325,Brazil
1193,,,,,,,,,,,,
1193,Accepted-In Progress,Value 166,19.08501320946921,Accepted,Medium,In Progress,Org line C,E_1,se,G294 2nd,PROD834,Sweden
1193,,,,,,,,,,,,
1193,Accepted-In Progress,Value 166,19.108995502144676,Accepted,Medium,In Progress,Org line C,E_1,se,G294 2nd,PROD834,Sweden
1193,,,,,,,,,,,,
1194,,,,,,,,,,,,
1194,Accepted-Assigned,Value 133,19.084439262346123,Accepted,Medium,Assigned,Org line G4,,se,S33 2nd,PROD374,Sweden
1194,,,,,,,,,,,,
1194,Completed-Closed,Value 133,19.090722390720856,Completed,Medium,Closed,Org line G4,,se,S33 2nd,PROD374,Sweden
1195,,,,,,,,,,,,
1195,Completed-Closed,Value 285,19.090749202774212,Completed,Low,Closed,Org line A2,A2_3,se,S35 2nd,PROD368,Sweden
1196,,,,,,,,,,,,
1196,Queued-Awaiting Assignment,Value 187,19.08445822124043,Queued,Medium,Awaiting Assignment,Org line C,E_8,in,G186 2nd,PROD62,INDIA
1196,,,,,,,,,,,,
1196,Accepted-Assigned,Value 480,19.087979103770827,Accepted,Medium,Assigned,Org line C,E_8,in,G181 2nd,PROD62,INDIA
1196,,,,,,,,,,,,
1196,Accepted-Wait,Value 152,19.09066553553237,Accepted,Medium,Wait,Org line C,E_8,in,G181 2nd,PROD62,INDIA
1196,,,,,,,,,,,,
1196,Queued-Awaiting Assignment,Value 187,19.09330797810428,Queued,Medium,Awaiting Assignment,Org line C,E_8,in,G186 2nd,PROD62,INDIA
1196,,,,,,,,,,,,
1196,Accepted-Assigned,Value 187,19.09330823839089,Accepted,Medium,Assigned,Org line C,E_8,in,G186 2nd,PROD62,INDIA
1196,,,,,,,,,,,,
1196,Accepted-Assigned,Value 206,19.093309095805118,Accepted,Medium,Assigned,Org line C,E_8,in,G186 2nd,PROD62,Sweden
1196,,,,,,,,,,,,
1196,Accepted-In Progress,Value 307,19.111761686311645,Accepted,Medium,In Progress,Org line C,E_4,in,G87 2nd,PROD62,INDIA
1196,,,,,,,,,,,,
1196,Completed-Closed,Value 482,19.112158892452875,Completed,Medium,Closed,Org line C,E_4,in,G87 2nd,PROD62,Sweden
1197,,,,,,,,,,,,
1197,Accepted-In Progress,Value 2,19.10899038747504,Accepted,Medium,In Progress,Org line A2,A2_2,cn,M1 2nd,PROD681,Sweden
1197,,,,,,,,,,,,
1198,,,,,,,,,,,,
1198,Completed-Closed,Value 402,19.095933642566294,Completed,Low,Closed,Org line C,E_7,in,G162 2nd,PROD190,Belgium
1199,,,,,,,,,,,,
1199,Completed-Closed,Value 501,19.09064838265287,Completed,Low,Closed,Org line C,,jp,S22 2nd,PROD412,Japan
1200,,,,,,,,,,,,
1200,Completed-Closed,Value 324,19.09590203144824,Completed,Medium,Closed,Org line C,E_2,se,G57 2nd,PROD341,Sweden
1201,,,,,,,,,,,,
1201,Accepted-Wait,Value 513,19.08627223999022,Accepted,Low,Wait,Org line A2,D_1,kr,V17 3rd,PROD604,POLAND
1201,,,,,,,,,,,,
1201,Accepted-In Progress,Value 513,19.097214375595758,Accepted,Low,In Progress,Org line A2,D_1,kr,V17 3rd,PROD604,POLAND
1201,,,,,,,,,,,,
1202,,,,,,,,,,,,
1202,Completed-Closed,Value 91,19.117751203379303,Completed,High,Closed,Org line C,E_4,us,G88 2nd,PROD348,France
1203,,,,,,,,,,,,
1203,Accepted-Wait,Value 514,19.084942910324603,Accepted,Medium,Wait,Org line C,E_8,in,G119 2nd,PROD597,Sweden
1203,,,,,,,,,,,,
1204,,,,,,,,,,,,
1204,Accepted-Wait,Value 307,19.084938458565244,Accepted,Medium,Wait,Org line C,C_3,se,G95 3rd,PROD565,INDIA
1204,,,,,,,,,,,,
1204,Accepted-In Progress,Value 343,19.086239360825466,Accepted,Medium,In Progress,Org line C,C_3,se,G95 3rd,PROD565,Sweden
1204,,,,,,,,,,,,
1205,,,,,,,,,,,,
1205,Queued-Awaiting Assignment,Value 387,19.08501416151009,Queued,Medium,Awaiting Assignment,Org line C,E_10,se,G288 2nd,PROD659,Sweden
1205,,,,,,,,,,,,
1205,Queued-Awaiting Assignment,Value 104,19.0850230900656,Queued,Medium,Awaiting Assignment,Org line C,C_6,se,G290 3rd,PROD659,Sweden
1205,,,,,,,,,,,,
1205,Completed-Closed,Value 516,19.11124534251643,Completed,Medium,Closed,Org line C,C_6,se,G290 3rd,PROD659,France
1206,,,,,,,,,,,,
1206,Completed-Closed,Value 228,19.099425505807204,Completed,Major,Closed,Org line V2,,se,T2 2nd,PROD615,Sweden
1207,,,,,,,,,,,,
1207,Accepted-Wait,Value 517,19.089219511002096,Accepted,Major,Wait,Org line C,E_8,in,G119 2nd,PROD617,Korea
1207,,,,,,,,,,,,
1208,,,,,,,,,,,,
1208,Completed-Closed,Value 43,19.086029102895868,Completed,Medium,Closed,Org line G3,,us,G199 3rd,PROD98,POLAND
1209,,,,,,,,,,,,
1209,Completed-Closed,Value 126,19.086826926398988,Completed,Major,Closed,Org line A2,A2_3,se,U6 2nd,PROD153,Sweden
1210,,,,,,,,,,,,
1210,Completed-Closed,Value 231,19.105599251655118,Completed,Medium,Closed,Org line C,E_10,se,G285 2nd,PROD646,Belgium
1211,,,,,,,,,,,,
1211,Queued-Awaiting Assignment,Value 77,19.086313510883542,Queued,Medium,Awaiting Assignment,Org line C,E_6,se,M3 2nd,PROD346,Sweden
1211,,,,,,,,,,,,
1211,Accepted-Assigned,Value 518,19.0923535262855,Accepted,Medium,Assigned,Org line C,,se,S51 2nd,PROD346,Sweden
1211,,,,,,,,,,,,
1211,Accepted-In Progress,Value 45,19.09332606531047,Accepted,Medium,In Progress,Org line C,,se,S51 2nd,PROD346,Sweden
1211,,,,,,,,,,,,
1211,Accepted-In Progress,Value 45,19.093326315385237,Accepted,Medium,In Progress,Org line C,,se,S51 2nd,PROD346,Sweden
1211,,,,,,,,,,,,
1211,Accepted-Assigned,Value 518,19.09332655014925,Accepted,Medium,Assigned,Org line C,E_6,se,M3 2nd,PROD346,Sweden
1211,,,,,,,,,,,,
1211,Completed-Closed,Value 518,19.10593253781439,Completed,Medium,Closed,Org line C,E_6,se,M3 2nd,PROD346,Sweden
1212,,,,,,,,,,,,
1212,Completed-Closed,Value 43,19.086283531834773,Completed,High,Closed,Org line G3,,us,G199 3rd,PROD97,POLAND
1213,,,,,,,,,,,,
1213,Completed-Closed,Value 434,19.086643380387983,Completed,Low,Closed,Org line F,,se,G207 2nd,PROD454,Belgium
1214,,,,,,,,,,,,
1214,Queued-Awaiting Assignment,Value 150,19.086673364063834,Queued,High,Awaiting Assignment,Org line C,E_4,us,G88 2nd,PROD793,USA
1214,,,,,,,,,,,,
1214,Queued-Awaiting Assignment,Value 150,19.088437821607116,Queued,High,Awaiting Assignment,Org line C,E_4,us,G88 2nd,PROD793,USA
1214,,,,,,,,,,,,
1214,Accepted-In Progress,Value 276,19.089215524079858,Accepted,High,In Progress,Org line C,E_4,us,G88 2nd,PROD793,INDIA
1214,,,,,,,,,,,,
1214,Completed-Closed,Value 276,19.099932062678516,Completed,High,Closed,Org line C,E_4,us,G88 2nd,PROD793,INDIA
1215,,,,,,,,,,,,
1215,Completed-Closed,Value 444,19.0963617602593,Completed,Medium,Closed,Org line C,E_1,be,G128 2nd,PROD636,POLAND
1216,,Value 407,,,,,,,,,,
1216,Queued-Awaiting Assignment,Value 519,19.086704908633088,Queued,Medium,Awaiting Assignment,Org line C,V3_2,in,G41 2nd,PROD454,INDIA
1216,,,,,,,,,,,,
1216,Completed-Closed,Value 519,19.106348820610982,Completed,Medium,Closed,Org line C,V3_2,in,G41 2nd,PROD454,INDIA
1217,,,,,,,,,,,,
1217,Accepted-In Progress,Value 520,19.087153756061266,Accepted,Medium,In Progress,Org line A2,A2_5,in,A8 2nd,PROD327,Sweden
1217,,,,,,,,,,,,
1217,Accepted-In Progress,Value 521,19.08717506677119,Accepted,Medium,In Progress,Org line C,E_5,in,G75,PROD327,INDIA
1217,,,,,,,,,,,,
1218,,,,,,,,,,,,
1218,Accepted-Wait,Value 494,19.08677575184826,Accepted,Major,Wait,Org line C,E_10,jp,S51 2nd,PROD408,Japan
1218,,,,,,,,,,,,
1219,,,,,,,,,,,,
1219,Completed-Closed,Value 126,19.09420247911849,Completed,Major,Closed,Org line A2,A2_3,se,U6 2nd,PROD830,Sweden
1220,,,,,,,,,,,,
1220,Completed-Closed,Value 522,19.086795709309897,Completed,High,Closed,Org line C,E_10,in,G288 2nd,PROD154,Sweden
1221,,,,,,,,,,,,
1221,Accepted-Wait,Value 276,19.086866582049463,Accepted,High,Wait,Org line C,E_4,us,G88 2nd,PROD793,INDIA
1221,,,,,,,,,,,,
1221,Accepted-In Progress,Value 276,19.093315041544276,Accepted,High,In Progress,Org line C,E_4,us,G88 2nd,PROD793,INDIA
1221,,,,,,,,,,,,
1222,,,,,,,,,,,,
1222,Completed-Closed,Value 43,19.08707990965419,Completed,High,Closed,Org line G3,,us,G199 3rd,PROD97,POLAND
1223,,,,,,,,,,,,
1223,Accepted-In Progress,Value 77,19.09599984960385,Accepted,Low,In Progress,Org line C,C_2,be,G58 3rd,PROD327,Sweden
1223,,,,,,,,,,,,
1224,,,,,,,,,,,,
1224,Completed-Closed,Value 289,19.104759697141446,Completed,Medium,Closed,Org line G4,,se,S33 2nd,PROD448,Sweden
1225,,,,,,,,,,,,
1225,Completed-Closed,Value 367,19.087996435898766,Completed,Low,Closed,Org line C,E_1,us,G13 2nd,PROD398,Sweden
1226,,,,,,,,,,,,
1226,Queued-Awaiting Assignment,Value 229,19.087195540030322,Queued,High,Awaiting Assignment,Org line C,E_10,se,G271 2nd,PROD802,Sweden
1226,,,,,,,,,,,,
1226,Accepted-Assigned,Value 523,19.087205419627203,Accepted,High,Assigned,Org line C,E_10,se,G271 2nd,PROD802,Sweden
1226,,,,,,,,,,,,
1226,Accepted-Assigned,Value 122,19.08764561474889,Accepted,High,Assigned,Org line C,C_6,se,G273 3rd,PROD802,Sweden
1226,,,,,,,,,,,,
1226,Accepted-In Progress,Value 128,19.08803516786032,Accepted,High,In Progress,Org line C,C_6,se,G273 3rd,PROD802,Sweden
1226,,,,,,,,,,,,
1226,Accepted-Wait,Value 231,19.088036178596155,Accepted,High,Wait,Org line C,C_6,se,G273 3rd,PROD802,Sweden
1226,,,,,,,,,,,,
1227,,,,,,,,,,,,
1227,Accepted-In Progress,Value 488,19.08716319445099,Accepted,High,In Progress,Org line V7n,,nl,V32 2nd,PROD821,Netherlands
1227,,,,,,,,,,,,
1227,Accepted-In Progress,Value 488,19.087169022791887,Accepted,High,In Progress,Org line V7n,,nl,V32 2nd,PROD821,Netherlands
1227,,,,,,,,,,,,
1228,,,,,,,,,,,,
1228,Completed-Closed,Value 395,19.096504008272106,Completed,Medium,Closed,Org line A2,A2_3,se,G45 2nd,PROD711,Brazil
1229,,,,,,,,,,,,
1229,Completed-Closed,Value 68,19.087998072635408,Completed,Medium,Closed,Org line A2,A2_4,se,G118 2nd,PROD591,Sweden
1230,,,,,,,,,,,,
1230,Queued-Awaiting Assignment,Value 126,19.087551236436592,Queued,High,Awaiting Assignment,Org line A2,A2_3,se,U6 2nd,PROD802,Sweden
1230,,,,,,,,,,,,
1230,Completed-Closed,Value 31,19.093319813420948,Completed,High,Closed,Org line A2,A2_3,se,U6 2nd,PROD802,Sweden
1231,,,,,,,,,,,,
1231,Accepted-In Progress,Value 311,19.08980155405835,Accepted,Low,In Progress,Org line V2,,se,T2 2nd,PROD367,Sweden
1231,,,,,,,,,,,,
1231,Accepted-In Progress,Value 311,19.08980181013765,Accepted,Low,In Progress,Org line V2,,se,T2 2nd,PROD367,Sweden
1231,,,,,,,,,,,,
1231,Accepted-In Progress,Value 311,19.089802148162224,Accepted,Low,In Progress,Org line V2,,se,T2 2nd,PROD367,Sweden
1231,,,,,,,,,,,,
1231,Completed-Closed,Value 311,19.114726006116275,Completed,Low,Closed,Org line V2,,se,T4 2nd,PROD367,Sweden
1232,,,,,,,,,,,,
1232,Queued-Awaiting Assignment,Value 44,19.08763818265799,Queued,Major,Awaiting Assignment,Org line C,C_6,se,G273 3rd,PROD802,Sweden
1232,,,,,,,,,,,,
1232,Accepted-Assigned,Value 44,19.08764882777661,Accepted,Major,Assigned,Org line C,C_6,se,G273 3rd,PROD802,Sweden
1232,,,,,,,,,,,,
1232,Completed-Closed,Value 44,19.09905840515169,Completed,Major,Closed,Org line C,C_6,se,G273 3rd,PROD802,Sweden
1233,,,,,,,,,,,,
1233,Completed-Closed,Value 87,19.087649946687993,Completed,Medium,Closed,Org line C,E_10,in,G276 2nd,PROD698,Sweden
1234,,,,,,,,,,,,
1234,Completed-Closed,Value 43,19.087681291095816,Completed,High,Closed,Org line G3,,us,G199 3rd,PROD98,POLAND
1235,,,,,,,,,,,,
1235,Completed-Closed,Value 31,19.0995076419635,Completed,Medium,Closed,Org line G4,,se,S33 2nd,PROD448,Sweden
1236,,,,,,,,,,,,
1236,Queued-Awaiting Assignment,Value 324,19.08797606625625,Queued,Medium,Awaiting Assignment,Org line C,E_2,se,G57 2nd,PROD327,Sweden
1236,,,,,,,,,,,,
1236,Accepted-Wait,Value 423,19.09019237253646,Accepted,Medium,Wait,Org line C,E_2,se,G57 2nd,PROD327,Sweden
1236,,,,,,,,,,,,
1236,Completed-Closed,Value 330,19.090328375313693,Completed,Medium,Closed,Org line C,E_2,se,G57 2nd,PROD327,Belgium
1237,,,,,,,,,,,,
1237,Accepted-Wait,Value 524,19.08796218182383,Accepted,Low,Wait,Org line C,A2_1,be,D2,PROD235,Belgium
1237,,,,,,,,,,,,
1238,,,,,,,,,,,,
1238,Accepted-Wait,Value 525,19.08797315700644,Accepted,Medium,Wait,Org line C,E_3,us,G67 2nd,PROD151,Sweden
1238,,,,,,,,,,,,
1239,,,,,,,,,,,,
1239,Accepted-Wait,Value 521,19.08798181802858,Accepted,Medium,Wait,Org line C,E_5,in,G75,PROD327,INDIA
1239,,,,,,,,,,,,
1240,,,,,,,,,,,,
1240,Completed-Closed,Value 2,19.093677904582297,Completed,Low,Closed,Org line V2,,se,T3 2nd,PROD449,Sweden
1241,,,,,,,,,,,,
1241,Completed-Closed,Value 165,19.091242518576728,Completed,Medium,Closed,Org line C,V3_3,us,N22 2nd,PROD209,USA
1242,,,,,,,,,,,,
1242,Accepted-Wait,Value 303,19.08854820811022,Accepted,Medium,Wait,Org line C,E_5,in,G92,PROD793,INDIA
1242,,,,,,,,,,,,
1242,Completed-Closed,Value 303,19.10599524904338,Completed,Medium,Closed,Org line C,E_5,in,G92,PROD793,INDIA
1243,,,,,,,,,,,,
1243,Queued-Awaiting Assignment,Value 526,19.08863818524995,Queued,Major,Awaiting Assignment,Org line C,E_10,in,G209 2nd,PROD473,Sweden
1243,,,,,,,,,,,,
1243,Completed-Closed,Value 493,19.114639405172802,Completed,Major,Closed,Org line C,E_8,in,G186 2nd,PROD473,Sweden
1244,,,,,,,,,,,,
1244,Queued-Awaiting Assignment,Value 39,19.088874096433145,Queued,Medium,Awaiting Assignment,Org line C,C_3,se,G95 3rd,PROD325,Sweden
1244,,,,,,,,,,,,
1244,Accepted-In Progress,Value 453,19.08887446040314,Accepted,Medium,In Progress,Org line C,C_3,se,G211 3rd,PROD325,INDIA
1244,,,,,,,,,,,,
1244,Accepted-In Progress,Value 453,19.088874732098965,Accepted,Medium,In Progress,Org line C,C_3,se,G211 3rd,PROD325,INDIA
1244,,,,,,,,,,,,
1245,,,,,,,,,,,,
1245,Queued-Awaiting Assignment,Value 387,19.089789974083896,Queued,Medium,Awaiting Assignment,Org line C,E_10,se,G288 2nd,PROD631,Sweden
1245,,Value 527,,,,,,,,,,
1245,Queued-Awaiting Assignment,Value 229,19.089797953576458,Queued,Medium,Awaiting Assignment,Org line C,E_10,se,G271 2nd,PROD631,Sweden
1245,,,,,,,,,,,,
1245,Queued-Awaiting Assignment,Value 44,19.08979987417652,Queued,Medium,Awaiting Assignment,Org line C,C_6,se,G273 3rd,PROD631,Sweden
1245,,,,,,,,,,,,
1245,Accepted-Wait,Value 44,19.09334245273089,Accepted,Medium,Wait,Org line C,C_6,se,G273 3rd,PROD631,Sweden
1245,,,,,,,,,,,,
1246,,,,,,,,,,,,
1246,Completed-Closed,Value 114,19.117664360969997,Completed,Major,Closed,Org line C,C_6,se,G268 3rd,PROD805,Sweden
1247,,,,,,,,,,,,
1247,Queued-Awaiting Assignment,Value 337,19.089336718388296,Queued,Medium,Awaiting Assignment,Org line C,E_7,in,G162 2nd,PROD473,INDIA
1247,,,,,,,,,,,,
1247,Queued-Awaiting Assignment,Value 187,19.08934370233215,Queued,Medium,Awaiting Assignment,Org line C,E_8,in,G186 2nd,PROD473,INDIA
1247,,,,,,,,,,,,
1247,Queued-Awaiting Assignment,Value 337,19.093752346868573,Queued,Medium,Awaiting Assignment,Org line C,E_7,in,G162 2nd,PROD473,INDIA
1247,,,,,,,,,,,,
1247,Accepted-Assigned,Value 412,19.09412995713909,Accepted,Medium,Assigned,Org line C,E_7,in,G165 2nd,PROD473,INDIA
1247,,,,,,,,,,,,
1247,Accepted-In Progress,Value 479,19.0964310882787,Accepted,Medium,In Progress,Org line C,E_8,in,G181 2nd,PROD473,Sweden
1247,,,,,,,,,,,,
1247,Accepted-In Progress,Value 13,19.09691662619311,Accepted,Medium,In Progress,Org line C,E_7,in,G157 2nd,PROD473,Sweden
1247,,,,,,,,,,,,
1247,Completed-Closed,Value 13,19.096917175402716,Completed,Medium,Closed,Org line C,E_7,in,G157 2nd,PROD473,Sweden
1248,,,,,,,,,,,,
1248,Accepted-Wait,Value 528,19.089367943361147,Accepted,Medium,Wait,Org line C,E_10,se,G138 2nd,PROD276,Sweden
1248,,,,,,,,,,,,
1249,,,,,,,,,,,,
1249,Completed-Closed,Value 528,19.089378739166122,Completed,Medium,Closed,Org line C,E_10,se,G138 2nd,PROD802,Sweden
1250,,,,,,,,,,,,
1250,Completed-Closed,Value 529,19.09066682505677,Completed,Medium,Closed,Org line G4,,se,S29 2nd,PROD527,Sweden
1251,,,,,,,,,,,,
1251,Completed-Closed,Value 512,19.093407805807548,Completed,Low,Closed,Org line C,E_4,in,G93 2nd,PROD279,Brazil
1252,,,,,,,,,,,,
1252,Accepted-In Progress,Value 216,19.109116020909653,Accepted,High,In Progress,Org line A2,A2_1,se,M19 2nd,PROD700,Sweden
1252,,,,,,,,,,,,
1253,,,,,,,,,,,,
1253,Accepted-Wait,Value 42,19.089795295459883,Accepted,Medium,Wait,Org line A2,A2_1,in,M22 2nd,PROD327,Sweden
1253,,,,,,,,,,,,
1253,Accepted-In Progress,Value 155,19.093800125366855,Accepted,Medium,In Progress,Org line A2,A2_1,in,M22 2nd,PROD327,POLAND
1253,,,,,,,,,,,,
1253,Queued-Awaiting Assignment,Value 521,19.09413293522295,Queued,Medium,Awaiting Assignment,Org line C,E_5,in,G75,PROD327,INDIA
1253,,,,,,,,,,,,
1253,Completed-Closed,Value 521,19.09545894814735,Completed,Medium,Closed,Org line C,E_5,in,G75,PROD327,INDIA
1254,,,,,,,,,,,,
1254,Queued-Awaiting Assignment,Value 148,19.089786250640355,Queued,High,Awaiting Assignment,Org line C,E_6,fr,W12 2nd,PROD190,France
1254,,,,,,,,,,,,
1254,Completed-Closed,Value 148,19.099502118413326,Completed,High,Closed,Org line C,E_6,fr,W12 2nd,PROD190,France
1255,,,,,,,,,,,,
1255,Completed-Closed,Value 530,19.11773361735446,Completed,Medium,Closed,Org line C,E_10,se,G140 2nd,PROD664,Sweden
1256,,,,,,,,,,,,
1256,Completed-Closed,Value 76,19.09121768876952,Completed,Major,Closed,Org line C,C_6,se,G278 3rd,PROD802,Sweden
1257,,,,,,,,,,,,
1257,Queued-Awaiting Assignment,Value 511,19.090290453863517,Queued,Medium,Awaiting Assignment,Org line A2,A2_2,in,G40,PROD424,Sweden
1257,,,,,,,,,,,,
1257,Accepted-Assigned,Value 179,19.09417132825308,Accepted,Medium,Assigned,Org line A2,A2_2,in,G40,PROD424,Sweden
1257,,,,,,,,,,,,
1257,Accepted-In Progress,Value 71,19.09417432151146,Accepted,Medium,In Progress,Org line B,E_10,in,G230 2nd,PROD424,INDIA
1257,,,,,,,,,,,,
1257,Accepted-Assigned,Value 179,19.099833447010703,Accepted,Medium,Assigned,Org line A2,A2_2,in,G40,PROD424,Sweden
1257,,,,,,,,,,,,
1257,Accepted-In Progress,Value 57,19.100272239975258,Accepted,Medium,In Progress,Org line A2,A2_2,in,G39 3rd,PROD424,Sweden
1257,,,,,,,,,,,,
1257,Queued-Awaiting Assignment,Value 69,19.101733328865684,Queued,Medium,Awaiting Assignment,Org line B,E_10,in,G230 2nd,PROD424,INDIA
1257,,,,,,,,,,,,
1257,Accepted-In Progress,Value 76,19.1033264616638,Accepted,Medium,In Progress,Org line A2,A2_2,in,G39 3rd,PROD424,Sweden
1257,,,,,,,,,,,,
1257,Accepted-In Progress,Value 71,19.103344489834548,Accepted,Medium,In Progress,Org line B,E_10,in,G230 2nd,PROD424,INDIA
1257,,,,,,,,,,,,
1257,Accepted-In Progress,Value 71,19.105627033945723,Accepted,Medium,In Progress,Org line B,E_10,in,G230 2nd,PROD424,INDIA
1257,,,,,,,,,,,,
1258,,,,,,,,,,,,
1258,Accepted-Assigned,Value 62,19.090312690914196,Accepted,Major,Assigned,Org line C,E_4,us,G88 2nd,PROD793,Sweden
1258,,,,,,,,,,,,
1258,Completed-Closed,Value 62,19.093796136260764,Completed,Major,Closed,Org line C,E_4,us,G88 2nd,PROD793,Sweden
1258,,,,,,,,,,,,
1258,Completed-Closed,Value 62,19.103470445535592,Completed,Major,Closed,Org line C,E_4,us,G88 2nd,PROD793,Sweden
1259,,,,,,,,,,,,
1259,Queued-Awaiting Assignment,Value 166,19.090532741437336,Queued,High,Awaiting Assignment,Org line C,E_1,se,G294 2nd,PROD790,Sweden
1259,,,,,,,,,,,,
1259,Completed-Closed,Value 119,19.090756100109854,Completed,High,Closed,Org line A2,A2_1,se,N19 2nd,PROD790,Sweden
1260,,,,,,,,,,,,
1260,Queued-Awaiting Assignment,Value 358,19.09060153823659,Queued,High,Awaiting Assignment,Org line C,E_1,us,G13 2nd,PROD398,USA
1260,,,,,,,,,,,,
1260,Accepted-Wait,Value 220,19.091189508364995,Accepted,High,Wait,Org line C,E_1,us,G13 2nd,PROD398,Belgium
1260,,,,,,,,,,,,
1260,Accepted-Wait,Value 220,19.09412607133825,Accepted,High,Wait,Org line C,E_1,us,G13 2nd,PROD398,Belgium
1260,,,,,,,,,,,,
1261,,,,,,,,,,,,
1261,Completed-Closed,Value 403,19.10596023525481,Completed,Medium,Closed,Org line G4,,se,M18 2nd,PROD78,Sweden
1262,,,,,,,,,,,,
1262,Completed-Closed,Value 82,19.101231471263244,Completed,Major,Closed,Org line C,V3_3,se,G101 2nd,PROD221,Sweden
1263,,,,,,,,,,,,
1263,Accepted-Assigned,Value 478,19.09097361296073,Accepted,Medium,Assigned,Org line A2,A2_1,pl,W16 3rd,PROD756,POLAND
1263,,,,,,,,,,,,
1263,Accepted-Wait,Value 478,19.093296785716056,Accepted,Medium,Wait,Org line A2,A2_1,pl,W16 3rd,PROD756,POLAND
1263,,,,,,,,,,,,
1264,,,,,,,,,,,,
1264,Completed-Closed,Value 531,19.09108737715226,Completed,Major,Closed,Org line C,E_4,us,G88 2nd,PROD219,Sweden
1265,,,,,,,,,,,,
1265,Completed-Closed,Value 43,19.09109943314737,Completed,Medium,Closed,Org line G3,,us,G199 3rd,PROD97,POLAND
1266,,,,,,,,,,,,
1266,Completed-Closed,Value 204,19.092398909464283,Completed,Low,Closed,Org line C,E_9,se,N12 2nd,PROD479,Sweden
1267,,,,,,,,,,,,
1267,Completed-Closed,Value 43,19.09157448322348,Completed,Medium,Closed,Org line G3,,us,G199 3rd,PROD96,POLAND
1268,,,,,,,,,,,,
1268,Accepted-In Progress,Value 532,19.092274121202056,Accepted,Low,In Progress,Org line C,E_1,be,G213 2nd,PROD715,Sweden
1268,,,,,,,,,,,,
1269,,,,,,,,,,,,
1269,Completed-Closed,Value 532,19.09227459633325,Completed,Major,Closed,Org line C,E_1,be,G213 2nd,PROD715,Sweden
1270,,,,,,,,,,,,
1270,Completed-Closed,Value 114,19.111723100924486,Completed,High,Closed,Org line C,C_6,se,G268 3rd,PROD802,Sweden
1271,,,,,,,,,,,,
1271,Completed-Closed,Value 175,19.1116750938344,Completed,Major,Closed,Org line C,E_8,in,G186 2nd,PROD474,INDIA
1272,,,,,,,,,,,,
1272,Completed-Closed,Value 175,19.111674813230916,Completed,Major,Closed,Org line C,E_8,in,G181 2nd,PROD474,INDIA
1273,,,,,,,,,,,,
1273,Accepted-In Progress,Value 533,19.09244983282359,Accepted,High,In Progress,Other,,se,V46 2nd,PROD805,Sweden
1273,,,,,,,,,,,,
1273,Queued-Awaiting Assignment,Value 345,19.09245541078902,Queued,High,Awaiting Assignment,Org line C,C_6,se,G268 3rd,PROD805,Sweden
1273,,,,,,,,,,,,
1273,Completed-Closed,Value 45,19.09246200010371,Completed,High,Closed,Org line C,C_6,se,G268 3rd,PROD805,Sweden
1274,,,,,,,,,,,,
1274,Queued-Awaiting Assignment,Value 534,19.09549055290451,Queued,Medium,Awaiting Assignment,Org line A2,A2_2,us,N12 2nd,PROD669,USA
1274,,,,,,,,,,,,
1274,Completed-Closed,Value 535,19.095560822293848,Completed,Medium,Closed,Org line A2,A2_2,us,N12 2nd,PROD669,USA
1275,,,,,,,,,,,,
1275,Queued-Awaiting Assignment,Value 536,19.095491164008244,Queued,Medium,Awaiting Assignment,Org line A2,A2_5,us,N30 2nd,PROD383,USA
1275,,,,,,,,,,,,
1275,Queued-Awaiting Assignment,Value 536,19.09549136261688,Queued,Medium,Awaiting Assignment,Org line A2,A2_5,us,N30 2nd,PROD383,USA
1275,,,,,,,,,,,,
1275,Completed-Closed,Value 537,19.09916392671579,Completed,Medium,Closed,Org line A2,A2_5,us,N30 2nd,PROD383,USA
1276,,,,,,,,,,,,
1276,Queued-Awaiting Assignment,Value 538,19.09549241167721,Queued,Medium,Awaiting Assignment,Org line C,E_6,se,M13 2nd,PROD383,Sweden
1276,,,,,,,,,,,,
1276,Completed-Closed,Value 538,19.105601968919192,Completed,Medium,Closed,Org line C,E_6,se,M3 2nd,PROD383,Sweden
1277,,,,,,,,,,,,
1277,Accepted-In Progress,Value 13,19.092895910498978,Accepted,Low,In Progress,Org line A2,A2_3,se,S35 2nd,PROD368,Sweden
1277,,,,,,,,,,,,
1278,,,,,,,,,,,,
1278,Completed-Closed,Value 232,19.09291560323345,Completed,Major,Closed,Org line C,C_5,se,G120 3rd,PROD597,Sweden
1279,,,,,,,,,,,,
1279,Queued-Awaiting Assignment,Value 538,19.095494280631478,Queued,Medium,Awaiting Assignment,Org line C,E_6,se,M13 2nd,PROD383,Sweden
1279,,,,,,,,,,,,
1279,Completed-Closed,Value 538,19.10560471138231,Completed,Medium,Closed,Org line C,E_6,se,M3 2nd,PROD383,Sweden
1280,,,,,,,,,,,,
1280,Accepted-Wait,Value 204,19.09278239273026,Accepted,Low,Wait,Org line C,E_9,se,N12 2nd,PROD277,Sweden
1280,,,,,,,,,,,,
1281,,,,,,,,,,,,
1281,Accepted-In Progress,Value 303,19.09337362432347,Accepted,Medium,In Progress,Org line C,E_5,se,G92,PROD815,INDIA
1281,,,,,,,,,,G365,,
1281,Accepted-In Progress,Value 77,19.09369353628956,Accepted,Medium,In Progress,Org line C,V3_2,se,N20,PROD815,Sweden
1281,,,,,,,,,,G365,,
1281,Queued-Awaiting Assignment,Value 539,19.093694536220745,Queued,Medium,Awaiting Assignment,Org line C,E_5,se,G92,PROD815,INDIA
1281,,,,,,,,,,,,
1281,Queued-Awaiting Assignment,Value 118,19.093726946714046,Queued,Medium,Awaiting Assignment,Org line C,C_3,se,G292 3rd,PROD815,France
1281,,,,,,,,,,L59 3rd,,
1281,Queued-Awaiting Assignment,Value 118,19.093750382830635,Queued,Medium,Awaiting Assignment,Org line C,C_3,se,G62 3rd,PROD815,France
1281,,,,,,,,,,,,
1281,Completed-Closed,Value 108,19.100406508908613,Completed,Medium,Closed,Org line C,C_3,se,G292 3rd,PROD815,Sweden
1282,,,,,,,,,,,,
1282,Accepted-In Progress,Value 540,19.09373576720636,Accepted,Medium,In Progress,Org line V4,,fr,V5 2nd,PROD424,France
1282,,,,,,,,,,,,
1283,,,,,,,,,,,,
1283,Accepted-In Progress,Value 151,19.112254722678987,Accepted,Medium,In Progress,Org line A2,A2_1,se,J2 2nd,PROD350,Sweden
1283,,,,,,,,,,,,
1284,,,,,,,,,,,,
1284,Queued-Awaiting Assignment,Value 237,19.09292757594053,Queued,Medium,Awaiting Assignment,Org line C,C_6,se,G144 3rd,PROD660,Sweden
1284,,,,,,,,,,,,
1284,Completed-Closed,Value 237,19.093349225030824,Completed,Medium,Closed,Org line C,C_6,se,G144 3rd,PROD660,Sweden
1285,,,,,,,,,,,,
1285,Accepted-Wait,Value 541,19.094199118808284,Accepted,Low,Wait,Org line A2,A2_3,se,G349 3rd,PROD750,Sweden
1285,,,,,,,,,,,,
1286,,,,,,,,,,,,
1286,Queued-Awaiting Assignment,Value 337,19.0929999299067,Queued,Medium,Awaiting Assignment,Org line C,E_7,in,G165 2nd,PROD671,INDIA
1286,,,,,,,,,,,,
1286,Accepted-In Progress,Value 71,19.094174051251702,Accepted,Medium,In Progress,Org line B,E_10,in,G230 2nd,PROD671,INDIA
1286,,,,,,,,,,,,
1286,Accepted-In Progress,Value 412,19.098983204855255,Accepted,Medium,In Progress,Org line C,E_7,in,G165 2nd,PROD671,INDIA
1286,,,,,,,,,,,,
1286,Queued-Awaiting Assignment,Value 229,19.111535298452427,Queued,Medium,Awaiting Assignment,Org line C,E_10,in,G271 2nd,PROD671,Sweden
1286,,Value 542,,,,,,,,,,
1286,Queued-Awaiting Assignment,Value 337,19.111547842098886,Queued,Medium,Awaiting Assignment,Org line C,E_7,in,G165 2nd,PROD671,INDIA
1286,,,,,,,,,,,,
1286,Queued-Awaiting Assignment,Value 69,19.111688487548278,Queued,Medium,Awaiting Assignment,Org line B,E_10,in,G230 2nd,PROD671,INDIA
1286,,,,,,,,,,,,
1286,Accepted-Wait,Value 71,19.111921127730255,Accepted,Medium,Wait,Org line B,E_10,in,G230 2nd,PROD671,INDIA
1286,,,,,,,,,,,,
1286,Queued-Awaiting Assignment,Value 69,19.111990156851324,Queued,Medium,Awaiting Assignment,Org line B,E_10,in,G230 2nd,PROD671,INDIA
1286,,,,,,,,,,,,
1286,Completed-Closed,Value 71,19.118644356857647,Completed,Medium,Closed,Org line B,E_10,in,G230 2nd,PROD671,INDIA
1287,,,,,,,,,,,,
1287,Accepted-In Progress,Value 543,19.10679940725152,Accepted,Major,In Progress,Org line C,,jp,S28 2nd,PROD348,Japan
1287,,,,,,,,,,,,
1287,Completed-Closed,Value 543,19.110743156504043,Completed,Major,Closed,Org line C,,jp,S28 2nd,PROD348,Japan
1288,,,,,,,,,,,,
1288,Queued-Awaiting Assignment,Value 544,19.09550208742448,Queued,Medium,Awaiting Assignment,Org line A2,A2_4,us,N28 2nd,PROD383,USA
1288,,,,,,,,,,,,
1288,Completed-Closed,Value 544,19.09957427213871,Completed,Medium,Closed,Org line A2,A2_4,us,N28 2nd,PROD383,USA
1289,,,,,,,,,,,,
1289,Queued-Awaiting Assignment,Value 38,19.095502759630815,Queued,Medium,Awaiting Assignment,Org line A2,A2_3,se,N22 2nd,PROD383,Sweden
1289,,,,,,,,,,,,
1289,Completed-Closed,Value 38,19.118543533530673,Completed,Medium,Closed,Org line A2,A2_3,se,N22 2nd,PROD383,Sweden
1290,,,,,,,,,,,,
1290,Completed-Closed,Value 2,19.0982857938971,Completed,Low,Closed,Org line V2,,se,T3 2nd,PROD688,Sweden
1291,,,,,,,,,,,,
1291,Completed-Closed,Value 273,19.11158551218403,Completed,Medium,Closed,Org line C,E_1,be,G55 2nd,PROD745,Sweden
1292,,,,,,,,,,,,
1292,Accepted-In Progress,Value 391,19.09377753722616,Accepted,High,In Progress,Org line C,E_3,se,G71 2nd,PROD715,Belgium
1292,,,,,,,,,,,,
1293,,,,,,,,,,,,
1293,Queued-Awaiting Assignment,Value 229,19.093668711146876,Queued,High,Awaiting Assignment,Org line C,E_10,se,G271 2nd,PROD802,Sweden
1293,,,,,,,,,,,,
1293,Queued-Awaiting Assignment,Value 44,19.093686995898693,Queued,High,Awaiting Assignment,Org line C,C_6,se,G273 3rd,PROD802,Sweden
1293,,,,,,,,,,,,
1293,Accepted-Wait,Value 360,19.10344926203825,Accepted,High,Wait,Org line C,C_6,se,G273 3rd,PROD802,Sweden
1293,,,,,,,,,,,,
1294,,,,,,,,,,,,
1294,Accepted-Wait,Value 42,19.093682210468604,Accepted,Medium,Wait,Org line A2,A2_1,se,M22 2nd,PROD327,Sweden
1294,,,,,,,,,,,,
1294,Accepted-In Progress,Value 155,19.093800212086375,Accepted,Medium,In Progress,Org line A2,A2_1,se,M22 2nd,PROD327,POLAND
1294,,,,,,,,,,,,
1294,Completed-Closed,Value 155,19.09945420578801,Completed,Medium,Closed,Org line A2,A2_1,se,M22 2nd,PROD327,POLAND
1295,,,,,,,,,,,,
1295,Queued-Awaiting Assignment,Value 77,19.093714876440586,Queued,High,Awaiting Assignment,Org line C,E_1,be,G55 2nd,PROD597,Belgium
1295,,,,,,,,,,,,
1295,Accepted-In Progress,Value 119,19.096006191648627,Accepted,High,In Progress,Org line C,E_1,be,G55 2nd,PROD597,Sweden
1295,,,,,,,,,,,,
1295,Accepted-In Progress,Value 57,19.096331068381485,Accepted,High,In Progress,Org line C,E_1,be,G55 2nd,PROD597,Sweden
1295,,,,,,,,,,,,
1296,,,,,,,,,,,,
1296,Completed-Closed,Value 492,19.09370574966625,Completed,Low,Closed,Org line V5,,fr,V28,PROD207,France
1297,,,,,,,,,,,,
1297,Queued-Awaiting Assignment,Value 358,19.093836378572128,Queued,Low,Awaiting Assignment,Org line C,E_1,us,G13 2nd,PROD398,USA
1297,,,,,,,,,,,,
1297,Accepted-Assigned,Value 220,19.115305132902552,Accepted,Low,Assigned,Org line C,E_1,us,G13 2nd,PROD398,Belgium
1297,,,,,,,,,,,,
1297,Completed-Closed,Value 220,19.11850312869391,Completed,Low,Closed,Org line C,E_1,us,G13 2nd,PROD398,Belgium
1298,,,,,,,,,,,,
1298,Queued-Awaiting Assignment,Value 229,19.093818882114,Queued,High,Awaiting Assignment,Org line C,E_10,se,G271 2nd,PROD802,Sweden
1298,,,,,,,,,,,,
1298,Accepted-In Progress,Value 104,19.105664826905915,Accepted,High,In Progress,Org line C,C_6,se,G290 3rd,PROD802,Sweden
1298,,,,,,,,,,,,
1298,Accepted-In Progress,Value 371,19.10637690951561,Accepted,High,In Progress,Org line C,C_6,se,G273 3rd,PROD802,France
1298,,,,,,,,,,,,
1299,,,,,,,,,,,,
1299,Completed-Closed,Value 403,19.094167763867276,Completed,Low,Closed,Org line G4,,se,M18 2nd,PROD32,Sweden
1300,,,,,,,,,,,,
1300,Completed-Closed,Value 360,19.094219178519936,Completed,Low,Closed,Org line C,C_6,se,G273 3rd,PROD802,Sweden
1301,,,,,,,,,,,,
1301,Completed-Closed,Value 545,19.120300546824375,Completed,Medium,Closed,Org line A2,A2_2,pl,G132,PROD653,POLAND
1302,,,,,,,,,,,,
1302,Accepted-Wait,Value 197,19.105867776430962,Accepted,Medium,Wait,Org line A2,A2_1,se,J2 2nd,PROD350,China
1302,,,,,,,,,,,,
1303,,,,,,,,,,,,
1303,Completed-Closed,Value 285,19.09941558895569,Completed,Low,Closed,Org line A2,A2_3,se,S35 2nd,PROD551,Sweden
1304,,,,,,,,,,,,
1304,Completed-Closed,Value 516,19.113769112782936,Completed,Medium,Closed,Org line C,E_6,fr,V52,PROD698,France
1305,,,,,,,,,,,,
1305,Completed-Closed,Value 249,19.116907612401608,Completed,Low,Closed,Org line C,E_4,in,G93 2nd,PROD325,INDIA
1306,,,,,,,,,,,,
1306,Accepted-In Progress,Value 172,19.117802420727887,Accepted,Medium,In Progress,Org line A2,A2_1,pl,W9 2nd,PROD756,POLAND
1306,,,,,,,,,,,,
1307,,,,,,,,,,,,
1307,Accepted-In Progress,Value 330,19.095537067016103,Accepted,Low,In Progress,Org line C,E_2,se,G57 2nd,PROD330,Belgium
1307,,,,,,,,,,,,
1308,,,,,,,,,,,,
1308,Completed-Closed,Value 43,19.101660687988655,Completed,High,Closed,Org line G3,,us,G199 3rd,PROD97,POLAND
1309,,,,,,,,,,,,
1309,Completed-Closed,Value 164,19.111674131764993,Completed,High,Closed,Org line G4,,se,S33 2nd,PROD397,Sweden
1310,,,,,,,,,,,,
1310,Accepted-In Progress,Value 388,19.097308507178912,Accepted,Medium,In Progress,Org line A2,A2_4,be,G7 3rd,PROD765,Belgium
1310,,,,,,,,,,,,
1311,,,,,,,,,,,,
1311,Completed-Closed,Value 385,19.11072561231425,Completed,Medium,Closed,Org line A2,A2_5,se,A10,PROD320,Sweden
1312,,,,,,,,,,,,
1312,Completed-Closed,Value 119,19.108666658061967,Completed,Major,Closed,Org line C,E_1,be,G55 2nd,PROD745,Sweden
1313,,,,,,,,,,,,
1313,Accepted-In Progress,Value 150,19.0956262189568,Accepted,Low,In Progress,Org line C,E_4,in,G88 2nd,PROD802,USA
1313,,,,,,,,,,,,
1313,Queued-Awaiting Assignment,Value 86,19.09646430561549,Queued,Low,Awaiting Assignment,Org line C,E_10,in,G263 2nd,PROD802,Sweden
1313,,,,,,,,,,,,
1313,Queued-Awaiting Assignment,Value 150,19.099037133058925,Queued,Low,Awaiting Assignment,Org line C,E_4,in,G88 2nd,PROD802,USA
1313,,,,,,,,,,,,
1313,Queued-Awaiting Assignment,Value 86,19.10228184432815,Queued,Low,Awaiting Assignment,Org line C,E_10,in,G263 2nd,PROD802,Sweden
1313,,,,,,,,,,,,
1313,Accepted-In Progress,Value 356,19.102476894638126,Accepted,Low,In Progress,Org line C,E_10,in,G263 2nd,PROD802,Sweden
1313,,,,,,,,,,,,
1313,Accepted-Wait,Value 355,19.115188488525188,Accepted,Low,Wait,Org line C,E_10,in,G263 2nd,PROD802,Sweden
1313,,,,,,,,,,,,
1314,,,,,,,,,,,,
1314,Accepted-Wait,Value 521,19.095914019357007,Accepted,Medium,Wait,Org line C,E_5,in,G75,PROD327,INDIA
1314,,,,,,,,,,,,
1315,,,,,,,,,,,,
1315,Queued-Awaiting Assignment,Value 156,19.095921196762266,Queued,Medium,Awaiting Assignment,Org line C,E_8,in,G181 2nd,PROD62,INDIA
1315,,,,,,,,,,,,
1315,Accepted-Assigned,Value 206,19.09592932600232,Accepted,Medium,Assigned,Org line C,E_8,in,G181 2nd,PROD62,Sweden
1315,,,,,,,,,,,,
1315,Accepted-In Progress,Value 482,19.112159177928906,Accepted,Medium,In Progress,Org line C,E_4,in,G87 2nd,PROD62,Sweden
1315,,,,,,,,,,,,
1316,,,,,,,,,,,,
1316,Completed-Closed,Value 70,19.09874046910062,Completed,Medium,Closed,Org line B,E_10,in,G230 2nd,PROD424,INDIA
1317,,,,,,,,,,,,
1317,Completed-Closed,Value 211,19.10950575739063,Completed,Low,Closed,Org line G4,,se,S33 2nd,PROD374,Sweden
1318,,,,,,,,,,,,
1318,Completed-Closed,Value 546,19.111659815862435,Completed,Low,Closed,Org line A2,A2_3,se,M21 3rd,PROD729,Sweden
1319,,,,,,,,,,,,
1319,Completed-Closed,Value 93,19.09991052523828,Completed,Medium,Closed,Org line G4,,se,S28 2nd,PROD201,Sweden
1320,,,,,,,,,,,,
1320,Queued-Awaiting Assignment,Value 2,19.096105663852068,Queued,High,Awaiting Assignment,Other,,in,G172,PROD455,Czech Republic
1320,,,,,,,,,,,,
1320,Completed-Closed,Value 339,19.107742591373484,Completed,High,Closed,Org line C,E_4,in,G93 2nd,PROD455,INDIA
1321,,,,,,,,,,,,
1321,Queued-Awaiting Assignment,Value 547,19.09614336542514,Queued,High,Awaiting Assignment,Org line C,C_5,in,G120 3rd,PROD597,Sweden
1321,,,,,,,,,,,,
1321,Queued-Awaiting Assignment,Value 187,19.09988386136634,Queued,High,Awaiting Assignment,Org line C,E_8,in,G186 2nd,PROD597,INDIA
1321,,,,,,,,,,,,
1321,Accepted-Assigned,Value 175,19.10300139861235,Accepted,High,Assigned,Org line C,E_8,in,G181 2nd,PROD597,INDIA
1321,,,,,,,,,,,,
1322,,,,,,,,,,,,
1322,Completed-Closed,Value 548,19.097214863636754,Completed,High,Closed,Org line V7n,,nl,V37 2nd,PROD542,Netherlands
1323,,,,,,,,,,,,
1323,Completed-Closed,Value 43,19.096365026812844,Completed,High,Closed,Org line G3,,us,G199 3rd,PROD96,POLAND
1324,,,,,,,,,,,,
1324,Accepted-Assigned,Value 325,19.0963908891958,Accepted,High,Assigned,Org line C,C_5,se,G120 3rd,PROD597,INDIA
1324,,,,,,,,,,,,
1324,Accepted-In Progress,Value 104,19.111727039197397,Accepted,High,In Progress,Org line C,C_5,se,G120 3rd,PROD597,Sweden
1324,,,,,,,,,,,,
1325,,,,,,,,,,,,
1325,Completed-Closed,Value 211,19.102455002305724,Completed,Medium,Closed,Org line G4,,se,S33 2nd,PROD374,Sweden
1326,,,,,,,,,,,,
1326,Completed-Closed,Value 43,19.096455086884898,Completed,Medium,Closed,Org line G3,,us,G199 3rd,PROD97,POLAND
1327,,,,,,,,,,,,
1327,Completed-Closed,Value 2,19.098284864564533,Completed,Low,Closed,Org line V2,,se,T3 2nd,PROD688,Sweden
1328,,,,,,,,,,,,
1328,Completed-Closed,Value 375,19.11810107160093,Completed,Major,Closed,Org line C,E_4,us,G88 2nd,PROD348,Sweden
1329,,,,,,,,,,,,
1329,Completed-Closed,Value 549,19.09681848064475,Completed,Medium,Closed,Org line C,E_8,in,G119 2nd,PROD597,MALAYSIA
1330,,,,,,,,,,,,
1330,Queued-Awaiting Assignment,Value 229,19.096840842545816,Queued,High,Awaiting Assignment,Org line C,E_10,se,G271 2nd,PROD802,Sweden
1330,,Value 483,,,,,,,,,,
1330,Accepted-Assigned,Value 550,19.09684226652986,Accepted,High,Assigned,Org line C,E_10,se,G271 2nd,PROD802,Sweden
1330,,,,,,,,,,,,
1330,Accepted-In Progress,Value 128,19.102176717038255,Accepted,High,In Progress,Org line C,C_6,se,G273 3rd,PROD802,Sweden
1330,,,,,,,,,,,,
1331,,,,,,,,,,,,
1331,Accepted-In Progress,Value 551,19.100274718341495,Accepted,Medium,In Progress,Org line A2,A2_4,be,G304 2nd,PROD636,Belgium
1331,,,,,,,,,,,,
1331,Accepted-In Progress,Value 551,19.10028822000797,Accepted,Medium,In Progress,Org line A2,A2_4,be,G304 2nd,PROD636,Belgium
1331,,,,,,,,,,,,
1331,Accepted-Assigned,Value 444,19.100288554506403,Accepted,Medium,Assigned,Org line C,E_1,be,G128 2nd,PROD636,POLAND
1331,,,,,,,,,,,,
1331,Completed-Closed,Value 444,19.100291027764065,Completed,Medium,Closed,Org line C,E_1,be,G128 2nd,PROD636,POLAND
1332,,,,,,,,,,,,
1332,Accepted-In Progress,Value 552,19.09867641288861,Accepted,High,In Progress,Org line C,E_4,in,G93 2nd,PROD754,USA
1332,,,,,,,,,,,,
1333,,,,,,,,,,,,
1333,Queued-Awaiting Assignment,Value 216,19.09697381356637,Queued,Medium,Awaiting Assignment,Org line A2,A2_1,se,M19 2nd,PROD741,Sweden
1333,,,,,,,,,,,,
1333,Accepted-In Progress,Value 216,19.10911553361887,Accepted,Medium,In Progress,Org line A2,A2_1,se,M19 2nd,PROD741,Sweden
1333,,,,,,,,,,,,
1334,,,,,,,,,,,,
1334,Completed-Closed,Value 553,19.097171752430093,Completed,Major,Closed,Org line C,E_1,be,G213 2nd,PROD715,Sweden
1335,,,,,,,,,,,,
1335,Completed-Closed,Value 84,19.097295087221518,Completed,Medium,Closed,Org line A2,A2_2,fr,T13 2nd,PROD200,POLAND
1336,,,,,,,,,,,,
1336,Queued-Awaiting Assignment,Value 229,19.097245960507813,Queued,High,Awaiting Assignment,Org line C,E_10,fr,G271 2nd,PROD802,Sweden
1336,,Value 483,,,,,,,,,,
1336,Accepted-Assigned,Value 554,19.09725391122823,Accepted,High,Assigned,Org line C,E_10,fr,G271 2nd,PROD802,Sweden
1336,,,,,,,,,,,,
1336,Accepted-In Progress,Value 555,19.09909535621803,Accepted,High,In Progress,Org line C,C_6,fr,G273 3rd,PROD802,France
1336,,,,,,,,,,,,
1336,Accepted-In Progress,Value 149,19.101620253182126,Accepted,High,In Progress,Org line C,E_6,fr,V29 2nd,PROD802,France
1336,,,,,,,,,,,,
1336,Accepted-In Progress,Value 283,19.11377517312098,Accepted,High,In Progress,Org line C,V3_3,fr,V42 2nd,PROD802,France
1336,,,,,,,,,,,,
1337,,,,,,,,,,,,
1337,Completed-Closed,Value 43,19.097499910051415,Completed,Medium,Closed,Org line G3,,us,G199 3rd,PROD96,POLAND
1338,,,,,,,,,,,,
1338,Completed-Closed,Value 43,19.098319254372544,Completed,Medium,Closed,Org line G3,,us,G199 3rd,PROD97,POLAND
1339,,,,,,,,,,,,
1339,Queued-Awaiting Assignment,Value 247,19.09850617367769,Queued,Medium,Awaiting Assignment,Org line C,C_3,se,G211 3rd,PROD325,Sweden
1339,,,,,,,,,,,,
1339,Completed-Closed,Value 453,19.101632876265093,Completed,Medium,Closed,Org line C,C_3,se,G211 3rd,PROD325,INDIA
1340,,,,,,,,,,,,
1340,Completed-Closed,Value 552,19.098683631410058,Completed,Major,Closed,Org line C,E_4,in,G93 2nd,PROD251,USA
1341,,,,,,,,,,,,
1341,Accepted-In Progress,Value 212,19.11444274047424,Accepted,Major,In Progress,Org line B,E_6,br,S4 2nd,PROD436,Brazil
1341,,,,,,,,,,,,
1342,,,,,,,,,,,,
1342,Completed-Closed,Value 43,19.098978612171297,Completed,Medium,Closed,Org line G3,,us,G199 3rd,PROD96,POLAND
1343,,,,,,,,,,,,
1343,Queued-Awaiting Assignment,Value 44,19.099037549168134,Queued,High,Awaiting Assignment,Org line C,C_6,se,G273 3rd,PROD802,Sweden
1343,,,,,,,,,,,,
1343,Completed-Closed,Value 360,19.099054990077594,Completed,High,Closed,Org line C,C_6,se,G273 3rd,PROD802,Sweden
1344,,,,,,,,,,,,
1344,Completed-Closed,Value 44,19.09904777931077,Completed,Major,Closed,Org line C,C_6,se,G278 3rd,PROD632,Sweden
1344,,,,,,,,,,,,
1344,Completed-Closed,Value 44,19.104737193747102,Completed,Major,Closed,Org line C,C_6,se,G278 3rd,PROD632,Sweden
1345,,,,,,,,,,,,
1345,Completed-Closed,Value 556,19.112489303959464,Completed,Medium,Closed,Org line C,E_1,be,G128 2nd,PROD636,Belgium
1346,,,,,,,,,,,,
1346,Completed-Closed,Value 444,19.100292517797488,Completed,Medium,Closed,Org line C,E_1,be,G128 2nd,PROD636,POLAND
1347,,,,,,,,,,,,
1347,Queued-Awaiting Assignment,Value 120,19.099113536940518,Queued,Medium,Awaiting Assignment,Org line A2,A2_3,se,N23 2nd,PROD414,Sweden
1347,,,,,,,,,,,,
1347,Completed-Closed,Value 557,19.102908402945516,Completed,Medium,Closed,Org line A2,A2_3,se,N23 2nd,PROD414,Sweden
1348,,,,,,,,,,,,
1348,Accepted-In Progress,Value 558,19.09938333187715,Accepted,High,In Progress,Org line C,E_10,in,G288 2nd,PROD791,Sweden
1348,,,,,,,,,,,,
1349,,,,,,,,,,,,
1349,Completed-Closed,Value 559,19.11388499288388,Completed,Major,Closed,Org line C,V3_2,se,M9,PROD153,Sweden
1349,,,,,,,,,,,,
1349,Queued-Awaiting Assignment,Value 559,19.114769695906382,Queued,Major,Awaiting Assignment,Org line C,V3_2,se,M9,PROD153,Sweden
1349,,,,,,,,,,,,
1349,Completed-Closed,Value 124,19.115447632077522,Completed,Major,Closed,Org line C,V3_2,se,M9,PROD153,Sweden
1350,,,,,,,,,,,,
1350,Queued-Awaiting Assignment,Value 42,19.09994400237314,Queued,Medium,Awaiting Assignment,Org line A2,A2_1,se,M22 2nd,PROD327,Sweden
1350,,,,,,,,,,,,
1350,Accepted-Wait,Value 155,19.102600188724754,Accepted,Medium,Wait,Org line A2,A2_1,se,M22 2nd,PROD327,POLAND
1350,,,,,,,,,,,,
1351,,,,,,,,,,,,
1351,Queued-Awaiting Assignment,Value 324,19.099949183801357,Queued,Medium,Awaiting Assignment,Org line C,E_2,se,G57 2nd,PROD327,Sweden
1351,,,,,,,,,,,,
1351,Completed-Closed,Value 423,19.100397351786786,Completed,Medium,Closed,Org line C,E_2,se,G57 2nd,PROD327,Sweden
1352,,,,,,,,,,,,
1352,Queued-Awaiting Assignment,Value 324,19.099960494634065,Queued,Medium,Awaiting Assignment,Org line C,E_2,se,G57 2nd,PROD327,Sweden
1352,,,,,,,,,,,,
1352,Completed-Closed,Value 423,19.100397762262777,Completed,Medium,Closed,Org line C,E_2,se,G57 2nd,PROD327,Sweden
1353,,,,,,,,,,,,
1353,Accepted-In Progress,Value 42,19.11683369764681,Accepted,Medium,In Progress,Org line C,E_6,se,S20 2nd,PROD634,Sweden
1353,,,,,,,,,,,,
1354,,,,,,,,,,,,
1354,Completed-Closed,Value 43,19.1003301023961,Completed,High,Closed,Org line G3,,us,G199 3rd,PROD97,POLAND
1355,,,,,,,,,,,,
1355,Completed-Closed,Value 444,19.121105607814776,Completed,Medium,Closed,Org line A2,A2_2,pl,G217 3rd,PROD796,POLAND
1356,,,,,,,,,,,,
1356,Completed-Closed,Value 43,19.100396895702158,Completed,High,Closed,Org line G3,,us,G199 3rd,PROD96,POLAND
1357,,,,,,,,,,,,
1357,Accepted-In Progress,Value 168,19.10519085215759,Accepted,Medium,In Progress,Org line V11,,gb,V50 2nd,PROD158,United Kingdom
1357,,,,,,,,,,,,
1358,,,,,,,,,,,,
1358,Accepted-Assigned,Value 508,19.10048721160363,Accepted,High,Assigned,Org line C,,us,N6 2nd,PROD316,USA
1358,,,,,,,,,,,,
1359,,,,,,,,,,,,
1359,Completed-Closed,Value 239,19.10296160431897,Completed,Medium,Closed,Org line B,E_10,in,G238 2nd,PROD209,INDIA
1360,,,,,,,,,,,,
1360,Completed-Closed,Value 410,19.10163825140281,Completed,Major,Closed,Org line C,C_5,fr,V43 3rd,PROD609,France
1361,,,,,,,,,,,,
1361,Accepted-Wait,Value 525,19.101603216322708,Accepted,Medium,Wait,Org line C,E_3,us,G67 2nd,PROD151,Sweden
1361,,,,,,,,,,,,
1362,,,,,,,,,,,,
1362,Queued-Awaiting Assignment,Value 156,19.101597000783016,Queued,Medium,Awaiting Assignment,Org line C,E_8,in,G181 2nd,PROD476,INDIA
1362,,,,,,,,,,,,
1362,Accepted-Wait,Value 560,19.109005545511195,Accepted,Medium,Wait,Org line C,E_8,in,G181 2nd,PROD476,INDIA
1362,,,,,,,,,,,,
1363,,,,,,,,,,,,
1363,Accepted-In Progress,Value 561,19.10345510737438,Accepted,Medium,In Progress,Org line G4,,se,G51 2nd,PROD319,Sweden
1363,,,,,,,,,,,,
1363,Accepted-In Progress,Value 561,19.11476574462153,Accepted,Medium,In Progress,Org line G4,,se,G51 2nd,PROD319,Sweden
1363,,,,,,,,,,,,
1363,Accepted-In Progress,Value 561,19.11476641898857,Accepted,Medium,In Progress,Org line G4,,se,G51 2nd,PROD319,Sweden
1363,,,,,,,,,,,,
1363,Accepted-In Progress,Value 561,19.115126266301726,Accepted,Medium,In Progress,Org line G4,,se,G51 2nd,PROD319,Sweden
1363,,,,,,,,,,,,
1364,,,,,,,,,,,,
1364,Completed-Closed,Value 43,19.101683893357137,Completed,Medium,Closed,Org line G3,,us,G199 3rd,PROD96,POLAND
1365,,,,,,,,,,,,
1365,Completed-Closed,Value 168,19.105188945761007,Completed,Medium,Closed,Org line V11,,gb,V50 2nd,PROD161,United Kingdom
1366,,,,,,,,,,,,
1366,Completed-Closed,Value 239,19.11455520997611,Completed,High,Closed,Org line B,E_10,in,G238 2nd,PROD209,INDIA
1367,,,,,,,,,,,,
1367,Queued-Awaiting Assignment,Value 562,19.102016523742353,Queued,Medium,Awaiting Assignment,Org line G4,,se,O3 2nd,PROD483,Sweden
1367,,,,,,,,,,,,
1367,Completed-Closed,Value 562,19.105630265332426,Completed,Medium,Closed,Org line G4,,se,S50 3rd,PROD483,Sweden
1368,,,,,,,,,,,,
1368,Completed-Closed,Value 123,19.10204533159174,Completed,Medium,Closed,Org line C,E_1,se,G294 2nd,PROD401,Sweden
1369,,,,,,,,,,,,
1369,Accepted-Wait,Value 478,19.10210569181785,Accepted,Medium,Wait,Org line A2,A2_1,pl,W16 3rd,PROD761,POLAND
1369,,,,,,,,,,,,
1369,Accepted-Wait,Value 478,19.10216840572928,Accepted,Medium,Wait,Org line A2,A2_1,pl,W16 3rd,PROD761,POLAND
1369,,,,,,,,,,,,
1369,Accepted-Wait,Value 478,19.10297744034268,Accepted,Medium,Wait,Org line A2,A2_1,pl,W16 3rd,PROD761,POLAND
1369,,,,,,,,,,,,
1370,,,,,,,,,,,,
1370,Completed-Closed,Value 43,19.10205973014604,Completed,Medium,Closed,Org line G3,,us,G199 3rd,PROD96,POLAND
1371,,,,,,,,,,,,
1371,Completed-Closed,Value 39,19.11774928093455,Completed,Medium,Closed,Org line C,E_1,se,G99 2nd,PROD153,Sweden
1372,,,,,,,,,,,,
1372,Completed-Closed,Value 560,19.10466906491312,Completed,Major,Closed,Org line C,E_8,in,G181 2nd,PROD476,INDIA
1373,,,,,,,,,,,,
1373,Completed-Closed,Value 209,19.109491932671677,Completed,Medium,Closed,Org line C,C_1,be,G56 3rd,PROD744,Sweden
1374,,,,,,,,,,,,
1374,Completed-Closed,Value 311,19.117728850995395,Completed,Low,Closed,Org line C,E_10,se,G253 2nd,PROD683,Sweden
1375,,,,,,,,,,,,
1375,Completed-Closed,Value 43,19.102550942696777,Completed,Medium,Closed,Org line G3,,us,G199 3rd,PROD97,POLAND
1376,,,,,,,,,,,,
1376,Completed-Closed,Value 43,19.102551756825797,Completed,Medium,Closed,Org line G3,,us,G199 3rd,PROD96,POLAND
1377,,,,,,,,,,,,
1377,Queued-Awaiting Assignment,Value 229,19.102689355333514,Queued,High,Awaiting Assignment,Org line C,E_10,pl,G271 2nd,PROD802,Sweden
1377,,Value 563,,,,,,,,,,
1377,Queued-Awaiting Assignment,Value 86,19.102721187429122,Queued,High,Awaiting Assignment,Org line C,E_10,pl,G276 2nd,PROD802,Sweden
1377,,,,,,,,,,,,
1377,Accepted-In Progress,Value 188,19.105668229563335,Accepted,High,In Progress,Org line C,E_10,pl,G271 2nd,PROD802,Sweden
1377,,,,,,,,,,,,
1377,Accepted-Assigned,Value 111,19.11081458395853,Accepted,High,Assigned,Org line C,C_6,pl,G273 3rd,PROD802,USA
1377,,,,,,,,,,,,
1377,Accepted-Assigned,Value 354,19.11085448822891,Accepted,High,Assigned,Org line A2,A2_2,pl,N28 2nd,PROD802,POLAND
1377,,,,,,,,,,,,
1377,Completed-Closed,Value 354,19.111177455119506,Completed,High,Closed,Org line A2,A2_2,pl,N28 2nd,PROD802,POLAND
1378,,,,,,,,,,,,
1378,Queued-Awaiting Assignment,Value 474,19.1028706421536,Queued,Medium,Awaiting Assignment,Org line A2,A2_5,cn,N18 2nd,PROD789,China
1378,,,,,,,,,,,,
1378,Completed-Closed,Value 474,19.11799788313731,Completed,Medium,Closed,Org line A2,A2_5,cn,N18 2nd,PROD789,China
1379,,,,,,,,,,,,
1379,Accepted-Wait,Value 308,19.10308685520788,Accepted,High,Wait,Org line C,,us,N6 2nd,PROD181,USA
1379,,,,,,,,,,,,
1380,,,,,,,,,,,,
1380,Accepted-In Progress,Value 77,19.102894208694607,Accepted,Medium,In Progress,Org line C,E_5,be,G75,PROD821,Belgium
1380,,,,,,,,,,,,
1380,Accepted-In Progress,Value 77,19.102894385618487,Accepted,Medium,In Progress,Org line C,E_5,be,G74,PROD821,Belgium
1380,,,,,,,,,,,,
1380,Accepted-Assigned,Value 119,19.103420105577428,Accepted,Medium,Assigned,Org line C,E_1,be,G55 2nd,PROD821,Sweden
1380,,,,,,,,,,,,
1380,Accepted-In Progress,Value 119,19.111637622551314,Accepted,Medium,In Progress,Org line C,E_1,be,G55 2nd,PROD821,Sweden
1380,,,,,,,,,,,,
1381,,,,,,,,,,,,
1381,Accepted-Wait,Value 31,19.10297352306045,Accepted,Low,Wait,Org line C,C_6,se,G268 3rd,PROD805,Sweden
1381,,,,,,,,,,,,
1382,,,,,,,,,,,,
1382,Completed-Closed,Value 253,19.117772290263872,Completed,Medium,Closed,Org line A2,A2_1,pl,W16 3rd,PROD756,POLAND
1383,,,,,,,,,,,,
1383,Accepted-Wait,Value 558,19.110841153549337,Accepted,High,Wait,Org line C,E_10,in,G288 2nd,PROD154,Sweden
1383,,,,,,,,,,,,
1384,,,,,,,,,,,,
1384,Accepted-Assigned,Value 81,19.103418680824753,Accepted,Major,Assigned,Org line A2,D_1,se,G197 2nd,PROD617,Sweden
1384,,,,,,,,,,,,
1384,Queued-Awaiting Assignment,Value 564,19.10343560089473,Queued,Major,Awaiting Assignment,Org line A2,D_1,se,V16 3rd,PROD617,Korea
1384,,Value 565,,,,,,,,,,
1384,Queued-Awaiting Assignment,Value 251,19.104605992911985,Queued,Major,Awaiting Assignment,Org line A2,A2_3,se,V13 2nd,PROD617,Sweden
1384,,,,,,,,,,,,
1384,Accepted-Assigned,Value 81,19.111663363539574,Accepted,Major,Assigned,Org line A2,A2_3,se,V13 2nd,PROD617,Sweden
1384,,,,,,,,,,,,
1384,Completed-Closed,Value 81,19.120651173116435,Completed,Major,Closed,Org line A2,A2_3,se,V13 2nd,PROD617,Sweden
1385,,,,,,,,,,,,
1385,Accepted-Assigned,Value 104,19.104761392443915,Accepted,High,Assigned,Org line C,C_6,us,G290 3rd,PROD154,Sweden
1385,,,,,,,,,,,,
1385,Accepted-In Progress,Value 508,19.112690007330055,Accepted,High,In Progress,Org line C,,us,N6 2nd,PROD154,USA
1385,,,,,,,,,,,,
1386,,,,,,,,,,,,
1386,Queued-Awaiting Assignment,Value 111,19.10349782225511,Queued,High,Awaiting Assignment,Org line C,C_6,us,N55 3rd,PROD785,USA
1386,,,,,,,,,,,,
1386,Completed-Closed,Value 111,19.113854329163704,Completed,High,Closed,Org line C,C_6,us,N55 3rd,PROD785,USA
1387,,,,,,,,,,,,
1387,Completed-Closed,Value 273,19.103486121944087,Completed,High,Closed,Org line A2,A2_3,se,G349 3rd,PROD750,Sweden
1388,,,,,,,,,,,,
1388,Completed-Closed,Value 566,19.118139073142146,Completed,Major,Closed,Org line C,E_6,se,U2 2nd,PROD802,Sweden
1389,,,,,,,,,,,,
1389,Completed-Closed,Value 567,19.10554889775207,Completed,Major,Closed,Org line C,,jp,S29 2nd,PROD348,Japan
1390,,,,,,,,,,,,
1390,Completed-Closed,Value 271,19.115532955121147,Completed,Medium,Closed,Org line C,E_7,se,G153 2nd,PROD671,INDIA
1391,,,,,,,,,,,,
1391,Completed-Closed,Value 68,19.111739224696777,Completed,Medium,Closed,Org line A2,A2_4,se,G118 2nd,PROD591,Sweden
1392,,,,,,,,,,,,
1392,Completed-Closed,Value 43,19.10478019699017,Completed,High,Closed,Org line G3,,us,G199 3rd,PROD98,POLAND
1393,,,,,,,,,,,,
1393,Completed-Closed,Value 433,19.109107752004995,Completed,Medium,Closed,Org line C,E_1,be,G55 2nd,PROD227,Sweden
1394,,,,,,,,,,,,
1394,Accepted-In Progress,Value 568,19.104928108375287,Accepted,Major,In Progress,Org line C,E_10,in,G266 2nd,PROD805,Sweden
1394,,,,,,,,,,,,
1395,,,,,,,,,,,,
1395,Queued-Awaiting Assignment,Value 345,19.104927578681888,Queued,Major,Awaiting Assignment,Org line C,C_6,se,G268 3rd,PROD805,Sweden
1395,,,,,,,,,,,,
1395,Completed-Closed,Value 45,19.10870287384732,Completed,Major,Closed,Org line C,C_6,se,G268 3rd,PROD805,Sweden
1396,,,,,,,,,,,,
1396,Completed-Closed,Value 43,19.105123762967533,Completed,Medium,Closed,Org line G3,,us,G199 3rd,PROD96,POLAND
1397,,,,,,,,,,,,
1397,Accepted-Wait,Value 332,19.105182691947757,Accepted,Low,Wait,Org line C,E_10,in,G271 2nd,PROD802,Sweden
1397,,,,,,,,,,,,
1398,,,,,,,,,,,,
1398,Completed-Closed,Value 273,19.111147029121465,Completed,Major,Closed,Org line A2,A2_2,se,G28 3rd,PROD182,Sweden
1399,,,,,,,,,,,,
1399,Completed-Closed,Value 373,19.10555021864174,Completed,Medium,Closed,Org line C,E_8,in,G119 2nd,PROD597,Sweden
1400,,,,,,,,,,,,
1400,Accepted-In Progress,Value 373,19.105549820358398,Accepted,Medium,In Progress,Org line C,E_8,in,G119 2nd,PROD597,Sweden
1400,,,,,,,,,,,,
1401,,,,,,,,,,,,
1401,Queued-Awaiting Assignment,Value 337,19.105652269739583,Queued,High,Awaiting Assignment,Org line C,E_7,in,G162 2nd,PROD646,INDIA
1401,,Value 569,,,,,,,,G79,,
1401,Accepted-In Progress,Value 79,19.1056543164021,Accepted,High,In Progress,Org line C,E_7,in,G162 2nd,PROD646,INDIA
1401,,,,,,,,,,,,
1401,Accepted-In Progress,Value 397,19.11729623795371,Accepted,High,In Progress,Org line C,E_7,in,G162 2nd,PROD646,INDIA
1401,,,,,,,,,,,,
1402,,,,,,,,,,,,
1402,Accepted-Wait,Value 523,19.105687939543728,Accepted,Medium,Wait,Org line C,E_10,in,G271 2nd,PROD802,Sweden
1402,,,,,,,,,,,,
1402,Completed-Closed,Value 523,19.113847129327898,Completed,Medium,Closed,Org line C,E_10,in,G271 2nd,PROD802,Sweden
1403,,,,,,,,,,,,
1403,Completed-Closed,Value 158,19.113826059510572,Completed,Medium,Closed,Org line A2,A2_3,se,G362 3rd,PROD241,POLAND
1404,,,,,,,,,,,,
1404,Accepted-In Progress,Value 367,19.110726148976422,Accepted,High,In Progress,Org line C,E_1,us,G13 2nd,PROD398,Sweden
1404,,,,,,,,,,,,
1405,,,,,,,,,,,,
1405,Completed-Closed,Value 308,19.106117193083072,Completed,High,Closed,Org line C,,us,N6 2nd,PROD487,USA
1406,,,,,,,,,,,,
1406,Accepted-In Progress,Value 71,19.106416079525868,Accepted,High,In Progress,Org line B,E_10,se,G230 2nd,PROD424,INDIA
1406,,,,,,,,,,,,
1406,Accepted-In Progress,Value 127,19.107811884377842,Accepted,High,In Progress,Org line C,C_6,se,G250 3rd,PROD424,Sweden
1406,,,,,,,,,,,,
1406,Accepted-In Progress,Value 2,19.11773600799622,Accepted,High,In Progress,Org line C,C_6,se,G250 3rd,PROD424,Sweden
1406,,,,,,,,,,,,
1407,,,,,,,,,,,,
1407,Queued-Awaiting Assignment,Value 86,19.106336614587462,Queued,High,Awaiting Assignment,Org line C,E_10,in,G236 2nd,PROD471,Sweden
1407,,,,,,,,,,,,
1407,Completed-Closed,Value 465,19.106463196355687,Completed,High,Closed,Org line C,E_10,in,G236 2nd,PROD471,Sweden
1408,,,,,,,,,,,,
1408,Completed-Closed,Value 43,19.1064878318215,Completed,Medium,Closed,Org line G3,,us,G199 3rd,PROD97,POLAND
1409,,,,,,,,,,,,
1409,Completed-Closed,Value 341,19.111262471550166,Completed,Medium,Closed,Org line C,E_4,us,G88 2nd,PROD794,Sweden
1410,,,,,,,,,,,,
1410,Accepted-Assigned,Value 4,19.106872617344706,Accepted,Low,Assigned,Org line C,E_9,se,N12 2nd,PROD673,Sweden
1410,,,,,,,,,,,,
1410,Completed-Closed,Value 4,19.10939765534619,Completed,Low,Closed,Org line C,E_9,se,N12 2nd,PROD673,Sweden
1411,,,,,,,,,,,,
1411,Completed-Closed,Value 43,19.106709911457585,Completed,Medium,Closed,Org line G3,,us,G199 3rd,PROD96,POLAND
1412,,,,,,,,,,,,
1412,Completed-Closed,Value 43,19.106718220356168,Completed,High,Closed,Org line G3,,us,G199 3rd,PROD97,POLAND
1413,,,,,,,,,,,,
1413,Accepted-Assigned,Value 570,19.10727844844133,Accepted,Major,Assigned,Org line C,C_5,se,G120 3rd,PROD597,Sweden
1413,,Value 571,,,,,,,,,,
1413,Accepted-In Progress,Value 570,19.1177076735433,Accepted,Major,In Progress,Org line C,C_5,se,G120 3rd,PROD597,Sweden
1413,,,,,,,,,,,,
1414,,,,,,,,,,,,
1414,Queued-Awaiting Assignment,Value 229,19.107619195179858,Queued,High,Awaiting Assignment,Org line C,E_10,in,G271 2nd,PROD802,Sweden
1414,,,,,,,,,,,,
1414,Queued-Awaiting Assignment,Value 44,19.10763247227075,Queued,High,Awaiting Assignment,Org line C,C_6,in,G273 3rd,PROD802,Sweden
1414,,,,,,,,,,,,
1414,Queued-Awaiting Assignment,Value 387,19.107710616880794,Queued,High,Awaiting Assignment,Org line C,E_10,in,G288 2nd,PROD802,Sweden
1414,,,,,,,,,,,,
1414,Queued-Awaiting Assignment,Value 104,19.1107843274663,Queued,High,Awaiting Assignment,Org line C,C_6,in,G290 3rd,PROD802,Sweden
1414,,,,,,,,,,,,
1414,Queued-Awaiting Assignment,Value 387,19.110796880536153,Queued,High,Awaiting Assignment,Org line C,E_10,in,G288 2nd,PROD802,Sweden
1414,,,,,,,,,,,,
1414,Accepted-In Progress,Value 558,19.11081103828402,Accepted,High,In Progress,Org line C,E_10,in,G288 2nd,PROD802,Sweden
1414,,,,,,,,,,,,
1415,,,,,,,,,,,,
1415,Queued-Awaiting Assignment,Value 229,19.107626585897524,Queued,High,Awaiting Assignment,Org line C,E_10,in,G271 2nd,PROD802,Sweden
1415,,,,,,,,,,,,
1415,Queued-Awaiting Assignment,Value 44,19.10763193394575,Queued,High,Awaiting Assignment,Org line C,C_6,in,G273 3rd,PROD802,Sweden
1415,,,,,,,,,,,,
1415,Queued-Awaiting Assignment,Value 387,19.107709801910257,Queued,High,Awaiting Assignment,Org line C,E_10,in,G288 2nd,PROD802,Sweden
1415,,,,,,,,,,,,
1415,Queued-Awaiting Assignment,Value 104,19.110785059691242,Queued,High,Awaiting Assignment,Org line C,C_6,in,G290 3rd,PROD802,Sweden
1415,,,,,,,,,,,,
1415,Queued-Awaiting Assignment,Value 387,19.110797462296656,Queued,High,Awaiting Assignment,Org line C,E_10,in,G288 2nd,PROD802,Sweden
1415,,,,,,,,,,,,
1415,Accepted-In Progress,Value 558,19.110810902876118,Accepted,High,In Progress,Org line C,E_10,in,G288 2nd,PROD802,Sweden
1415,,,,,,,,,,,,
1416,,,,,,,,,,,,
1416,Completed-Closed,Value 383,19.119803375889614,Completed,Medium,Closed,Org line C,C_6,se,G269 3rd,PROD621,INDIA
1417,,,,,,,,,,,,
1417,Completed-Closed,Value 251,19.107762904404638,Completed,High,Closed,Org line G1,E_6,se,G358 2nd,PROD291,Sweden
1418,,,,,,,,,,,,
1418,Accepted-In Progress,Value 573,19.117728950606057,Accepted,High,In Progress,Org line A2,D_1,pl,W14 2nd,PROD782,POLAND
1418,,,,,,,,,,,,
1419,,,,,,,,,,,,
1419,Accepted-In Progress,Value 515,19.10822529404784,Accepted,High,In Progress,Org line C,E_10,se,G288 2nd,PROD488,Sweden
1419,,,,,,,,,,,,
1419,Accepted-In Progress,Value 13,19.10859061371152,Accepted,High,In Progress,Org line C,C_6,se,G290 3rd,PROD488,Sweden
1419,,,,,,,,,,,,
1420,,,,,,,,,,,,
1420,Accepted-In Progress,Value 449,19.108713256871088,Accepted,Major,In Progress,Org line C,C_1,fr,L57 3rd,PROD816,France
1420,,,,,,,,,,,,
1420,Completed-Closed,Value 55,19.118664016744543,Completed,Major,Closed,Org line C,V3_3,fr,V42 2nd,PROD816,France
1421,,,,,,,,,,,,
1421,Accepted-Assigned,Value 380,19.10881106107139,Accepted,Low,Assigned,Org line B,E_3,br,S12 2nd,PROD120,Brazil
1421,,,,,,,,,,,,
1422,,,,,,,,,,,,
1422,Completed-Closed,Value 385,19.110726103836623,Completed,Low,Closed,Org line A2,A2_5,se,A10,PROD461,Sweden
1423,,,,,,,,,,,,
1423,Completed-Closed,Value 34,19.109122174819227,Completed,High,Closed,Org line A2,A2_4,0,G11 2nd,PROD604,Belgium
1424,,,,,,,,,,,,
1424,Queued-Awaiting Assignment,Value 129,19.109158735796644,Queued,Major,Awaiting Assignment,Org line A2,A2_3,se,S21 2nd,PROD673,Sweden
1424,,,,,,,,,,,,
1424,Accepted-In Progress,Value 77,19.110475792390037,Accepted,Major,In Progress,Org line C,E_7,se,G134 2nd,PROD673,Sweden
1424,,,,,,,,,,,,
1424,Queued-Awaiting Assignment,Value 229,19.111251162510758,Queued,Major,Awaiting Assignment,Org line C,E_10,se,G271 2nd,PROD673,Sweden
1424,,,,,,,,,,,,
1424,Accepted-In Progress,Value 360,19.112482504841033,Accepted,Major,In Progress,Org line C,C_6,se,G273 3rd,PROD673,Sweden
1424,,,,,,,,,,,,
1424,Accepted-In Progress,Value 360,19.12028315461049,Accepted,Major,In Progress,Org line C,C_6,se,G273 3rd,PROD673,Sweden
1424,,,,,,,,,,,,
1425,,,,,,,,,,,,
1425,Completed-Closed,Value 336,19.11074192270316,Completed,Major,Closed,Org line C,E_4,us,G88 2nd,PROD348,China
1426,,,,,,,,,,,,
1426,Completed-Closed,Value 237,19.111709747759022,Completed,Major,Closed,Org line C,C_6,us,N55 3rd,PROD785,USA
1427,,,,,,,,,,,,
1427,Accepted-Assigned,Value 62,19.110660027019467,Accepted,High,Assigned,Org line A2,A2_3,se,S35 2nd,PROD368,Sweden
1427,,,,,,,,,,,,
1427,Completed-Closed,Value 13,19.112515403533376,Completed,High,Closed,Org line A2,A2_3,se,S35 2nd,PROD368,Sweden
1428,,,,,,,,,,,,
1428,Completed-Closed,Value 574,19.110817798625686,Completed,Major,Closed,Org line A2,A2_1,se,D7,PROD238,Sweden
1429,,,,,,,,,,,,
1429,Completed-Closed,Value 77,19.11800764230918,Completed,Major,Closed,Org line A2,A2_5,cn,N18 2nd,PROD789,China
1430,,,,,,,,,,,,
1430,Completed-Closed,Value 219,19.111653447048877,Completed,Low,Closed,Org line C,C_1,us,G14 3rd,PROD398,France
1431,,,,,,,,,,,,
1431,Accepted-Wait,Value 345,19.11090409428353,Accepted,High,Wait,Org line C,C_6,se,G268 3rd,PROD805,Sweden
1431,,,,,,,,,,,,
1431,Accepted-In Progress,Value 345,19.111249011974163,Accepted,High,In Progress,Org line C,C_6,se,G268 3rd,PROD805,Sweden
1431,,,,,,,,,,,,
1431,Queued-Awaiting Assignment,Value 345,19.111295991874393,Queued,High,Awaiting Assignment,Org line C,C_6,se,G268 3rd,PROD805,Sweden
1431,,,,,,,,,,,,
1431,Completed-Closed,Value 45,19.11467233789496,Completed,High,Closed,Org line C,C_6,se,G268 3rd,PROD805,Sweden
1432,,,,,,,,,,,,
1432,Accepted-In Progress,Value 575,19.11124323708378,Accepted,Low,In Progress,Org line C,E_10,in,G266 2nd,PROD805,Sweden
1432,,,,,,,,,,,,
1432,Accepted-Wait,Value 575,19.111250811607665,Accepted,Low,Wait,Org line C,E_10,in,G266 2nd,PROD805,Sweden
1432,,,,,,,,,,,,
1432,Completed-Closed,Value 575,19.111306839245785,Completed,Low,Closed,Org line C,E_10,in,G266 2nd,PROD805,Sweden
1433,,,,,,,,,,,,
1433,Queued-Awaiting Assignment,Value 150,19.11090158194546,Queued,High,Awaiting Assignment,Org line C,,us,N6 2nd,PROD378,USA
1433,,,,,,,,,,,,
1433,Completed-Closed,Value 308,19.118181568635435,Completed,High,Closed,Org line C,,us,N6 2nd,PROD378,USA
1434,,,,,,,,,,,,
1434,Accepted-In Progress,Value 576,19.111227757004773,Accepted,Major,In Progress,Org line C,E_5,in,G92,PROD794,INDIA
1434,,,,,,,,,,,,
1435,,,,,,,,,,,,
1435,Queued-Awaiting Assignment,Value 150,19.11121688371015,Queued,High,Awaiting Assignment,Org line C,E_4,us,G88 2nd,PROD793,USA
1435,,,,,,,,,,,,
1435,Completed-Closed,Value 393,19.11732868967716,Completed,High,Closed,Org line C,E_4,us,G88 2nd,PROD793,Sweden
1436,,,,,,,,,,,,
1436,Accepted-Assigned,Value 88,19.11126139880103,Accepted,High,Assigned,Org line G4,,se,S30 2nd,PROD802,Sweden
1436,,,,,,,,,,,,
1436,Completed-Closed,Value 88,19.11507274939622,Completed,High,Closed,Org line G4,,se,S30 2nd,PROD802,Sweden
1437,,,,,,,,,,,,
1437,Completed-Closed,Value 43,19.11131296966288,Completed,Low,Closed,Org line G3,,us,G199 3rd,PROD428,POLAND
1438,,,,,,,,,,,,
1439,,,,,,,,,,,,
1439,Accepted-Assigned,Value 380,19.11178089577788,Accepted,Medium,Assigned,Org line B,E_3,br,S12 2nd,PROD119,Brazil
1439,,,,,,,,,,,,
1440,,,,,,,,,,,,
1440,Completed-Closed,Value 31,19.121197537085745,Completed,Medium,Closed,Org line C,C_4,se,G155 3rd,PROD673,Sweden
1441,,,,,,,,,,,,
1441,Completed-Closed,Value 228,19.120672640903503,Completed,Medium,Closed,Org line V2,,se,T2 2nd,PROD631,Sweden
1442,,,,,,,,,,,,
1442,Completed-Closed,Value 43,19.112516895489204,Completed,High,Closed,Org line G3,,us,G199 3rd,PROD98,POLAND
1443,,,,,,,,,,,,
1443,Completed-Closed,Value 577,19.12019780865484,Completed,Medium,Closed,Org line A2,A2_4,se,G47 2nd,PROD243,Sweden
1444,,,,,,,,,,,,
1444,Queued-Awaiting Assignment,Value 249,19.11320767719871,Queued,High,Awaiting Assignment,Org line C,E_4,in,G93 2nd,PROD701,INDIA
1444,,,,,,,,,,,,
1444,Completed-Closed,Value 119,19.114201014905433,Completed,High,Closed,Org line C,E_4,in,G93 2nd,PROD701,Sweden
1445,,,,,,,,,,,,
1445,Completed-Closed,Value 43,19.11346997545619,Completed,High,Closed,Org line G3,,us,G199 3rd,PROD98,POLAND
1446,,,,,,,,,,,,
1446,Completed-Closed,Value 43,19.113479533831324,Completed,High,Closed,Org line G3,,us,G199 3rd,PROD97,POLAND
1447,,,,,,,,,,,,
1447,Completed-Closed,Value 43,19.11381167938036,Completed,High,Closed,Org line G3,,us,G199 3rd,PROD98,POLAND
1448,,,,,,,,,,,,
1448,Completed-Closed,Value 387,19.113921125168993,Completed,Medium,Closed,Org line C,E_10,in,G288 2nd,PROD154,Sweden
1449,,,,,,,,,,,,
1449,Completed-Closed,Value 114,19.116818946941667,Completed,Medium,Closed,Org line C,E_7,se,G161 2nd,PROD671,Sweden
1450,,,,,,,,,,,,
1450,Completed-Closed,Value 43,19.11386134895371,Completed,High,Closed,Org line G3,,us,G199 3rd,PROD96,POLAND
1451,,,,,,,,,,,,
1451,Completed-Closed,Value 43,19.113873988451353,Completed,Medium,Closed,Org line G3,,us,G199 3rd,PROD97,POLAND
1452,,,,,,,,,,,,
1452,Completed-Closed,Value 515,19.114486747440818,Completed,High,Closed,Org line C,E_10,in,G288 2nd,PROD154,Sweden
1453,,,,,,,,,,,,
1453,Completed-Closed,Value 8,19.12087395285001,Completed,High,Closed,Org line C,C_1,be,G56 3rd,PROD795,Sweden
1454,,,,,,,,,,,,
1454,Completed-Closed,Value 43,19.114336380226792,Completed,High,Closed,Org line G3,,us,G199 3rd,PROD97,POLAND
1455,,,,,,,,,,,,
1455,Completed-Closed,Value 81,19.12116642175307,Completed,Major,Closed,Org line A2,D_1,se,L45 3rd,PROD617,Sweden
1456,,,,,,,,,,,,
1456,Completed-Closed,Value 578,19.114333246815487,Completed,Major,Closed,Org line V5,,se,V20 2nd,PROD221,INDIA
1457,,,,,,,,,,,,
1457,Completed-Closed,Value 515,19.11451025167418,Completed,High,Closed,Org line C,E_10,in,G288 2nd,PROD154,Sweden
1458,,,,,,,,,,,,
1458,Queued-Awaiting Assignment,Value 579,19.114650261300714,Queued,High,Awaiting Assignment,Org line A2,,kr,S60 2nd,PROD221,Korea
1458,,,,,,,,,,,,
1458,Accepted-Assigned,Value 579,19.1211200075315,Accepted,High,Assigned,Org line A2,,kr,S60 2nd,PROD221,Korea
1458,,,,,,,,,,,,
1459,,,,,,,,,,,,
1459,Completed-Closed,Value 387,19.116828154318455,Completed,High,Closed,Org line C,E_10,in,G288 2nd,PROD154,Sweden
1460,,,,,,,,,,,,
1460,Completed-Closed,Value 276,19.117258931869262,Completed,High,Closed,Org line C,E_4,us,G88 2nd,PROD793,INDIA
1461,,,,,,,,,,,,
1461,Completed-Closed,Value 43,19.114772912870134,Completed,Medium,Closed,Org line G3,,us,G199 3rd,PROD96,POLAND
1462,,,,,,,,,,,,
1462,Queued-Awaiting Assignment,Value 192,19.114728329026477,Queued,Medium,Awaiting Assignment,Org line C,C_2,se,G58 3rd,PROD327,Belgium
1462,,,,,,,,,,,,
1462,Accepted-Assigned,Value 330,19.114728653733923,Accepted,Medium,Assigned,Org line C,E_2,se,G57 2nd,PROD327,Belgium
1462,,,,,,,,,,,,
1462,Completed-Closed,Value 330,19.117296855806888,Completed,Medium,Closed,Org line C,E_2,se,G57 2nd,PROD327,Belgium
1463,,,,,,,,,,,,
1463,Completed-Closed,Value 43,19.115184194362413,Completed,Medium,Closed,Org line G3,,us,G199 3rd,PROD96,POLAND
1464,,,,,,,,,,,,
1464,Completed-Closed,Value 43,19.115179350924134,Completed,Medium,Closed,Org line G3,,us,G199 3rd,PROD96,POLAND
1465,,,,,,,,,,,,
1465,Completed-Closed,Value 43,19.115604590306535,Completed,High,Closed,Org line G3,,us,G199 3rd,PROD98,POLAND
1466,,,,,,,,,,,,
1466,Completed-Closed,Value 43,19.115539324232035,Completed,Medium,Closed,Org line G3,,us,G199 3rd,PROD97,POLAND
1467,,,,,,,,,,,,
1467,Completed-Closed,Value 43,19.115542738378227,Completed,Medium,Closed,Org line G3,,us,G199 3rd,PROD96,POLAND
1468,,,,,,,,,,,,
1468,Completed-Closed,Value 580,19.118070845578764,Completed,Low,Closed,Org line G4,,se,S32 2nd,PROD633,Sweden
1469,,,,,,,,,,,,
1469,Completed-Closed,Value 390,19.1160305020565,Completed,Low,Closed,Org line C,E_10,in,G276 2nd,PROD631,Sweden
1470,,,,,,,,,,,,
1470,Queued-Awaiting Assignment,Value 2,19.11681338359116,Queued,Medium,Awaiting Assignment,Org line C,C_6,se,G250 3rd,PROD434,Sweden
1470,,,,,,,,,,,,
1470,Completed-Closed,Value 306,19.117646718627498,Completed,Medium,Closed,Org line C,C_6,se,G250 3rd,PROD434,Sweden
1471,,,,,,,,,,,,
1471,Completed-Closed,Value 375,19.117749594701692,Completed,Medium,Closed,Org line C,E_1,us,G13 2nd,PROD460,Sweden
1472,,,,,,,,,,,,
1472,Completed-Closed,Value 15,19.12107818275491,Completed,High,Closed,Org line G4,,se,S28 2nd,PROD343,Sweden
1473,,,,,,,,,,,,
1473,Completed-Closed,Value 522,19.117233414244097,Completed,High,Closed,Org line C,E_10,in,G288 2nd,PROD154,Sweden
1474,,,,,,,,,,,,
1474,Completed-Closed,Value 43,19.117254053623366,Completed,High,Closed,Org line G3,,us,G199 3rd,PROD98,POLAND
1475,,,,,,,,,,,,
1475,Completed-Closed,Value 43,19.117343517566912,Completed,High,Closed,Org line G3,,us,G199 3rd,PROD97,POLAND
1476,,,,,,,,,,,,
1476,Completed-Closed,Value 276,19.12016795895251,Completed,High,Closed,Org line C,E_4,us,G88 2nd,PROD166,INDIA
1477,,,,,,,,,,,,
1477,Queued-Awaiting Assignment,Value 272,19.117671951763544,Queued,Medium,Awaiting Assignment,Org line V2,,se,T10 2nd,PROD334,Sweden
1477,,,,,,,,,,,,
1477,Completed-Closed,Value 9,19.119897363148603,Completed,Medium,Closed,Org line V2,,se,T2 2nd,PROD334,Sweden
1478,,,,,,,,,,,,
1478,Completed-Closed,Value 43,19.11818578522894,Completed,Medium,Closed,Org line G3,,us,G199 3rd,PROD98,POLAND
1479,,,,,,,,,,,,
1479,Accepted-Assigned,Value 81,19.11852076091052,Accepted,Medium,Assigned,Org line V2,,se,T10 2nd,PROD615,Sweden
1479,,,,,,,,,,,,
1479,Completed-Closed,Value 68,19.120678739001853,Completed,Medium,Closed,Org line V2,,se,T10 2nd,PROD615,Sweden
1480,,,,,,,,,,,,
1480,Completed-Closed,Value 572,19.119902243426004,Completed,Major,Closed,Org line C,E_10,in,G288 2nd,PROD154,Sweden
1481,,,,,,,,,,,,
1481,Completed-Closed,Value 581,19.12121454116375,Completed,Major,Closed,Org line F,,se,G207 2nd,PROD186,Sweden
1481,,,,,,,,,,,,
1481,Completed-Closed,Value 581,19.121331224221436,Completed,Major,Closed,Org line F,,se,G207 2nd,PROD186,Sweden
1481,,,,,,,,,,,,
1481,Accepted-Assigned,Value 582,19.12133151205358,Accepted,Major,Assigned,Org line C,E_6,se,U2 2nd,PROD186,Sweden
1481,,,,,,,,,,,,
1481,Completed-Closed,Value 581,19.12133152694145,Completed,Major,Closed,Org line C,E_6,se,U2 2nd,PROD186,Sweden
1482,,,,,,,,,,,,
1482,Completed-Closed,Value 43,19.120264867869153,Completed,Medium,Closed,Org line G3,,us,G199 3rd,PROD97,POLAND
1483,,,,,,,,,,,,
1483,Accepted-In Progress,Value 583,19.12044309593872,Accepted,Major,In Progress,Org line C,E_8,in,G119 2nd,PROD597,USA
1483,,,,,,,,,,,,
1484,,,,,,,,,,,,
1484,Accepted-In Progress,Value 31,19.120688382661285,Accepted,High,In Progress,Org line V2,,se,T2 2nd,PROD493,Sweden
1484,,,,,,,,,,,,
1484,Accepted-In Progress,Value 584,19.120749634114702,Accepted,High,In Progress,Org line V2,,se,T2 2nd,PROD493,Sweden
1484,,,,,,,,,,,,
1485,,,,,,,,,,,,
1485,Completed-Closed,Value 585,19.120746381699742,Completed,Medium,Closed,Org line C,E_7,se,G161 2nd,PROD671,Sweden
1486,,,,,,,,,,,,
1486,Completed-Closed,Value 4,19.12112078186406,Completed,Major,Closed,Org line A2,A2_3,se,U6 2nd,PROD831,Sweden
1487,Accepted-In Progress,Value 43,19.121265685662625,Accepted,High,In Progress,Org line G3,,us,G199 3rd,PROD97,POLAND
1487,Completed-Closed,Value 43,19.12126609262437,Completed,High,Closed,Org line G3,,us,G199 3rd,PROD97,POLAND
