CaseID,Activity,org:resource,time:timestamp,concept:name,impact,lifecycle:transition,org:group,org:role,organization country,organization involved,product,resource country
1,Queued-Awaiting Assignment,Value 1,0.0,Queued,High,Awaiting Assignment,Org line A2,A2_2,se,J11 2nd,PROD191,INDIA
1,Accepted-In Progress,Value 1,19.087575582551246,Accepted,High,In Progress,Org line A2,A2_2,se,J11 2nd,PROD191,INDIA
1,,Value 1,,Accepted,High,Assigned,,,,J11 2nd,PROD191,INDIA
1,,Value 1,19.087580268969127,Accepted,,In Progress,,A2_2,,J11 2nd,,INDIA
1,,,19.087581028649257,Completed,High,Closed,,A2_2,,,,
2,Accepted-In Progress,Value 2,17.06971703951763,,Medium,In Progress,Org line A2,A2_2,cn,,,Sweden
2,Accepted-In Progress,Value 2,17.070145843525836,Accepted,Medium,In Progress,,,,,,Sweden
2,,,18.625817469113876,,,,,A2_2,,,PROD753,
2,Accepted-In Progress,Value 2,,,,,Org line A2,,cn,M1 2nd,,
2,Accepted-In Progress,Value 3,19.06285259535793,,,,,,cn,,PROD753,China
2,Completed-Closed,Value 3,,Completed,Medium,,Org line A2,A2_2,cn,,,China
3,Accepted-In Progress,Value 2,,,,,Org line A2,,,M1 2nd,PROD753,
3,Accepted-Wait,,18.625817460968516,,,,,A2_2,cn,,,Sweden
3,,,18.997474271801213,,,In Progress,,A2_2,,,,
3,,Value 3,19.061914332516814,,,In Progress,,A2_2,,,PROD753,China
3,Completed-Closed,Value 3,19.06191434304966,Completed,Medium,,Org line A2,A2_2,cn,,,
4,Accepted-In Progress,,,Accepted,,,Org line A2,A2_2,cn,,,Sweden
4,Accepted-Wait,Value 2,18.625817477259233,,,Wait,Org line A2,A2_2,,,,Sweden
4,,,,,,,,A2_2,cn,M1 2nd,PROD753,
4,,Value 3,19.06190428413004,,,In Progress,Org line A2,,cn,M1 2nd,,China
4,,,,,Low,Closed,Org line A2,A2_2,cn,,PROD753,China
5,,Value 4,,Accepted,Medium,,,,,,,Sweden
5,Accepted-Wait,Value 4,,Accepted,,Wait,,,se,,PROD681,Sweden
5,Queued-Awaiting Assignment,,,,Medium,,Org line A2,A2_2,se,,,
5,,Value 4,18.99848930383784,,,In Progress,Org line A2,A2_2,se,M1 2nd,PROD681,
5,Accepted-Assigned,,,,Medium,Assigned,,A2_2,se,G167 2nd,PROD681,
5,Accepted-In Progress,Value 4,19.055115884419866,Accepted,Medium,In Progress,Org line A2,A2_2,se,G167 2nd,,
5,Completed-Closed,Value 4,19.05511629800301,Completed,,,Org line A2,A2_2,,G167 2nd,PROD681,
6,Accepted-In Progress,,,,High,,,,cn,M1 2nd,PROD753,Sweden
6,Accepted-In Progress,,,,,In Progress,,,,,,Sweden
6,Accepted-Wait,,18.625817485404593,,High,Wait,,A2_2,,,,
6,,,,,,,Org line A2,A2_2,,M1 2nd,,Sweden
6,Accepted-In Progress,,,Accepted,,In Progress,,A2_2,cn,M1 2nd,PROD753,Sweden
6,Accepted-In Progress,Value 3,19.062805282968657,,High,In Progress,Org line A2,A2_2,,,PROD753,China
6,,Value 3,,Completed,High,Closed,,,,M1 2nd,,
7,Accepted-In Progress,,,,Medium,,,,cn,,PROD681,
7,,Value 2,,Accepted,,,Org line A2,,,G167 2nd,,
7,Queued-Awaiting Assignment,,18.7972841582491,Queued,,,Org line A2,A2_2,cn,G167 2nd,PROD681,
7,Accepted-In Progress,,,,Medium,In Progress,,A2_2,,M1 2nd,,Sweden
7,,,,Accepted,,,Org line A2,A2_2,cn,,PROD681,Sweden
7,Accepted-In Progress,Value 2,19.05608183979236,Accepted,Medium,,Org line A2,A2_2,cn,,PROD681,
7,Completed-Closed,Value 2,,Completed,Medium,,,A2_2,cn,M1 2nd,PROD681,
8,,,,Accepted,High,,Org line V7n,,,,PROD542,Netherlands
8,Accepted-In Progress,Value 5,19.067398587146972,Accepted,High,,Org line V7n,,nl,,,Netherlands
8,Accepted-In Progress,Value 5,19.067403515735506,Accepted,,,Org line V7n,,nl,,,Netherlands
8,Queued-Awaiting Assignment,,19.07513571767496,,,Awaiting Assignment,Org line V7n,,nl,,PROD542,Netherlands
8,,Value 5,19.075141024055675,Accepted,,In Progress,,,,V37 2nd,PROD542,
8,Queued-Awaiting Assignment,Value 6,19.075141159183516,,High,Awaiting Assignment,,,,V32 2nd,PROD542,Netherlands
8,,,19.07514129950856,,,,,,,,,Netherlands
8,,,19.08930267929024,Completed,,,Org line V7n,,nl,,PROD542,Netherlands
9,,,,Accepted,Low,In Progress,Org line A2,,cn,M1 2nd,PROD753,
9,,Value 2,,Accepted,,Wait,,A2_2,,,PROD753,
9,Accepted-In Progress,,19.0320302018672,,Low,In Progress,,A2_2,,M1 2nd,PROD753,Sweden
9,Accepted-In Progress,,19.061941048727018,,Low,In Progress,Org line A2,,cn,,PROD753,
9,,,19.061941717544727,Completed,Low,Closed,,A2_2,,M1 2nd,,
10,,,,Accepted,,,Org line A2,,,M18 2nd,PROD38,
10,,,19.093311162782825,,Medium,In Progress,Org line A2,,se,M18 2nd,,Sweden
10,,,,,Medium,,Org line A2,A2_1,se,,,Sweden
11,,Value 8,18.542708181599526,Accepted,Medium,In Progress,,E_10,se,G260 2nd,PROD425,Sweden
11,Queued-Awaiting Assignment,Value 8,18.542713678204972,,,Awaiting Assignment,,,se,G260 2nd,,Sweden
11,,,,,Medium,Assigned,,,,G260 2nd,PROD425,
11,Queued-Awaiting Assignment,Value 8,18.736836360062657,Queued,Medium,,Org line C,,se,,PROD425,Sweden
11,,,18.754920855520684,,,In Progress,,,,G152 3rd,,
11,Accepted-Wait,Value 9,,Accepted,,Wait,,C_6,se,,PROD425,Sweden
11,,Value 9,,Queued,Medium,,,,,,,
11,Accepted-In Progress,Value 10,19.07463324582013,Accepted,,,,E_10,,G150 2nd,,
11,,Value 10,19.07661430779273,Completed,,,,E_10,se,G150 2nd,PROD425,
12,Accepted-In Progress,Value 11,18.563327417139917,,,,Org line C,C_6,,G237 3rd,PROD498,Sweden
12,,Value 11,18.568466832670847,Unmatched,,,Org line C,,,G237 3rd,,
12,Completed-Closed,Value 11,,Completed,,,Org line C,,,,,Sweden
13,,,,,,,,,,,PROD761,POLAND
13,Accepted-In Progress,,18.578841071530125,Accepted,,In Progress,Org line A2,A2_1,,,PROD761,POLAND
13,Accepted-Wait,Value 12,18.57884116543854,Accepted,,Wait,,A2_1,,W16 3rd,PROD761,POLAND
13,Queued-Awaiting Assignment,Value 12,,,Medium,Awaiting Assignment,,,pl,,,POLAND
13,Queued-Awaiting Assignment,,18.711310442881665,,,Awaiting Assignment,,A2_1,pl,W15 2nd,PROD761,POLAND
13,Accepted-In Progress,,,Accepted,,,Org line A2,A2_1,pl,W15 2nd,PROD761,
13,,Value 12,18.713837127483355,Accepted,Medium,Wait,Org line A2,A2_1,pl,W15 2nd,PROD761,POLAND
13,Accepted-In Progress,,19.019255523981915,,,In Progress,,,,W15 2nd,,
13,Accepted-Wait,,,,,Wait,Org line A2,,pl,W15 2nd,PROD761,
13,Completed-Closed,Value 12,19.118096949245516,Completed,,,Org line A2,A2_1,pl,W15 2nd,PROD761,
14,Accepted-In Progress,,,,Low,In Progress,,E_3,,L54 2nd,,Sweden
14,,Value 13,18.615196621869988,,,,Org line C,,se,L54 2nd,PROD385,Sweden
14,,,,,Low,Closed,Org line C,E_3,se,,,
15,,Value 14,18.573750628502196,Accepted,,In Progress,,,,,,Sweden
15,Completed-Closed,Value 14,,,,,,,,,PROD631,Sweden
16,Accepted-In Progress,Value 15,,Accepted,,,,C_5,,,,Sweden
16,Accepted-Assigned,Value 15,,Accepted,,Assigned,Org line C,C_5,,N1 3rd,PROD476,
16,Completed-Closed,,19.118095246528537,Completed,Low,,Org line C,,,N1 3rd,,Sweden
17,Accepted-In Progress,,18.575159649907533,,,In Progress,,D_1,in,,PROD611,
17,,Value 16,18.648621060371998,Accepted,High,Assigned,,,,L50 3rd,PROD611,Sweden
17,Accepted-In Progress,,18.69716939565979,Accepted,High,,,D_1,in,L50 3rd,PROD611,
17,Accepted-Assigned,Value 16,,,High,,,,,L50 3rd,,Sweden
17,,,18.841480125495416,Accepted,High,,,,in,,,Sweden
17,,,19.094097891181125,,,,Org line A2,,,,PROD611,Sweden
17,Accepted-Assigned,Value 18,19.094099405770024,,High,Assigned,Org line A2,D_1,,L50 3rd,,INDIA
17,,Value 19,,Accepted,High,,Org line A2,D_1,in,,PROD611,INDIA
17,,Value 19,19.102908104706565,Completed,,,,,,L50 3rd,PROD611,INDIA
18,,Value 3,18.5907795142372,Accepted,Medium,In Progress,Org line A2,,cn,M1 2nd,,China
18,,,,Accepted,Medium,,,A2_2,cn,,PROD753,China
18,,,18.996851015723337,Accepted,Medium,In Progress,Org line A2,,,,PROD753,China
18,,,19.06828141724529,Accepted,Medium,,,,cn,,PROD753,
18,,Value 3,,Completed,,Closed,Org line A2,,,,PROD753,
19,,,18.599444721726414,Accepted,,Wait,Org line A2,A2_2,,,,Sweden
19,Unmatched-Unmatched,Value 20,18.60002173827982,,Low,Unmatched,,A2_2,se,,PROD46,Sweden
19,Queued-Awaiting Assignment,,18.687212320791453,,,,,,se,G357 2nd,PROD46,Sweden
19,Accepted-In Progress,Value 21,18.68721314810547,,Low,,Org line A2,,,,PROD46,
19,,,,Accepted,Low,,,,,,PROD46,
19,Accepted-Assigned,Value 22,,,Low,Assigned,,A2_2,se,G357 2nd,PROD46,POLAND
19,,Value 21,,Accepted,Low,,Org line A2,A2_2,se,G357 2nd,PROD46,POLAND
19,Accepted-Wait,Value 21,19.038424761653417,,Low,,Org line A2,,,G357 2nd,PROD46,
19,,Value 21,,Accepted,,,,,se,,PROD46,
19,,Value 21,,,,Closed,,,,G357 2nd,,POLAND
20,,Value 20,,,,,,,se,,,
20,Accepted-Wait,Value 20,,Accepted,Medium,Wait,Org line A2,,se,G357 2nd,PROD48,
20,Queued-Awaiting Assignment,Value 20,18.687212022039002,Queued,,Awaiting Assignment,,,se,G357 2nd,PROD48,Sweden
20,Accepted-In Progress,Value 23,,Accepted,,,Org line A1,,se,,PROD48,
20,,Value 21,18.687717689805076,Accepted,Medium,,,,,,,POLAND
20,,,18.753335288165026,Accepted,,,,A2_2,,,,
20,Accepted-Assigned,Value 22,18.924550288197135,,Medium,,,A2_2,se,,,
20,,Value 22,19.03616232843563,,Medium,Wait,Org line A2,A2_2,se,,PROD48,POLAND
20,,,,,Medium,,,,se,G357 2nd,PROD48,POLAND
21,Accepted-In Progress,Value 20,18.60230174708256,,,In Progress,Org line A2,A2_2,se,,PROD44,
21,Accepted-Assigned,,18.602305824930003,,,Assigned,Org line A2,A2_2,se,G357 2nd,PROD44,
21,Queued-Awaiting Assignment,,18.687212075661243,Queued,,,Org line A2,,se,,,
21,Accepted-In Progress,,,,,,Org line A2,A2_2,se,,,POLAND
21,,Value 21,18.68721289531515,Accepted,,,Org line A2,,se,G357 2nd,,POLAND
21,,,,Completed,Medium,,,,se,,PROD44,
22,Accepted-In Progress,,18.60572747574817,Accepted,Medium,In Progress,,A2_2,,G357 2nd,,
22,,Value 24,18.68793253727576,Accepted,,,Org line A2,A2_2,,G357 2nd,PROD46,
22,,,18.687932713336213,,Medium,Assigned,Org line A2,,se,G357 2nd,PROD46,POLAND
22,,,18.74072533262209,,Medium,,Org line A2,A2_2,se,,,
22,,,,Accepted,,Assigned,,A2_2,,G357 2nd,PROD46,Sweden
22,,Value 21,19.095461071798333,Accepted,,In Progress,Org line A2,A2_2,se,G357 2nd,,POLAND
22,Completed-Closed,Value 21,,,Medium,Closed,Org line A2,A2_2,,,PROD46,POLAND
23,,,18.60956499408893,Queued,,,Org line V2,,se,,PROD42,Sweden
23,,,18.62003253458725,Accepted,,In Progress,,,,,,Sweden
23,Accepted-Wait,,,,Medium,,Org line V2,,,T12,,
23,,,18.917273874581216,,Medium,,Org line V2,,,,PROD42,
23,,Value 26,,Accepted,,,Org line V2,,,T12,,Sweden
23,,Value 26,19.100351093610787,Completed,,,Org line V2,,se,,,
24,,Value 27,18.611620936706462,Accepted,,In Progress,,A2_1,be,,,Belgium
24,,,18.810814600049696,,Medium,,Org line A2,A2_1,be,G42 3rd,,
24,Queued-Awaiting Assignment,Value 28,18.843298946298116,Queued,,Awaiting Assignment,Org line A2,,be,,,
24,,Value 29,,,Medium,,Org line A2,,be,,PROD787,
24,,,,,Medium,Assigned,Org line A2,A2_1,be,,PROD787,United Kingdom
24,Accepted-Wait,,,,,,Org line A2,A2_1,be,,,United Kingdom
24,Accepted-In Progress,,,,,In Progress,Org line V11,,be,C8,,Denmark
24,,Value 32,18.944333919754435,Queued,,,,A2_2,be,G8 2nd,PROD787,
24,Accepted-In Progress,Value 32,,Accepted,,,,A2_2,be,,PROD787,Belgium
24,Queued-Awaiting Assignment,,18.993264099793407,Queued,,,Org line A2,A2_4,,G7 3rd,,Belgium
24,,,18.993264381826553,,Medium,,Org line A2,,be,,PROD787,
24,Accepted-In Progress,,19.02306626399222,Accepted,,,Org line A2,,be,,PROD787,
24,Completed-Closed,,19.09416659613297,,Medium,Closed,Org line A2,,be,G7 3rd,,Belgium
25,,Value 34,,Accepted,Medium,In Progress,,A2_1,se,,,
25,Queued-Awaiting Assignment,Value 34,18.62430152000816,Queued,Medium,Awaiting Assignment,,,,N15 2nd,PROD180,Belgium
25,Accepted-In Progress,,18.695121371646973,,Medium,In Progress,,A2_1,,,PROD180,
25,,,18.695121447646684,,Medium,Unmatched,,A2_1,,,,Belgium
25,,Value 34,19.06201986607753,,,Closed,,,se,N15 2nd,PROD180,
26,,Value 31,,,,Unmatched,Org line A2,A2_3,se,G356 2nd,,
26,Accepted-Assigned,Value 31,18.85270331335705,,,,,A2_3,,G356 2nd,PROD147,Sweden
26,,Value 31,,Accepted,,,,,,G356 2nd,PROD147,Sweden
26,Completed-Closed,Value 31,19.100855951091866,,Major,,,,,G356 2nd,,Sweden
27,Accepted-In Progress,,18.63422941931183,,,,,A2_3,se,,PROD708,
27,Accepted-In Progress,,,Accepted,High,,,A2_3,,M21 3rd,,Sweden
27,Completed-Closed,Value 35,,,High,Closed,,A2_3,,M21 3rd,,Sweden
28,,,,,Medium,,Org line A2,A2_2,se,G30 2nd,PROD191,
28,Accepted-In Progress,Value 1,19.087584067364002,,Medium,,Org line A2,,,,PROD191,INDIA
28,Completed-Closed,Value 1,19.08758418028903,,Medium,Closed,,A2_2,,,PROD191,INDIA
29,Accepted-In Progress,Value 36,18.635807163778786,Accepted,,,,A2_1,,,PROD577,Sweden
29,,Value 36,19.087153863899736,Accepted,High,,,,,L28 2nd,,Sweden
29,,,,,,Closed,Org line A2,,se,L28 2nd,PROD577,Sweden
30,Accepted-In Progress,,18.639642684506086,,,,Org line A2,A2_1,se,,,Sweden
30,Unmatched-Unmatched,Value 37,,Unmatched,,,Org line A2,A2_1,,,,Sweden
30,,,19.068335169160093,Completed,Medium,,,,,G345 2nd,,Sweden
31,Accepted-Wait,Value 37,18.639694033466256,,Low,,,A2_1,,G345 2nd,PROD541,
31,Accepted-In Progress,,19.068335713362526,Accepted,Low,,,,,,PROD541,Sweden
31,Completed-Closed,,19.06833589650751,Completed,Low,Closed,Org line A2,,,G345 2nd,,Sweden
32,,,,Accepted,,,Org line A2,,,,PROD708,
32,Completed-Closed,,19.089870518965995,Completed,Medium,Closed,,A2_3,,G354 3rd,PROD708,
33,,Value 2,,Accepted,Medium,In Progress,,A2_2,,,PROD753,
33,Accepted-Wait,Value 2,,,,Wait,Org line A2,A2_2,,,PROD753,Sweden
33,Accepted-Assigned,,18.669085128827852,,Medium,,,A2_2,,,,
33,Accepted-Wait,,,,Medium,Wait,,,cn,,,
33,,,,Accepted,,,,,cn,M1 2nd,,Sweden
33,Accepted-In Progress,Value 3,19.068293154791796,Accepted,Medium,In Progress,,,,M1 2nd,PROD753,
33,Completed-Closed,,19.068293374575124,,Medium,Closed,Org line A2,A2_2,,,,
34,,Value 7,,,Medium,In Progress,Org line C,E_4,,,PROD793,Sweden
34,Queued-Awaiting Assignment,,,,Medium,,,E_4,,G88 2nd,PROD793,
34,,,,Queued,,Awaiting Assignment,Org line C,E_4,,,PROD793,Sweden
34,Accepted-In Progress,,19.071411430286116,,Medium,In Progress,,,,G88 2nd,,
34,Completed-Closed,,,Completed,Medium,,,E_4,,,,Sweden
35,,Value 39,18.66046557783297,Accepted,Major,In Progress,Org line A2,A2_3,,,,Sweden
35,,,19.09952875696175,,Major,In Progress,,,,,PROD655,Sweden
35,,Value 39,,,Major,,,A2_3,,M3 2nd,,Sweden
36,,Value 24,,Accepted,Medium,In Progress,,,,G357 2nd,,
36,,Value 24,,Accepted,,Assigned,Org line A2,,se,,PROD46,Sweden
36,,Value 24,18.68793356301884,Accepted,Medium,In Progress,,,,G357 2nd,PROD46,Sweden
36,,Value 40,,Accepted,Medium,Assigned,,,se,,,POLAND
36,,Value 40,,,Medium,In Progress,Org line A2,A2_2,se,G357 2nd,PROD46,
36,Completed-Closed,,19.093338482212694,Completed,Medium,,,,,G357 2nd,PROD46,POLAND
37,Accepted-In Progress,,18.662927815499252,,,In Progress,Org line A2,,se,G349 3rd,,
37,Accepted-Assigned,Value 41,,Accepted,Low,Assigned,,A2_3,se,G349 3rd,PROD40,
37,Accepted-Wait,Value 41,,,Low,Wait,,,,G349 3rd,PROD40,
37,,,19.094196875195788,,Low,,Org line A2,A2_3,,,PROD40,Sweden
38,,Value 42,,Accepted,,,Org line A2,A2_2,,G341 3rd,,Sweden
38,,,,Completed,,,,,se,G341 3rd,PROD246,
39,Accepted-In Progress,Value 39,18.66856560130555,,Major,In Progress,,A2_3,,M3 2nd,PROD655,
39,Accepted-In Progress,Value 39,19.099529142434395,Accepted,Major,In Progress,,,,,PROD655,
39,Completed-Closed,,,Completed,Major,Closed,Org line A2,,,,,
40,,,18.669063809986028,Accepted,,In Progress,Org line A2,,,G21 2nd,PROD98,POLAND
40,Queued-Awaiting Assignment,Value 43,,Queued,,Awaiting Assignment,Org line A2,,,,,
40,,,,Accepted,Medium,,,A2_2,us,G21 2nd,,POLAND
40,,Value 43,18.669094902736937,Accepted,,Assigned,,,,G21 2nd,,
40,,,19.048891126739797,,,,,A2_2,us,G21 2nd,,POLAND
40,,,19.055148477428748,Completed,Medium,Closed,,,us,,,
41,Accepted-In Progress,,,Accepted,,In Progress,Org line A2,A2_2,cn,G4 2nd,,China
41,,,,Accepted,Medium,In Progress,,,,G4 2nd,PROD753,
41,,,19.078269340371495,Completed,,,Org line A2,A2_2,,G4 2nd,,
42,,Value 44,18.675235152269206,,,,Org line C,,,,,Sweden
42,Accepted-In Progress,Value 44,,Accepted,Low,In Progress,,C_3,,G292 3rd,PROD815,
42,,,,Queued,Low,Awaiting Assignment,Org line C,C_3,se,G292 3rd,,
42,Accepted-In Progress,Value 45,18.83524091298419,,Low,,,C_3,se,G292 3rd,,
42,Completed-Closed,Value 45,19.096439213374794,,,Closed,Org line C,,se,G292 3rd,PROD815,Sweden
43,Accepted-In Progress,Value 46,18.67706663504316,Accepted,,,Org line G3,,us,G199 3rd,,
43,Accepted-In Progress,,18.677069892918116,Accepted,Medium,,,,,,PROD98,USA
43,,Value 46,18.677191363064527,Accepted,Medium,Assigned,Org line G3,,,,,
43,Accepted-In Progress,Value 43,19.05243201220282,Accepted,Medium,,Org line G3,,us,,,
43,Completed-Closed,,19.06742795405266,Completed,Medium,Closed,,,,G199 3rd,PROD98,POLAND
44,,Value 24,,Accepted,Medium,,,,se,,PROD48,
44,Accepted-Wait,,18.67711902286176,Accepted,Medium,,Org line F,,se,G207 2nd,PROD48,
44,Accepted-In Progress,,18.68721926101561,Accepted,Medium,In Progress,,,,G207 2nd,PROD48,Sweden
44,,Value 20,18.687219996400778,Queued,Medium,,,,,,,
44,,,,,,,,,,,,Sweden
44,Accepted-Assigned,,18.687223091140766,,Medium,Assigned,,A2_2,se,,,
44,Accepted-Wait,,18.687224699788956,,Medium,,,A2_2,se,G357 2nd,PROD48,
44,,Value 21,,,Medium,,,A2_2,,,,
44,Accepted-Assigned,Value 22,,,Medium,,,,se,,,
44,,Value 22,,Accepted,Medium,Wait,,,se,G357 2nd,PROD48,
44,Completed-Closed,Value 22,,,Medium,,,,se,,PROD48,POLAND
45,Accepted-Wait,Value 2,18.677828657657052,Accepted,Medium,Wait,,,,,PROD753,Sweden
45,Accepted-In Progress,Value 2,,Accepted,Medium,,Org line A2,A2_2,cn,M1 2nd,,Sweden
45,,Value 3,19.062819968359303,,,,,A2_2,,,PROD753,China
45,Completed-Closed,Value 3,19.062820057807457,,Medium,,Org line A2,,cn,,,China
46,,,18.677829090679104,,,Wait,,A2_2,,,PROD753,Sweden
46,Accepted-In Progress,,18.99684903169639,,Medium,In Progress,Org line A2,A2_2,,,PROD753,
46,Accepted-In Progress,,19.068290569717593,Accepted,,In Progress,,,,,,China
46,,Value 3,,,Medium,,,A2_2,,,PROD753,
47,,,,,,In Progress,,,,G357 2nd,,Sweden
47,Accepted-Wait,Value 20,,Accepted,,Wait,Org line A2,A2_2,se,G357 2nd,,Sweden
47,,,18.68721215992476,Queued,Medium,Awaiting Assignment,Org line A2,,,,,
47,,Value 21,18.687213431536968,Accepted,Medium,,Org line A2,,se,G357 2nd,,
47,,,18.68721351580037,,Medium,Wait,,A2_2,,G357 2nd,PROD46,POLAND
47,,Value 22,,,,,Org line A2,A2_2,se,,PROD46,POLAND
47,,Value 22,19.038424599905582,,,,,A2_2,se,,PROD46,POLAND
47,Completed-Closed,Value 22,,Completed,Medium,,Org line A2,A2_2,,G357 2nd,,
48,Accepted-In Progress,Value 46,18.684559269040633,Accepted,,,Org line G3,,us,,PROD96,USA
48,,,,,Low,Awaiting Assignment,Org line G3,,,,,USA
48,Accepted-In Progress,,,,Low,In Progress,,A2_2,us,,,Sweden
48,,,,,,,Org line A2,A2_2,,,PROD96,
48,,Value 47,18.68468338861866,,,In Progress,,,us,G21 2nd,PROD96,
48,,,,Accepted,,,,,,G21 2nd,PROD96,
48,,,,Accepted,,In Progress,Org line G3,,,G199 3rd,,
48,Accepted-Assigned,Value 46,,,Low,Assigned,,,us,G199 3rd,PROD96,
48,,Value 43,19.062391067188518,,,In Progress,,,,,,
48,,Value 43,,,Low,Closed,,,us,,PROD96,
49,Accepted-In Progress,,18.68636158710289,Accepted,,In Progress,,,,G199 3rd,PROD98,USA
49,Queued-Awaiting Assignment,,,,Medium,,,,,G199 3rd,,
49,Accepted-In Progress,,,Accepted,,,Org line G3,,us,G199 3rd,,Sweden
49,Accepted-Assigned,Value 46,,,,,Org line G3,,us,,PROD98,
49,,,,Accepted,,In Progress,Org line G3,,,G199 3rd,PROD98,
49,,,,,,,Org line G3,,us,G199 3rd,,POLAND
50,,Value 15,18.68715575540248,,Low,,,,,S28 2nd,,Sweden
50,,Value 15,18.811954266187275,,Low,Wait,,,se,,PROD633,Sweden
50,Completed-Closed,,,,,Closed,,,se,,PROD633,
51,,Value 39,18.688030422106205,,,,Org line G4,,se,,PROD410,Sweden
51,,Value 39,18.693205987306037,,Medium,,,,se,S30 2nd,,
51,Accepted-In Progress,,18.79195384441349,Accepted,Medium,In Progress,Org line G4,,se,S30 2nd,,Sweden
51,Accepted-Wait,Value 39,18.791961563866924,,Medium,Wait,Org line G4,,se,S30 2nd,PROD410,Sweden
51,,Value 48,19.061442402282086,,Medium,In Progress,,,,S30 2nd,,Sweden
51,,Value 48,19.061442549811545,Completed,Medium,Closed,,,,S30 2nd,PROD410,
52,,,,Accepted,Medium,,,,se,,PROD740,
52,,Value 21,,,Medium,,,,,G357 2nd,PROD740,POLAND
52,,Value 21,,,Medium,Closed,,A2_2,se,G357 2nd,,
53,Accepted-In Progress,,,Accepted,,In Progress,Org line A2,,se,G357 2nd,PROD47,POLAND
53,,Value 22,,,,Assigned,Org line A2,A2_2,se,,PROD47,
53,,Value 21,18.924550040479946,,Medium,Assigned,Org line A2,,,,PROD47,
53,Accepted-Wait,Value 21,,,Medium,,,,,,PROD47,POLAND
53,Completed-Closed,,19.09415314924271,,Medium,,,,,G357 2nd,PROD47,
54,Accepted-In Progress,,,Accepted,Medium,,,,se,,PROD451,Sweden
54,Completed-Closed,Value 49,19.087622758840048,,,Closed,Org line V2,,se,,PROD451,Sweden
55,,,,,,In Progress,,,cn,,,Sweden
55,,,18.693163101285492,,High,,,,,,PROD753,Sweden
55,Queued-Awaiting Assignment,Value 2,,Queued,,Awaiting Assignment,,,cn,,PROD753,Sweden
55,,Value 50,,,High,In Progress,Org line A2,A2_2,,,PROD753,
55,Queued-Awaiting Assignment,Value 2,,,High,Awaiting Assignment,,,,M1 2nd,,
55,Accepted-In Progress,Value 50,18.69316441104204,,,In Progress,Org line A2,A2_2,,M1 2nd,,POLAND
55,,Value 2,,Accepted,,,,A2_2,cn,,,Sweden
55,,,,Accepted,High,In Progress,,A2_2,cn,,PROD753,Sweden
55,,,19.062815138147126,,,In Progress,Org line A2,A2_2,cn,,PROD753,China
55,,,,Completed,,Closed,,A2_2,cn,M1 2nd,,China
56,Accepted-Assigned,Value 51,,Accepted,,,,A2_2,se,G167 2nd,PROD681,
56,Queued-Awaiting Assignment,Value 2,18.797283410303734,Queued,Medium,,,A2_2,,,PROD681,
56,,,,Accepted,Medium,In Progress,Org line A2,A2_2,se,,PROD681,Sweden
56,,Value 4,19.032034304051884,,,,Org line A2,A2_2,,G167 2nd,PROD681,
56,,Value 4,,,,,Org line A2,A2_2,,G167 2nd,PROD681,Sweden
56,Accepted-In Progress,,19.084438201626046,Accepted,Medium,In Progress,Org line F,,se,N10 2nd,PROD681,
56,,Value 44,,,Medium,,Org line F,,se,N10 2nd,PROD681,Sweden
57,,Value 52,18.695805059292713,Accepted,,,Org line A2,D_1,,L50 3rd,,Sweden
57,Accepted-Wait,,,,Medium,Wait,Org line A2,,,L50 3rd,PROD611,Sweden
57,Accepted-In Progress,Value 52,,,,,,D_1,in,,PROD611,
57,,,,,,Closed,Org line A2,,in,,PROD611,Sweden
58,,Value 40,18.696298985131595,Accepted,,,,,se,,,
58,,,18.75424297203137,Accepted,Medium,,Org line A2,,se,,PROD740,
58,Completed-Closed,Value 40,19.094176422396146,,,Closed,,A2_2,,,PROD740,
59,Accepted-In Progress,Value 53,,,Medium,,,E_3,,,PROD151,
59,,Value 53,,Accepted,Medium,,Org line C,E_3,us,,,
59,,Value 53,19.08939166118666,Completed,,,Org line C,,us,,,France
60,Accepted-In Progress,Value 38,,Accepted,Medium,,,A2_3,se,G354 3rd,,Sweden
60,,,19.08987133324178,,,Closed,Org line A2,A2_3,se,,,Sweden
61,Accepted-In Progress,Value 50,18.702980507732804,,Low,,Org line A2,A2_2,,,,POLAND
61,,Value 50,,Accepted,,,Org line A2,,,G4 2nd,,POLAND
61,Queued-Awaiting Assignment,Value 2,18.702981616182182,Queued,Low,Awaiting Assignment,Org line A2,A2_2,cn,,PROD753,Sweden
61,,Value 2,18.99849085815758,,,,Org line A2,A2_2,,,,
61,,Value 3,19.07085657490743,,Low,In Progress,,,cn,M1 2nd,PROD753,
61,Completed-Closed,Value 3,,Completed,Low,Closed,Org line A2,A2_2,cn,,,China
62,,Value 46,,,,,,,,,PROD98,USA
62,,Value 46,,,,Awaiting Assignment,Org line G3,,,,PROD98,USA
62,Accepted-In Progress,Value 54,18.70486425105521,Accepted,Medium,,Org line G3,,,,,Sweden
62,,Value 46,18.704864281160347,Accepted,Medium,,,,us,G199 3rd,PROD98,USA
62,,Value 43,,Accepted,,In Progress,,,us,,PROD98,
62,Completed-Closed,,,Completed,,Closed,Org line G3,,us,G199 3rd,PROD98,
63,,,18.705641857951903,,,,,C_5,,L65 3rd,,France
63,Accepted-In Progress,,18.70611438307133,Accepted,,,Org line C,,fr,L65 3rd,PROD808,
63,,,18.706115330198042,Queued,Major,Awaiting Assignment,,V3_3,,,PROD808,France
63,Accepted-In Progress,,18.706115337714916,Accepted,Major,In Progress,Org line C,C_5,fr,L65 3rd,PROD808,
63,,,18.706116788470748,Accepted,,,,C_5,fr,L65 3rd,PROD808,
63,,Value 55,18.822593871238993,,,,,V3_3,,V42 2nd,PROD808,France
63,Completed-Closed,Value 55,19.10523976663014,,,,,V3_3,fr,V42 2nd,,
64,Accepted-In Progress,Value 41,18.706697290185055,Accepted,,In Progress,Org line A2,,,G349 3rd,PROD40,
64,,,,,,In Progress,,,se,,,
64,Accepted-Wait,Value 41,19.094193183422455,Accepted,Medium,Wait,Org line A2,,,G349 3rd,PROD40,Sweden
64,Completed-Closed,Value 41,,Completed,,Closed,,,se,,,
65,Accepted-In Progress,Value 56,18.706848137356793,,Medium,,,,us,,,
65,,,18.706848805868386,Accepted,,,,,,,PROD98,Sweden
65,,,18.70684911383425,Queued,,Awaiting Assignment,,,,,,USA
65,Accepted-In Progress,Value 54,18.706970505088428,Accepted,Medium,In Progress,,,us,,,Sweden
65,,Value 46,18.706970542640676,,,Assigned,,,,G199 3rd,PROD98,
65,,Value 43,19.062394988796417,Accepted,Medium,In Progress,,,us,,,
65,,Value 43,19.062395025643667,Completed,Medium,Closed,,,us,G199 3rd,,
66,Accepted-In Progress,Value 57,18.70993852931625,Accepted,,In Progress,,,,G51 2nd,,
66,,,18.709963741739056,Accepted,,Assigned,Org line G4,,se,G51 2nd,PROD798,
66,Queued-Awaiting Assignment,,18.724094218970748,Queued,High,,Org line G4,,,,,
66,,,,,High,In Progress,Org line G4,,se,,,Sweden
66,,,18.724108888760302,Unmatched,High,,,,se,,PROD798,
66,Completed-Closed,Value 59,,,,Closed,,,se,G51 2nd,PROD798,
67,,Value 60,18.710109065822746,,,,Org line G4,,se,S30 2nd,,Sweden
67,,,18.710564742883722,,,Unmatched,,,se,,,Sweden
67,Accepted-In Progress,,19.077380343072463,,Low,,Org line G4,,se,S30 2nd,PROD412,Sweden
67,Completed-Closed,Value 60,,Completed,,,Org line G4,,se,S30 2nd,PROD412,Sweden
68,,Value 46,,Accepted,Medium,,Org line G3,,us,,,
68,,Value 46,,Queued,,Awaiting Assignment,Org line G3,,us,,,USA
68,,Value 54,,Accepted,Medium,In Progress,Org line G3,,us,G199 3rd,PROD96,
68,,Value 46,18.71150876022957,Accepted,Medium,,,,us,,PROD96,USA
68,,,,,Medium,,Org line G3,,,G199 3rd,,POLAND
68,,Value 43,19.055675215936905,,,,,,,G199 3rd,PROD96,POLAND
69,,Value 39,,Accepted,,In Progress,Org line A2,,se,,PROD655,Sweden
69,,Value 39,19.099529411250757,,Major,,,A2_3,,M3 2nd,PROD655,Sweden
69,Completed-Closed,Value 39,,Completed,Major,Closed,,A2_3,,M3 2nd,,
70,,Value 46,18.714144549923894,Accepted,,,,,,G199 3rd,,USA
70,,Value 46,,,,Awaiting Assignment,,,,,,USA
70,,,18.714609400808836,,Low,,Org line G3,,,,,Sweden
70,Accepted-Assigned,Value 46,,Accepted,Low,,,,us,,,
70,,Value 43,19.067431871669903,,Low,,,,us,,PROD96,
70,,Value 43,,,Low,,Org line G3,,us,,,POLAND
71,,Value 46,,Accepted,Medium,,,,,G199 3rd,,
71,Queued-Awaiting Assignment,,,Queued,,,Org line G3,,,,PROD98,USA
71,,,,Accepted,,In Progress,,,us,,,
71,Accepted-Assigned,Value 46,,,,,Org line G3,,us,,PROD98,USA
71,Accepted-In Progress,,19.057859339016385,Accepted,Medium,In Progress,Org line G3,,,,,POLAND
71,,Value 43,19.05785934959203,Completed,,Closed,Org line G3,,,G199 3rd,,
72,,Value 61,18.714600665507025,,,,Org line G4,,se,S29 2nd,PROD368,Sweden
72,,Value 61,18.71852024709779,,,In Progress,,,,S29 2nd,PROD368,
72,Accepted-In Progress,Value 62,18.718520373309264,,,,,,se,S29 2nd,,Sweden
72,,,18.86049259129219,,,,Org line G4,,se,S29 2nd,PROD368,Sweden
72,Accepted-Assigned,Value 63,18.96400828135754,,,,,A2_3,,S35 2nd,PROD368,
72,Accepted-Assigned,Value 64,,Accepted,High,Assigned,Org line A2,A2_3,,,PROD368,Sweden
72,,Value 63,,Accepted,,,Org line A2,A2_3,se,S35 2nd,,Sweden
72,,Value 13,,,High,,,A2_3,se,S35 2nd,,Sweden
72,,Value 13,,Accepted,,,Org line A2,A2_3,se,S35 2nd,,
72,,,,Completed,High,,,A2_3,,,PROD368,
73,Accepted-In Progress,,,Accepted,Medium,,,,se,S29 2nd,PROD368,Sweden
73,Accepted-In Progress,Value 61,18.71852067770158,Accepted,Medium,,Org line G4,,se,S29 2nd,,Sweden
73,Accepted-In Progress,Value 62,,,,,Org line G4,,,,,
73,Accepted-Wait,Value 62,,,Medium,Wait,Org line G4,,se,,PROD368,Sweden
73,Accepted-Assigned,Value 63,18.96402493891724,,Medium,Assigned,Org line A2,A2_3,,S35 2nd,,
73,,,,,Medium,,Org line A2,,se,,PROD368,Sweden
73,Completed-Closed,Value 62,,Completed,,,Org line A2,A2_3,,,PROD368,Sweden
74,Accepted-In Progress,Value 46,18.715159861566573,,,In Progress,,,,,PROD98,USA
74,Queued-Awaiting Assignment,,18.715168763315,Queued,Medium,,Org line G3,,,,PROD98,
74,,,,,Medium,In Progress,,,,G21 2nd,,Sweden
74,Queued-Awaiting Assignment,Value 46,18.715171713165617,,,Awaiting Assignment,,,us,,,
74,,,18.7153882203608,,,In Progress,Org line G3,,us,,PROD98,Sweden
74,,Value 46,18.715392852691416,Accepted,,Assigned,,,,G199 3rd,PROD98,
74,Accepted-In Progress,Value 43,19.055677197904625,,Medium,In Progress,,,us,,PROD98,
74,Completed-Closed,,,,Medium,Closed,Org line G3,,,,,
75,,Value 65,18.71527862447936,,Medium,In Progress,Org line C,,se,,PROD607,Sweden
75,Accepted-In Progress,,19.057967823381908,Accepted,,,,,,G120 3rd,,Sweden
75,,,,,Medium,,Org line C,,se,,,
75,Completed-Closed,,19.07464306831616,Completed,,Closed,Org line C,C_5,,,PROD607,
76,,,,Accepted,,,,,,,PROD95,
76,,,,Queued,,,Org line G3,,us,,,
76,,,,Accepted,,In Progress,,,,,,Sweden
76,Accepted-Assigned,,18.71682780458284,,Low,Assigned,Org line G3,,,,PROD95,
76,Accepted-In Progress,Value 43,,,Low,,Org line G3,,,,PROD95,POLAND
76,,,19.06743256301253,Completed,Low,,,,us,,PROD95,POLAND
77,,,18.718363710335417,,Medium,In Progress,Org line B,E_10,,,PROD262,
77,,Value 66,,Queued,,Awaiting Assignment,,E_10,in,,,France
77,Accepted-In Progress,Value 67,18.72928826897838,Accepted,Medium,In Progress,Org line B,E_10,in,G230 2nd,,United Kingdom
77,,Value 68,18.738839449737025,,,,Org line F,V8_1,in,!DO NOT USE!,,Sweden
77,,,,Queued,,,Org line B,,in,G230 2nd,PROD262,
77,,Value 70,,,Medium,,,,in,,,INDIA
77,Accepted-Assigned,Value 71,,,Medium,,Org line B,,in,G230 2nd,PROD262,INDIA
77,Accepted-In Progress,Value 71,,Accepted,,,,E_10,in,G230 2nd,PROD262,INDIA
77,Accepted-Assigned,,,,Medium,,,E_10,,,PROD262,INDIA
77,Accepted-Wait,,,Accepted,,Wait,Org line B,,,G230 2nd,,
77,Accepted-In Progress,Value 70,,,Medium,,,,in,G230 2nd,PROD262,
77,,,,,,,Org line B,,,,PROD262,
78,,Value 46,18.719120032034258,Accepted,Medium,,Org line G3,,us,,,USA
78,,Value 46,18.71912168663787,Queued,Medium,,Org line G3,,,,,
78,Accepted-In Progress,,,Accepted,,,Org line G3,,,G199 3rd,,Sweden
78,,,,,Medium,,,,,,,
78,,,,Queued,Medium,Awaiting Assignment,Org line A2,A2_2,us,G21 2nd,PROD97,Sweden
78,Accepted-In Progress,,,Accepted,,,Org line A2,,us,G21 2nd,PROD97,Sweden
78,,,,,,,,A2_2,us,G21 2nd,,INDIA
78,,Value 73,18.918398605119705,Accepted,Medium,Wait,Org line A2,A2_2,us,,PROD97,INDIA
78,Queued-Awaiting Assignment,,18.953472728923654,Queued,Medium,Awaiting Assignment,Org line G3,,us,,,USA
78,Accepted-In Progress,,,,Medium,In Progress,,,us,,,Sweden
78,Accepted-Assigned,Value 46,18.958486469326733,Accepted,,Assigned,Org line G3,,us,G199 3rd,PROD97,USA
78,Accepted-In Progress,Value 43,,Accepted,Medium,In Progress,,,us,,,
78,Completed-Closed,Value 43,,,Medium,Closed,,,,G199 3rd,,
79,Accepted-In Progress,Value 46,18.720412933736103,,,In Progress,Org line G3,,,G199 3rd,,USA
79,Queued-Awaiting Assignment,,,Queued,Medium,,Org line G3,,,,,USA
79,,,,Accepted,,In Progress,,,us,,,
79,Accepted-Assigned,Value 46,18.72053366029048,Accepted,,Assigned,,,,G199 3rd,,
79,Accepted-In Progress,Value 43,,Accepted,Medium,In Progress,,,,G199 3rd,,
79,,Value 43,19.067825801890535,Completed,Medium,Closed,,,,,PROD97,POLAND
80,Accepted-In Progress,,18.722992395351604,,Medium,In Progress,Org line G3,,,,PROD97,
80,Queued-Awaiting Assignment,,,,,,,,,G199 3rd,,
80,,,18.723084276997763,Accepted,,,,,us,G199 3rd,PROD97,
80,Accepted-Assigned,,18.723086117205117,,,Assigned,,,us,,,USA
80,Accepted-In Progress,,19.048890726580375,Accepted,,,Org line G3,,us,,,POLAND
80,Completed-Closed,Value 43,,Completed,,,,,us,,PROD97,POLAND
81,,Value 46,18.723630677171222,Accepted,,In Progress,,,us,G199 3rd,,
81,,,18.723632080578785,,,,Org line G3,,us,G199 3rd,,
81,,,,,,,Org line G3,,,G199 3rd,PROD97,
81,,Value 46,18.724869687775925,,Medium,,,,,,PROD97,USA
81,Accepted-In Progress,,19.068961345007736,Accepted,Medium,In Progress,Org line G3,,us,,PROD97,
81,,,,Completed,,Closed,,,us,,,POLAND
82,,Value 55,,Accepted,,In Progress,,V3_3,,,,France
82,,Value 55,18.724712835891776,Queued,Major,,Org line C,V3_3,,,,
82,,Value 55,,,,,,,,,,
82,Accepted-In Progress,,18.84158505843405,Accepted,Major,In Progress,Org line C,,fr,V42 2nd,,
82,Accepted-Assigned,,19.10524056848681,,,,,,fr,V42 2nd,PROD793,
82,,,19.105690157522318,,Major,In Progress,,,fr,V42 2nd,,France
82,,Value 75,19.10569023313514,Completed,Major,Closed,,,,V42 2nd,,France
83,Accepted-In Progress,,18.724861137547588,Accepted,,,,,,G199 3rd,,USA
83,Queued-Awaiting Assignment,Value 46,18.724862236761364,,High,Awaiting Assignment,,,,,,
83,,Value 47,18.724870809111923,,,,Org line G3,,,,PROD632,Sweden
83,,,,,,Assigned,,,,,PROD632,USA
83,Queued-Awaiting Assignment,,,Queued,,Awaiting Assignment,Org line C,C_6,,,PROD632,Sweden
83,,,18.986817685726624,,High,In Progress,Org line C,,,,,Sweden
83,Accepted-Wait,Value 76,18.986817980938028,Accepted,,Wait,,E_6,,,,Sweden
83,,Value 76,,Completed,,,Org line C,E_6,se,G48 2nd,,Sweden
84,Accepted-In Progress,,,Accepted,,,Org line G3,,us,,PROD97,
84,Queued-Awaiting Assignment,Value 46,,Queued,Medium,Awaiting Assignment,Org line G3,,,,PROD97,USA
84,,,18.728133950557364,,,In Progress,Org line G3,,,G199 3rd,PROD97,Sweden
84,,Value 46,,Accepted,,,Org line G3,,,G199 3rd,,
84,Accepted-In Progress,,19.061945303874573,Accepted,,,,,us,G199 3rd,PROD97,
84,,,19.06194546186238,Completed,,Closed,,,,G199 3rd,,POLAND
85,Accepted-In Progress,Value 38,18.72855566902311,Accepted,,In Progress,Org line A2,A2_3,,,,
85,Completed-Closed,Value 38,19.08987162003058,,,,,A2_3,se,G354 3rd,PROD708,Sweden
86,,Value 46,,Accepted,,,,,us,G199 3rd,,
86,,Value 46,18.728663062514602,,Medium,Awaiting Assignment,,,,G199 3rd,PROD96,USA
86,Accepted-In Progress,,,Accepted,Medium,,Org line G3,,us,G199 3rd,PROD96,
86,,,,,Medium,,,,,G199 3rd,,USA
86,,Value 43,,,,,,,us,G199 3rd,,POLAND
86,Completed-Closed,,,,,,Org line G3,,us,,PROD96,
87,,,,,Low,In Progress,,,se,G250 3rd,PROD660,Sweden
87,,,,,Low,,,C_6,,,,
87,,Value 77,18.819118894052675,,,,,C_6,se,,,Sweden
87,,Value 77,,,Low,,,C_6,,,,
87,,Value 77,18.820719361925637,Accepted,,,Org line C,,,,PROD660,
87,Accepted-Assigned,,18.82945808057033,,,Assigned,,,se,G250 3rd,,
87,,,,Accepted,,Wait,Org line C,,se,,,Sweden
87,Completed-Closed,Value 2,19.06744337303507,,,Closed,,,,G250 3rd,,Sweden
88,,,,Accepted,,In Progress,Org line G3,,se,G199 3rd,,USA
88,,Value 46,18.73181396357317,,,,,,,G199 3rd,,
88,,Value 47,,Accepted,,,Org line G3,,se,,,Sweden
88,Accepted-Assigned,,18.731996324438796,Accepted,Medium,,Org line G3,,,,,
88,Accepted-In Progress,,19.059685126775094,Accepted,Medium,In Progress,,,,G199 3rd,,
88,Accepted-In Progress,Value 78,,Accepted,,In Progress,,,se,G199 3rd,,
88,,Value 72,19.059729953324815,Queued,,,,A2_2,,,,Sweden
88,,Value 78,19.059730021938034,Accepted,,In Progress,,,,G21 2nd,,
88,Accepted-Assigned,Value 79,,Accepted,Medium,Assigned,,A2_2,,G21 2nd,,Sweden
88,,,,Accepted,,,,,se,G21 2nd,PROD97,Sweden
88,,Value 79,,Completed,Medium,,Org line A2,,se,,PROD97,
89,,,18.73182284284295,,,,Org line G3,,,G199 3rd,PROD97,USA
89,,Value 46,,,,Awaiting Assignment,,,,,,
89,Accepted-In Progress,Value 47,18.73199645628567,Accepted,,In Progress,,,,G199 3rd,PROD97,Sweden
89,,Value 46,,Accepted,,,Org line G3,,,,PROD97,USA
89,,Value 43,19.068979836142056,,Medium,,,,,,PROD97,
89,,Value 43,,Completed,Medium,Closed,,,,G199 3rd,,POLAND
90,Accepted-In Progress,,,Accepted,,In Progress,,,,G199 3rd,PROD97,USA
90,,,18.732487216372785,,Medium,,,,us,,,USA
90,,Value 47,18.73264750922119,Accepted,Medium,In Progress,,,,,PROD97,Sweden
90,Accepted-Assigned,Value 46,,Accepted,,,Org line G3,,us,,,USA
90,Accepted-In Progress,Value 43,19.06783392193686,Accepted,Medium,,Org line G3,,us,,PROD97,POLAND
90,,Value 43,19.067835398301835,,,,,,us,G199 3rd,PROD97,
91,,,18.732956243588003,,,In Progress,Org line G3,,,G199 3rd,PROD98,USA
91,,,,,,In Progress,Org line G3,,us,G199 3rd,,
91,Accepted-In Progress,Value 56,18.732957202219207,,Medium,In Progress,Org line A2,,us,G21 2nd,PROD98,
91,,,,,,,Org line G3,,us,G199 3rd,,
91,Accepted-In Progress,Value 47,,,,,,,,G199 3rd,PROD98,Sweden
91,Accepted-Assigned,,18.73327344912884,,,,,,,,PROD98,USA
91,Accepted-In Progress,Value 43,,Accepted,Medium,In Progress,,,us,,,
91,,Value 43,,Completed,,Closed,Org line G3,,us,,,
92,,Value 46,,Accepted,Medium,In Progress,,,,G199 3rd,,USA
92,Queued-Awaiting Assignment,Value 46,18.73306200946067,,,,Org line G3,,us,,,
92,Accepted-In Progress,,18.73327379295625,Accepted,,In Progress,,,,,,Sweden
92,,,18.733274634235585,,Medium,Assigned,Org line G3,,us,G199 3rd,,
92,Accepted-In Progress,Value 43,19.06914826438389,Accepted,,,Org line G3,,us,,PROD98,POLAND
92,,,19.069148761087863,,,,Org line G3,,us,,,POLAND
93,Accepted-In Progress,,,,,,Org line G3,,,,,USA
93,Queued-Awaiting Assignment,,,,,Awaiting Assignment,,,us,,PROD98,USA
93,,Value 47,,,Medium,In Progress,Org line G3,,,,,Sweden
93,Accepted-Assigned,Value 46,18.734030782450947,Accepted,Medium,Assigned,,,us,G199 3rd,,
93,Accepted-In Progress,,,Accepted,Medium,In Progress,,,us,G199 3rd,PROD98,POLAND
93,,Value 43,,Completed,Medium,Closed,Org line G3,,us,,PROD98,POLAND
94,,,,,Medium,,Org line G3,,,,PROD98,USA
94,Queued-Awaiting Assignment,,18.734195512998042,Queued,Medium,Awaiting Assignment,Org line G3,,,,PROD98,USA
94,Accepted-In Progress,Value 54,18.734332842023267,,Medium,,,,us,,,
94,Accepted-Assigned,,18.73433288586966,,,Assigned,,,us,,PROD98,USA
94,,,19.067437229562756,Accepted,,,Org line G3,,,G199 3rd,PROD98,POLAND
94,Completed-Closed,,,Completed,,Closed,Org line G3,,,,,POLAND
95,Accepted-In Progress,Value 46,18.734247571768393,Accepted,,In Progress,Org line G3,,us,,PROD98,
95,,,,Queued,Medium,Awaiting Assignment,Org line G3,,us,,PROD98,USA
95,Accepted-In Progress,Value 54,,Accepted,Medium,,Org line G3,,,,,
95,Accepted-Assigned,,,Accepted,,Assigned,Org line G3,,,,PROD98,
95,Accepted-In Progress,,,,Medium,In Progress,,,us,,PROD98,POLAND
95,,,,Completed,,,Org line G3,,us,,PROD98,POLAND
96,Accepted-In Progress,,,,Major,In Progress,,,se,,PROD745,
96,Queued-Awaiting Assignment,,18.754206737515908,Queued,,,Org line A2,A2_3,,G356 2nd,,
96,,,,Accepted,Major,In Progress,Org line A2,,se,G356 2nd,,Sweden
96,,Value 31,,Accepted,Major,,,A2_3,,G356 2nd,PROD745,Sweden
96,Accepted-In Progress,Value 31,19.105588770710245,Accepted,Major,,,,,,PROD745,Sweden
96,,Value 31,19.105588896744386,Completed,Major,Closed,Org line A2,A2_3,se,,,
97,,Value 46,18.738103704008893,Accepted,Medium,,,,us,,PROD97,USA
97,,,18.73812466356466,,,Awaiting Assignment,,,us,,,USA
97,,Value 47,18.738418888190576,,,In Progress,Org line G3,,us,G199 3rd,,Sweden
97,Accepted-Assigned,Value 46,,Accepted,,,Org line G3,,,G199 3rd,PROD97,USA
97,,Value 43,,,,In Progress,Org line G3,,,,,POLAND
97,,Value 43,19.069149869521098,,,,Org line G3,,,,,
98,,,18.738694581968478,Queued,Low,,Org line C,,in,G141 3rd,,Sweden
98,Accepted-In Progress,,18.738695629701446,Accepted,,,Org line C,,in,,,
98,,,18.738711753009245,Queued,Low,Awaiting Assignment,Org line C,,in,G141 3rd,,
98,Queued-Awaiting Assignment,Value 82,,Queued,,,,E_7,in,G135 2nd,PROD660,
98,,,,,Low,In Progress,Org line C,E_7,in,G162 2nd,PROD660,
98,,,19.025947182461636,Accepted,Low,,Org line C,E_7,in,,PROD660,
98,,Value 84,,Accepted,,In Progress,,,,G162 2nd,,
98,Completed-Closed,Value 84,19.068360296351983,,Low,Closed,Org line C,,,,,
99,Accepted-In Progress,Value 46,,Accepted,Medium,,Org line G3,,us,,,
99,,,,Queued,Medium,Awaiting Assignment,Org line G3,,us,,,
99,,Value 47,18.740997959522915,,Medium,In Progress,Org line G3,,us,,,Sweden
99,Accepted-Assigned,Value 46,18.74099907017795,,Medium,Assigned,,,us,,PROD96,USA
99,,Value 43,,Accepted,,In Progress,Org line G3,,,G199 3rd,,
99,,Value 43,19.06917467300758,Completed,,,,,us,G199 3rd,,POLAND
100,Accepted-In Progress,Value 46,,Accepted,Medium,,Org line G3,,us,G199 3rd,PROD97,
100,,Value 46,,Queued,,,Org line G3,,,G199 3rd,PROD97,
100,,Value 47,,Accepted,Medium,In Progress,,,,,PROD97,Sweden
100,,Value 46,,Accepted,,,,,us,,,USA
100,Accepted-In Progress,,19.069357046531508,Accepted,,In Progress,,,us,,PROD97,
100,Completed-Closed,Value 43,19.069357433357006,Completed,Medium,Closed,Org line G3,,us,,,
101,Accepted-In Progress,Value 85,18.74123834765084,,,,Org line C,E_10,,G276 2nd,,
101,Accepted-Wait,Value 85,18.741241257881033,Accepted,,,,E_10,se,G276 2nd,PROD698,0
101,Accepted-In Progress,Value 85,,Accepted,,In Progress,,,se,,PROD698,
101,,,19.03617913413088,Queued,Medium,Awaiting Assignment,Org line C,,se,G276 2nd,PROD698,Sweden
101,,,19.036179658291108,Accepted,Medium,In Progress,,E_10,se,G276 2nd,PROD698,Sweden
101,,Value 88,,,Medium,,Org line C,,se,,,
101,,Value 89,19.039006070682614,,,In Progress,,C_6,se,G278 3rd,,Sweden
101,Completed-Closed,Value 89,,,,Closed,Org line C,C_6,se,G278 3rd,,Sweden
102,,,,,Medium,In Progress,,,us,,PROD96,USA
102,Queued-Awaiting Assignment,,18.741259822192514,,Medium,,Org line G3,,,,PROD96,
102,,Value 54,,,Medium,,,,us,,PROD96,Sweden
102,,Value 46,18.74127011297199,Accepted,,,Org line G3,,us,,PROD96,
102,Accepted-In Progress,Value 43,,,Medium,,,,us,,,POLAND
102,,Value 43,,Completed,Medium,,,,us,,,
103,,,,Accepted,Medium,,Org line G4,,,S30 2nd,,
103,,,,Completed,,Closed,Org line G4,,,S30 2nd,,Sweden
104,,Value 45,,,,,Org line G4,,,,PROD412,
104,,Value 60,,Accepted,,,Org line G4,,se,,,
104,Completed-Closed,,,Completed,,,,,,S30 2nd,,
105,,Value 46,,Accepted,,In Progress,,,,,,USA
105,,Value 46,18.745614250453382,,,Awaiting Assignment,Org line G3,,us,,PROD96,
105,,Value 54,18.745737781539006,,Medium,In Progress,Org line G3,,us,G199 3rd,,
105,,Value 46,,Accepted,,,,,us,G199 3rd,,
105,Accepted-In Progress,,18.752019476660546,,Medium,In Progress,Org line A2,A2_2,us,G21 2nd,,Sweden
105,,Value 54,18.752020797709626,,,Wait,,A2_2,,G21 2nd,PROD96,
105,,,,,,,Org line A2,A2_2,us,G21 2nd,PROD96,
105,Queued-Awaiting Assignment,,18.754448054127728,,,,Org line G3,,,,,
105,Accepted-In Progress,,18.754510993597513,,,In Progress,,,us,,PROD96,Sweden
105,,Value 54,,Accepted,,,Org line G3,,us,,PROD96,
105,Accepted-Assigned,Value 46,,,Medium,Assigned,Org line G3,,,G199 3rd,,
105,Accepted-In Progress,Value 43,19.068979407335686,Accepted,Medium,In Progress,Org line G3,,us,,PROD96,
105,Completed-Closed,,,,,,,,us,,,
106,,,,Accepted,Medium,,Org line G3,,us,,PROD96,
106,Queued-Awaiting Assignment,,,Queued,,,Org line G3,,us,,PROD96,
106,Accepted-In Progress,Value 54,18.74623968228749,,Medium,,Org line G3,,us,G199 3rd,PROD96,
106,Accepted-Assigned,Value 46,,,,,Org line G3,,us,G199 3rd,PROD96,USA
106,Accepted-In Progress,Value 43,19.067833230871653,Accepted,,,,,us,G199 3rd,,
106,,Value 43,,Completed,,,,,us,G199 3rd,PROD96,
107,,,,,Medium,In Progress,Org line G3,,,,,USA
107,,Value 46,18.746308722143326,,,,,,,G199 3rd,,USA
107,,Value 54,18.746316867102223,,Medium,In Progress,,,us,G199 3rd,,
107,,Value 46,,,Medium,,,,,,,
107,Accepted-In Progress,,19.0696279393338,,Medium,,,,,,,
107,,Value 43,,,Medium,Closed,,,,G199 3rd,,POLAND
108,Queued-Awaiting Assignment,Value 68,,Queued,High,Awaiting Assignment,Org line C,,se,,PROD153,Sweden
108,Accepted-In Progress,Value 77,18.758615275185196,Accepted,High,In Progress,,E_7,se,,PROD153,
108,Accepted-Assigned,,,Accepted,High,,Org line C,E_7,,,,
108,Accepted-Assigned,Value 92,,,,Assigned,Org line C,E_7,,,,Sweden
108,Accepted-In Progress,,18.769022458783823,Accepted,,,Org line C,,,,,
108,Accepted-In Progress,,,Accepted,High,,Org line C,E_7,,,PROD153,
108,Queued-Awaiting Assignment,Value 68,,Queued,High,Awaiting Assignment,Org line C,,,G153 2nd,,Sweden
108,Accepted-In Progress,,,Accepted,High,In Progress,Org line C,E_7,,,PROD153,Sweden
108,Queued-Awaiting Assignment,,,Queued,,Awaiting Assignment,,,,,,Sweden
108,Accepted-In Progress,,18.849876577795786,,,,Org line C,C_4,se,G155 3rd,,Sweden
108,,,18.849939114014866,,High,,,C_4,se,,PROD153,
108,,Value 8,,Accepted,High,,Org line C,,se,,PROD153,
108,,,,Completed,,,Org line C,,,G155 3rd,,
108,,Value 8,,Accepted,,,,,,,PROD153,Sweden
108,,,,,High,,,,,S1 2nd,PROD153,Sweden
108,Accepted-In Progress,,,,High,,Org line F,,se,S1 2nd,PROD153,
108,Completed-Closed,,,,,,Org line F,,se,S1 2nd,PROD153,
109,,,18.747625538290432,Accepted,Medium,In Progress,,,,,PROD96,
109,,Value 46,18.747626345948486,Queued,Medium,Awaiting Assignment,,,,,,
109,Accepted-In Progress,,,Accepted,,In Progress,,,us,,,Sweden
109,Accepted-Assigned,,,,Medium,,,,,G199 3rd,PROD96,
109,,,,Accepted,,In Progress,Org line G3,,us,G199 3rd,,POLAND
109,Completed-Closed,,,,Medium,,Org line G3,,us,,,POLAND
110,,Value 95,,Accepted,,In Progress,Org line C,C_6,in,,PROD660,
110,,Value 95,18.7500483739465,,,Awaiting Assignment,,C_6,in,,PROD660,Sweden
110,Accepted-Assigned,,18.750677991575103,Accepted,Medium,Assigned,,C_6,,M5 2nd,,Sweden
110,Queued-Awaiting Assignment,,,,Medium,Awaiting Assignment,Org line C,E_7,,,,Sweden
110,,Value 83,,Accepted,,,Org line C,,in,,,
110,,Value 84,,Accepted,Medium,,Org line C,E_7,,G162 2nd,PROD660,Sweden
110,Accepted-In Progress,,,,Medium,In Progress,Org line C,,,G162 2nd,,
110,,Value 84,19.068360814377826,Completed,,Closed,Org line C,,in,G162 2nd,PROD660,
111,,,18.750575215863304,,,,,,us,,PROD96,
111,,Value 46,,Queued,Medium,,Org line G3,,,,,USA
111,,Value 54,18.750789289460023,Accepted,,In Progress,Org line G3,,,,,Sweden
111,Accepted-Assigned,,18.75078932540231,Accepted,,Assigned,,,,G199 3rd,PROD96,
111,,Value 72,,Queued,,Awaiting Assignment,Org line A2,A2_2,us,G21 2nd,PROD96,Sweden
111,,,18.923086750005837,,,Assigned,,,us,G21 2nd,PROD96,
111,Accepted-Assigned,Value 97,18.923120488312605,,,,,,,,PROD96,France
111,,,,,Medium,,Org line G3,,,,,USA
111,Accepted-In Progress,,19.069626460386935,,Medium,In Progress,Org line G3,,us,,,POLAND
111,Completed-Closed,Value 43,19.069627855718487,Completed,,,Org line G3,,,,PROD96,POLAND
112,Accepted-In Progress,Value 3,,Accepted,,,,,,,,
112,Accepted-In Progress,,19.086625449350333,Accepted,,,Org line A2,,,,,China
112,,Value 3,,Completed,,Closed,Org line A2,A2_2,,,,China
113,,Value 98,,Accepted,High,In Progress,,A2_3,,,,
113,Queued-Awaiting Assignment,Value 98,18.753181461665296,,,,,,,M3 2nd,,
113,Accepted-In Progress,,,Accepted,High,,,,,,PROD655,Sweden
113,Accepted-Assigned,Value 39,,Accepted,,Assigned,,,se,,PROD655,
113,,Value 39,19.09632688073958,Completed,High,Closed,,,,,,
114,Accepted-In Progress,,,Accepted,,,Org line A2,A2_2,,,,POLAND
114,Accepted-Wait,,18.75359632029212,Accepted,Medium,,,A2_2,,G357 2nd,,
114,,,18.75377507472513,,,In Progress,Org line A2,,se,G357 2nd,,POLAND
114,Accepted-Wait,,,,Medium,,,A2_2,se,G357 2nd,,
114,Accepted-In Progress,Value 40,18.75421662369426,,Medium,In Progress,Org line A2,A2_2,,,PROD46,
114,Accepted-Wait,,18.75424305083177,,,Wait,Org line A2,,se,G357 2nd,,
114,,,,,Medium,In Progress,Org line A2,A2_2,,G357 2nd,,POLAND
114,Completed-Closed,,,,Medium,,,A2_2,se,G357 2nd,PROD46,POLAND
115,,,18.754326969735303,Accepted,Medium,In Progress,,,cn,,PROD287,
115,,Value 2,,,,,,,,M1 2nd,,
115,,Value 2,18.997483489199062,,Medium,In Progress,Org line A2,,cn,,PROD287,
115,,Value 2,19.10955905584407,,,,Org line A2,,,M1 2nd,PROD287,
115,,,,,Medium,Closed,,A2_2,,,PROD287,Sweden
116,Accepted-In Progress,Value 46,18.754421310099627,Accepted,,In Progress,,,,G199 3rd,,USA
116,,,18.754424884128717,,Medium,Awaiting Assignment,,,us,G199 3rd,,USA
116,,Value 54,18.754426660394937,Accepted,Medium,,Org line G3,,us,G199 3rd,,
116,Accepted-Assigned,Value 46,,,,Assigned,,,us,G199 3rd,PROD98,
116,Accepted-In Progress,,18.798669867314587,Accepted,,,,A2_2,us,,,
116,Accepted-Assigned,Value 56,18.798669928986,Accepted,,,Org line A2,,,,PROD98,Sweden
116,Accepted-Wait,,,,,Wait,Org line A2,A2_2,us,,,
116,,Value 46,18.89229913751418,Queued,Medium,Awaiting Assignment,,,,G199 3rd,PROD98,
116,,Value 78,18.89606114243279,Accepted,,,Org line G3,,us,,,
116,,,18.896061291628424,,Medium,,Org line G3,,,,,
116,Accepted-In Progress,Value 43,,,Medium,,Org line G3,,,,PROD98,
116,Completed-Closed,Value 43,19.069647254283538,Completed,Medium,,Org line G3,,us,G199 3rd,,POLAND
117,,,18.75486285308946,,,,,,,,PROD98,
117,,,18.75486467153323,Queued,Medium,Awaiting Assignment,Org line G3,,,G199 3rd,,USA
117,,,,Accepted,,In Progress,Org line G3,,,,,Sweden
117,,Value 46,,,Medium,Assigned,,,us,G199 3rd,,USA
117,,Value 54,,,Medium,In Progress,Org line A2,,us,,PROD98,Sweden
117,,Value 56,18.755753280021068,,,,,,us,,,Sweden
117,Accepted-In Progress,,,,Medium,In Progress,,,,G21 2nd,PROD98,
117,Queued-Awaiting Assignment,,18.757997816456367,Queued,Medium,Awaiting Assignment,Org line G3,,,,PROD98,
117,Accepted-In Progress,Value 47,18.758160480018383,,,In Progress,Org line G3,,,,,Sweden
117,,Value 46,18.758162706343178,Accepted,,Assigned,Org line G3,,,,,
117,,,,Accepted,,,,,,,,POLAND
117,,,19.069650943730956,,,Closed,Org line G3,,us,,,POLAND
118,Accepted-In Progress,,18.75502789560772,Accepted,,,,,,,,
118,Queued-Awaiting Assignment,,,,,,Org line G4,,se,,,Sweden
118,,,18.792683996807654,,,In Progress,Org line G4,,se,,PROD551,Sweden
118,,,,,High,Wait,Org line G4,,se,S29 2nd,PROD551,Sweden
118,Accepted-Assigned,,18.96402528739879,,High,,Org line A2,A2_3,se,,,
118,,,,Accepted,High,,,,,,PROD551,Sweden
118,Accepted-In Progress,Value 62,19.059263950436343,,High,,,A2_3,se,,PROD551,Sweden
118,Completed-Closed,Value 62,19.059264446793836,,,,,A2_3,se,,,Sweden
119,,,,Accepted,Medium,,Org line G3,,,G199 3rd,PROD98,USA
119,Queued-Awaiting Assignment,Value 46,18.755005927303415,,,,Org line G3,,,,,
119,Accepted-In Progress,,,,,In Progress,Org line G3,,,G199 3rd,PROD98,
119,,Value 46,18.755010615919787,Accepted,,Assigned,Org line G3,,,,PROD98,
119,Accepted-In Progress,,19.05327497044018,,,,Org line G3,,,G199 3rd,PROD98,
119,,Value 43,19.067428441136922,Completed,Medium,,Org line G3,,,G199 3rd,,POLAND
120,Accepted-In Progress,Value 99,18.75558513786456,,,In Progress,,,in,L50 3rd,PROD611,
120,Accepted-Wait,,,,,,,,,,PROD611,
120,Accepted-In Progress,,18.850932053767238,Accepted,,In Progress,,,,L50 3rd,PROD611,
120,,,18.85093210579489,Completed,Medium,,Org line A2,,in,,PROD611,Sweden
120,Accepted-In Progress,Value 99,18.862299314724755,Accepted,,In Progress,,D_1,in,,PROD611,Sweden
120,Accepted-In Progress,,18.942792004673183,Accepted,,,Org line A2,,in,,PROD611,
120,,,19.094266231089236,Completed,,Closed,,,in,,PROD611,Sweden
121,Accepted-In Progress,Value 76,,Accepted,High,In Progress,,,,,PROD368,
121,Accepted-Assigned,,,,High,,Org line G4,,,S33 2nd,PROD368,Sweden
121,,,18.76229115039845,Accepted,,,Org line G4,,se,,PROD368,
121,,Value 76,,,High,,,,,S33 2nd,,
121,,,19.064832918614243,,High,Closed,,,se,,,
122,,,18.759298177991393,,Medium,,,A2_2,,,PROD681,Sweden
122,,,,,Medium,In Progress,,A2_2,se,,PROD681,
122,Accepted-Assigned,Value 4,,,Medium,,,,,G167 2nd,,
122,,Value 44,19.084440230380938,,Medium,In Progress,,,se,N10 2nd,PROD681,Sweden
122,Completed-Closed,,19.084440642310362,Completed,Medium,,Org line F,,,,,Sweden
123,,Value 46,18.759874260245375,,,,Org line G3,,,G199 3rd,PROD98,
123,,,18.759875848772538,,,,Org line G3,,,,PROD98,
123,Accepted-In Progress,Value 47,18.759915853180722,,,In Progress,,,us,G199 3rd,,Sweden
123,Accepted-Wait,,,,Medium,,Org line G3,,,,PROD98,Sweden
123,,Value 46,,,Medium,Assigned,,,us,,PROD98,
123,Accepted-In Progress,,19.06964976791704,,,In Progress,Org line G3,,,,,
123,Completed-Closed,,19.069650421147163,Completed,,Closed,Org line G3,,,,PROD98,POLAND
124,Accepted-In Progress,Value 101,18.764164428538145,Accepted,,,,,,,PROD633,Sweden
124,,Value 101,19.05793714629449,,,Closed,,,se,S28 2nd,,Sweden
125,,,18.764812457457328,,,,Org line C,C_6,,,PROD660,Sweden
125,Accepted-In Progress,Value 102,,,,In Progress,Org line C,C_6,se,M5 2nd,PROD660,
125,Queued-Awaiting Assignment,Value 103,,Queued,Medium,Awaiting Assignment,,E_10,,,PROD660,Sweden
125,,,,,Medium,,Org line C,E_10,,,,Sweden
125,,Value 88,,Accepted,,Assigned,,E_10,se,G140 2nd,PROD660,Sweden
125,,Value 88,,,Medium,In Progress,Org line C,,,,,
125,Accepted-Assigned,Value 76,,Accepted,,,Org line C,,se,,PROD660,Sweden
125,Accepted-Assigned,Value 8,18.77930810468441,,Medium,Assigned,Org line C,C_6,,,,Sweden
125,,Value 76,18.78609664219861,Accepted,,Assigned,Org line C,,se,,PROD660,Sweden
125,,Value 104,18.90789998671479,,Medium,Assigned,Org line C,,se,G141 3rd,,Sweden
125,Accepted-In Progress,,,Accepted,Medium,In Progress,Org line C,,,,PROD660,
125,Accepted-Wait,,,Accepted,,,,,se,,PROD660,
125,,,18.93602216812631,,Medium,,,,,,PROD660,
125,,,19.002896872184788,,Medium,,Org line C,C_6,,G141 3rd,,
125,,,,Accepted,Medium,Assigned,,,,,PROD660,
125,Accepted-Wait,,19.05186787359473,Accepted,,Wait,Org line C,,,G141 3rd,PROD660,
125,,Value 106,19.075614399974246,,,,,C_6,se,G141 3rd,,Sweden
126,Accepted-In Progress,,18.767157178434168,Accepted,Medium,In Progress,Org line G3,,,G199 3rd,PROD98,
126,,,,Queued,,,Org line G3,,,,,USA
126,Accepted-In Progress,Value 47,18.767434409365908,,,,Org line G3,,,,,
126,Accepted-Assigned,,,,,,Org line G3,,us,,PROD98,
126,Accepted-In Progress,,18.911117475722605,,Medium,,Org line G3,,,G199 3rd,,0
126,,Value 107,,,,,,,us,,PROD98,
126,Accepted-In Progress,Value 74,18.922557727805263,,,,,,us,G199 3rd,PROD98,Sweden
126,Queued-Awaiting Assignment,Value 72,,,,Awaiting Assignment,,,us,G21 2nd,,Sweden
126,Accepted-Assigned,Value 56,18.923047026168007,Accepted,,,Org line A2,,,,PROD98,
126,,,18.923053754825496,Queued,,Awaiting Assignment,Org line G3,,,,,
126,,,18.92311625293485,Accepted,Medium,In Progress,,,us,,PROD98,
126,,Value 46,,,,Assigned,Org line A2,A2_2,us,G21 2nd,,USA
126,Accepted-In Progress,,19.069651022118503,,Medium,,,A2_2,,,PROD98,POLAND
126,Completed-Closed,,19.069652798901217,,Medium,,Org line A2,A2_2,us,G21 2nd,PROD98,
127,Accepted-In Progress,,18.76825441668475,,,In Progress,Org line G4,,se,S33 2nd,PROD374,
127,,Value 108,18.76826023740356,Queued,High,Awaiting Assignment,,,,,,Sweden
127,Accepted-Assigned,Value 76,,Accepted,,Assigned,Org line G4,,se,S33 2nd,PROD374,
127,,,,Accepted,High,Assigned,,,,S33 2nd,PROD374,
127,,,18.814314901550233,,High,,,,,S33 2nd,PROD374,
127,Accepted-Wait,,18.856099696003927,,High,,Org line G4,,se,,,
127,Completed-Closed,,,Completed,High,Closed,Org line G4,,,S33 2nd,,
128,Accepted-In Progress,Value 109,18.768484457629402,Accepted,,,Org line V2,,,T3 2nd,PROD29,Sweden
128,Completed-Closed,Value 109,,,,Closed,Org line V2,,se,T3 2nd,PROD29,
129,,,18.7684291435796,Accepted,,,Org line G3,,,G199 3rd,PROD98,USA
129,,,18.768431544916997,,,Awaiting Assignment,Org line G3,,us,G199 3rd,,
129,Accepted-In Progress,,,Accepted,Medium,In Progress,Org line G3,,,,PROD98,Sweden
129,,Value 46,,Accepted,Medium,,,,,G199 3rd,,
129,Accepted-In Progress,,19.06965300793427,,Medium,,,,us,,,POLAND
129,,Value 43,19.069653593226587,,Medium,,,,us,G199 3rd,PROD98,
130,,Value 38,,Accepted,,In Progress,Org line A2,,,,PROD729,
130,,,,,Medium,Wait,,,se,G354 3rd,PROD729,Sweden
130,Completed-Closed,,,,Medium,,Org line A2,,,,,Sweden
131,,Value 46,18.77340156865527,Accepted,Medium,,Org line G3,,us,G199 3rd,,
131,Queued-Awaiting Assignment,Value 46,,Queued,Medium,,Org line G3,,us,,PROD97,USA
131,,,18.77582755589191,Accepted,Medium,In Progress,Org line G3,,,,PROD97,Sweden
131,,,,Accepted,Medium,Assigned,Org line G3,,,G199 3rd,,USA
131,,Value 43,19.067455837935377,Accepted,Medium,,,,,G199 3rd,,
131,Accepted-In Progress,Value 43,19.067467742293854,Accepted,Medium,,,,us,,,
131,Completed-Closed,Value 43,19.06746774753111,Completed,,Closed,Org line G3,,,G199 3rd,,POLAND
132,Accepted-In Progress,,18.779333380966296,Accepted,,In Progress,,,,G199 3rd,,
132,Queued-Awaiting Assignment,Value 46,18.77933563051045,Queued,,Awaiting Assignment,,,,,,
132,Accepted-In Progress,Value 47,18.779708537767693,Accepted,,In Progress,,,,,,Sweden
132,Accepted-Assigned,,,,Medium,,Org line G3,,us,,,
132,,,,Queued,,Awaiting Assignment,,,us,G21 2nd,,
132,Accepted-Assigned,Value 73,18.925220205133854,Accepted,Medium,,Org line A2,,us,,,
132,,Value 73,,,Medium,Wait,Org line A2,A2_2,us,,PROD97,
132,Queued-Awaiting Assignment,Value 46,,Queued,,,Org line G3,,,,PROD97,USA
132,,,,,,,Org line G3,,,,PROD97,
132,Accepted-Assigned,Value 46,,Accepted,Medium,,,,us,,PROD97,USA
132,Accepted-In Progress,Value 43,19.067468595966556,,Medium,In Progress,,,,,PROD97,
132,,,19.067489282904344,Completed,Medium,,,,us,G199 3rd,PROD97,
133,,Value 46,18.780010034992866,,Medium,,Org line G3,,us,G199 3rd,PROD97,USA
133,Queued-Awaiting Assignment,Value 46,,Queued,Medium,Awaiting Assignment,Org line G3,,,,PROD97,USA
133,,Value 54,,Accepted,Medium,In Progress,Org line G3,,us,,PROD97,
133,,,18.7800176447381,,Medium,,Org line G3,,us,G199 3rd,,USA
133,Queued-Awaiting Assignment,,18.79315974330805,Queued,,,,A2_2,,,PROD97,Sweden
133,Accepted-Assigned,Value 110,,,Medium,Assigned,,A2_2,,G21 2nd,,
133,Queued-Awaiting Assignment,Value 46,18.7962038372691,,,Awaiting Assignment,,,us,G199 3rd,,USA
133,Accepted-In Progress,,18.796223758036515,,Medium,,,A2_2,us,G21 2nd,PROD97,Sweden
133,,Value 46,,Accepted,Medium,,Org line G3,,,,PROD97,USA
133,Accepted-In Progress,,19.067815708020845,,,In Progress,,,us,,PROD97,POLAND
133,Completed-Closed,,,,Medium,Closed,Org line G3,,us,,PROD97,POLAND
134,,Value 46,18.781716114398662,Accepted,Medium,In Progress,,,us,,,
134,,Value 46,,Queued,Medium,Awaiting Assignment,Org line G3,,us,G199 3rd,PROD98,USA
134,,Value 54,18.781840073984956,,,,Org line G3,,us,G199 3rd,PROD98,
134,Accepted-Assigned,Value 46,,,,,,,,,PROD98,
134,,,,,Medium,,Org line G3,,us,,PROD98,POLAND
134,Completed-Closed,,,,Medium,Closed,Org line G3,,,,PROD98,POLAND
135,,,,,,In Progress,,,us,G199 3rd,PROD97,USA
135,Queued-Awaiting Assignment,,18.78181177377675,Queued,Medium,,Org line G3,,us,G199 3rd,,
135,,,,,Medium,,Org line G3,,,,,Sweden
135,Accepted-Assigned,Value 46,18.781832059971332,Accepted,Medium,,,,,,,USA
135,,,19.067455769850206,Accepted,,In Progress,Org line G3,,,,PROD97,
135,Completed-Closed,,19.06746568928658,,Medium,Closed,Org line G3,,us,,,
136,,,18.784162287345413,,,,,,,,,USA
136,Queued-Awaiting Assignment,Value 46,,Queued,,,,,us,,PROD97,USA
136,Accepted-In Progress,,,,,In Progress,,,,,PROD97,
136,,Value 46,18.784201290197256,Accepted,,,Org line G3,,,,PROD97,
136,Accepted-In Progress,Value 54,18.78904669002532,,Medium,In Progress,,,us,,PROD97,Sweden
136,Accepted-Wait,Value 54,18.812669127583646,,,Wait,,,,,,Sweden
136,,Value 46,18.81266941138263,,Medium,,Org line G3,,,,,
136,,,,Accepted,Medium,In Progress,Org line A2,,us,G21 2nd,,Sweden
136,,,18.81803064600203,,,,Org line A2,A2_2,,G21 2nd,,
136,,Value 46,18.82137317426463,,,,Org line G3,,,G199 3rd,,USA
136,,Value 54,18.826038039582308,,Medium,,Org line G3,,us,G199 3rd,,
136,Accepted-Assigned,,,,,,Org line G3,,,,,USA
136,Accepted-In Progress,,19.06965470110039,,Medium,,Org line G3,,,,,POLAND
136,,,19.06965571490836,Completed,Medium,,Org line G3,,us,G199 3rd,,POLAND
137,,,18.787908555994115,Accepted,Low,,Org line C,C_6,se,,PROD424,
137,,Value 81,18.78790888154042,Queued,,,,,,G261 3rd,,
137,,,,Accepted,Low,,,C_6,se,N54 3rd,PROD424,USA
137,Accepted-Wait,Value 111,18.78964791890859,,Low,,Org line C,C_6,,,,USA
137,Accepted-In Progress,Value 81,,Accepted,,In Progress,Org line C,,se,,PROD424,
137,Accepted-Assigned,,,Accepted,Low,Assigned,,C_6,,,,USA
137,Accepted-In Progress,,,,,In Progress,Org line C,,,G261 3rd,PROD424,USA
137,,,18.873812458290942,Accepted,Low,,Org line C,,se,,PROD424,Sweden
137,,Value 112,,Accepted,Low,Assigned,,C_6,,G261 3rd,PROD424,
137,Accepted-In Progress,,19.002896726933454,Accepted,,,Org line C,C_6,,G141 3rd,PROD424,
137,Accepted-Assigned,,19.019218315750777,Accepted,Low,Assigned,Org line C,,,G261 3rd,,
137,,Value 113,,,,,,,se,,,Sweden
137,Completed-Closed,,19.061931095402734,Completed,,,,,se,G261 3rd,PROD424,
138,Accepted-In Progress,,18.788938172195483,,Low,,,,se,S30 2nd,,
138,Accepted-Assigned,Value 114,19.061114769968654,,Low,,Org line G4,,se,S30 2nd,PROD412,Sweden
138,,,,,,,Org line G4,,,S30 2nd,PROD412,Sweden
138,Completed-Closed,,,Completed,Low,,,,se,,PROD412,Sweden
139,Accepted-In Progress,Value 46,18.789038422216937,,Medium,,Org line G3,,,,PROD97,
139,Queued-Awaiting Assignment,,18.78904172242982,,Medium,Awaiting Assignment,,,us,G199 3rd,PROD97,
139,Accepted-In Progress,Value 54,18.78904986567581,,Medium,,Org line G3,,us,,,Sweden
139,,Value 46,18.789049914106133,,Medium,Assigned,Org line G3,,,G199 3rd,PROD97,USA
139,Queued-Awaiting Assignment,,,,,Awaiting Assignment,Org line A2,A2_2,us,,,Sweden
139,,Value 73,18.925216660917975,Accepted,Medium,,,A2_2,us,G21 2nd,PROD97,
139,,,,,Medium,,Org line A2,,,,,
139,Queued-Awaiting Assignment,,18.933494729615994,,Medium,,Org line G3,,,,PROD97,
139,,Value 78,,Accepted,,,,,,,PROD97,
139,Accepted-Assigned,,,Accepted,Medium,Assigned,Org line G3,,us,,,
139,Accepted-In Progress,,19.067825869950514,Accepted,Medium,In Progress,Org line G3,,,G199 3rd,PROD97,
139,Completed-Closed,,19.06782596942278,Completed,Medium,,Org line G3,,,G199 3rd,,POLAND
140,,,18.793197177287905,,Medium,In Progress,,,,S28 2nd,PROD108,Sweden
140,Completed-Closed,Value 115,19.064753141092663,,,,Org line G4,,se,,PROD108,Sweden
141,Accepted-In Progress,Value 46,,Accepted,Medium,,,,us,,,USA
141,Queued-Awaiting Assignment,,18.79365481548537,,Medium,Awaiting Assignment,,,,,PROD98,USA
141,Accepted-In Progress,Value 54,18.794462156364418,,,In Progress,,,,G199 3rd,PROD98,Sweden
141,,Value 46,,,,,Org line G3,,,,,USA
141,Accepted-In Progress,Value 43,19.055678210084483,Accepted,Medium,In Progress,Org line G3,,us,,PROD98,POLAND
141,,Value 43,,Completed,Medium,,,,,G199 3rd,PROD98,
142,Accepted-In Progress,Value 46,18.79445157291036,,,,,,us,G199 3rd,PROD97,
142,,Value 46,18.794452907890584,,Medium,,,,us,,PROD97,
142,Accepted-In Progress,Value 54,18.79446055990778,Accepted,Medium,In Progress,Org line G3,,us,G199 3rd,,
142,Accepted-Assigned,,18.794460601195482,Accepted,Medium,,Org line G3,,us,G199 3rd,,USA
142,Accepted-In Progress,Value 43,19.06965644652172,Accepted,,In Progress,,,us,G199 3rd,,
142,,Value 43,19.069656807102394,,,Closed,Org line G3,,,,PROD97,
143,,,,Accepted,,In Progress,,,,,PROD96,USA
143,,,,,,,Org line G3,,,G199 3rd,,USA
143,,Value 54,18.800358333779627,,Medium,In Progress,Org line G3,,,G199 3rd,PROD96,
143,,Value 46,,,,,,,us,G199 3rd,,USA
143,Accepted-In Progress,Value 43,,,,In Progress,Org line G3,,,,PROD96,POLAND
143,Completed-Closed,Value 43,,Completed,Medium,Closed,,,,G199 3rd,,POLAND
144,,Value 46,,Accepted,,In Progress,Org line G3,,,,PROD98,
144,,Value 46,,,,Awaiting Assignment,,,,G199 3rd,,
144,,Value 54,,,,In Progress,,,us,,PROD98,Sweden
144,,,18.80148439615145,Accepted,Medium,,,,us,,PROD98,USA
144,,Value 43,,,,In Progress,,,,G199 3rd,,
144,Completed-Closed,,,Completed,Medium,,Org line G3,,,,PROD98,POLAND
145,,,18.801987474241347,Accepted,,,Org line G4,,se,,PROD680,
145,Accepted-Assigned,,18.801995464939356,,,Assigned,,,se,,,
145,,,18.804474107051654,Accepted,High,In Progress,Org line G4,,,S33 2nd,PROD680,Sweden
145,,,18.80498909794833,,High,,,,,S33 2nd,PROD680,
145,Accepted-In Progress,,18.881162426762724,Accepted,,In Progress,,,se,S33 2nd,PROD680,Sweden
145,Accepted-Wait,Value 76,18.907751233507778,Accepted,,Wait,Org line G4,,,,,
145,Completed-Closed,Value 76,19.062526714303957,,,Closed,Org line G4,,,S33 2nd,,
146,,Value 58,18.804396984066003,Queued,Medium,,,,,G51 2nd,,
146,,,19.065645124360007,,Medium,In Progress,Org line G4,,,,PROD821,Sweden
146,,Value 116,,Completed,Medium,,Org line G4,,,,,Sweden
147,Accepted-In Progress,Value 88,18.805065208449292,Accepted,Medium,,,,,S29 2nd,PROD368,Sweden
147,Accepted-Assigned,Value 88,,,,Assigned,Org line G4,,,,,
147,,Value 62,18.8565630495295,Accepted,Medium,,Org line G4,,se,,,Sweden
147,Accepted-Wait,Value 62,18.86049088427307,,Medium,Wait,,,,S29 2nd,,Sweden
147,Accepted-Assigned,,,Accepted,,,Org line A2,A2_3,se,S35 2nd,PROD368,
147,Accepted-Wait,,18.96402720404514,Accepted,Medium,,Org line A2,A2_3,se,S35 2nd,,
147,,,19.059270503391495,Accepted,,,,A2_3,se,S35 2nd,PROD368,
147,Accepted-In Progress,Value 13,19.092886960056163,,Medium,,,,,,PROD368,Sweden
147,,Value 13,19.09288696516197,Completed,Medium,Closed,Org line A2,A2_3,,S35 2nd,PROD368,Sweden
148,,,,Accepted,Low,In Progress,,,se,G37 2nd,PROD415,
148,,,18.810342548397664,Accepted,,In Progress,Org line C,,,G37 2nd,,
148,,Value 8,,Completed,Low,Closed,,,se,G37 2nd,PROD415,Sweden
149,,,,,,In Progress,Org line G4,,,,,Sweden
149,,,19.029648111223345,Completed,,,,,se,S30 2nd,PROD412,Sweden
149,,Value 48,,,Medium,In Progress,Org line G4,,se,S30 2nd,PROD412,Sweden
149,,,,Accepted,Medium,,Org line G4,,,,PROD412,Sweden
149,,Value 60,,Completed,,,Org line G4,,,,PROD412,Sweden
150,,,18.81022556750946,Accepted,,In Progress,Org line G4,,se,S30 2nd,PROD412,Sweden
150,,Value 48,18.86937842360399,Accepted,Medium,Wait,Org line G4,,,,PROD412,
150,Completed-Closed,Value 48,,,Medium,Closed,,,se,S30 2nd,PROD412,
151,,Value 2,,Accepted,,,Org line A2,A2_2,cn,M1 2nd,,
151,,Value 2,,,Low,,,A2_2,,,PROD753,
152,Accepted-In Progress,Value 81,,Accepted,,In Progress,Org line C,,se,,PROD660,
152,Queued-Awaiting Assignment,,,Queued,Medium,Awaiting Assignment,Org line C,C_6,,,,Sweden
152,Accepted-In Progress,Value 117,,Accepted,,In Progress,,,,,PROD660,
152,Accepted-Assigned,Value 81,18.812822549729358,,,,Org line C,C_6,se,G141 3rd,PROD660,Sweden
152,Accepted-Assigned,,18.813174824159013,Accepted,,Assigned,,C_6,,,PROD660,Sweden
152,Accepted-In Progress,,19.011970216853225,,,,Org line C,C_6,se,,,Sweden
152,,,19.029633849742698,,Medium,Assigned,Org line C,C_6,,,PROD660,Sweden
152,,,19.03330198968667,Accepted,Medium,,,,,,PROD660,
152,,Value 106,19.03333598428227,,Medium,Wait,,C_6,se,G141 3rd,,
152,Completed-Closed,,,Completed,,,Org line C,,se,G141 3rd,PROD660,Sweden
153,,,18.81265741742676,,Medium,,Org line G3,,,,PROD98,
153,,Value 46,18.812661160907865,,,,,,,,,USA
153,,Value 54,18.812668715399262,,Medium,,,,,G199 3rd,PROD98,
153,,,18.812668755941996,,Medium,Assigned,Org line G3,,,G199 3rd,PROD98,USA
153,Accepted-In Progress,,18.814562442660183,,Medium,In Progress,,A2_2,,G21 2nd,PROD98,Sweden
153,Accepted-Assigned,Value 56,,Accepted,,Assigned,Org line A2,,us,G21 2nd,PROD98,Sweden
153,,Value 56,,Accepted,,Wait,,A2_2,,,PROD98,Sweden
153,Queued-Awaiting Assignment,,,Queued,,Awaiting Assignment,,,,G199 3rd,PROD98,USA
153,,,,Accepted,,,Org line G3,,,,PROD98,Sweden
153,,Value 46,,,Medium,,,,,,PROD98,USA
153,,,19.067831613148964,,,In Progress,Org line G3,,us,G199 3rd,,
153,Completed-Closed,,,Completed,Medium,,,,us,,,
154,Accepted-In Progress,Value 8,18.814462857545582,,,In Progress,,,se,S33 2nd,PROD304,
154,,,18.856100051850316,Accepted,Low,Wait,,,,,,
154,Completed-Closed,,19.06560879477168,,Low,Closed,Org line G4,,,,PROD304,
155,,,18.814546242628175,Accepted,Low,In Progress,,,se,S33 2nd,PROD374,
155,,,18.878246758241865,,Low,Wait,,,,S33 2nd,,
155,,,,,,,Org line G4,,se,,PROD374,
155,Completed-Closed,,,,Low,Closed,,,,S33 2nd,,Sweden
156,Accepted-In Progress,,,Accepted,,,,,in,,PROD424,
156,,Value 66,18.816839643316168,Queued,,Awaiting Assignment,Org line B,E_10,,,PROD424,
156,,,18.817792466145093,,,In Progress,Org line B,,in,,,France
156,,,18.81779340058455,Queued,,,Org line C,,in,G261 3rd,PROD424,
156,Accepted-In Progress,,18.83122170807969,Accepted,Medium,,Org line C,C_6,in,,PROD424,
156,Queued-Awaiting Assignment,,,,Medium,,Org line C,E_1,in,G195,PROD424,
156,Accepted-In Progress,,18.843138227104713,Accepted,Medium,,Org line C,,in,G195,,Sweden
156,,,18.84314574490582,Queued,,Awaiting Assignment,,,,,,
156,Accepted-In Progress,,,,Medium,In Progress,,E_10,in,G230 2nd,PROD424,
156,,Value 71,,Accepted,,,,,,,,
156,Accepted-Wait,Value 71,,,Medium,Wait,,E_10,in,G230 2nd,PROD424,INDIA
156,,,,Accepted,,,,,,,PROD424,INDIA
156,Accepted-Wait,Value 71,,,Medium,,,E_10,,,PROD424,
156,Accepted-In Progress,Value 71,19.08101577060665,,Medium,In Progress,,E_10,,,PROD424,INDIA
156,,,,,,,,,in,G230 2nd,,INDIA
157,Accepted-In Progress,Value 121,18.817368577574296,,Low,,,,,G349 3rd,,
157,,Value 121,,Accepted,Low,Assigned,Org line A2,A2_3,se,,,
157,Accepted-Assigned,Value 122,19.044705526780053,,Low,Assigned,Org line A2,A2_3,se,,PROD93,
157,Accepted-In Progress,,19.094220672529133,Accepted,Low,In Progress,,,,,,
157,Accepted-Wait,,,Accepted,,,,,,G349 3rd,PROD93,
157,,Value 41,,Completed,,,,,se,,,Sweden
158,,,18.817777743566474,,Medium,,,,,,,Sweden
158,,,18.817780217512645,,Medium,,,C_6,,G141 3rd,PROD734,
158,,,,Accepted,Medium,,,C_6,se,G141 3rd,,Sweden
158,,,18.943255428401496,Accepted,Medium,,,,se,G141 3rd,PROD734,Sweden
158,Accepted-Assigned,,,,Medium,Assigned,Org line C,,se,G141 3rd,PROD734,
158,,Value 105,19.0019117731094,Accepted,,,,C_6,se,,,
158,,Value 106,,,Medium,Assigned,Org line C,C_6,,,,Sweden
158,Accepted-Wait,Value 106,,,,,Org line C,C_6,se,,PROD734,Sweden
158,,Value 106,,Completed,,,Org line C,,se,G141 3rd,,
159,Accepted-In Progress,Value 124,,Accepted,High,,Org line A2,,se,U5 2nd,PROD831,Sweden
159,,,19.03857922428334,,,Assigned,Org line A2,,se,,PROD831,
159,Accepted-In Progress,,19.070641532840117,,High,In Progress,,A2_3,se,U5 2nd,,Sweden
159,Accepted-Assigned,Value 125,19.070642963300614,,High,Assigned,,A2_3,,,PROD831,
159,,Value 126,19.105584949347556,Queued,,,,A2_3,,,PROD831,
159,Accepted-Assigned,,,,,Assigned,,A2_3,,,PROD831,
159,,Value 125,,Accepted,,In Progress,Org line A2,,se,,PROD831,Sweden
159,,,,Completed,High,Closed,,,se,U6 2nd,,Sweden
160,Accepted-In Progress,,18.81906575387913,Accepted,Medium,,,C_6,se,,PROD660,
160,Queued-Awaiting Assignment,Value 77,18.81907168235429,,,,Org line C,,se,,,Sweden
160,,,18.819082209843046,,Medium,,Org line C,C_6,,,,
160,,,,Accepted,,Wait,Org line C,,,G250 3rd,,
160,Accepted-Assigned,Value 13,18.85323343506874,Accepted,Medium,Assigned,Org line C,,,,PROD660,
160,Accepted-In Progress,Value 77,18.902442685004907,,Medium,,,C_6,,G250 3rd,,Sweden
160,Accepted-Wait,Value 77,18.92102939541392,,Medium,Wait,Org line C,C_6,se,,,
160,,,18.958971317243563,,Medium,In Progress,Org line C,,se,G250 3rd,PROD660,Sweden
160,Completed-Closed,Value 127,19.05559389358012,,Medium,,,,,,PROD660,Sweden
161,,Value 39,18.821386330151046,,Major,In Progress,Org line A2,,,M3 2nd,,Sweden
161,,Value 39,19.099529588770956,Accepted,Major,,,,se,,,Sweden
161,Completed-Closed,,,Completed,,Closed,,A2_3,se,M3 2nd,PROD655,Sweden
162,,Value 31,18.82139821986895,,Medium,In Progress,,A2_4,se,,PROD194,
162,Accepted-Wait,Value 31,,Accepted,,,,,,G61 3rd,,Sweden
162,Queued-Awaiting Assignment,Value 31,19.061992883406504,Queued,,,Org line A2,,se,G61 3rd,,Sweden
162,Accepted-In Progress,Value 31,19.074722112757613,,,,Org line A2,,se,,,Sweden
162,,Value 31,,Accepted,Medium,Wait,,A2_4,se,G60 2nd,PROD194,
162,Completed-Closed,Value 31,,,,Closed,Org line A2,A2_4,,,,Sweden
163,Accepted-In Progress,,18.82256755090369,Accepted,Medium,In Progress,Org line C,E_4,us,G88 2nd,PROD793,
163,Accepted-In Progress,Value 128,,,,,,,,G88 2nd,,
163,Completed-Closed,,19.058883647074026,,,,Org line C,,,G88 2nd,,USA
164,Accepted-In Progress,Value 81,18.823031554332292,,Medium,In Progress,,,se,G141 3rd,,
164,Queued-Awaiting Assignment,,18.825336638068517,,Medium,Awaiting Assignment,,,se,G141 3rd,PROD660,
164,Accepted-In Progress,,18.825624035938176,Accepted,,In Progress,,C_6,,,,Sweden
164,Accepted-Assigned,Value 123,,,Medium,,,,se,G141 3rd,,
164,,Value 123,19.003314332309944,Accepted,,In Progress,Org line C,C_6,,,,
164,Accepted-Assigned,,,Accepted,,,Org line C,C_6,,,,Sweden
164,Completed-Closed,,,Completed,,Closed,,,se,G141 3rd,PROD660,
165,,,,,,In Progress,Org line G4,,,G51 2nd,PROD821,
165,Queued-Awaiting Assignment,,,Queued,,,Org line G4,,se,G51 2nd,,
165,,,,,,In Progress,,,se,G51 2nd,,
165,Completed-Closed,,,,,,Org line G4,,,G51 2nd,PROD821,Sweden
166,,Value 46,18.826024237999174,,,,,,,G199 3rd,,USA
166,,,,,Medium,,Org line G3,,,,,USA
166,Accepted-In Progress,,,Accepted,Medium,,Org line G3,,,G199 3rd,PROD98,Sweden
166,,,18.826040866549743,Accepted,,Assigned,Org line G3,,,G199 3rd,PROD98,
166,Accepted-In Progress,Value 43,,Accepted,Medium,,,,us,G199 3rd,,POLAND
166,Completed-Closed,,19.069657894069437,,,Closed,,,,,,
167,,,,Accepted,,,,,,G199 3rd,PROD97,
167,Queued-Awaiting Assignment,Value 46,,,,Awaiting Assignment,Org line G3,,,,PROD97,
167,Accepted-In Progress,Value 54,18.82711303751918,,Medium,,Org line G3,,,,,Sweden
167,Accepted-Assigned,Value 46,,Accepted,,Assigned,Org line G3,,us,G199 3rd,,USA
167,,Value 43,19.069657951553236,,,In Progress,,,,G199 3rd,,
167,Completed-Closed,Value 43,,Completed,Medium,,,,,,PROD97,POLAND
168,,Value 3,18.82665545552396,Accepted,,,Org line A2,A2_2,cn,M1 2nd,PROD753,China
168,,Value 3,,Accepted,Medium,,,,cn,M1 2nd,,China
168,,Value 3,,,Medium,Closed,Org line A2,,,M1 2nd,PROD753,China
169,,,18.82946624677702,Accepted,,,,,us,G199 3rd,PROD97,
169,Queued-Awaiting Assignment,,,Queued,,,Org line G3,,us,G199 3rd,,USA
169,,Value 54,,,Medium,In Progress,Org line G3,,,G199 3rd,PROD97,Sweden
169,Accepted-Assigned,,18.829517714271716,Accepted,Medium,,Org line G3,,us,G199 3rd,PROD97,
169,,,19.067438020412546,Accepted,Medium,In Progress,Org line G3,,us,G199 3rd,PROD97,
169,Completed-Closed,Value 43,19.06743809897375,Completed,,,,,,G199 3rd,PROD97,POLAND
170,,Value 46,,,Medium,In Progress,Org line G3,,us,G199 3rd,PROD97,
170,,Value 46,,,Medium,Awaiting Assignment,,,,,PROD97,USA
170,,,,,Medium,In Progress,,,us,G199 3rd,,Sweden
170,,Value 46,,Accepted,Medium,,Org line G3,,,G199 3rd,PROD97,
170,,,19.069663647658952,Accepted,,,,,,G199 3rd,,POLAND
170,Completed-Closed,Value 43,19.069688318215636,,,Closed,Org line G3,,,G199 3rd,PROD97,
171,,,18.832876788398156,Accepted,,,,,us,,PROD546,
171,Accepted-In Progress,,19.013202237397042,,Low,,Org line A2,,,,PROD546,USA
171,Queued-Awaiting Assignment,Value 62,19.013202281631546,,,,,A2_4,,,,
171,Accepted-In Progress,Value 62,,,,,Org line A2,,us,G113 2nd,,
171,Accepted-Assigned,Value 108,19.04239911711249,Accepted,Low,,Org line A2,A2_4,,,,USA
171,,,19.05561917337887,,,,Org line A2,A2_4,,,,USA
172,Accepted-In Progress,Value 80,18.832911367594143,Accepted,Medium,,,,us,,,Sweden
172,Accepted-Wait,,18.832919340107775,,Medium,Wait,,A2_4,,L23 3rd,,
172,,Value 80,19.11431507083727,Completed,Medium,Closed,Org line A2,A2_4,us,L23 3rd,PROD521,
173,,,,,,,,,,M1 2nd,PROD753,
173,Completed-Closed,Value 2,,,High,Closed,,,cn,M1 2nd,PROD753,Sweden
174,Accepted-In Progress,Value 81,18.835109339708435,,,,,C_6,,,,
174,Queued-Awaiting Assignment,Value 81,18.835111427574216,Queued,,,,C_6,se,G141 3rd,,
174,Accepted-In Progress,Value 104,,Accepted,,In Progress,,C_6,se,G141 3rd,PROD660,
174,Queued-Awaiting Assignment,Value 84,18.83685276132253,Queued,,,,,,,,
174,Accepted-In Progress,Value 84,18.999981493998387,,Medium,,,,se,,,
174,Accepted-Wait,Value 84,18.999981527615788,Accepted,Medium,Wait,,E_7,se,,PROD660,
174,Accepted-In Progress,Value 84,19.068361060309194,,,,,E_7,se,,,
174,Completed-Closed,,19.06836116496082,,,,Org line C,,se,G135 2nd,PROD660,
175,Accepted-In Progress,Value 129,,Accepted,Medium,,,,,S30 2nd,PROD412,
175,,,18.837964719938952,Accepted,Medium,Wait,,,,S30 2nd,,
175,Queued-Awaiting Assignment,,18.849937161037825,,Medium,Awaiting Assignment,Org line G4,,,S30 2nd,PROD412,
175,,,,Accepted,Medium,,,,,S21 2nd,PROD412,
175,Accepted-Wait,,18.84994102792866,Accepted,Medium,Wait,,A2_3,,S21 2nd,,Sweden
175,,,,,Medium,,Org line G4,,,,,
175,Accepted-In Progress,Value 128,18.849948872332995,Accepted,Medium,In Progress,Org line A2,,,S21 2nd,,
175,,,18.849948891862557,Accepted,,,,A2_3,se,S21 2nd,,
175,,,,Queued,Medium,Awaiting Assignment,,,se,S30 2nd,,Sweden
175,,,,,,In Progress,,,,S30 2nd,PROD412,Sweden
175,,Value 129,18.850522570859273,Accepted,,,,,,S30 2nd,PROD412,
175,Accepted-In Progress,Value 60,,,,,,,,S30 2nd,PROD412,
175,Completed-Closed,Value 60,19.077385647926878,,Medium,,Org line G4,,,S30 2nd,PROD412,
176,Accepted-In Progress,,18.837479865447367,,High,,,E_6,se,G334 2nd,,Sweden
176,Accepted-Assigned,Value 130,18.837480162066313,,High,,Org line C,E_6,se,G334 2nd,PROD101,
176,Accepted-In Progress,Value 20,,,,,,,se,,PROD101,
176,,,,,High,,Org line C,E_6,,G334 2nd,PROD101,Sweden
177,Accepted-In Progress,,18.837993892674106,Accepted,,In Progress,Org line V2,,se,,PROD63,
177,,,,Accepted,,,Org line V2,,,T4 2nd,,Sweden
177,Accepted-In Progress,Value 104,19.010591534634493,Accepted,Medium,,Org line V2,,se,,PROD63,Sweden
177,Completed-Closed,,19.08935432931088,,Medium,Closed,Org line V2,,se,,,Sweden
178,Accepted-In Progress,,,,,In Progress,Org line G3,,,G199 3rd,PROD98,
178,,Value 46,,Queued,Medium,Awaiting Assignment,Org line G3,,,G199 3rd,,USA
178,,,,Accepted,Medium,In Progress,Org line G3,,us,,,Sweden
178,Accepted-Assigned,Value 46,,Accepted,,Assigned,,,us,,PROD98,USA
178,Accepted-In Progress,Value 74,,Accepted,Medium,In Progress,,,,,,Sweden
178,,Value 74,,,Medium,,,,,G199 3rd,,
178,Queued-Awaiting Assignment,Value 4,18.842637599208206,,Medium,Awaiting Assignment,,A2_2,,,PROD98,Sweden
178,Accepted-Assigned,Value 56,18.842637822167376,,Medium,Assigned,Org line A2,,us,,PROD98,
178,,Value 56,18.845314781880845,Accepted,Medium,,,,,G21 2nd,,
178,Accepted-Wait,Value 56,18.84531714285085,Accepted,,,,,us,G21 2nd,,Sweden
178,Queued-Awaiting Assignment,,18.892294813243133,Queued,Medium,Awaiting Assignment,,,us,G199 3rd,,
178,Accepted-In Progress,,18.896058382309473,Accepted,Medium,In Progress,Org line A2,A2_2,us,G21 2nd,PROD98,
178,,Value 72,,Queued,,,,,us,G21 2nd,,
178,,Value 56,18.896058624753042,Accepted,,Assigned,Org line A2,,,G21 2nd,PROD98,
178,Accepted-In Progress,,18.896061826245944,,Medium,In Progress,Org line G3,,,G199 3rd,,Sweden
178,Accepted-Assigned,Value 46,,,,Assigned,Org line G3,,us,,,
178,Accepted-In Progress,,,Accepted,,In Progress,Org line G3,,,,,
178,,Value 43,19.06743931929031,Completed,,Closed,Org line G3,,us,G199 3rd,PROD98,
179,Accepted-In Progress,,,Accepted,Medium,,,,us,G199 3rd,,USA
179,,,,Queued,Medium,,,,,,,USA
179,,Value 54,,,,,Org line G3,,us,,,
179,,Value 46,,Accepted,Medium,,,,us,G199 3rd,,USA
179,Accepted-In Progress,,,,Medium,,Org line G3,,us,,PROD98,POLAND
179,,,19.069688767620683,Completed,Medium,Closed,Org line G3,,,,PROD98,POLAND
180,Accepted-In Progress,Value 60,,,Medium,In Progress,,,,S30 2nd,PROD412,
180,Completed-Closed,Value 60,,Completed,Medium,Closed,,,se,,PROD412,
180,,,,,Medium,,,,,,,Sweden
180,Accepted-In Progress,,,,Medium,In Progress,,,,,,
180,,,,,,,,,se,S30 2nd,,
181,Accepted-In Progress,Value 46,,,,In Progress,Org line G3,,,,PROD98,USA
181,,Value 46,,,,Awaiting Assignment,,,,G199 3rd,,USA
181,,Value 74,,,,,,,us,G199 3rd,PROD98,
181,Accepted-Wait,Value 74,18.842546299808756,Accepted,,Wait,Org line G3,,us,G199 3rd,,Sweden
181,,,18.842549500215995,,,,,,us,G199 3rd,PROD98,Sweden
181,Accepted-Assigned,Value 54,,,,Assigned,Org line G3,,us,G199 3rd,PROD98,Sweden
181,,,18.842620372183376,,,Assigned,,,,G199 3rd,,
181,Accepted-In Progress,Value 43,,Accepted,Medium,,Org line G3,,us,,PROD98,POLAND
181,Completed-Closed,Value 43,19.069689995645074,Completed,,,Org line G3,,,G199 3rd,,
182,,Value 116,18.84305238776817,Accepted,Low,,,,se,,,
182,,Value 116,19.065648970266032,Accepted,Low,In Progress,Org line G4,,se,,PROD54,Sweden
182,Completed-Closed,Value 116,19.065648980759615,,Low,,,,,,,
183,,,,,Medium,Assigned,Org line G4,,,,PROD405,
183,Accepted-In Progress,Value 131,,Accepted,,,Org line G4,,,,,INDIA
183,,Value 131,,Completed,Medium,Closed,Org line G4,,se,G51 2nd,,
184,,Value 59,,Accepted,Medium,Assigned,Org line G4,,se,,,Sweden
184,,Value 131,19.06834789504714,,Medium,,Org line G4,,se,G51 2nd,PROD405,
184,,Value 131,,Completed,,,,,se,G51 2nd,,INDIA
185,Accepted-In Progress,,18.847163316306794,,Medium,,,,cn,,PROD753,China
185,Accepted-In Progress,,,,Medium,In Progress,Org line A2,A2_2,cn,M1 2nd,,
185,Completed-Closed,Value 3,,Completed,Medium,,Org line A2,,cn,M1 2nd,PROD753,China
186,Accepted-In Progress,,,,,In Progress,,,se,S30 2nd,PROD412,Sweden
186,Queued-Awaiting Assignment,Value 129,,Queued,,Awaiting Assignment,,,se,S30 2nd,PROD412,
186,Accepted-In Progress,,,,Medium,In Progress,Org line G4,,se,,PROD412,Sweden
186,,Value 88,19.07059609116151,,Medium,,Org line G4,,se,S30 2nd,,
186,,,19.070596211242194,Accepted,Medium,,Org line G4,,,S30 2nd,PROD412,Sweden
186,,Value 88,19.07059640963634,,Medium,,Org line G4,,,,,
186,,,19.083635969972146,,Medium,In Progress,Org line G4,,,S30 2nd,,Sweden
186,Completed-Closed,Value 60,19.083635995738454,,,Closed,,,se,S30 2nd,,
187,Accepted-In Progress,Value 46,,Accepted,Medium,,,,,G199 3rd,PROD98,USA
187,,Value 46,,Queued,Medium,Awaiting Assignment,,,us,G199 3rd,PROD98,USA
187,,,,Accepted,,In Progress,Org line G3,,us,G199 3rd,PROD98,Sweden
187,,,18.848829788448338,Accepted,,,Org line G3,,,G199 3rd,PROD98,USA
187,,,19.069701815955906,Accepted,Medium,In Progress,Org line G3,,,G199 3rd,,POLAND
187,Completed-Closed,Value 43,19.069703754640766,Completed,,,Org line G3,,,G199 3rd,PROD98,POLAND
188,,,,,Medium,In Progress,Org line C,,,,PROD415,Sweden
188,Completed-Closed,,,Completed,Medium,Closed,Org line C,,,G37 2nd,PROD415,Sweden
189,Accepted-In Progress,Value 46,18.84985122627191,,,In Progress,,,,,PROD97,
189,,Value 46,,Queued,Medium,Awaiting Assignment,,,us,G199 3rd,PROD97,USA
189,Accepted-In Progress,Value 74,18.849915528307047,Accepted,,In Progress,Org line G3,,us,G199 3rd,,Sweden
189,Accepted-Assigned,Value 46,18.84991627696489,,,,,,,G199 3rd,PROD97,USA
189,,Value 43,,Accepted,,,Org line G3,,us,G199 3rd,,
189,,,19.055675851862805,Completed,,Closed,,,,,PROD97,
190,Accepted-In Progress,,18.849892488901613,,,In Progress,,,se,,PROD409,Sweden
190,,,19.061125110903316,,Medium,,Org line G4,,se,S30 2nd,PROD409,
191,Accepted-In Progress,,,,Medium,,Org line G3,,us,G199 3rd,,
191,Queued-Awaiting Assignment,,18.8499111274896,,Medium,,,,us,,PROD97,
191,Accepted-In Progress,Value 74,,,Medium,,Org line G3,,,G199 3rd,,
191,,Value 46,18.84991428488278,,,,Org line G3,,us,,PROD97,USA
191,,,,Queued,,,,,us,,PROD97,Sweden
191,Accepted-Assigned,Value 56,18.92475135389798,Accepted,,,,,us,,PROD97,
191,Accepted-In Progress,Value 56,18.928323511802216,Accepted,,,Org line A2,A2_2,,,PROD97,Sweden
191,Queued-Awaiting Assignment,,,Queued,,,Org line G3,,us,,PROD97,USA
191,Accepted-In Progress,Value 78,18.928368509787425,,,,,,,G199 3rd,,Sweden
191,,Value 46,,,,,,,us,G199 3rd,,
191,Queued-Awaiting Assignment,Value 72,18.937464053412683,,,,,A2_2,us,G21 2nd,,
191,,,,,,In Progress,Org line G3,,us,,,Sweden
191,Accepted-In Progress,,18.93746468563466,Accepted,Medium,,Org line A2,A2_2,us,G21 2nd,,Sweden
191,Accepted-In Progress,,18.93746479299307,,Medium,In Progress,,,us,G21 2nd,PROD97,
191,,Value 73,,Accepted,,Assigned,Org line A2,A2_2,,,PROD97,
191,Accepted-Assigned,Value 56,,Accepted,Medium,Assigned,,A2_2,us,G21 2nd,PROD97,Sweden
191,Accepted-In Progress,Value 56,18.95704074884899,,Medium,In Progress,,,us,,PROD97,
191,Queued-Awaiting Assignment,,18.95704783163979,Queued,,Awaiting Assignment,Org line G3,,us,G199 3rd,,USA
191,Accepted-In Progress,Value 74,,Accepted,,In Progress,,,,G199 3rd,PROD97,
191,Accepted-Assigned,,18.9584859729025,Accepted,,,,,,,PROD97,USA
191,Accepted-In Progress,,,,,,Org line G3,,,G199 3rd,,POLAND
191,,Value 43,19.06970583963727,,,Closed,,,,,PROD97,POLAND
192,Accepted-In Progress,Value 46,18.85031899967103,Accepted,,In Progress,,,,G199 3rd,,USA
192,,,,,Medium,,,,us,G199 3rd,PROD97,
192,Accepted-In Progress,Value 54,18.850363782901653,Accepted,,In Progress,,,,,PROD97,
192,,,,,Medium,,,,,G199 3rd,,USA
192,Accepted-In Progress,,,,,In Progress,Org line G3,,,,PROD97,
192,,Value 43,19.068966814988627,Completed,,Closed,Org line G3,,us,G199 3rd,,
193,,Value 46,,,Medium,,Org line G3,,us,G199 3rd,PROD98,USA
193,,Value 46,,Queued,,Awaiting Assignment,,,us,G199 3rd,PROD98,
193,,Value 54,18.850407308301726,,Medium,,Org line G3,,,G199 3rd,PROD98,Sweden
193,,,,Accepted,Medium,,Org line G3,,us,G199 3rd,PROD98,
193,,Value 43,,,Medium,,Org line G3,,,G199 3rd,PROD98,
193,Completed-Closed,,19.069710532169886,,Medium,Closed,Org line G3,,,G199 3rd,,
194,,,,,,In Progress,Org line G4,,,S33 2nd,,
194,Accepted-Wait,Value 132,18.93646833875322,Accepted,Medium,,,,,,PROD374,
194,Completed-Closed,,19.07435357359569,Completed,,Closed,,,,,,
195,,Value 46,,,Medium,,,,us,,PROD97,USA
195,Queued-Awaiting Assignment,Value 46,,,,,,,us,,,
195,Accepted-In Progress,Value 74,,Accepted,Medium,,Org line G3,,,,PROD97,Sweden
195,,Value 46,18.851146761837885,,Medium,Assigned,Org line G3,,us,G199 3rd,,USA
195,,Value 43,19.070650303514608,Accepted,Medium,,,,us,G199 3rd,PROD97,
195,Completed-Closed,,19.07065490808792,Completed,Medium,Closed,Org line G3,,,G199 3rd,PROD97,
196,,Value 46,,,Medium,,,,,G199 3rd,PROD97,USA
196,,Value 46,18.85495301266696,,Medium,Awaiting Assignment,,,,G199 3rd,PROD97,
196,,,,Accepted,Medium,,Org line G3,,us,G199 3rd,PROD97,Sweden
196,Accepted-Assigned,,,,,,,,,G199 3rd,PROD97,
196,Accepted-In Progress,,,Accepted,,,,,us,G199 3rd,,POLAND
196,Completed-Closed,Value 43,,Completed,Medium,Closed,,,us,G199 3rd,PROD97,
197,Accepted-In Progress,Value 46,18.854981914223973,,Medium,,,,,G199 3rd,PROD97,USA
197,,Value 46,18.854985075078684,,Medium,Awaiting Assignment,Org line G3,,us,G199 3rd,PROD97,
197,,Value 74,18.854986422325194,,,In Progress,,A2_2,,G21 2nd,PROD97,Sweden
197,Accepted-Assigned,Value 46,,,Medium,,,,,,PROD97,
197,,,19.070654996837995,Accepted,,,,,,G21 2nd,,POLAND
197,Completed-Closed,Value 43,,Completed,,,Org line A2,,,G21 2nd,,
198,Accepted-In Progress,Value 46,18.856684698174,,,In Progress,,,us,G199 3rd,PROD96,USA
198,,,,,,Awaiting Assignment,,,us,G199 3rd,PROD96,USA
198,,,,,,,,,,,,Sweden
198,Accepted-Assigned,Value 46,18.86107170163063,,,,Org line G3,,us,G199 3rd,PROD96,USA
198,Accepted-Assigned,Value 43,,Accepted,,Assigned,,,us,,PROD96,POLAND
198,,,19.06743351622658,,,In Progress,,,,,PROD96,
198,Completed-Closed,,,,,,,,,G199 3rd,PROD96,POLAND
199,,Value 118,,Accepted,,In Progress,,E_3,be,,,France
199,Completed-Closed,Value 118,19.089395734509033,Completed,,Closed,Org line C,E_3,,,PROD436,France
200,,Value 133,,Accepted,Medium,,Org line G4,,,,,Sweden
200,Accepted-Wait,,18.880342233410335,Accepted,,,Org line G4,,se,S33 2nd,PROD374,Sweden
200,Accepted-In Progress,Value 133,18.88462553671171,Accepted,Medium,,Org line G4,,se,,,
200,Accepted-Wait,Value 133,,Accepted,,Wait,,,se,,,
200,Completed-Closed,,19.065584175530905,Completed,,Closed,,,se,,PROD374,Sweden
201,Accepted-In Progress,,,,,In Progress,Org line C,,se,,,
201,,Value 84,,,Medium,,Org line C,E_7,,,PROD310,
201,Accepted-In Progress,,,,Medium,In Progress,Org line C,,,,,
201,Accepted-Wait,,,Accepted,Medium,,Org line C,E_7,se,,PROD310,Sweden
201,,Value 84,,,,Closed,,,se,G135 2nd,,Sweden
202,,,18.857844221400295,Accepted,Medium,In Progress,,,,G199 3rd,PROD97,
202,Queued-Awaiting Assignment,Value 46,,Queued,,,Org line G3,,us,,,USA
202,,Value 74,,,Medium,,Org line G3,,,,PROD97,Sweden
202,,,,Accepted,Medium,,Org line G3,,us,,PROD97,USA
202,Accepted-In Progress,Value 43,19.07065744007215,,Medium,In Progress,Org line G3,,us,G199 3rd,PROD97,POLAND
202,Completed-Closed,,19.07065833279083,Completed,Medium,Closed,Org line G3,,us,,,
203,,Value 60,18.860451422331927,,Medium,In Progress,,,,S30 2nd,,Sweden
203,,,,Accepted,,,,,,,PROD411,
203,Accepted-Assigned,Value 134,19.06745045395548,,,,,,se,S30 2nd,,
203,Accepted-Wait,,,,,,Org line G4,,,S30 2nd,,Sweden
203,,,19.06830040761613,Completed,,,,,,S30 2nd,,
204,,,18.861046632340987,,,In Progress,,,us,G199 3rd,PROD97,USA
204,Queued-Awaiting Assignment,Value 46,,,,,Org line G3,,us,,,USA
204,Accepted-In Progress,,18.861070304616902,,,In Progress,Org line G3,,,G199 3rd,PROD97,
204,Accepted-Assigned,Value 46,,,,Assigned,,,,,PROD97,USA
204,Queued-Awaiting Assignment,,,,,,,,us,G21 2nd,,Sweden
204,,Value 73,,,,Assigned,,A2_2,,,,
204,,Value 73,18.9225492280475,Accepted,Medium,,Org line A2,,us,G21 2nd,,
204,,Value 56,,,Medium,Assigned,Org line A2,A2_2,,,,
204,,Value 56,18.924564849026687,Accepted,,,,A2_2,,G21 2nd,,Sweden
204,Accepted-Wait,Value 56,,,,,,A2_2,,,,
204,,Value 46,18.924609255226628,Queued,,,,,us,,,USA
204,Accepted-In Progress,,,,,,Org line G3,,,,,
204,,,,,,,,,,,,USA
204,,,,,,,,,,,,POLAND
204,Completed-Closed,,19.070658844407028,Completed,,Closed,,,,,,POLAND
205,Accepted-In Progress,Value 135,,,Medium,In Progress,Org line A2,,br,,,Brazil
205,Accepted-In Progress,Value 135,,Accepted,,,,A2_2,,S2 2nd,PROD144,
205,,,,Accepted,,Assigned,,,,,,Brazil
205,Accepted-In Progress,,19.042723092262566,,,,Org line A2,,br,S2 2nd,PROD144,
205,,Value 136,,,,Wait,,,,,,
205,Accepted-Assigned,Value 137,,Accepted,Medium,Assigned,Org line A2,,,S2 2nd,,Brazil
205,Accepted-Wait,,,Accepted,Medium,Wait,Org line A2,,br,S2 2nd,,
205,Completed-Closed,,,Completed,Medium,,Org line A2,A2_2,,S2 2nd,,Brazil
206,,Value 115,,Accepted,Medium,,,,se,,PROD108,Sweden
206,Completed-Closed,,,Completed,Medium,,,,se,,,
207,Accepted-In Progress,Value 138,,Accepted,,,Org line A2,,,,PROD337,
207,,,18.86217797423591,Accepted,High,Wait,,A2_4,se,G105 2nd,,
207,,,,,,,Org line A2,,,,PROD337,
208,Accepted-In Progress,Value 139,18.86219466183769,Accepted,Medium,In Progress,,,,,,
208,Accepted-Wait,Value 139,18.91374718887852,Accepted,Medium,,,,se,,,Sweden
208,,,19.080951896807118,,Medium,Closed,Org line G4,,se,,PROD374,Sweden
209,Accepted-In Progress,Value 46,,Accepted,Medium,In Progress,Org line G3,,us,,,USA
209,Queued-Awaiting Assignment,Value 46,,,,Awaiting Assignment,,,,G199 3rd,PROD98,
209,,,18.865063544948832,Accepted,Medium,In Progress,Org line G3,,,G199 3rd,PROD98,
209,Accepted-Assigned,Value 46,18.86506363471962,Accepted,,Assigned,,,,,,
209,Accepted-In Progress,Value 43,19.06745605266549,Accepted,,,,,,G199 3rd,PROD98,
209,Completed-Closed,Value 43,19.067458645135186,Completed,Medium,,Org line G3,,us,,,POLAND
210,Accepted-In Progress,,,Accepted,Medium,,Org line G3,,,,,USA
210,Queued-Awaiting Assignment,Value 46,18.865094611571106,,,,Org line G3,,,,PROD96,
210,Accepted-In Progress,Value 78,,Accepted,Medium,In Progress,Org line A2,,,G21 2nd,,Sweden
210,,,18.86606350178427,,,Assigned,,,,G21 2nd,PROD96,Sweden
210,Accepted-Assigned,,18.86606350819006,Accepted,,Assigned,Org line A2,,us,G21 2nd,,USA
210,,,19.067435888782878,,,In Progress,,A2_2,,,,
210,Completed-Closed,,,,,Closed,Org line A2,,,G21 2nd,PROD96,
211,,Value 140,18.865550964877816,,,In Progress,Org line C,E_4,us,,PROD219,Sweden
211,,,18.865553727185095,Accepted,High,,Org line C,E_4,us,G88 2nd,PROD219,
211,,Value 140,,Accepted,High,In Progress,,,us,G88 2nd,PROD219,Sweden
211,,,19.095466026966424,Completed,High,Closed,,,,G88 2nd,,Sweden
212,,,,,Medium,,Org line G3,,,,,
212,Queued-Awaiting Assignment,Value 46,,Queued,,,Org line G3,,,,PROD97,
212,Accepted-In Progress,Value 78,18.866122478157568,Accepted,,In Progress,Org line G3,,us,,PROD97,Sweden
212,Accepted-Assigned,,18.86612295215799,Accepted,,Assigned,,,us,,PROD97,
212,Accepted-In Progress,,19.067493540694386,Accepted,,In Progress,Org line G3,,us,G199 3rd,,
212,,,,Completed,,,,,us,,,
213,,,18.86651790217098,Accepted,Medium,In Progress,Org line G3,,us,,,
213,Queued-Awaiting Assignment,,,Queued,,Awaiting Assignment,,,us,G199 3rd,PROD98,
213,Queued-Awaiting Assignment,,,,,,Org line G3,,,,,
213,,,18.866591026793124,Accepted,,,Org line G3,,us,,,
213,Accepted-Assigned,,,,,,,,us,G199 3rd,,USA
213,Queued-Awaiting Assignment,,18.92253514638099,Queued,,,,A2_2,,,,
213,Accepted-Assigned,,18.922535303786784,,Medium,,,,us,G21 2nd,,Sweden
213,,Value 56,18.92254540797614,,,,,A2_2,,G21 2nd,,
213,Accepted-Wait,,,Accepted,Medium,,,,,,PROD98,Sweden
213,,,,,,In Progress,Org line A2,A2_2,us,G21 2nd,,Sweden
213,,Value 46,18.9226323034225,Queued,Medium,Awaiting Assignment,Org line G3,,us,G199 3rd,,
213,Accepted-In Progress,Value 74,,,Medium,In Progress,Org line G3,,us,G199 3rd,PROD98,
213,Accepted-Assigned,,18.923119701743808,,,,Org line G3,,us,,PROD98,
213,,Value 43,,,,,Org line G3,,us,,PROD98,
213,Completed-Closed,Value 43,19.068969607491233,Completed,,,Org line G3,,us,,,
214,,Value 58,,,,,,,,G51 2nd,,Sweden
214,,Value 141,,Queued,Major,,,D_1,,,PROD798,
214,Accepted-Assigned,Value 142,18.90809786200973,Accepted,,Assigned,,D_1,,,PROD798,
214,,,18.962329591601055,,Major,,,,se,G51 2nd,PROD798,Sweden
214,,,18.962381450854796,,Major,,,,,G51 2nd,,Sweden
214,Completed-Closed,Value 59,,Completed,,,Org line G4,,,,PROD798,Sweden
215,Accepted-In Progress,Value 29,18.868898161523553,,Medium,In Progress,Org line A2,A2_1,,G42 3rd,PROD235,United Kingdom
215,,Value 29,18.86889820623716,,,,,,gb,,PROD235,United Kingdom
215,Accepted-Wait,Value 29,,Accepted,,Wait,Org line A2,,,,PROD235,
215,Accepted-In Progress,,18.885915011602844,,Medium,,,,gb,,PROD235,United Kingdom
215,,,,Accepted,,,Org line A2,,gb,G42 3rd,PROD235,
215,,,,Accepted,,In Progress,Org line A2,,,G42 3rd,,
215,Accepted-Assigned,Value 29,,Accepted,,Assigned,Org line A2,A2_1,gb,G42 3rd,,United Kingdom
215,Accepted-Assigned,,18.98837998400733,,,,,A2_1,,,PROD235,
215,Accepted-In Progress,Value 77,,Accepted,Medium,In Progress,,A2_1,,,,
215,,Value 143,,Accepted,,In Progress,,,,,PROD235,United Kingdom
215,Completed-Closed,,19.115111989747568,Completed,,,,,,G42 3rd,,United Kingdom
216,,,18.869916065908047,,,,Org line G3,,us,G199 3rd,,
216,Queued-Awaiting Assignment,Value 46,18.86992022003405,,Medium,,Org line G3,,,G199 3rd,PROD96,USA
216,Accepted-In Progress,Value 78,,,,In Progress,Org line G3,,,G199 3rd,PROD96,
216,Accepted-Assigned,,,Accepted,,Assigned,,,,G199 3rd,PROD96,USA
216,Accepted-In Progress,Value 43,,,,In Progress,,,us,G199 3rd,,POLAND
216,Completed-Closed,Value 43,,,,,,,us,G199 3rd,,
217,Accepted-In Progress,Value 62,,,,,,,se,S35 2nd,,
217,Accepted-Wait,,,,,Wait,Org line A2,,se,S35 2nd,PROD368,
217,Accepted-In Progress,,,,,,Org line A2,,,S35 2nd,PROD368,
217,Accepted-Wait,,,,Medium,Wait,,A2_3,se,,,
217,Accepted-Wait,,,,Medium,Wait,,,,,,Sweden
217,,,19.059268861196454,Completed,,Closed,Org line A2,,se,,PROD368,
218,,,18.87347851649783,Accepted,,In Progress,Org line G3,,us,G199 3rd,,
218,Queued-Awaiting Assignment,,,,Medium,Awaiting Assignment,,,,,,USA
218,Accepted-In Progress,Value 78,,,,In Progress,,,,,PROD96,
218,Accepted-Assigned,Value 46,,,Medium,Assigned,,,us,,PROD96,USA
218,Accepted-In Progress,Value 43,19.070660374033483,Accepted,Medium,In Progress,,,us,G199 3rd,,
218,Completed-Closed,,19.070661851452034,Completed,,Closed,,,us,G199 3rd,PROD96,
219,Accepted-In Progress,Value 46,18.873485529862407,Accepted,Medium,In Progress,,,us,,,
219,Queued-Awaiting Assignment,,,Queued,,Awaiting Assignment,,,,G199 3rd,PROD96,
219,,Value 78,,Accepted,,,,,,,,Sweden
219,Accepted-Assigned,,18.873760074287528,,,Assigned,,,us,G199 3rd,,USA
219,Accepted-In Progress,Value 43,19.070662498800818,,,In Progress,Org line G3,,,,,
219,Completed-Closed,,19.07066329754511,,Medium,,,,us,,,
220,Accepted-In Progress,Value 62,18.8761512267688,,,,,,se,G91 3rd,,
220,Completed-Closed,,,,High,,Org line C,,,G91 3rd,PROD219,Sweden
221,Accepted-In Progress,Value 132,,Accepted,,,Org line G4,,,,,Sweden
221,,Value 132,,,Medium,,,,,,PROD374,Sweden
221,,Value 132,,Completed,Medium,Closed,,,se,S33 2nd,,
222,,Value 126,18.877588450968272,,Medium,In Progress,Org line A2,A2_3,se,U6 2nd,PROD831,Sweden
222,,Value 126,19.058334791557442,,Medium,Closed,Org line A2,A2_3,,U6 2nd,PROD831,
223,Accepted-In Progress,Value 8,,,,In Progress,,,se,,PROD374,
223,,Value 8,,,,Wait,,,se,S33 2nd,,
223,,Value 8,,Completed,Low,,,,,S33 2nd,,
224,Accepted-In Progress,,18.878218325142836,Accepted,Low,In Progress,,,se,,,Sweden
224,,,,Accepted,Low,Wait,Org line G4,,se,S33 2nd,,Sweden
224,Completed-Closed,,,,,,Org line G4,,se,S33 2nd,,Sweden
225,Accepted-In Progress,Value 144,,,,,,V3_3,,V42 2nd,PROD157,France
225,Completed-Closed,Value 144,,,High,,Org line C,,,V42 2nd,,France
226,,,18.880333190326997,,Medium,In Progress,Org line G4,,,G51 2nd,,
226,Queued-Awaiting Assignment,,18.88033735192369,,,Awaiting Assignment,,,,G51 2nd,PROD821,Sweden
226,,,,,Medium,,Org line G4,,se,,PROD821,Sweden
226,Completed-Closed,,,,Medium,Closed,,,,G51 2nd,PROD821,Sweden
227,,Value 98,,,High,,,,,G110 2nd,,
227,Queued-Awaiting Assignment,Value 98,18.881544651649918,Queued,,,Org line A2,A2_3,,G110 2nd,,
227,,,,Accepted,High,,Org line A2,,se,,,
227,,Value 129,,,High,In Progress,,,se,,,Sweden
227,,Value 98,18.885368707547723,Queued,High,Awaiting Assignment,Org line A2,A2_3,se,G110 2nd,,
227,,Value 39,,Accepted,,,,A2_3,se,,PROD539,Sweden
227,Completed-Closed,,,,,Closed,Org line A2,A2_3,,M3 2nd,PROD539,
228,,Value 139,,,,In Progress,Org line G4,,se,,,Sweden
228,Accepted-Wait,,,,,,Org line G4,,,,,
228,Completed-Closed,,,,,,Org line G4,,se,,,Sweden
229,Accepted-In Progress,,,Accepted,,,Org line G3,,,G199 3rd,PROD96,
229,Queued-Awaiting Assignment,,18.881996820454944,Queued,,Awaiting Assignment,Org line G3,,,,PROD96,
229,Accepted-In Progress,Value 78,,,,,Org line G3,,,,PROD96,
229,,Value 46,18.88200192711424,,,,Org line G3,,us,,PROD96,
229,Accepted-In Progress,Value 43,,Accepted,Medium,In Progress,,,us,,PROD96,POLAND
229,,,19.069356952438795,Completed,,Closed,,,,G199 3rd,,POLAND
230,,,18.8836048410936,,,,,,,G349 3rd,,Sweden
230,Accepted-Wait,Value 41,,Accepted,,,,,se,,,Sweden
230,Completed-Closed,Value 41,,Completed,,,Org line A2,A2_3,se,,PROD80,Sweden
231,Accepted-In Progress,,,,,,,C_6,se,,PROD660,Sweden
231,,,,Accepted,Medium,,,,,,,
231,Accepted-In Progress,Value 8,18.96550265730626,Accepted,Medium,In Progress,,,se,,,
231,Completed-Closed,Value 8,,,,,,,se,G141 3rd,PROD660,
231,,,,,,,,,se,,,
231,,,,Accepted,,,,,se,,,
231,Accepted-In Progress,Value 106,19.043092337163525,Accepted,Medium,,Org line C,C_6,,G141 3rd,PROD660,
231,Accepted-Wait,,,,Medium,Wait,Org line C,,se,,,
231,Completed-Closed,Value 106,,Completed,Medium,Closed,,C_6,se,G141 3rd,,Sweden
232,,,,,Medium,In Progress,Org line A2,A2_3,,,,Sweden
232,,,19.046816396011195,,,Wait,,A2_3,se,,PROD750,
232,,,,,,Closed,Org line A2,A2_3,,,PROD750,Sweden
233,,Value 46,18.88743036590424,Accepted,Medium,,,,,,PROD97,USA
233,Accepted-Wait,Value 46,18.887431714033028,Accepted,,,Org line G3,,us,G199 3rd,PROD97,
233,,,18.88744968472967,,,Awaiting Assignment,Org line G3,,,G199 3rd,,
233,,Value 74,,Accepted,Medium,In Progress,,,,,PROD97,Sweden
233,Accepted-Assigned,Value 46,18.887453346548693,Accepted,Medium,Assigned,,,,,PROD97,
233,Accepted-In Progress,Value 43,,,,,,,,G199 3rd,,
233,,Value 43,,,,Closed,,,us,,,
234,,,,,,,,,,G199 3rd,,
234,Queued-Awaiting Assignment,,,Queued,,Awaiting Assignment,Org line G3,,us,,PROD96,
234,,,,Accepted,,,Org line G3,,,,PROD96,
234,Accepted-Assigned,,,,Medium,Assigned,Org line G3,,us,G199 3rd,,USA
234,Accepted-In Progress,,,Accepted,,,,,,,PROD96,POLAND
234,Completed-Closed,Value 43,19.070666962363685,Completed,Medium,,Org line G3,,,,,
235,,,,,Medium,,Org line G3,,,G199 3rd,,USA
235,,Value 46,,,,Awaiting Assignment,Org line G3,,us,G199 3rd,,
235,Accepted-In Progress,,,Accepted,Medium,,Org line G3,,us,,PROD97,
235,,,,,Medium,,,,us,,,USA
235,Accepted-In Progress,Value 43,,Accepted,Medium,In Progress,,,us,,,POLAND
235,Completed-Closed,Value 43,,Completed,,,,,us,,,
236,,Value 145,,,,,Org line C,E_10,se,,,Sweden
236,,Value 145,,,Medium,Awaiting Assignment,Org line C,,,G271 2nd,PROD154,
236,,,,,Medium,Awaiting Assignment,Org line C,,,G273 3rd,PROD154,
236,,Value 146,18.88963058691031,,,,,C_6,se,G290 3rd,PROD154,
236,Accepted-In Progress,Value 146,,Accepted,,In Progress,,,,G290 3rd,PROD154,Belgium
236,Accepted-Wait,Value 146,18.889633145852198,Accepted,,,,,,,PROD154,
236,Queued-Awaiting Assignment,,19.002530928326532,Queued,,,Org line C,C_6,,G270 3rd,,France
236,Accepted-In Progress,Value 148,19.003342186199166,Accepted,Medium,,Org line C,C_6,se,,,France
236,,Value 104,,,,,,,se,,PROD154,
236,Queued-Awaiting Assignment,,,Queued,,,,,,G270 3rd,,France
236,,Value 149,,Accepted,,Assigned,Org line C,C_6,se,G270 3rd,PROD154,Brazil
236,,Value 150,19.038521471390172,,Medium,Assigned,Org line C,C_6,se,,PROD154,
236,Queued-Awaiting Assignment,,19.06886570963741,Queued,,,Org line A2,A2_1,se,J2 2nd,PROD154,Sweden
236,Accepted-In Progress,,19.07055176996168,,,,Org line A2,A2_1,,J2 2nd,PROD154,
236,Accepted-Wait,Value 151,,,,,Org line A2,,,J2 2nd,PROD154,
236,Completed-Closed,,19.08716842198651,Completed,Medium,,Org line A2,,se,J2 2nd,PROD154,Sweden
237,,,,,,In Progress,Org line C,V3_2,fr,,,INDIA
237,,,,Accepted,Low,,Org line C,,,G96,PROD642,INDIA
237,,,,,Low,,,,fr,,PROD642,
237,,Value 152,19.003318643347555,Completed,,Closed,,V3_2,,,,INDIA
237,Accepted-In Progress,Value 153,,Accepted,,,,V3_2,,,PROD642,China
237,Queued-Awaiting Assignment,Value 154,19.035991034732714,,,Awaiting Assignment,,,,G130 3rd,PROD642,
237,Accepted-In Progress,Value 152,,,,In Progress,Org line C,E_8,fr,G181 2nd,,
237,,Value 152,,Accepted,Low,,Org line C,E_8,,G181 2nd,,INDIA
237,,Value 155,19.03606693049918,,,,Org line C,V3_2,fr,G97,PROD642,POLAND
237,Queued-Awaiting Assignment,Value 156,19.039821411057634,,,Awaiting Assignment,Org line C,E_8,fr,,PROD642,
237,Accepted-In Progress,Value 152,19.068337691326562,,Low,,,E_8,,G181 2nd,,
237,,,,,,Awaiting Assignment,Org line C,,fr,G130 3rd,PROD642,
237,,,,,Low,,Org line C,E_8,fr,,,INDIA
237,Queued-Awaiting Assignment,Value 154,,Queued,,,Org line C,E_6,,,,France
237,Accepted-In Progress,Value 157,19.076771695172926,Accepted,,,Org line C,E_6,fr,G130 3rd,PROD642,INDIA
237,,Value 157,19.07678800330275,Accepted,Low,Wait,Org line C,E_6,,G130 3rd,PROD642,
237,Queued-Awaiting Assignment,,,,,Awaiting Assignment,Org line C,,,,PROD642,
237,,,,,Low,In Progress,,,,,,POLAND
237,,,,,,Awaiting Assignment,Org line C,E_6,fr,G130 3rd,PROD642,
237,Accepted-In Progress,Value 157,19.077345267060995,Accepted,,,,,,G130 3rd,,
237,Completed-Closed,Value 157,19.07734703022518,,Low,,,E_6,fr,G130 3rd,PROD642,INDIA
237,,,,,,,,,,,,China
237,,Value 154,19.077728635442096,,,,,E_6,fr,G130 3rd,PROD642,
237,Accepted-In Progress,Value 157,,Accepted,,In Progress,,,fr,B4 2nd,PROD642,
237,,,19.077783100081387,,,Awaiting Assignment,Org line C,,fr,G130 3rd,,
237,,Value 157,,Accepted,Low,In Progress,,,,,,
237,Accepted-Assigned,Value 88,19.077783478477663,Accepted,Low,,,E_6,fr,G130 3rd,PROD642,
237,Accepted-Wait,,,Accepted,,Wait,Org line C,,fr,G130 3rd,PROD642,
237,,,,Completed,Low,Closed,Org line C,E_6,fr,G130 3rd,,China
238,,Value 8,,Accepted,,In Progress,Org line G4,,,,,
238,Accepted-Wait,,,Accepted,,Wait,,,,,,
238,,,19.080948574348533,,,,,,se,,,
239,,,18.891851641675103,,Medium,,,,se,S33 2nd,PROD374,
239,,,,,Medium,,Org line G4,,,,,Sweden
239,Completed-Closed,Value 139,19.07427254936595,,,Closed,Org line G4,,,S33 2nd,PROD374,Sweden
240,Accepted-In Progress,,,,,In Progress,Org line A2,,se,U6 2nd,,
240,Accepted-In Progress,Value 57,,,,In Progress,Org line A2,A2_3,se,U6 2nd,PROD829,
240,,,,,,,Org line A2,,se,,PROD829,
241,,,18.892862761286953,,,In Progress,Org line C,C_6,se,G261 3rd,PROD424,
241,,,18.89557470227272,,,,,,se,G261 3rd,PROD424,
241,Accepted-In Progress,,,,,,Org line C,,se,,,Sweden
241,,,,Accepted,,,,,,G261 3rd,PROD424,Sweden
241,,Value 42,19.068792618531315,Completed,Medium,Closed,,,se,,,
242,Accepted-In Progress,Value 60,,Accepted,,,Org line G4,,se,,PROD412,Sweden
242,,Value 60,19.077390014169122,,,In Progress,Org line G4,,,S30 2nd,,
242,Completed-Closed,Value 60,,Completed,Medium,,Org line G4,,,,,Sweden
243,,,,Accepted,,In Progress,,,us,G199 3rd,,USA
243,,Value 46,,Queued,,,Org line G3,,us,,PROD96,USA
243,Accepted-In Progress,Value 78,,,,In Progress,,,,G199 3rd,,Sweden
243,Accepted-Assigned,,18.896027616365178,Accepted,Medium,Assigned,Org line G3,,us,G199 3rd,,USA
243,,,,Accepted,Medium,In Progress,Org line G3,,,G199 3rd,PROD96,POLAND
243,,,,Completed,Medium,Closed,Org line G3,,,,PROD96,
244,,Value 68,18.896099770926806,Accepted,,In Progress,Org line A2,,,W8 2nd,PROD703,
244,,,,Accepted,,Wait,,,pl,W8 2nd,PROD703,
244,,Value 68,19.1024665781448,Completed,Medium,Closed,,,,W8 2nd,,
245,,,18.89616819701334,Accepted,Low,In Progress,,A2_3,,,PROD791,
245,,Value 158,18.8966058814115,Accepted,Low,,Org line A2,,,N26 2nd,PROD791,POLAND
245,Accepted-Assigned,Value 158,,Accepted,,,,,,,,
245,,Value 159,18.92888887306614,,,Wait,,A2_3,pl,,,POLAND
245,Accepted-Wait,,,,Low,Wait,,A2_3,pl,N26 2nd,,
245,,,,,,Assigned,Org line A2,,,N26 2nd,PROD791,POLAND
245,,Value 160,19.04177351236016,,,Wait,,A2_3,pl,N26 2nd,PROD791,
245,Accepted-Wait,,19.059668051727794,,,,,A2_3,pl,N26 2nd,,POLAND
245,,Value 160,19.06203128767973,,,Closed,Org line A2,A2_3,,,PROD791,POLAND
246,Accepted-In Progress,,,,,In Progress,Org line G3,,,,,USA
246,Queued-Awaiting Assignment,Value 46,18.89700690629578,,Medium,Awaiting Assignment,,,,G199 3rd,PROD97,
246,Accepted-In Progress,,18.897104377050866,,,In Progress,Org line G3,,,G199 3rd,PROD97,Sweden
246,Accepted-Assigned,Value 46,18.897104519880934,Accepted,Medium,Assigned,,,us,G199 3rd,PROD97,USA
246,,Value 43,,,,In Progress,Org line G3,,,G199 3rd,,POLAND
246,,Value 43,19.070766977490802,Completed,,Closed,,,us,G199 3rd,PROD97,POLAND
247,Accepted-In Progress,Value 46,18.897009564432825,,,In Progress,,,,G199 3rd,PROD97,USA
247,,,18.897011166764358,Queued,Medium,Awaiting Assignment,Org line G3,,us,,PROD97,USA
247,Accepted-In Progress,Value 78,,Accepted,,In Progress,Org line G3,,,G199 3rd,,
247,Accepted-Assigned,,,Accepted,,Assigned,Org line G3,,,,PROD97,USA
247,,Value 43,19.067438355606967,Accepted,Medium,,Org line G3,,us,G199 3rd,,POLAND
247,,,19.067438434168146,,Medium,Closed,,,,G199 3rd,PROD97,
248,Accepted-In Progress,,,Accepted,,,Org line G3,,,,PROD97,USA
248,Queued-Awaiting Assignment,Value 46,18.897124584198096,,,Awaiting Assignment,,,us,,PROD97,USA
248,Accepted-In Progress,Value 78,,,Medium,In Progress,,,,,,Sweden
248,,,18.897129583137403,Accepted,,,,,,G199 3rd,PROD97,USA
248,,Value 72,,Queued,,,,,,G21 2nd,,Sweden
248,Accepted-In Progress,Value 78,19.017437798776243,,,In Progress,Org line A2,A2_2,,,,
248,,Value 79,,,Medium,Assigned,Org line A2,A2_2,,G21 2nd,PROD97,Sweden
248,,Value 79,,,,Wait,,,us,,PROD97,Sweden
248,,Value 46,,Queued,Medium,Awaiting Assignment,Org line G3,,us,G199 3rd,,
248,Accepted-In Progress,,,,,In Progress,Org line G3,,us,G199 3rd,PROD97,POLAND
248,Completed-Closed,,,Completed,,,Org line G3,,,G199 3rd,,POLAND
249,Accepted-In Progress,,18.898631684494823,Accepted,Medium,,Org line G3,,us,G199 3rd,,USA
249,,Value 46,18.89863614886369,Queued,Medium,Awaiting Assignment,Org line G3,,us,G199 3rd,,USA
249,,Value 74,18.898752655643364,Accepted,,In Progress,,,us,,,
249,Accepted-Assigned,Value 46,,Accepted,,,Org line G3,,us,G199 3rd,PROD97,USA
249,,,19.070744155357115,,Medium,In Progress,,,us,G199 3rd,,POLAND
249,,,,,Medium,Closed,Org line G3,,,,,
250,,Value 161,,,Low,In Progress,Org line A2,A2_4,,,PROD546,Sweden
250,Accepted-Wait,Value 161,19.042726103969077,Accepted,,,Org line A2,,us,L23 3rd,PROD546,
250,,Value 161,,Completed,Low,Closed,Org line A2,,,,PROD546,
251,,,18.899360718371074,Accepted,,In Progress,Org line G3,,,G199 3rd,PROD96,USA
251,Queued-Awaiting Assignment,,,,,Awaiting Assignment,Org line G3,,,G199 3rd,,USA
251,,,,,,,,,us,G199 3rd,PROD96,
251,,,,Accepted,Medium,Assigned,,,us,G199 3rd,,
251,Accepted-In Progress,Value 74,18.906717650510085,,,,Org line G3,,us,,,
251,Queued-Awaiting Assignment,Value 72,18.906717921136053,Queued,Medium,,Org line A2,,,G21 2nd,,
251,,Value 56,18.906718296321937,,,,,,,G21 2nd,,
251,,,,,,,,A2_2,,G21 2nd,PROD96,
251,Queued-Awaiting Assignment,Value 46,18.924622921064415,,Medium,Awaiting Assignment,,,us,,,USA
251,,,18.924859506197,Accepted,,In Progress,,,us,,,
251,,Value 46,,,Medium,Assigned,,,,,PROD96,USA
251,Accepted-In Progress,,19.067456194073102,,Medium,,,,us,,PROD96,
251,Completed-Closed,Value 43,19.067456838263077,Completed,Medium,Closed,,,us,,PROD96,POLAND
252,Accepted-In Progress,Value 162,18.89935216164823,,,In Progress,,D_1,,L50 3rd,,
252,Completed-Closed,Value 162,,,Medium,Closed,Org line A2,D_1,in,L50 3rd,PROD611,
253,Accepted-In Progress,Value 132,,Accepted,High,In Progress,Org line G4,,,S33 2nd,,Sweden
253,Accepted-Wait,,18.936465944659286,,High,Wait,Org line G4,,se,S33 2nd,,Sweden
253,Completed-Closed,Value 132,,,High,,,,,S33 2nd,,Sweden
254,Accepted-In Progress,Value 15,,,Low,,Org line G4,,,S28 2nd,,Sweden
254,,Value 15,,,Low,In Progress,Org line G4,,se,S28 2nd,PROD633,Sweden
254,Accepted-Wait,,,,,Wait,Org line G4,,,,PROD633,Sweden
254,Completed-Closed,,,Completed,Low,Closed,Org line G4,,,S28 2nd,PROD633,
255,,,18.899944633086267,,Medium,In Progress,Org line G4,,se,S33 2nd,PROD374,Sweden
255,,,18.899947388696255,Accepted,Medium,In Progress,,,se,,PROD374,Sweden
255,Accepted-Wait,,,,Medium,,Org line G4,,,,,Sweden
255,Queued-Awaiting Assignment,Value 108,18.99850503770661,,,Awaiting Assignment,,,,,,
255,,,19.020082535783597,Accepted,,,Org line G4,,,,,
255,Accepted-Wait,Value 76,,Accepted,,Wait,,,,S33 2nd,PROD374,Sweden
255,Completed-Closed,Value 76,,,Medium,,Org line G4,,se,S33 2nd,,Sweden
256,,,18.901042306613622,,,,Org line G4,,,,,Sweden
256,,Value 132,18.936466995434387,,,,,,se,S33 2nd,,Sweden
256,,,19.057838547082945,,Medium,Wait,,,,,PROD374,
256,,Value 132,19.057838552370875,,,,Org line G4,,se,,,Sweden
257,,,,,Medium,In Progress,Org line A2,,,,,
257,,Value 162,19.055158816619088,,Medium,Closed,,D_1,,,,Sweden
258,Accepted-In Progress,Value 163,18.903628140039967,Accepted,,,Org line A2,A2_5,fr,,,France
258,,Value 163,19.059234422002575,,High,,,,,V5 3rd,,France
259,Accepted-In Progress,Value 163,18.90362835597674,,,,,,,V5 3rd,,
259,Completed-Closed,,,,,,,,fr,V5 3rd,,France
260,,,18.904056374395456,,,,,,us,G199 3rd,,USA
260,,,18.90405823682207,,Medium,Awaiting Assignment,Org line G3,,us,G199 3rd,,
260,Accepted-In Progress,,18.90406207883688,,,In Progress,,,,,PROD97,Sweden
260,Accepted-Assigned,Value 46,18.904062337848583,Accepted,,Assigned,Org line G3,,,,PROD97,
260,,Value 43,19.080985983664533,,Medium,In Progress,Org line G3,,,,PROD97,
260,Completed-Closed,,19.080986469356393,,Medium,,Org line G3,,,G199 3rd,PROD97,
261,Accepted-In Progress,Value 46,,Accepted,Medium,In Progress,,,us,G199 3rd,PROD97,
261,Queued-Awaiting Assignment,,18.90409747031434,Queued,,,Org line G3,,us,G199 3rd,PROD97,
261,,Value 74,18.904099042828708,Accepted,Medium,In Progress,Org line G3,,us,,PROD97,Sweden
261,Accepted-Assigned,,18.904099647166905,,,,Org line G3,,us,G199 3rd,PROD97,
261,Accepted-In Progress,Value 43,,,Medium,In Progress,Org line G3,,us,,,
261,Completed-Closed,Value 43,,,Medium,,Org line G3,,,,PROD97,
262,Accepted-In Progress,Value 8,,Accepted,,In Progress,Org line G4,,se,,PROD374,
262,Completed-Closed,,19.065595908049463,Completed,,,,,,,,Sweden
263,,,18.906231340357422,,,,Org line G4,,,,,
263,,,,,,Wait,Org line G4,,,S33 2nd,,
263,,,19.058389366166793,Accepted,,Assigned,,,,,PROD745,Sweden
263,Completed-Closed,Value 164,19.064231825914955,Completed,Medium,,Org line G4,,se,S33 2nd,,
264,,,,Accepted,Medium,In Progress,Org line G3,,us,,PROD96,
264,Queued-Awaiting Assignment,Value 46,,Queued,,,Org line G3,,,G199 3rd,,USA
264,,,18.912025632369403,Accepted,,In Progress,Org line G3,,us,G199 3rd,PROD96,Sweden
264,Accepted-Assigned,Value 46,,,Medium,,,,us,G199 3rd,,
264,,Value 43,,,Medium,In Progress,,,,,,POLAND
264,Completed-Closed,Value 43,19.067436580122727,Completed,Medium,Closed,,,,,,
265,,,18.90777981609079,Accepted,Medium,Wait,,,,,,
265,Accepted-In Progress,,,,Medium,In Progress,Org line A2,,,,,
265,,Value 143,19.109564991109394,,Medium,,Org line A2,A2_1,,,,United Kingdom
266,Accepted-In Progress,,,Accepted,,In Progress,Org line G4,,se,S33 2nd,PROD374,Sweden
266,Completed-Closed,Value 139,19.068402595679604,Completed,,Closed,,,se,S33 2nd,,
267,Accepted-In Progress,Value 46,18.910340825595565,,Medium,In Progress,,,us,G199 3rd,,USA
267,Queued-Awaiting Assignment,Value 46,,Queued,Medium,Awaiting Assignment,Org line G3,,,,,
267,Accepted-In Progress,,18.91045473894447,Accepted,,,,,us,,,
267,,,,,Medium,Assigned,,,us,G199 3rd,,USA
267,Accepted-In Progress,Value 43,,,,,Org line G3,,us,G199 3rd,,POLAND
267,,Value 43,19.068972415674192,,Medium,,Org line G3,,,,PROD97,
268,Accepted-In Progress,,18.91065448646772,Accepted,,,,V3_3,,,,
268,Queued-Awaiting Assignment,,18.912143880786193,,,Awaiting Assignment,Org line C,,,N22 2nd,PROD835,USA
268,Queued-Awaiting Assignment,Value 166,18.91535418065039,,High,,Org line C,E_1,,G294 2nd,,Sweden
268,,Value 165,18.91537894920118,,,In Progress,,,se,,PROD835,USA
268,Accepted-Wait,Value 165,18.915379540663256,Accepted,High,,Org line C,,se,N22 2nd,,
268,Queued-Awaiting Assignment,Value 166,,Queued,,Awaiting Assignment,Org line C,,se,G294 2nd,,Sweden
268,Accepted-In Progress,,,,High,In Progress,,,se,G294 2nd,,
268,,Value 166,,,High,Closed,,,,,,
269,Accepted-In Progress,,18.91151952485553,,Low,,Org line A2,,,G354 3rd,,Sweden
269,Completed-Closed,Value 38,19.08987220385038,Completed,,,,A2_3,se,,PROD729,
270,Accepted-In Progress,Value 163,18.912111146541033,Accepted,,,,,,,PROD230,France
270,,,,Completed,,,,,,V5 3rd,PROD230,France
271,,Value 76,,,Low,,,,se,,,Sweden
271,Accepted-Wait,,18.92226435962538,Accepted,,,,,,S33 2nd,PROD374,Sweden
271,,,,,,,,,,,PROD374,
272,,,,,Medium,In Progress,Org line G3,,us,,PROD96,
272,,Value 46,18.914790722506318,,Medium,Awaiting Assignment,Org line G3,,,,,USA
272,Accepted-In Progress,Value 78,18.914918496552,Accepted,Medium,In Progress,,,us,G199 3rd,PROD96,
272,Accepted-Assigned,,,,Medium,,Org line G3,,us,,PROD96,
272,Accepted-In Progress,,19.067435338853112,Accepted,Medium,,,,,G199 3rd,PROD96,
272,Completed-Closed,,,Completed,,,,,us,G199 3rd,,POLAND
273,,Value 167,18.914775811216806,,Low,In Progress,Org line V2,,,,PROD421,Sweden
273,,Value 167,19.080074539445622,Completed,Low,,,,,T10 2nd,PROD421,Sweden
274,,,18.915260094810648,Accepted,,,Org line G4,,se,S30 2nd,PROD412,Sweden
274,Accepted-In Progress,,,Accepted,,,,,se,,PROD412,
274,Accepted-Assigned,,19.067449904033722,Accepted,,,Org line G4,,,S30 2nd,,
274,Accepted-Assigned,Value 60,,Accepted,,Assigned,Org line G4,,se,S30 2nd,PROD412,Sweden
274,Accepted-In Progress,,,,High,In Progress,,,,,PROD412,
274,,,,Completed,High,Closed,Org line G4,,,,PROD412,
275,,,18.91577151161146,,,,Org line A2,A2_1,gb,G42 3rd,,
275,Completed-Closed,Value 28,19.074627021562804,,Medium,Closed,Org line A2,A2_1,,G42 3rd,PROD236,
276,Accepted-In Progress,Value 168,,Accepted,Medium,In Progress,Org line V11,,,V50 2nd,,United Kingdom
276,Accepted-In Progress,Value 168,,,,,Org line V11,,,,PROD158,
276,,Value 168,,Completed,Medium,,Org line V11,,gb,V50 2nd,PROD158,
277,,Value 168,,,High,In Progress,,,,V50 2nd,,
277,Accepted-Wait,,,,High,Wait,,,,V50 2nd,PROD158,United Kingdom
277,Accepted-In Progress,,19.105183322374256,Accepted,High,In Progress,,,gb,V50 2nd,,
277,Completed-Closed,,,,High,Closed,,,gb,V50 2nd,PROD158,
278,Accepted-In Progress,,,Accepted,,In Progress,Org line G3,,us,,,USA
278,,Value 46,,,,,,,,G199 3rd,PROD98,
278,Accepted-In Progress,,18.9189312594288,Accepted,Medium,,Org line G3,,us,,PROD98,
278,Accepted-Assigned,,18.91893178803431,Accepted,,,,,us,G199 3rd,PROD98,
278,Accepted-In Progress,,19.07075605717526,,Medium,,Org line G3,,us,,,
278,,Value 43,,Completed,Medium,Closed,,,us,,,POLAND
279,,Value 29,,,,,Org line A2,,gb,G42 3rd,,United Kingdom
279,,Value 29,,,,,,,gb,,,
279,,Value 143,18.989819914468654,Accepted,,,,A2_1,gb,,,United Kingdom
279,,Value 143,18.990356921747892,Accepted,High,,Org line A2,,,,PROD236,United Kingdom
279,,,,,,,,,,G42 3rd,PROD236,
279,Completed-Closed,,19.07463687531905,Completed,High,Closed,,,gb,G42 3rd,,
280,,,18.920965839012695,,Medium,,,A2_4,fr,V36 3rd,PROD222,France
280,Queued-Awaiting Assignment,Value 169,,,Medium,Awaiting Assignment,,,fr,,PROD222,
280,Accepted-In Progress,,19.105084280020225,,,In Progress,,A2_4,,,,France
280,,Value 169,,Completed,Medium,Closed,Org line A2,,,V36 3rd,,France
281,Accepted-In Progress,Value 133,18.92140126066797,,,,Org line G4,,,,,Sweden
281,Completed-Closed,Value 133,,,Low,Closed,,,se,S33 2nd,,
282,,Value 46,18.921449413661136,Accepted,,,,,us,,PROD97,USA
282,,Value 46,18.921451486399977,,Medium,,Org line G3,,,,,
282,Accepted-In Progress,Value 74,,,Medium,In Progress,Org line G3,,,G199 3rd,PROD97,Sweden
282,,,,Accepted,,Assigned,Org line G3,,us,,PROD97,USA
282,,Value 43,19.070761178045533,,,In Progress,,,us,G199 3rd,PROD97,POLAND
282,Completed-Closed,,19.070761480807683,,,Closed,Org line G3,,us,,PROD97,
283,Accepted-In Progress,Value 46,,Accepted,Medium,,Org line G3,,us,G199 3rd,PROD97,
283,Queued-Awaiting Assignment,,,Queued,Medium,,,,us,G199 3rd,,
283,Accepted-In Progress,,18.921512175743302,Accepted,,,,,us,,,Sweden
283,Accepted-Assigned,Value 46,18.921513399916247,Accepted,,,Org line G3,,,,,USA
283,Accepted-In Progress,,,Accepted,,In Progress,,,us,,,POLAND
283,Completed-Closed,Value 43,,,,Closed,,,us,G199 3rd,,POLAND
284,,,18.921511848488898,Accepted,,,,,,,PROD98,USA
284,Queued-Awaiting Assignment,,,Queued,,Awaiting Assignment,,,,G199 3rd,PROD98,
284,Accepted-In Progress,Value 74,,Accepted,Medium,In Progress,Org line G3,,,,PROD98,Sweden
284,Accepted-Assigned,Value 46,,,Medium,Assigned,Org line G3,,us,G199 3rd,,USA
284,,Value 43,19.058308332951608,,Medium,,,,us,G199 3rd,,POLAND
284,Completed-Closed,,19.05833390362517,Completed,,,,,us,G199 3rd,PROD98,
285,Accepted-In Progress,,18.921603130136283,,Medium,,,,,,PROD158,
285,Accepted-In Progress,,19.105184013321235,,Medium,In Progress,Org line V11,,gb,V50 2nd,PROD158,United Kingdom
285,,,,,Medium,Closed,,,,V50 2nd,,
286,,Value 39,,,Major,,Org line A2,A2_3,,,,Sweden
286,,,19.09331194363996,,,Assigned,,,se,M3 2nd,,Sweden
286,,,,,,Closed,Org line A2,A2_3,,,,Sweden
287,,Value 170,,,,In Progress,,A2_3,,M3 2nd,,
287,Accepted-In Progress,Value 170,,,,In Progress,,,,M3 2nd,,INDIA
287,,Value 170,,Accepted,High,,,,se,M3 2nd,PROD655,
287,Completed-Closed,Value 170,19.07138655179834,Completed,High,Closed,,,se,M3 2nd,,
288,Accepted-In Progress,Value 164,,,High,,,,se,G105 2nd,PROD337,Sweden
288,Accepted-In Progress,Value 164,19.096461833050395,Accepted,,In Progress,Org line A2,A2_4,se,G105 2nd,,
288,Completed-Closed,,19.096462387597416,,,,,A2_4,se,G105 2nd,PROD337,
289,,,18.922550662840738,Accepted,,In Progress,Org line V11,,gb,V50 2nd,,
289,Accepted-In Progress,,,,,,Org line V11,,gb,,,United Kingdom
289,,Value 168,19.105190700856408,Completed,Medium,,,,gb,V50 2nd,PROD158,United Kingdom
290,,Value 168,18.922590085552518,Accepted,Medium,,,,gb,,,United Kingdom
290,Accepted-In Progress,Value 168,,,Medium,,,,,,PROD158,United Kingdom
290,Completed-Closed,,,Completed,Medium,,Org line V11,,gb,V50 2nd,PROD158,
291,,Value 76,18.92304314748786,Accepted,High,In Progress,Org line C,E_6,se,,PROD98,
291,Accepted-Wait,,,,High,Wait,Org line C,E_6,,G48 2nd,,
291,Accepted-In Progress,,,,,In Progress,Org line C,,se,G48 2nd,,Sweden
291,,,19.077297255942568,,,,,E_6,se,,PROD98,
292,Accepted-In Progress,Value 168,,,,,,,gb,V50 2nd,PROD158,
292,Accepted-In Progress,,,Accepted,Medium,In Progress,Org line V11,,,,PROD158,United Kingdom
292,Completed-Closed,Value 168,,Completed,,,,,gb,,,United Kingdom
293,,Value 119,,Accepted,,In Progress,,,se,,PROD234,Sweden
293,,Value 119,19.093311785427126,,,,,A2_3,se,,,Sweden
293,Accepted-In Progress,,19.099528645377536,Accepted,,In Progress,,A2_3,se,,PROD234,Sweden
293,,,,Completed,,Closed,Org line A2,,,,PROD234,
294,,Value 133,,,,,,,,S33 2nd,PROD374,
294,Accepted-Assigned,,,,,,Org line G4,,,,PROD374,Sweden
294,,,,,,Wait,Org line G4,,se,,PROD374,
294,Completed-Closed,Value 133,,,Low,Closed,Org line G4,,se,,PROD374,
295,,Value 171,18.924826448653953,Accepted,,In Progress,,C_3,gb,G94 3rd,PROD793,United Kingdom
295,Queued-Awaiting Assignment,,,Queued,,Awaiting Assignment,Org line C,,,G94 3rd,,United Kingdom
295,Accepted-In Progress,,,,,,,C_3,,,,United Kingdom
295,,,19.07463330301864,Completed,,,,,gb,G94 3rd,PROD793,
296,,,18.92515227717437,,Low,,Org line A2,A2_1,pl,W9 2nd,,POLAND
296,,,,,Low,Wait,,A2_1,,W9 2nd,PROD756,
296,,,,,Low,,Org line A2,,,W9 2nd,,
296,Accepted-In Progress,Value 172,,,Low,In Progress,Org line A2,,,,,
296,,,18.995229264449755,,,In Progress,,A2_1,pl,W15 2nd,PROD756,POLAND
296,Accepted-Assigned,,19.0200888179259,Accepted,,Assigned,,,,W15 2nd,,
296,Accepted-In Progress,,,Accepted,Low,,,,,W15 2nd,PROD756,
296,,,19.03289392100262,Accepted,Low,,,,pl,,PROD756,
296,,Value 173,,Accepted,,In Progress,Org line A2,A2_1,,W15 2nd,,
296,Accepted-Wait,,,Accepted,,Wait,Org line A2,,pl,W15 2nd,PROD756,POLAND
296,Completed-Closed,Value 173,19.078165601173836,,,Closed,,,,W15 2nd,,
297,,,18.925185263567794,Accepted,Medium,In Progress,,,,G51 2nd,PROD816,Sweden
297,,Value 58,18.92518536017654,Queued,,,,,be,,PROD816,Sweden
297,Accepted-In Progress,Value 116,19.06431592162999,Accepted,Medium,,,,be,,,
297,,Value 77,,Queued,Medium,,,E_1,,G55 2nd,PROD816,Belgium
297,,Value 77,,Accepted,,In Progress,Org line C,,,,PROD816,
297,,Value 77,,,Medium,Closed,,E_1,,G55 2nd,,
298,Accepted-In Progress,Value 174,,Accepted,Major,In Progress,Org line C,C_5,,,,
298,Queued-Awaiting Assignment,Value 174,,,Major,Awaiting Assignment,,,in,,PROD604,
298,,Value 156,18.926843360780275,Queued,,Awaiting Assignment,Org line C,,in,G181 2nd,PROD604,
298,Queued-Awaiting Assignment,,,Queued,,Awaiting Assignment,Org line C,,in,G163 3rd,,
298,,,18.96862185297208,Accepted,Major,In Progress,Org line C,E_8,,,,
298,Accepted-In Progress,,,Accepted,Major,In Progress,,,in,,PROD604,INDIA
298,Accepted-In Progress,Value 175,18.968626235255424,Accepted,,In Progress,,,,,PROD604,
298,,Value 176,18.968628322325568,,Major,Awaiting Assignment,Org line C,E_7,in,G157 2nd,,
298,,,,,,,Org line C,,,G157 2nd,PROD604,INDIA
298,Accepted-Assigned,,18.986332859406723,Accepted,Major,Assigned,,E_7,,G157 2nd,,Sweden
298,Accepted-In Progress,,,Accepted,Major,,,,in,,PROD604,
298,,Value 177,,,,Assigned,,E_7,in,,PROD604,
298,,,,,Major,In Progress,,E_7,,G157 2nd,,INDIA
298,Completed-Closed,,,,Major,Closed,,,,,PROD604,INDIA
299,Accepted-In Progress,Value 60,18.9262192515193,Accepted,Medium,,Org line G4,,se,,,Sweden
299,Accepted-In Progress,,19.077390740145795,Accepted,Medium,In Progress,,,se,S30 2nd,PROD412,Sweden
299,,Value 60,19.07739074533134,Completed,,,Org line G4,,,S30 2nd,,Sweden
300,Accepted-In Progress,Value 46,,Accepted,Medium,In Progress,Org line G3,,,G199 3rd,,USA
300,,,18.926255146156787,Queued,Medium,,,,,,PROD98,USA
300,,,18.926288355540994,,,In Progress,Org line G3,,us,,,
300,Accepted-Assigned,Value 46,,Accepted,,Assigned,,,,,PROD98,
300,Accepted-In Progress,Value 43,,Accepted,Medium,In Progress,,,us,,,
300,Completed-Closed,Value 43,,Completed,,Closed,Org line G3,,us,,PROD98,POLAND
301,Accepted-In Progress,,18.926270991018715,Accepted,Medium,,,,,,PROD98,USA
301,,,18.926272004309297,,,,,,us,,PROD98,USA
301,,,18.926289145652756,Accepted,Medium,In Progress,,,,G199 3rd,PROD98,Sweden
301,,,,Accepted,Medium,,,,us,G199 3rd,PROD98,USA
301,Accepted-In Progress,Value 43,,,,In Progress,Org line G3,,us,G199 3rd,PROD98,POLAND
301,Completed-Closed,Value 43,,Completed,Medium,,Org line G3,,,G199 3rd,,
302,,Value 46,18.926751826780574,Accepted,Medium,In Progress,,,us,,PROD97,
302,,,18.926755232931047,,Medium,,,,us,G199 3rd,,
302,,Value 78,,,,,,,,,PROD97,Sweden
302,Accepted-Assigned,Value 46,,,Medium,Assigned,,,,,,
302,,Value 72,,,,Awaiting Assignment,,,,,PROD97,Sweden
302,,,18.93035188556021,,,,,A2_2,,G21 2nd,,Sweden
302,,Value 73,,Accepted,Medium,Assigned,Org line A2,A2_2,,G21 2nd,,INDIA
302,,Value 73,,Accepted,,Wait,,,,G21 2nd,PROD97,INDIA
302,Queued-Awaiting Assignment,Value 46,18.933913609984373,Queued,Medium,Awaiting Assignment,Org line G3,,us,,PROD97,
302,,Value 78,18.934000660382424,Accepted,Medium,In Progress,,,us,,,Sweden
302,,Value 46,18.934000702277793,Accepted,Medium,,,,,,PROD97,
302,,Value 43,,,,,Org line G3,,us,,,
302,,Value 43,,,Medium,Closed,,,,G199 3rd,PROD97,POLAND
303,Accepted-In Progress,Value 46,18.926762232081703,,Medium,,,,us,,,
303,Queued-Awaiting Assignment,,18.926763534243864,,,,,,us,,,USA
303,,Value 78,18.926768242510484,,Medium,In Progress,Org line G3,,,G199 3rd,PROD97,
303,Accepted-Assigned,,18.92676827868146,,,Assigned,Org line G3,,,,,
303,,Value 43,19.068970308230362,,Medium,In Progress,Org line G3,,us,G199 3rd,,POLAND
303,,Value 43,,,,Closed,,,,,PROD97,
304,Accepted-In Progress,,18.928242647573157,Accepted,,,Org line G3,,,G199 3rd,,
304,Queued-Awaiting Assignment,Value 46,,Queued,Medium,,,,,,,
304,Accepted-In Progress,Value 78,,,,In Progress,Org line G3,,,G199 3rd,,
304,Accepted-Assigned,Value 46,18.928287221823688,,,Assigned,Org line G3,,us,,,
304,Accepted-In Progress,,,Accepted,,,,,,,PROD96,
304,,Value 43,,Completed,,Closed,Org line G3,,us,,,POLAND
305,Accepted-In Progress,Value 46,18.92871686266429,,Medium,In Progress,,,us,G199 3rd,,USA
305,,,18.928718559389285,,,Awaiting Assignment,Org line G3,,,,,USA
305,Accepted-In Progress,Value 78,,,Medium,In Progress,,,us,G199 3rd,,
305,Accepted-Assigned,Value 46,,,,,,,,,,USA
305,,Value 43,19.059704523886225,Accepted,Medium,In Progress,Org line G3,,us,G199 3rd,,
305,,Value 43,19.059704613613487,Completed,Medium,,Org line G3,,us,,PROD98,
306,,,,,Low,In Progress,,E_4,us,,PROD348,
306,Completed-Closed,Value 178,,,,,,E_4,,G88 2nd,PROD348,France
307,Accepted-In Progress,,18.929362625544197,,Medium,In Progress,Org line C,C_6,se,,,
307,Accepted-In Progress,Value 123,19.012141484498347,,,,Org line C,C_6,se,,PROD660,
307,Accepted-In Progress,,,Accepted,Medium,,Org line C,,,G141 3rd,,Sweden
307,,,,,,,Org line C,,se,,PROD660,Sweden
307,,Value 106,,,Medium,Closed,,C_6,se,,,Sweden
308,,Value 179,,Accepted,,In Progress,,A2_2,,G40,PROD215,Sweden
308,,,18.929354700541897,Accepted,,In Progress,Org line A2,A2_2,,G40,PROD215,Sweden
308,Queued-Awaiting Assignment,Value 57,18.929355139485246,Queued,,,,A2_2,,,,Sweden
308,,Value 57,18.93389002654505,Accepted,Low,,,,,G39 3rd,PROD215,Sweden
308,,Value 179,18.936459681777972,Accepted,Low,,Org line A2,,se,,PROD215,Sweden
308,,,,Queued,Low,Awaiting Assignment,Org line A2,,se,G39 3rd,PROD215,Sweden
308,,,18.936526816150643,,,,,A2_2,se,G39 3rd,,
308,,,,Accepted,Low,,,,,G39 3rd,,
308,Completed-Closed,Value 57,19.10028919309401,,Low,Closed,Org line A2,A2_2,se,G39 3rd,,
309,Accepted-In Progress,,18.929369522289473,Accepted,Medium,In Progress,Org line G3,,,,,USA
309,Queued-Awaiting Assignment,Value 46,18.929370887202037,Queued,Medium,Awaiting Assignment,Org line G3,,us,,,
309,,Value 78,18.929824373959608,Accepted,,In Progress,Org line G3,,,G199 3rd,,Sweden
309,,Value 46,,Accepted,Medium,Assigned,Org line G3,,,,,
309,Queued-Awaiting Assignment,Value 72,,,,,,A2_2,us,,,Sweden
309,,Value 56,18.93035174740079,Accepted,,Assigned,,A2_2,us,G21 2nd,,
309,,Value 73,18.93195146464802,,Medium,Assigned,,A2_2,,G21 2nd,PROD97,
309,,Value 73,18.933003370650123,Accepted,Medium,,,A2_2,us,G21 2nd,,
309,Queued-Awaiting Assignment,,18.933913681811255,Queued,,Awaiting Assignment,,,us,G199 3rd,PROD97,
309,Accepted-In Progress,,18.93399996013099,,,In Progress,Org line G3,,,,,
309,,Value 46,,,,Assigned,Org line G3,,us,,PROD97,USA
309,Accepted-In Progress,Value 43,,Accepted,,In Progress,,,,G199 3rd,,
309,Completed-Closed,,,Completed,,,,,,G199 3rd,PROD97,
310,Accepted-In Progress,Value 57,18.929407041674644,Accepted,,In Progress,,,se,G39 3rd,,Sweden
310,,,18.929416649777966,Queued,,Awaiting Assignment,Org line A2,,,,,Sweden
310,Accepted-In Progress,Value 57,,,Low,,Org line A2,A2_2,se,G39 3rd,PROD215,
310,,Value 57,,,Low,,,,,G39 3rd,,Sweden
311,Accepted-In Progress,,18.92940997582362,,,In Progress,Org line B,E_6,,S16,,Brazil
311,Accepted-Wait,Value 180,,Accepted,,Wait,,E_6,,S16,,Brazil
311,Queued-Awaiting Assignment,,,Queued,,Awaiting Assignment,Org line B,E_6,,S16,PROD132,
311,Accepted-In Progress,,,Accepted,High,In Progress,Org line B,,br,S16,PROD132,
311,Completed-Closed,,,Completed,High,Closed,Org line B,,br,,,
311,Accepted-In Progress,Value 181,,Accepted,,,Org line B,,,S16,,
311,Queued-Awaiting Assignment,,19.013526070003405,,High,,,,br,S2 2nd,PROD132,
311,Accepted-In Progress,,19.013533112042715,,,,,,,,PROD132,Brazil
311,Queued-Awaiting Assignment,Value 180,,,High,,Org line B,,br,,,Brazil
311,,Value 180,,Accepted,,In Progress,,E_6,br,S16,,
311,,,,,,,,,br,,PROD132,
311,,Value 182,19.02261632802867,Accepted,,In Progress,,,,,PROD132,
311,,,19.022616459488756,,,Wait,,A2_2,,,,
311,Accepted-In Progress,Value 182,19.023479522205545,Accepted,,,Org line A2,,,,PROD132,Brazil
311,Accepted-Wait,Value 182,19.02348151976745,,High,Wait,,,,,PROD132,
311,,Value 183,19.049163342096016,Accepted,High,In Progress,Org line A2,A2_3,br,S3 2nd,PROD132,Brazil
311,,Value 184,19.068338319250834,Accepted,,,,,br,,PROD132,Brazil
311,,Value 183,,Accepted,,,Org line A2,,,S3 2nd,,
311,Completed-Closed,Value 183,,,High,Closed,Org line A2,A2_3,,,PROD132,
312,Accepted-In Progress,,,,,In Progress,Org line A2,,,V5 3rd,PROD230,
312,,Value 163,19.05923507679132,Completed,,,Org line A2,A2_5,fr,V5 3rd,,
313,,,,,,,Org line G4,,se,S33 2nd,PROD374,
313,Accepted-Assigned,Value 8,18.93178032818776,Accepted,High,,Org line G4,,se,,PROD374,Sweden
313,Completed-Closed,Value 8,19.06559792816958,Completed,,Closed,,,se,S33 2nd,PROD374,Sweden
314,Accepted-In Progress,,,,Medium,,,,,G199 3rd,,USA
314,,,18.932028965140532,Queued,Medium,,Org line G3,,us,G199 3rd,PROD96,USA
314,Accepted-In Progress,,18.932031735688433,Accepted,Medium,In Progress,,,us,G199 3rd,PROD96,Sweden
314,Accepted-Assigned,Value 46,18.932031771669525,Accepted,,,,,us,G199 3rd,PROD96,USA
314,,Value 43,,,,,,,us,G199 3rd,PROD96,POLAND
314,,,19.06749428960269,,,Closed,,,,G199 3rd,PROD96,POLAND
315,,,18.932534439071855,Accepted,,In Progress,Org line A2,,cn,,,Sweden
315,Accepted-Wait,Value 2,,Accepted,High,,,A2_2,,,PROD753,
315,,,19.120232098940864,,,,Org line A2,A2_2,cn,M1 2nd,,Sweden
316,Accepted-In Progress,Value 46,18.93298023304505,,Medium,In Progress,Org line G3,,,G199 3rd,,
316,Queued-Awaiting Assignment,,18.932982893118027,,,Awaiting Assignment,,,,G199 3rd,,USA
316,Accepted-In Progress,,,Accepted,,,Org line G3,,,G199 3rd,PROD96,Sweden
316,Accepted-Assigned,,18.93299135857345,Accepted,,,,,,,,
316,,,19.070758265260153,,,,Org line G3,,,G199 3rd,PROD96,
316,,Value 43,,Completed,,Closed,Org line G3,,us,,,
317,,Value 46,18.93344219479547,,,In Progress,,,,G199 3rd,PROD97,USA
317,,,18.933443991312743,,,Awaiting Assignment,Org line G3,,,,,USA
317,Accepted-In Progress,,,,,In Progress,,,us,,PROD97,Sweden
317,,Value 46,18.93344559619877,Accepted,Medium,Assigned,Org line G3,,us,G199 3rd,,
317,,Value 43,,,Medium,,Org line G3,,,,PROD97,
317,,,19.06760757778173,,Medium,Closed,,,us,,,
318,Accepted-In Progress,,18.93350640031909,,,,Org line A2,,,,,POLAND
318,Completed-Closed,Value 185,19.07995717236232,Completed,,,,,pl,,PROD604,
319,,,18.933542698987797,Accepted,Medium,In Progress,Org line A2,D_1,,,PROD604,
319,,,,,,,Org line A2,D_1,kr,V17 3rd,,POLAND
320,Accepted-In Progress,,18.935465021897354,,,In Progress,Org line G4,,se,S28 2nd,,Sweden
320,,,,Completed,,,Org line G4,,se,S28 2nd,PROD108,Sweden
321,,,18.935932509883223,Accepted,Major,In Progress,Org line C,E_8,in,,PROD436,
321,Queued-Awaiting Assignment,Value 104,18.935933334226135,,Major,Awaiting Assignment,,E_8,in,G186 2nd,PROD436,
321,Accepted-In Progress,,,Accepted,,In Progress,,E_8,,,PROD436,INDIA
321,Accepted-Assigned,Value 187,,Accepted,Major,Assigned,Org line C,,,G181 2nd,PROD436,
321,,Value 187,,Accepted,Major,,,E_8,,G181 2nd,,INDIA
321,,Value 187,19.058717617750798,Completed,,Closed,,E_8,,G181 2nd,PROD436,INDIA
322,,Value 46,,,,,Org line G3,,,G199 3rd,,USA
322,Queued-Awaiting Assignment,Value 46,18.936142910323053,,,Awaiting Assignment,Org line G3,,,G199 3rd,PROD98,USA
322,Accepted-In Progress,Value 78,,Accepted,Medium,In Progress,Org line G3,,us,G199 3rd,PROD98,Sweden
322,,,18.936432987970747,Accepted,,Assigned,Org line G3,,us,,,
322,Accepted-In Progress,,19.070761611308583,,,,,,us,,PROD98,
322,Completed-Closed,,19.070762044571445,,Medium,,,,us,G199 3rd,,
323,Accepted-In Progress,Value 188,,Accepted,,,Org line A2,A2_4,se,,,INDIA
323,Queued-Awaiting Assignment,Value 188,18.943819720276885,,Medium,Awaiting Assignment,,A2_4,se,G18 3rd,PROD67,INDIA
323,Accepted-In Progress,Value 189,18.947298558069548,,,In Progress,,,se,,PROD67,Sweden
323,,Value 189,,,,,Org line A2,,se,G18 3rd,,Sweden
323,Accepted-Assigned,Value 190,,Accepted,Medium,,Org line A2,,se,G18 3rd,PROD67,
323,,Value 190,19.036207487022182,Accepted,Medium,Wait,,A2_4,se,G18 3rd,PROD67,Sweden
323,,,19.058832443375454,,Medium,Closed,Org line A2,,se,G18 3rd,,Sweden
324,,Value 128,,,Medium,,,A2_4,se,M13 2nd,,
324,,Value 128,,Accepted,Medium,In Progress,,A2_4,se,,PROD563,
324,Completed-Closed,Value 128,19.105595899176283,,Medium,,Org line A2,,se,M13 2nd,,
325,,,,,Medium,,,,us,G199 3rd,PROD98,USA
325,Accepted-In Progress,Value 46,,Accepted,,In Progress,,,,G199 3rd,PROD98,
325,Accepted-In Progress,Value 43,,Accepted,,,,,,,,POLAND
325,,Value 43,,,,,Org line G3,,,G199 3rd,PROD98,POLAND
326,Accepted-In Progress,Value 46,18.937048668754706,Accepted,,In Progress,,,,G199 3rd,,
326,,Value 46,,Queued,Medium,Awaiting Assignment,Org line G3,,us,G199 3rd,,USA
326,,,,,,,,,,,,Sweden
326,,Value 46,18.937069421202544,,Medium,,Org line G3,,us,,PROD97,
326,,Value 43,,Accepted,,,,,us,,PROD97,POLAND
326,,Value 43,,Completed,Medium,,Org line G3,,,G199 3rd,PROD97,POLAND
327,Accepted-In Progress,Value 46,,,,In Progress,,,,,,
327,Queued-Awaiting Assignment,,18.93712963547085,,Medium,Awaiting Assignment,Org line G3,,us,G199 3rd,,
327,,Value 78,18.937470518758193,,,,Org line G3,,,,,Sweden
327,,,,,Medium,,Org line G3,,us,G199 3rd,PROD97,
327,Accepted-In Progress,Value 43,19.070663877025865,,Medium,In Progress,Org line G3,,,G199 3rd,,POLAND
327,Completed-Closed,Value 43,,,,Closed,Org line G3,,us,,,
328,,,18.93711412282732,Accepted,Medium,,,,us,G199 3rd,,
328,Queued-Awaiting Assignment,,,Queued,,,Org line G3,,us,G199 3rd,,
328,,Value 78,,,,In Progress,Org line G3,,us,,,
328,,Value 46,,Accepted,,,,,,,PROD98,
328,Accepted-In Progress,,19.07469744648772,,Medium,,Org line G3,,,G199 3rd,PROD98,POLAND
328,,,19.07469758687504,,,,,,,,,POLAND
329,Accepted-In Progress,Value 76,18.937583154592186,,Medium,In Progress,Org line A2,,,,,Sweden
329,,Value 76,19.080952594367005,Completed,Medium,,Org line A2,,,,,
330,,,,,Low,In Progress,Org line C,C_6,,G141 3rd,PROD434,
330,,,18.939195849728215,,,In Progress,Org line C,,,G141 3rd,,
330,Accepted-In Progress,Value 103,18.939203482778414,Accepted,Low,,Org line C,C_6,se,G141 3rd,PROD434,Sweden
330,Queued-Awaiting Assignment,,18.939205626214168,,,Awaiting Assignment,Org line C,C_6,se,,PROD434,Sweden
330,Queued-Awaiting Assignment,,,Queued,Low,,,C_6,,,PROD434,Sweden
330,,Value 77,18.94012072735133,Accepted,,,,,se,G250 3rd,,Sweden
330,Accepted-Assigned,Value 2,,Accepted,,Assigned,,,se,,PROD434,
330,,,,,,Wait,Org line C,C_6,,,PROD434,Sweden
330,,Value 2,19.020181354142125,Accepted,,,,,,G250 3rd,,Sweden
330,,Value 2,19.067429677177643,Completed,Low,Closed,,,se,,,Sweden
331,Accepted-In Progress,,,Accepted,Medium,In Progress,,,,,PROD205,Sweden
331,,Value 191,19.077390786815705,,Medium,,,,se,,,
332,,,,,Medium,,,,,S33 2nd,,
332,Accepted-Wait,,,Accepted,Medium,,,,se,S33 2nd,PROD374,Sweden
332,Accepted-Wait,,19.020307449231,,Medium,,Org line G4,,,S33 2nd,,
332,Completed-Closed,,19.057841143454304,Completed,Medium,Closed,,,se,,PROD374,Sweden
333,,,18.939601630481338,Accepted,,Assigned,Org line C,C_2,be,G58 3rd,PROD330,
333,Accepted-Assigned,Value 192,19.01291380895004,Accepted,Medium,Assigned,,,,G58 3rd,,
333,Accepted-Assigned,Value 193,,,Medium,,,,be,G58 3rd,PROD330,Belgium
333,Accepted-In Progress,Value 193,19.029189602326813,Accepted,,,Org line C,C_2,,,PROD330,
333,Completed-Closed,,,Completed,,Closed,,,,G58 3rd,PROD330,
334,Accepted-In Progress,Value 100,,Accepted,,,Org line A2,,,,,
334,,Value 100,18.942795499007847,Accepted,,,Org line A2,,in,,,Sweden
334,,,,,Medium,Assigned,,D_1,in,L50 3rd,,
334,,Value 194,,,Medium,,Org line A2,D_1,,L50 3rd,PROD611,
334,,,,,Medium,Closed,,,,,PROD611,
335,Accepted-In Progress,Value 120,,Accepted,Low,,Org line A2,A2_3,,N23 2nd,,
335,Accepted-Wait,,,Accepted,Low,,,A2_3,,N23 2nd,PROD76,
335,Accepted-Assigned,Value 120,18.971484978210263,,,Assigned,,,,N23 2nd,,Sweden
335,Accepted-In Progress,Value 195,19.06198859159917,Accepted,,,,A2_3,,N23 2nd,PROD76,
335,,Value 195,19.061988670589656,,Low,,Org line A2,,,,,
336,,Value 168,18.941201753204428,Accepted,,,Org line V11,,,V50 2nd,,
336,Accepted-In Progress,,,,Medium,In Progress,Org line V11,,,,,
336,Completed-Closed,Value 168,,,,,Org line V11,,,,,United Kingdom
337,Accepted-In Progress,,18.941224897450294,,,In Progress,Org line G3,,us,,PROD97,
337,,Value 46,,,Medium,Awaiting Assignment,,,,G199 3rd,PROD97,USA
337,Accepted-In Progress,Value 78,18.94261451319393,,Medium,,,,,G199 3rd,PROD97,
337,,Value 46,,,Medium,,,,,G199 3rd,,
337,Accepted-In Progress,,,,,,,,us,,,POLAND
337,,Value 43,19.07075691848555,,Medium,Closed,,,,G199 3rd,PROD97,
338,Accepted-In Progress,Value 139,,Accepted,,In Progress,Org line G4,,,S33 2nd,,
338,Completed-Closed,,19.068411124397045,Completed,Medium,,,,,S33 2nd,PROD374,Sweden
339,,,,Accepted,Medium,In Progress,,,,S33 2nd,PROD374,Sweden
339,,,,,Medium,,Org line G4,,se,,,
340,Accepted-In Progress,Value 46,18.94324716799141,,Medium,,Org line G3,,,,,USA
340,,Value 46,18.943251188501037,,,Awaiting Assignment,Org line G3,,,G199 3rd,PROD97,USA
340,,,,Accepted,,,Org line G3,,,,,
340,Accepted-Assigned,Value 46,,Accepted,,Assigned,,,,,,
340,Accepted-In Progress,Value 43,19.067605064246198,,,In Progress,Org line G3,,,,PROD97,POLAND
340,Completed-Closed,Value 43,19.06760570834028,Completed,Medium,,,,,,,POLAND
341,Accepted-In Progress,,,Accepted,Low,In Progress,Org line G4,,,S30 2nd,,
341,,Value 60,,,,,Org line G4,,se,S30 2nd,,
341,,,,Completed,Low,Closed,,,,S30 2nd,,Sweden
342,,Value 46,18.943319931970624,Accepted,,In Progress,,,,G199 3rd,,USA
342,,Value 46,18.943320145433884,Queued,Medium,Awaiting Assignment,,,,,,
342,Accepted-In Progress,,18.943580103935957,Accepted,Medium,In Progress,,,us,G199 3rd,PROD96,
342,Accepted-Assigned,Value 46,18.943580175071872,,Medium,Assigned,,,us,,,
342,,,,Accepted,,In Progress,Org line G3,,us,,,POLAND
342,,Value 43,19.0706637569533,Completed,,,,,us,,,POLAND
343,Accepted-In Progress,,18.9433203411085,Accepted,,,Org line G3,,us,,,
343,,Value 46,18.94332075617574,,,,,,,,,
343,,Value 78,,,,In Progress,Org line G3,,us,G199 3rd,PROD96,Sweden
343,Accepted-Assigned,,,,Medium,Assigned,,,,G199 3rd,PROD96,USA
343,,Value 43,19.055083735760387,,Medium,,Org line G3,,,,,
343,Completed-Closed,,19.055084159961865,Completed,Medium,,,,,,PROD96,
344,Accepted-In Progress,,18.943693085102847,Accepted,High,,,,se,,PROD412,Sweden
344,,Value 60,19.077387271009652,Accepted,,In Progress,,,se,,PROD412,Sweden
344,Completed-Closed,,,,High,Closed,,,,,PROD412,Sweden
345,Accepted-In Progress,,,,,In Progress,,,,,PROD374,
345,,,,Accepted,Low,Wait,,,,,PROD374,
345,Completed-Closed,,19.071684249665612,,Low,,,,,S33 2nd,,
346,Accepted-In Progress,,18.94636076090742,,,In Progress,,A2_3,se,U6 2nd,PROD807,Sweden
346,Accepted-Wait,,19.067444153405233,,Medium,,,A2_3,,U6 2nd,PROD807,
346,Completed-Closed,Value 31,,Completed,Medium,,Org line A2,,,U6 2nd,,Sweden
347,,Value 196,,Accepted,,In Progress,Org line V2,,se,,PROD279,
347,Queued-Awaiting Assignment,Value 196,,,,Awaiting Assignment,Org line V2,,se,,PROD279,
347,Accepted-In Progress,,,Accepted,Medium,In Progress,,,se,T16 2nd,,Sweden
347,,Value 122,,Accepted,Medium,Wait,,,se,T16 2nd,PROD279,
347,Completed-Closed,Value 122,19.100352249077698,Completed,Medium,Closed,,,se,T16 2nd,PROD279,Sweden
348,,,,Accepted,Low,In Progress,Org line A2,,,,,
348,,,,Accepted,Low,Assigned,Org line A2,A2_3,se,U6 2nd,,
348,Accepted-Assigned,Value 57,19.03887156026808,,Low,Assigned,,,se,,,
348,,Value 57,,,Low,,Org line A2,,se,U6 2nd,PROD827,Sweden
348,,,19.071536048161523,,,,Org line A2,A2_3,,,,
349,Accepted-In Progress,Value 121,18.947411338421922,,Medium,,,,,,PROD228,
349,,,,,Medium,,,,se,U5 2nd,PROD228,Sweden
349,,,19.055162809108595,,,,,,,,PROD228,
349,,,19.05516305830728,,,Closed,,,se,U5 2nd,PROD228,
350,,,18.947441354738775,,,,Org line A2,,,G105 2nd,,Sweden
350,Accepted-In Progress,Value 164,,Accepted,High,In Progress,,,,G105 2nd,PROD337,
350,Completed-Closed,Value 164,19.096463181260514,,High,Closed,Org line A2,,se,G105 2nd,PROD337,
351,Accepted-In Progress,Value 164,18.947935883051702,Accepted,,,Org line A2,A2_4,se,,PROD337,
351,Accepted-In Progress,,,,,,,,,,,
351,Completed-Closed,,19.096464778759966,,,Closed,,,,,,
352,,Value 164,,Accepted,High,In Progress,,,se,,,
352,Accepted-In Progress,Value 164,19.09646496700018,Accepted,,,Org line A2,A2_4,se,,,Sweden
352,,Value 164,19.09646519594093,Completed,,Closed,Org line A2,A2_4,se,G105 2nd,,
353,Accepted-Wait,Value 44,,,Major,,,,se,,PROD348,Sweden
353,Queued-Awaiting Assignment,,,Queued,Major,,,C_3,se,,,
353,Accepted-In Progress,Value 44,19.09643942197063,,Major,In Progress,,,se,G292 3rd,,
353,Accepted-In Progress,,19.09645596704331,Accepted,,,,,se,,,
353,,,19.0964602915098,,,,Org line C,C_3,se,,PROD348,
354,Accepted-In Progress,,18.950404032718474,Accepted,,In Progress,Org line G3,,,,,USA
354,Queued-Awaiting Assignment,Value 46,18.95040470980129,,,,Org line G3,,us,,,USA
354,,,,Accepted,,,,,,G199 3rd,PROD98,Sweden
354,,Value 46,18.950566007302807,Accepted,Medium,,Org line G3,,,,,USA
354,Queued-Awaiting Assignment,,18.962245589495403,Queued,Medium,,,,,G21 2nd,,
354,,Value 56,18.96224640406695,Accepted,,,,A2_2,,G21 2nd,,
354,,,,Queued,,,Org line G3,,,G199 3rd,,
354,,Value 74,,Accepted,Medium,,Org line G3,,,,PROD98,
354,,,18.964860974246808,Accepted,Medium,,Org line G3,,,G199 3rd,,
354,,Value 43,,,,In Progress,Org line G3,,,,,POLAND
354,Completed-Closed,,,,Medium,Closed,,,,G199 3rd,PROD98,POLAND
355,Accepted-In Progress,,18.950969772779295,Accepted,Medium,In Progress,Org line G3,,us,,PROD97,USA
355,Queued-Awaiting Assignment,,18.95097157338838,,Medium,,Org line G3,,,,,USA
355,,Value 74,,,,In Progress,,,,,,Sweden
355,Accepted-Assigned,Value 46,,Accepted,,Assigned,Org line G3,,us,,PROD97,USA
355,Accepted-In Progress,Value 43,19.07077286564205,Accepted,Medium,,Org line G3,,us,,,POLAND
355,Completed-Closed,,,,,Closed,,,us,G199 3rd,,
356,,,,Accepted,,In Progress,,,,G199 3rd,PROD97,
356,Queued-Awaiting Assignment,,18.950962499697848,Queued,Medium,Awaiting Assignment,,,us,,,
356,Accepted-In Progress,Value 74,18.951071490341945,Accepted,Medium,,,,,G199 3rd,PROD97,
356,,Value 46,,Accepted,Medium,Assigned,,,,G199 3rd,PROD97,USA
356,Accepted-In Progress,Value 78,,,,In Progress,,,us,,PROD97,
356,Queued-Awaiting Assignment,Value 72,,,,Awaiting Assignment,Org line A2,A2_2,,G21 2nd,PROD97,
356,,,18.962246462250604,,,Assigned,Org line A2,A2_2,,,PROD97,Sweden
356,,Value 56,18.968509710861245,Accepted,Medium,,,A2_2,,,PROD97,
356,,,,Queued,Medium,Awaiting Assignment,,,,,,
356,Accepted-In Progress,,18.96874209285504,Accepted,Medium,,,,us,,,
356,Accepted-Assigned,Value 46,,,,Assigned,,,,,,
356,,Value 43,19.067595633195094,Accepted,Medium,In Progress,Org line G3,,us,,,POLAND
356,,,,,,,,,,,PROD97,
357,Accepted-In Progress,Value 198,,Accepted,,In Progress,,A2_1,gb,,PROD236,
357,Accepted-Wait,,,,Medium,Wait,Org line A2,A2_1,,,,
357,Completed-Closed,,,,Medium,Closed,Org line A2,A2_1,gb,G42 3rd,PROD236,
358,,Value 104,18.95417010401825,,Medium,In Progress,Org line C,E_8,,G186 2nd,,Sweden
358,Accepted-Wait,Value 104,,Accepted,Medium,Wait,,E_8,in,,PROD756,Sweden
358,,Value 104,18.965486940671774,Queued,,Awaiting Assignment,Org line C,,in,G186 2nd,PROD756,Sweden
358,,Value 186,,,Medium,,Org line C,E_8,,G181 2nd,PROD756,
358,Accepted-In Progress,Value 199,,,Medium,,Org line C,,in,,PROD756,INDIA
358,Accepted-Assigned,,19.035287988777853,Accepted,,Assigned,Org line C,E_8,in,G181 2nd,,INDIA
358,Accepted-Assigned,Value 186,19.055592155239236,Accepted,Medium,Assigned,,E_8,in,,PROD756,Sweden
358,,Value 186,19.05559216053906,Accepted,Medium,,,,,G181 2nd,PROD756,Sweden
358,Completed-Closed,Value 186,19.056567260739133,,Medium,,Org line C,,in,,,
359,,,18.954431772887858,,Medium,,Org line V2,,se,T10 2nd,,Sweden
359,,,18.954432453113053,Accepted,Medium,,Org line V2,,se,T10 2nd,PROD615,Sweden
359,,Value 191,,Accepted,,In Progress,Org line V2,,se,T10 2nd,PROD615,
359,,Value 191,19.06898908681029,Completed,,,Org line V2,,,T10 2nd,,Sweden
360,,,18.954489015737636,,,,,,us,,PROD98,
360,Queued-Awaiting Assignment,,,Queued,Medium,Awaiting Assignment,Org line G3,,,,PROD98,USA
360,,,,,,,,,,,,
360,,,18.954970266724878,,Medium,Assigned,,,,G199 3rd,PROD98,USA
360,Accepted-In Progress,,19.070755488188052,Accepted,Medium,In Progress,,,us,,,POLAND
360,,,19.070755916233505,,,,Org line G3,,us,G199 3rd,,
361,Accepted-In Progress,Value 143,,,Medium,,,,gb,G42 3rd,PROD235,
361,Accepted-In Progress,Value 143,,,Medium,In Progress,,,gb,,,United Kingdom
361,,Value 143,19.07461921648697,,,,Org line A2,,gb,G42 3rd,,
362,,Value 132,18.955566999187305,Accepted,,In Progress,Org line G4,,,S33 2nd,,
362,Accepted-In Progress,,18.955567379915575,,,,Org line G4,,,S33 2nd,,
362,,,19.057841466017283,Completed,,Closed,,,,,,Sweden
363,Accepted-In Progress,,,Accepted,,,Org line G3,,,,PROD97,
363,Queued-Awaiting Assignment,Value 46,18.957431631014305,Queued,Medium,,,,us,,PROD97,
363,,Value 74,18.95848502093534,,,,,,,,,
363,,,18.958485476478018,Accepted,,,,,,,PROD97,USA
363,Accepted-In Progress,,,Accepted,Medium,,,,,G199 3rd,,POLAND
363,,,19.06744024631091,Completed,Medium,Closed,,,us,G199 3rd,PROD97,
364,,Value 46,,Accepted,,,,,,,PROD98,
364,Queued-Awaiting Assignment,,,,Medium,Awaiting Assignment,Org line G3,,,,PROD98,USA
364,,Value 74,18.958006703441036,,Medium,In Progress,,,,,,
364,,,,Accepted,,,,,,,PROD98,
364,Accepted-In Progress,Value 43,19.06897254117939,,,,,,us,,PROD98,POLAND
364,Completed-Closed,Value 43,,,,Closed,,,,,,POLAND
365,Accepted-In Progress,Value 200,,,,In Progress,Org line C,,in,,,
365,Accepted-In Progress,,18.958242794686743,,,In Progress,,,,,PROD675,
365,Accepted-Assigned,Value 200,18.958244488780327,,High,,Org line C,E_7,,G157 2nd,PROD675,
365,Accepted-In Progress,,,,,In Progress,Org line C,,,G157 2nd,PROD675,
365,,Value 200,19.072455476436957,,,Closed,Org line C,E_7,,,PROD675,
366,Accepted-In Progress,Value 29,18.95893222305868,Accepted,,In Progress,Org line A2,,,,PROD236,
366,Accepted-Assigned,,,Accepted,,Assigned,Org line A2,,gb,,,United Kingdom
366,Accepted-Assigned,Value 198,18.988869660235903,,Medium,Assigned,Org line A2,,gb,G42 3rd,PROD236,
366,Accepted-Wait,Value 198,18.989908316048695,,,,Org line A2,,gb,G42 3rd,,United Kingdom
366,Completed-Closed,,19.074649053283643,,,Closed,Org line A2,A2_1,,G42 3rd,PROD236,United Kingdom
367,Accepted-In Progress,Value 77,,Accepted,Low,In Progress,,C_2,be,,PROD328,Sweden
367,,,19.003840783621996,,,In Progress,Org line C,,,G58 3rd,PROD328,
367,,,,Completed,Low,Closed,,C_2,be,G58 3rd,PROD328,
368,,Value 39,,Accepted,,,,,,,PROD835,
368,Accepted-Wait,Value 39,19.000008701311266,,,,Org line C,,,G55 2nd,PROD835,
368,Accepted-In Progress,,,,,,Org line C,E_1,,,PROD835,Sweden
368,Queued-Awaiting Assignment,Value 201,19.002398737216158,Queued,,,Org line A2,,se,D4,PROD835,INDIA
368,,Value 202,19.00284007730477,Accepted,Medium,In Progress,Org line A2,,se,D4,PROD835,
368,,,,Queued,Medium,,,,,,,
368,,Value 203,19.002886743647025,,Medium,In Progress,Org line C,,se,,,INDIA
368,,,19.00291171005599,Queued,Medium,,Org line C,E_1,se,G55 2nd,,Belgium
368,,,19.0029672942503,Accepted,Medium,,Org line C,,,,,
368,Queued-Awaiting Assignment,Value 166,,Queued,Medium,Awaiting Assignment,,E_1,se,,,
368,Accepted-In Progress,Value 39,19.002969897414218,Accepted,,In Progress,,,,,PROD835,
368,,Value 204,,,,Assigned,,E_1,,G294 2nd,,Sweden
368,,Value 39,19.06154174790662,,,In Progress,Org line C,,,G294 2nd,,Sweden
368,Completed-Closed,Value 39,19.061542390649528,Completed,Medium,,,E_1,,G294 2nd,,
369,,Value 46,18.960655987226936,Accepted,Medium,In Progress,Org line G3,,,G199 3rd,,
369,,Value 46,,Queued,Medium,,Org line G3,,us,G199 3rd,,
369,Accepted-In Progress,Value 74,18.960929801574714,Accepted,,In Progress,Org line G3,,us,G199 3rd,PROD96,Sweden
369,Accepted-Assigned,,18.960931683381062,Accepted,,,Org line G3,,,,PROD96,USA
369,,Value 43,,Accepted,Medium,,Org line G3,,us,,PROD96,
369,,,,,,Closed,,,,G199 3rd,PROD96,
370,,,,,High,In Progress,Org line A2,,,V5 3rd,,France
370,Completed-Closed,Value 163,,Completed,High,Closed,Org line A2,,fr,,,France
371,,,,,Medium,,Org line A2,A2_1,pl,W6 2nd,PROD791,
371,Accepted-Wait,,18.97950299426293,,,Wait,Org line A2,,,W6 2nd,PROD791,POLAND
371,Accepted-Wait,,,Accepted,Medium,,Org line A2,,,,PROD791,
371,Accepted-In Progress,,19.062492681876524,,,In Progress,Org line A2,,,W6 2nd,PROD791,
371,Completed-Closed,,19.06249333453527,Completed,Medium,,,A2_1,pl,,,
372,,,,,Medium,,Org line C,E_3,se,G68 2nd,PROD714,
372,Accepted-Wait,Value 31,18.96099667635213,Accepted,Medium,Wait,,E_3,,G68 2nd,PROD714,
372,Completed-Closed,Value 31,19.081744858044864,,,Closed,Org line C,E_3,se,G68 2nd,PROD714,
373,Accepted-In Progress,Value 77,18.961492787256454,,Medium,,Org line G4,,se,M19 2nd,PROD286,
373,,,19.055200750218674,,Medium,Closed,,,se,,PROD286,
374,,,,,Low,,,,se,M19 2nd,PROD286,
374,Completed-Closed,Value 77,,Completed,Low,Closed,,,,,PROD286,Sweden
375,Accepted-In Progress,,18.961495215341206,Accepted,Low,In Progress,,,,M19 2nd,PROD286,Sweden
375,,,,,Low,Closed,Org line G4,,,M19 2nd,,
376,,,,,Medium,,Org line G4,,se,M19 2nd,PROD286,Sweden
376,,Value 77,19.05520095699272,,Medium,,Org line G4,,se,M19 2nd,,
377,,Value 77,,,,In Progress,,,,,PROD286,Sweden
377,,,19.05520118497431,,Medium,,,,,,PROD286,
378,Accepted-In Progress,,,Accepted,Medium,In Progress,Org line G4,,,M19 2nd,,Sweden
378,,Value 77,,Completed,Medium,,,,se,M19 2nd,PROD286,
379,,Value 77,18.96150821160828,,,,Org line G4,,,M19 2nd,PROD286,Sweden
379,Completed-Closed,Value 77,19.055201465974804,Completed,Medium,,,,,,,
380,Accepted-In Progress,,,,,In Progress,,,,M19 2nd,PROD286,
380,,Value 77,,Completed,Medium,Closed,Org line G4,,,M19 2nd,,Sweden
381,,Value 46,,Accepted,,,Org line G3,,us,,PROD96,
381,,,18.962198616686788,Queued,,,Org line G3,,,G199 3rd,PROD96,
381,,,,,,In Progress,Org line G3,,us,,PROD96,Sweden
381,,,18.962240678778606,Accepted,,Assigned,,,,,,USA
381,,Value 72,,,,,,,us,G21 2nd,,Sweden
381,Accepted-Assigned,Value 205,18.962703442791806,,Low,Assigned,,,us,G21 2nd,,USA
381,,Value 135,,,Low,,,,us,S2 2nd,,
381,,,,,,,Org line A2,A2_2,,S2 2nd,,
381,,Value 46,18.965742690951785,Queued,Low,,,,us,G199 3rd,,USA
381,Accepted-In Progress,,,,,In Progress,Org line G3,,,G199 3rd,PROD96,
381,,,,,Low,Assigned,,,us,,PROD96,
381,,Value 43,,,,In Progress,,,us,G199 3rd,PROD96,
381,Completed-Closed,Value 43,19.067431285075784,Completed,Low,Closed,Org line G3,,,,,
382,,Value 163,,Accepted,High,In Progress,Org line A2,A2_5,,V5 3rd,PROD230,
382,Completed-Closed,Value 163,,Completed,High,,Org line A2,,,,PROD230,
383,,,18.964521018813965,,,In Progress,,,se,S20 2nd,,
383,,Value 206,18.96612894099548,,Major,,,E_6,,,,
383,Accepted-Assigned,,,Accepted,,,Org line C,E_6,se,S20 2nd,PROD374,
383,,,18.998506317054527,Queued,Major,Awaiting Assignment,Org line G4,,se,S33 2nd,,
383,,Value 76,,,Major,,,,se,S33 2nd,,Sweden
383,Accepted-In Progress,Value 76,19.057922616383816,Accepted,Major,In Progress,Org line G4,,,S33 2nd,,Sweden
383,,Value 76,19.057923658018353,Completed,Major,,Org line G4,,,S33 2nd,,
384,,,,,,Awaiting Assignment,Org line C,,,,PROD24,
384,,Value 207,,,High,In Progress,,,se,,PROD24,
384,Completed-Closed,,,Completed,High,,,C_1,,,PROD24,
385,,,18.965056887589583,Accepted,Low,,,,,,PROD215,
385,Queued-Awaiting Assignment,,,,Low,,Org line A2,,,,PROD215,
385,,Value 57,,Accepted,Low,In Progress,,A2_2,,,,Sweden
385,,Value 57,19.096471499422382,,Low,,Org line A2,,se,,PROD215,Sweden
385,,,,,Low,Closed,Org line A2,,se,G39 3rd,PROD215,Sweden
386,,,18.965492456020716,,,In Progress,,,,V5 3rd,,France
386,Completed-Closed,Value 163,,Completed,,,Org line A2,A2_5,,,,France
387,,Value 118,,,,,Org line C,,,G62 3rd,,France
387,,Value 118,,Queued,,Awaiting Assignment,Org line C,,se,G62 3rd,,
387,,,19.118593117922757,Accepted,High,,,,,,,Sweden
387,,Value 44,,Completed,,,Org line C,,se,G292 3rd,PROD348,Sweden
388,Accepted-In Progress,Value 208,,Accepted,,,,E_1,be,G55 2nd,,
388,,,,Accepted,Major,,Org line C,,be,,,
388,Accepted-Assigned,,,,Major,,,,be,G55 2nd,,Sweden
388,,,18.98878981874083,,Major,,Org line C,E_1,be,G55 2nd,PROD816,Sweden
388,Accepted-In Progress,Value 210,19.045998442097208,,Major,,,E_1,,G55 2nd,,Sweden
388,Accepted-In Progress,,19.061587702983367,,,,Org line C,E_1,,G55 2nd,,
388,,,,Completed,Major,,,,,G55 2nd,PROD816,
389,Accepted-In Progress,Value 166,18.96598174532444,,,In Progress,Org line C,E_1,,G294 2nd,,Sweden
389,,Value 166,19.0876002411785,,,Closed,Org line C,E_1,se,G294 2nd,,
390,Accepted-Assigned,Value 112,,Accepted,,,,,,,PROD448,
390,Queued-Awaiting Assignment,,19.03529782685056,Queued,,,Org line G4,,,S33 2nd,,Sweden
390,Accepted-In Progress,Value 211,19.035306664267104,,,,Org line G4,,se,S33 2nd,PROD448,
390,Accepted-Assigned,Value 31,,,Low,,Org line G4,,se,S33 2nd,,
390,Accepted-In Progress,Value 31,,,Low,In Progress,Org line G4,,se,,PROD448,Sweden
390,Completed-Closed,Value 31,,Completed,,,,,se,,PROD448,
391,Accepted-In Progress,Value 76,,,Medium,,Org line G4,,,S33 2nd,,
391,Accepted-Wait,Value 76,19.06252215109953,,,Wait,Org line G4,,se,,,Sweden
391,Accepted-Wait,,,Accepted,,,,,se,S33 2nd,,
391,,,,,Medium,,,,se,,,
392,Accepted-In Progress,,18.966278328677948,Accepted,,In Progress,Org line C,E_8,,,,INDIA
392,Queued-Awaiting Assignment,,,Queued,,Awaiting Assignment,Org line C,,,,PROD473,
392,Accepted-Assigned,Value 23,,,,,Org line C,,br,,,
392,,Value 212,19.065300265385414,Accepted,,In Progress,,,br,,PROD473,Brazil
392,,Value 212,,Completed,High,,,E_6,,,PROD473,Brazil
393,,Value 104,,Accepted,,,,,in,,,
393,Completed-Closed,,19.114306065184838,Completed,High,Closed,,E_8,,,,Sweden
394,Accepted-In Progress,Value 139,,Accepted,Medium,,Org line G4,,,,,Sweden
394,,Value 139,,Accepted,Medium,,,,se,,PROD374,
394,,Value 139,,Completed,,Closed,,,se,S33 2nd,PROD374,Sweden
395,Accepted-In Progress,,,,,In Progress,Org line G3,,us,,,
395,Queued-Awaiting Assignment,Value 46,18.96906122872549,Queued,Medium,Awaiting Assignment,Org line G3,,us,G199 3rd,PROD97,
395,,Value 78,18.969338049306113,,Medium,,,,,,PROD97,
395,Accepted-Assigned,,,,,Assigned,,,us,G199 3rd,PROD97,USA
395,,,,Accepted,Medium,In Progress,Org line G3,,,G199 3rd,PROD97,POLAND
395,,Value 43,19.070675774579016,Completed,Medium,,,,us,G199 3rd,,POLAND
396,,,,,,,,,pl,W16 3rd,PROD509,
396,,,18.96907126653663,Accepted,,Wait,,A2_1,,W16 3rd,PROD509,
396,Accepted-In Progress,,,,Medium,,,A2_1,pl,,,POLAND
396,Completed-Closed,Value 213,,Completed,Medium,,,,pl,,,
397,,,,Accepted,,In Progress,Org line A2,A2_1,gb,G42 3rd,PROD236,United Kingdom
397,Accepted-Wait,,19.025946614695364,Accepted,,,Org line A2,,,G42 3rd,PROD236,United Kingdom
397,,Value 143,19.074637109312082,Completed,,,Org line A2,A2_1,,,PROD236,
398,Accepted-In Progress,Value 156,18.970999984014803,,Medium,,,,br,G181 2nd,PROD476,
398,,,18.971000295468208,,Medium,Awaiting Assignment,Org line C,,br,G181 2nd,,
398,Accepted-In Progress,Value 152,,Accepted,Medium,,,,,,PROD476,INDIA
398,,,,Accepted,Medium,Assigned,,E_8,br,G181 2nd,PROD476,
398,,Value 212,19.06529830239885,,Medium,In Progress,Org line B,E_6,br,,,Brazil
398,Completed-Closed,,19.065299294389867,Completed,Medium,Closed,Org line B,E_6,br,S4 2nd,,
399,Accepted-In Progress,,18.971075710477887,Accepted,Medium,In Progress,Org line A2,,,G42 3rd,PROD236,United Kingdom
399,,Value 143,,Accepted,Medium,,Org line A2,A2_1,,G42 3rd,PROD236,
399,Completed-Closed,,,Completed,,Closed,,,gb,G42 3rd,PROD236,United Kingdom
400,Accepted-In Progress,Value 143,,,,,Org line A2,A2_1,gb,,PROD236,United Kingdom
400,,,18.971120497703854,,,Wait,Org line A2,A2_1,gb,,PROD236,United Kingdom
400,,Value 143,,,,,Org line A2,,gb,,PROD236,
400,Completed-Closed,Value 143,,Completed,,Closed,,A2_1,gb,,,United Kingdom
401,Accepted-In Progress,,,,Low,In Progress,Org line A2,,se,N23 2nd,PROD76,
401,Accepted-Wait,Value 120,,Accepted,,,,,se,N23 2nd,PROD76,Sweden
401,,Value 120,,,,,,A2_3,,N23 2nd,,Sweden
401,,Value 120,18.97148581987946,,Low,,,A2_3,,N23 2nd,,Sweden
401,Accepted-Wait,,,Accepted,Low,,,,,,PROD76,Sweden
401,Completed-Closed,Value 120,19.069252582487668,Completed,,,,,,,PROD76,
402,,Value 120,,Accepted,,,,,se,N23 2nd,PROD76,
402,,Value 120,,Accepted,Low,,Org line A2,A2_3,,,,
402,,,18.971485894822575,Accepted,,Assigned,Org line A2,,,,PROD76,Sweden
402,,,19.068405410687635,,Low,,,,se,N23 2nd,PROD76,Sweden
402,Completed-Closed,,19.069253643754614,,Low,,,,se,,,
403,,Value 120,,,,,Org line A2,,se,N23 2nd,,
403,,,18.971117325869997,,Low,Wait,,A2_3,se,N23 2nd,PROD76,
403,,,,,,,Org line A2,A2_3,,N23 2nd,PROD76,Sweden
403,,Value 120,19.068405504869922,,Low,,Org line A2,,se,N23 2nd,PROD76,
403,Completed-Closed,,19.069254140406244,Completed,Low,Closed,Org line A2,A2_3,se,,PROD76,Sweden
404,,Value 104,,Accepted,Low,,,,,G186 2nd,,
404,,,18.97132065467185,,,,,,,G186 2nd,PROD476,Sweden
404,Queued-Awaiting Assignment,,18.97551282245872,Queued,Low,Awaiting Assignment,Org line C,E_8,,G186 2nd,,
404,Accepted-In Progress,Value 199,18.98242267575548,Accepted,,,Org line C,,,,PROD476,
404,Accepted-Assigned,Value 214,,,Low,Assigned,Org line C,,,,,
404,,,,Accepted,,In Progress,,E_8,in,G186 2nd,,INDIA
404,,Value 186,,,,Assigned,,,,G186 2nd,PROD476,INDIA
404,,,,Accepted,Low,Wait,Org line C,,in,G186 2nd,,
404,,Value 215,,Accepted,,Assigned,Org line C,E_8,,,,Sweden
404,,,19.020248290948697,Accepted,,Wait,,,,,,
404,,Value 215,,Completed,Low,Closed,,,,G186 2nd,PROD476,Sweden
405,,Value 46,,,,,Org line G3,,,,PROD97,
405,Queued-Awaiting Assignment,Value 46,,Queued,Medium,,Org line G3,,us,G199 3rd,PROD97,USA
405,Accepted-In Progress,,18.971512066920223,Accepted,,In Progress,Org line G3,,,,,Sweden
405,,Value 46,18.971512118802558,,Medium,,Org line G3,,us,G199 3rd,PROD97,
405,,,19.06780474495774,,Medium,In Progress,Org line G3,,us,,,
405,,Value 43,,Completed,,Closed,,,us,G199 3rd,,
406,Accepted-In Progress,Value 46,,Accepted,Low,,Org line G3,,,G199 3rd,PROD96,USA
406,Queued-Awaiting Assignment,,18.971723741732465,,Low,Awaiting Assignment,,,us,,,
406,Accepted-In Progress,Value 78,,Accepted,Low,,Org line G3,,us,,,
406,Accepted-Assigned,,18.971848651675895,,Low,Assigned,,,,,,USA
406,,Value 43,19.06194917456857,Accepted,Low,,Org line G3,,us,G199 3rd,PROD96,POLAND
406,,Value 43,,Completed,Low,,Org line G3,,,G199 3rd,PROD96,POLAND
407,,Value 216,18.97173477297936,Accepted,,,Org line A2,,se,M19 2nd,PROD700,Sweden
407,,,18.971735055386905,Queued,,Awaiting Assignment,Org line A2,A2_1,se,M19 2nd,PROD700,Sweden
407,Accepted-Assigned,Value 8,19.002348789332483,Accepted,Major,,,A2_1,se,M19 2nd,PROD700,
407,,,19.068342060624786,Accepted,Major,,Org line A2,,se,M19 2nd,PROD700,
407,,,,,Major,Closed,,A2_1,,M19 2nd,,
408,,Value 46,,Accepted,Medium,,,,us,,PROD97,
408,Queued-Awaiting Assignment,Value 46,18.971972866097346,Queued,,Awaiting Assignment,,,us,,,USA
408,,Value 78,,,,In Progress,,,us,,,
408,Accepted-Assigned,Value 46,18.971976484656956,Accepted,,Assigned,,,,G199 3rd,,USA
408,Accepted-In Progress,Value 43,,Accepted,Medium,,,,us,,,
408,,Value 43,,Completed,Medium,,,,us,G199 3rd,,
409,Accepted-Wait,,,,High,,Org line C,,in,G92,,
409,,Value 217,,,,,,E_5,in,G92,PROD793,
409,Accepted-In Progress,,19.00536891347177,Accepted,High,In Progress,,,in,,PROD793,INDIA
409,,Value 217,,,,,,,in,G92,,
410,,Value 46,,Accepted,Medium,,,,us,G199 3rd,,USA
410,,Value 46,18.97294513071782,Queued,Medium,,,,us,G199 3rd,,
410,,,,Accepted,,,,,us,,PROD98,Sweden
410,Accepted-Assigned,Value 46,,,Medium,,,,,,PROD98,USA
410,,Value 43,,,,,Org line G3,,,,,
410,Completed-Closed,Value 43,19.07077268816282,Completed,Medium,Closed,,,,,,POLAND
411,,,18.972948250708047,Accepted,,,Org line G3,,us,,,USA
411,,,,Queued,Medium,Awaiting Assignment,Org line G3,,,,,
411,,,18.97295251045758,Accepted,Medium,,,,,,PROD97,
411,,Value 46,,Accepted,,,Org line G3,,us,,PROD97,
411,,,,,Medium,,,,,G199 3rd,,
411,,Value 43,,,Medium,,Org line G3,,us,G199 3rd,,
412,Accepted-In Progress,,18.973049702650048,Accepted,,,,,us,,PROD97,USA
412,Queued-Awaiting Assignment,Value 46,,Queued,,Awaiting Assignment,Org line G3,,us,G199 3rd,PROD97,USA
412,,,18.97450756812371,Accepted,Medium,,,,us,G199 3rd,PROD97,
412,Accepted-Assigned,,18.9745076141034,,,Assigned,,,us,,PROD97,USA
412,Accepted-In Progress,Value 43,,,,,Org line G3,,,,,
412,,Value 43,,,,Closed,,,us,G199 3rd,PROD97,POLAND
413,Accepted-In Progress,Value 46,18.973104445008456,,Medium,In Progress,,,us,G199 3rd,PROD97,USA
413,Queued-Awaiting Assignment,Value 46,,Queued,,Awaiting Assignment,Org line G3,,us,,,USA
413,,,,,,In Progress,Org line G3,,,,,
413,,Value 46,,Accepted,,Assigned,Org line G3,,,,,USA
413,Accepted-In Progress,Value 43,19.070676693383724,,,In Progress,Org line G3,,,,,POLAND
413,Completed-Closed,,,Completed,Medium,Closed,Org line G3,,,,PROD97,
414,,Value 29,18.9745781099773,,,In Progress,,A2_1,gb,G42 3rd,,
414,,,,,,In Progress,Org line A2,A2_1,gb,G42 3rd,PROD235,
414,,Value 29,18.97458163866347,Accepted,High,,,A2_1,,G42 3rd,PROD235,United Kingdom
414,Accepted-In Progress,Value 29,,Accepted,,In Progress,,A2_1,gb,G42 3rd,,
414,,Value 143,,Accepted,,In Progress,,A2_1,gb,,PROD235,
414,,Value 143,,,,Wait,,A2_1,,G42 3rd,,United Kingdom
414,Completed-Closed,Value 143,,,,Closed,,,gb,G42 3rd,,United Kingdom
415,,Value 218,,Accepted,Medium,,Org line C,,us,,PROD398,
415,,Value 218,18.975586227228774,Accepted,,In Progress,Org line C,,,G77,,
415,Queued-Awaiting Assignment,,18.97558712860701,Queued,Medium,Awaiting Assignment,Org line C,E_1,,G13 2nd,,
415,Accepted-In Progress,Value 13,,,Medium,,Org line C,,us,G14 3rd,,
415,Accepted-Assigned,,,Accepted,Medium,,Org line C,,,,,
415,,,,,Medium,Assigned,Org line C,,,,PROD398,Belgium
415,,,,,Medium,Wait,Org line C,,,G14 3rd,,Belgium
415,Accepted-In Progress,Value 220,19.0867422419377,Accepted,Medium,,,C_1,,,PROD398,
415,Completed-Closed,Value 220,19.088077330582,,Medium,,,C_1,us,G14 3rd,PROD398,
416,,,,,Medium,,Org line C,E_6,,W12 2nd,PROD802,France
416,,Value 148,18.976444608461232,Queued,,,Org line C,E_6,,,,
416,Queued-Awaiting Assignment,Value 221,18.97662902623165,Queued,Medium,,Org line A2,,fr,,PROD802,
416,,,19.099461296960712,Accepted,,In Progress,,A2_5,,,PROD802,France
416,,,,,,,Org line A2,,fr,V4 3rd,PROD802,
417,,Value 62,18.97647221134427,,Low,,Org line A2,,,,,USA
417,,,19.01319312504749,,Low,In Progress,,,us,L23 3rd,,USA
417,Queued-Awaiting Assignment,,19.013193219046666,,Low,,Org line A2,A2_4,us,L23 3rd,PROD546,USA
417,,,19.01319519855666,,Low,Assigned,,,,L23 3rd,,
417,,Value 222,19.01643404631554,Accepted,,,Org line A2,A2_4,,L23 3rd,,
417,,,19.07737562416561,Accepted,,,Org line A2,,,G113 2nd,,
417,,,,Queued,,,Org line A2,A2_4,us,L23 3rd,,USA
417,,,,,,,Org line A2,,,L23 3rd,,Sweden
417,Accepted-In Progress,,19.077847912609748,Accepted,,In Progress,,A2_4,,G113 2nd,PROD546,USA
417,Completed-Closed,Value 62,19.077850208753915,Completed,,,Org line A2,,us,G113 2nd,,
418,Accepted-In Progress,Value 63,18.9780973096561,,,In Progress,,A2_3,se,S35 2nd,,
418,Queued-Awaiting Assignment,Value 63,18.99277637370021,,Medium,,,,se,,PROD680,Sweden
418,Accepted-In Progress,Value 38,,,,In Progress,,,,S21 2nd,,
418,,Value 63,,Accepted,Medium,,,,se,,,
418,Accepted-In Progress,,,Accepted,Medium,In Progress,,A2_3,,S35 2nd,,
418,,,,Accepted,Medium,,Org line A2,A2_3,se,,PROD680,
418,Accepted-In Progress,,,,Medium,,Org line A2,A2_3,se,,,Sweden
418,Completed-Closed,,,Completed,,Closed,Org line A2,,se,,,Sweden
419,,,,,Medium,In Progress,,,,G42 3rd,,
419,,Value 29,,Accepted,Medium,Assigned,,A2_1,gb,G42 3rd,PROD236,
419,,Value 29,19.000504908789235,Accepted,,In Progress,Org line A2,A2_1,,,,
419,,,19.109564187691447,Accepted,Medium,,Org line A2,A2_1,,G42 3rd,,United Kingdom
419,Completed-Closed,Value 143,,Completed,Medium,,Org line A2,,gb,G42 3rd,PROD236,
420,Accepted-In Progress,Value 208,18.978716020680572,Accepted,,In Progress,Org line C,,be,G55 2nd,PROD821,
420,Accepted-Assigned,Value 208,18.98638860603515,Accepted,High,,Org line C,,,G55 2nd,PROD821,
420,,Value 208,18.990251717043176,Accepted,,Wait,Org line C,E_1,,,PROD821,Sweden
420,Accepted-Wait,Value 208,18.997163869438573,Accepted,High,,Org line C,,be,G55 2nd,PROD821,
420,,,18.997163959337918,Accepted,High,,Org line C,E_1,be,G55 2nd,PROD821,
420,Accepted-In Progress,Value 117,,Accepted,,,Org line C,E_1,be,,PROD821,
420,,,19.07105433415882,,,Closed,,,be,,PROD821,Sweden
421,Accepted-In Progress,,18.979547342744244,Accepted,Medium,,Org line A2,,,,PROD756,POLAND
421,,Value 223,,,,Assigned,,A2_1,,,PROD756,
421,,Value 173,,Accepted,,Assigned,Org line A2,,pl,W9 2nd,PROD756,POLAND
421,,,,Accepted,,In Progress,,A2_1,pl,W9 2nd,,POLAND
421,Accepted-In Progress,,18.995228774675326,Accepted,Medium,In Progress,,A2_1,pl,,,POLAND
421,,Value 173,,Accepted,,Assigned,Org line A2,A2_1,pl,W15 2nd,PROD756,
421,,,18.99859038570313,,,,,,pl,W15 2nd,PROD756,
421,,Value 173,19.002889319087476,,Medium,Wait,,A2_1,,,PROD756,
421,,Value 173,,Completed,Medium,Closed,Org line A2,A2_1,,,,POLAND
422,,Value 198,18.98002616962892,Accepted,,In Progress,Org line A2,A2_1,,G42 3rd,PROD236,United Kingdom
422,Accepted-Wait,,,,High,Wait,Org line A2,A2_1,,,,United Kingdom
422,,Value 198,,,High,Closed,,,gb,G42 3rd,,
423,,,18.981471298721797,Accepted,,,,E_1,us,G13 2nd,,
423,,,19.012986841925446,Accepted,High,Wait,,,us,,PROD398,
423,,,19.07063941324891,Completed,High,,Org line C,,,,PROD398,
424,Accepted-In Progress,Value 129,,Accepted,,In Progress,,,br,,,
424,Queued-Awaiting Assignment,Value 129,,Queued,,,Org line G4,,br,,PROD266,
424,,Value 48,19.04218059556838,Accepted,,,Org line G4,,br,,,Sweden
424,Accepted-In Progress,,,Accepted,High,,Org line B,E_6,,S4 2nd,,
424,Completed-Closed,,,Completed,High,,,E_6,,,,
425,,Value 188,,Accepted,Low,,,E_4,us,,PROD423,INDIA
425,,Value 188,19.049098366461685,,,Wait,,E_4,us,G88 2nd,PROD423,INDIA
425,Completed-Closed,Value 188,19.06464869391635,Completed,Low,Closed,Org line C,,us,,PROD423,INDIA
426,,,,,Medium,,,,,G199 3rd,PROD98,
426,,,,Queued,Medium,Awaiting Assignment,Org line G3,,,,PROD98,
426,,,,Accepted,Medium,In Progress,Org line G3,,us,,PROD98,Sweden
426,Accepted-Assigned,Value 46,18.983419877732427,,Medium,Assigned,,,,,PROD98,
426,Queued-Awaiting Assignment,,,Queued,,Awaiting Assignment,Org line A2,A2_2,us,,,Sweden
426,Accepted-Assigned,Value 56,,Accepted,Medium,Assigned,,A2_2,,,PROD98,Sweden
426,Accepted-In Progress,Value 56,,,Medium,In Progress,Org line A2,A2_2,,G21 2nd,,Sweden
426,,Value 56,,,Medium,Wait,Org line A2,,,,PROD98,
426,Queued-Awaiting Assignment,Value 46,,,,,Org line G3,,,,PROD98,USA
426,,Value 43,19.070675946854962,,,,,,us,G199 3rd,,
426,,,,,Medium,Closed,Org line G3,,us,G199 3rd,PROD98,
427,Accepted-In Progress,,18.984795539017817,Accepted,Low,,Org line A2,,cn,M1 2nd,,Sweden
427,,Value 2,,,Low,,Org line A2,,,,PROD753,Sweden
427,,,18.996840718974116,,,,Org line A2,,cn,M1 2nd,,Sweden
427,,Value 3,19.06189316653624,,Low,,Org line A2,,cn,,,
427,,Value 3,19.061893477261762,Completed,Low,,,,,,,China
428,Accepted-In Progress,Value 206,,Accepted,High,,Org line C,,,,PROD108,Sweden
428,,,18.984925390743008,Queued,,Awaiting Assignment,,,,,PROD108,
428,,,18.988270755940405,,,In Progress,,,,S20 2nd,PROD108,
428,,,18.988271062060953,,,,Org line G4,,se,,,Sweden
428,Accepted-Assigned,,,,,,,,,,PROD108,Sweden
428,Accepted-In Progress,,,,High,In Progress,,,,S28 2nd,,
428,,Value 93,,Completed,High,Closed,Org line G4,,,,,Sweden
429,Accepted-In Progress,Value 57,,,,,,E_1,be,,,
429,,,,Accepted,Medium,Wait,Org line C,E_1,be,,PROD795,
429,,,18.988794011541085,Accepted,Medium,,Org line C,,,,,Sweden
429,,,,Accepted,,,Org line C,E_1,be,G55 2nd,,
429,Completed-Closed,Value 57,,Completed,Medium,,,E_1,be,,,
430,,,,Accepted,,In Progress,,,se,M19 2nd,,
430,Completed-Closed,Value 77,,,,,Org line G4,,se,,,
431,Accepted-In Progress,,,,Low,In Progress,Org line G4,,,,,
431,,Value 77,,Completed,Low,,Org line G4,,,M19 2nd,PROD286,Sweden
432,,Value 224,18.985491221807074,Accepted,Medium,In Progress,,,se,G230 2nd,PROD253,
432,Accepted-In Progress,Value 224,18.985496519913625,Accepted,,,Org line B,E_10,se,,PROD253,
432,Queued-Awaiting Assignment,Value 2,,Queued,Medium,,Org line C,C_6,,,PROD253,Sweden
432,Accepted-In Progress,,18.986499209732703,,,In Progress,,E_10,se,,,Brazil
432,Queued-Awaiting Assignment,,18.986508699215698,,Medium,,Org line C,C_6,,G250 3rd,,Sweden
432,,Value 2,,,,In Progress,,C_6,se,,,Sweden
432,Accepted-Wait,Value 2,19.02018007477145,,Medium,Wait,,,se,G250 3rd,PROD253,
432,Completed-Closed,Value 2,19.105161186601133,,,,Org line C,,,G250 3rd,,
433,Accepted-In Progress,,18.985831806805436,Accepted,,,,,se,M19 2nd,,Sweden
433,,,,,Low,Closed,,,se,M19 2nd,,
434,Accepted-In Progress,,,,,,,,,G42 3rd,PROD236,United Kingdom
434,,,18.985899497348417,,High,,,,,G42 3rd,,United Kingdom
434,Accepted-Assigned,,,,High,,,,,,PROD236,
434,Accepted-Wait,,18.992209230238615,,High,,Org line A2,A2_1,,,PROD236,
434,Completed-Closed,Value 143,,,High,,,A2_1,,,,
435,,,,,Low,In Progress,,,,,,
435,Completed-Closed,,,Completed,,Closed,,,,,PROD286,Sweden
436,Accepted-In Progress,,18.98630034147164,Accepted,Low,In Progress,Org line G4,,,M19 2nd,,
436,Completed-Closed,,,,Low,Closed,Org line G4,,se,,,Sweden
437,Accepted-In Progress,,,,,In Progress,,,se,,PROD286,Sweden
437,,,19.05565335043874,Completed,Low,,,,,M19 2nd,PROD286,
438,Accepted-In Progress,Value 77,18.986306839463207,,Low,In Progress,Org line G4,,se,M19 2nd,PROD286,
438,,,19.055653456428733,,,,Org line G4,,se,M19 2nd,,Sweden
439,Accepted-In Progress,,,,,In Progress,Org line F,,,S1 2nd,PROD153,
439,Queued-Awaiting Assignment,Value 94,18.987451564908515,,Low,,,,se,,,
439,Accepted-In Progress,Value 123,,,,In Progress,Org line F,,se,S1 2nd,,Sweden
439,,,,Accepted,,Wait,Org line F,,,,PROD153,
439,,,19.055591482161315,,,Closed,,,,S1 2nd,PROD153,
440,Accepted-In Progress,,,,Medium,In Progress,,,in,G186 2nd,PROD476,
440,,Value 104,18.98863129533098,,,,Org line C,E_8,in,,PROD476,Sweden
440,Queued-Awaiting Assignment,,,Queued,,,,E_8,in,G186 2nd,,
440,Accepted-In Progress,,,Accepted,,,,E_8,,G181 2nd,PROD476,
440,Accepted-Wait,,,Accepted,,Wait,,,,G181 2nd,PROD476,INDIA
440,Accepted-Assigned,,,Accepted,,,,E_8,,G181 2nd,,INDIA
440,,,,Accepted,,In Progress,,E_8,,G181 2nd,PROD476,Sweden
440,,Value 214,19.06197666923037,Completed,Medium,,,E_8,in,G181 2nd,PROD476,
441,Accepted-In Progress,Value 120,,Accepted,,,Org line A2,A2_3,se,N23 2nd,PROD554,Sweden
441,Accepted-Wait,,,Accepted,Low,,,A2_3,se,N23 2nd,,Sweden
441,,Value 120,,,Low,Assigned,,A2_3,,N23 2nd,PROD554,
441,,Value 195,,Accepted,Low,,Org line A2,A2_3,se,,PROD554,Sweden
441,,Value 195,,Completed,,,,,se,,PROD554,Sweden
442,,Value 225,18.98889735284484,,Medium,In Progress,,E_4,,G88 2nd,PROD219,INDIA
442,Accepted-Wait,Value 225,18.988898621882193,Accepted,Medium,Wait,,E_4,us,G88 2nd,,
442,Accepted-Wait,,18.98889869553163,,Medium,Wait,,E_4,,G88 2nd,PROD219,
442,Accepted-In Progress,,,Accepted,Medium,In Progress,,,us,,,
442,,,,Completed,,,,,,G88 2nd,,INDIA
443,Accepted-In Progress,,18.988895732553736,,Medium,In Progress,,,,,PROD397,Sweden
443,Completed-Closed,,19.10947258879207,Completed,Medium,Closed,Org line G4,,se,,PROD397,
444,Accepted-In Progress,,,,,,,,se,,PROD823,
444,Completed-Closed,,18.996709201276563,,,,Org line A2,A2_1,se,G103 3rd,,
444,,Value 227,,Accepted,Medium,,Org line A2,A2_1,se,,,Sweden
444,,Value 227,,,Medium,,Org line A2,A2_1,se,G103 3rd,,Sweden
444,Completed-Closed,,,Completed,,Closed,Org line A2,A2_1,se,G103 3rd,PROD823,
445,Accepted-In Progress,Value 46,18.989818697541107,Accepted,Medium,In Progress,Org line G3,,us,G199 3rd,,
445,,Value 46,18.989832264784468,,Medium,,Org line G3,,us,,,
445,,,,,Medium,,,,us,G199 3rd,PROD97,
445,,Value 46,,Accepted,Medium,,,,us,,PROD97,
445,,,19.068976567796188,Accepted,Medium,,,,us,G199 3rd,PROD97,POLAND
445,Completed-Closed,,,Completed,,,Org line G3,,,,,POLAND
446,,,18.99031825481766,,,,Org line V2,,se,,,Sweden
446,Completed-Closed,,19.06252695641111,Completed,Medium,,Org line V2,,se,T2 2nd,,Sweden
447,,,,,Low,,Org line V2,,,,PROD615,
447,Accepted-Wait,,,,,Wait,Org line V2,,se,,PROD615,Sweden
447,,Value 228,,,Low,,Org line V2,,se,T2 2nd,,Sweden
448,Accepted-In Progress,,,Accepted,,,,,se,,,
448,,,18.991845296022404,,Medium,In Progress,Org line A2,,,,PROD566,Sweden
448,Queued-Awaiting Assignment,Value 216,18.991847081001282,,Medium,,Org line A2,,,M19 2nd,,
448,Accepted-In Progress,,,Accepted,Medium,,Org line A2,A2_1,se,M19 2nd,,
448,,,19.029663596284944,,,Wait,Org line A2,,,,PROD566,
448,,Value 216,,Completed,,,,A2_1,se,M19 2nd,PROD566,Sweden
449,Accepted-In Progress,,,Accepted,High,In Progress,Org line C,E_10,,G271 2nd,,Sweden
449,,Value 229,18.99210774408815,,High,,Org line C,E_10,se,G271 2nd,,Sweden
449,Accepted-In Progress,Value 230,18.99215585134338,Accepted,,,Org line C,E_10,,G271 2nd,PROD802,Sweden
449,Queued-Awaiting Assignment,Value 44,,Queued,High,Awaiting Assignment,,,se,G273 3rd,PROD802,Sweden
449,Accepted-In Progress,,,Accepted,,,Org line C,C_6,,G268 3rd,,Sweden
449,,Value 231,18.99226667726997,,,,Org line C,C_6,,,PROD802,
449,Accepted-In Progress,,19.046418700179707,,,In Progress,Org line C,,,,,
449,Accepted-In Progress,Value 76,,Accepted,High,,Org line C,,,,,Sweden
449,Accepted-In Progress,,,Accepted,,In Progress,Org line A2,,,S45 2nd,,Sweden
449,Accepted-In Progress,,19.046812942141017,Accepted,High,In Progress,,E_6,se,,PROD802,Sweden
449,Accepted-In Progress,,19.046812947487574,,,,Org line C,E_6,se,G48 2nd,PROD802,
449,Queued-Awaiting Assignment,,,Queued,,,Org line C,V3_3,se,G335 2nd,PROD802,Sweden
449,,Value 102,,Accepted,,In Progress,Org line C,,,,PROD802,Sweden
449,Accepted-Wait,Value 102,,,,Wait,,V3_3,,,PROD802,
449,,,,Completed,High,,,V3_3,se,G335 2nd,PROD802,
450,Accepted-In Progress,Value 46,18.99215760188656,Accepted,,In Progress,Org line G3,,us,G199 3rd,,USA
450,,Value 46,18.992160990025948,Queued,,,,,us,G199 3rd,,
450,,,,,,,Org line G3,,,G199 3rd,PROD97,Sweden
450,,Value 46,18.99216626420675,,Medium,Assigned,,,,G199 3rd,PROD97,USA
450,Accepted-In Progress,,19.06745545037359,Accepted,Medium,,,,,,PROD97,POLAND
450,,,19.06746511842411,Completed,,,Org line G3,,us,G199 3rd,,POLAND
451,Accepted-In Progress,,,,,,Org line G3,,us,G199 3rd,PROD96,
451,,Value 46,18.992156224039928,Queued,Medium,Awaiting Assignment,,,us,G199 3rd,PROD96,
451,Accepted-In Progress,,,Accepted,,,Org line G3,,,,,
451,Accepted-Assigned,Value 46,18.99216829707415,,Medium,Assigned,,,,,,USA
451,,Value 43,19.06781478134824,Accepted,Medium,In Progress,,,,,,
451,Completed-Closed,,,,,,Org line G3,,,,PROD96,POLAND
452,,,18.992177512687867,Accepted,,In Progress,Org line C,,in,,PROD476,
452,Queued-Awaiting Assignment,Value 104,,Queued,,,,E_8,,G186 2nd,PROD476,Sweden
452,Accepted-In Progress,,,Accepted,Medium,,Org line C,,in,G181 2nd,PROD476,INDIA
452,Accepted-Wait,Value 186,,Accepted,,,Org line C,,in,G181 2nd,,INDIA
452,Accepted-Assigned,,19.019228631967753,,Medium,Assigned,Org line C,E_8,in,G181 2nd,,
452,,Value 214,19.03633614836127,Accepted,Medium,,,E_8,in,G181 2nd,,
452,,,,,,,Org line C,,,,PROD476,
452,Completed-Closed,,,Completed,,,,,,G181 2nd,PROD476,
453,Accepted-In Progress,Value 60,18.992270624020737,Accepted,,In Progress,Org line G4,,se,,PROD412,Sweden
453,,Value 60,19.077394095188286,,,,,,,S30 2nd,,Sweden
453,Completed-Closed,Value 60,19.077394147043567,Completed,Low,,Org line G4,,,S30 2nd,,Sweden
454,Accepted-In Progress,Value 38,18.992663769935046,Accepted,,In Progress,,,0,T11 2nd,,Sweden
454,Completed-Closed,,,,Medium,,Org line V2,,0,,PROD498,
455,,,,,,,Org line G3,,us,G199 3rd,PROD97,
455,Queued-Awaiting Assignment,Value 46,,Queued,,,,,us,,PROD97,USA
455,,Value 78,18.993068518857978,Accepted,Medium,,Org line G3,,,,PROD97,
455,,,,Accepted,,,,,us,,PROD97,
455,,Value 43,,Accepted,,,Org line G3,,us,G199 3rd,,
455,Completed-Closed,Value 43,19.06897643706213,Completed,,,,,us,,PROD97,POLAND
456,Accepted-In Progress,Value 46,,,,In Progress,Org line G3,,us,,PROD97,
456,Queued-Awaiting Assignment,,18.99319395003911,Queued,,,Org line G3,,us,G199 3rd,,
456,Accepted-In Progress,,18.993295286536732,,Medium,,,,,G199 3rd,,Sweden
456,,,18.993295331660633,,Medium,,,,us,G199 3rd,PROD97,
456,,Value 43,,,,In Progress,Org line G3,,,G199 3rd,PROD97,
456,Completed-Closed,Value 43,19.07075015848485,Completed,Medium,Closed,,,us,,,POLAND
457,Queued-Awaiting Assignment,Value 233,,,,Awaiting Assignment,,V3_2,,N38,,
457,,Value 234,,Queued,Medium,,,A2_3,,,PROD745,USA
457,Accepted-Assigned,Value 235,,Accepted,Medium,Assigned,Org line A2,A2_3,us,,PROD745,USA
457,Completed-Closed,,,Completed,,Closed,,A2_3,,,,
458,,Value 120,18.993714506873868,Accepted,Medium,,,,,N23 2nd,PROD76,Sweden
458,,,18.99513671534117,Accepted,Medium,Assigned,Org line A2,A2_3,se,N23 2nd,PROD76,Sweden
458,,,,,,,,,,,PROD76,
458,,Value 120,19.06925183489501,Completed,,Closed,Org line A2,A2_3,,,,Sweden
459,Accepted-In Progress,Value 164,18.994361982312757,,High,,Org line A2,,se,,,Sweden
459,Accepted-In Progress,Value 164,19.096465496107616,,,In Progress,Org line A2,,se,,,
459,,Value 164,,Completed,High,Closed,,A2_4,,G105 2nd,PROD337,Sweden
460,Accepted-In Progress,Value 164,18.994367019520112,Accepted,,,,,se,,,
460,Accepted-In Progress,,,,High,,,,se,,PROD337,
460,Completed-Closed,Value 164,19.096465765748796,Completed,High,Closed,,A2_4,,G105 2nd,PROD337,Sweden
461,,Value 69,,,High,,,E_10,,,PROD321,INDIA
461,Queued-Awaiting Assignment,,18.995243929423545,Queued,,Awaiting Assignment,Org line B,,,,,INDIA
461,,Value 71,,,High,In Progress,Org line B,E_10,,,,
461,,,18.996179059854597,Accepted,,,,,,V27,,France
461,,,,Queued,High,,,,pl,,PROD321,
461,Accepted-In Progress,Value 71,18.99668688460755,,,In Progress,Org line B,E_10,,,,
461,Queued-Awaiting Assignment,Value 103,,Queued,,,Org line C,C_6,,,,
461,,Value 113,19.0019444975162,Accepted,High,In Progress,,,,,PROD321,
461,,Value 237,19.062497624176892,,,,Org line C,C_6,,,PROD321,Sweden
461,,Value 45,19.06251634048382,,,In Progress,,,,,,Sweden
461,,Value 45,,Accepted,High,Wait,,E_10,pl,G249 3rd,PROD321,
461,Completed-Closed,Value 45,19.071935482267264,,High,,Org line C,E_10,pl,G249 3rd,,
462,Accepted-In Progress,Value 29,,Accepted,Medium,In Progress,,A2_1,gb,G42 3rd,PROD235,United Kingdom
462,,,18.99527719925766,,,Assigned,Org line A2,A2_1,gb,G42 3rd,PROD235,
462,Accepted-In Progress,,19.000504796789865,,Medium,In Progress,Org line A2,,gb,,,
462,,,,Accepted,Medium,,Org line A2,,gb,G42 3rd,,
462,,Value 143,19.109563981815494,,,In Progress,,A2_1,gb,G42 3rd,PROD235,
462,Completed-Closed,Value 143,,Completed,Medium,Closed,,,gb,,,
463,,,18.995677808365127,Accepted,Medium,,,,us,,,
463,,Value 46,,,,,Org line G3,,,,PROD97,USA
463,Accepted-In Progress,Value 238,18.995685551176877,Accepted,,,,,us,G199 3rd,PROD97,
463,,,18.99568565809028,Accepted,Medium,Assigned,,,us,G199 3rd,PROD97,USA
463,,,,,Medium,,Org line G3,,,,,POLAND
463,Completed-Closed,,19.068978968070436,,Medium,Closed,Org line G3,,,G199 3rd,PROD97,
464,,,18.995708818640658,,Low,In Progress,,,se,M19 2nd,,
464,,,18.995710484198923,,Low,Awaiting Assignment,,,se,M19 2nd,PROD566,Sweden
464,Accepted-In Progress,,,Accepted,,,,,se,M19 2nd,,Sweden
464,,,,Accepted,Low,,,,se,,,
464,Completed-Closed,,,,,,,A2_1,se,M19 2nd,PROD566,
465,,Value 46,18.99573101085138,,,In Progress,,,us,G199 3rd,,
465,,Value 46,18.995732305006687,Queued,Medium,,Org line G3,,,G199 3rd,,USA
465,Accepted-In Progress,,,Accepted,Medium,,Org line G3,,us,G199 3rd,PROD96,Sweden
465,,Value 46,18.995979097941753,Accepted,,Assigned,Org line G3,,,G199 3rd,PROD96,
465,,,19.070678431801692,Accepted,,In Progress,,,us,G199 3rd,PROD96,POLAND
465,Completed-Closed,Value 43,,,Medium,,,,,G199 3rd,,POLAND
466,Accepted-In Progress,Value 239,,,,,,,in,G238 2nd,,INDIA
466,Accepted-Wait,,,Accepted,,Wait,Org line B,,in,,PROD209,INDIA
466,,,19.055583945777595,,,In Progress,Org line B,E_10,in,,PROD209,
466,Completed-Closed,Value 239,19.08264716811399,,,Closed,Org line B,E_10,in,,,INDIA
467,Accepted-In Progress,Value 46,18.99610508141932,Accepted,,In Progress,,,us,,,USA
467,Queued-Awaiting Assignment,Value 46,,Queued,,Awaiting Assignment,,,us,G199 3rd,PROD98,USA
467,,,18.996107578765873,Accepted,Medium,In Progress,,,us,,,Sweden
467,Accepted-Assigned,Value 46,18.996107612513757,Accepted,Medium,Assigned,,,us,G199 3rd,PROD98,USA
467,Accepted-In Progress,,,,,In Progress,,,us,,,POLAND
467,Completed-Closed,Value 43,19.070758134758815,Completed,,,Org line G3,,,,,
468,Accepted-In Progress,,18.996152231844462,,,In Progress,Org line V2,,se,T10 2nd,PROD615,Sweden
468,,Value 240,,Completed,High,Closed,Org line V2,,,T10 2nd,PROD615,
469,,,18.99620383997253,,,,,,,G105 2nd,PROD337,
469,,,,Completed,Medium,,Org line A2,,se,G105 2nd,PROD337,
470,Accepted-In Progress,Value 172,,,Medium,,,A2_1,,W15 2nd,,
470,Accepted-Wait,,19.019192516498286,,,Wait,Org line A2,,pl,W15 2nd,PROD756,
470,Accepted-Assigned,Value 172,,Accepted,Medium,,Org line A2,,,W15 2nd,PROD756,
470,,Value 172,,Accepted,,Wait,Org line A2,A2_1,,,,
470,,,,Accepted,Medium,,Org line A2,A2_1,,W15 2nd,,POLAND
470,,,,,,Wait,Org line A2,,pl,,PROD756,POLAND
470,,Value 39,19.080893506735972,,,,Org line A2,A2_1,pl,,,
471,Accepted-In Progress,Value 241,18.9966417494492,,,,,E_7,,,,INDIA
471,,,19.04954907632347,,Low,,,,se,,PROD673,
471,Completed-Closed,Value 241,,,Low,,Org line C,,,G153 2nd,PROD673,INDIA
472,,Value 98,,,,,,A2_3,,G110 2nd,PROD539,
472,,,,Queued,,,,A2_3,,,,
472,,,,,High,,,,,M3 2nd,PROD539,Sweden
472,,,,Completed,,,Org line A2,,,,PROD539,
473,Accepted-In Progress,Value 242,,Accepted,,,Org line D,D_2,,,,
473,Queued-Awaiting Assignment,Value 242,18.996707593593626,Queued,Low,,,D_2,us,,,
473,,Value 243,,Accepted,Low,In Progress,,,,G122 3rd,PROD618,
473,,Value 243,,,Low,,Org line D,,us,G122 3rd,PROD618,
474,,,18.996729769271784,Accepted,Low,,,E_10,se,G255 2nd,,
474,Completed-Closed,,19.068342039694063,Completed,Low,,Org line C,,,,PROD399,
475,,Value 46,,Accepted,Medium,In Progress,,,,,PROD97,
475,,,18.9970536973375,Queued,Medium,,Org line G3,,us,,PROD97,USA
475,Accepted-In Progress,,18.99856058683257,Accepted,Medium,In Progress,Org line G3,,,,,
475,Accepted-Assigned,Value 46,,Accepted,,Assigned,,,,,,USA
475,,,19.054709026649384,,,,,,us,,,
475,Completed-Closed,,,,Medium,,,,,G199 3rd,,
476,,Value 46,18.997183079621,,Medium,,Org line G3,,us,G199 3rd,,USA
476,,Value 46,18.997184815767298,Queued,Medium,,Org line G3,,us,G199 3rd,PROD97,
476,Accepted-In Progress,Value 238,18.998558628638076,Accepted,,,Org line G3,,,,,Sweden
476,Accepted-Assigned,,18.998558819407908,,Medium,Assigned,,,,G199 3rd,,USA
476,,,,,Medium,In Progress,Org line G3,,us,G199 3rd,PROD97,
476,,,,Completed,Medium,,,,us,,,POLAND
477,Accepted-In Progress,Value 243,,Accepted,,In Progress,,,us,,,
477,Accepted-Wait,,,Accepted,Low,,,D_2,us,,PROD618,
477,Completed-Closed,Value 243,19.0619729724246,,Low,Closed,,,,G122 3rd,,Belgium
478,Accepted-In Progress,Value 245,,,High,,Org line C,C_5,fr,V43 3rd,PROD353,
478,,Value 245,19.08004960145057,,,,,,,,PROD353,
479,Accepted-In Progress,Value 246,,,,,Org line C,,,,,
479,Accepted-Wait,,,,,Wait,,C_6,,N30 3rd,PROD100,Sweden
479,Completed-Closed,,19.05826295634558,,Medium,Closed,Org line C,,,,PROD100,
480,Accepted-In Progress,Value 46,,,Medium,In Progress,Org line G3,,,G199 3rd,PROD97,USA
480,Queued-Awaiting Assignment,Value 46,18.998648264007166,Queued,Medium,Awaiting Assignment,Org line G3,,,,,
480,,,18.99866985810762,Accepted,Medium,,,,us,,,
480,,,,,Medium,Assigned,,,us,,,USA
480,,,19.068974313938654,,,In Progress,,,,,PROD97,
480,Completed-Closed,,19.06897569972173,,,,Org line G3,,,G199 3rd,,POLAND
481,Accepted-In Progress,Value 62,18.998996086036424,,,In Progress,Org line C,,us,,,Sweden
481,,Value 62,19.092517808325507,,,Closed,Org line C,,,G88 2nd,,
482,Accepted-In Progress,Value 2,18.9990468185529,,Low,,,,,G155 3rd,,
482,,Value 2,,Accepted,Low,,,,se,,,
482,Completed-Closed,,,Completed,Low,Closed,Org line C,C_4,,,PROD474,Sweden
483,Accepted-In Progress,,18.999097436338612,Accepted,,,Org line G3,,us,G199 3rd,PROD97,USA
483,Queued-Awaiting Assignment,,18.999099623399903,,Medium,Awaiting Assignment,Org line G3,,us,,,
483,,Value 238,,Accepted,,In Progress,Org line A2,A2_2,,G21 2nd,PROD97,Sweden
483,Accepted-Assigned,,18.999103375040058,Accepted,Medium,Assigned,Org line A2,,,,PROD97,
483,Accepted-In Progress,,,,Medium,In Progress,Org line A2,,us,,,
483,,,19.061947705286492,,Medium,Closed,,,us,G21 2nd,,
484,Accepted-In Progress,Value 247,18.99998823426452,Accepted,,In Progress,,C_3,in,G211 3rd,,Sweden
484,,Value 247,19.000012690459663,,,Awaiting Assignment,Org line C,C_3,,G211 3rd,PROD325,Sweden
484,Accepted-In Progress,,,Accepted,,In Progress,,,,,PROD325,France
484,Queued-Awaiting Assignment,Value 249,,,Medium,Awaiting Assignment,Org line C,,in,G93 2nd,PROD325,INDIA
484,,,,Accepted,Medium,,Org line C,E_4,in,G93 2nd,,
484,Accepted-In Progress,,19.05794315277522,Accepted,,,,E_4,in,G93 2nd,,
484,Accepted-In Progress,Value 250,,,Medium,,,,,G93 2nd,,Sweden
484,,Value 250,,,Medium,,Org line C,E_4,,,,Sweden
485,Accepted-In Progress,Value 251,19.000351525096114,,Major,In Progress,Org line A2,,se,,,
485,,Value 251,19.000351883548998,,Major,,,,,,PROD92,Sweden
485,,Value 252,,,Major,Awaiting Assignment,,,se,,PROD92,INDIA
485,Queued-Awaiting Assignment,Value 251,19.06862071439009,Queued,Major,Awaiting Assignment,Org line A2,A2_5,se,G350 2nd,,Sweden
485,,Value 251,19.12080839921011,Accepted,Major,,Org line A2,A2_5,,,,
485,,,19.120808458792737,Completed,,,,A2_5,se,G350 2nd,PROD92,Sweden
486,Accepted-In Progress,,19.00057321486904,Accepted,Medium,In Progress,,,us,G199 3rd,,
486,Queued-Awaiting Assignment,,19.00057460916492,,,Awaiting Assignment,,,us,G199 3rd,,
486,Accepted-In Progress,Value 238,,,Medium,In Progress,,,us,,,
486,Accepted-Assigned,,,,Medium,,Org line G3,,us,G199 3rd,PROD98,
486,Accepted-In Progress,Value 43,,Accepted,,In Progress,Org line G3,,us,,,POLAND
486,Completed-Closed,,,Completed,Medium,Closed,Org line G3,,,,,POLAND
487,Accepted-In Progress,Value 12,,,Medium,,Org line A2,,,W16 3rd,,
487,,Value 12,,Accepted,Medium,,,,,W16 3rd,,POLAND
487,,,,,,In Progress,Org line A2,,,,,POLAND
487,,Value 253,,Accepted,Medium,In Progress,,,,W16 3rd,PROD756,POLAND
487,,,19.117770616875955,,,,Org line A2,,,W16 3rd,PROD756,POLAND
488,Accepted-In Progress,Value 254,19.001275906321304,Accepted,,In Progress,Org line C,E_8,in,,PROD597,
488,Queued-Awaiting Assignment,Value 254,19.00127688555999,Queued,Major,,Org line C,,in,G119 2nd,PROD597,INDIA
488,Accepted-In Progress,Value 254,,Accepted,,In Progress,,E_8,in,G119 2nd,,INDIA
488,Completed-Closed,Value 254,,,,Closed,Org line C,,in,G119 2nd,,INDIA
489,,,19.00197865792557,Accepted,,In Progress,Org line C,,be,G56 3rd,,
489,,,19.00197884804408,,,,Org line C,C_1,be,G56 3rd,PROD387,
489,,,19.037149132940026,Accepted,,In Progress,,C_1,be,,PROD387,
489,,,,,Medium,,Org line C,,be,G56 3rd,,
489,Completed-Closed,,19.06789295389568,Completed,Medium,,Org line C,C_1,be,,PROD387,Sweden
490,Accepted-In Progress,,,Accepted,,In Progress,Org line A2,A2_3,se,,,Sweden
490,Accepted-Wait,,,,Medium,,,,se,,PROD680,Sweden
490,,,19.05920952915128,Completed,,Closed,,A2_3,,S35 2nd,PROD680,
491,,Value 60,19.002019146760404,Accepted,Low,In Progress,,,,S30 2nd,,Sweden
491,Completed-Closed,Value 60,19.07739456188573,Completed,Low,Closed,Org line G4,,se,S30 2nd,PROD412,
492,,,,,,,,A2_1,,,,Sweden
492,,Value 216,19.002039633788158,,,,Org line A2,A2_1,se,,PROD566,Sweden
492,Accepted-In Progress,Value 216,19.042685598172955,Accepted,,In Progress,,A2_1,,M19 2nd,,Sweden
492,,,,Accepted,Low,,Org line A2,A2_1,se,,,Sweden
492,Completed-Closed,Value 216,,,,,,,se,M19 2nd,,
493,,Value 255,,,,,Org line A2,D_1,pl,V14 3rd,,
493,Accepted-In Progress,Value 255,19.049185728667368,Accepted,,In Progress,Org line A2,D_1,,,PROD71,POLAND
493,Queued-Awaiting Assignment,Value 256,,,High,,Org line A2,,pl,V11 3rd,,POLAND
493,Accepted-Assigned,Value 255,,Accepted,,Assigned,Org line A2,D_1,,V11 3rd,,
493,,,19.067500081839583,Accepted,High,In Progress,,D_1,,,PROD71,
493,,Value 255,19.067500113262113,,High,Wait,Org line A2,,,,PROD71,
493,Completed-Closed,Value 255,,,,,,D_1,pl,V11 3rd,,POLAND
494,Accepted-In Progress,Value 46,,,,In Progress,Org line G3,,,G199 3rd,PROD97,USA
494,Queued-Awaiting Assignment,,19.002431607777982,,Medium,,,,,G199 3rd,PROD97,USA
494,Accepted-In Progress,,,,,In Progress,Org line G3,,,G199 3rd,PROD97,Sweden
494,Accepted-Assigned,Value 46,19.002436135010974,,,,,,us,G199 3rd,PROD97,USA
494,,,,,,In Progress,Org line G3,,us,G199 3rd,,POLAND
494,Completed-Closed,,19.070677836667954,Completed,,,Org line G3,,,,PROD97,POLAND
495,Accepted-In Progress,,19.00243235113987,Accepted,Medium,In Progress,Org line G3,,us,G199 3rd,PROD97,USA
495,,,19.00243370372173,,,Awaiting Assignment,Org line G3,,us,G199 3rd,,USA
495,,Value 238,19.00244129379593,Accepted,,In Progress,Org line G3,,,,PROD97,Sweden
495,Accepted-Assigned,,,,,Assigned,Org line G3,,,G199 3rd,PROD97,
495,Accepted-In Progress,,,,,,Org line G3,,,G199 3rd,,
495,Completed-Closed,Value 43,19.067464238562057,,,Closed,,,us,,PROD97,POLAND
496,,Value 8,19.002526848615325,Accepted,Major,,,E_6,,G48 2nd,PROD148,
496,,,,,Major,,,,se,,,Sweden
496,,,19.061990824394485,Accepted,,,,E_6,se,G48 2nd,,
496,,,19.06199082966051,Accepted,Major,,Org line C,E_6,,G48 2nd,PROD148,Sweden
496,,Value 76,19.094156856461833,Accepted,Major,Assigned,,E_6,se,,PROD148,
496,,,,Accepted,Major,,,,,,,Sweden
496,Accepted-Assigned,,,,Major,Assigned,Org line C,,,,PROD148,Sweden
496,Accepted-In Progress,,,Accepted,,,Org line C,,se,G48 2nd,,
496,,Value 38,,,Major,,,E_6,se,,,
497,Accepted-In Progress,Value 58,19.0028690673431,Accepted,High,In Progress,,,,G51 2nd,,
497,,,,Queued,High,,Org line G4,,se,,PROD54,Sweden
497,Accepted-In Progress,Value 116,19.064215290707438,,,In Progress,Org line G4,,,G51 2nd,PROD54,
497,,,,Completed,High,Closed,,,,G51 2nd,PROD54,Sweden
498,Accepted-In Progress,,,Accepted,Medium,,Org line A2,,se,,PROD554,Sweden
498,,,,Completed,,,,,se,,PROD554,Sweden
499,Accepted-In Progress,,,Accepted,,In Progress,,E_1,se,G99 2nd,PROD150,
499,,Value 207,,Queued,,Awaiting Assignment,,,,G99 2nd,,
499,,Value 257,19.06836954752059,Accepted,Medium,In Progress,,E_1,,G99 2nd,PROD150,INDIA
499,,Value 257,19.087136532567715,,Medium,Closed,Org line C,E_1,se,,PROD150,INDIA
500,Accepted-In Progress,,19.00291798926952,,Medium,,,,us,G199 3rd,,
500,Queued-Awaiting Assignment,,,Queued,,Awaiting Assignment,,,,G199 3rd,PROD97,USA
500,,Value 238,19.002922028280164,Accepted,Medium,In Progress,,,us,G199 3rd,PROD97,
500,Accepted-Assigned,Value 46,19.002922095317548,Accepted,,Assigned,Org line G3,,,,,USA
500,Accepted-In Progress,Value 43,,Accepted,Medium,In Progress,Org line G3,,,,PROD97,POLAND
500,,,,,,Closed,Org line G3,,,,,POLAND
501,,Value 46,19.002950295311592,,Medium,,Org line G3,,,G199 3rd,PROD97,USA
501,,Value 46,19.00295314431589,Queued,Medium,Awaiting Assignment,,,us,,,
501,,Value 238,19.002954440330846,,Medium,,Org line G3,,us,,PROD97,Sweden
501,Accepted-Assigned,,19.00295449619352,,Medium,,Org line G3,,,G199 3rd,,USA
501,,Value 43,,Accepted,,In Progress,,,us,,,
501,Completed-Closed,,19.067813493428957,,Medium,,Org line G3,,,,PROD97,
502,Accepted-In Progress,Value 88,19.002987147393572,,,In Progress,Org line G4,,se,S30 2nd,PROD412,
502,,,,Accepted,Medium,Assigned,Org line G4,,se,S30 2nd,PROD412,
502,,Value 88,,,,,Org line G4,,,,PROD412,
502,,,,,,,Org line G4,,,,,Sweden
502,Accepted-Assigned,,,Accepted,,Assigned,Org line G4,,se,S30 2nd,,Sweden
502,Accepted-Assigned,,19.067602754929858,,Medium,,,,se,S30 2nd,,Sweden
502,,,19.06760277587606,Accepted,,In Progress,Org line G4,,,,,
502,Completed-Closed,,,,,,,,,S30 2nd,PROD412,Sweden
503,,Value 46,,,Medium,In Progress,,,,G199 3rd,PROD98,
503,,Value 46,19.00299610743382,Queued,,Awaiting Assignment,Org line G3,,us,,,USA
503,Accepted-In Progress,Value 238,19.00299983331221,,,,,,,G199 3rd,,Sweden
503,Accepted-Assigned,Value 46,19.002999878000324,Accepted,,Assigned,Org line G3,,,,PROD98,USA
503,,,19.068979083116115,Accepted,,,,,us,G199 3rd,PROD98,POLAND
503,,,19.068979323666127,,Medium,Closed,Org line G3,,,G199 3rd,,
504,Accepted-In Progress,,19.003325584525797,,Low,In Progress,,,se,,,
504,,Value 7,19.00332607593482,,,Awaiting Assignment,Org line A2,,,,,Sweden
504,,,19.003366744778663,Accepted,Low,,Org line C,,se,,PROD573,
504,,Value 7,,,,Awaiting Assignment,Org line A2,,se,,,Sweden
504,,,,Accepted,Low,,Org line A2,A2_2,se,G139 3rd,PROD573,POLAND
504,,Value 258,,Accepted,,Assigned,,,se,G139 3rd,PROD573,
504,,Value 12,,,Low,,,C_6,se,,PROD573,Sweden
504,,Value 12,19.003380810687496,,Low,,Org line C,C_6,,G144 3rd,,
504,Accepted-In Progress,Value 237,19.05558302890003,Accepted,Low,,Org line C,C_6,se,G144 3rd,,
504,Completed-Closed,,,,Low,,Org line C,C_6,,G144 3rd,,Sweden
505,Accepted-In Progress,,19.003458088689626,,Major,In Progress,,,,N26 2nd,PROD791,
505,,,19.0163404736727,,Major,Assigned,Org line A2,A2_3,pl,N26 2nd,PROD791,POLAND
505,,,,Accepted,Major,,Org line A2,A2_3,,N26 2nd,,
505,,,,,Major,,Org line A2,A2_3,pl,N26 2nd,PROD791,POLAND
506,Accepted-In Progress,Value 235,19.003454649275472,Accepted,,,,,,N5 2nd,,
506,,,19.00392517517919,Completed,Major,Cancelled,Org line A2,,,,,
506,,Value 235,,Accepted,Major,,Org line A2,A2_3,,N5 2nd,PROD56,
506,Accepted-Assigned,,,Accepted,Major,Assigned,,A2_3,,N5 2nd,,
506,Completed-Closed,Value 235,19.055609776999994,Completed,,Closed,Org line A2,A2_3,us,N5 2nd,PROD56,
507,Accepted-In Progress,Value 243,,,,In Progress,Org line D,,us,,PROD618,
507,Accepted-In Progress,Value 243,,,,In Progress,,,,G122 3rd,PROD618,
507,,,19.006243214945833,Accepted,,In Progress,,D_2,us,G122 3rd,PROD618,Belgium
507,Completed-Closed,,,,High,,Org line D,D_2,,G122 3rd,,Belgium
508,,,19.0059259933031,,,,Org line C,,se,G99 2nd,PROD153,
508,,,19.00593048803484,Accepted,Medium,In Progress,,,se,G99 2nd,,
508,,Value 260,19.05461897859122,Accepted,Medium,In Progress,Org line C,E_1,,,PROD153,
508,Completed-Closed,,,,Medium,Closed,Org line C,,se,G99 2nd,,France
509,,,19.006352089810512,Accepted,,,,A2_3,se,N23 2nd,PROD76,
509,Accepted-In Progress,,19.061988502076613,,,In Progress,,A2_3,,,PROD76,
509,Completed-Closed,,,,Medium,Closed,,A2_3,se,,,Sweden
510,Accepted-In Progress,Value 201,,,High,,Org line A2,A2_1,pl,,PROD791,
510,Queued-Awaiting Assignment,Value 201,,Queued,,,,A2_1,pl,,,INDIA
510,,Value 159,,Queued,High,,,A2_3,pl,N26 2nd,,POLAND
510,,,,Accepted,High,,,A2_3,,,PROD791,POLAND
510,,,19.01734200179309,Accepted,,,Org line A2,A2_3,,,PROD791,
510,,Value 160,19.062026385200713,Accepted,,,Org line A2,A2_3,pl,N26 2nd,,POLAND
510,,Value 160,,,High,,,A2_3,pl,N26 2nd,PROD791,
511,,,19.006784131827168,Accepted,,,Org line C,,,G255 2nd,,Sweden
511,Accepted-In Progress,Value 244,19.0067948331014,,High,,Org line C,,,,,Sweden
511,Completed-Closed,Value 244,19.068345754890785,,High,Closed,Org line C,E_10,,G255 2nd,PROD462,Sweden
512,,,19.006804026200292,Accepted,,,,,se,,,Sweden
512,,,19.068341087345637,,,Closed,Org line C,,se,,PROD462,Sweden
513,Accepted-In Progress,Value 254,,Accepted,,,Org line C,E_8,,G119 2nd,PROD597,INDIA
513,,Value 254,19.07547601224222,,Medium,Closed,,,,,,INDIA
514,,Value 72,19.006857374555686,,,In Progress,Org line A2,A2_2,pl,G21 2nd,,
514,,,19.006859444550294,,,Awaiting Assignment,,,,G21 2nd,PROD604,
514,,,19.007309093822126,Queued,,Awaiting Assignment,Org line C,,pl,G48 2nd,PROD604,
514,Queued-Awaiting Assignment,Value 223,19.012923620732995,,Medium,,,D_1,pl,,PROD604,
514,Queued-Awaiting Assignment,Value 261,,Queued,Medium,Awaiting Assignment,Org line A2,D_1,pl,,,INDIA
514,Accepted-Assigned,Value 262,,Accepted,Medium,Assigned,Org line A2,,,V18 3rd,,Sweden
514,,Value 262,19.02207484521798,Accepted,Medium,,Org line A2,D_1,,V18 3rd,PROD604,Sweden
514,,,,Queued,,Awaiting Assignment,,,,,,
514,Queued-Awaiting Assignment,Value 72,,Queued,,Awaiting Assignment,,,pl,,PROD604,
514,Queued-Awaiting Assignment,Value 223,19.02255002612325,Queued,,,Org line A2,,,,,POLAND
514,Accepted-In Progress,,,Accepted,,In Progress,,D_1,,G197 2nd,PROD604,POLAND
514,,Value 223,,,,,,,pl,G197 2nd,PROD604,POLAND
514,Accepted-Wait,Value 223,19.064742233679176,,,,Org line A2,,,G197 2nd,PROD604,POLAND
514,,,19.064744497095415,,,Closed,,,pl,,PROD604,POLAND
515,Accepted-In Progress,Value 46,,,,In Progress,Org line G3,,us,G199 3rd,,USA
515,Queued-Awaiting Assignment,,19.007192746817893,Queued,Medium,,,,us,,,USA
515,,,,,,In Progress,,,,,,
515,,Value 46,,,,Assigned,,,,,PROD98,USA
515,,,,,Medium,In Progress,,,us,,PROD98,POLAND
515,,,,,,Closed,,A2_2,,G21 2nd,,POLAND
516,,,,,Medium,In Progress,Org line C,E_1,se,,,Sweden
516,,Value 207,19.00721237162463,Queued,Medium,,Org line C,,se,G99 2nd,,Sweden
516,,,,Accepted,Medium,In Progress,,E_1,,L1 2nd,PROD150,Sweden
516,,Value 207,,,Medium,,,,,,PROD150,Sweden
517,Accepted-In Progress,Value 46,19.007257710798076,,,In Progress,Org line G3,,,,,USA
517,Queued-Awaiting Assignment,,19.007260158198353,,Medium,Awaiting Assignment,Org line G3,,us,,,USA
517,,Value 238,19.00726145420562,,,,,,us,,,
517,Accepted-Assigned,,19.00726150982821,Accepted,,Assigned,,,,G199 3rd,PROD97,USA
517,,Value 43,,,Medium,,Org line G3,,us,,,
517,,,,,,Closed,Org line G3,,us,,,
518,Accepted-In Progress,,,,,In Progress,Org line G3,,,,,USA
518,Queued-Awaiting Assignment,,19.00738153617475,Queued,,Awaiting Assignment,Org line G3,,us,,,
518,,,,,,,,,,,,
518,,Value 46,19.007385012163372,,Medium,,,,,,,
518,,,19.07074724566737,,,In Progress,Org line G3,,,,PROD97,POLAND
518,Completed-Closed,,,Completed,,Closed,,,,G199 3rd,,
519,,Value 263,,Accepted,Medium,In Progress,,,gb,,,
519,,Value 263,,,Medium,,,C_3,,,,Sweden
519,,,,,,Closed,Org line C,,gb,G94 3rd,PROD348,Sweden
520,Queued-Awaiting Assignment,Value 217,,Queued,,,,,us,G92,PROD348,INDIA
520,Accepted-In Progress,Value 264,,Accepted,,,,E_5,us,G92,PROD348,
520,,Value 150,,Queued,Medium,Awaiting Assignment,Org line C,,us,,,
520,Accepted-In Progress,Value 265,19.012471631244807,,,,Org line C,,,,PROD348,INDIA
520,,Value 265,19.012471802778776,Accepted,Medium,,Org line C,,us,G88 2nd,,
520,,,,,,,,,us,,PROD348,INDIA
520,Accepted-Wait,Value 265,,,,,Org line C,E_4,,G88 2nd,,INDIA
520,Accepted-In Progress,,,,Medium,,,E_4,,G88 2nd,PROD348,
520,,,19.061975020941166,Completed,Medium,,,,us,,,INDIA
521,,,,Accepted,Medium,In Progress,,,se,G294 2nd,,USA
521,Accepted-Assigned,Value 266,,Accepted,,Assigned,Org line C,,,G294 2nd,,
521,,Value 266,,,,Closed,,,,,,
522,,,,,,In Progress,Org line G4,,in,,PROD597,
522,,Value 58,19.01349366161181,,,,Org line G4,,in,,PROD597,Sweden
522,Queued-Awaiting Assignment,Value 223,19.016442440252607,Queued,Major,,Org line A2,D_1,in,G197 2nd,,
522,Queued-Awaiting Assignment,,19.019252479224463,Queued,,,Org line G4,,in,,,
522,Queued-Awaiting Assignment,Value 77,,Queued,Major,Awaiting Assignment,Org line C,,in,,,Belgium
522,,Value 77,,Queued,,,Org line C,C_1,in,,,Belgium
522,Accepted-Assigned,Value 57,19.061585695818458,,Major,Assigned,Org line C,,,,PROD597,
522,,Value 57,,Accepted,Major,In Progress,Org line C,C_1,,,PROD597,Sweden
522,,,,Queued,Major,Awaiting Assignment,Org line C,E_8,in,,,INDIA
522,Accepted-In Progress,,19.117695949050745,Accepted,Major,In Progress,Org line C,,in,G119 2nd,PROD597,
522,Accepted-In Progress,,,Accepted,Major,In Progress,,,,,PROD597,
522,Completed-Closed,,19.117709476532934,,,Closed,Org line C,E_8,,G119 2nd,,INDIA
523,,Value 150,19.009103406565057,,,In Progress,,E_4,fr,G88 2nd,,USA
523,Queued-Awaiting Assignment,,19.009104566937268,Queued,,Awaiting Assignment,,,,,PROD348,USA
523,Accepted-In Progress,Value 268,,,High,In Progress,,,fr,G92,,
523,Queued-Awaiting Assignment,,,Queued,High,Awaiting Assignment,Org line C,E_4,,,,USA
523,Queued-Awaiting Assignment,Value 269,19.009626830909344,,High,Awaiting Assignment,Org line C,,fr,V34 2nd,PROD348,
523,Accepted-In Progress,Value 118,,,High,,Org line C,,fr,,PROD348,France
523,Completed-Closed,Value 118,19.074701429320378,,High,,,,fr,,PROD348,France
524,Accepted-In Progress,Value 270,,,,In Progress,,,,,,
524,,Value 270,19.102081292175217,,,Closed,Org line C,,us,,PROD348,
525,,Value 164,19.00958108848305,Accepted,Low,,,,,S33 2nd,,
525,,,19.061032238942214,,Low,,,,,S33 2nd,,Sweden
526,,,19.009623451490736,,,In Progress,Org line C,E_7,se,G153 2nd,PROD153,Sweden
526,Accepted-In Progress,Value 68,19.009623851028508,Accepted,Medium,,,,se,,PROD153,
526,Queued-Awaiting Assignment,,,,Medium,,,E_7,,G153 2nd,,Sweden
526,Accepted-In Progress,,19.012915202737926,,,,,,,,,INDIA
526,Completed-Closed,Value 271,19.05826806230761,Completed,Medium,,,E_7,se,G153 2nd,,INDIA
527,,,,,Low,,,,se,T10 2nd,PROD615,
527,,,,Queued,,,,,,T10 2nd,PROD615,Sweden
527,,,19.031687843471495,Accepted,Low,,,,se,,PROD615,
527,,Value 191,19.076831758418464,,,Closed,Org line V2,,se,,PROD615,Sweden
528,Accepted-In Progress,,,,High,In Progress,Org line C,,be,,,
528,Accepted-In Progress,Value 77,,,,In Progress,,,be,G55 2nd,PROD745,Belgium
528,,,,Queued,,,,,be,,,Belgium
528,Accepted-Assigned,Value 119,19.010547355376346,,High,Assigned,,,be,,PROD745,
528,Accepted-Assigned,Value 273,,Accepted,,,Org line C,E_1,,G55 2nd,PROD745,
528,Accepted-In Progress,,,,High,,,,be,,,
528,,,19.080958061152828,,,,,,be,G55 2nd,PROD745,
529,,,19.00967065133449,Accepted,Medium,,,,,,,
529,,,19.10162991031044,,Medium,,Org line C,E_4,us,,,INDIA
530,Accepted-In Progress,,,,,,Org line G3,,us,,PROD97,USA
530,Queued-Awaiting Assignment,Value 46,,Queued,Medium,Awaiting Assignment,,,,,,
530,Accepted-In Progress,,,Accepted,Medium,In Progress,Org line G3,,,G199 3rd,PROD97,
530,Accepted-Assigned,Value 46,,,,,,,us,G199 3rd,,USA
530,,Value 43,,Accepted,,,Org line G3,,,G199 3rd,PROD97,
530,Completed-Closed,Value 43,,Completed,,Closed,,,us,,PROD97,POLAND
531,,Value 275,,,Low,In Progress,,C_6,fr,,PROD646,France
531,,Value 275,19.055613327813443,Accepted,,Wait,,,fr,G286 3rd,PROD646,
531,,,19.08095495573279,,,,,,,,PROD646,
532,,,,,,,Org line G3,,,G199 3rd,PROD97,USA
532,Queued-Awaiting Assignment,Value 46,,,Medium,,Org line G3,,us,G199 3rd,PROD97,USA
532,,Value 54,,,,In Progress,Org line G3,,us,,PROD97,Sweden
532,Accepted-Assigned,,,,Medium,,,,,,PROD97,USA
532,,Value 43,,Accepted,Medium,In Progress,,,us,,,
532,,Value 43,,Completed,,Closed,,,,,PROD97,
533,,,,Accepted,Medium,,,,,G88 2nd,PROD793,INDIA
533,,Value 276,19.056231236997426,Accepted,Medium,,,E_4,,G88 2nd,PROD793,
533,Completed-Closed,,,Completed,Medium,,Org line C,E_4,us,,PROD793,INDIA
534,Accepted-In Progress,,19.010537492529817,,Medium,,,,us,G199 3rd,,USA
534,Queued-Awaiting Assignment,,19.010537985951654,,,,,,us,G199 3rd,,USA
534,Accepted-In Progress,,19.010540624922758,Accepted,Medium,,,,,,,Sweden
534,Accepted-Assigned,,19.010540713627545,,,,Org line G3,,us,,,
534,Accepted-In Progress,,,,Medium,,Org line G3,,,G199 3rd,,POLAND
534,Completed-Closed,,19.067460043494837,,,Closed,,,us,,,POLAND
535,,,19.010593097975672,,,,,,,G186 2nd,,Sweden
535,Queued-Awaiting Assignment,,19.01059334190103,,,Awaiting Assignment,Org line C,,,,,Sweden
535,Accepted-In Progress,,19.015825014060702,,Medium,,Org line C,,,G186 2nd,,INDIA
535,,,,Accepted,Medium,Wait,Org line C,,in,,,INDIA
535,,Value 13,19.042724391431193,Queued,Medium,Awaiting Assignment,,E_1,in,G13 2nd,,
535,Accepted-Assigned,Value 278,19.043635578586287,,Medium,,Org line C,,,G13 2nd,PROD474,INDIA
535,Queued-Awaiting Assignment,Value 156,19.062337552811567,,,Awaiting Assignment,Org line C,E_8,in,G181 2nd,PROD474,
535,,Value 277,,,Medium,In Progress,,E_8,,G186 2nd,,INDIA
535,Accepted-Wait,Value 277,19.06234159570534,Accepted,Medium,,Org line C,E_8,in,,,
535,,,,,Medium,Assigned,Org line C,,in,G186 2nd,,
535,,Value 279,19.07771408961062,,,Wait,,E_8,in,G186 2nd,PROD474,INDIA
535,,,,,,,Org line C,E_8,,G188 2nd,PROD474,INDIA
535,Accepted-In Progress,,19.09375201017663,,,In Progress,,,,G186 2nd,PROD474,INDIA
535,Accepted-Wait,Value 199,19.09375210710311,,,Wait,Org line C,,in,,PROD474,
535,,,,Completed,Medium,,,E_8,in,G186 2nd,PROD474,INDIA
536,,Value 254,19.01059412357051,,Medium,,Org line C,,se,G119 2nd,,
536,,Value 254,,,,,,,,G119 2nd,,INDIA
536,Queued-Awaiting Assignment,Value 174,,Queued,,,,,se,,,
536,,Value 280,19.02246857787831,,,,Org line C,C_5,se,,PROD597,France
536,Accepted-In Progress,,,,Medium,,Org line C,,se,G120 3rd,PROD597,France
536,,Value 280,19.087945064608558,Completed,Medium,,Org line C,C_5,,G120 3rd,PROD597,
537,Accepted-In Progress,Value 228,,Accepted,,In Progress,Org line V2,,se,T2 2nd,PROD615,
537,Accepted-Wait,Value 228,,,Medium,,,,,T2 2nd,,
537,Completed-Closed,Value 228,19.09942650509574,,,,Org line V2,,se,T2 2nd,PROD615,
538,Accepted-In Progress,,19.010772084381774,Accepted,Medium,,,,se,,,Sweden
538,,Value 133,19.065599985014963,,,Closed,Org line G4,,,S33 2nd,,Sweden
539,Accepted-In Progress,,,Accepted,,In Progress,,A2_3,,,,Sweden
539,,Value 281,19.012055785146664,,,,,A2_3,se,,,
539,,,19.05834479659693,,,In Progress,Org line A2,,,,,
539,,Value 63,,,,Closed,Org line A2,,,,PROD680,Sweden
540,Accepted-In Progress,Value 132,,Accepted,Medium,,Org line G4,,,S33 2nd,PROD374,Sweden
540,Completed-Closed,Value 132,,,Medium,Closed,Org line G4,,se,S33 2nd,PROD374,Sweden
541,,Value 46,,Accepted,,,,,us,G199 3rd,,USA
541,,Value 46,19.012118313960258,,Medium,,Org line G3,,,,PROD97,
541,Accepted-In Progress,Value 238,19.012133463988224,,Medium,In Progress,,,,G199 3rd,PROD97,Sweden
541,Accepted-Assigned,Value 46,,Accepted,Medium,,,,,,,
541,,Value 43,19.05508112691735,,Medium,,,,,,,
541,,,,,,,Org line G3,,us,,,
542,Accepted-In Progress,Value 46,,,Medium,In Progress,,,us,G199 3rd,,
542,Queued-Awaiting Assignment,,19.01214235352146,Queued,Medium,,,,us,G199 3rd,,USA
542,Accepted-In Progress,Value 238,,,Medium,In Progress,,,,,PROD97,
542,,,,,,Assigned,,,,,PROD97,USA
542,Accepted-In Progress,,,,,,Org line G3,,,,PROD97,
542,,Value 43,,,,Closed,Org line G3,,us,G199 3rd,,
543,,,,Accepted,High,In Progress,Org line A2,,,,,Brazil
543,Queued-Awaiting Assignment,Value 282,19.043617395910314,,High,Awaiting Assignment,,,se,,,
543,Accepted-In Progress,Value 212,,,High,In Progress,,,,,,Brazil
543,Queued-Awaiting Assignment,Value 129,19.04826877604515,,,,Org line A2,,se,S21 2nd,PROD412,
543,Accepted-In Progress,,19.07685083614953,,,In Progress,Org line G4,,se,,,Sweden
543,Accepted-In Progress,Value 12,,Accepted,High,,Org line G4,,,,,Sweden
543,,,19.077397678381974,,High,,,,,,,Sweden
543,,,,,,,Org line G4,,,S30 2nd,PROD412,Sweden
544,,Value 101,,,,In Progress,,,se,,,
544,,,,Completed,Medium,Closed,,,se,S28 2nd,PROD633,
545,,,19.012982942912352,,,,,,,,,Sweden
545,,Value 101,,,Medium,Closed,Org line G4,,,,PROD633,Sweden
546,Accepted-In Progress,Value 77,19.01304858809901,,Medium,,,,se,G153 2nd,PROD671,
546,,,19.06849844799963,,Medium,Closed,,E_7,,G153 2nd,PROD671,
547,,,,Accepted,,In Progress,Org line C,E_4,,G88 2nd,,
547,Queued-Awaiting Assignment,Value 150,,,,Awaiting Assignment,Org line C,,,G88 2nd,PROD17,USA
547,,,19.02244173378291,,,Assigned,Org line C,,,,,
547,Accepted-In Progress,Value 284,,Accepted,,,,,,G88 2nd,PROD17,
547,Completed-Closed,Value 284,,,Major,,,,,,,INDIA
548,,Value 285,,Accepted,,,Org line C,,se,,,
548,,Value 285,,Queued,,Awaiting Assignment,,,,G138 2nd,,Sweden
548,,Value 7,19.01342429760165,,,,,,se,,PROD802,
548,Queued-Awaiting Assignment,,,,Medium,Awaiting Assignment,,C_6,,G273 3rd,PROD802,
548,,Value 112,,,Medium,,Org line C,C_6,,G273 3rd,PROD802,Sweden
548,,Value 112,19.018685371657803,Accepted,Medium,,Org line C,C_6,se,,,Sweden
548,,Value 229,,Queued,,,Org line C,E_10,se,G271 2nd,,
548,,,19.022555049314768,,Medium,In Progress,,,,G273 3rd,,
548,Queued-Awaiting Assignment,,19.022555082181803,,,,Org line C,,se,G138 2nd,,
548,,Value 7,,Accepted,Medium,In Progress,,,,,PROD802,Sweden
548,,Value 7,,Completed,,,Org line C,E_10,,G143 2nd,PROD802,
548,,Value 7,,Accepted,Medium,,Org line C,,se,,,
548,,,19.0337388295129,Accepted,,,Org line C,,,,PROD802,Sweden
548,,,,,Medium,In Progress,,,,G138 2nd,,
548,Completed-Closed,Value 286,19.055082563902875,Completed,Medium,Closed,Org line C,,se,G138 2nd,,Sweden
549,Accepted-In Progress,Value 287,,,Medium,In Progress,Org line C,,,,PROD327,
549,Completed-Closed,Value 287,,,Medium,Closed,,E_2,se,G57 2nd,PROD327,
550,Accepted-In Progress,,,Accepted,Medium,In Progress,,,,,,Sweden
550,,,19.07739868437037,,,,,,,,,Sweden
550,Completed-Closed,Value 60,19.077398705112387,,,,Org line G4,,,,,
551,,,19.01396551652185,Accepted,Medium,,Org line G3,,us,G199 3rd,PROD96,USA
551,,,19.013966383961286,Queued,Medium,,,,us,G199 3rd,,USA
551,,Value 238,,Accepted,,,Org line G3,,us,,PROD96,Sweden
551,Accepted-Assigned,Value 46,,Accepted,Medium,Assigned,Org line G3,,us,G199 3rd,PROD96,
551,Accepted-In Progress,,,,,,,,,,PROD96,POLAND
551,Completed-Closed,,19.05839959262889,Completed,Medium,,Org line G3,,us,G199 3rd,,
552,Accepted-In Progress,,19.015280309364865,Accepted,Major,,,,,S25,PROD535,Sweden
552,Completed-Closed,Value 11,19.06883955958709,Completed,Major,,Org line C,V3_2,se,S25,,
553,Accepted-In Progress,,19.015292514740842,,,In Progress,Org line C,,,G153 2nd,,
553,Accepted-In Progress,Value 271,19.032391856563045,,,,,E_7,se,,,
553,Completed-Closed,Value 271,,,,,Org line C,,se,G153 2nd,PROD673,
554,,,,,High,,Org line A2,A2_4,se,G105 2nd,PROD337,Sweden
554,,Value 138,,,High,,,A2_4,se,G105 2nd,PROD337,Sweden
554,,,,,High,Closed,,A2_4,,G105 2nd,,Sweden
555,Accepted-In Progress,Value 68,,,,,Org line A2,,pl,J3 2nd,PROD355,POLAND
555,,,19.015835778950873,,Low,Assigned,,A2_2,pl,,,POLAND
555,,Value 288,,,,In Progress,,A2_2,pl,J3 2nd,,
555,,Value 288,19.016350334570678,Accepted,Low,Wait,Org line A2,A2_2,pl,J3 2nd,PROD355,
555,,,19.06198908660611,Completed,,Closed,,A2_2,,,,POLAND
556,,,,Accepted,,,Org line G4,,se,,PROD633,Sweden
556,Completed-Closed,Value 15,19.068410104094188,Completed,High,,,,se,,PROD633,Sweden
557,Accepted-In Progress,,,,,In Progress,Org line G4,,se,,PROD448,Sweden
557,Accepted-Wait,,,,,Wait,Org line G4,,se,S33 2nd,,Sweden
557,,,19.074732917057737,Completed,,Closed,,,se,,PROD448,
558,,,19.015942070505233,,Low,In Progress,Org line A2,,gb,,,United Kingdom
558,Accepted-Assigned,,19.015943195398233,Accepted,,,Org line A2,,gb,,,
558,,,19.02298529582357,Accepted,,In Progress,,A2_1,,G42 3rd,PROD235,United Kingdom
558,,,19.022989818562525,,Low,,,A2_1,,G42 3rd,PROD235,
558,Completed-Closed,Value 143,19.07462077646702,,,,,A2_1,gb,,,
559,Accepted-In Progress,Value 128,19.015944684225254,Accepted,Low,In Progress,Org line C,E_10,,,PROD412,
559,,,,,,Closed,,,,,,Sweden
560,,Value 150,,Accepted,,In Progress,Org line C,,,,,
560,,Value 150,,,,Wait,,C_6,,G248 3rd,PROD585,USA
560,Queued-Awaiting Assignment,Value 150,19.01875678563543,,,,,,,,,USA
560,,,,,,,,C_6,,,,USA
560,Completed-Closed,,,Completed,Medium,Closed,Org line C,,,G270 3rd,,
561,Accepted-In Progress,,19.016084089269423,,Medium,,Org line C,E_4,in,,PROD701,
561,,,19.016086471055992,Accepted,Medium,,,E_4,in,G93 2nd,,Brazil
561,Accepted-In Progress,Value 290,19.056489590370028,Accepted,Medium,In Progress,,E_4,,G93 2nd,PROD701,Brazil
561,Accepted-In Progress,Value 213,,,Medium,,Org line C,E_4,,,PROD701,
561,Completed-Closed,,,Completed,Medium,,Org line C,E_4,,G93 2nd,PROD701,
562,,Value 164,19.016310901419626,,,,,A2_4,se,G105 2nd,,Sweden
562,,Value 164,,,Medium,,Org line A2,,,G105 2nd,,Sweden
562,Accepted-Assigned,Value 93,19.062463774983016,,,Assigned,Org line A2,A2_4,,G105 2nd,PROD163,Sweden
562,Accepted-Wait,Value 93,,,Medium,,Org line A2,A2_4,se,G105 2nd,,
562,,,19.109587446379923,Accepted,,In Progress,Org line A2,A2_4,,G105 2nd,PROD163,Sweden
562,,,19.11203595990234,Completed,Medium,,,,,G105 2nd,PROD163,
563,,,,,,In Progress,Org line A2,,se,,,Sweden
563,,,,Accepted,,,,,se,,,Sweden
563,Completed-Closed,,19.092894317499614,Completed,High,Closed,,,,,PROD290,Sweden
564,Accepted-In Progress,Value 292,,,,,,,,G88 2nd,,
564,,Value 292,,,High,,,E_4,,,PROD197,INDIA
564,Completed-Closed,Value 292,19.02205054451563,,High,,,,us,,PROD197,INDIA
564,Accepted-In Progress,Value 292,,Accepted,,In Progress,,,,G88 2nd,PROD197,INDIA
564,,Value 292,,Queued,,Awaiting Assignment,Org line C,,us,,,
564,Queued-Awaiting Assignment,,19.06202008724396,,,Awaiting Assignment,Org line C,E_4,,,,USA
564,Accepted-In Progress,Value 150,,,High,,Org line C,,,G88 2nd,,USA
564,Accepted-In Progress,,,Accepted,High,In Progress,Org line C,,us,,PROD197,USA
564,,Value 294,19.081061800408502,,High,Assigned,Org line C,E_4,us,G88 2nd,PROD197,Sweden
564,Queued-Awaiting Assignment,,,Queued,High,,Org line C,E_5,,,PROD197,
564,,Value 150,19.084049248300257,Queued,High,,,E_4,,,PROD197,USA
564,Accepted-In Progress,,19.086680536173823,,,,Org line C,E_4,us,,PROD197,Sweden
564,Completed-Closed,Value 294,19.086680566999398,Completed,High,Closed,Org line C,E_4,,G88 2nd,,
565,,,,Accepted,,In Progress,Org line C,,in,G183 2nd,PROD476,France
565,Queued-Awaiting Assignment,,19.01662717721095,,High,Awaiting Assignment,,E_8,,,,France
565,,Value 186,19.01922532331519,Accepted,,In Progress,,,,G181 2nd,PROD476,
565,,Value 186,19.019225378276285,Accepted,High,Wait,Org line C,,,,,
565,Accepted-Assigned,,,Accepted,,,Org line C,E_8,,,PROD476,INDIA
565,Accepted-In Progress,,,Accepted,,In Progress,Org line C,,,,,INDIA
565,Completed-Closed,,,,High,,,E_8,in,,PROD476,INDIA
566,,,19.016883973330046,,,,,,,,PROD286,Sweden
566,Completed-Closed,,19.055201842409303,,,,Org line G4,,se,M19 2nd,,
567,,,19.01688511919995,Accepted,,,,,,,,Sweden
567,Completed-Closed,,,,Medium,,,,,M19 2nd,,
568,Accepted-In Progress,,,Accepted,Medium,,Org line C,E_8,,,PROD476,France
568,,Value 295,19.016943903869965,Queued,,Awaiting Assignment,Org line C,,in,G183 2nd,PROD476,France
568,,,,Accepted,,,Org line C,E_8,,G181 2nd,,INDIA
568,,Value 186,19.019227395346398,,Medium,,Org line C,,in,,PROD476,INDIA
568,Accepted-In Progress,,,Accepted,Medium,,,,,,PROD476,
568,,Value 214,,,,,Org line C,,,G181 2nd,,Sweden
568,Accepted-In Progress,,,,,In Progress,,,,G181 2nd,,
568,,Value 214,,,Medium,Closed,Org line C,E_8,,G181 2nd,,
569,,Value 103,,Accepted,Medium,,Org line C,C_6,,G141 3rd,PROD660,Sweden
569,,Value 103,,Queued,,,,,se,G141 3rd,PROD660,
569,Accepted-Assigned,,,Accepted,Medium,Assigned,,C_6,se,G141 3rd,PROD660,Sweden
569,Accepted-In Progress,,19.071893467685257,,Medium,,,C_6,se,,,
569,Accepted-Wait,,,Accepted,,Wait,,,se,,,
569,Completed-Closed,,19.091169019536004,Completed,Medium,,Org line C,C_6,,G141 3rd,PROD660,Sweden
570,,,19.017245309004934,,,In Progress,Org line V2,,se,T10 2nd,,
570,,,,Completed,,Closed,Org line V2,,,,,
571,Accepted-In Progress,Value 296,,,,In Progress,,,,G105 2nd,PROD337,Sweden
571,Completed-Closed,Value 296,19.083226516195893,,Medium,,,,se,,PROD337,
572,Accepted-In Progress,Value 296,19.017366136361566,Accepted,Medium,,Org line A2,A2_4,se,G105 2nd,PROD337,Sweden
572,Completed-Closed,Value 296,19.071902269099034,Completed,Medium,Closed,,,,G105 2nd,,
573,,,19.017373151410926,,,In Progress,Org line A2,,,,,
573,Completed-Closed,Value 297,,Completed,,Closed,Org line A2,A2_4,,G105 2nd,,Sweden
574,,Value 297,,,,,Org line A2,,,,,
574,Completed-Closed,Value 297,19.06519958124917,,Medium,,,,,,,Sweden
575,,,19.018781117022453,,High,,,,in,G186 2nd,,Sweden
575,Accepted-Wait,,,,,,,E_8,,,PROD474,
575,,,19.070953236115095,,,,,,,,,
576,Accepted-In Progress,Value 165,19.018852128295563,Accepted,High,,,,us,N22 2nd,,
576,,,,,,Awaiting Assignment,Org line C,,us,N22 2nd,PROD671,
576,,,19.01886993668111,Queued,High,Awaiting Assignment,Org line C,,us,N22 2nd,PROD671,USA
576,Accepted-In Progress,,,,,In Progress,Org line C,V3_3,us,N22 2nd,PROD671,USA
576,,Value 165,,Accepted,High,Wait,,,,N22 2nd,PROD671,
576,,Value 165,,,,Closed,Org line C,V3_3,,,,
577,Accepted-In Progress,Value 298,,,Low,In Progress,Org line G4,,se,,,
577,Completed-Closed,Value 298,19.057906462978387,,Low,Closed,Org line G4,,,S33 2nd,PROD397,
578,Accepted-In Progress,Value 126,,Accepted,,In Progress,,A2_3,,U6 2nd,PROD802,Sweden
578,,Value 126,,Accepted,Medium,,Org line A2,A2_3,se,,PROD802,
578,,Value 126,,,,,,A2_3,,,PROD802,
578,Accepted-In Progress,Value 126,,Accepted,Medium,,,,se,U6 2nd,,Sweden
578,Accepted-Assigned,Value 31,,Accepted,Medium,,,,se,U6 2nd,,
578,Accepted-In Progress,,19.070647635775924,Accepted,Medium,,Org line A2,,,,,
578,Completed-Closed,,,,,,Org line A2,A2_3,se,U5 2nd,,Sweden
579,,Value 118,19.019264795595973,Accepted,,,,,fr,,,
579,,Value 118,19.094184341467923,Completed,,,Org line C,,fr,,,
580,,,,,,,Org line A2,,,,,
580,,Value 13,19.077751220977067,Completed,Medium,,,,,,PROD607,Sweden
581,Accepted-In Progress,Value 55,,,High,,,V3_3,us,,PROD794,
581,Completed-Closed,,19.027173836414676,Completed,High,,,V3_3,,V42 2nd,,
581,Accepted-In Progress,Value 55,,,High,In Progress,,V3_3,us,V42 2nd,,France
581,,,,,High,Awaiting Assignment,Org line C,,us,,PROD794,
581,Accepted-In Progress,Value 299,,,,In Progress,,,us,,,
581,Completed-Closed,,,Completed,,,,,,G88 2nd,PROD794,
582,,Value 300,19.019703134355986,Queued,,,Org line A2,D_1,,,PROD603,France
582,Accepted-In Progress,,,Accepted,Medium,In Progress,Org line A2,,fr,,PROD603,France
582,Queued-Awaiting Assignment,Value 300,,Queued,Medium,,Org line A2,D_1,,V21 2nd,,France
582,Accepted-In Progress,Value 300,19.019719422404048,Accepted,,In Progress,,D_1,,,PROD603,
582,Accepted-In Progress,Value 300,,Accepted,,In Progress,,,,V21 2nd,PROD603,
582,Completed-Closed,Value 300,,Completed,,Closed,Org line A2,D_1,fr,V21 2nd,PROD603,France
583,Queued-Awaiting Assignment,,19.019841901125787,Queued,High,,Org line C,,,,,USA
583,,Value 299,,,,,,,,G88 2nd,,INDIA
583,,,,,,Closed,,,,G88 2nd,,
583,Accepted-In Progress,,19.030619349515067,Accepted,High,,Org line C,,,,,
583,,Value 299,,,,,Org line C,E_4,,,,INDIA
584,Accepted-In Progress,Value 133,19.019844411296575,Accepted,,,,,,,,
584,,Value 133,19.06559386168986,Completed,,,,,,,,Sweden
585,Accepted-In Progress,,19.020175226326096,,Medium,In Progress,Org line G4,,,S33 2nd,,
585,,,19.08671448997054,Completed,,,,,,,PROD374,
586,Accepted-In Progress,Value 46,,Accepted,,In Progress,,,us,,PROD97,USA
586,,Value 46,19.020246242993743,,,Awaiting Assignment,,,us,,,USA
586,,,19.0202473850174,,Medium,,Org line G3,,us,,,
586,Accepted-Assigned,Value 46,,,Medium,Assigned,,,us,,PROD97,USA
586,,Value 43,,,,,,,us,G199 3rd,,POLAND
586,Completed-Closed,Value 43,19.07074401963381,,,,,,,,,
587,,,19.0204767131757,Accepted,Medium,In Progress,,E_10,in,G230 2nd,PROD424,
587,,,19.020477355416133,,,,,E_10,,,,
587,,Value 71,19.021246084900685,Accepted,,,Org line B,,in,G230 2nd,,INDIA
587,,,19.08668234974363,Completed,Medium,Closed,,,,,,
588,Accepted-In Progress,,,Accepted,,In Progress,Org line B,,,G230 2nd,,INDIA
588,Queued-Awaiting Assignment,,,,Medium,,Org line B,E_10,in,G230 2nd,PROD321,INDIA
588,,Value 71,19.021246562096838,Accepted,,,,,,G230 2nd,,
588,Completed-Closed,Value 71,,Completed,Medium,Closed,Org line B,,,G230 2nd,,
589,Accepted-In Progress,Value 244,19.020636975052227,Accepted,Medium,,,E_10,,,,
589,,Value 244,,,,Closed,,,,,,Sweden
590,Accepted-In Progress,Value 62,19.020686895897565,,Low,In Progress,,A2_3,se,,PROD551,Sweden
590,Accepted-Wait,,,,Low,Wait,Org line A2,,se,,,Sweden
590,Accepted-In Progress,,,,Low,In Progress,Org line A2,A2_3,se,S35 2nd,,Sweden
590,,Value 62,,Accepted,,,Org line A2,A2_3,se,S35 2nd,,
590,,Value 62,,Accepted,Low,In Progress,Org line A2,,,,,
590,,Value 62,,Completed,,Closed,,A2_3,se,S35 2nd,PROD551,Sweden
591,,,19.021422083529917,,,,Org line B,,in,G238 2nd,PROD209,INDIA
591,Completed-Closed,Value 301,,,Low,Closed,,,in,,,
592,Accepted-In Progress,Value 132,,Accepted,Medium,,Org line G4,,,S33 2nd,,Sweden
592,,Value 132,19.05783902299673,Completed,Medium,,,,,S33 2nd,,Sweden
593,Accepted-In Progress,,19.021222542940993,,,,Org line C,,,,,Sweden
593,Queued-Awaiting Assignment,Value 207,19.02122331086082,Queued,,,Org line C,,se,,PROD153,
593,,Value 237,19.035291861279816,,,In Progress,,E_1,,G99 2nd,PROD153,
593,Completed-Closed,Value 237,,Completed,Medium,Closed,,,,G99 2nd,,USA
594,,,19.021963075732987,Accepted,Medium,In Progress,,A2_1,gb,,,United Kingdom
594,,Value 29,19.021964023959946,,Medium,,Org line A2,A2_1,,,,
594,,,19.109564318246907,Accepted,,,,A2_1,gb,,,
594,Completed-Closed,,,Completed,,Closed,Org line A2,,gb,G42 3rd,,United Kingdom
595,,,,,,,,C_1,,G56 3rd,PROD795,
595,,,,,,Assigned,Org line C,C_1,be,,,
595,Accepted-In Progress,,,,Medium,In Progress,,,,,,
595,Completed-Closed,,19.057927565460066,,,Closed,Org line C,C_1,,,,Sweden
596,,Value 77,19.022085142969406,Accepted,,,Org line G4,,,M19 2nd,PROD286,Sweden
596,,Value 77,19.055202807353428,Completed,,,Org line G4,,,M19 2nd,,
597,,,,,High,In Progress,,,,,PROD637,Germany
597,Completed-Closed,Value 302,19.103399325207018,Completed,High,Closed,,,de,V19 2nd,,
598,,,19.022347373808564,Accepted,Medium,,Org line C,,,G88 2nd,PROD794,INDIA
598,,Value 303,19.05562134624579,Accepted,,,,E_4,,G88 2nd,PROD794,
598,,Value 303,,,,,,E_4,,G88 2nd,PROD794,INDIA
598,,Value 150,19.08404660061466,Queued,,,,E_4,in,,PROD794,
598,,,,,Medium,Awaiting Assignment,,E_5,in,G92,PROD794,INDIA
598,,,19.093379932012798,,,In Progress,,,in,,PROD794,
598,Completed-Closed,,19.093380171867516,,,,Org line C,,,G92,,
599,,,,,Low,,,A2_3,se,S35 2nd,,
599,Accepted-Assigned,,,Accepted,,,Org line A2,,se,S35 2nd,PROD551,Sweden
599,Accepted-In Progress,Value 304,19.08094102514421,,Low,In Progress,,,,,PROD551,Sweden
599,Completed-Closed,Value 304,,Completed,Low,Closed,Org line A2,,se,S35 2nd,PROD551,
600,,,19.022558796150026,Accepted,,In Progress,Org line C,,us,G88 2nd,PROD348,Sweden
600,Completed-Closed,Value 273,,Completed,Medium,Closed,Org line C,E_4,,G88 2nd,,
601,,,,Accepted,Medium,,,,se,,,
601,Completed-Closed,Value 77,,Completed,,Closed,,,se,,,
602,Accepted-In Progress,,19.022561321421428,,Medium,In Progress,,A2_4,se,G105 2nd,PROD337,Sweden
602,Completed-Closed,Value 8,,Completed,,Closed,Org line A2,,se,,,
603,,Value 69,19.022944332894223,Queued,Medium,Awaiting Assignment,Org line B,,in,G230 2nd,PROD424,INDIA
603,Accepted-In Progress,,,,Medium,In Progress,Org line B,E_10,in,,PROD424,
603,,Value 71,19.05315883545722,Completed,,,,,,,PROD424,INDIA
603,Accepted-In Progress,,,Accepted,Medium,,,,in,,PROD424,INDIA
603,Completed-Closed,Value 71,,Completed,,,Org line B,E_10,,G230 2nd,,
604,Accepted-Wait,,,,,Wait,Org line C,E_6,se,G334 2nd,PROD289,Sweden
604,,,19.074727041779077,,Medium,,Org line C,,,G334 2nd,PROD289,
605,Accepted-In Progress,,,Accepted,Medium,In Progress,Org line G4,,se,,PROD412,
605,Accepted-In Progress,Value 60,,Accepted,,,Org line G4,,se,S30 2nd,PROD412,
605,,,,Accepted,,,Org line G4,,,S30 2nd,PROD412,
605,Accepted-In Progress,,,,,In Progress,Org line G4,,se,S30 2nd,,
605,,,,Completed,,Closed,,,,,PROD412,
606,,,19.0233919812928,Accepted,,In Progress,Org line G4,,,S30 2nd,,
606,Accepted-Assigned,,19.02345060362943,,Medium,Assigned,,,,S30 2nd,PROD408,
606,Accepted-In Progress,Value 114,19.0911536858841,Accepted,,In Progress,,,,,,Sweden
606,,Value 114,19.09115372680143,Completed,Medium,,,,se,,,
607,Accepted-In Progress,,19.02341117582063,Accepted,,In Progress,Org line C,V3_2,se,,PROD512,Sweden
607,,Value 4,19.057800441517163,,,Closed,,V3_2,se,,,Sweden
608,Accepted-In Progress,,,Accepted,Medium,In Progress,Org line A2,A2_2,,G171 2nd,,
608,,Value 305,,,Medium,,Org line A2,,,,,
608,,,19.028753710011276,Accepted,Medium,In Progress,,,pl,,PROD686,Belgium
608,Accepted-In Progress,Value 213,19.079932277991606,Accepted,Medium,In Progress,,A2_2,pl,,PROD686,POLAND
608,Completed-Closed,Value 213,19.09597388548428,,Medium,,,,,G171 2nd,,
609,,Value 44,19.023434288673883,Accepted,,In Progress,,C_6,,G273 3rd,,Sweden
609,,Value 44,,,,,,,,G273 3rd,,Sweden
609,,Value 204,,Accepted,,In Progress,Org line C,,,G273 3rd,PROD802,
609,,Value 204,19.023905558338257,Accepted,Medium,,,,se,G273 3rd,,Sweden
609,Completed-Closed,Value 204,,Completed,,,Org line C,C_6,se,G273 3rd,,Sweden
610,Accepted-In Progress,,19.023506305621492,Accepted,,,Org line C,C_6,,,,
610,,,19.023907483933645,Queued,Medium,,,C_6,se,G141 3rd,PROD660,Sweden
610,Accepted-In Progress,,19.025763422271808,,Medium,,,,,G141 3rd,,Sweden
610,Accepted-In Progress,Value 306,,Accepted,Medium,,Org line C,,se,G250 3rd,PROD660,Sweden
610,,Value 306,19.025818564248446,Accepted,,Wait,,C_6,se,G250 3rd,PROD660,
610,Completed-Closed,Value 306,,,,Closed,,,,G250 3rd,,Sweden
611,,Value 2,,Accepted,,In Progress,Org line C,,,G250 3rd,PROD660,Sweden
611,Accepted-In Progress,Value 2,19.023508368801338,,,In Progress,Org line C,C_6,se,G250 3rd,,
611,Completed-Closed,Value 2,19.067450762959,Completed,,Closed,,C_6,se,G250 3rd,PROD660,Sweden
612,,Value 98,,Queued,High,Awaiting Assignment,,,,G361 2nd,,
612,Accepted-In Progress,Value 39,,,High,In Progress,Org line A2,A2_3,se,,,
612,Completed-Closed,,19.09953127774727,,,Closed,Org line A2,A2_3,,,PROD234,
613,,Value 111,,Accepted,Major,,,A2_5,,N30 2nd,,USA
613,,,,,Major,Closed,,,us,N30 2nd,,
614,Accepted-In Progress,,,,Medium,,Org line C,,us,G88 2nd,PROD774,
614,,Value 307,19.023959457197122,,,In Progress,Org line C,E_4,,G88 2nd,PROD774,
614,Accepted-In Progress,,19.04916259000093,Accepted,,,Org line C,E_4,us,G88 2nd,PROD774,
614,Accepted-Wait,Value 307,19.049162712683145,,,Wait,,E_4,,G88 2nd,,INDIA
614,Queued-Awaiting Assignment,Value 150,19.05339044393386,Queued,Medium,Awaiting Assignment,Org line C,E_4,us,,,USA
614,Accepted-In Progress,Value 299,19.0767357001188,Accepted,Medium,,Org line C,,,,PROD774,
614,Completed-Closed,,19.084933708284552,,Medium,,,E_4,,G88 2nd,PROD774,
615,Accepted-In Progress,,19.023893413872816,,Medium,,Org line G3,,us,,PROD96,USA
615,,Value 46,,,,In Progress,,,,,PROD96,
615,,Value 43,19.03572795183982,Accepted,Medium,,,,,,,
615,Completed-Closed,,19.055147894189183,,Medium,Closed,Org line G3,,,G199 3rd,,POLAND
616,,,19.023995296989906,Accepted,,,Org line C,E_7,in,G157 2nd,,USA
616,,,,Accepted,High,,Org line C,,,,PROD424,
616,,,19.023998130423006,Accepted,,,Org line C,E_7,in,,PROD424,
616,,Value 308,,Accepted,High,,,E_7,in,G165 2nd,PROD424,USA
616,Completed-Closed,Value 308,,,,,Org line C,E_7,,G165 2nd,,
617,Accepted-In Progress,Value 309,19.02400044420509,,Major,,,C_1,,,,
617,Completed-Closed,,,,Major,Closed,,C_1,se,G100 3rd,,Sweden
618,Accepted-In Progress,Value 256,19.02530990765608,Accepted,,In Progress,,,pl,V11 3rd,,
618,,Value 256,,,Medium,Awaiting Assignment,,,pl,,PROD74,POLAND
618,,,,,,In Progress,Org line A2,,,,,
618,Completed-Closed,Value 256,19.061963440711352,,Medium,Closed,,D_1,,V11 3rd,PROD74,
619,Accepted-In Progress,,,Accepted,,In Progress,Org line C,E_7,,G135 2nd,,Sweden
619,,Value 150,,,,,Org line C,E_7,se,,,Sweden
619,Completed-Closed,Value 150,19.05563689535569,Completed,Medium,Closed,,,se,G135 2nd,PROD806,Sweden
620,,,,,,In Progress,,,se,G138 2nd,PROD802,Sweden
620,Queued-Awaiting Assignment,Value 285,,Queued,Low,Awaiting Assignment,,,,G138 2nd,,
620,Accepted-In Progress,,19.03373938745529,Accepted,Low,In Progress,,,,,,Sweden
620,,Value 44,19.03374020540911,Queued,,,Org line C,,se,R4 3rd,PROD802,Sweden
620,,,19.033801674620012,Accepted,,In Progress,,C_6,,,PROD802,
620,Completed-Closed,,19.099408740944558,Completed,,Closed,Org line C,C_6,se,,PROD802,
621,Accepted-In Progress,Value 94,19.02563369914237,,,In Progress,Org line F,,,,PROD813,
621,,Value 94,,Queued,Low,Awaiting Assignment,,,,,,
621,,Value 122,,Accepted,,,Org line F,,se,,PROD813,
621,Accepted-Assigned,Value 123,19.02575962736111,,Low,Assigned,Org line F,,se,,PROD813,Sweden
621,Accepted-Wait,Value 123,,Accepted,,Wait,Org line F,,se,,PROD813,
621,Completed-Closed,Value 123,19.055594529557734,,Low,Closed,,,se,S1 2nd,PROD813,
622,Accepted-In Progress,,,Accepted,Low,,,,se,S1 2nd,PROD812,
622,,,19.02563660985176,Queued,Low,Awaiting Assignment,Org line F,,se,S1 2nd,PROD812,Sweden
622,,,19.025759681964246,Accepted,Low,In Progress,,,,,,
622,Accepted-Assigned,Value 123,19.025786218734407,Accepted,,,,,,S1 2nd,PROD812,
622,,,19.055594730950563,,,Closed,Org line F,,,S1 2nd,,Sweden
623,Accepted-In Progress,Value 4,,Accepted,,,Org line C,,se,,PROD512,
623,,,19.05780031989008,,,,Org line C,,,M11,,
624,Accepted-In Progress,Value 227,,,Medium,,Org line A2,,se,N16 2nd,PROD753,Sweden
624,Accepted-Assigned,,,Accepted,Medium,Assigned,,A2_1,se,,PROD753,Sweden
624,,Value 167,19.057908858246144,,Medium,,Org line A2,A2_1,se,N16 2nd,PROD753,Sweden
624,Completed-Closed,Value 167,,Completed,,Closed,,,,,PROD753,Sweden
625,,Value 46,19.025899953032813,Accepted,Medium,,Org line G3,,us,,PROD96,
625,Queued-Awaiting Assignment,,19.02592552522564,Queued,,,Org line G3,,,,,USA
625,,Value 43,,,,In Progress,Org line G3,,,,,
625,,Value 43,,,Medium,Closed,Org line G3,,us,,PROD96,POLAND
626,,,,,,,,,us,G88 2nd,,USA
626,,,19.028594749220876,,,,Org line C,,,G88 2nd,,
626,Accepted-In Progress,,19.05663043990911,Accepted,,In Progress,,,us,,,
626,,Value 150,19.05663091110388,,High,Closed,Org line C,,us,G88 2nd,,USA
627,,Value 311,19.026252004561922,,,,,,se,,,Sweden
627,Accepted-Assigned,Value 311,19.026252817747814,,High,Assigned,Org line G4,,,,PROD412,
627,Accepted-In Progress,Value 60,19.03528545217277,,High,,,,,S30 2nd,PROD412,Sweden
627,,,,Completed,,Closed,,,,S30 2nd,,Sweden
628,Accepted-In Progress,,19.026284034853884,,Medium,,Org line C,E_10,,,PROD104,Sweden
628,Queued-Awaiting Assignment,Value 285,,,Medium,Awaiting Assignment,Org line C,,,G145 2nd,PROD104,Sweden
628,,Value 42,,Accepted,Medium,In Progress,,,se,,,
628,Queued-Awaiting Assignment,,19.032867122185493,Queued,Medium,,,,,G140 2nd,PROD104,
628,Queued-Awaiting Assignment,Value 113,19.032868900482473,,Medium,,Org line C,,se,,PROD104,Sweden
628,,Value 113,19.033275163867202,Accepted,,In Progress,,,se,G141 3rd,PROD104,
628,Accepted-In Progress,,,Accepted,Medium,,,C_6,,G141 3rd,PROD104,
628,,,,,,Awaiting Assignment,Org line C,E_10,se,,PROD104,Sweden
628,Accepted-Assigned,,19.033305875306308,,,Assigned,,,,,,Sweden
628,Queued-Awaiting Assignment,Value 113,,,,,,C_6,se,G141 3rd,,
628,,,,,Medium,,Org line C,,se,,PROD104,
628,,,19.036107435068306,,Medium,In Progress,,,se,G261 3rd,PROD104,Sweden
628,,,19.042267114047693,,,Awaiting Assignment,Org line C,,se,G141 3rd,PROD104,Sweden
628,,,,Accepted,,In Progress,,,,,PROD104,
628,,Value 312,19.066110534215166,,,Closed,,C_6,,G261 3rd,,Sweden
629,,,19.026333958367992,Accepted,Medium,In Progress,Org line C,C_1,se,,PROD153,
629,Queued-Awaiting Assignment,,19.026333991111063,,Medium,,,C_1,,G100 3rd,PROD153,
629,,,19.029637466804143,Accepted,Medium,In Progress,,,,G100 3rd,PROD153,
629,,,,,,Closed,Org line C,C_1,se,G100 3rd,PROD153,Sweden
630,,,19.026467508433807,Accepted,,In Progress,Org line A2,,se,,,Sweden
630,Completed-Closed,Value 296,,,Medium,Closed,,A2_4,,G105 2nd,,Sweden
631,,,19.02665861868894,,,In Progress,Org line A2,A2_4,in,,,Sweden
631,Accepted-Assigned,,,,Medium,Assigned,,A2_4,in,G31 3rd,PROD194,
631,,Value 313,,Accepted,,In Progress,Org line A2,,,G31 3rd,,Sweden
631,,Value 313,,Completed,,,,A2_4,,,PROD194,Sweden
632,Accepted-In Progress,Value 314,19.026738913600155,,Low,In Progress,,,,N18 2nd,,USA
632,Queued-Awaiting Assignment,Value 314,19.04273727028839,Queued,Low,,Org line C,,fr,N18 2nd,PROD696,USA
632,Accepted-In Progress,Value 315,,,,In Progress,Org line A2,A2_2,,M16 3rd,,
632,Queued-Awaiting Assignment,,19.04273826344056,,,Awaiting Assignment,Org line C,E_6,fr,,,
632,,,19.058411843105755,,Low,In Progress,,,,W12 2nd,,France
632,,,,,Low,Closed,,E_6,fr,W12 2nd,,France
633,,Value 77,,Accepted,,,,C_1,be,,,
633,Completed-Closed,,19.05922291032401,,,,,,,G56 3rd,PROD394,Belgium
634,Accepted-In Progress,,,Accepted,,In Progress,,,us,G199 3rd,,
634,,Value 43,,,,,,,us,G199 3rd,PROD97,POLAND
635,Accepted-In Progress,,19.02691476088141,Accepted,High,,,E_7,,,,
635,Accepted-In Progress,,19.068780892076248,Accepted,,In Progress,,,,,,Sweden
635,Accepted-Assigned,,19.068781028066255,Accepted,,Assigned,,E_7,se,G157 2nd,PROD677,
635,,,19.084504679824907,Accepted,High,,Org line C,,se,G136 2nd,PROD677,
635,,Value 177,19.084504870330008,,,Closed,Org line C,E_7,se,G136 2nd,,
636,,,,Accepted,High,In Progress,,A2_2,,,,POLAND
636,,Value 256,,,,,,A2_2,pl,,PROD229,POLAND
636,,Value 256,19.05505043008024,,High,,Org line A2,A2_2,pl,,,
636,Completed-Closed,Value 256,,,,,Org line A2,,pl,L60 2nd,,POLAND
637,,Value 256,19.02718825842962,,,,,,,L60 2nd,,
637,Accepted-Wait,,,Accepted,High,Wait,,,,L60 2nd,,
637,Accepted-In Progress,Value 256,,Accepted,,In Progress,,,pl,,,POLAND
637,,Value 256,,Completed,High,Closed,Org line A2,,pl,L60 2nd,,
638,,Value 20,19.027188967256752,Accepted,Medium,,Org line A2,,se,G357 2nd,,Sweden
638,Queued-Awaiting Assignment,,19.055056066830407,,,,Org line A2,,se,G357 2nd,PROD233,
638,,,19.05507800372029,,Medium,,,,se,G357 2nd,,
638,,Value 40,19.055078046140686,Accepted,,,,A2_2,se,G357 2nd,PROD233,
638,,,19.09420365700908,Completed,Medium,,Org line A2,A2_2,,,,POLAND
639,,,19.027189294407563,,,,Org line A2,,,,PROD229,POLAND
639,Completed-Closed,,,Completed,High,,Org line A2,A2_2,,,PROD229,POLAND
640,,,,,,,,,pl,W11 2nd,PROD555,POLAND
640,Accepted-In Progress,,,,Low,In Progress,,A2_4,,,PROD555,
640,,Value 256,,,,Closed,,,,,PROD555,
641,,Value 256,,Accepted,,Wait,,A2_4,,W11 2nd,PROD370,POLAND
641,Completed-Closed,Value 256,19.072309755427103,,Medium,Closed,,A2_4,pl,,PROD370,
642,Accepted-In Progress,,,,Low,,Org line G1,,se,G358 2nd,,Sweden
642,Accepted-Wait,Value 251,19.027260834267253,,,Wait,Org line G1,E_6,,,,Sweden
642,Completed-Closed,Value 251,,Completed,Low,,Org line G1,,se,G358 2nd,PROD380,Sweden
643,Accepted-Wait,,,Accepted,Medium,Wait,,A2_3,pl,,PROD791,
643,Completed-Closed,,,,Medium,,,A2_3,pl,,,
644,,,19.028136367086635,Accepted,,,,E_10,se,G271 2nd,PROD802,Sweden
644,Queued-Awaiting Assignment,,,Queued,High,Awaiting Assignment,,E_10,se,G271 2nd,,Sweden
644,Accepted-In Progress,,,,,In Progress,,E_10,se,,PROD802,Sweden
644,,Value 44,19.028599573350583,,High,,,C_6,,G273 3rd,PROD802,
644,Accepted-In Progress,Value 128,,,High,,Org line C,C_6,se,R4 3rd,,Sweden
644,Accepted-Wait,Value 128,,Accepted,High,Wait,Org line C,C_6,,,,
644,,Value 128,,,High,In Progress,,,se,,,Sweden
644,Queued-Awaiting Assignment,,19.028661386578346,,,,Org line C,,,,,
644,Accepted-In Progress,,19.029110510739635,,High,,Org line C,,,,,Sweden
644,Accepted-Assigned,Value 39,19.029608649611678,,High,Assigned,,,,,PROD802,
644,Accepted-In Progress,Value 76,19.029609035804533,,High,In Progress,,,,,PROD802,
644,Completed-Closed,Value 76,19.037032276098053,Completed,,Closed,,E_10,,R6 2nd,,
644,Accepted-In Progress,Value 317,19.0427065303989,,,In Progress,Org line C,,,,,
644,Queued-Awaiting Assignment,Value 229,19.042707110202972,,,,Org line C,E_10,,,,
644,,,,Accepted,High,,,,se,,,
644,,Value 318,19.042707867168897,,,Assigned,,,,G271 2nd,,
644,,Value 44,,,High,,Org line C,,,,PROD802,
644,Accepted-In Progress,,19.063987495257535,,High,In Progress,Org line C,C_6,se,G273 3rd,,Sweden
644,,Value 76,19.063987694967157,,,Closed,,C_6,,,PROD802,Sweden
645,Accepted-In Progress,,19.02856445358991,Accepted,,,Org line C,,us,G88 2nd,,INDIA
645,Accepted-Wait,,,Accepted,,Wait,,E_4,,,,INDIA
645,,Value 319,,Accepted,,Assigned,Org line C,,us,,,
645,Accepted-Assigned,,19.029193552932856,Accepted,Medium,Assigned,Org line C,,,G88 2nd,,INDIA
645,,,19.117716130632285,,,,,E_4,us,G88 2nd,PROD348,
645,,Value 319,,,Medium,Closed,Org line C,,us,,PROD348,
646,,Value 2,19.02859589263973,,,,,,,T3 2nd,PROD61,
646,Completed-Closed,,19.05787878214997,,Medium,,Org line V2,,se,,PROD61,
647,Accepted-In Progress,Value 43,19.028641797104356,,,In Progress,,,us,,,POLAND
647,Completed-Closed,Value 43,,Completed,,,Org line G3,,,,,
648,,Value 267,,,High,,,E_8,in,,,INDIA
648,,,,,High,,Org line C,E_8,in,G119 2nd,PROD597,
649,Accepted-In Progress,Value 320,,Accepted,High,,,C_5,se,,PROD597,
649,,,19.068284075604943,Completed,High,Closed,Org line C,,,G120 3rd,PROD597,Sweden
650,,Value 320,,Accepted,,,,,se,G120 3rd,,Sweden
650,,Value 320,,,,Closed,,C_5,se,G120 3rd,PROD597,Sweden
651,Accepted-In Progress,,,Accepted,,,,C_5,se,G120 3rd,,
651,,,,Completed,,,Org line C,,,,,Sweden
652,Accepted-In Progress,,19.029145535142494,Accepted,Medium,In Progress,,E_4,,G88 2nd,,INDIA
652,Accepted-Wait,,,,,Wait,Org line C,E_4,us,G88 2nd,PROD348,INDIA
652,,,,,,Closed,,E_4,,,,INDIA
653,,,19.029167471026128,Accepted,Medium,In Progress,Org line A2,,,,,France
653,Queued-Awaiting Assignment,Value 300,19.029167476467865,Queued,Medium,,Org line A2,D_1,fr,V21 2nd,,France
653,Accepted-In Progress,,19.02916799343277,,,,Org line A2,D_1,fr,V44 3rd,,France
653,Queued-Awaiting Assignment,Value 300,,,,Awaiting Assignment,Org line A2,D_1,fr,V21 2nd,,
653,,Value 300,19.02916828728639,Accepted,,In Progress,Org line A2,D_1,,,PROD603,
653,,Value 300,,,,,,,fr,V21 2nd,,France
653,Completed-Closed,Value 300,,,,,,D_1,fr,,,France
654,Accepted-In Progress,Value 300,,Accepted,Medium,,Org line A2,,,V21 2nd,PROD596,France
654,Completed-Closed,Value 300,,,Medium,,,D_1,fr,,PROD596,
655,,Value 13,19.029279842029187,,,In Progress,,,,,PROD671,Sweden
655,Queued-Awaiting Assignment,Value 13,,Queued,High,,,,in,,PROD671,Sweden
655,Accepted-In Progress,,,Accepted,,In Progress,,,,G157 2nd,,
655,,Value 83,19.03046781534214,,High,Awaiting Assignment,,,,G163 3rd,,
655,,,19.03046891857868,,,In Progress,Org line C,E_7,,G162 2nd,PROD671,
655,,Value 13,,Queued,,Awaiting Assignment,,,in,G163 3rd,PROD671,Sweden
655,Accepted-In Progress,,19.055674214352795,,High,In Progress,,,,G162 2nd,PROD671,
655,,,,Completed,High,,,,,G162 2nd,,Sweden
656,,Value 17,19.02958765898971,,Medium,Assigned,,D_1,in,,PROD611,Sweden
656,Accepted-In Progress,,,,Medium,In Progress,Org line A2,,in,L50 3rd,PROD611,Sweden
656,Completed-Closed,,19.077760696693407,Completed,Medium,,Org line A2,D_1,,L50 3rd,,Sweden
657,Accepted-In Progress,,19.029552693585952,,,In Progress,Org line C,,in,,,Sweden
657,Accepted-Wait,,,,,,Org line C,,in,G186 2nd,,
657,Completed-Closed,Value 20,19.062008402217455,,,Closed,Org line C,E_8,,,PROD476,
658,Accepted-In Progress,Value 160,19.02959976713483,,,,Org line A2,,pl,,PROD791,POLAND
658,Accepted-Assigned,,19.043621558109567,,,Assigned,Org line A2,A2_3,pl,N26 2nd,PROD791,POLAND
658,Accepted-Wait,Value 160,,,Medium,Wait,,,,N26 2nd,,
658,Accepted-Assigned,,19.05966314820592,Accepted,Medium,,Org line A2,A2_3,,N26 2nd,PROD791,POLAND
658,,Value 323,,,Medium,,Org line A2,,pl,,PROD791,
658,Accepted-Wait,,19.06833747678568,,Medium,,Org line A2,,,N26 2nd,,POLAND
658,Completed-Closed,,19.100305193128108,Completed,,,Org line A2,,pl,N26 2nd,PROD791,POLAND
659,,,,Accepted,,In Progress,,A2_1,,,PROD236,
659,,Value 28,,Completed,,Closed,,,gb,,,United Kingdom
660,,Value 324,19.030071212622246,,,In Progress,,E_2,se,G57 2nd,,
660,Accepted-Wait,,,Accepted,,Wait,,,,G57 2nd,,Sweden
660,Completed-Closed,,19.057900889860782,,,Closed,,E_2,se,,PROD329,
661,,,,,Medium,In Progress,,E_5,in,G92,,INDIA
661,,,19.030408005056813,,,,Org line C,E_5,in,G92,PROD423,
661,Queued-Awaiting Assignment,,19.031354804945703,,,,Org line C,V3_2,,,PROD423,
661,Queued-Awaiting Assignment,Value 217,,,Medium,,Org line C,,,G92,,INDIA
661,,Value 303,19.055621616528907,,Medium,In Progress,,,,,,INDIA
661,Accepted-Wait,,19.05562163772758,Accepted,Medium,,Org line C,,in,G92,,INDIA
661,,,19.08003644953659,Completed,Medium,,Org line C,,in,G92,,INDIA
662,Accepted-In Progress,,,,,In Progress,Org line C,,se,,PROD802,
662,Accepted-Wait,,19.08315728746145,Accepted,,Wait,Org line C,C_6,,G268 3rd,PROD802,
662,,,,,High,Closed,,,,G268 3rd,PROD802,Sweden
663,Accepted-In Progress,Value 254,19.031745009948015,,High,In Progress,,,,G119 2nd,,
663,,,19.031746144342748,,High,Awaiting Assignment,Org line C,E_8,,G119 2nd,PROD597,INDIA
663,Accepted-In Progress,Value 325,,,High,,,E_8,in,,,INDIA
663,Accepted-In Progress,,,,High,,,,,,,
663,,Value 254,,,High,Closed,Org line C,,in,,PROD597,INDIA
664,Accepted-In Progress,Value 254,,,Medium,,Org line C,,,G119 2nd,,INDIA
664,Queued-Awaiting Assignment,,19.0319074324046,Queued,,,,E_8,,,PROD597,
664,Accepted-In Progress,Value 325,,Accepted,Medium,In Progress,Org line C,E_8,,,,
664,Completed-Closed,,19.055648511983485,Completed,Medium,Closed,,,,G119 2nd,PROD597,INDIA
665,,Value 65,19.031953271935247,Accepted,High,,Org line C,,,L1 2nd,PROD153,Sweden
665,Accepted-In Progress,,,Accepted,,In Progress,Org line C,E_1,se,,PROD153,
665,,Value 326,19.08714172943125,Accepted,High,,,,se,,,Sweden
665,,Value 77,19.087142515120714,,High,,Org line C,,,,,Sweden
665,Accepted-In Progress,Value 77,19.087169346302325,,,In Progress,,,,G99 2nd,PROD153,
665,Completed-Closed,Value 77,,Completed,,Closed,,E_1,,,PROD153,Sweden
666,Accepted-In Progress,Value 149,,,,,,,se,,,
666,,,19.032004600815913,Accepted,High,,Org line C,E_6,se,V29 2nd,PROD412,
666,Queued-Awaiting Assignment,Value 129,,Queued,High,,,,se,S30 2nd,,
666,,,19.045422400146123,,High,In Progress,,,se,,,
666,,Value 48,19.08363225961679,,,,,,se,S30 2nd,,
667,,Value 76,,Accepted,Major,,,,se,S33 2nd,,
667,,,19.043610278294903,,Major,,Org line G4,,,S33 2nd,,Sweden
667,Completed-Closed,,,Completed,Major,,Org line G4,,se,,,
668,,Value 211,,,Low,In Progress,Org line G4,,se,,,
668,,Value 211,,,,,Org line G4,,,S33 2nd,,
669,Accepted-Wait,Value 30,,Accepted,High,Wait,,,,,PROD236,
669,Completed-Closed,,19.07462526399608,,High,Closed,Org line A2,,,,,United Kingdom
670,Accepted-In Progress,Value 254,19.032533635604302,Accepted,High,,,,in,G119 2nd,PROD597,INDIA
670,,Value 254,19.03253386881264,Queued,High,,Org line C,E_8,in,G119 2nd,,
670,,Value 327,19.03521982812506,,,In Progress,,,,,,INDIA
670,Completed-Closed,,19.117799706533212,Completed,,Closed,,,,G119 2nd,PROD597,
671,,,19.032604631472037,Queued,,Awaiting Assignment,Org line A2,D_1,kr,V17 3rd,,
671,Queued-Awaiting Assignment,,19.03385449027265,,,,Org line A2,D_1,kr,,PROD594,
671,,,19.035254866374657,,Medium,,Org line A2,D_1,,V14 3rd,,
671,,Value 328,,,Medium,Wait,Org line A2,,,,PROD594,POLAND
671,,Value 329,19.064660915345723,,Medium,,,,,V12 3rd,,
671,Completed-Closed,Value 329,,Completed,,,,D_1,kr,V12 3rd,,
672,,Value 20,,Accepted,,,Org line C,E_3,,,,
672,Accepted-Wait,,,,High,,Org line C,,us,G67 2nd,,
672,Accepted-In Progress,,19.059730760849323,Accepted,,,Org line C,E_3,,,,Sweden
672,Completed-Closed,,,Completed,,Closed,Org line C,,us,,,
673,Accepted-In Progress,Value 254,19.032990890611877,Accepted,Low,In Progress,Org line C,,in,G119 2nd,,
673,,Value 254,,,Low,,Org line C,,in,G119 2nd,PROD597,
673,Accepted-In Progress,Value 325,19.048305911905512,Accepted,Low,,Org line C,E_8,,G119 2nd,PROD597,
673,Completed-Closed,Value 325,19.055631171785073,,,,,,in,,PROD597,
674,Accepted-In Progress,Value 330,,Accepted,,In Progress,Org line C,C_2,be,,,
674,,,,Accepted,,Assigned,,,,G58 3rd,,
674,,Value 330,19.064220324333082,,Medium,,,,be,G58 3rd,PROD330,
674,Completed-Closed,Value 330,,,Medium,,Org line C,C_2,,G58 3rd,,Belgium
675,,Value 309,19.033757669376012,Accepted,,In Progress,,C_1,,,,Sweden
675,,,19.051966611120488,Accepted,Low,Wait,Org line C,C_1,,,,
675,Completed-Closed,Value 309,19.055102856463215,Completed,Low,Closed,Org line C,C_1,,,,Sweden
676,,,19.033825929759992,,,In Progress,Org line A2,D_1,fr,V21 2nd,PROD596,
676,,Value 300,,,Medium,,Org line A2,,,V21 2nd,PROD596,
677,,,19.03382645515513,,Low,In Progress,Org line A2,D_1,,,,
677,Completed-Closed,,,Completed,,Closed,,,fr,V21 2nd,,France
678,Accepted-In Progress,Value 76,19.03381249146682,Accepted,,In Progress,,,se,,,Sweden
678,Accepted-Wait,,,,,Wait,Org line G4,,se,S33 2nd,,Sweden
678,,Value 76,19.065275323622487,,,Closed,,,se,,,Sweden
679,Accepted-In Progress,,19.03383308485975,,Major,,,,se,G358 2nd,,Sweden
679,,,,,,In Progress,Org line G1,,,,PROD152,
679,Accepted-Wait,,,Accepted,Major,,Org line G1,,se,G358 2nd,PROD152,
679,,,,Completed,,Closed,Org line G1,E_6,,,PROD152,Sweden
680,,,19.033870343632053,Accepted,,,,A2_1,se,N15 2nd,PROD180,Sweden
680,,,19.061585521969338,Completed,,Closed,Org line A2,,,,PROD180,
681,Accepted-In Progress,Value 331,,Accepted,High,,,,,,PROD671,France
681,Accepted-Wait,Value 331,19.033819527500157,,,Wait,Org line C,,,,,France
681,Accepted-In Progress,Value 331,,Accepted,High,,,,in,,,France
681,Completed-Closed,,,Completed,,Closed,,,,G165 2nd,,
682,Accepted-In Progress,,,,,,,E_10,,,PROD802,
682,,Value 229,19.034462592784546,,High,Awaiting Assignment,,,,,,
682,Accepted-In Progress,Value 332,19.035153107100165,Accepted,,,,,,G271 2nd,,Sweden
682,,,19.035154140268734,Queued,High,Awaiting Assignment,Org line C,C_6,se,G273 3rd,,
682,Accepted-In Progress,,19.064667774406523,Accepted,High,,Org line C,,,G273 3rd,,Sweden
682,,,19.06466804750751,Accepted,,Wait,Org line C,C_6,se,G273 3rd,PROD802,
682,,,19.067905622591933,,,,Org line C,,,,,
683,Accepted-In Progress,,,,,,,,se,S33 2nd,PROD374,Sweden
683,,Value 133,19.038577019459545,Accepted,Medium,Wait,,,se,S33 2nd,,Sweden
683,Accepted-In Progress,,19.041918056295536,Accepted,Medium,In Progress,Org line G4,,,,,Sweden
683,,Value 133,,Completed,Medium,,Org line G4,,se,S33 2nd,,Sweden
684,Accepted-In Progress,Value 334,,Accepted,,,Org line C,C_6,,,PROD671,
684,,,,Accepted,,,Org line C,,in,G239 3rd,,
684,,,,,Medium,Wait,Org line C,,,G239 3rd,PROD671,INDIA
684,,Value 335,19.07722958632621,Queued,,,Org line C,C_6,in,G239 3rd,PROD671,France
684,Accepted-In Progress,Value 336,19.07724415995207,,,In Progress,Org line C,,,G239 3rd,PROD671,Belgium
684,,,,Queued,Medium,Awaiting Assignment,Org line C,,in,,,
684,Accepted-In Progress,Value 334,19.079992312041902,Accepted,Medium,,,E_7,,G165 2nd,,
684,,,,Completed,,,,E_7,in,G165 2nd,PROD671,
685,,,19.035316318271192,,,In Progress,,E_4,,G88 2nd,PROD436,USA
685,,Value 310,,,Medium,,,,us,G88 2nd,PROD436,
686,Accepted-In Progress,,19.035481919956947,Accepted,,,,E_8,,,PROD474,
686,Queued-Awaiting Assignment,,19.03548480214176,Queued,Medium,Awaiting Assignment,Org line C,,in,G181 2nd,,
686,,,19.039028734291644,Accepted,Medium,,Org line C,E_8,in,G186 2nd,PROD474,INDIA
686,Accepted-Wait,Value 338,,,,,Org line C,,,G186 2nd,PROD474,INDIA
686,,Value 338,19.087944058911738,,Medium,,,,in,,,INDIA
687,,Value 339,,Accepted,Medium,In Progress,Org line C,,us,G88 2nd,,
687,Completed-Closed,Value 339,,,Medium,Closed,Org line C,,,,,INDIA
688,Accepted-In Progress,Value 207,,Accepted,,,,,se,G99 2nd,,Sweden
688,Queued-Awaiting Assignment,Value 207,19.03594785539931,,Medium,Awaiting Assignment,,,,G99 2nd,,
688,Accepted-In Progress,Value 340,,,Medium,,Org line C,,,G99 2nd,,
688,,Value 340,19.08711993528909,Completed,,,,,,G99 2nd,PROD153,
689,,Value 207,19.035948049978035,Accepted,Medium,,Org line C,E_1,se,,PROD153,Sweden
689,Queued-Awaiting Assignment,,,,,,,E_1,se,G99 2nd,,
689,Accepted-In Progress,Value 207,19.087537376903533,,Medium,In Progress,,C_1,se,,PROD153,Sweden
689,Completed-Closed,,,Completed,,Closed,Org line C,,,G100 3rd,,Sweden
690,,Value 341,,,Medium,In Progress,,,,G88 2nd,PROD794,Sweden
690,,,,,,,Org line C,E_4,us,,PROD794,Sweden
691,Accepted-In Progress,,,,Medium,In Progress,Org line A2,A2_3,,N26 2nd,PROD791,POLAND
691,Completed-Closed,Value 342,,,Medium,,,A2_3,,N26 2nd,PROD791,
692,,Value 108,,,High,,,C_6,se,G290 3rd,,
692,Accepted-Wait,Value 108,,,High,Wait,,,,,,
692,,Value 108,,,,,,C_6,se,,,
693,Accepted-In Progress,Value 219,,,,,Org line C,C_1,us,,PROD398,
693,,,,,Low,Closed,,,us,,PROD398,France
694,,,19.036652695439585,Accepted,,In Progress,Org line C,E_4,in,G88 2nd,PROD565,
694,,,19.036653845885308,,Medium,,Org line C,E_4,,G88 2nd,PROD565,
694,,,,Queued,Medium,Awaiting Assignment,,,,,,
694,,Value 307,,,,,,E_4,,G87 2nd,PROD565,INDIA
694,,,,,,In Progress,,E_4,,G87 2nd,PROD565,
694,Accepted-Wait,,19.073572264386122,Accepted,Medium,,,,in,,PROD565,INDIA
694,,Value 343,19.08758446260156,,,In Progress,Org line C,,in,G87 2nd,,Sweden
694,,,19.08758450366519,,,Closed,Org line C,,in,,PROD565,Sweden
695,Accepted-In Progress,,,Accepted,Medium,In Progress,,,us,,PROD348,
695,Accepted-In Progress,Value 150,,,Medium,In Progress,Org line C,E_4,,G88 2nd,,
695,,,,Accepted,,Wait,Org line C,,us,,,
695,,Value 150,,,,,Org line C,E_4,,G88 2nd,PROD348,USA
695,,Value 321,19.036676125383032,Accepted,Medium,,Org line C,E_4,,,PROD348,INDIA
695,Accepted-Assigned,Value 319,19.036676190195394,Accepted,Medium,,,E_4,,,PROD348,
695,Completed-Closed,,,,Medium,,Org line C,E_4,us,,,INDIA
696,Accepted-In Progress,Value 104,,,Medium,,,,in,G186 2nd,PROD473,Sweden
696,Completed-Closed,Value 104,,,Medium,Closed,,E_8,,,,
696,,Value 104,19.074706046474677,,,,,E_8,,G186 2nd,,Sweden
696,Completed-Closed,Value 104,,,,Closed,Org line C,E_8,in,,PROD473,Sweden
697,,Value 4,19.03710807668674,Accepted,Low,,Org line A2,A2_2,se,,,Sweden
697,,,,Accepted,Low,Assigned,,A2_2,se,,PROD681,
697,,,,,,,,A2_2,,,PROD681,
697,Completed-Closed,,,Completed,,Closed,,A2_2,se,G167 2nd,PROD681,Sweden
698,,Value 285,,,Medium,,Org line C,,se,G138 2nd,,Sweden
698,Queued-Awaiting Assignment,Value 285,19.037086940561824,,,,Org line C,E_10,se,G138 2nd,PROD659,
698,Accepted-In Progress,,,Accepted,Medium,,,,se,,PROD659,Sweden
698,,,,Queued,Medium,,,E_10,se,G138 2nd,,Sweden
698,Accepted-In Progress,,,,Medium,,Org line C,,se,,PROD659,
698,Completed-Closed,,,Completed,Medium,,Org line C,C_6,,,,
699,Accepted-In Progress,,19.03712340347209,,,,,,se,,PROD208,Sweden
699,Queued-Awaiting Assignment,Value 200,19.039860380190447,Queued,,,,,se,G237 3rd,PROD208,
699,Accepted-In Progress,Value 344,19.03986080551524,,,,Org line C,,se,G236 2nd,PROD208,Sweden
699,,,19.03995914759528,Queued,Medium,,,C_6,se,G237 3rd,,
699,Accepted-In Progress,,,Accepted,Medium,In Progress,,E_10,,,,
699,,,19.03995961594467,,Medium,Assigned,,,,G237 3rd,PROD208,
699,Accepted-In Progress,,19.039959642861294,Accepted,Medium,,,C_6,,,PROD208,Sweden
699,,,19.05558716809207,Completed,Medium,,Org line C,,se,,PROD208,
700,,,,Accepted,,In Progress,,C_6,se,G268 3rd,,
700,Completed-Closed,,,,High,Closed,,,,G268 3rd,,
701,Accepted-In Progress,,19.03717561211456,Accepted,Medium,In Progress,,,se,S33 2nd,PROD374,Sweden
701,Accepted-Wait,Value 133,19.041680792500557,,,Wait,Org line G4,,se,,PROD374,Sweden
701,Completed-Closed,,,Completed,,Closed,,,se,S33 2nd,,
702,,,,Accepted,Medium,In Progress,Org line C,,,,PROD793,
702,,,,,Medium,Closed,,E_4,us,G88 2nd,PROD793,USA
702,,Value 150,19.071308526676123,,,In Progress,Org line C,E_4,us,G88 2nd,PROD793,
702,,,,Accepted,,,Org line C,E_4,,,PROD793,
702,Queued-Awaiting Assignment,,19.084040233777795,,Medium,Awaiting Assignment,Org line C,,us,G88 2nd,,
702,,Value 294,,Accepted,Medium,,,E_4,us,G88 2nd,PROD793,Sweden
702,Completed-Closed,,,Completed,,,Org line C,,us,,,
703,Accepted-In Progress,Value 346,19.03846188208918,,Major,,Org line A2,,se,G350 2nd,,
703,Accepted-Wait,,19.03923647627209,Accepted,,Wait,,,,,,
703,Completed-Closed,,,,Major,Closed,Org line A2,A2_5,se,G350 2nd,,
704,Accepted-In Progress,Value 123,,Accepted,Low,In Progress,Org line C,,,G269 3rd,PROD209,
704,,Value 123,19.038530991979083,,Low,,,C_6,se,,,Sweden
704,Queued-Awaiting Assignment,,19.039430995229882,Queued,Low,Awaiting Assignment,,,se,,,Sweden
704,,Value 347,19.049226457393683,Accepted,,Assigned,,C_6,,,PROD209,
704,Accepted-In Progress,,19.07366566023886,,Low,In Progress,,C_6,,G269 3rd,PROD209,
704,,,19.07366597773761,Accepted,Low,,Org line C,,,,PROD209,
704,Completed-Closed,,19.07366610265512,Completed,Low,Closed,Org line C,,,,,
705,,,19.038810003095687,,,,,,in,G93 2nd,PROD325,INDIA
705,Completed-Closed,,,,Medium,Closed,,E_4,in,G93 2nd,PROD325,INDIA
705,,,19.061975152593757,Accepted,,In Progress,Org line C,,,G93 2nd,,INDIA
705,,,19.061975763461557,,Medium,Closed,Org line C,E_4,,,PROD325,INDIA
705,Accepted-In Progress,,,Accepted,,,Org line C,,,G93 2nd,PROD325,
705,,Value 349,19.07413213933018,Completed,Medium,Closed,,,in,G93 2nd,,
706,Accepted-In Progress,,,,,In Progress,,A2_1,,T17 2nd,,Sweden
706,Queued-Awaiting Assignment,Value 151,19.039361322674036,Queued,High,Awaiting Assignment,,A2_1,,T17 2nd,PROD350,Sweden
706,Accepted-In Progress,Value 151,19.04501124107476,Accepted,High,,Org line A2,,se,J2 2nd,,
706,Accepted-Wait,,,,,,Org line A2,,se,,,
706,Completed-Closed,Value 151,19.062510156141066,,High,Closed,Org line A2,A2_1,se,J2 2nd,PROD350,Sweden
707,,,19.039297635503072,Accepted,,In Progress,,,,N19 2nd,,Sweden
707,Queued-Awaiting Assignment,,19.039361538135886,,Medium,Awaiting Assignment,Org line A2,,,N19 2nd,,
707,,,19.03936673613893,,,In Progress,,,cn,N19 2nd,,Sweden
707,Queued-Awaiting Assignment,Value 350,19.03936698391871,,Medium,Awaiting Assignment,,A2_1,,D1,PROD38,China
707,Accepted-In Progress,,19.05587913664438,,,In Progress,,,,,,THAILAND
707,,,,Completed,,,Org line B,,cn,,PROD38,THAILAND
708,,,,Accepted,,In Progress,,A2_1,,T17 2nd,,Sweden
708,,,,,,Awaiting Assignment,,A2_1,,T17 2nd,,Sweden
708,,Value 151,19.0450507690427,Accepted,,In Progress,,A2_1,,,PROD350,Sweden
708,,,19.045050801178625,,,,,,,,PROD350,
708,,,,,Medium,Closed,Org line A2,,,J2 2nd,,
709,,Value 352,19.03936858371278,Accepted,Medium,,Org line C,,,T8 2nd,,France
709,Queued-Awaiting Assignment,Value 352,,,Medium,,Org line C,,fr,T8 2nd,PROD637,France
709,Accepted-Assigned,Value 352,,Accepted,Medium,,,E_6,,T8 2nd,,
709,Accepted-In Progress,,,Accepted,Medium,,,A2_4,,,PROD637,
709,Completed-Closed,Value 353,,,Medium,,Org line A2,A2_4,,W6 2nd,PROD637,France
710,Accepted-In Progress,,19.039376410277843,Accepted,Medium,In Progress,,D_1,in,,,
710,Accepted-Assigned,,19.04168932110909,Accepted,,,,D_1,,,,
710,Accepted-Wait,,19.061111249177507,Accepted,,Wait,,D_1,,,,Sweden
710,,,,Completed,,Closed,Org line A2,,,,,
711,,Value 321,,Accepted,,In Progress,,E_4,,,PROD701,
711,,,19.03939223558839,Accepted,,,,E_4,,G88 2nd,,
711,,,,,Medium,,,,,,,
712,,Value 13,,Accepted,Medium,,,,,U5 2nd,PROD372,Sweden
712,,,,,,In Progress,Org line A2,A2_3,se,U5 2nd,PROD372,Sweden
712,Completed-Closed,,19.07064435199388,Completed,Medium,Closed,Org line A2,,se,U5 2nd,PROD372,Sweden
713,,Value 354,,Accepted,Medium,,Org line A2,A2_2,,,,
713,,Value 354,19.039524160884998,Accepted,,Wait,Org line A2,A2_2,in,,PROD363,POLAND
713,Accepted-In Progress,,,Accepted,Medium,In Progress,,A2_2,,,,POLAND
713,Accepted-Wait,,19.03984679662121,Accepted,,,,,,,,
713,,Value 354,19.039946259826046,,Medium,In Progress,,,in,G34 3rd,PROD363,
713,Accepted-Wait,,19.03994910225559,,Medium,,,A2_2,,G34 3rd,PROD363,
713,Accepted-In Progress,,,,Medium,,,A2_2,,,,
713,,,,Accepted,,Wait,Org line A2,,,,PROD363,
713,,,,Accepted,,,,,in,,PROD363,
713,Accepted-Wait,Value 354,,,Medium,,,,,,PROD363,
713,,Value 354,,Accepted,Medium,In Progress,,A2_2,,G34 3rd,PROD363,POLAND
713,,Value 354,,,,Wait,Org line A2,,,G34 3rd,PROD363,
713,,,,,Medium,In Progress,Org line A2,A2_2,in,G34 3rd,,POLAND
713,,,19.049685474261643,Accepted,Medium,,,,,,PROD363,POLAND
713,,Value 354,,Accepted,,,Org line A2,,in,G34 3rd,,
713,,,,Accepted,Medium,Wait,,,,G34 3rd,PROD363,
713,Accepted-In Progress,,,,Medium,In Progress,,,in,G34 3rd,,POLAND
713,Accepted-Wait,,,Accepted,Medium,,Org line A2,A2_2,in,G34 3rd,PROD363,POLAND
713,,Value 354,,Accepted,,,,A2_2,,,PROD363,
713,,,19.05560958620966,,Medium,In Progress,Org line A2,,in,G34 3rd,,
713,,Value 248,,Queued,,Awaiting Assignment,Org line A2,,,G115 3rd,,France
713,Accepted-In Progress,Value 354,,Accepted,Medium,In Progress,Org line A2,A2_2,,,,
713,Queued-Awaiting Assignment,,,Queued,Medium,,,,,,PROD363,Sweden
713,,,19.055616661326834,Accepted,,In Progress,,E_10,in,,,
713,,,,Accepted,Medium,Wait,,E_10,in,G263 2nd,,
713,,,19.055997695054778,Queued,Medium,Awaiting Assignment,,E_5,in,G92,,INDIA
713,,Value 292,19.081830446867624,Accepted,Medium,In Progress,Org line C,,,G92,,INDIA
713,Accepted-Wait,Value 292,,,,,,,,,PROD363,
713,Queued-Awaiting Assignment,,,Queued,,Awaiting Assignment,Org line C,E_4,,,PROD363,USA
713,Queued-Awaiting Assignment,,,Queued,,,Org line C,,,,,INDIA
713,Accepted-In Progress,,19.089331035891753,Accepted,Medium,In Progress,,,in,,,INDIA
713,Queued-Awaiting Assignment,,19.093302649869422,,Medium,Awaiting Assignment,Org line C,,in,,,Sweden
713,Accepted-In Progress,Value 356,19.093320619789303,,,,Org line C,,,,PROD363,
713,Accepted-In Progress,,19.09333854345474,,,,,E_10,in,,PROD363,
713,Completed-Closed,Value 355,19.09333917118549,Completed,,Closed,,,in,,,Sweden
714,Accepted-In Progress,Value 29,19.039967125654908,Accepted,High,In Progress,Org line A2,A2_1,,G42 3rd,PROD236,United Kingdom
714,,,,,High,Assigned,,A2_1,gb,,PROD236,
714,,Value 29,,Accepted,High,,,,,,,United Kingdom
714,,,19.115114286793474,,High,In Progress,Org line A2,,gb,G42 3rd,PROD236,United Kingdom
714,Completed-Closed,Value 143,,,High,Closed,Org line A2,,gb,,PROD236,United Kingdom
715,,,19.03985989025913,,High,,Org line A2,D_1,pl,,,
715,,Value 155,,Completed,High,,Org line A2,D_1,pl,,PROD69,
716,,,,,High,In Progress,,,pl,,PROD739,
716,,Value 50,,Accepted,High,Assigned,Org line A2,D_1,,,,POLAND
716,,Value 357,19.07557524106705,Accepted,,In Progress,,D_1,pl,W12 2nd,PROD739,
716,Accepted-Wait,Value 357,,Accepted,High,Wait,Org line A2,,,,,POLAND
716,,Value 50,,Accepted,High,In Progress,Org line A2,D_1,,W12 2nd,,POLAND
716,,,19.07873123825807,Accepted,,,Org line A2,D_1,pl,,,
716,,,,Accepted,,,,D_1,,,PROD739,
716,Completed-Closed,,,,,,Org line A2,D_1,pl,W12 2nd,,POLAND
717,Accepted-In Progress,Value 86,,,Low,In Progress,,,fr,,,Sweden
717,Queued-Awaiting Assignment,,19.04000025383969,Queued,Low,,Org line C,,fr,G276 2nd,,Sweden
717,,,19.040003058434127,Accepted,,,Org line C,E_10,,,,Sweden
717,Accepted-Wait,Value 87,,Accepted,,,,E_10,fr,G276 2nd,,Sweden
717,,,19.041803743602948,,Low,Awaiting Assignment,,,,,PROD422,France
717,Accepted-In Progress,,,,,,,,fr,,PROD422,France
717,,Value 248,19.062375133195275,Completed,Low,Closed,Org line A2,,fr,,PROD422,France
717,,Value 248,,Accepted,Low,In Progress,,A2_2,,,PROD422,France
717,,Value 248,,,,,Org line A2,A2_2,fr,,PROD422,
718,,Value 119,,Accepted,Medium,,,A2_1,cn,,PROD38,Sweden
718,Queued-Awaiting Assignment,Value 119,19.040214790675144,Queued,,Awaiting Assignment,,,cn,,PROD38,Sweden
718,,,,Accepted,,In Progress,Org line A2,,,,,
718,,,19.04027626681777,,Medium,,,A2_1,,,,
718,,,19.055879576403484,Accepted,Medium,In Progress,,A2_1,,D1,PROD38,
718,Completed-Closed,Value 351,,,Medium,,,A2_1,,D1,PROD38,
719,,Value 13,,,Major,,,E_1,us,G13 2nd,PROD153,
719,Queued-Awaiting Assignment,,,,,Awaiting Assignment,Org line C,E_1,us,,,
719,,Value 13,,Accepted,,,Org line C,,us,,PROD153,Sweden
719,,Value 236,19.040380837003138,,Major,Assigned,Org line C,,us,G14 3rd,,
719,,Value 236,,,,,Org line C,C_1,us,,PROD153,
719,Accepted-In Progress,Value 358,19.055196609426865,Accepted,Major,In Progress,,C_1,us,,PROD153,
719,Accepted-Assigned,Value 236,,,Major,Assigned,Org line C,C_1,,G14 3rd,,
719,,,,Accepted,,,Org line C,,,,,
719,,,19.077367000435444,,,Closed,Org line C,E_1,,G13 2nd,PROD153,
720,,,19.040333256556806,Accepted,Low,In Progress,,,,,PROD350,
720,,Value 151,,,,Awaiting Assignment,Org line A2,,cn,T17 2nd,PROD350,Sweden
720,,,19.045050838670534,Accepted,Low,In Progress,Org line A2,,,,,
720,Accepted-Wait,,,,Low,Wait,,,cn,J2 2nd,PROD350,
720,Accepted-In Progress,,,,,,Org line B,A2_1,cn,D1,,
720,,Value 351,,Completed,,,Org line B,,,,,THAILAND
721,,Value 43,,,,,Org line G3,,us,G199 3rd,PROD97,
721,,Value 43,,Completed,,,Org line G3,,us,,,POLAND
722,,,19.040371635351708,,High,In Progress,Org line C,E_5,se,,PROD436,INDIA
722,,Value 217,19.04037346492657,,High,,Org line C,E_5,,,,
722,Accepted-In Progress,,,Accepted,High,,,,,,PROD436,
722,Queued-Awaiting Assignment,Value 150,19.042206888137887,,,,,E_4,,G88 2nd,,
722,Accepted-In Progress,,,,High,In Progress,Org line C,E_10,se,G271 2nd,,
722,,,,,,,,C_6,se,G273 3rd,,
722,Accepted-In Progress,Value 128,,Accepted,,,,C_6,se,,,Sweden
722,Accepted-Wait,,,,,,,C_6,se,,PROD436,Sweden
722,,,19.06746043629214,Queued,High,Awaiting Assignment,Org line C,C_6,se,G273 3rd,,Sweden
722,,Value 128,,,,In Progress,,C_6,,,,
722,,Value 44,,,,Awaiting Assignment,Org line C,,se,,,Sweden
722,Accepted-In Progress,,19.06746170371705,,,,Org line C,C_6,se,R4 3rd,,Sweden
722,,Value 44,19.06746186607302,,,Awaiting Assignment,Org line C,,se,,,Sweden
722,,,19.067466171115193,Accepted,High,In Progress,,C_6,se,G273 3rd,,
722,Accepted-Assigned,Value 128,,Accepted,High,,,,se,,,
722,,Value 361,19.07378273236962,Accepted,,In Progress,,C_6,se,,,
722,,Value 361,,,High,,Org line C,,,,,Sweden
722,Completed-Closed,Value 361,,,High,,Org line C,C_6,se,G273 3rd,PROD436,Sweden
723,,Value 362,19.04038289794621,,,Awaiting Assignment,Org line C,E_10,,G222 2nd,,INDIA
723,,Value 363,19.040391453774117,,Medium,In Progress,Org line C,,,G81,PROD13,
723,Queued-Awaiting Assignment,,19.040394876084783,Queued,,,Org line C,,,,PROD13,France
723,,Value 364,,Accepted,,,,,,G225 3rd,PROD13,
723,,,19.07694592363826,Accepted,,,Org line C,C_6,,,,Belgium
723,Accepted-Wait,,,Accepted,Medium,Wait,Org line C,,,,,
723,,Value 364,19.120304699847562,,Medium,,,,,,,Belgium
724,Accepted-Assigned,,,,Medium,,Org line A2,,,L50 3rd,PROD611,Sweden
724,Accepted-In Progress,Value 100,,,Medium,In Progress,,,,,,Sweden
724,Completed-Closed,,19.094266812349,Completed,,Closed,Org line A2,D_1,in,L50 3rd,,Sweden
725,,,,,,In Progress,Org line G4,,,,,
725,Accepted-Assigned,,19.06109772458607,,High,Assigned,Org line G4,,,,,Sweden
725,,Value 48,,,High,In Progress,,,,S30 2nd,PROD412,Sweden
725,,Value 48,19.0614667390794,,,,,,se,,,
726,Accepted-In Progress,,19.040424524858313,Accepted,Major,In Progress,,C_6,,,PROD659,
726,,Value 77,19.045018948615528,Accepted,,Wait,,,,,PROD659,Sweden
726,Completed-Closed,Value 77,19.068374623068816,,Major,,Org line C,,se,G290 3rd,PROD659,Sweden
727,Accepted-In Progress,Value 68,19.040427301359056,,,,,A2_4,se,,,Sweden
727,Completed-Closed,,,Completed,High,,Org line A2,,,,PROD591,
728,,Value 251,,Accepted,Medium,,Org line A2,A2_3,se,,,Sweden
728,Queued-Awaiting Assignment,,,Queued,,Awaiting Assignment,,A2_3,se,,,
728,,,,,,,Org line A2,A2_3,,V13 2nd,,Sweden
728,,,19.0427325192495,Queued,Medium,,Org line C,E_7,,,,INDIA
728,Accepted-In Progress,,,,,,Org line C,,,G157 2nd,PROD676,
728,,Value 13,,Accepted,Medium,In Progress,Org line C,,se,,,Sweden
728,Queued-Awaiting Assignment,Value 39,19.052761262823147,Queued,Medium,,,E_10,se,,PROD676,
728,Accepted-In Progress,,19.052840291502786,Accepted,,,,,,,,
728,Accepted-Wait,Value 39,,Accepted,,Wait,,,,,,
728,,,19.06114892837814,Completed,Medium,,,E_10,se,,,Sweden
729,,Value 274,,,,,,,us,,PROD793,INDIA
729,Completed-Closed,,19.051271230257882,,,,Org line C,,,,,INDIA
729,,Value 274,,,,In Progress,,,,G88 2nd,PROD793,
729,,Value 274,19.055719745670693,,,Closed,,E_4,,G88 2nd,,
730,Queued-Awaiting Assignment,Value 68,19.04178751040969,,Medium,,Org line C,,,G153 2nd,,Sweden
730,,Value 77,19.04265011600226,,Medium,,,,be,G134 2nd,PROD807,Sweden
730,,,,Queued,Medium,,,,be,,PROD807,
730,Accepted-In Progress,,19.04362986100169,,,,,E_7,,,PROD807,
730,Accepted-Assigned,,,Accepted,Medium,Assigned,Org line C,,,,,
730,,,,,Medium,In Progress,,,be,,,
730,,Value 44,,,,,Org line C,C_6,,G273 3rd,,
730,,Value 77,19.059173709606085,,Medium,In Progress,,E_7,be,G134 2nd,,Sweden
730,Queued-Awaiting Assignment,Value 365,,,,Awaiting Assignment,Org line C,C_6,,,,Belgium
730,,Value 366,,Accepted,Medium,,,,,G287 3rd,PROD807,
730,,Value 366,19.05921940926888,,,,,,be,,PROD807,
731,Accepted-In Progress,,,,,,Org line C,,in,,PROD476,France
731,,,19.06428565933581,,,,Org line C,E_8,in,G181 2nd,,France
732,,,,,High,In Progress,Org line A2,,,,PROD231,Sweden
732,Queued-Awaiting Assignment,,19.041774458107874,,,,,A2_3,se,,,
732,,,19.042146894949504,,High,In Progress,,,,,PROD231,
732,Completed-Closed,Value 291,19.04217039526183,Completed,,,Org line A2,A2_3,se,,,
732,Accepted-In Progress,,,,,In Progress,,,se,S30 2nd,PROD231,Sweden
732,Accepted-Assigned,Value 88,,,,,,,,,PROD231,
732,Accepted-Assigned,,19.068489511938054,,,Assigned,Org line G4,,,S30 2nd,,Sweden
732,,,19.068489611344333,,,,Org line G4,,se,,PROD231,Sweden
732,,Value 88,19.068490008969338,Completed,High,,,,,,,Sweden
733,,Value 237,19.04176212032878,,Low,,Org line C,C_6,se,G144 3rd,,
733,Queued-Awaiting Assignment,,,Queued,,Awaiting Assignment,,C_6,,G144 3rd,,
733,Queued-Awaiting Assignment,Value 113,,Queued,Low,Awaiting Assignment,Org line C,C_6,se,G141 3rd,,Sweden
733,,Value 113,19.0430616725868,,Low,In Progress,Org line C,,,G141 3rd,PROD667,Sweden
733,Queued-Awaiting Assignment,,19.043625242928726,,Low,Awaiting Assignment,Org line C,,se,,PROD667,Sweden
733,,,19.043625570109977,Accepted,Low,,Org line C,,,,PROD667,Sweden
733,,Value 237,19.090620012208802,,Low,Closed,Org line C,,se,G144 3rd,,
734,Accepted-In Progress,,,Accepted,Medium,,,,us,G14 3rd,,Sweden
734,,,19.055137512468036,,Medium,,Org line C,,,,,
734,Completed-Closed,,,Completed,Medium,Closed,,C_1,us,G14 3rd,PROD398,Sweden
735,,Value 368,19.04182684361134,,,In Progress,,V3_2,,G371,,Sweden
735,Accepted-In Progress,,19.06239221998492,Accepted,Low,In Progress,Org line C,,,,,
735,,,19.062394546629314,Completed,Low,Closed,,V3_2,se,,,Sweden
736,Accepted-In Progress,,,Accepted,,In Progress,,,,,,Sweden
736,,Value 211,19.07152437469748,,,Closed,,,se,S33 2nd,,Sweden
737,,Value 369,,Accepted,Medium,In Progress,Org line A2,A2_2,,G38 2nd,,Sweden
737,,,19.109542449969574,Completed,,Closed,Org line A2,,in,,,
738,,,19.04260713197991,Accepted,,In Progress,,A2_4,se,,,Sweden
738,,Value 8,,Completed,,,,A2_4,se,,,Sweden
739,Accepted-In Progress,,,,High,In Progress,Org line A2,,,T17 2nd,PROD350,Sweden
739,Queued-Awaiting Assignment,,,Queued,,,,,,T17 2nd,,Sweden
739,,,19.045050645854985,,High,In Progress,,A2_1,,J2 2nd,PROD350,Sweden
739,Accepted-Wait,,,Accepted,High,,,A2_1,se,,,Sweden
739,Accepted-In Progress,,,Accepted,High,In Progress,,A2_1,,J2 2nd,PROD350,
739,Completed-Closed,,19.062505829710034,Completed,High,,Org line A2,,,J2 2nd,PROD350,Sweden
740,,,19.042625064584573,,,,,,,,,
740,,,19.04262964969594,,,,,E_10,se,,,
740,Accepted-In Progress,Value 370,,,,In Progress,Org line C,,,G271 2nd,PROD802,Sweden
740,,Value 44,19.04308399224146,Queued,,Awaiting Assignment,Org line C,C_6,se,G273 3rd,,Sweden
740,,Value 44,,,,,,,se,,,Sweden
740,Accepted-Assigned,Value 371,,,Medium,Assigned,Org line C,,se,,,France
740,,Value 371,19.07052178977742,Completed,Medium,,Org line C,C_6,,,PROD802,France
741,Accepted-In Progress,Value 63,19.04307168134183,Accepted,,In Progress,Org line C,,,N12 2nd,PROD277,
741,Completed-Closed,,,,Low,Closed,,E_9,se,,,Sweden
742,Accepted-In Progress,Value 372,,Accepted,Medium,,,A2_4,in,G31 3rd,PROD194,INDIA
742,Accepted-Assigned,,19.042684610337155,Accepted,,Assigned,,A2_4,,,,
742,Accepted-In Progress,,19.058687375765462,Accepted,Medium,,Org line A2,A2_4,in,,,
742,Completed-Closed,Value 372,,Completed,Medium,,,,in,,PROD194,
743,Accepted-In Progress,,19.042735960399696,Accepted,Medium,,,,se,,,
743,,Value 298,19.05790524683583,Completed,Medium,Closed,,,se,S33 2nd,PROD397,Sweden
744,,,19.042753885326,,,In Progress,Org line C,C_1,be,,,Sweden
744,,,19.109493188102647,Completed,,,Org line C,,be,G56 3rd,PROD816,
745,,,,,Major,In Progress,Org line C,E_1,,,,
745,Completed-Closed,,,Completed,,Closed,,,,,,
746,,,,Accepted,High,In Progress,Org line A2,,gb,,PROD236,
746,Accepted-Assigned,,,,,Assigned,Org line A2,A2_1,gb,G42 3rd,PROD236,
746,Accepted-In Progress,,19.04547629738424,Accepted,,,Org line A2,A2_1,gb,G42 3rd,PROD236,
746,,Value 143,19.115112713816956,,,,Org line A2,,,G42 3rd,,
746,,,,,,Closed,,,,G42 3rd,PROD236,United Kingdom
747,Accepted-In Progress,,19.04316950426876,,Medium,,Org line G3,,,G199 3rd,,POLAND
747,,,,,,Closed,,,us,G199 3rd,,POLAND
748,Accepted-In Progress,Value 43,,,,,Org line G3,,,G199 3rd,PROD98,
748,,Value 43,,,Medium,Closed,,,,,PROD98,POLAND
749,,,19.043182270074645,,,In Progress,,,pl,M15 2nd,PROD786,POLAND
749,,Value 25,19.04319545962641,,High,In Progress,,A2_2,pl,,PROD786,POLAND
749,Queued-Awaiting Assignment,Value 25,19.0431956528,,High,,,A2_2,,,PROD786,
749,Accepted-Assigned,,19.043688113398638,Accepted,High,,Org line A2,A2_2,,M15 2nd,,
749,,,,Accepted,High,Wait,,A2_2,,,,China
749,Completed-Closed,,,Completed,,,Org line A2,,,M15 2nd,,
750,,,,Accepted,Medium,,,,,,PROD597,Sweden
750,,Value 373,,Completed,Medium,Closed,Org line D,D_2,,G121 2nd,PROD597,
750,Accepted-In Progress,Value 373,,Accepted,Medium,In Progress,,,,G121 2nd,,Sweden
750,,Value 373,,,,In Progress,,D_2,in,,,
750,,Value 373,,Completed,Medium,,,,,G121 2nd,PROD597,
750,Accepted-In Progress,Value 373,,,Medium,In Progress,,E_8,in,G119 2nd,,Sweden
750,,,19.056482701459903,,Medium,,,,,G119 2nd,,
750,,Value 373,19.05652911728826,,Medium,,Org line C,E_8,in,G119 2nd,PROD597,
750,Completed-Closed,,,Completed,Medium,Closed,,E_8,,G119 2nd,PROD597,Sweden
751,Accepted-In Progress,,19.043533338305107,Accepted,Medium,In Progress,Org line C,C_6,se,G290 3rd,PROD154,
751,Completed-Closed,,19.061556657328378,,,Closed,,C_6,se,,PROD154,
752,,Value 298,,Accepted,High,In Progress,Org line G4,,se,S33 2nd,,Sweden
752,Completed-Closed,,19.055062870128133,,,,,,se,S33 2nd,,
753,Accepted-In Progress,,,,,In Progress,Org line C,,,,PROD745,
753,,Value 77,,,Medium,Awaiting Assignment,,,br,,PROD745,
753,,,19.04362041028831,Queued,Medium,Awaiting Assignment,,C_1,br,G56 3rd,,
753,Accepted-Assigned,Value 167,,,,,,C_1,br,G56 3rd,,
753,Accepted-Assigned,Value 374,19.045422839173803,,Medium,,,C_1,br,G56 3rd,PROD745,Sweden
753,,Value 23,19.046339226546092,Queued,,Awaiting Assignment,,,br,,PROD745,
753,,Value 212,,,,,,,br,,PROD745,
753,Completed-Closed,,19.103482140978038,Completed,,Closed,Org line B,E_6,br,S4 2nd,,
754,Accepted-In Progress,Value 375,19.043961957702827,,Major,,,E_6,,,PROD151,Sweden
754,Completed-Closed,Value 375,19.0619905347633,Completed,Major,,,E_6,se,G355 2nd,,
755,,,,,,In Progress,Org line B,E_10,in,G230 2nd,,
755,,Value 69,19.045012558698865,,Low,In Progress,,,,G230 2nd,PROD336,INDIA
755,,,19.045012633685552,Accepted,,,Org line B,,,,PROD336,
755,Queued-Awaiting Assignment,,19.045012714028424,Queued,Low,Awaiting Assignment,,,,G230 2nd,,
755,Accepted-In Progress,,19.04508203145225,Accepted,Low,,Org line B,,,,,
755,Queued-Awaiting Assignment,Value 213,,,Low,Awaiting Assignment,Org line C,E_10,,G249 3rd,,
755,,,,Accepted,Low,In Progress,Org line C,,,,,POLAND
755,Accepted-Wait,,,Accepted,Low,,,,,G249 3rd,,
755,,Value 376,19.051929924794255,Accepted,Low,Assigned,,E_10,in,G249 3rd,,POLAND
755,Queued-Awaiting Assignment,Value 377,,Queued,Low,Awaiting Assignment,,,,,PROD336,
755,,Value 317,,Accepted,,,Org line C,E_10,,G231 2nd,,
755,Accepted-In Progress,Value 378,19.077327225564115,Accepted,,In Progress,Org line C,,in,,,INDIA
755,,,,Accepted,Low,,,,in,G231 2nd,PROD336,
755,Accepted-In Progress,,19.080424758966455,,,In Progress,Org line C,E_10,in,G231 2nd,,INDIA
755,,Value 69,19.080425043307425,,,Awaiting Assignment,Org line B,,in,G230 2nd,PROD336,INDIA
755,,,19.08043042509129,Accepted,,In Progress,,,,,,INDIA
755,,,19.081332470025377,Completed,Low,,,,,,PROD336,INDIA
756,Accepted-In Progress,,19.04501185168127,,,,Org line B,E_3,,,,Brazil
756,,Value 379,19.045012092710053,Queued,,Awaiting Assignment,,,,S12 2nd,,Brazil
756,,Value 380,19.045051438540895,Accepted,,,,E_3,br,,PROD140,Brazil
756,Accepted-In Progress,Value 379,,,Low,In Progress,Org line B,,,S12 2nd,,
756,Completed-Closed,,19.061547237549956,,,,,,br,,,Brazil
757,,,,Accepted,,,Org line A2,A2_2,fr,G22 2nd,,France
757,,Value 248,19.081783734802514,,Medium,Wait,,,fr,G22 2nd,PROD631,
757,,,,Completed,,Closed,Org line A2,A2_2,,G22 2nd,PROD631,
758,,,,,,,Org line A2,,,T17 2nd,,
758,,Value 151,,Queued,,Awaiting Assignment,Org line A2,,se,T17 2nd,PROD350,Sweden
758,,,,Accepted,,In Progress,,A2_1,,,PROD350,
758,,,19.045365442701026,,Low,Wait,Org line A2,A2_1,se,,PROD350,
758,Completed-Closed,,,,,,,,,,PROD350,Sweden
759,,,19.045357625389205,Accepted,Low,In Progress,,E_10,cn,,PROD826,
759,Accepted-Wait,Value 381,,,,Wait,,,,G293 2nd,,China
759,,,19.117555976682123,Completed,,,Org line C,,cn,,PROD826,
760,Accepted-In Progress,Value 373,19.0454171906932,Accepted,,In Progress,,,,,,Sweden
760,Completed-Closed,Value 373,,,,,,E_8,,,PROD597,
761,Accepted-In Progress,,,,Low,,Org line C,E_4,,G89 2nd,,INDIA
761,Accepted-Wait,,19.05148302229918,,Low,,,E_4,in,G89 2nd,PROD436,
761,,Value 316,19.115476085548416,Accepted,,In Progress,,E_4,,,,INDIA
761,,Value 316,,,,Closed,,E_4,in,,PROD436,INDIA
762,,Value 143,19.045440555386087,Accepted,Medium,In Progress,,,gb,,PROD236,United Kingdom
762,Accepted-Wait,Value 143,19.045464995641268,,,,,A2_1,,G42 3rd,,United Kingdom
762,Accepted-In Progress,,,,Medium,In Progress,,,,G42 3rd,,United Kingdom
762,Completed-Closed,Value 143,,Completed,Medium,Closed,Org line A2,,gb,G42 3rd,PROD236,United Kingdom
763,,Value 214,19.045527862977114,Accepted,Medium,,Org line A2,A2_4,,,,Sweden
763,Accepted-Assigned,,19.08673435104576,,,Assigned,,,se,,,
763,,,,Accepted,,In Progress,,,,,,Sweden
763,Completed-Closed,Value 164,19.104753708058816,,,Closed,Org line A2,A2_4,se,,PROD337,Sweden
764,,Value 382,,,,,Org line C,,fr,V34 2nd,PROD424,
764,Completed-Closed,,19.064652223283016,,High,,Org line C,,fr,V34 2nd,,France
765,Accepted-In Progress,Value 42,19.045464492386834,Accepted,Medium,In Progress,Org line C,E_10,,,,Sweden
765,Accepted-In Progress,,,,Medium,,,,,G138 2nd,,
765,Completed-Closed,,,,Medium,Closed,,,se,,PROD802,Sweden
766,Accepted-In Progress,,,Accepted,Medium,,,,se,,,Sweden
766,Accepted-Wait,Value 76,19.049195297613597,,Medium,,Org line A2,,,,PROD337,Sweden
766,Completed-Closed,Value 76,19.09280946619305,Completed,Medium,,,,se,,PROD337,Sweden
767,Accepted-In Progress,,19.045494226794016,,High,,,A2_2,,M1 2nd,PROD753,Sweden
767,Accepted-In Progress,,,Accepted,,,Org line A2,,cn,M1 2nd,,
767,Completed-Closed,,19.061502618836887,,High,,Org line A2,A2_2,,,,Sweden
768,,Value 81,,Accepted,High,In Progress,Org line A2,D_1,se,G124 3rd,PROD605,Sweden
768,Completed-Closed,Value 81,,,High,Closed,,D_1,se,G124 3rd,PROD605,
769,,Value 383,19.04591635035549,Accepted,,In Progress,,C_6,se,,,INDIA
769,,Value 383,,Completed,Medium,,,C_6,se,G269 3rd,PROD621,INDIA
770,Accepted-In Progress,Value 384,19.045877375689734,,Medium,,,A2_5,se,,,
770,Accepted-Assigned,,19.045879307601712,Accepted,,,Org line A2,,,A10,PROD320,Sweden
770,,Value 385,19.102038769708166,,Medium,In Progress,Org line A2,,,A10,,
770,Completed-Closed,Value 385,,,Medium,Closed,Org line A2,A2_5,,,PROD320,Sweden
771,,,,,Medium,In Progress,,,,A10,PROD320,
771,Accepted-Wait,Value 385,19.045910335416266,,Medium,,Org line A2,,se,A10,,Sweden
771,Accepted-In Progress,Value 385,,Accepted,Medium,In Progress,Org line A2,,,A10,PROD320,Sweden
771,Accepted-Wait,Value 385,,Accepted,Medium,Wait,,A2_5,se,,PROD320,Sweden
771,Accepted-In Progress,,,,,In Progress,Org line A2,,,A10,,
771,,,19.057968854394872,Accepted,,,,,,,PROD320,
771,Completed-Closed,Value 385,19.083216323973073,,Medium,Closed,Org line A2,A2_5,,A10,,
772,,Value 385,19.045928604879517,Accepted,Medium,Wait,Org line A2,A2_5,,A10,PROD320,Sweden
772,Accepted-In Progress,,19.07058189543443,,Medium,In Progress,Org line A2,,se,,PROD320,Sweden
772,,,19.0706768447776,Accepted,,,,,se,A10,PROD320,
772,,,,,,,Org line A2,,,,,
773,,,19.045929610921107,,Medium,,,,se,A10,,Sweden
773,Accepted-Wait,Value 385,19.045929841026222,Accepted,,,,,,,PROD320,Sweden
773,,Value 385,,Accepted,Medium,,,A2_5,,,PROD320,Sweden
773,Accepted-Wait,Value 385,19.072331822624395,,,Wait,,A2_5,se,A10,PROD320,Sweden
773,,,,Completed,,,Org line A2,A2_5,se,,,
774,Accepted-In Progress,Value 386,19.04599796051483,,,In Progress,Org line A2,A2_2,fr,,,
774,Queued-Awaiting Assignment,Value 386,,Queued,Medium,,Org line A2,A2_2,fr,L53 2nd,PROD422,
774,Accepted-In Progress,Value 25,19.04680571356916,,,In Progress,Org line A2,,,L53 2nd,,
774,,Value 248,19.052344954420374,Queued,Medium,Awaiting Assignment,Org line A2,A2_2,fr,,PROD422,
774,Accepted-In Progress,Value 354,,Accepted,Medium,In Progress,Org line A2,,fr,G34 3rd,,POLAND
774,Accepted-Wait,Value 354,,,Medium,Wait,,,,,,POLAND
774,,Value 354,19.061581655135672,Accepted,,In Progress,Org line A2,A2_2,fr,G34 3rd,,POLAND
774,,,,Completed,,,,,,G34 3rd,PROD422,
775,Accepted-In Progress,,19.04599973166666,,,In Progress,Org line G4,,se,S28 2nd,PROD633,Sweden
775,Completed-Closed,Value 15,19.083105826804893,Completed,,Closed,,,,S28 2nd,,
776,,Value 387,19.04600285659155,Accepted,High,,Org line C,,,G288 2nd,PROD408,Sweden
776,,,19.046003065276253,Queued,High,Awaiting Assignment,,E_10,,G288 2nd,PROD408,
776,,Value 217,19.04600536080513,,High,,Org line C,,,G288 2nd,PROD408,
776,,,,Queued,,Awaiting Assignment,Org line C,C_6,,G290 3rd,PROD408,Sweden
776,Accepted-In Progress,,19.046326046299395,Accepted,,In Progress,,,,,,
776,Completed-Closed,Value 13,,,,,,,,,PROD408,
776,,,19.046329710468203,Accepted,High,In Progress,Org line C,C_6,us,G290 3rd,,
776,,Value 127,,Accepted,,Assigned,Org line C,C_6,us,G290 3rd,PROD408,USA
776,Accepted-Wait,Value 127,19.046369983345436,Accepted,,,,,,G290 3rd,PROD408,USA
776,,,,Completed,,Closed,,C_6,,,PROD408,USA
776,,Value 165,,,,,,,,N22 2nd,PROD408,
776,,Value 165,,,High,,Org line C,V3_3,,N22 2nd,PROD408,USA
776,,Value 165,,Completed,High,Closed,Org line C,,us,N22 2nd,PROD408,USA
777,,Value 301,19.04616425852591,,,,,E_10,in,G238 2nd,,INDIA
777,Completed-Closed,,,,Medium,Closed,,,in,,PROD209,INDIA
778,,,,Accepted,,In Progress,,,,,PROD374,Sweden
778,Completed-Closed,,,,Low,,Org line G4,,,,PROD374,Sweden
779,Queued-Awaiting Assignment,,,,,,,,,G7 3rd,PROD766,Belgium
779,Accepted-In Progress,,,,Medium,In Progress,,A2_4,be,G7 3rd,,Belgium
779,,,,,,,Org line A2,A2_4,be,G7 3rd,PROD766,Belgium
780,,,,,Medium,,,,in,G92,PROD698,INDIA
780,Accepted-Wait,Value 217,19.04648889895365,,,,,,in,G92,PROD698,INDIA
780,,Value 217,19.046914403961722,,,,,E_5,in,,,INDIA
780,,Value 389,,,,,Org line C,E_5,in,,,INDIA
780,Queued-Awaiting Assignment,Value 86,,Queued,,Awaiting Assignment,,,in,G276 2nd,PROD698,
780,Accepted-In Progress,Value 390,,,Medium,,,E_10,,G276 2nd,,Sweden
780,,Value 87,19.059202986357995,,Medium,In Progress,Org line C,E_10,in,,PROD698,Sweden
780,Accepted-Wait,Value 87,19.05920303388449,,Medium,Wait,Org line C,E_10,in,,PROD698,Sweden
780,Completed-Closed,,19.087646872244992,Completed,,,Org line C,,,,PROD698,
780,Accepted-In Progress,,19.087646918438697,Accepted,,,Org line C,E_10,,G276 2nd,,
780,,Value 87,,,Medium,Closed,,E_10,,G276 2nd,PROD698,
781,,,19.04644822437879,Accepted,,,,E_6,,G48 2nd,,Sweden
781,Accepted-Wait,,19.04644827251536,,High,Wait,Org line C,,se,,PROD148,
781,Completed-Closed,,,Completed,,Closed,,E_6,,,,Sweden
782,,Value 113,,Accepted,,In Progress,,,,G141 3rd,PROD663,
782,,,19.046792897696083,,,,Org line C,C_6,,G141 3rd,,
782,Accepted-In Progress,Value 113,,,,,,C_6,se,,PROD663,
782,Completed-Closed,Value 113,19.086264679471366,Completed,Medium,Closed,Org line C,C_6,,,PROD663,Sweden
783,,,,Accepted,,In Progress,,,,,,Sweden
783,Completed-Closed,,19.071525459636433,,High,Closed,,,,S33 2nd,PROD374,Sweden
784,,Value 391,,,,In Progress,Org line C,E_1,,G213 2nd,,
784,,Value 391,19.04681943284075,Queued,Major,Awaiting Assignment,,E_1,se,G213 2nd,PROD582,
784,,Value 391,19.059651472554357,,Major,,,,se,,,Belgium
784,Completed-Closed,,19.059666320454788,Completed,,,,,se,,,
785,,Value 147,,,,In Progress,,C_6,fr,,PROD793,
785,Queued-Awaiting Assignment,,,Queued,,Awaiting Assignment,,,,,PROD793,France
785,,Value 392,,Accepted,,,Org line C,,,,,
785,,Value 392,19.049667923726872,Accepted,,Wait,Org line C,C_6,fr,,PROD793,
785,Completed-Closed,Value 392,19.10168616072304,Completed,,Closed,Org line C,,fr,G225 3rd,PROD793,Belgium
786,Accepted-In Progress,Value 151,19.048061081295955,Accepted,Low,In Progress,,,se,,,Sweden
786,,Value 151,,,,Awaiting Assignment,,A2_1,se,,,
786,,,19.05608198811478,,Low,,,,,,,Sweden
786,Accepted-Wait,Value 151,,,Low,Wait,,A2_1,se,J2 2nd,,
786,,,,Completed,,,Org line A2,A2_1,,J2 2nd,,
787,,Value 8,19.048175188200826,Accepted,Medium,,,,se,,,Sweden
787,Completed-Closed,Value 8,19.10333319194942,Completed,Medium,,,,,,PROD337,Sweden
788,Accepted-In Progress,,,,,In Progress,,,,,,
788,,Value 351,19.048176469626995,,High,,Org line B,A2_1,,D1,,
788,Completed-Closed,Value 351,,,,,,A2_1,,,PROD350,
789,Accepted-In Progress,Value 351,19.048171178394163,,Medium,,,A2_1,,D1,PROD350,
789,,Value 351,,Accepted,Medium,,,,cn,D1,PROD350,THAILAND
789,Completed-Closed,Value 351,19.06281491715647,,Medium,Closed,,A2_1,,,,
790,Accepted-In Progress,Value 351,19.048173047147607,Accepted,High,,Org line B,,cn,,PROD350,THAILAND
790,,Value 351,19.048176170627702,,High,,,A2_1,cn,,PROD350,
790,Completed-Closed,,19.098445220050223,Completed,High,Closed,,,,,,
791,Accepted-In Progress,Value 320,19.04817231032524,Accepted,,In Progress,,,se,,PROD597,Sweden
791,Completed-Closed,Value 320,,Completed,,Closed,Org line C,,se,,,Sweden
792,,Value 118,19.048292277076172,,Major,,,E_3,,G64 2nd,PROD378,
792,,Value 118,19.089414153916895,,,Closed,,E_3,,G64 2nd,PROD378,
793,,,,,,,,E_3,,G67 2nd,,
793,Accepted-Wait,,19.055572582796312,,Medium,,,E_3,us,G67 2nd,PROD151,
793,Accepted-In Progress,Value 20,19.076849347093052,Accepted,Medium,In Progress,,,,G67 2nd,PROD151,Sweden
793,,,19.076850364009907,,,Closed,,,,G67 2nd,PROD151,Sweden
794,,Value 393,,,,,Org line C,,,,PROD794,
794,,Value 393,19.048495344193178,,,,,E_4,,G88 2nd,PROD794,
794,,Value 393,,Accepted,Medium,,,E_4,us,,PROD794,Sweden
794,,Value 393,19.119830055630814,,Medium,Closed,,E_4,us,,PROD794,
794,,,,Accepted,,In Progress,,,us,G88 2nd,,Sweden
794,,Value 393,,,,,Org line C,,us,,PROD794,
795,Accepted-In Progress,Value 209,19.04863312407058,,Low,In Progress,,,,,,
795,Accepted-Wait,,,,,,,A2_1,se,,,
795,,,19.102052819270586,,,Closed,,A2_1,,N7 2nd,PROD746,
796,,,19.048645948401983,,Medium,In Progress,Org line A2,,se,A10,PROD236,Sweden
796,,Value 385,19.048653724040104,Accepted,Medium,,,,,,PROD236,Sweden
796,,,19.048735548692214,Accepted,Medium,,,,se,A10,PROD236,Sweden
796,,,,Accepted,,,,,se,,PROD236,Sweden
796,,Value 385,19.068714312285486,Accepted,Medium,In Progress,Org line A2,A2_5,,,,
796,,Value 385,,Accepted,,,Org line A2,,se,A10,,
796,Accepted-In Progress,,19.068824774046018,Accepted,Medium,In Progress,Org line A2,,,,,Sweden
796,,Value 385,,Completed,,,,,se,,PROD236,Sweden
797,,,19.04873180261099,Accepted,High,In Progress,,,,G42 3rd,,United Kingdom
797,Accepted-Assigned,,,Accepted,High,,,,,,PROD236,
797,,Value 29,19.050141493576085,Accepted,High,Assigned,Org line A2,,,G42 3rd,PROD236,
797,Accepted-In Progress,Value 143,19.05654069178733,,,In Progress,Org line A2,,gb,,PROD236,United Kingdom
797,,,19.056541067718037,Completed,,,,A2_1,,G42 3rd,PROD236,United Kingdom
798,,,19.048743200899988,Accepted,Medium,In Progress,,A2_3,,,,USA
798,,Value 245,19.059345392012265,,Medium,In Progress,Org line A2,A2_3,,,,USA
798,,,19.05934558737114,Completed,Medium,,Org line A2,,,,,
799,Accepted-In Progress,,19.048775826183213,Accepted,Medium,In Progress,,A2_5,fr,,PROD525,France
799,Accepted-Assigned,Value 148,,,,Assigned,Org line A2,,,V37 2nd,,
799,Completed-Closed,Value 148,19.0683242170232,,,Closed,Org line A2,,fr,,PROD525,France
800,,,19.049060459835832,,,In Progress,Org line C,,,V29 2nd,,France
800,,Value 394,19.06197913902604,Accepted,Major,,,E_6,fr,V29 2nd,PROD413,
800,,,19.068330653315027,Accepted,,In Progress,,,,,,
800,,Value 394,,,,In Progress,,,,V29 2nd,PROD413,
800,,Value 149,,Accepted,,In Progress,Org line C,E_6,fr,,,France
800,Completed-Closed,Value 149,19.11161430626627,Completed,Major,,Org line C,E_6,fr,V29 2nd,PROD413,France
801,,,,Accepted,High,,,,us,N22 2nd,PROD476,
801,Completed-Closed,Value 165,19.04909846248002,,High,Closed,,,us,N22 2nd,PROD476,USA
801,,,,,High,,Org line C,,us,,PROD476,
801,,Value 165,19.052789734063158,Accepted,,,Org line C,,us,,PROD476,USA
801,Accepted-In Progress,Value 165,,,High,In Progress,,,us,,PROD476,
801,Accepted-Wait,,,,,Wait,,,,N22 2nd,PROD476,
801,Completed-Closed,Value 165,,,High,Closed,Org line C,,,N22 2nd,PROD476,
802,,,,,,In Progress,,,se,,,
802,Accepted-Assigned,,,,,Assigned,,,,,,
802,,Value 125,,Accepted,,,,A2_3,se,,,
802,Completed-Closed,Value 125,19.06746220649674,,,,Org line A2,A2_3,se,U6 2nd,PROD831,
803,Accepted-In Progress,,19.049137162453345,,,,Org line C,E_4,,G93 2nd,,Brazil
803,,Value 290,19.065648681692423,,Low,,,,,,,Brazil
803,,,,Completed,Low,Closed,,E_4,in,G93 2nd,,Brazil
804,Accepted-In Progress,,,,,,,A2_3,pl,,PROD791,
804,,,19.049201122144733,,High,Assigned,Org line A2,,pl,N26 2nd,PROD791,
804,Accepted-Wait,,,,,Wait,,A2_3,pl,N26 2nd,PROD791,POLAND
804,Completed-Closed,Value 213,,,High,,Org line A2,,,N26 2nd,PROD791,
805,Accepted-In Progress,Value 395,19.04920864811412,,Low,In Progress,,A2_3,se,G45 2nd,PROD711,
805,,Value 395,,Accepted,,,Org line A2,A2_3,,G45 2nd,PROD711,Brazil
805,Completed-Closed,,19.06835825040891,,Low,,Org line A2,,,,PROD711,
806,,Value 96,19.049223278521872,Accepted,,In Progress,,E_10,,,PROD646,Sweden
806,Queued-Awaiting Assignment,Value 96,,,Medium,,Org line C,,,,,Sweden
806,Accepted-In Progress,Value 179,,Accepted,Medium,In Progress,,E_10,se,G285 2nd,,
806,,Value 179,,,,,,,,G285 2nd,,
807,,,,,Medium,,Org line A2,D_1,,V10 3rd,,
807,Accepted-In Progress,,19.12029128691153,,,,Org line A2,D_1,,,,
807,,,19.120291505494155,,Medium,,,,,V10 3rd,,
808,Accepted-In Progress,,,,,In Progress,Org line A2,A2_4,in,,,Sweden
808,,Value 396,19.10467755730289,,Low,Closed,Org line A2,,in,,PROD194,
809,,,19.049582763007262,Accepted,Low,,Org line V2,,se,,PROD59,Sweden
809,,,,Completed,,,,,,T3 2nd,PROD59,Sweden
810,Accepted-In Progress,,19.049650996658674,Accepted,,,Org line A2,,se,,,Sweden
810,Completed-Closed,,,,Medium,Closed,Org line A2,A2_4,se,G105 2nd,PROD337,
811,,Value 58,19.049669581764444,,,In Progress,Org line G4,,,,,
811,,Value 58,19.06879244593061,Accepted,High,Assigned,,,,G51 2nd,,Sweden
811,,Value 116,,Accepted,High,,Org line G4,,,,,Sweden
811,,Value 116,19.106498696216626,,High,,,,se,,PROD337,
812,Accepted-In Progress,,,Accepted,,In Progress,,,in,G165 2nd,PROD424,
812,Accepted-In Progress,Value 337,,Accepted,Low,In Progress,,,in,G165 2nd,PROD424,INDIA
812,Accepted-Assigned,,,,Low,Assigned,Org line C,,in,,PROD424,
812,,,,Accepted,,,Org line C,E_7,in,G165 2nd,,INDIA
812,Accepted-Wait,,19.061702789504423,Accepted,,Wait,Org line C,,in,,,INDIA
812,Accepted-In Progress,,19.09611847379274,,,In Progress,Org line C,E_7,,,PROD424,
812,Completed-Closed,Value 397,,Completed,,Closed,,,in,,,INDIA
813,,Value 293,19.049784678039327,,,In Progress,,,ca,,,
813,,,19.06202769112658,Completed,,,Org line C,,ca,N19 2nd,PROD424,Canada
814,Accepted-In Progress,,,Accepted,,In Progress,Org line C,,ca,,PROD424,
814,Completed-Closed,Value 293,19.06202761213918,,Low,Closed,,,,N19 2nd,PROD424,Canada
815,Accepted-In Progress,Value 77,19.050049807527543,,,In Progress,Org line C,,se,G160 2nd,PROD673,Sweden
815,,Value 77,,,Low,Closed,Org line C,E_7,se,G160 2nd,,Sweden
816,Accepted-In Progress,,19.050059128393748,,,,Org line B,,br,S12 2nd,,Brazil
816,,,19.050059629341217,,,,Org line B,,br,,PROD551,Brazil
816,,Value 379,,Accepted,,In Progress,,E_3,,,,Brazil
816,,Value 398,19.05559797442946,,,,Org line A2,,br,S1 2nd,,
816,,,19.09421216735482,Accepted,,In Progress,,,,,PROD551,Brazil
816,Completed-Closed,Value 399,,Completed,Low,,Org line A2,,,,PROD551,
817,Accepted-In Progress,Value 400,19.05183880156248,,,In Progress,Org line C,E_2,,G57 2nd,,
817,Accepted-Assigned,Value 400,19.051838987753847,Accepted,,,Org line C,,se,,,
817,,,19.071474591424753,,,,Org line C,E_2,,G57 2nd,,Belgium
817,,Value 401,,,,Closed,Org line C,E_2,se,,PROD236,Belgium
818,Accepted-In Progress,,,Accepted,,In Progress,Org line C,E_4,us,G88 2nd,,Sweden
818,,Value 402,,Accepted,,Assigned,,,us,G88 2nd,PROD219,
818,Accepted-In Progress,,19.118179691822455,,Medium,In Progress,,,,G88 2nd,PROD219,
818,,,19.118180080128877,,,,,,,G88 2nd,,Sweden
819,Accepted-In Progress,,19.05183454043056,Accepted,,,,,,S20 2nd,PROD802,
819,,Value 42,19.051836327873875,Accepted,,,,E_6,se,,,
819,Accepted-Wait,,,Accepted,,Wait,,E_6,,,,
819,Accepted-In Progress,Value 42,19.089838464652107,,Low,,Org line C,E_6,,,PROD802,Sweden
819,,,,Completed,,Closed,,E_6,se,S20 2nd,PROD802,
820,,Value 62,,,Medium,,Org line C,,,G76,PROD152,Sweden
820,Accepted-In Progress,Value 62,19.068323704211174,Accepted,Medium,In Progress,,,,,PROD152,Sweden
820,,Value 62,19.068323882125583,,Medium,Closed,,,,G76,PROD152,
821,Accepted-In Progress,Value 254,,Accepted,Medium,In Progress,,,,,,INDIA
821,,,19.05232595106046,Queued,,Awaiting Assignment,,,in,,,
821,Accepted-In Progress,,19.075474817280142,,,In Progress,Org line C,,,G119 2nd,PROD597,
821,,Value 254,19.07547746178126,Completed,,,,E_8,in,,,
822,,Value 150,,Accepted,High,,,,,G2 3rd,,Sweden
822,Completed-Closed,Value 150,,Completed,High,Closed,,A2_4,,,PROD153,Sweden
823,Accepted-In Progress,,,,Medium,In Progress,,,,G118 2nd,PROD591,
823,,,,Completed,Medium,,Org line A2,A2_4,se,G118 2nd,PROD591,Sweden
824,,Value 150,19.053076218996086,Accepted,,,Org line C,E_4,,G88 2nd,PROD793,
824,Accepted-Wait,,,,,,Org line C,,,G88 2nd,PROD793,
824,Accepted-Wait,Value 150,19.053077446338797,Accepted,High,,,,us,G88 2nd,,USA
824,Queued-Awaiting Assignment,Value 150,,Queued,,Awaiting Assignment,Org line C,E_4,us,,,
824,Accepted-In Progress,Value 292,19.065113496724805,,,,,E_5,,,,
824,,,,Accepted,,,Org line C,,,,PROD793,INDIA
824,,Value 150,19.084047939911752,,,,,E_4,,,PROD793,
824,,,19.086383215250585,,High,In Progress,,,,G88 2nd,PROD793,Sweden
824,,Value 393,19.08931116995801,Completed,,Closed,Org line C,E_4,us,,,Sweden
825,Accepted-In Progress,Value 403,19.053364767784686,,Low,,Org line G4,,,,PROD78,Sweden
825,Completed-Closed,Value 403,19.068361107402428,,,,Org line G4,,,,PROD78,Sweden
826,Accepted-In Progress,,19.054709509359395,,,,,,,,PROD710,
826,,Value 123,19.064720119150255,Accepted,,,Org line G4,,,,,
826,Accepted-In Progress,,19.06472041849528,,Low,In Progress,,,,S29 2nd,,
826,,Value 123,,Completed,,Closed,,,se,S29 2nd,PROD710,Sweden
827,,,19.055176329372998,,Medium,,,,,G230 2nd,,INDIA
827,,Value 69,,,Medium,,,,in,,,INDIA
827,,,,,Medium,,,E_10,,,,INDIA
827,,,19.080936436688276,Completed,,,,,in,,PROD752,
828,,Value 404,,,Low,,Org line C,,se,,PROD329,
828,,Value 404,19.062344964771004,,Low,,,,se,G57 2nd,PROD329,Sweden
828,,Value 404,,,,,Org line C,E_2,se,,PROD329,
829,,Value 405,19.055307042345543,,Low,,Org line C,E_4,,,PROD348,USA
829,,Value 405,,Completed,Low,Closed,,,,,,
830,Accepted-In Progress,Value 225,19.055557663387418,,,,,E_4,,G88 2nd,PROD219,
830,,Value 225,19.055558484888195,Accepted,Low,,,E_4,,,,
830,Accepted-In Progress,,,,,In Progress,,,,G88 2nd,PROD219,INDIA
830,Completed-Closed,Value 225,19.06728835011472,,Low,Closed,,,us,,PROD219,INDIA
831,,Value 123,,Accepted,,In Progress,,A2_4,0,G11 2nd,,Belgium
831,Completed-Closed,Value 123,,Completed,Low,Closed,Org line A2,,,G11 2nd,PROD765,Belgium
832,Accepted-In Progress,,,,Medium,In Progress,,A2_4,,G105 2nd,,
832,,,19.06520120323536,,Medium,Closed,Org line A2,,se,G105 2nd,,Sweden
833,,,19.055594799848098,Accepted,,,,V3_1,se,,PROD631,
833,,,19.05560029573633,Completed,Medium,Closed,Org line C,V3_1,,G346,,
834,,,,Accepted,,In Progress,Org line C,,,,PROD673,
834,Completed-Closed,Value 77,,,Low,,Org line C,,se,,,
835,,Value 248,,Accepted,,,,,,,,
835,,Value 248,,Completed,,,,,fr,G130 3rd,PROD643,France
836,,Value 43,19.056094743760795,Accepted,Medium,In Progress,Org line G3,,us,G199 3rd,,POLAND
836,,,,,Medium,Closed,Org line G3,,us,G199 3rd,PROD98,
837,,Value 119,19.056082454270822,,Low,,,E_4,in,G93 2nd,PROD325,
837,Accepted-Wait,,19.056082523134762,Accepted,Low,,Org line C,,in,G93 2nd,PROD325,
837,,,,Completed,Low,,,E_4,in,,PROD325,Sweden
838,,,19.0565685632244,Accepted,Medium,In Progress,,,,,PROD494,Sweden
838,,,19.056572343598855,Queued,,,Org line C,E_10,,G236 2nd,,
838,Accepted-In Progress,Value 406,19.056574800305125,,,In Progress,Org line C,E_10,us,,PROD494,Sweden
838,,,19.056576934034336,Queued,Medium,,Org line C,V3_2,,G97,,POLAND
838,Queued-Awaiting Assignment,Value 86,,,,,Org line C,E_10,,,PROD494,
838,,,,,,In Progress,,E_10,,,PROD494,
838,,Value 407,19.057936908360972,,,Awaiting Assignment,,,,G84 2nd,,Sweden
838,,,,Accepted,,,,E_10,,,,
838,Queued-Awaiting Assignment,,,Queued,,Awaiting Assignment,Org line C,,us,N34,PROD494,
838,Accepted-In Progress,Value 408,,,,In Progress,Org line C,V3_2,us,,PROD494,USA
838,,,,,Medium,,,V3_2,us,,,
839,,,19.056576738133828,Accepted,Medium,,Org line C,,us,G88 2nd,PROD793,
839,,,,,,Wait,Org line C,E_4,,,PROD793,USA
839,,,19.06317264760095,,,,Org line C,,us,G88 2nd,,
839,,Value 276,,,,,Org line C,,,,PROD793,INDIA
839,,Value 276,19.0832164992575,Accepted,Medium,Wait,,E_4,us,G88 2nd,PROD793,
839,Completed-Closed,,19.09339720140525,,Medium,,,,us,,,
840,Accepted-In Progress,,,Accepted,,,Org line G4,,,,,
840,,,,Completed,,Closed,,,,S33 2nd,PROD374,
841,,Value 209,,Accepted,Major,,,,se,G358 2nd,PROD292,Sweden
841,Completed-Closed,Value 209,,Completed,,Closed,,E_6,,,,Sweden
842,Accepted-In Progress,Value 409,19.05780379418834,,,,Org line A2,A2_1,,W15 2nd,PROD509,POLAND
842,,Value 409,,,Medium,Assigned,,A2_1,pl,W15 2nd,PROD509,
842,Accepted-In Progress,Value 409,,,Medium,In Progress,Org line A2,A2_1,,,,POLAND
842,Accepted-Wait,Value 409,,Accepted,,,,,,W15 2nd,,POLAND
842,,,19.094230605338975,Completed,,,Org line A2,,pl,,,POLAND
843,,Value 259,19.057843073542703,Accepted,,,,,pl,,PROD791,
843,,,,,,Assigned,Org line A2,A2_3,,,PROD791,POLAND
843,Accepted-In Progress,Value 160,19.059662947630777,,Medium,,,A2_3,,,PROD791,
843,Completed-Closed,,19.061570644587334,Completed,,Closed,Org line A2,,,N26 2nd,,POLAND
844,Accepted-In Progress,Value 41,19.057815464992295,Accepted,,In Progress,,,se,G349 3rd,,Sweden
844,Completed-Closed,,19.094193999285135,Completed,Medium,Closed,,A2_3,,G349 3rd,,Sweden
845,Accepted-In Progress,Value 355,19.057838171639684,Accepted,,,,E_10,,G263 2nd,,
845,Accepted-In Progress,Value 355,19.05783888022262,Accepted,High,In Progress,,,in,,PROD494,Sweden
845,,Value 355,19.057865219057497,,,,,E_10,,,PROD494,Sweden
845,,,,Queued,High,,,,in,,,Sweden
845,Accepted-In Progress,Value 355,19.057865694958593,,,In Progress,,E_10,in,,,Sweden
845,,,19.057865768987632,Queued,High,Awaiting Assignment,,,in,G236 2nd,,Sweden
845,Accepted-In Progress,Value 355,19.057865959347993,,,In Progress,,E_10,in,G236 2nd,PROD494,Sweden
845,,Value 355,,,,Closed,,,in,,PROD494,
845,Accepted-In Progress,,,,,In Progress,,E_10,in,,PROD494,
845,,Value 86,,,,Awaiting Assignment,Org line C,E_10,,,PROD494,
845,Accepted-In Progress,Value 355,19.064739455604442,,High,,Org line C,,in,,PROD494,Sweden
845,Accepted-In Progress,,19.064739828465584,Accepted,High,In Progress,Org line C,E_10,in,,,Sweden
845,Completed-Closed,,19.064745059010022,,,Closed,Org line C,E_10,,G236 2nd,PROD494,Sweden
845,,,,Accepted,High,In Progress,,E_10,,,,Sweden
845,Accepted-Assigned,Value 86,,Accepted,High,,,E_10,,,,Sweden
845,,Value 355,19.071896559659944,Accepted,High,,,,in,G236 2nd,,
845,,,,,,,,E_10,in,G236 2nd,PROD494,Sweden
845,,Value 355,19.071926029400917,,,In Progress,,,,G236 2nd,PROD494,Sweden
845,,Value 355,,Completed,High,Closed,,,in,,PROD494,
846,Accepted-In Progress,,19.057864600385734,,High,,Org line G4,,,,,Sweden
846,,,,,,,,,se,S33 2nd,,Sweden
847,Accepted-In Progress,,19.05786866140365,,,In Progress,Org line G3,,,,,POLAND
847,Completed-Closed,Value 43,,Completed,Medium,Closed,,,,G199 3rd,PROD98,POLAND
848,Accepted-In Progress,Value 29,,,Medium,In Progress,Org line A2,,gb,G42 3rd,PROD236,
848,,,,Accepted,,,,,gb,G42 3rd,,United Kingdom
848,Accepted-In Progress,,,Accepted,,In Progress,Org line A2,A2_1,gb,G42 3rd,PROD236,
848,,Value 28,19.075105578353565,,Medium,,Org line A2,,gb,,,
848,Completed-Closed,Value 28,,Completed,Medium,,Org line A2,A2_1,,G42 3rd,PROD236,
848,Accepted-In Progress,,19.095588452052777,Accepted,,In Progress,Org line A2,A2_1,,,,
848,Completed-Closed,,19.095588553893457,Completed,,Closed,,,,,PROD236,POLAND
849,,Value 39,,Accepted,Low,In Progress,,,,,PROD674,Sweden
849,Completed-Closed,Value 39,19.057901503222496,Completed,Low,,Org line C,E_7,,G157 2nd,PROD674,Sweden
850,Accepted-In Progress,Value 255,,,Medium,In Progress,,A2_2,in,J7 2nd,PROD471,POLAND
850,Accepted-In Progress,,19.057922478909123,Accepted,,In Progress,,,in,J7 2nd,,
850,Queued-Awaiting Assignment,Value 255,19.057924556889922,Queued,,,Org line A2,,in,J7 2nd,,
850,,,,Accepted,Medium,In Progress,,,,,PROD471,
850,,Value 355,,,Medium,Closed,,E_10,in,G236 2nd,PROD471,Sweden
851,,,19.057958554792005,Accepted,Major,,,,se,U6 2nd,,Sweden
851,,Value 126,,,,,,A2_3,se,U6 2nd,,
851,Accepted-In Progress,Value 126,,Accepted,,In Progress,Org line A2,A2_3,,U6 2nd,PROD831,Sweden
851,Completed-Closed,,,,,,Org line A2,A2_3,,U6 2nd,PROD831,
852,Queued-Awaiting Assignment,Value 150,19.057970948141,Queued,High,Awaiting Assignment,,,se,,,
852,Accepted-In Progress,Value 24,,Accepted,High,,Org line C,C_6,se,,,
852,,Value 24,19.072452526892803,,High,Closed,,,se,,PROD585,Belgium
853,Accepted-In Progress,Value 410,19.05800659931198,,High,,Org line C,C_5,fr,,PROD609,France
853,Completed-Closed,Value 410,19.087149355214713,Completed,High,Closed,,C_5,,,PROD609,
854,,,,,,In Progress,,C_6,,G248 3rd,PROD585,
854,Queued-Awaiting Assignment,Value 150,19.05820627101578,,High,,Org line C,,in,G248 3rd,,
854,,Value 411,19.058283797598058,Accepted,,,Org line C,,,,,INDIA
854,,Value 411,19.058285647548757,Completed,High,,Org line C,E_5,in,,PROD585,
855,Accepted-In Progress,,19.058280176970356,,,In Progress,,E_4,,G88 2nd,,
855,,,19.058282370490893,Accepted,,,,,,,,
855,Completed-Closed,,,,Medium,,,,us,,PROD815,INDIA
856,,Value 2,19.05826830016235,,,In Progress,,,,T3 2nd,PROD61,Sweden
856,,,,,Low,,Org line V2,,se,,,
857,Accepted-In Progress,,,,,In Progress,Org line G4,,se,,,
857,,Value 206,,,,Closed,,,se,,PROD527,
857,,,,,Medium,,Org line G4,,,,PROD527,
857,,Value 206,,Completed,,,Org line G4,,se,,,Sweden
858,,,19.058311446076008,,Low,In Progress,,E_10,se,,PROD802,
858,Queued-Awaiting Assignment,,19.058313105700336,,Low,,,E_10,se,,,Sweden
858,Accepted-In Progress,,19.058325669072858,,Low,In Progress,,,se,,,
858,Accepted-Wait,Value 123,19.058326678575536,Accepted,,,Org line C,,,,PROD802,
858,Completed-Closed,,,Completed,Low,Closed,Org line C,,,G138 2nd,PROD802,
859,,Value 164,,Accepted,Low,,Org line G4,,,S33 2nd,,
859,Completed-Closed,,19.05970628148342,Completed,,,Org line G4,,se,S33 2nd,PROD397,Sweden
860,,,,,Low,,Org line A2,A2_4,us,,PROD546,
860,Completed-Closed,,19.06284852822202,Completed,,Closed,,,,,,
861,,Value 289,,,,,,,,,,
861,,Value 289,,Accepted,,,Org line G4,,se,S33 2nd,,Sweden
861,,Value 289,,,,,,,,S33 2nd,,
861,,,,Completed,Medium,,,,se,,,Sweden
862,,,,,Medium,In Progress,,,us,G199 3rd,PROD97,POLAND
862,Completed-Closed,Value 43,,Completed,,Closed,,,,,PROD97,
863,,Value 24,,,,,,C_6,se,,,Sweden
863,,Value 24,,,,,,,,,PROD805,
864,Accepted-In Progress,Value 412,19.058420129797074,Accepted,,,,E_7,,,,
864,Completed-Closed,Value 412,,,,,,E_7,in,G165 2nd,PROD671,
865,,,,Accepted,,,,,,,PROD327,Sweden
865,Completed-Closed,,,Completed,,,,E_7,se,,PROD327,
865,,Value 77,19.059789476161423,,,In Progress,Org line C,,se,G160 2nd,,
865,Accepted-Wait,Value 77,19.05979003031199,,,,Org line C,,se,G160 2nd,PROD327,
865,,,19.061137586292258,,,,Org line C,,,,PROD327,Sweden
865,,Value 413,19.061574669509973,Accepted,Major,In Progress,Org line C,E_7,se,G160 2nd,,Sweden
865,,Value 77,19.061940158724806,Accepted,Major,Assigned,Org line C,,,,PROD327,
865,,Value 77,19.10163576122961,,Major,,,,se,,,Sweden
865,Completed-Closed,,,,Major,Closed,,,,,PROD327,
866,,Value 414,,,,,Org line A2,,,L50 3rd,,Sweden
866,,,19.06194925356217,Completed,,Closed,,,,L50 3rd,PROD611,Sweden
867,,Value 348,,Accepted,,,Org line C,C_6,se,,,
867,,Value 348,,Completed,,Closed,Org line C,,,,PROD621,
868,Accepted-In Progress,Value 108,19.05887237435029,Accepted,Medium,In Progress,Org line A2,,se,G362 3rd,,
868,,,,,,Closed,Org line A2,,se,G362 3rd,PROD241,Sweden
869,Accepted-In Progress,,,,Low,,,,,,PROD565,INDIA
869,,,,,,,Org line C,E_4,in,G87 2nd,PROD565,INDIA
869,Accepted-In Progress,Value 415,19.058852316617138,,,,,,,,,INDIA
869,,Value 415,,Completed,,,,,in,,PROD565,
870,,,19.058885538174557,,,In Progress,Org line V11,,gb,,PROD158,United Kingdom
870,,Value 168,,Accepted,,In Progress,Org line V11,,,,,
870,,Value 168,,Completed,Medium,,,,gb,V50 2nd,,
871,Accepted-In Progress,,,Accepted,High,In Progress,,C_1,,G14 3rd,PROD332,
871,,Value 358,,Completed,,Closed,,C_1,,G14 3rd,PROD332,USA
872,Accepted-In Progress,Value 196,19.059180236748396,,,In Progress,Org line V2,,,,,Sweden
872,Completed-Closed,Value 196,19.09979684265904,,Low,Closed,Org line V2,,,,,Sweden
873,,,19.05918717047022,Accepted,High,In Progress,Org line C,E_7,se,,,Sweden
873,,,,Completed,,Closed,,E_7,,G160 2nd,PROD673,
874,,Value 77,,,Medium,,Org line C,,,G56 3rd,PROD816,
874,Queued-Awaiting Assignment,Value 77,,,Medium,Awaiting Assignment,,C_1,be,G56 3rd,,Belgium
874,,Value 416,,Accepted,,,,,,G55 2nd,,INDIA
874,,,19.05923988736321,Queued,Medium,Awaiting Assignment,Org line C,,,,PROD816,
874,Accepted-In Progress,,,,,In Progress,Org line C,,be,,,Sweden
874,Accepted-In Progress,Value 416,19.061917745153504,,Medium,,,,,,PROD816,
874,,Value 416,,Completed,,Closed,,E_1,be,,,INDIA
875,Accepted-In Progress,,,,Medium,In Progress,,,,,,
875,,Value 417,19.071026028571804,,,,,E_7,,G153 2nd,PROD673,
875,Accepted-In Progress,,19.074694248771163,,Medium,In Progress,,,se,G153 2nd,,France
875,,Value 417,19.074704897387594,Completed,Medium,,Org line C,E_7,se,G153 2nd,,
876,Accepted-In Progress,Value 149,,Accepted,,In Progress,,,fr,,,
876,Completed-Closed,,19.059248093268877,,,,Org line C,,fr,V29 2nd,,France
877,,Value 42,19.059264594644958,Accepted,,,,E_10,se,,PROD626,Sweden
877,Queued-Awaiting Assignment,,19.059264900907923,Queued,High,Awaiting Assignment,,E_10,se,S52 2nd,,Sweden
877,Accepted-In Progress,Value 42,,Accepted,High,In Progress,,,,,PROD626,
877,,Value 42,,,,,Org line C,C_6,se,M7 2nd,PROD626,Sweden
877,Accepted-In Progress,Value 418,19.07782154544771,,High,In Progress,,,se,S37,,Sweden
877,Queued-Awaiting Assignment,,19.077821737230245,,High,,Org line C,,se,,PROD626,Sweden
877,,Value 43,,Accepted,,In Progress,Org line C,,se,,,
877,Completed-Closed,,19.077839951220287,Completed,High,,Org line C,V3_2,se,S25,PROD626,Sweden
878,,Value 150,19.05932051248341,Accepted,Major,,,E_4,,G88 2nd,PROD348,
878,Queued-Awaiting Assignment,,,Queued,,,,,se,,PROD348,USA
878,,Value 419,,,,In Progress,Org line C,,,M28 2nd,,
878,Completed-Closed,,,Completed,Major,,,,se,,,Sweden
878,Accepted-In Progress,,,Accepted,,,,E_1,,M28 2nd,,
878,Completed-Closed,Value 419,,Completed,Major,,,,se,M28 2nd,PROD348,Sweden
879,,Value 43,,,Medium,In Progress,,,us,G199 3rd,,
879,,,19.059352372108446,Completed,,,,,us,G199 3rd,,
880,,Value 285,19.05943645151146,,Medium,In Progress,Org line C,E_10,se,,,Sweden
880,,,19.05943660461664,Accepted,Medium,In Progress,,E_10,,G138 2nd,PROD802,Sweden
880,Queued-Awaiting Assignment,,19.059437111447412,Queued,,,Org line C,E_10,se,,,Sweden
880,Accepted-In Progress,Value 114,19.059600170912965,Accepted,,,,C_6,,G290 3rd,,Sweden
880,Completed-Cancelled,,19.05960167531999,,Medium,Cancelled,Org line C,E_5,,S40,PROD802,
880,Accepted-In Progress,Value 420,19.059893582468757,,Medium,,,,se,G80,,
880,Queued-Awaiting Assignment,Value 285,19.05989408906797,,,,,,,G138 2nd,,
880,,Value 114,19.06106462914992,,Medium,,,C_6,se,,PROD802,
880,,,19.061065314366743,Accepted,Medium,,,C_6,,G290 3rd,PROD802,
880,Completed-Closed,Value 114,19.067380726702325,,,,,C_6,,G290 3rd,PROD802,
881,Accepted-In Progress,,19.059621454102878,Accepted,Medium,In Progress,Org line G4,,se,S33 2nd,PROD374,Sweden
881,Completed-Closed,Value 211,,,Medium,,Org line G4,,,,PROD374,Sweden
882,Accepted-In Progress,,,Accepted,,In Progress,Org line C,,,,PROD802,Sweden
882,,,19.059627804133562,,,In Progress,,C_6,se,G268 3rd,,
882,Completed-Closed,Value 421,,Completed,,,Org line C,,,G268 3rd,,
883,Accepted-In Progress,,,Accepted,,,,,se,,PROD412,Sweden
883,Accepted-Assigned,,19.059644367864227,Accepted,Medium,,Org line G4,,,,PROD412,Sweden
883,,,19.064011570490134,Accepted,Medium,,,,,,PROD412,Sweden
883,,Value 88,19.064011938367383,,Medium,,,,se,,PROD412,
884,Accepted-In Progress,Value 88,19.059652871317272,,,In Progress,Org line G4,,,,PROD412,
884,,Value 88,,,,Assigned,Org line G4,,,,PROD412,
884,,,19.115078602088957,,,In Progress,,,,,,Sweden
884,,Value 88,19.11507861207646,Completed,,,,,,,,Sweden
885,,,19.059652623234935,Accepted,Medium,,Org line A2,,se,A10,,Sweden
885,,Value 385,,,Medium,,,,,,PROD461,Sweden
886,,,19.059672358784223,Accepted,Major,In Progress,,,,G241 3rd,PROD214,Sweden
886,,,,,,,Org line C,,se,,PROD214,Sweden
886,,Value 422,,,,In Progress,Org line C,,se,G241 3rd,,Sweden
886,Completed-Closed,,,,,,Org line C,C_6,se,G241 3rd,,
887,Accepted-In Progress,,,,Medium,In Progress,Org line C,,,M25,,Sweden
887,,Value 112,19.114662476177177,Completed,,,,V3_2,se,M25,PROD815,
888,,,,,Medium,,Org line C,,,G253 2nd,PROD683,Sweden
888,Queued-Awaiting Assignment,Value 311,,Queued,,Awaiting Assignment,Org line C,,se,,PROD683,Sweden
888,Accepted-In Progress,,,Accepted,,,,E_10,se,G253 2nd,,
888,,Value 39,19.059701694834406,,,,Org line C,C_6,se,G254 3rd,PROD683,
888,Accepted-Assigned,Value 8,19.05977529508002,,Medium,Assigned,Org line C,,se,,PROD683,Sweden
888,Accepted-In Progress,Value 8,19.061084141832946,,Medium,,,,se,,,
888,Completed-Closed,,19.062401889736197,,Medium,Closed,Org line C,,se,,,Sweden
889,,Value 29,,,,,,,,,,United Kingdom
889,,Value 29,,,Medium,,Org line A2,A2_1,gb,G42 3rd,PROD236,United Kingdom
889,Accepted-In Progress,Value 172,19.068323379778942,,Medium,,Org line A2,,gb,G42 3rd,,POLAND
889,Accepted-Assigned,Value 29,,,,Assigned,,,,,PROD236,United Kingdom
889,Accepted-In Progress,,19.068781744628687,,Medium,,Org line A2,A2_1,,,,POLAND
889,,,,,Medium,,Org line A2,A2_1,gb,,PROD236,POLAND
890,,Value 68,19.05972794770558,Accepted,,,Org line A2,A2_4,,,PROD591,Sweden
890,,Value 68,,,,Closed,,,se,G118 2nd,,
891,,,19.059723160592874,,,,Org line G4,,,,,Sweden
891,Accepted-Assigned,,19.05972358283086,Accepted,,,,,se,,,
891,Accepted-In Progress,,,,,,Org line G4,,se,,PROD374,Sweden
891,,Value 133,,Completed,,,,,,,,
892,,Value 424,19.05981030145647,Accepted,,,Org line A2,,,,PROD53,Brazil
892,Completed-Closed,Value 424,,Completed,Medium,,Org line A2,,,S2 2nd,,Brazil
893,Queued-Awaiting Assignment,Value 150,,Queued,,Awaiting Assignment,,E_4,,G88 2nd,,
893,Accepted-In Progress,Value 425,19.06791399850132,Accepted,Medium,In Progress,Org line C,,us,G88 2nd,,
893,Queued-Awaiting Assignment,Value 426,19.06791783569138,,,Awaiting Assignment,,E_10,us,G238 2nd,,INDIA
893,Accepted-In Progress,,19.067928467719515,Accepted,Medium,,Org line C,,,N55 3rd,,USA
893,,,19.07568472942787,Completed,Medium,Closed,Org line C,,,,,USA
894,Accepted-In Progress,,19.061049907416653,Accepted,,,Org line G4,,se,S33 2nd,,
894,Completed-Closed,,19.089787469595887,Completed,Medium,Closed,,,se,,,
895,Accepted-In Progress,Value 41,19.061017922610468,Accepted,Medium,,Org line A2,,,,PROD40,
895,,Value 41,19.09419551882761,,Medium,Closed,,A2_3,,,,
896,,,19.0610892597643,,Medium,,,C_6,se,G250 3rd,,Sweden
896,,Value 2,,,,,,C_6,,G250 3rd,PROD650,
896,Queued-Awaiting Assignment,Value 427,,Queued,Medium,Awaiting Assignment,,C_7,,G112 3rd,PROD650,Sweden
896,,Value 428,,,Medium,,Org line C,,se,,PROD650,
896,Accepted-In Progress,Value 428,19.121187213394702,,,,,C_7,,,,Sweden
896,Completed-Closed,Value 428,19.121188404595262,Completed,,,,C_7,,G112 3rd,,Sweden
897,Accepted-In Progress,,19.06111879145595,Accepted,,,,,us,G199 3rd,,POLAND
897,,,19.061119060257276,,Medium,Closed,,,us,,PROD97,
898,Accepted-In Progress,Value 429,19.06111560799945,Accepted,High,,Org line A2,A2_1,pl,N14 2nd,PROD776,
898,,,,,High,,Org line A2,,,N14 2nd,,
898,Accepted-In Progress,Value 429,,Accepted,,,Org line A2,,pl,N14 2nd,PROD776,POLAND
898,Completed-Closed,,19.06190345729288,,,Closed,,A2_1,,N14 2nd,,POLAND
899,,,,,,In Progress,Org line V7n,,nl,,PROD542,Netherlands
899,,,19.061130782033086,,High,In Progress,Org line V7n,,nl,V37 2nd,,
899,Accepted-In Progress,,,,High,In Progress,Org line V7n,,,,PROD542,
899,Accepted-In Progress,Value 5,,,High,In Progress,,,,,PROD542,
899,Completed-Closed,Value 5,,,,,,,,,PROD542,
900,Accepted-In Progress,Value 299,19.06114021627623,,Medium,In Progress,Org line C,,us,G88 2nd,,
900,,Value 299,,,,In Progress,Org line C,E_4,,G88 2nd,,
900,,,,Completed,,,Org line C,,,,PROD793,INDIA
901,,Value 430,,Accepted,,,Org line C,,,,PROD348,
901,,Value 430,19.061506312113295,,,,,,fr,,PROD348,
901,Accepted-In Progress,,19.061596922193015,Accepted,,,,,fr,U5 2nd,PROD348,France
901,Completed-Closed,,,Completed,High,,Org line C,,fr,,PROD348,
902,,,19.061536742927217,Accepted,Medium,,Org line C,,us,G88 2nd,PROD794,INDIA
902,,,19.06154447692694,,Medium,Closed,Org line C,,us,G88 2nd,,
903,Accepted-In Progress,,,Accepted,,,,E_8,,G186 2nd,PROD597,
903,Completed-Closed,Value 431,19.06156087723389,,,Closed,Org line C,,in,G186 2nd,PROD597,INDIA
903,,,,,High,,,E_8,,G186 2nd,,INDIA
903,,Value 431,,Completed,,Closed,Org line C,,in,G186 2nd,PROD597,INDIA
904,Accepted-In Progress,Value 45,,Accepted,Medium,In Progress,,,se,T3 2nd,PROD58,Sweden
904,Completed-Closed,Value 45,,Completed,,Closed,,,,T3 2nd,PROD58,
905,Accepted-In Progress,,19.061540430809206,Accepted,Major,In Progress,,E_4,,G88 2nd,PROD793,
905,,Value 299,19.078168181572078,,Major,Closed,,E_4,us,,PROD793,INDIA
906,Accepted-In Progress,,,,,,Org line C,E_10,se,G240 2nd,PROD214,Sweden
906,Accepted-In Progress,Value 7,19.08091499777901,,Medium,,Org line C,,,,PROD214,
906,,,,,Medium,Wait,Org line C,E_10,,,PROD214,Sweden
906,Completed-Closed,Value 7,,,,Closed,,,,G240 2nd,PROD214,Sweden
907,Accepted-In Progress,,19.061586169952264,,,,Org line C,,in,G186 2nd,,Sweden
907,Completed-Closed,,19.061587318408776,Completed,,Closed,Org line C,E_8,,G186 2nd,PROD474,Sweden
907,Accepted-In Progress,Value 24,19.062819431670214,,,In Progress,Org line C,E_8,in,,,
907,,Value 24,,Completed,Major,Closed,,E_8,,G186 2nd,PROD474,Sweden
907,,Value 24,19.07055859395676,Accepted,Major,In Progress,,E_8,in,,,
907,,,19.07056844611541,,Major,Closed,,E_8,,,,
908,,,19.061574290198582,Accepted,High,In Progress,,,se,S28 2nd,,
908,Accepted-In Progress,,19.06158592234908,Accepted,,In Progress,,,se,,,Sweden
908,,,,Completed,High,Closed,,,se,S28 2nd,PROD108,
909,,,,,Medium,,,,,,,
909,,,19.06163243379433,,Medium,Closed,,,,G199 3rd,PROD97,
910,,,19.061621481752713,,,In Progress,,E_8,,G186 2nd,PROD474,INDIA
910,,Value 187,,,,,,,in,,PROD474,
910,Accepted-In Progress,Value 432,,,Major,,,E_8,,,PROD474,
910,,Value 432,19.080936627874358,Accepted,,,,,in,,,
910,,,,,Major,,Org line C,E_8,,,,INDIA
910,Queued-Awaiting Assignment,,,Queued,,,,E_8,,,PROD474,INDIA
910,Accepted-Assigned,Value 232,19.093685837806305,,,Assigned,Org line C,,,,,Sweden
910,Accepted-In Progress,Value 232,19.093691842526294,Accepted,Major,In Progress,,,in,G186 2nd,,Sweden
910,Completed-Closed,,,,,,Org line C,,in,G186 2nd,,Sweden
911,Accepted-In Progress,,,,,,,,,G199 3rd,PROD98,
911,,Value 43,19.061960786560665,Completed,,,,,us,,PROD98,POLAND
912,,,19.061973620156515,Accepted,,,,,us,G199 3rd,PROD97,POLAND
912,Completed-Closed,,19.06197706418744,Completed,Medium,,,,,,,POLAND
913,,,,Accepted,,,Org line C,E_1,,,,
913,,,19.06203173000748,,,,,,,,,Sweden
913,,,,,,,,,be,G55 2nd,PROD745,Sweden
913,Completed-Closed,,,,High,Closed,Org line C,E_1,,,PROD745,
914,,,19.062386466517495,Accepted,,In Progress,,,,,,Sweden
914,Accepted-Assigned,,19.06239774707249,,,Assigned,,,se,S30 2nd,,
914,Accepted-In Progress,,,,,,Org line G4,,se,S30 2nd,PROD412,Sweden
914,Accepted-In Progress,Value 88,,,,In Progress,Org line G4,,,S30 2nd,PROD412,
914,,,19.06400991504083,,,,Org line G4,,,S30 2nd,PROD412,Sweden
915,,Value 43,19.062442657474353,,Medium,In Progress,,,,G199 3rd,,POLAND
915,Completed-Closed,,,,,Closed,Org line G3,,,,PROD96,
916,Accepted-In Progress,Value 434,19.062400326369573,,,,Org line F,,,G207 2nd,,Belgium
916,Completed-Closed,,,Completed,,,Org line F,,,,PROD821,Belgium
916,,,19.06929116378378,Accepted,Major,In Progress,Org line F,,,G207 2nd,,
916,Queued-Awaiting Assignment,Value 77,19.069292151821816,,,,Org line C,,be,G56 3rd,,Belgium
916,Accepted-In Progress,,,,Major,,,C_1,be,G56 3rd,PROD821,
916,Completed-Closed,Value 57,19.071540153140845,Completed,Major,Closed,,,be,,PROD821,Sweden
917,,,19.06245943256065,,,In Progress,,E_7,in,,,INDIA
917,Completed-Closed,Value 435,,Completed,,Closed,,E_7,,G165 2nd,PROD674,
918,Accepted-Wait,Value 143,19.06252775115373,Accepted,,,Org line A2,A2_1,gb,,PROD236,
918,Accepted-In Progress,,,,,,,A2_1,gb,G42 3rd,PROD236,United Kingdom
918,Completed-Closed,Value 143,19.10956559869379,Completed,Medium,Closed,Org line A2,A2_1,,,PROD236,
919,Accepted-In Progress,Value 436,,,,In Progress,,E_5,fr,V56 2nd,PROD378,
919,,,,,Major,,Org line C,E_5,fr,V56 2nd,,France
920,Accepted-In Progress,Value 123,,Accepted,,In Progress,,,se,,,
920,Queued-Awaiting Assignment,,,,,Awaiting Assignment,Org line C,C_6,,G269 3rd,,
920,Accepted-In Progress,Value 348,,,Medium,,Org line C,C_6,se,,,Sweden
920,Completed-Closed,,19.073750590163836,Completed,Medium,Closed,,,,,PROD807,Sweden
921,Accepted-In Progress,,19.062959813405747,,,,,,,,PROD277,Sweden
921,,Value 63,,Completed,High,Closed,Org line C,E_9,se,,,Sweden
922,Accepted-In Progress,Value 76,,Accepted,,In Progress,Org line G4,,se,,,
922,Completed-Closed,Value 76,19.067530954001004,Completed,Medium,Closed,Org line G4,,se,,,Sweden
923,Accepted-In Progress,Value 437,19.063008070665678,,,In Progress,Org line C,,0,L65 3rd,,
923,Completed-Closed,,,,,,,C_5,,,PROD474,
924,,Value 43,,,Medium,,,,,,,
924,,,19.063902578267445,Completed,,,,,us,,,
925,Accepted-In Progress,Value 43,19.06390705108203,Accepted,,In Progress,,,us,G199 3rd,,
925,Completed-Closed,Value 43,19.063909111408222,Completed,Medium,,,,,G199 3rd,PROD97,
926,,Value 8,,,,In Progress,,,se,,PROD374,
926,Completed-Closed,,19.093278325402135,Completed,,Closed,,,,S33 2nd,PROD374,
927,,,,Accepted,Medium,In Progress,Org line C,E_3,se,G71 2nd,PROD386,Sweden
927,,Value 232,19.09897695271014,,,Closed,,,,,,
928,Accepted-In Progress,,,Accepted,Medium,In Progress,,,us,G199 3rd,PROD97,POLAND
928,,Value 43,19.064312443614284,Completed,,Closed,,,,,,POLAND
929,Accepted-In Progress,,,,,In Progress,Org line C,,,,PROD22,
929,Completed-Closed,Value 331,19.065699621514444,Completed,High,Closed,Org line C,E_7,in,G165 2nd,,
930,,,19.0642270970942,Accepted,,In Progress,,,se,,,
930,Completed-Closed,,19.075040593035624,,Medium,Closed,Org line F,,,,PROD766,
930,,Value 434,,Accepted,Medium,,,,se,G207 2nd,PROD766,Belgium
930,,,,,,,Org line F,,,G207 2nd,,Belgium
931,Accepted-In Progress,Value 438,,,Low,In Progress,Org line C,,,,PROD473,United Kingdom
931,,,,,Low,In Progress,,,,,,
931,Accepted-Wait,Value 438,,,,Wait,Org line C,,,W1,,
931,,,19.064255432904556,Accepted,,,Org line C,V3_3,gb,,PROD473,
931,Completed-Closed,Value 438,19.09415165003328,Completed,,,Org line C,,gb,W1,,
932,,Value 133,,,Medium,In Progress,,,,,,
932,Accepted-Assigned,Value 133,,,Medium,Assigned,Org line G4,,,,,Sweden
932,,Value 133,,,Medium,,Org line G4,,se,S33 2nd,,
932,Completed-Closed,,19.089527486011626,,Medium,,,,se,S33 2nd,PROD374,
933,Accepted-In Progress,,,Accepted,Medium,In Progress,Org line F,,se,,PROD753,Belgium
933,Completed-Closed,,19.087440293189,,Medium,Closed,,,se,,PROD753,Belgium
934,,Value 256,19.064296251242943,Accepted,,,,A2_3,,,PROD791,POLAND
934,Completed-Closed,,,Completed,,Closed,,,,N26 2nd,PROD791,POLAND
935,,,19.06429147544156,Accepted,,In Progress,Org line A2,,se,A10,,Sweden
935,,Value 385,,,Medium,,Org line A2,A2_5,se,A10,,Sweden
935,Accepted-In Progress,Value 385,19.089397876198923,,Medium,,,,se,,PROD461,Sweden
935,,,19.106435946033116,Completed,Medium,Closed,,A2_5,se,,PROD461,Sweden
936,,,19.06463797969124,Accepted,Medium,In Progress,,,se,S29 2nd,,
936,Completed-Closed,,19.06506794488732,,Medium,Closed,,,,,,Sweden
937,Accepted-In Progress,Value 439,,Accepted,Major,In Progress,,,be,,,Sweden
937,,,19.064711774215173,,,,Org line C,E_1,be,,,Sweden
938,Accepted-In Progress,,,,Low,,,A2_3,,G348 2nd,PROD484,Sweden
938,Completed-Closed,,,Completed,,,,,se,,PROD484,Sweden
939,,,19.064752264092704,Accepted,Medium,,,,se,,PROD60,Sweden
939,,Value 441,,Completed,Medium,Closed,,,,,PROD60,Sweden
940,Accepted-In Progress,Value 129,19.064882046470103,,,In Progress,Org line A2,A2_3,,,PROD722,Sweden
940,,Value 129,19.064882351017474,,High,Awaiting Assignment,,A2_3,,,,
940,Accepted-In Progress,Value 442,19.06558359834621,,High,In Progress,,,se,,PROD722,
940,,,,,High,Closed,Org line A2,,se,,,
941,Accepted-In Progress,,19.065078029782054,Accepted,Low,,,A2_3,,,,
941,Completed-Closed,Value 440,,,,Closed,Org line A2,A2_3,se,,,
942,Accepted-In Progress,Value 440,19.06508495422923,,,In Progress,Org line A2,A2_3,se,,PROD484,
942,Completed-Closed,,19.080883864295345,,,,,A2_3,se,G348 2nd,PROD484,
943,Accepted-In Progress,,,,Low,,,,,,PROD484,
943,Completed-Closed,,19.065124263601366,,,Closed,,,,,PROD484,Sweden
944,,,,Accepted,Medium,In Progress,Org line C,,us,,,Sweden
944,Completed-Closed,Value 20,19.065180101461902,,Medium,,Org line C,,,,,Sweden
945,,,,Accepted,,,Org line C,C_6,se,,,
945,,,19.06516875251303,,Medium,Awaiting Assignment,Org line C,,se,,PROD661,
945,Queued-Awaiting Assignment,Value 150,,Queued,Medium,,Org line C,,se,G88 2nd,,
945,,Value 133,19.065557866064445,,Medium,In Progress,,,,,,Sweden
945,Queued-Awaiting Assignment,Value 2,19.06555839603859,Queued,,Awaiting Assignment,,,se,,PROD661,
945,Accepted-In Progress,Value 127,19.065560059420964,Accepted,Medium,In Progress,Org line C,,,G250 3rd,,
945,Completed-Closed,,19.071892315361726,,,Closed,Org line C,,se,,PROD661,Sweden
946,Accepted-In Progress,,,,,In Progress,Org line C,E_7,in,G153 2nd,,
946,Queued-Awaiting Assignment,,19.065185875623268,,Major,,Org line C,E_7,in,G153 2nd,PROD715,Sweden
946,,,19.065999641087235,,,,,,,G213 2nd,PROD715,Sweden
946,,Value 337,19.06600028621619,,Major,Awaiting Assignment,,E_7,in,G162 2nd,PROD715,INDIA
946,,,19.06925689028344,Accepted,Major,,,E_7,in,,,
946,,Value 176,,,Major,,Org line C,,in,,,
946,,Value 176,,Accepted,,In Progress,,,in,,,INDIA
946,,,19.071491523440432,Queued,Major,Awaiting Assignment,,,,G271 2nd,,
946,Queued-Awaiting Assignment,,,,,,,,,G273 3rd,,Sweden
946,Accepted-In Progress,Value 176,19.07234387233858,Accepted,Major,In Progress,,E_7,in,,,INDIA
946,,,,,Major,Awaiting Assignment,,,,G162 2nd,,
946,Accepted-In Progress,Value 443,19.07368168599253,Accepted,,,Org line C,,,G165 2nd,,INDIA
946,,,,Completed,Major,,Org line C,E_7,in,,,
947,Accepted-In Progress,Value 43,19.065209517841716,Accepted,,,,,,G199 3rd,PROD96,POLAND
947,Completed-Closed,,19.06521040493894,,,Closed,,,,G199 3rd,PROD96,POLAND
948,Accepted-In Progress,,,Accepted,Medium,In Progress,,,us,,,
948,,Value 88,19.087141914299412,Completed,Medium,Closed,,,us,N5 2nd,,USA
949,,,19.065538025939176,Accepted,Medium,In Progress,Org line G4,,se,S33 2nd,PROD397,
949,,Value 164,19.095586919349326,,,Closed,Org line G4,,,S33 2nd,,Sweden
950,Accepted-In Progress,,19.065567379319987,,Low,,Org line G4,,,S33 2nd,,Sweden
950,Completed-Closed,Value 211,,Completed,,Closed,Org line G4,,se,S33 2nd,,
951,,Value 439,,,,In Progress,Org line C,,be,,,Sweden
951,,Value 439,19.065602199267254,Completed,,,,,be,G213 2nd,,Sweden
952,,Value 444,19.065644893500238,Accepted,Medium,,,,se,G362 3rd,,
952,,,19.06564672463648,Accepted,,Wait,Org line A2,,,,PROD241,POLAND
952,,,19.070532723093983,Completed,,,,,,,,
953,,,19.06569831512852,,Medium,In Progress,,A2_1,,,PROD761,
953,Accepted-Wait,,,Accepted,Medium,,,,pl,,PROD761,
953,,Value 253,,Completed,Medium,,Org line A2,A2_1,pl,,,
954,,,19.065748801243373,Queued,Major,,Org line C,,,,,
954,Accepted-In Progress,Value 165,,,,In Progress,Org line C,,,,PROD306,USA
954,,,,,,Closed,Org line C,V3_3,us,N22 2nd,,
955,,,19.06600450839136,,Low,In Progress,,,,,PROD756,POLAND
955,,Value 50,,,Low,,Org line A2,,,W15 2nd,,
956,,,,,,In Progress,Org line A2,D_1,,,,
956,Accepted-In Progress,Value 322,19.093329673526064,,,In Progress,Org line A2,,,,,Sweden
956,,Value 322,,Completed,,,,,,,PROD611,Sweden
957,Accepted-In Progress,Value 68,19.06603492326064,Accepted,,In Progress,Org line C,E_7,us,,,Sweden
957,,,,,,Awaiting Assignment,Org line C,E_7,,,PROD597,Sweden
957,,,19.066040320111842,Accepted,,,,,us,,PROD597,
957,,Value 337,,,High,Awaiting Assignment,,E_7,,G162 2nd,PROD597,
957,Accepted-In Progress,,19.069257993368936,Accepted,High,,Org line C,,,,,
957,,Value 68,,,,Awaiting Assignment,Org line C,E_7,,G153 2nd,,
957,,Value 175,19.06926096280631,Accepted,High,,,,,,PROD597,INDIA
957,,,,,High,,,,us,,PROD597,USA
957,Accepted-In Progress,Value 445,19.08096172977306,,High,,Org line A2,D_1,us,,PROD597,USA
957,Accepted-Assigned,,,Accepted,,Assigned,,,,N31 3rd,PROD597,
957,Completed-Closed,Value 128,19.081073580059954,Completed,,Closed,,,,N31 3rd,PROD597,USA
958,Accepted-In Progress,,19.066059122325107,Accepted,Major,In Progress,Org line C,E_4,,G93 2nd,PROD219,Sweden
958,,,,Completed,Major,Closed,Org line C,E_4,in,G93 2nd,,Sweden
958,Accepted-In Progress,Value 446,19.092421176301855,Accepted,Major,,Org line C,,in,G93 2nd,,Sweden
958,Completed-Closed,Value 446,,Completed,,,,,in,G93 2nd,,Sweden
958,Accepted-In Progress,Value 446,,Accepted,,In Progress,Org line C,E_4,in,G93 2nd,,
958,,,19.09242821025142,,Major,Closed,Org line C,,in,G93 2nd,PROD219,
958,Accepted-In Progress,,,,Major,,,E_4,,G93 2nd,PROD219,Sweden
958,Completed-Closed,Value 446,,Completed,Major,Closed,Org line C,E_4,in,G93 2nd,PROD219,
959,,Value 76,,Queued,Medium,,,A2_2,,G25 3rd,PROD179,Sweden
959,,Value 76,19.068368098106728,Accepted,Medium,,Org line A2,,se,,PROD179,Sweden
959,Completed-Closed,,,Completed,Medium,Closed,,,se,G25 3rd,PROD179,
960,Accepted-In Progress,Value 447,,,High,,Org line C,V3_2,,T14,,
960,Accepted-In Progress,Value 447,,Accepted,High,,Org line C,V3_2,,T14,,France
960,Completed-Closed,,,Completed,High,Closed,,V3_2,fr,,,France
961,,,19.06620232222738,Accepted,Medium,,,,,,PROD487,
961,,,19.071084872400284,Completed,Medium,Closed,,A2_5,,,PROD487,USA
962,,Value 180,,Accepted,,In Progress,,E_6,br,,,
962,Queued-Awaiting Assignment,Value 180,19.066276877070557,,Medium,Awaiting Assignment,Org line B,,br,S16,PROD119,Brazil
962,,Value 448,,Queued,,,,A2_2,br,,,
962,Queued-Awaiting Assignment,Value 282,19.072412509161072,,,,Org line A2,,br,,,
962,Accepted-In Progress,Value 184,19.072474257429242,,Medium,In Progress,Org line A2,,,,,
962,Completed-Closed,Value 184,,,Medium,Closed,Org line A2,A2_3,br,,PROD119,Brazil
963,Accepted-In Progress,Value 394,,Accepted,,In Progress,,,,V29 2nd,,France
963,,,19.071100918693052,Accepted,,In Progress,Org line C,E_6,,V29 2nd,PROD193,France
963,Completed-Closed,Value 394,,,,Closed,,E_6,,,,
964,Accepted-In Progress,Value 432,,Accepted,,In Progress,Org line C,,,,,
964,,Value 432,19.067405186526745,Accepted,Medium,Wait,Org line C,E_8,,G181 2nd,PROD476,INDIA
964,Accepted-In Progress,Value 432,,Accepted,,In Progress,Org line C,,,G181 2nd,,INDIA
964,,,19.073860918551816,,Medium,,,,,,PROD476,INDIA
964,,,19.08009424839991,Accepted,,In Progress,Org line C,E_8,in,G181 2nd,,
964,,,19.080094719010443,,Medium,,,,,G181 2nd,,
964,Completed-Closed,Value 432,19.080881616446142,,,,,E_8,,,PROD476,
965,Accepted-In Progress,,,,Low,In Progress,,,,S28 2nd,PROD343,Sweden
965,Completed-Closed,Value 15,19.090188834896672,,,Closed,Org line G4,,,S28 2nd,,
966,,,19.06744737962711,,,,,C_1,fr,L57 3rd,,
966,Completed-Closed,,19.096902082199364,Completed,,,,,fr,L57 3rd,PROD821,
967,,Value 7,19.06749160295701,,Medium,,,E_4,us,,PROD815,Sweden
967,,,,Completed,Medium,Closed,Org line C,,us,G88 2nd,,
968,Accepted-In Progress,,,Accepted,Medium,,Org line C,,,,PROD698,
968,,Value 87,,Accepted,Medium,Wait,Org line C,E_10,in,,,Sweden
968,Completed-Closed,,,Completed,,Closed,Org line C,,,G276 2nd,,Sweden
969,Accepted-In Progress,Value 149,,Accepted,High,,Org line B,,,S17 3rd,PROD807,Brazil
969,Completed-Closed,,19.087195991905904,Completed,High,,Org line B,,br,S17 3rd,PROD807,
970,,,19.06773834622597,Accepted,Low,In Progress,,E_1,us,G13 2nd,,INDIA
970,Completed-Closed,Value 450,19.099463939652413,,Low,,,,,G13 2nd,PROD433,
971,Accepted-In Progress,Value 451,,,,,Org line C,,,G163 3rd,PROD278,
971,Accepted-Assigned,Value 451,19.067854172029485,Accepted,,Assigned,Org line C,,,G163 3rd,PROD278,
971,Accepted-In Progress,Value 119,19.0678571351679,Accepted,,In Progress,,,,G163 3rd,PROD278,Sweden
971,,Value 119,,Completed,Medium,,,,,G163 3rd,PROD278,
972,Accepted-In Progress,Value 311,,,Major,In Progress,Org line A2,A2_3,se,N4 2nd,,Sweden
972,,Value 311,,Completed,,,,,,,PROD55,Sweden
973,,,19.067899225443885,Accepted,,,Org line A2,,,S35 2nd,,
973,Queued-Awaiting Assignment,Value 63,19.067900822117238,Queued,,Awaiting Assignment,Org line A2,,,S35 2nd,,Sweden
973,,Value 63,,,,In Progress,,A2_3,,,PROD368,Sweden
973,Completed-Closed,,19.089260686062275,,Major,Closed,,,se,,,
974,Accepted-In Progress,Value 8,,,,In Progress,Org line G4,,,S33 2nd,PROD374,Sweden
974,Completed-Closed,,,Completed,,,Org line G4,,se,S33 2nd,PROD374,
974,,Value 8,19.07014182193086,,Medium,In Progress,Org line G4,,,,PROD374,
974,,,,Completed,,Closed,Org line G4,,se,,PROD374,Sweden
975,Accepted-In Progress,,19.068239405851752,Accepted,,In Progress,,,se,,PROD412,
975,,,19.068239740777663,Accepted,Medium,Assigned,,,se,,,
975,,,19.068259443643637,Accepted,Medium,,Org line G4,,se,,,Sweden
975,Completed-Closed,,19.07770959000194,Completed,,,Org line G4,,se,S30 2nd,,Sweden
976,Accepted-In Progress,Value 77,,,,,,E_1,be,G55 2nd,PROD221,
976,Queued-Awaiting Assignment,,19.071382748762552,Queued,Medium,Awaiting Assignment,Org line C,E_1,be,,,Belgium
976,Accepted-In Progress,,,,Medium,,Org line C,E_1,,,,
976,,,19.071497355165036,Queued,,Awaiting Assignment,,,be,G119 2nd,,
976,Accepted-In Progress,Value 254,19.07547354438418,Accepted,Medium,In Progress,,,be,G119 2nd,PROD221,
976,,,,,,,,,be,G119 2nd,PROD221,
976,,,19.07997493889866,,Medium,Awaiting Assignment,,,,,PROD221,Belgium
976,Accepted-In Progress,,,Accepted,Medium,,,E_1,be,,PROD221,
976,,Value 452,,,Medium,Assigned,Org line C,E_1,,G55 2nd,PROD221,Sweden
976,Accepted-In Progress,,,Accepted,,In Progress,Org line C,,,,PROD221,Sweden
976,Accepted-In Progress,,,Accepted,,,,E_1,be,,PROD221,
976,Completed-Closed,Value 119,,Completed,,,Org line C,E_1,be,,,Sweden
977,Accepted-In Progress,,,Accepted,Low,In Progress,,E_4,,,PROD325,
977,Accepted-Assigned,,19.068358287037082,,Low,,Org line C,E_4,,,PROD325,
977,,,19.086840677636207,,Low,,,,in,G93 2nd,PROD325,INDIA
978,Accepted-In Progress,,,Accepted,,,,A2_4,,G118 2nd,,
978,,Value 68,,Completed,High,Closed,,,se,G118 2nd,PROD591,
979,Queued-Awaiting Assignment,,,Queued,,Awaiting Assignment,,,,,,Sweden
979,,Value 13,19.068722200200558,Accepted,High,In Progress,Org line F,,us,S1 2nd,PROD437,Sweden
979,Completed-Closed,Value 13,19.071410230457126,Completed,High,,,,,,,Sweden
979,,Value 165,19.090813533420146,,,,Org line C,,us,N22 2nd,PROD437,USA
979,Completed-Closed,,,,,,Org line C,,us,,PROD437,USA
980,,,19.068651970459932,,Low,In Progress,,,jp,,,
980,Completed-Closed,Value 454,19.06865358685606,Completed,Low,,Org line C,,,,PROD683,Japan
981,,Value 134,19.06875324387739,Accepted,Medium,,,,,S30 2nd,,Sweden
981,,Value 134,,,Medium,Assigned,Org line G4,,,,,Sweden
981,Completed-Closed,Value 134,,,Medium,Closed,,,,,,
982,,Value 128,,,,In Progress,Org line A2,A2_4,se,,,Sweden
982,,Value 128,19.105596599920908,Accepted,,In Progress,,A2_4,se,,,Sweden
982,Completed-Closed,Value 128,19.10559688223515,,Medium,,,A2_4,,M13 2nd,,Sweden
983,Accepted-In Progress,,,Accepted,,In Progress,Org line G3,,us,G199 3rd,PROD96,
983,Completed-Closed,,19.086016070517726,,Medium,,,,us,G199 3rd,PROD96,
984,Accepted-In Progress,,19.06882955439697,,,,Org line C,E_6,se,,,
984,,Value 164,19.086622212481196,Completed,Medium,Closed,,E_6,,S20 2nd,,Sweden
985,Accepted-In Progress,,,Accepted,High,In Progress,,C_6,se,,,Sweden
985,,,19.081320982674722,,High,Wait,Org line C,,se,,,Sweden
985,Completed-Closed,Value 76,,Completed,,Closed,,,,G273 3rd,,Sweden
986,,Value 293,19.068866023433863,,,In Progress,Org line C,E_4,us,G88 2nd,PROD348,USA
986,Completed-Closed,Value 293,19.068866499358293,,,,,E_4,us,G88 2nd,,
987,Accepted-In Progress,,19.06887448021115,,,,Org line C,E_4,,G88 2nd,PROD104,USA
987,,Value 310,,,,,,E_4,us,G88 2nd,,
988,Accepted-In Progress,Value 455,,,,,Org line C,,mx,N13 2nd,,Mexico
988,,Value 455,,Completed,,,Org line C,,mx,N13 2nd,PROD572,
989,Accepted-In Progress,Value 444,19.069208646093298,,,,Org line A2,,se,G362 3rd,,
989,,Value 444,,,,,Org line A2,,,,,POLAND
989,,,19.070532174864624,Completed,,Closed,,A2_3,se,,PROD241,POLAND
990,,Value 213,19.069281936820612,Accepted,,In Progress,,,,,PROD791,
990,Accepted-Wait,,19.071447925266092,Accepted,,,Org line A2,,pl,N26 2nd,PROD791,POLAND
990,Completed-Closed,Value 213,,,Medium,Closed,Org line A2,,,,PROD791,POLAND
991,Accepted-In Progress,Value 236,19.069260905299686,,Major,,Org line C,,,U5 2nd,,France
991,Accepted-In Progress,Value 236,19.093238550612167,Accepted,,,Org line C,,fr,,,France
991,Completed-Closed,Value 236,19.093242812454765,Completed,Major,,Org line C,,,,,
992,Accepted-In Progress,,,,Major,,Org line C,,fr,U5 2nd,,
992,Accepted-In Progress,,19.09324327181396,Accepted,,,,,fr,U5 2nd,PROD773,
992,,Value 236,19.093244996961054,,Major,,,,fr,,PROD773,
993,Accepted-In Progress,,19.069340893819565,Accepted,High,,Org line C,,se,G273 3rd,,
993,,,19.095501583269435,,High,In Progress,Org line C,C_6,,G273 3rd,PROD803,France
993,Completed-Closed,Value 371,,Completed,High,,Org line C,,,G273 3rd,PROD803,
994,,,,Accepted,Medium,In Progress,,E_4,us,,,INDIA
994,Accepted-Wait,,19.07053983438472,Accepted,,,Org line C,E_4,,,PROD181,
994,,Value 456,,Completed,,Closed,Org line C,,us,,,
995,,Value 457,19.07051284567168,Accepted,Medium,In Progress,Org line A2,,fr,V23 2nd,,
995,,Value 457,19.077838816095145,,Medium,Closed,,A2_4,fr,V23 2nd,PROD231,France
996,Accepted-In Progress,,19.07054018420462,,Medium,,,,se,S28 2nd,,
996,,Value 93,19.080056526435246,Completed,Medium,Closed,Org line G4,,se,,,Sweden
997,,Value 384,19.070553926286504,Accepted,,In Progress,,A2_5,se,A10,PROD461,
997,,,,Accepted,,Assigned,,A2_5,,A10,,
997,,,,,Medium,,Org line A2,A2_5,se,A10,PROD461,
998,Accepted-In Progress,,,Accepted,,In Progress,Org line C,,,G225 3rd,PROD481,France
998,,Value 458,19.07055310657035,,,,,C_6,,,PROD481,
999,Accepted-In Progress,Value 458,,Accepted,,,Org line C,,fr,G225 3rd,PROD256,
999,Completed-Closed,Value 458,,,Low,Closed,,C_6,,,PROD256,France
1000,,Value 133,19.070593908823046,,,In Progress,,,,,PROD374,
1000,Completed-Closed,,,,,Closed,,,se,S33 2nd,PROD374,Sweden
1001,,Value 291,,,,,,,,S21 2nd,,
1001,,Value 291,19.092890023536764,Completed,,Closed,Org line A2,,se,S21 2nd,,
1002,,,,,,,Org line G4,,se,S33 2nd,,Sweden
1002,,Value 226,,Completed,,,Org line G4,,se,S33 2nd,PROD397,Sweden
1003,Queued-Awaiting Assignment,Value 459,19.0707003157718,,,,Org line A2,,,N24 2nd,,USA
1003,,Value 111,,Accepted,Major,,,,us,N30 2nd,PROD214,
1003,,,,,,Closed,,A2_5,us,N30 2nd,PROD214,USA
1004,,Value 94,19.070694552482614,,,In Progress,,,us,,,Sweden
1004,Accepted-In Progress,Value 94,19.070702142894586,Accepted,,In Progress,Org line F,,,S1 2nd,PROD807,Sweden
1004,Accepted-In Progress,Value 94,19.071566863782795,Accepted,,,,,us,,,
1004,,Value 460,19.110886121650314,Accepted,High,,Org line C,,,,PROD807,USA
1004,Completed-Closed,Value 460,,Completed,High,,Org line C,,,N6 2nd,,
1005,,,19.07079134418945,Accepted,,,Org line C,E_4,,,,
1005,,Value 310,19.075632643823404,Completed,Medium,,Org line C,E_4,,G88 2nd,,
1006,Accepted-In Progress,Value 2,19.070966320151317,,Medium,,,,se,,,
1006,Queued-Awaiting Assignment,Value 2,,Queued,Medium,,Org line C,C_6,se,,,
1006,,,19.071594538614335,,Medium,In Progress,Org line C,,se,G250 3rd,PROD660,Sweden
1006,,,19.071598273041058,Accepted,Medium,Wait,Org line C,,,,,Sweden
1006,,,19.08713670203108,Accepted,,,,C_6,,G250 3rd,PROD660,
1006,,,,Completed,Medium,,,,se,,,Sweden
1007,,Value 385,,Accepted,Medium,Wait,Org line A2,,,A10,,Sweden
1007,,,,Accepted,,,,,,,PROD320,Sweden
1007,Accepted-Wait,Value 385,,,,,,A2_5,se,A10,,
1007,Completed-Closed,,19.101631924731112,Completed,,Closed,Org line A2,A2_5,se,A10,,Sweden
1008,,,19.071046208909134,Accepted,Major,In Progress,Org line C,,se,G254 3rd,,
1008,,,,,,Closed,Org line C,,,G254 3rd,PROD683,Sweden
1009,,Value 187,19.071089548029573,Accepted,,In Progress,,E_8,in,G186 2nd,,INDIA
1009,,,19.07553597152775,,Major,Awaiting Assignment,,,,G186 2nd,PROD597,
1009,Accepted-In Progress,,19.080002118243737,,,,Org line C,E_8,in,,,INDIA
1009,,,19.080002278576405,Accepted,,,Org line C,E_8,,,,
1009,Accepted-In Progress,,19.083559729711354,Accepted,Major,,,,,,,Sweden
1009,Completed-Closed,,19.08355985339906,,,Closed,,,,G186 2nd,PROD597,Sweden
1009,Accepted-In Progress,Value 237,,,,In Progress,Org line C,,in,G181 2nd,,
1009,Queued-Awaiting Assignment,Value 176,19.084521325714803,,Major,,Org line C,,,G157 2nd,PROD597,
1009,Accepted-In Progress,Value 176,,Accepted,,In Progress,Org line C,E_7,,G157 2nd,PROD597,
1009,Completed-Closed,Value 176,19.087589698201207,,Major,Closed,,,in,,PROD597,
1009,,,19.08761485949475,Accepted,Major,In Progress,,,in,G157 2nd,PROD597,
1009,,,,,Major,,Org line C,E_7,in,,,
1010,,Value 55,19.07111019672469,Accepted,,,,V3_3,,V42 2nd,PROD358,France
1010,,,,Accepted,Medium,,Org line C,V3_3,,V42 2nd,PROD358,France
1010,,,19.079982329891696,Accepted,,In Progress,,E_6,,V29 2nd,,
1010,Completed-Closed,Value 149,19.111613013406703,Completed,Medium,Closed,Org line C,,,V29 2nd,PROD358,
1011,,,19.071129258687186,Accepted,Low,,,C_6,se,,PROD802,Sweden
1011,,Value 44,19.077358765559357,Accepted,,Wait,,C_6,,,PROD802,Sweden
1011,Completed-Closed,Value 44,,Completed,,Closed,,,se,,,Sweden
1012,,Value 461,,,Medium,,Org line C,,se,,PROD306,
1012,Completed-Closed,,,Completed,,,Org line C,,se,,,
1013,Accepted-In Progress,,19.071267273571237,,Medium,In Progress,Org line A2,,pl,,,
1013,Queued-Awaiting Assignment,,19.071275929194925,Queued,,,Org line A2,,,V10 3rd,PROD69,POLAND
1013,,Value 155,,,Medium,,Org line A2,,,V10 3rd,PROD69,
1013,,,,Completed,,Closed,,D_1,,V10 3rd,,POLAND
1014,Accepted-In Progress,Value 462,19.071369414547505,,High,In Progress,Org line C,E_3,be,G64 2nd,,
1014,,Value 462,,Completed,High,Closed,,E_3,,G64 2nd,,France
1015,Accepted-In Progress,Value 463,,,,,Org line C,E_4,in,,PROD279,
1015,,Value 463,19.077261186449487,Completed,Medium,Closed,,E_4,in,G93 2nd,PROD279,Sweden
1016,,,,,Medium,,Org line C,,se,G269 3rd,PROD802,
1016,Accepted-In Progress,Value 123,,Accepted,Medium,In Progress,Org line C,,,G269 3rd,PROD802,Sweden
1016,,,,,,,Org line C,,se,G269 3rd,PROD802,Sweden
1016,Accepted-In Progress,Value 123,19.071455744700465,,,In Progress,,C_6,,G269 3rd,,
1016,,Value 123,19.086184074927996,Completed,Medium,,Org line C,,se,G269 3rd,PROD802,Sweden
1017,Accepted-In Progress,,,Accepted,,,Org line A2,A2_1,se,M28 2nd,,Sweden
1017,,Value 464,19.071431164658076,,Medium,Wait,,A2_1,se,M28 2nd,,
1017,Queued-Awaiting Assignment,Value 464,,,,,,A2_1,,M28 2nd,PROD715,Sweden
1017,Accepted-In Progress,,,,,,,,se,,,Sweden
1017,,Value 465,,,,In Progress,Org line C,,,,PROD715,
1017,Queued-Awaiting Assignment,,,,,,,,,,PROD715,
1017,,Value 127,,Accepted,,In Progress,,,,,,Sweden
1017,Accepted-Wait,Value 127,19.096439228637905,,,Wait,Org line A2,,,M28 2nd,,
1017,Completed-Closed,Value 127,19.10559896430023,Completed,Medium,Closed,,,,M28 2nd,,Sweden
1018,,,,,Medium,In Progress,,A2_5,,A10,PROD236,Sweden
1018,,Value 384,19.083193382069698,Completed,Medium,Closed,,A2_5,,,,
1019,Accepted-In Progress,Value 360,,Accepted,Medium,,Org line C,,se,,PROD804,
1019,,,19.07151039557107,,,Wait,,,se,,PROD804,
1019,Completed-Closed,Value 360,19.099479597837888,Completed,Medium,,Org line C,C_6,,G273 3rd,PROD804,Sweden
1020,,Value 466,19.071503995361038,,Medium,,,,,G153 2nd,,
1020,,Value 466,19.092321316465178,,,,Org line C,E_7,se,,PROD673,
1021,Accepted-In Progress,Value 285,,,,,Org line A2,A2_3,,S35 2nd,PROD368,Sweden
1021,Completed-Closed,Value 285,,Completed,,,,,se,,PROD368,
1022,Queued-Awaiting Assignment,,,,Medium,,Org line C,,se,G148 3rd,,Sweden
1022,,,19.096362182571337,,Medium,,,C_6,,G148 3rd,PROD544,Sweden
1022,Completed-Closed,,19.09636223854039,Completed,,Closed,,,se,G148 3rd,PROD544,Sweden
1023,,Value 30,,,Low,,,A2_2,se,,PROD378,USA
1023,,Value 30,19.099517537613913,,Low,,Org line A2,A2_2,se,,,
1024,,,,,Medium,In Progress,,,se,,,Sweden
1024,,Value 31,,,Medium,,,,,,PROD492,
1025,,Value 133,19.071579225232654,Accepted,,,Org line G4,,se,,PROD374,Sweden
1025,Completed-Closed,Value 133,19.086682426807428,Completed,,,,,,S33 2nd,PROD374,
1026,,,,,,,,,us,,,USA
1026,Completed-Closed,Value 293,,Completed,,,,,,N30 2nd,PROD485,
1027,Accepted-In Progress,,,,Major,,Org line C,E_1,,,,
1027,Completed-Closed,,19.07817726990964,,,Closed,Org line C,E_1,be,,PROD715,Sweden
1028,Accepted-In Progress,Value 254,19.071788798963507,,,In Progress,Org line C,E_8,se,,PROD72,INDIA
1028,,,19.07178898669184,Queued,Major,,,E_8,,,PROD72,
1028,Accepted-In Progress,Value 467,19.071797309279205,Accepted,Major,In Progress,Org line C,,,G120 3rd,PROD72,
1028,,Value 280,19.07186970139542,Accepted,,,Org line C,,se,G120 3rd,PROD72,France
1028,Completed-Closed,Value 280,19.081843967558846,Completed,,Closed,Org line C,,se,,PROD72,France
1029,,Value 8,19.071885557817808,,,In Progress,Org line G4,,,S29 2nd,PROD411,Sweden
1029,Accepted-Assigned,,,Accepted,Medium,,Org line G4,,,,PROD411,
1029,Accepted-Wait,,19.073693339505322,,Medium,,,,,S29 2nd,,Sweden
1029,Accepted-In Progress,Value 468,,,Medium,,,,,S29 2nd,,
1029,,Value 98,,,Medium,Awaiting Assignment,,A2_3,,,,Sweden
1029,Accepted-In Progress,Value 39,19.09953134875522,Accepted,Medium,,,,,,,Sweden
1029,Completed-Closed,,19.099531434979156,Completed,,,Org line A2,A2_3,,,,
1030,,,,Accepted,,,Org line C,E_4,,G88 2nd,,INDIA
1030,Completed-Closed,,,Completed,Major,,Org line C,E_4,,G88 2nd,,INDIA
1031,Accepted-In Progress,,,,High,In Progress,,,us,,,Sweden
1031,Accepted-Wait,Value 469,,,High,,Org line A2,,,,,Sweden
1031,,Value 469,19.108571594180795,Completed,High,Closed,,A2_4,,G113 2nd,,
1032,,Value 140,,,Medium,In Progress,Org line A2,,,L38 3rd,,
1032,,,19.073713060124934,Accepted,,,Org line A2,,se,L38 3rd,PROD607,Sweden
1032,Completed-Closed,Value 140,19.07775069742557,,,Closed,,D_1,,,,Sweden
1033,,Value 412,19.071973668226487,,High,In Progress,,E_7,in,G165 2nd,PROD671,INDIA
1033,,Value 412,,,,Closed,Org line C,,,G165 2nd,PROD671,INDIA
1034,,,,,,In Progress,Org line A2,A2_1,be,,,
1034,Queued-Awaiting Assignment,Value 155,,,,Awaiting Assignment,Org line A2,,,,PROD715,POLAND
1034,,Value 444,,,Medium,In Progress,Org line A2,,,G54 2nd,,
1034,Queued-Awaiting Assignment,,19.077805793237573,Queued,Medium,Awaiting Assignment,Org line C,E_1,be,G213 2nd,PROD715,
1034,,Value 470,19.07816879817228,Accepted,Medium,,Org line C,,,,,
1034,,Value 470,,Completed,,Closed,Org line C,,,G213 2nd,PROD715,INDIA
1035,Accepted-In Progress,Value 355,,,,,,E_10,,G263 2nd,PROD104,
1035,Accepted-Wait,Value 355,,Accepted,Low,Wait,,E_10,in,G263 2nd,PROD104,
1035,Completed-Closed,Value 355,,,,Closed,,,,G263 2nd,,Sweden
1036,Accepted-In Progress,Value 96,,Accepted,High,In Progress,,,se,,,
1036,Completed-Closed,Value 96,19.08132459314672,,High,,,E_10,se,,,
1037,Accepted-In Progress,,,Accepted,Medium,,Org line C,C_4,se,,,
1037,,Value 438,,,Medium,,,C_4,,G155 3rd,PROD673,
1037,Accepted-In Progress,Value 438,19.072491057884825,Accepted,,,Org line C,C_4,se,,PROD673,
1037,,Value 438,,,Medium,Wait,,,se,,,United Kingdom
1037,,,,Completed,Medium,,,,se,G155 3rd,,
1038,Accepted-In Progress,,,,,In Progress,,E_4,,,OTHERS,
1038,Completed-Closed,,19.08662747367269,Completed,High,,Org line C,E_4,,G88 2nd,OTHERS,Sweden
1039,Accepted-In Progress,,19.072325208770597,Accepted,Medium,,Org line G4,,se,S33 2nd,PROD374,Sweden
1039,,Value 139,,Completed,Medium,Closed,,,se,S33 2nd,,
1040,Accepted-In Progress,,,Accepted,Medium,,Org line C,E_10,,,,Sweden
1040,Accepted-Wait,Value 471,,Accepted,Medium,,,E_10,in,G271 2nd,,Sweden
1040,Completed-Closed,Value 471,19.075580290563856,,Medium,,,,,,,
1041,,Value 353,,,,,,A2_4,fr,W6 2nd,PROD66,France
1041,,Value 353,19.086213887338698,,High,Closed,Org line A2,A2_4,,,PROD66,
1042,Accepted-In Progress,,19.072997091411327,Accepted,Major,,,,us,G88 2nd,,
1042,,Value 359,,,,Wait,,E_4,,G88 2nd,PROD436,INDIA
1042,Accepted-In Progress,,19.073431870516508,Accepted,,In Progress,,E_4,us,,,INDIA
1042,,Value 359,,,,Wait,,E_4,us,,,INDIA
1042,Queued-Awaiting Assignment,Value 150,,,Major,Awaiting Assignment,Org line C,E_4,,,PROD436,USA
1042,Accepted-In Progress,,,Accepted,,In Progress,Org line C,,,,PROD436,USA
1042,Accepted-Assigned,,19.080542267617254,,,,Org line C,,,G88 2nd,,
1042,Accepted-Assigned,,19.080551897844718,,Major,,Org line C,E_4,,G88 2nd,PROD436,
1042,Completed-Closed,Value 276,,Completed,Major,Closed,,,us,,,
1043,Accepted-In Progress,Value 472,19.072969403283295,Accepted,High,In Progress,,D_1,,G123 2nd,PROD605,INDIA
1043,,Value 472,,Completed,High,Closed,,,in,G123 2nd,PROD605,INDIA
1044,Accepted-In Progress,Value 8,19.073453283039758,Accepted,,In Progress,Org line G4,,,S33 2nd,,Sweden
1044,,Value 8,19.093055457974053,,,,Org line G4,,se,S33 2nd,,Sweden
1045,,,,Accepted,High,,,E_7,se,G160 2nd,PROD673,Sweden
1045,,,19.095158877271416,,High,,,,se,G160 2nd,,Sweden
1046,Accepted-In Progress,,,,,,Org line A2,,se,G349 3rd,,
1046,Completed-Closed,Value 273,,Completed,Medium,Closed,,,,G349 3rd,,Sweden
1047,Accepted-In Progress,Value 150,,,Medium,In Progress,Org line C,,,G88 2nd,,USA
1047,,Value 150,,Accepted,Medium,Wait,,E_4,,,,USA
1047,Queued-Awaiting Assignment,Value 150,19.08055467885933,Queued,Medium,,,E_4,in,,PROD793,USA
1047,Accepted-Assigned,Value 294,19.080914512052434,Accepted,Medium,,,,in,,PROD793,Sweden
1047,,Value 294,,Accepted,Medium,,Org line C,E_4,,,,
1047,Accepted-In Progress,,,Accepted,Medium,In Progress,Org line C,E_4,,G88 2nd,,
1047,Accepted-In Progress,Value 446,19.09332598365339,Accepted,,,Org line C,,,,,
1047,,,,Completed,Medium,Closed,,,,G93 2nd,,
1047,Accepted-In Progress,,19.09332765251865,,,In Progress,Org line C,,,G93 2nd,PROD793,
1047,Completed-Closed,Value 446,,Completed,Medium,,Org line C,,in,G93 2nd,,Sweden
1047,Accepted-In Progress,Value 446,19.09333986526131,Accepted,Medium,In Progress,Org line C,,,,,
1047,Completed-Closed,,,Completed,Medium,Closed,Org line C,,,G93 2nd,,Sweden
1048,,,19.073769934940934,Accepted,,,,,se,G349 3rd,PROD80,
1048,Completed-Closed,,19.076870691753424,,,Closed,Org line A2,A2_3,se,,,
1049,,,19.073737297894006,Accepted,Medium,In Progress,Org line C,,in,,,Sweden
1049,,Value 473,19.074137097272718,,Medium,Closed,Org line C,E_10,,G271 2nd,PROD802,Sweden
1050,,,19.073824740508545,Accepted,,In Progress,,,se,A10,,Sweden
1050,Accepted-Wait,Value 385,,,,,Org line A2,,,A10,,
1050,,Value 385,19.101631570436314,Completed,Medium,Closed,Org line A2,A2_5,se,,PROD320,Sweden
1051,,,19.07376417890701,Accepted,,,,C_4,se,G155 3rd,PROD673,Sweden
1051,,Value 2,19.073934706878575,,,In Progress,,C_4,,,PROD673,
1051,Completed-Closed,,,Completed,Medium,Closed,Org line C,C_4,,,PROD673,Sweden
1052,,,19.073773463487846,Accepted,,In Progress,Org line C,E_4,us,,PROD793,USA
1052,Accepted-Wait,,,Accepted,,Wait,Org line C,,us,G88 2nd,PROD793,
1052,Queued-Awaiting Assignment,,,,,,Org line C,E_4,,G88 2nd,,
1052,Accepted-In Progress,,19.0863855381319,,,In Progress,,E_4,us,,PROD793,Sweden
1052,,Value 217,19.089309924801224,Queued,Medium,,,,us,G92,PROD793,INDIA
1052,Accepted-In Progress,Value 276,19.09903421521511,,,In Progress,,,us,,PROD793,INDIA
1052,Completed-Closed,,19.099035174298624,,Medium,,Org line C,,,G88 2nd,,
1053,Accepted-In Progress,,19.073776955592077,,,In Progress,Org line A2,,,,,
1053,,,19.073892214209476,Completed,Medium,Closed,,,,,,
1054,Accepted-In Progress,,,Accepted,,In Progress,Org line A2,,,U6 2nd,,Sweden
1054,,,,Accepted,,In Progress,Org line A2,A2_3,se,,,
1054,,,19.083189149359903,Completed,Medium,,Org line A2,,,,PROD831,
1055,,,,,,In Progress,Org line G3,,us,G199 3rd,PROD98,
1055,,,,Completed,,Closed,Org line G3,,,,PROD98,POLAND
1056,,Value 474,,,Medium,,Org line A2,,cn,N18 2nd,,China
1056,Accepted-In Progress,Value 474,,Accepted,Medium,In Progress,Org line A2,,,,,China
1056,,Value 474,,,Medium,Closed,Org line A2,A2_5,,N18 2nd,PROD789,
1057,,Value 126,,,,,,,,,,
1057,Accepted-In Progress,,19.073920152588197,,,,,,,,,
1057,Completed-Closed,,,Completed,High,Closed,Org line A2,,se,U6 2nd,,Sweden
1058,,,,Accepted,,In Progress,Org line A2,,,,,Belgium
1058,Queued-Awaiting Assignment,Value 33,19.074061232339606,,,,,,,G7 3rd,PROD737,Belgium
1058,,Value 33,19.080441788263137,,,,Org line F,,be,,,
1058,Queued-Awaiting Assignment,Value 475,19.080442356935315,,,,Org line A2,,be,G7 3rd,,Belgium
1058,Accepted-In Progress,Value 475,,Accepted,Medium,,,,,G7 3rd,PROD737,Belgium
1058,,Value 475,19.11421973274544,,Medium,,,,be,,,Belgium
1059,,,19.074142445372047,,Major,Awaiting Assignment,Org line C,,se,,PROD209,Sweden
1059,Accepted-In Progress,Value 231,19.074235642335807,Accepted,Major,In Progress,Org line C,,se,G285 2nd,PROD209,Belgium
1059,,Value 231,19.074614328533702,Completed,Major,Closed,Org line C,E_10,,,PROD209,Belgium
1060,,,,,,,,,se,S33 2nd,PROD397,Sweden
1060,Completed-Closed,Value 298,19.103092490396214,Completed,Medium,Closed,Org line G4,,,,PROD397,Sweden
1061,Accepted-In Progress,,,Accepted,Medium,In Progress,Org line G3,,,G199 3rd,PROD98,
1061,Completed-Closed,Value 43,,,,,Org line G3,,us,,PROD98,POLAND
1062,,,,,Medium,In Progress,Org line G4,,,,PROD176,
1062,Completed-Closed,Value 106,19.074245603986963,,Medium,,Org line G4,,se,,PROD176,
1063,,Value 476,,,,,Org line A2,,se,G348 2nd,,Sweden
1063,Accepted-Wait,Value 476,19.074195815547377,Accepted,Medium,,Org line A2,A2_3,,,PROD82,Sweden
1063,,Value 476,19.07515193816844,,,Closed,Org line A2,,,G348 2nd,PROD82,Sweden
1064,,,19.074199181326097,,,,Org line C,,,G268 3rd,,Sweden
1064,Queued-Awaiting Assignment,,19.074200846003812,Queued,,Awaiting Assignment,,C_6,,G268 3rd,PROD805,
1064,Accepted-In Progress,Value 45,19.07426558421112,,Medium,In Progress,,,,G268 3rd,,
1064,Accepted-Wait,,19.102993432804105,,Medium,Wait,,,se,G268 3rd,,Sweden
1064,,,19.113887312748794,,Medium,Closed,,,,,,
1065,Accepted-In Progress,Value 477,19.074249765482865,Accepted,Low,,,,in,G17 3rd,,Sweden
1065,Accepted-Wait,,19.074251034735667,,,Wait,Org line A2,A2_4,in,G17 3rd,PROD66,
1065,Accepted-Wait,Value 477,19.07512916391809,Accepted,Low,Wait,,,,,,Sweden
1065,Accepted-In Progress,,19.094247865146052,Accepted,,,,A2_4,,,,
1065,Completed-Closed,Value 477,,Completed,,,Org line A2,A2_4,in,,,Sweden
1066,,,19.07424785639877,,Medium,In Progress,,,se,M13 2nd,PROD705,
1066,,Value 76,,,Medium,Closed,,,se,M13 2nd,,Sweden
1067,Accepted-Wait,Value 38,19.074268117473196,Accepted,,Wait,Org line A2,,,N7 2nd,,Sweden
1067,,Value 38,,,Medium,,Org line A2,A2_1,se,N7 2nd,,Sweden
1067,,,19.07427998782725,Queued,Medium,Awaiting Assignment,,,se,G44 2nd,,Sweden
1067,,,,Accepted,Medium,,,,,,,Sweden
1067,,,19.074621806052527,,Medium,,Org line A2,A2_3,se,G44 2nd,,Sweden
1068,,Value 76,,Accepted,,In Progress,,,,,PROD374,
1068,,,,Completed,Medium,Closed,Org line G4,,,,,
1069,,,19.07431465656905,Accepted,Medium,In Progress,,,in,G87 2nd,,
1069,Accepted-Wait,,,Accepted,,,,E_4,in,G87 2nd,PROD168,INDIA
1069,Completed-Closed,,19.07699093243716,,,,Org line C,,,G87 2nd,PROD168,
1070,,Value 385,19.074705562922357,Accepted,Medium,In Progress,Org line A2,A2_5,,A10,PROD320,Sweden
1070,Accepted-Wait,,19.077805622185558,,,,,,,,,Sweden
1070,,Value 385,,,Medium,,Org line A2,,se,,,
1071,,,19.074634410589127,,Low,In Progress,,,in,,,Sweden
1071,Completed-Closed,Value 477,,Completed,Low,,,A2_4,,,,
1072,Accepted-In Progress,,19.074632029051067,,Medium,,Org line A2,,pl,W16 3rd,,POLAND
1072,,Value 478,19.07463425459336,,Medium,Assigned,,A2_1,pl,W16 3rd,,
1072,Accepted-In Progress,Value 478,19.075086851913106,,Medium,,,,pl,W16 3rd,,
1072,Accepted-Wait,,19.09329688268667,Accepted,Medium,Wait,,A2_1,pl,W16 3rd,PROD756,POLAND
1072,,,,Accepted,Medium,,Org line A2,A2_1,pl,,PROD756,
1072,,Value 478,19.09952020551726,Accepted,Medium,,Org line A2,A2_1,,,,
1072,Completed-Closed,Value 478,,Completed,Medium,Closed,Org line A2,,pl,,,POLAND
1073,,,,Accepted,,In Progress,,,se,,PROD221,
1073,,Value 76,19.074622653639796,,,Awaiting Assignment,,A2_3,se,,,Sweden
1073,Accepted-In Progress,,19.07690973770954,Accepted,Major,,Org line G4,,,M22 2nd,,Sweden
1073,,Value 77,,,,Assigned,,A2_3,se,V23 2nd,PROD221,Sweden
1073,Accepted-In Progress,,19.10563496367949,Accepted,,,Org line A2,,,V23 2nd,,
1073,Completed-Closed,,,,Major,Closed,Org line A2,,se,,,Sweden
1074,,Value 43,,,Medium,,,,us,,PROD98,
1074,Completed-Closed,Value 43,,Completed,Medium,Closed,,,us,G199 3rd,PROD98,
1075,,,,Accepted,,,,,,G88 2nd,,
1075,Accepted-Wait,Value 359,19.074707746705183,,,Wait,,,,G88 2nd,,INDIA
1075,Completed-Closed,Value 359,,Completed,,Closed,Org line C,E_4,us,,,INDIA
1075,Accepted-In Progress,Value 359,19.083955282078083,,High,In Progress,,,,,PROD793,
1075,Queued-Awaiting Assignment,,19.083955967242847,Queued,High,,,,,,,
1075,Accepted-In Progress,,19.086381986999214,Accepted,High,,,E_4,,,,Sweden
1075,,,,,,Closed,Org line C,,,,PROD793,
1076,Accepted-In Progress,,,Accepted,Medium,,,,,N6 2nd,,
1076,Completed-Closed,,,Completed,Medium,Closed,,,us,,PROD378,USA
1077,Accepted-In Progress,Value 385,,Accepted,,In Progress,,A2_5,se,A10,,Sweden
1077,,Value 385,19.077805865805086,,,,Org line A2,,se,,,
1077,Completed-Closed,,,Completed,,,Org line A2,A2_5,se,A10,PROD320,Sweden
1078,,,,,Medium,In Progress,Org line A2,A2_5,,A10,PROD320,Sweden
1078,Completed-Closed,,,Completed,Medium,,Org line A2,A2_5,se,,PROD320,
1079,Accepted-In Progress,,19.074702796790596,,,,,E_4,us,,,
1079,Accepted-Wait,Value 359,,Accepted,High,,,,,,PROD793,INDIA
1079,Completed-Closed,,19.080867540144528,Completed,High,,Org line C,E_4,,G88 2nd,PROD793,
1079,,Value 359,,Accepted,High,,,,,G88 2nd,,INDIA
1079,,Value 150,,Queued,,Awaiting Assignment,Org line C,E_4,us,G88 2nd,,
1079,Accepted-In Progress,Value 294,19.086684163310146,Accepted,High,In Progress,,,,G88 2nd,PROD793,Sweden
1079,Completed-Closed,Value 294,19.086684209548345,Completed,High,,,,us,G88 2nd,,
1080,Accepted-In Progress,,,Accepted,Medium,,Org line C,E_8,,G186 2nd,,
1080,,,19.074723953344417,Queued,,,,,,G186 2nd,PROD62,INDIA
1080,,Value 479,19.07507175304283,Accepted,,In Progress,,,in,G181 2nd,,
1080,Accepted-Assigned,,19.075071945353457,,Medium,,Org line C,E_8,,,,
1080,,,,Queued,Medium,,,,in,,,
1080,,,,Accepted,,,Org line C,E_8,in,,PROD62,
1080,Accepted-Assigned,Value 187,19.07511560930289,Accepted,Medium,Assigned,Org line C,E_8,in,,,INDIA
1080,,Value 206,,,,Assigned,Org line C,E_8,in,G186 2nd,,Sweden
1080,,Value 307,,,Medium,,Org line C,E_4,in,,PROD62,INDIA
1080,,Value 481,19.111702231827614,,Medium,In Progress,,,,,PROD62,
1080,,Value 481,19.11172188336369,,Medium,Wait,,E_4,,G87 2nd,,INDIA
1080,,,19.111727329807255,Accepted,Medium,Assigned,Org line C,E_4,in,G87 2nd,,
1080,Accepted-In Progress,Value 482,19.112158942536396,,,,,E_4,,G87 2nd,PROD62,
1080,,,19.112159097795292,,,,Org line C,E_4,,,,Sweden
1081,Queued-Awaiting Assignment,,,,,,Org line C,V3_3,,,,USA
1081,,Value 165,,,Major,In Progress,Org line C,,us,N22 2nd,,USA
1081,,,,,,,Org line C,V3_3,us,N22 2nd,,
1082,,,19.07503459481771,Accepted,,In Progress,,E_8,us,G186 2nd,,INDIA
1082,Queued-Awaiting Assignment,,19.075036949408407,,,Awaiting Assignment,Org line C,,,G186 2nd,,INDIA
1082,,Value 479,,,Medium,,Org line C,E_8,,G181 2nd,,Sweden
1082,Accepted-Assigned,,19.075070749908434,,Medium,Assigned,,E_8,us,,PROD476,
1082,Queued-Awaiting Assignment,Value 358,,,,,Org line C,,us,,PROD476,USA
1082,,Value 358,19.077374498884534,Accepted,Medium,,Org line C,,,,,
1082,Accepted-Assigned,,19.07737471149534,,,Assigned,,,us,G14 3rd,,
1082,,Value 278,,,,,,C_1,,G14 3rd,PROD476,INDIA
1082,,Value 116,,Accepted,,,Org line C,C_1,us,,,
1082,,Value 116,19.08766349157557,Accepted,Medium,In Progress,,C_1,,G14 3rd,PROD476,Sweden
1082,Completed-Closed,,,,,,Org line C,,,,PROD476,
1083,Accepted-In Progress,,,,,,,,gb,W1,,
1083,,Value 438,19.07505526096981,,Low,In Progress,Org line C,V3_3,gb,W1,,United Kingdom
1083,,Value 438,,Completed,,,Org line C,V3_3,,,,United Kingdom
1084,,Value 289,19.07507041726261,Accepted,Medium,,,,se,S33 2nd,PROD448,
1084,,Value 289,19.108605461159296,,Medium,,Org line G4,,,S33 2nd,PROD448,
1084,,,,,Medium,,Org line G4,,se,S33 2nd,PROD448,
1085,,Value 187,19.075041897669244,Accepted,Low,In Progress,,E_8,us,,PROD476,INDIA
1085,,Value 187,,Queued,Low,,,E_8,,G186 2nd,PROD476,
1085,,Value 199,,,,,Org line C,,us,G186 2nd,PROD476,INDIA
1085,,,,Accepted,,,,E_8,,,PROD476,
1085,,Value 358,19.08811218608215,Queued,,,,,,,PROD476,
1085,,,,,,In Progress,Org line C,E_1,us,G13 2nd,,USA
1085,Accepted-Assigned,,,Accepted,,,,E_1,,G13 2nd,PROD476,France
1085,Accepted-In Progress,,19.111705348440694,,,,,E_1,us,,PROD476,
1085,Completed-Closed,,19.12028061604726,Completed,,,Org line C,E_1,us,,PROD476,France
1086,Accepted-In Progress,Value 43,19.075082532775905,Accepted,,,,,,,,
1086,,,19.07508383735481,,,Closed,Org line G3,,,,PROD98,
1087,Accepted-In Progress,,19.075300914291503,,,In Progress,Org line B,E_10,,G238 2nd,PROD209,INDIA
1087,Completed-Closed,,19.084427687048706,,,,Org line B,E_10,,,PROD209,INDIA
1088,,Value 289,19.07549281429696,Accepted,Low,,Org line G4,,,,PROD448,Sweden
1088,,,19.075493894938933,Accepted,,,Org line G4,,se,S33 2nd,PROD448,
1088,Accepted-In Progress,Value 289,,,Low,,,,,,PROD448,Sweden
1088,Completed-Closed,Value 289,,,Low,,Org line G4,,,S33 2nd,PROD448,
1089,Accepted-In Progress,,19.075490621837062,Accepted,,,Org line C,,se,G278 3rd,,Sweden
1089,Queued-Awaiting Assignment,,,Queued,Medium,,Org line C,,se,G278 3rd,PROD631,Sweden
1089,Accepted-In Progress,Value 88,,,,In Progress,Org line C,C_6,,,PROD631,Sweden
1089,,Value 93,19.10560203949738,,,Assigned,,,se,,PROD631,Sweden
1089,Accepted-In Progress,,,Accepted,Medium,In Progress,Org line C,C_6,,,PROD631,
1089,Completed-Closed,Value 44,19.10562315727613,,Medium,,,C_6,se,,PROD631,
1090,,,,Accepted,,In Progress,Org line C,E_10,se,,,
1090,Queued-Awaiting Assignment,Value 76,,,,,,E_10,se,,,Sweden
1090,Accepted-In Progress,,,,,In Progress,,,se,,,Sweden
1090,Completed-Closed,Value 76,19.096301210060588,,,,Org line C,,se,G291 2nd,PROD660,
1091,,Value 337,19.075596841513534,,,,,E_7,in,,,
1091,,,19.075599148027145,,Major,Awaiting Assignment,,E_7,in,,PROD678,INDIA
1091,Accepted-In Progress,,,Accepted,Major,In Progress,Org line C,,in,,,INDIA
1091,,,19.07727458235989,Queued,Major,,,,,G271 2nd,,
1091,Accepted-In Progress,,19.077385585700007,Accepted,Major,,Org line C,,in,,,
1091,Queued-Awaiting Assignment,,19.077385865720885,,,Awaiting Assignment,,,in,,PROD678,INDIA
1091,Accepted-In Progress,,19.078169580580386,Accepted,,In Progress,,E_10,in,,,INDIA
1091,Queued-Awaiting Assignment,,,Queued,Major,Awaiting Assignment,Org line B,,,,PROD678,INDIA
1091,,Value 485,,,Major,,,C_6,,,,
1091,Queued-Awaiting Assignment,,,,Major,,Org line C,,,G162 2nd,PROD678,
1091,,Value 412,19.08093046856375,Accepted,,,Org line C,E_7,,G165 2nd,,
1091,,Value 484,,Queued,Major,,Org line B,C_6,in,S13 3rd,PROD678,INDIA
1091,Accepted-In Progress,Value 485,,,,In Progress,Org line B,C_6,in,,PROD678,INDIA
1091,,Value 154,,,Major,,Org line C,E_6,,G130 3rd,,France
1091,Accepted-In Progress,Value 485,,Accepted,Major,In Progress,,,,S13 3rd,PROD678,INDIA
1091,,,,,Major,Awaiting Assignment,,E_6,in,G130 3rd,PROD678,France
1091,,Value 152,,,,In Progress,,,in,G181 2nd,PROD678,INDIA
1091,,,19.0848939038541,,Major,,,,in,G130 3rd,,INDIA
1091,Queued-Awaiting Assignment,,,Queued,Major,,Org line B,,,,PROD678,
1091,,Value 39,,Queued,,,,,in,,PROD678,Sweden
1091,,Value 485,19.094237504198638,Accepted,Major,,Org line B,,,S13 3rd,,
1091,,,,,Major,In Progress,Org line B,C_6,in,,,INDIA
1091,,Value 485,,,Major,In Progress,Org line B,,,,,INDIA
1091,,,19.09423992108278,,,In Progress,Org line B,C_6,,,PROD678,
1091,Queued-Awaiting Assignment,,,Queued,Major,,Org line C,,in,G88 2nd,PROD678,
1091,,,,,Major,Awaiting Assignment,Org line C,E_7,in,G165 2nd,,INDIA
1091,Accepted-In Progress,,19.102466097717272,,,In Progress,Org line C,,,G165 2nd,PROD678,
1091,Completed-Closed,Value 337,,,Major,Closed,,E_7,,G165 2nd,,INDIA
1092,,Value 486,19.075599376600277,,Medium,,Org line A2,,us,,PROD668,USA
1092,,Value 486,,Completed,,Closed,Org line A2,,,N4 2nd,PROD668,
1093,Accepted-In Progress,,,Accepted,Major,In Progress,,A2_3,,,PROD214,Sweden
1093,Queued-Awaiting Assignment,,,,,Awaiting Assignment,,,us,,,
1093,,,19.09117012940095,Accepted,Major,In Progress,,,us,N22 2nd,PROD214,USA
1093,,Value 165,,,,,Org line C,V3_3,,,,
1094,Queued-Awaiting Assignment,Value 98,19.075675665158926,Queued,,,Org line A2,,se,G361 2nd,PROD655,Sweden
1094,,,19.099529771363127,,High,,,A2_3,,,,
1094,,Value 39,19.09952988801922,,,Closed,Org line A2,,,,,
1095,,Value 332,,,Low,,,E_10,in,,PROD802,
1095,,Value 332,,Accepted,Low,,,,in,G271 2nd,PROD802,
1095,,,,Completed,Low,Closed,,,in,G271 2nd,PROD802,Sweden
1096,,Value 332,,,Low,,Org line C,,,G271 2nd,,
1096,Accepted-Wait,,,,Low,,,,,G271 2nd,PROD802,
1096,Completed-Closed,Value 332,19.101611992922898,Completed,,,Org line C,E_10,in,,PROD802,Sweden
1097,,,19.07679599382607,Accepted,Low,In Progress,Org line C,,,G93 2nd,,INDIA
1097,Completed-Closed,Value 339,,,Low,Closed,,,in,,PROD455,
1098,,Value 25,,,Medium,In Progress,Org line A2,A2_5,,A10,PROD320,
1098,Accepted-Assigned,Value 25,19.076821168745713,Accepted,Medium,,,A2_5,,,,
1098,,Value 25,19.11073145539621,Accepted,,,Org line A2,A2_5,se,A10,PROD320,
1098,Completed-Closed,Value 25,19.110731756326544,,Medium,,Org line A2,,,,PROD320,POLAND
1099,Accepted-In Progress,Value 187,19.076848086322244,Accepted,Medium,In Progress,Org line C,E_8,,,PROD473,INDIA
1099,,,19.076856206073455,Queued,Medium,Awaiting Assignment,Org line C,E_8,,,PROD473,INDIA
1099,,Value 279,19.077267109092478,Accepted,Medium,,,E_8,in,,,
1099,,,19.077267233560956,,Medium,,,,,,PROD473,INDIA
1099,Completed-Closed,,,,,,Org line C,,in,,PROD473,INDIA
1100,Accepted-In Progress,,19.07696876030599,Accepted,,In Progress,,,,S33 2nd,PROD397,Sweden
1100,Completed-Closed,,19.08142447770316,Completed,,Closed,Org line G4,,se,S33 2nd,,Sweden
1101,Accepted-In Progress,,19.07726479086424,Accepted,High,,,V3_2,se,M12,PROD502,
1101,Completed-Closed,Value 24,19.099865633800032,,High,Closed,Org line C,,se,M12,,Sweden
1102,,,19.07725733308237,,Medium,,,,us,G199 3rd,PROD96,POLAND
1102,Completed-Closed,,,Completed,,Closed,Org line G3,,,G199 3rd,,POLAND
1103,,,19.077386560587165,,,,,E_1,,G55 2nd,PROD188,
1103,,Value 209,19.077717972321192,,High,,,C_1,se,G56 3rd,PROD188,
1103,Queued-Awaiting Assignment,Value 58,19.07771810710126,,,,,,,,,
1103,,,,Queued,High,Awaiting Assignment,,E_1,,,PROD188,
1103,Accepted-Assigned,,,,High,Assigned,Org line C,,se,,PROD188,Sweden
1103,Queued-Awaiting Assignment,,19.081784607317978,,High,,,,se,,,
1103,Accepted-Assigned,Value 209,,,High,,Org line C,,se,G56 3rd,PROD188,Sweden
1103,,,19.08180545969484,,,Awaiting Assignment,,,,,PROD188,
1103,,Value 116,19.106501738427582,,High,In Progress,,,,G51 2nd,PROD188,Sweden
1103,Completed-Closed,Value 116,,Completed,High,,,,,,PROD188,Sweden
1104,Accepted-In Progress,Value 108,19.077406115170827,,High,In Progress,Org line C,,se,N12 2nd,PROD745,
1104,,Value 108,,,,,,,,N12 2nd,PROD745,
1104,Completed-Closed,Value 108,19.104655319501983,,High,,Org line C,,se,,PROD745,
1105,Accepted-In Progress,,,,,In Progress,Org line C,E_1,us,,PROD398,Sweden
1105,Accepted-In Progress,Value 367,,Accepted,Medium,,,E_1,us,,PROD398,
1105,,Value 367,19.117701368034652,Completed,Medium,Closed,,,,G13 2nd,PROD398,
1106,Accepted-In Progress,,,Accepted,,In Progress,,,be,G58 3rd,PROD329,Sweden
1106,,Value 404,19.078296933952878,,Medium,Closed,,,be,G58 3rd,PROD329,Sweden
1107,Accepted-In Progress,Value 487,,,High,,Org line A2,A2_4,be,G111 2nd,,
1107,Accepted-In Progress,Value 487,19.094147300273455,Accepted,High,,Org line A2,,be,G111 2nd,,Belgium
1107,,Value 487,,Completed,,Closed,,A2_4,,G111 2nd,,Belgium
1108,Accepted-In Progress,,,,,In Progress,Org line V7n,,,V32 2nd,,Netherlands
1108,Accepted-In Progress,Value 488,,Accepted,High,,,,nl,V32 2nd,,
1108,,Value 5,,,High,Awaiting Assignment,,,,V37 2nd,,
1108,,Value 5,19.08132439686961,Accepted,,In Progress,,,nl,,,Netherlands
1108,,Value 5,19.081324412365174,,High,,Org line V7n,,,V37 2nd,,
1108,Accepted-In Progress,,,,,,,,,V37 2nd,,Netherlands
1108,,Value 5,19.08132490822306,,,Closed,,,nl,,PROD542,
1108,,,19.08132519747338,Accepted,High,In Progress,,,,V37 2nd,PROD542,Netherlands
1108,Completed-Closed,,,Completed,High,Closed,,,,,,Netherlands
1109,,,19.077782281086225,,Medium,,Org line C,E_10,,G271 2nd,,Sweden
1109,,Value 471,,Completed,,Closed,Org line C,E_10,,,PROD802,
1110,,,,Accepted,High,In Progress,Org line G4,,,S30 2nd,PROD412,Sweden
1110,,Value 88,19.077772396072696,,High,Assigned,,,se,,PROD412,
1110,Accepted-In Progress,Value 88,,Accepted,High,In Progress,Org line G4,,se,,,
1110,Completed-Closed,Value 88,,,,,,,se,S30 2nd,PROD412,Sweden
1111,,,,Accepted,Medium,,,A2_4,0,,PROD49,Belgium
1111,,Value 489,19.083563481564912,Completed,,Closed,Org line A2,,0,G11 2nd,,
1112,Queued-Awaiting Assignment,Value 283,,Queued,High,Awaiting Assignment,,,se,G49,,Sweden
1112,,,19.077839697242627,,,In Progress,,,,,,
1112,,Value 60,19.077846559799994,Accepted,,,Org line G4,,,S30 2nd,PROD412,
1112,,Value 88,19.08396975801576,Accepted,,Assigned,Org line G4,,,S30 2nd,,Sweden
1112,Accepted-Assigned,,,Accepted,High,Assigned,Org line G4,,se,S30 2nd,,Sweden
1112,Accepted-In Progress,Value 88,,,High,In Progress,,,se,,,Sweden
1112,,,,Completed,,Closed,,,se,S30 2nd,PROD412,
1113,,Value 283,,,,,Org line C,,fr,,,
1113,,,19.0778379193972,,,In Progress,,V3_2,fr,S36,,
1113,Accepted-In Progress,Value 490,,,High,In Progress,Org line C,,fr,S36,PROD374,
1113,,,19.077838017878516,,,,,V3_2,,,PROD374,Sweden
1113,Queued-Awaiting Assignment,Value 108,,,High,,Org line G4,,fr,S33 2nd,,
1113,Accepted-In Progress,,19.07786863473121,,,In Progress,Org line G4,,,,PROD374,
1113,,Value 491,19.077869572866117,Completed,,,,A2_4,fr,V23 2nd,PROD374,France
1113,Accepted-In Progress,Value 492,19.096021278020473,Accepted,High,,,A2_4,fr,,PROD374,France
1113,,,,Completed,,,,,fr,,PROD374,France
1114,,,19.078174554816307,Accepted,,,,,se,S33 2nd,,Sweden
1114,Completed-Closed,,19.07872092761387,,,Closed,Org line G4,,,,PROD397,Sweden
1115,,Value 213,,,Low,,,A2_2,,G171 2nd,,POLAND
1115,,Value 213,,Completed,,,,A2_2,pl,G171 2nd,,
1116,,Value 355,19.078246113715718,Accepted,,In Progress,Org line C,,,G263 2nd,PROD802,
1116,,,19.078303508428387,Accepted,Low,,Org line C,E_10,,,,Sweden
1116,Accepted-Wait,Value 355,,Accepted,Low,Wait,,E_10,,G263 2nd,PROD802,
1116,Completed-Closed,,,Completed,,,Org line C,E_10,in,,,
1117,Accepted-In Progress,,19.07824459564872,Accepted,,,Org line C,E_4,,G87 2nd,,INDIA
1117,,,,,,Wait,Org line C,E_4,,,,
1117,,,,Completed,,Closed,Org line C,E_4,in,,,INDIA
1118,,Value 493,19.078355843649323,Accepted,,,,,,,PROD473,Sweden
1118,,Value 493,19.079978580094497,Accepted,Major,,Org line C,E_8,,,,Sweden
1118,,Value 493,,Completed,,Closed,Org line C,E_8,in,G186 2nd,,
1119,Accepted-In Progress,Value 333,19.078370587367726,,Major,In Progress,Org line C,E_10,in,,PROD805,
1119,,,,,Major,Closed,,E_10,,,,Sweden
1120,Accepted-In Progress,,,,Medium,In Progress,Org line C,,,G294 2nd,,INDIA
1120,Completed-Closed,Value 461,19.106325672866483,,Medium,Closed,Org line C,E_1,,G294 2nd,,INDIA
1121,,Value 7,,Accepted,Major,In Progress,Org line C,,,U4,PROD535,Sweden
1121,,,19.09377335418115,Completed,,,,,se,,,
1122,,,,,,In Progress,Org line C,,,,,USA
1122,Queued-Awaiting Assignment,,,,High,,,E_4,,G88 2nd,PROD278,
1122,,Value 307,19.084886147621468,,,Awaiting Assignment,,E_4,,G87 2nd,,
1122,,,,Accepted,High,In Progress,Org line C,,,G87 2nd,PROD278,
1122,Queued-Awaiting Assignment,Value 217,,Queued,High,,Org line C,E_5,us,,,INDIA
1122,,Value 307,,Accepted,High,In Progress,,E_4,,G87 2nd,,INDIA
1122,Queued-Awaiting Assignment,Value 150,,Queued,,Awaiting Assignment,Org line C,,us,,PROD278,
1122,,Value 294,19.086684748993815,Accepted,,In Progress,,E_4,,,,Sweden
1122,Queued-Awaiting Assignment,,19.092937725824704,Queued,,Awaiting Assignment,Org line C,,us,G87 2nd,PROD278,
1122,,,19.092940181591064,,,,,,,,PROD278,
1122,Queued-Awaiting Assignment,,19.09294486846313,Queued,,,Org line C,E_4,us,,PROD278,USA
1122,Accepted-In Progress,Value 274,,Accepted,,,,,us,,,
1122,,Value 274,,Completed,High,Closed,,,,,PROD278,
1123,,Value 396,,,Medium,,Org line A2,A2_4,in,,PROD194,Sweden
1123,Accepted-Assigned,Value 396,19.081742813488287,Accepted,,,,,in,G31 3rd,PROD194,
1123,Completed-Closed,,19.081757729361872,Completed,,Closed,Org line A2,,in,G31 3rd,PROD194,Sweden
1124,,Value 150,,,,In Progress,,E_4,us,G88 2nd,,USA
1124,Queued-Awaiting Assignment,Value 150,19.07883073491351,Queued,,Awaiting Assignment,Org line C,E_4,us,G88 2nd,PROD668,
1124,,,19.080541233770898,Accepted,High,In Progress,Org line C,,us,,PROD668,
1124,,Value 405,19.080541580109546,Accepted,High,,Org line C,,,,PROD668,USA
1124,Accepted-Wait,,,Accepted,High,Wait,Org line C,E_4,,G88 2nd,,
1124,,,19.087180412350314,,High,,Org line C,E_4,,G88 2nd,,
1125,,,,Accepted,,,Org line C,,,,,
1125,Completed-Closed,Value 114,,Completed,,,Org line C,C_6,,G268 3rd,,
1126,Accepted-In Progress,,,,Major,In Progress,Org line A2,A2_1,,T17 2nd,PROD834,Sweden
1126,Accepted-In Progress,Value 166,,,,In Progress,Org line A2,A2_1,,,PROD834,Sweden
1126,,Value 151,19.080400579348463,,Major,,,A2_1,se,,,Sweden
1126,Accepted-In Progress,Value 151,19.08308815189969,Accepted,Major,,,,se,,,Sweden
1126,Accepted-Wait,,,Accepted,Major,Wait,,,,,PROD834,
1126,,Value 151,19.0871620647246,,,,Org line A2,,se,J2 2nd,PROD834,
1126,,Value 151,19.08716277850642,,,Closed,Org line A2,A2_1,se,,,
1127,,,19.07992018488645,Accepted,High,,,E_10,jp,,PROD803,Japan
1127,,,19.079920319370032,,,Assigned,,E_10,jp,S51 2nd,PROD803,
1127,,,,Accepted,,,Org line C,E_10,,,PROD803,Japan
1127,Completed-Closed,Value 494,,Completed,,,,E_10,jp,S51 2nd,,Japan
1128,Accepted-In Progress,,,Accepted,,,Org line A2,A2_1,se,T17 2nd,,
1128,Accepted-Wait,Value 151,,,,,Org line A2,,,,,Sweden
1128,,,19.099777781904418,,Medium,,Org line A2,,,T17 2nd,PROD350,
1128,Accepted-In Progress,,,,Medium,,Org line A2,A2_1,,J2 2nd,PROD350,
1128,Accepted-Wait,,,,Medium,,,,,J2 2nd,PROD350,
1128,,Value 151,19.102892682092943,,,,,,,J2 2nd,PROD350,
1128,Accepted-Wait,,,,Medium,Wait,,A2_1,se,,,Sweden
1128,Accepted-Assigned,,19.1046394040579,Accepted,,Assigned,Org line A2,A2_1,,J2 2nd,,China
1128,,Value 495,19.115207727146682,,Medium,Closed,,A2_1,,,,China
1129,Accepted-In Progress,Value 298,19.079989250170154,,,In Progress,Org line G4,,,S33 2nd,PROD397,
1129,Completed-Closed,,,Completed,,Closed,Org line G4,,se,S33 2nd,,Sweden
1130,Accepted-In Progress,Value 77,19.080048344708104,Accepted,Major,,,E_7,,,,Sweden
1130,,,,Accepted,Major,,Org line C,E_7,,,PROD673,Sweden
1130,Completed-Closed,,,,,,Org line C,E_7,se,G160 2nd,,
1131,Accepted-In Progress,,,Accepted,High,,,,se,,PROD412,
1131,,Value 88,,Accepted,,,,,,S30 2nd,,Sweden
1131,,,19.115071735658418,Accepted,High,,Org line G4,,se,S30 2nd,PROD412,
1131,Accepted-In Progress,Value 88,19.11507175063977,Accepted,High,,Org line G4,,,S30 2nd,,
1131,,Value 88,19.115071805571404,,High,,,,,S30 2nd,,Sweden
1132,,,19.08002684020341,,High,,,,se,G138 2nd,,
1132,,,,,,Closed,Org line C,,se,G138 2nd,PROD802,Sweden
1133,,Value 44,19.08002948303783,Accepted,,,,C_6,,,PROD802,Sweden
1133,,,19.08003021744459,Accepted,,In Progress,Org line C,,,G273 3rd,,
1133,,Value 44,19.080523420430307,,High,Awaiting Assignment,,,se,,PROD802,
1133,,,19.08084260124702,Accepted,High,In Progress,,C_6,,G273 3rd,PROD802,
1133,,Value 360,,Accepted,,Assigned,Org line C,C_6,,G273 3rd,,Sweden
1133,Accepted-In Progress,,19.090734067356124,Accepted,High,,Org line C,,,,,
1133,,,19.094219642529858,Completed,High,,,,,,,
1134,Accepted-In Progress,Value 150,,,,In Progress,Org line C,,be,N6 2nd,,USA
1134,Queued-Awaiting Assignment,,19.080158880287435,Queued,,,,,,,,USA
1134,,Value 28,,,High,In Progress,,E_1,be,G213 2nd,PROD821,
1134,,,19.08319393886819,Accepted,High,,,,be,G213 2nd,PROD821,
1134,Queued-Awaiting Assignment,,,,,,Org line C,E_1,be,G55 2nd,,Belgium
1134,,Value 496,19.083221479384548,,,In Progress,Org line C,E_1,,G55 2nd,PROD821,USA
1134,,Value 496,19.096168190279887,Completed,,Closed,,E_1,be,,PROD821,
1135,,,19.080409140768197,Accepted,Medium,,Org line A2,,,L38 3rd,,
1135,Accepted-Wait,Value 13,19.0933271013341,,,,Org line A2,,,L38 3rd,,
1135,Completed-Closed,Value 13,19.11465373343824,Completed,,Closed,Org line A2,,se,,,
1136,Accepted-In Progress,,,,High,In Progress,Org line C,E_3,,G64 2nd,PROD379,
1136,,Value 497,,,,,,E_3,,G64 2nd,,Sweden
1136,Accepted-In Progress,Value 497,19.08941578833475,,High,,,,be,G64 2nd,,
1136,,Value 497,,Completed,,Closed,Org line C,,,G64 2nd,PROD379,Sweden
1137,Accepted-In Progress,Value 116,,,,In Progress,,E_4,,,PROD325,INDIA
1137,,Value 116,,Accepted,,,Org line C,E_4,in,G93 2nd,,
1137,,,19.09417131805457,Completed,,,Org line C,E_4,in,G93 2nd,PROD325,
1138,Accepted-In Progress,Value 114,19.08044811601533,Accepted,High,,Org line C,,,G268 3rd,PROD802,
1138,,,,Completed,,Closed,Org line C,C_6,,,,Sweden
1139,,Value 113,19.080533107701317,Accepted,Medium,,Org line C,C_6,in,G261 3rd,,Sweden
1139,Queued-Awaiting Assignment,,,,Medium,Awaiting Assignment,Org line C,,,G261 3rd,PROD13,Sweden
1139,Accepted-In Progress,Value 113,19.08082869493192,Accepted,Medium,,Org line C,C_6,in,,,
1139,Queued-Awaiting Assignment,Value 69,19.080848905792905,Queued,,Awaiting Assignment,,,,G230 2nd,,
1139,,Value 498,19.08084900397814,Accepted,Medium,In Progress,,E_10,,,PROD13,
1139,Queued-Awaiting Assignment,,,,,Awaiting Assignment,,,,G285 2nd,,Sweden
1139,Accepted-In Progress,Value 499,,Accepted,Medium,,Org line C,E_10,in,,PROD13,
1139,,Value 69,,Queued,Medium,Awaiting Assignment,,,in,,,
1139,,,19.081302083009852,,,,Org line B,,in,G230 2nd,PROD13,INDIA
1139,,,,,Medium,,,,,G230 2nd,PROD13,
1140,Accepted-In Progress,Value 133,19.080540298139024,,Medium,,Org line G4,,se,S33 2nd,PROD374,Sweden
1140,Accepted-Wait,Value 133,,Accepted,,Wait,Org line G4,,se,S33 2nd,,
1140,Completed-Closed,Value 133,19.09413449055432,Completed,,Closed,Org line G4,,,,,
1141,Accepted-In Progress,Value 385,,Accepted,High,,,A2_5,se,,,
1141,Accepted-Wait,Value 385,19.080871265939678,,High,,Org line A2,A2_5,,,PROD236,Sweden
1141,Completed-Closed,,19.083215375374465,,High,,,,se,A10,PROD236,Sweden
1142,Accepted-In Progress,Value 500,19.080925089470345,Accepted,,,,E_1,se,,,Sweden
1142,,Value 500,,Accepted,,Wait,Org line C,,,,,
1142,,Value 500,,,High,,,,,L1 2nd,PROD153,Sweden
1143,,Value 501,,Accepted,Low,In Progress,Org line C,,jp,,PROD448,
1143,,Value 501,,Completed,Low,Closed,Org line C,,jp,S22 2nd,PROD448,Japan
1144,Accepted-In Progress,Value 68,,Accepted,,,,,se,G118 2nd,,Sweden
1144,Completed-Closed,,,Completed,High,,,,se,G118 2nd,PROD591,Sweden
1145,Accepted-In Progress,,19.08091023868186,,,In Progress,,A2_4,se,,PROD591,Sweden
1145,,,19.0818234515547,Completed,Medium,,,A2_4,se,G35 2nd,,Sweden
1145,,,,Accepted,,In Progress,,A2_4,,G35 2nd,PROD591,
1145,,Value 68,19.081823498018196,Completed,,,,,se,G35 2nd,,Sweden
1146,Accepted-In Progress,Value 45,19.08093345004686,Accepted,High,In Progress,Org line C,C_6,se,G268 3rd,,
1146,Completed-Closed,,19.095470971924698,,High,Closed,,,se,G268 3rd,,Sweden
1147,Accepted-In Progress,Value 172,,Accepted,High,In Progress,,D_1,pl,,,
1147,,,19.086314975634885,,High,Wait,,,,,,POLAND
1147,,,19.092877248760622,Completed,High,,Org line A2,,,,PROD784,
1148,Queued-Awaiting Assignment,Value 345,19.08097343309835,,High,Awaiting Assignment,,,,G268 3rd,PROD85,Sweden
1148,Accepted-In Progress,Value 45,19.081297299927886,,,In Progress,Org line C,C_6,se,G268 3rd,PROD85,Sweden
1148,Accepted-Wait,Value 45,,Accepted,High,,,,,G268 3rd,PROD85,
1148,Completed-Closed,Value 45,19.103422146708926,,,,,,se,G268 3rd,,
1149,,Value 114,,Accepted,,,,,se,,,Sweden
1149,,Value 114,,Completed,High,,,C_6,,,PROD805,Sweden
1150,Queued-Awaiting Assignment,,19.08129389597117,Queued,,Awaiting Assignment,Org line C,,jp,S51 2nd,PROD804,
1150,,,19.08129390113652,,Medium,,Org line C,,jp,S30 2nd,,Japan
1150,Queued-Awaiting Assignment,,,Queued,Medium,Awaiting Assignment,,,,,,Japan
1150,Accepted-In Progress,Value 502,19.081339034904378,,,,,,,,PROD804,Japan
1150,Completed-Closed,Value 502,19.081340388162825,,Medium,,Org line C,,,,PROD804,
1151,Accepted-In Progress,,19.08134733520504,,Medium,In Progress,Org line G3,,,,PROD96,
1151,,,,Completed,,,,,,G199 3rd,PROD96,
1152,,,,,Medium,,,,se,,,
1152,,Value 298,,Completed,,,,,,,PROD397,
1153,,,,,Low,,Org line C,C_6,,,PROD660,Sweden
1153,,Value 237,19.08179867071669,,Low,Awaiting Assignment,,C_6,,G144 3rd,,Sweden
1153,Accepted-In Progress,Value 237,19.081829610530203,,,,Org line C,,se,,,
1153,,Value 237,19.083177910165336,,,,,,se,G144 3rd,PROD660,Sweden
1154,,Value 226,,Accepted,High,In Progress,Org line G4,,,S33 2nd,PROD397,Sweden
1154,Completed-Closed,,,Completed,High,Closed,,,,,PROD397,
1155,,Value 58,,,,In Progress,,,,,,
1155,,,19.08148934902859,,,,Org line G4,,,,PROD221,Sweden
1155,,Value 58,,Accepted,Major,In Progress,,,se,G51 2nd,PROD221,Sweden
1155,,Value 58,,Queued,Major,Awaiting Assignment,Org line G4,,se,,PROD221,
1155,Accepted-In Progress,,,Accepted,,,,,se,,PROD221,
1155,,,,Queued,,Awaiting Assignment,,,,V20 2nd,,Sweden
1155,Accepted-In Progress,Value 229,19.095465925113267,,Major,In Progress,Org line V5,,,V20 2nd,,INDIA
1155,Completed-Closed,Value 229,19.09546702512681,,,,Org line V5,,se,,PROD221,
1156,Accepted-In Progress,Value 503,,,Major,,Org line A2,,,,,
1156,,Value 503,,,Major,,Org line A2,A2_3,,,,Sweden
1157,Accepted-In Progress,Value 504,,,Major,,Org line B,A2_1,cn,,PROD350,China
1157,Completed-Closed,Value 504,,Completed,Major,Closed,Org line B,A2_1,,D1,,China
1158,,Value 77,19.081577691417927,,,In Progress,,,se,,PROD221,
1158,,Value 77,19.086179659531606,Accepted,,,,,,,PROD221,Sweden
1158,,Value 206,,,Major,,Org line G4,,se,M8 2nd,,Sweden
1158,,Value 82,,Queued,,,Org line C,V3_3,,,,
1158,,,,Accepted,,,,E_7,,,PROD221,Sweden
1158,Queued-Awaiting Assignment,Value 82,,Queued,Major,Awaiting Assignment,,,,G101 2nd,PROD221,Sweden
1158,Accepted-In Progress,Value 82,,Accepted,,In Progress,Org line C,,,,PROD221,
1158,,Value 82,19.093764090204548,Queued,,Awaiting Assignment,,V3_3,,G101 2nd,PROD221,
1158,Accepted-In Progress,,19.09376418712986,,,In Progress,Org line C,,,,,
1158,,Value 82,,,Major,Closed,Org line C,,se,,,Sweden
1159,Accepted-In Progress,,19.081725765028015,Accepted,High,,,,,,,
1159,Accepted-Assigned,Value 20,19.081727618584566,,,Assigned,,E_6,se,,,Sweden
1159,Completed-Closed,Value 20,,,High,,,E_6,se,G334 2nd,,Sweden
1160,Accepted-In Progress,,19.081731052043757,Accepted,,,,,us,G88 2nd,PROD412,USA
1160,,,,,,Awaiting Assignment,Org line C,,us,,,
1160,,Value 294,19.08668282240151,,High,,Org line C,E_4,us,,PROD412,
1160,,,,,,,Org line C,,us,G88 2nd,PROD412,
1160,,Value 273,19.08672506272859,Accepted,,Assigned,Org line C,E_4,us,,PROD412,
1160,Completed-Closed,,,Completed,High,Closed,Org line C,,,G88 2nd,,
1161,,Value 187,,Accepted,Major,,Org line C,,,,PROD473,INDIA
1161,Queued-Awaiting Assignment,,19.081736468108048,,,,,E_8,in,G186 2nd,PROD473,INDIA
1161,,Value 479,,,,In Progress,Org line C,E_8,,G181 2nd,PROD473,Sweden
1161,,Value 104,19.093681853346038,,Major,,Org line C,E_8,,G181 2nd,,Sweden
1161,Completed-Closed,Value 104,19.094153353216612,,,,,E_8,in,G181 2nd,PROD473,Sweden
1162,Accepted-In Progress,,,Accepted,High,,Org line C,,,,PROD473,Sweden
1162,Completed-Closed,,,Completed,,Closed,Org line C,E_8,,G186 2nd,PROD473,
1163,Accepted-In Progress,Value 166,,,Medium,In Progress,Org line C,E_1,,G294 2nd,PROD834,Sweden
1163,,Value 166,19.08760213007408,,,,Org line C,E_1,se,,,
1163,Completed-Closed,,19.087602166004125,Completed,,,Org line C,E_1,se,G294 2nd,,Sweden
1164,,Value 505,,,Medium,In Progress,Org line V11,,gb,V50 2nd,PROD158,
1164,,Value 505,,Queued,,,Org line V11,,,V50 2nd,,United Kingdom
1164,Accepted-In Progress,Value 506,19.10219026892708,Accepted,Medium,,Org line C,V3_3,,,,United Kingdom
1164,Completed-Closed,Value 506,19.102935501880008,,Medium,Closed,,,,W1,,
1165,,,,,Medium,In Progress,Org line C,C_6,,G268 3rd,PROD771,Sweden
1165,Queued-Awaiting Assignment,,,Queued,Medium,Awaiting Assignment,Org line C,,se,,PROD771,
1165,,,,,,In Progress,Org line C,C_6,,G268 3rd,PROD771,Sweden
1165,,,,Accepted,,,Org line C,C_6,,G268 3rd,PROD771,
1165,,,19.111726052125366,,Medium,In Progress,,C_6,,G268 3rd,PROD771,
1165,Completed-Closed,Value 114,,Completed,Medium,,Org line C,,se,G268 3rd,PROD771,Sweden
1166,Accepted-In Progress,,19.083028452958782,Accepted,,,,,,,PROD794,
1166,Completed-Closed,Value 393,,Completed,,,Org line C,E_4,,G88 2nd,,Sweden
1167,Accepted-In Progress,,,,,In Progress,,,in,G87 2nd,,
1167,Accepted-Wait,,,,Medium,,Org line C,E_4,in,G87 2nd,PROD565,
1167,,Value 415,,Completed,Medium,,,,,,PROD565,INDIA
1168,,Value 463,19.083111390107437,,,,Org line C,,,,PROD424,Sweden
1168,Accepted-Wait,,19.08311212225431,Accepted,,Wait,Org line C,,,,,
1168,Completed-Closed,Value 463,19.093274696585947,Completed,,,,,in,,PROD424,Sweden
1169,Accepted-In Progress,,,,,In Progress,,A2_4,,G105 2nd,,Sweden
1169,,Value 296,,,,Closed,,,se,,PROD337,
1170,Accepted-In Progress,Value 273,,,High,,,,us,G88 2nd,,Sweden
1170,,,19.0937893924928,Completed,,Closed,Org line C,,us,G88 2nd,,
1171,,Value 507,19.08334622192923,,,In Progress,,E_5,,G73,PROD790,INDIA
1171,Queued-Awaiting Assignment,Value 507,,,High,Awaiting Assignment,Org line C,,,,,INDIA
1171,,,,Queued,,Awaiting Assignment,Org line B,A2_1,,D10,,Australia
1171,Accepted-In Progress,,,Accepted,High,In Progress,,,au,D10,PROD790,
1171,Completed-Closed,Value 445,,Completed,,,,,au,,PROD790,
1172,,,,,Major,,Org line C,,,,PROD154,USA
1172,Completed-Closed,Value 508,,Completed,,,Org line C,,us,,,USA
1173,,Value 508,,,Major,In Progress,Org line C,,us,N6 2nd,,
1173,Completed-Closed,Value 508,,Completed,,Closed,,,,,PROD154,USA
1174,Accepted-In Progress,Value 114,19.08352324632445,,Medium,,,,,,PROD384,Sweden
1174,Completed-Closed,,,Completed,Medium,,Org line C,,se,,,Sweden
1175,,,19.083536527688874,,Medium,,,,,A10,PROD320,
1175,Completed-Closed,,,,Medium,Closed,Org line A2,A2_5,,,,
1176,,Value 123,19.08353906849635,,Medium,In Progress,Org line C,C_6,,,PROD802,Sweden
1176,Queued-Awaiting Assignment,Value 123,,Queued,Medium,,,C_6,in,,,
1176,Accepted-In Progress,Value 509,19.08629025445637,,,,Org line C,C_6,,G269 3rd,,Sweden
1176,Queued-Awaiting Assignment,,19.086292300015746,,,,,,in,,PROD802,Sweden
1176,Accepted-In Progress,Value 370,,Accepted,Medium,,Org line C,,in,G271 2nd,PROD802,
1176,,,19.12068094384259,,,Closed,,E_10,in,G271 2nd,PROD802,Sweden
1177,,,,Accepted,,,,,,,PROD398,
1177,Queued-Awaiting Assignment,Value 358,19.083595948940435,,High,,,,us,G13 2nd,PROD398,
1177,,,19.085069918647743,Accepted,High,In Progress,,,,G14 3rd,PROD398,USA
1177,Accepted-Assigned,Value 127,,Accepted,High,,,,us,G14 3rd,PROD398,USA
1177,Accepted-In Progress,Value 220,,,High,,,E_1,us,G13 2nd,PROD398,
1177,,,,,,Wait,,,,G13 2nd,PROD398,Belgium
1177,,,,,High,,,,,G13 2nd,PROD398,Belgium
1178,Accepted-In Progress,,,,,,,E_1,us,G13 2nd,PROD398,
1178,,Value 220,19.09237299471587,Accepted,,,Org line C,E_1,,G13 2nd,,Belgium
1178,,Value 220,19.092373372739893,Completed,,,,E_1,us,G13 2nd,PROD398,Belgium
1179,,Value 43,19.08356465659308,Accepted,,,,,,,PROD97,POLAND
1179,Completed-Closed,Value 43,19.083593959699805,Completed,Medium,Closed,,,us,,PROD97,POLAND
1180,Accepted-Wait,Value 123,19.083587899191002,Accepted,Low,,Org line G4,,se,S29 2nd,PROD710,
1180,Accepted-In Progress,,,,,,,,se,,PROD710,
1180,,Value 123,19.087218636773095,,,,,,se,S29 2nd,,
1180,Accepted-In Progress,,19.087218785683223,Accepted,,,,,se,,,Sweden
1180,Completed-Closed,,,,Low,Closed,Org line G4,,se,,,
1181,Accepted-In Progress,Value 114,19.08363683056649,Accepted,Medium,,Org line C,,,,,Sweden
1181,,,19.08363695424466,,,,Org line C,E_3,se,,,
1181,,,,,,Closed,Org line C,E_3,,G70 2nd,PROD384,
1182,Accepted-In Progress,,19.08361776848594,,,In Progress,Org line G4,,se,,PROD412,Sweden
1182,Accepted-Assigned,,19.083969526196345,,High,,,,se,,,
1182,,Value 88,19.10224327078076,,,,Org line G4,,se,,,Sweden
1182,Completed-Closed,Value 88,19.10224328089728,Completed,,Closed,,,se,S30 2nd,,
1183,,,,,,,,,,,PROD780,Sweden
1183,,Value 90,19.099473724144957,,Medium,,,A2_3,se,U6 2nd,,
1184,,Value 298,19.08395070743214,,,,Org line G4,,,,PROD397,Sweden
1184,Completed-Closed,Value 298,19.099832828413867,Completed,,,Org line G4,,se,S33 2nd,,
1185,Accepted-In Progress,Value 484,,Accepted,High,In Progress,Org line B,C_6,,S13 3rd,PROD802,INDIA
1185,,,,Queued,High,Awaiting Assignment,,,,,PROD802,INDIA
1185,Accepted-In Progress,,19.10641701140686,Accepted,,In Progress,,,,,PROD802,
1185,Queued-Awaiting Assignment,Value 229,19.106417207857337,Queued,,Awaiting Assignment,Org line C,,in,,,Sweden
1185,Accepted-Assigned,Value 453,,Accepted,,Assigned,,,,G271 2nd,,Sweden
1185,,Value 510,19.11212383838194,,,Assigned,Org line C,,,G271 2nd,,
1185,,Value 510,19.112148780538803,Accepted,,,,E_10,,,PROD802,Sweden
1185,Completed-Closed,Value 510,,,,,Org line C,E_10,,G271 2nd,PROD802,Sweden
1186,,,19.084021050603535,,,,,A2_3,,S35 2nd,PROD551,
1186,,,19.084485958660057,Accepted,,,Org line C,E_9,,,PROD551,Sweden
1186,Completed-Closed,,,,,Closed,,E_9,se,S34 2nd,,Sweden
1187,Accepted-In Progress,,19.084016362929816,Accepted,,,Org line A2,A2_3,se,N23 2nd,,Sweden
1187,,,19.09949213638301,,High,In Progress,Org line A2,,,,PROD554,
1187,,,19.099492658818978,Completed,,,Org line A2,A2_3,,N23 2nd,,
1188,Accepted-In Progress,,19.084018006193762,,Low,,Org line A2,,,,,Sweden
1188,,Value 511,19.084022096312367,Queued,Low,Awaiting Assignment,Org line A2,,,,PROD215,
1188,,,19.084898041859375,,Low,Awaiting Assignment,Org line C,,se,,,Sweden
1188,Accepted-In Progress,,19.08976072393607,,Low,,Org line C,C_1,,,,
1188,,Value 240,,Completed,Low,,Org line C,C_1,,G194 3rd,,
1189,Accepted-In Progress,Value 276,,Accepted,Major,,Org line C,,us,G88 2nd,PROD793,INDIA
1189,,Value 276,,Completed,,Closed,,,,,PROD793,INDIA
1189,,,19.092440592334363,,,In Progress,,,,G88 2nd,PROD793,INDIA
1189,,Value 276,19.09244092946814,Completed,,Closed,,,,G88 2nd,,INDIA
1189,,,19.093322232524063,,Major,In Progress,Org line C,E_4,,G88 2nd,,
1189,,,19.093322895990138,,,In Progress,Org line C,E_4,,,PROD793,INDIA
1189,,,,Completed,,,Org line C,E_4,us,G88 2nd,PROD793,
1189,,Value 276,19.093326555252816,Accepted,,,,,,,PROD793,
1189,,,19.09339455794193,,,,,E_4,,,PROD793,INDIA
1190,Accepted-In Progress,Value 291,19.084067859168705,,Medium,,Org line A2,A2_3,,S21 2nd,,
1190,Completed-Closed,,19.099491598730175,,Medium,Closed,Org line A2,A2_3,se,,PROD231,
1191,,,,,Low,In Progress,Org line C,E_7,,,PROD677,Sweden
1191,Completed-Closed,,,,,Closed,Org line C,,,,,
1192,Accepted-In Progress,,19.084099352110627,Accepted,Low,,Org line C,E_4,in,,,
1192,Completed-Closed,,19.087593455497,Completed,,,Org line C,,in,,PROD325,Brazil
1193,Accepted-In Progress,,19.0842097859104,,Medium,,Org line C,,se,G294 2nd,,Sweden
1193,Accepted-In Progress,Value 166,,,,In Progress,Org line C,E_1,se,,,
1193,,Value 166,19.093369266074752,,Medium,Wait,Org line C,,,G294 2nd,,Sweden
1193,,Value 166,,,Medium,,Org line C,E_1,,,,Sweden
1193,,,,Completed,,Closed,,,se,G294 2nd,PROD834,
1194,,Value 133,,,Medium,,Org line G4,,se,S33 2nd,,Sweden
1194,Accepted-Assigned,Value 133,,,,,Org line G4,,se,,PROD374,
1194,,Value 133,19.084479882959172,,Medium,In Progress,Org line G4,,se,,,
1194,Completed-Closed,Value 133,19.090722390720856,,Medium,Closed,Org line G4,,,S33 2nd,,
1195,,,,Accepted,Low,In Progress,Org line A2,A2_3,,,,
1195,Completed-Closed,,,,Low,Closed,,A2_3,se,,,
1196,,,,Accepted,Medium,,,,in,G186 2nd,PROD62,INDIA
1196,,,19.08445822124043,Queued,,,,,in,,PROD62,
1196,Accepted-In Progress,,,Accepted,Medium,In Progress,Org line C,E_8,,,,
1196,Accepted-Assigned,Value 480,19.087979103770827,,Medium,,Org line C,,in,,,INDIA
1196,,,,Accepted,,,Org line C,,in,G181 2nd,,INDIA
1196,,,,Accepted,Medium,,,,,G181 2nd,,
1196,Accepted-Assigned,Value 480,19.09330722276237,,,,,,,G181 2nd,PROD62,INDIA
1196,,,,Queued,,,Org line C,E_8,,,PROD62,INDIA
1196,,,,Accepted,Medium,In Progress,Org line C,E_8,,,,INDIA
1196,,Value 187,,,,Assigned,Org line C,,,,,INDIA
1196,Accepted-In Progress,,19.09330825880552,,,,Org line C,E_8,in,G186 2nd,PROD62,
1196,,Value 206,,,Medium,Assigned,,,,,PROD62,
1196,Queued-Awaiting Assignment,Value 307,,Queued,Medium,Awaiting Assignment,Org line C,,,,PROD62,
1196,Accepted-In Progress,,,Accepted,,In Progress,,E_4,,,PROD62,
1196,,,19.112158732185595,Accepted,,,,,in,G87 2nd,,
1196,Completed-Closed,Value 482,,,,,Org line C,E_4,in,G87 2nd,PROD62,Sweden
1197,Queued-Awaiting Assignment,Value 2,19.084547841175045,Queued,,,,A2_2,cn,G167 2nd,PROD681,
1197,,Value 2,,Accepted,Medium,In Progress,Org line A2,,cn,M1 2nd,,
1197,,Value 2,,,Medium,Closed,Org line A2,,cn,,,
1198,,Value 402,,,,,,E_7,in,,PROD190,Belgium
1198,Completed-Closed,Value 402,,,Low,,Org line C,E_7,,G162 2nd,,
1199,,,,Accepted,Low,Wait,Org line C,,,S22 2nd,,Japan
1199,Completed-Closed,,19.09064838265287,,,,,,,S22 2nd,,
1200,Accepted-In Progress,Value 324,,Accepted,Medium,In Progress,,E_2,,,PROD341,
1200,Completed-Closed,Value 324,19.09590203144824,,Medium,,,E_2,se,G57 2nd,PROD341,
1201,,,,Accepted,Low,In Progress,,D_1,kr,V17 3rd,PROD604,POLAND
1201,,,,Accepted,Low,,Org line A2,D_1,kr,V17 3rd,,
1201,Accepted-Wait,Value 513,19.086286019415617,,,,Org line A2,D_1,,V17 3rd,,POLAND
1201,,,19.097214375595758,,Low,In Progress,,D_1,,,,
1201,Completed-Closed,Value 513,,Completed,,,,D_1,,V17 3rd,,
1202,Accepted-In Progress,,,,,In Progress,,,,G88 2nd,PROD348,France
1202,Completed-Closed,Value 91,,,,,,E_4,us,G88 2nd,PROD348,France
1203,,Value 514,19.08493347668849,,,In Progress,Org line C,,in,G119 2nd,,Sweden
1203,,,,Accepted,Medium,Wait,,,in,G119 2nd,,
1203,Completed-Closed,Value 514,,,Medium,,,E_8,in,G119 2nd,,Sweden
1204,Accepted-In Progress,,19.084938371073818,,,,Org line C,C_3,se,G95 3rd,,INDIA
1204,,Value 307,,Accepted,Medium,,Org line C,C_3,se,G95 3rd,,
1204,Accepted-Assigned,,19.08623910383227,Accepted,Medium,Assigned,,C_3,,,PROD565,INDIA
1204,,Value 343,,Accepted,Medium,In Progress,Org line C,C_3,se,G95 3rd,,Sweden
1204,Completed-Closed,Value 343,19.08709193702771,,Medium,,Org line C,,,,PROD565,Sweden
1205,Accepted-In Progress,Value 387,,,,,Org line C,E_10,,,PROD659,
1205,,,,Queued,,Awaiting Assignment,,,,G288 2nd,,
1205,Accepted-In Progress,Value 515,19.085014917995984,Accepted,,In Progress,Org line C,,se,G288 2nd,PROD659,Sweden
1205,Queued-Awaiting Assignment,Value 104,,,,,Org line C,C_6,se,,,Sweden
1205,,Value 516,19.086203365715235,Accepted,,,,,,G290 3rd,PROD659,
1205,Completed-Closed,Value 516,19.11124534251643,Completed,,,,,,,,France
1206,,,,Accepted,,In Progress,,,se,T2 2nd,,
1206,,Value 228,19.099425505807204,,,Closed,Org line V2,,,T2 2nd,PROD615,Sweden
1207,Accepted-In Progress,,,Accepted,,In Progress,Org line C,,in,G119 2nd,PROD617,
1207,,Value 517,19.089219511002096,,Major,,,E_8,in,G119 2nd,PROD617,Korea
1207,Completed-Closed,,19.09010413770864,Completed,Major,,Org line C,,,G119 2nd,PROD617,
1208,,Value 43,,Accepted,Medium,In Progress,Org line G3,,,,PROD98,POLAND
1208,Completed-Closed,Value 43,,,,Closed,,,,,,POLAND
1209,Accepted-In Progress,Value 126,,Accepted,Major,In Progress,,,se,,,
1209,,,19.086826926398988,,,Closed,,A2_3,,,PROD153,Sweden
1210,,Value 231,,Accepted,,In Progress,,E_10,,,PROD646,
1210,,Value 231,,,,Closed,Org line C,E_10,,G285 2nd,,Belgium
1211,Accepted-In Progress,Value 77,19.086308792827797,,Medium,In Progress,,,se,M3 2nd,,
1211,Queued-Awaiting Assignment,Value 77,19.086313510883542,,Medium,,Org line C,E_6,se,M3 2nd,PROD346,Sweden
1211,,,19.0923534649831,,Medium,,Org line C,,se,,PROD346,Sweden
1211,,,,Accepted,,Assigned,Org line C,,se,,PROD346,
1211,,Value 77,19.093325856064187,,Medium,,Org line C,E_6,se,M3 2nd,,
1211,Accepted-In Progress,,19.09332606531047,Accepted,Medium,,,,se,S51 2nd,,Sweden
1211,,,19.093326116346145,Accepted,Medium,Assigned,Org line C,,,S51 2nd,,Sweden
1211,Accepted-In Progress,Value 45,19.093326315385237,Accepted,Medium,,,,,S51 2nd,PROD346,
1211,Queued-Awaiting Assignment,,19.093326407249425,,Medium,,Org line C,,,,PROD346,Sweden
1211,Accepted-Assigned,,19.09332655014925,,,,,E_6,se,,,
1211,,Value 518,,Accepted,,,,,se,M3 2nd,PROD346,
1211,Completed-Closed,,19.10593253781439,Completed,,,,E_6,,,PROD346,
1212,Accepted-In Progress,Value 43,,Accepted,,,Org line G3,,,,,
1212,Completed-Closed,Value 43,19.086283531834773,,,,Org line G3,,us,G199 3rd,PROD97,
1213,Accepted-In Progress,Value 434,,,,In Progress,,,,G207 2nd,PROD454,Belgium
1213,,Value 434,,,,,,,,G207 2nd,,Belgium
1214,Accepted-In Progress,,19.086672850300403,Accepted,High,In Progress,Org line C,E_4,us,,,USA
1214,Queued-Awaiting Assignment,Value 150,19.086673364063834,Queued,,,,E_4,us,,PROD793,
1214,Accepted-In Progress,,,Accepted,,In Progress,,E_4,,G93 2nd,,
1214,,,,,,,,E_4,,G88 2nd,PROD793,
1214,,Value 446,,Accepted,High,,,,us,G93 2nd,,Sweden
1214,Accepted-In Progress,,,,,,,E_4,,,PROD793,INDIA
1214,,Value 276,19.089216016040275,,High,Wait,,E_4,us,G88 2nd,,INDIA
1214,Completed-Closed,Value 276,19.099932062678516,Completed,High,,Org line C,,,,,
1215,,Value 444,19.086731895403922,,,In Progress,,E_1,,G128 2nd,,
1215,,Value 444,,Completed,Medium,,,E_1,be,G128 2nd,,
1216,Queued-Awaiting Assignment,Value 407,,Queued,Medium,Awaiting Assignment,,E_10,,G84 2nd,,Sweden
1216,Queued-Awaiting Assignment,,19.086704908633088,,Medium,,,,in,,PROD454,INDIA
1216,,,19.087974526971692,Accepted,,,,V3_2,,,PROD454,INDIA
1216,,Value 519,19.106348820610982,Completed,Medium,,,,in,G41 2nd,PROD454,
1217,Queued-Awaiting Assignment,Value 520,,,,Awaiting Assignment,Org line A2,,,A8 2nd,,Sweden
1217,,Value 520,19.087153756061266,Accepted,Medium,In Progress,,,,A8 2nd,PROD327,
1217,Queued-Awaiting Assignment,Value 521,19.08715453147096,Queued,Medium,,,,,G75,,INDIA
1217,Accepted-In Progress,,19.08717506677119,,Medium,,Org line C,,in,,PROD327,INDIA
1217,,,,Completed,Medium,,,,in,G75,PROD327,
1218,Accepted-In Progress,Value 494,19.086774996693244,Accepted,Major,In Progress,Org line C,,jp,,,Japan
1218,,,,,,,,,jp,S51 2nd,PROD408,Japan
1218,Completed-Closed,,,,Major,,,E_10,jp,,PROD408,
1219,Accepted-In Progress,,,,,,Org line A2,,se,,PROD830,Sweden
1219,,,19.09420247911849,,,Closed,,A2_3,,U6 2nd,PROD830,
1220,Accepted-In Progress,,,,High,,Org line C,E_10,,G288 2nd,PROD154,
1220,Completed-Closed,,19.086795709309897,,,,,E_10,,G288 2nd,PROD154,
1221,Accepted-In Progress,Value 276,,Accepted,High,In Progress,,E_4,,G88 2nd,,INDIA
1221,Accepted-Wait,Value 276,,Accepted,,Wait,,,,,PROD793,
1221,,Value 276,,,,Closed,Org line C,,us,G88 2nd,,INDIA
1221,,Value 276,,Accepted,High,,Org line C,E_4,,,,
1221,Completed-Closed,Value 276,,,,Closed,Org line C,,,G88 2nd,PROD793,INDIA
1222,,Value 43,,,High,In Progress,Org line G3,,us,G199 3rd,,POLAND
1222,,Value 43,19.08707990965419,,High,Closed,Org line G3,,,,,
1223,Accepted-In Progress,,19.087189090511092,Accepted,Low,,,,,G58 3rd,PROD327,
1223,,,,Accepted,Low,In Progress,Org line C,,be,G58 3rd,,Sweden
1223,Completed-Closed,,,Completed,Low,,Org line C,,be,G58 3rd,,
1224,Accepted-In Progress,Value 289,19.08713272733727,Accepted,,In Progress,,,se,S33 2nd,,Sweden
1224,Completed-Closed,Value 289,,Completed,,,Org line G4,,se,,PROD448,
1225,Accepted-In Progress,Value 367,,Accepted,Low,In Progress,Org line C,E_1,,G13 2nd,,
1225,Completed-Closed,Value 367,,Completed,Low,,Org line C,,,,,Sweden
1226,Accepted-In Progress,Value 229,,Accepted,,In Progress,Org line C,E_10,se,,,
1226,,Value 229,,,,Awaiting Assignment,,E_10,se,G271 2nd,PROD802,Sweden
1226,,,19.087200644158568,,High,,,,se,,PROD802,
1226,Accepted-Assigned,,,,High,,,,,,PROD802,
1226,Queued-Awaiting Assignment,,,,High,,,C_6,se,G273 3rd,,Sweden
1226,,Value 122,,Accepted,,Assigned,Org line C,,se,G273 3rd,PROD802,Sweden
1226,,,19.0880277797095,,,,,C_6,se,G273 3rd,,
1226,Accepted-In Progress,Value 128,,,High,In Progress,Org line C,C_6,se,,PROD802,
1226,,,19.088035768145176,Accepted,,Assigned,Org line C,,se,,,
1226,Accepted-Wait,Value 231,,,High,Wait,,C_6,se,,,Sweden
1226,,Value 231,,Completed,High,Closed,,C_6,,,,
1227,,,,,,In Progress,,E_1,nl,,PROD821,
1227,Accepted-In Progress,Value 488,,,High,,,,,,,Netherlands
1227,,,19.087169017656798,,,,,E_1,,G55 2nd,PROD821,Belgium
1227,,Value 488,19.087169022791887,Accepted,High,In Progress,,,nl,V32 2nd,PROD821,Netherlands
1227,,Value 488,,,,Closed,,,nl,,,
1228,Accepted-In Progress,Value 395,19.087182527979884,,,In Progress,,,,,PROD711,Brazil
1228,Completed-Closed,,,,,Closed,,A2_3,se,,PROD711,
1229,,Value 68,,,,In Progress,Org line A2,A2_4,se,,,
1229,Completed-Closed,Value 68,19.087998072635408,,,,Org line A2,,se,G118 2nd,,Sweden
1230,Accepted-In Progress,,,,,,,A2_3,,,PROD802,
1230,,Value 126,19.087551236436592,,High,,,A2_3,se,U6 2nd,PROD802,
1230,,,19.093319343889707,,,,Org line A2,,se,,PROD802,
1230,Completed-Closed,,19.093319813420948,,High,,Org line A2,,se,,PROD802,Sweden
1231,Accepted-In Progress,Value 311,19.087615701273307,,Low,,,,se,T2 2nd,,Sweden
1231,,Value 311,19.08980155405835,Accepted,Low,In Progress,Org line V2,,se,,,Sweden
1231,Queued-Awaiting Assignment,Value 84,19.089801702584353,Queued,Low,,,,se,,,
1231,Accepted-In Progress,,19.08980181013765,Accepted,,,Org line V2,,,,,Sweden
1231,,,19.089802076460053,,Low,Awaiting Assignment,,,,,PROD367,
1231,Accepted-In Progress,,,Accepted,Low,In Progress,Org line V2,,,T2 2nd,PROD367,Sweden
1231,,,19.089802301809723,,,,Org line V2,,,,,Sweden
1231,Completed-Closed,,19.114726006116275,Completed,Low,,,,se,,PROD367,
1232,Accepted-In Progress,,19.087637032937337,Accepted,,,Org line C,C_6,se,G273 3rd,,
1232,,,19.08763818265799,,Major,,Org line C,C_6,,G273 3rd,PROD802,Sweden
1232,Accepted-In Progress,Value 128,19.087646174206537,Accepted,Major,In Progress,Org line C,C_6,se,G273 3rd,PROD802,Sweden
1232,Accepted-Assigned,,19.08764882777661,,Major,Assigned,,,se,,,
1232,,,19.099058217399037,Accepted,Major,In Progress,Org line C,,se,G273 3rd,PROD802,
1232,Completed-Closed,,,Completed,Major,,Org line C,,se,G273 3rd,PROD802,Sweden
1233,Accepted-In Progress,Value 87,,,,,,,in,,,Sweden
1233,Completed-Closed,,,,,,Org line C,E_10,,,,
1234,,Value 43,19.087680336458305,Accepted,,,,,,G199 3rd,,
1234,Completed-Closed,Value 43,19.087681291095816,Completed,,,,,,,,
1235,Accepted-In Progress,Value 31,,,,,Org line G4,,se,S33 2nd,,
1235,Completed-Closed,,19.0995076419635,,Medium,Closed,,,se,S33 2nd,,Sweden
1236,Accepted-In Progress,,19.08797540436418,Accepted,Medium,In Progress,Org line C,,,G57 2nd,,
1236,Queued-Awaiting Assignment,Value 324,,,,Awaiting Assignment,,,,G57 2nd,,Sweden
1236,,,,,Medium,,Org line C,E_2,se,,PROD327,
1236,,,19.09019237253646,,,Wait,,E_2,,,,
1236,,Value 330,19.09032459756633,Accepted,,In Progress,Org line C,,,G57 2nd,,Belgium
1236,,,,Completed,Medium,,Org line C,E_2,,G57 2nd,PROD327,Belgium
1237,,,19.087961904748937,,Low,In Progress,,,,D2,,Belgium
1237,,Value 524,19.08796218182383,,,Wait,,A2_1,,,PROD235,
1237,Completed-Closed,Value 524,19.08796271031832,Completed,,Closed,Org line C,A2_1,be,D2,PROD235,
1238,Accepted-In Progress,Value 525,19.087972413017035,,,,,E_3,,,PROD151,Sweden
1238,Accepted-Wait,,,Accepted,Medium,,Org line C,,,G67 2nd,,
1238,Completed-Closed,,19.100403473435904,,,,Org line C,E_3,,,,
1239,,,19.087980607131893,,,In Progress,,E_5,in,,PROD327,
1239,,Value 521,19.08798181802858,Accepted,Medium,Wait,,E_5,,G75,,
1239,,Value 521,,,Medium,Closed,,E_5,in,G75,PROD327,INDIA
1240,Accepted-In Progress,,19.08806166214123,,Low,In Progress,Org line V2,,,T3 2nd,,
1240,,,,,Low,,,,se,T3 2nd,PROD449,Sweden
1241,Accepted-In Progress,,19.088066274454956,,Medium,,,,us,,PROD209,
1241,Completed-Closed,,,,,Closed,,,,,PROD209,
1242,Accepted-In Progress,Value 303,19.088534049574957,,Medium,,Org line C,E_5,in,G92,PROD793,INDIA
1242,,,19.08854820811022,,,Wait,,,in,G92,PROD793,
1242,Accepted-In Progress,Value 303,19.105665971208293,Accepted,,,Org line C,,,G92,PROD793,INDIA
1242,Completed-Closed,Value 303,19.10599524904338,,Medium,,,,,,,
1243,Accepted-In Progress,,,Accepted,Major,,Org line C,E_10,,G209 2nd,,
1243,Queued-Awaiting Assignment,Value 526,,,,,Org line C,E_10,,G209 2nd,,
1243,,,19.088663822663346,Accepted,,In Progress,Org line C,E_8,,G186 2nd,PROD473,Sweden
1243,,,19.114639405172802,Completed,Major,Closed,Org line C,E_8,,,,Sweden
1244,,,,Accepted,Medium,In Progress,,,,,,
1244,Queued-Awaiting Assignment,Value 39,19.088874096433145,,,,Org line C,C_3,se,,,Sweden
1244,,Value 453,19.088874101559483,,Medium,In Progress,,C_3,se,G211 3rd,,INDIA
1244,,Value 453,,Accepted,,,Org line C,C_3,,G211 3rd,,
1244,Completed-Closed,Value 453,19.088874578308886,Completed,,Closed,,,,,,INDIA
1244,Accepted-In Progress,Value 453,,Accepted,Medium,In Progress,Org line C,,se,G211 3rd,PROD325,INDIA
1244,,,19.10253278896452,,Medium,Closed,Org line C,C_3,,G211 3rd,PROD325,
1245,Accepted-In Progress,,,,,,,,se,,,
1245,Queued-Awaiting Assignment,Value 387,,,Medium,,,E_10,se,G288 2nd,,Sweden
1245,Accepted-In Progress,Value 527,,Accepted,,In Progress,,E_10,se,G288 2nd,,Sweden
1245,,,,,,Awaiting Assignment,,,,,PROD631,Sweden
1245,,,19.08979847598004,,Medium,In Progress,Org line C,E_10,se,,,Sweden
1245,Queued-Awaiting Assignment,Value 44,19.08979987417652,,Medium,Awaiting Assignment,,,,G273 3rd,,Sweden
1245,,Value 44,19.089803479773074,Accepted,Medium,In Progress,,,se,,,
1245,,,19.09334245273089,,Medium,,,C_6,se,,PROD631,Sweden
1245,Completed-Closed,Value 44,19.099482123819573,Completed,,,Org line C,,se,G273 3rd,,Sweden
1246,,,19.08930147511607,Accepted,Major,In Progress,Org line C,C_6,,,,
1246,,,19.117664360969997,,,Closed,Org line C,C_6,,,PROD805,Sweden
1247,,Value 337,19.08933625210711,Accepted,,,,E_7,in,,PROD473,INDIA
1247,,,19.089336718388296,,Medium,Awaiting Assignment,,E_7,,,PROD473,
1247,,,,Accepted,Medium,In Progress,,E_7,,,PROD473,INDIA
1247,,Value 187,,Queued,,Awaiting Assignment,Org line C,E_8,in,,PROD473,INDIA
1247,Accepted-In Progress,Value 479,19.093752142812864,Accepted,,In Progress,Org line C,E_8,,G181 2nd,,
1247,Queued-Awaiting Assignment,Value 337,19.093752346868573,Queued,Medium,Awaiting Assignment,,,,,,
1247,Accepted-In Progress,Value 337,,,,In Progress,Org line C,E_7,,G165 2nd,PROD473,INDIA
1247,Accepted-Assigned,,19.09412995713909,,Medium,Assigned,Org line C,,,G165 2nd,PROD473,INDIA
1247,,,19.095472189063095,Queued,Medium,Awaiting Assignment,,,in,G186 2nd,PROD473,INDIA
1247,Accepted-In Progress,Value 479,,Accepted,Medium,In Progress,,E_8,,,,
1247,,Value 13,,Queued,Medium,Awaiting Assignment,,,in,G163 3rd,PROD473,Sweden
1247,,,,Accepted,,In Progress,Org line C,E_7,,G157 2nd,PROD473,
1247,Accepted-In Progress,,19.09691668213114,,Medium,,,,in,G157 2nd,,Sweden
1247,,Value 13,19.096917175402716,,,,Org line C,,in,G157 2nd,PROD473,Sweden
1248,,Value 528,,,,In Progress,,,se,G138 2nd,PROD276,
1248,,,,,Medium,,,,se,,PROD276,Sweden
1248,,,,,Medium,Closed,,,,,PROD276,
1249,Accepted-In Progress,Value 528,19.089376500083738,,Medium,,Org line C,E_10,se,,,
1249,Completed-Closed,,19.089378739166122,,,,Org line C,E_10,,,PROD802,
1250,,Value 529,,Accepted,Medium,,Org line G4,,se,S29 2nd,PROD527,
1250,,Value 529,,,,,Org line G4,,,,PROD527,
1251,Accepted-In Progress,Value 512,,,,In Progress,,E_4,in,G93 2nd,,Brazil
1251,,,19.093407805807548,,Low,,,,in,,PROD279,Brazil
1252,,Value 216,,Queued,High,Awaiting Assignment,Org line A2,A2_1,,,,Sweden
1252,,Value 216,,Accepted,High,In Progress,Org line A2,,,,,
1252,,Value 216,19.109129268094954,Completed,High,,Org line A2,,se,,,Sweden
1253,Accepted-In Progress,Value 42,19.089772391318757,Accepted,,In Progress,Org line A2,A2_1,in,,PROD327,
1253,,,,,Medium,Wait,Org line A2,A2_1,in,M22 2nd,PROD327,
1253,,,19.093718855667717,Queued,Medium,,,,,,PROD327,
1253,,,19.093800125366855,,Medium,In Progress,Org line A2,A2_1,in,,,
1253,,,19.094132272294093,,Medium,,Org line A2,A2_1,,M22 2nd,PROD327,POLAND
1253,Queued-Awaiting Assignment,,,Queued,Medium,Awaiting Assignment,,E_5,in,G75,,
1253,,Value 521,,,Medium,In Progress,Org line C,E_5,in,G75,PROD327,INDIA
1253,,Value 521,,,,Closed,,,in,,PROD327,INDIA
1254,Accepted-In Progress,Value 148,19.089785733352052,Accepted,High,In Progress,Org line C,,,,,France
1254,,Value 148,,,High,Awaiting Assignment,Org line C,,fr,,,France
1254,,,,,High,In Progress,Org line C,,fr,,PROD190,France
1254,,Value 148,,,High,Closed,Org line C,E_6,,,PROD190,France
1255,,Value 530,19.08981164865468,,,,Org line C,,,,PROD664,
1255,Completed-Closed,,19.11773361735446,Completed,,Closed,,,se,G140 2nd,PROD664,
1256,,Value 76,19.090218415528405,,,In Progress,,,se,G278 3rd,PROD802,Sweden
1256,,Value 76,19.09121768876952,,Major,Closed,Org line C,C_6,,,PROD802,Sweden
1257,Accepted-In Progress,Value 511,,Accepted,Medium,,,,,,,
1257,,Value 511,19.090290453863517,Queued,,,Org line A2,A2_2,in,G40,,
1257,Accepted-In Progress,,,,Medium,In Progress,Org line A2,A2_2,in,G40,,
1257,,,19.09417132825308,,Medium,,Org line A2,A2_2,,,PROD424,
1257,,Value 69,,Queued,Medium,Awaiting Assignment,Org line B,E_10,in,G230 2nd,,INDIA
1257,,,19.09417432151146,,,,Org line B,,in,,,
1257,Queued-Awaiting Assignment,Value 511,19.095897215882648,,,Awaiting Assignment,,A2_2,in,,PROD424,
1257,,,,Accepted,,,,,in,G40,,Sweden
1257,,Value 57,,Queued,Medium,Awaiting Assignment,Org line A2,,,,PROD424,
1257,Accepted-In Progress,,19.100272239975258,,Medium,,Org line A2,A2_2,,,,Sweden
1257,,,19.100272503523698,,,,,,in,,PROD424,Sweden
1257,Queued-Awaiting Assignment,Value 69,19.101733328865684,Queued,Medium,Awaiting Assignment,,,,,,
1257,,Value 71,,,,,Org line B,E_10,,G230 2nd,,
1257,,Value 76,19.1033264616638,,,,Org line A2,,,,PROD424,Sweden
1257,,Value 69,19.103327108419943,Queued,,Awaiting Assignment,,,in,G230 2nd,,
1257,Accepted-In Progress,Value 71,,Accepted,Medium,In Progress,,E_10,in,G230 2nd,,
1257,Accepted-Wait,Value 71,19.103363977881138,,Medium,Wait,Org line B,,in,G230 2nd,PROD424,INDIA
1257,Accepted-In Progress,Value 71,,Accepted,,In Progress,Org line B,,in,G230 2nd,,
1257,Completed-Closed,Value 71,19.10563186337784,Completed,,Closed,,E_10,in,G230 2nd,,
1258,Accepted-In Progress,Value 62,,Accepted,Major,In Progress,,E_4,,G88 2nd,PROD793,
1258,,,19.090312690914196,Accepted,,,,,us,,PROD793,Sweden
1258,,Value 62,19.093796003630366,,Major,In Progress,Org line C,,us,,,
1258,Completed-Closed,Value 62,19.093796136260764,Completed,Major,,Org line C,E_4,,,,
1258,,,19.09416592812714,,,,,,us,G88 2nd,PROD793,
1258,,Value 62,,Completed,Major,Closed,Org line C,,us,,,
1259,Accepted-In Progress,,,,High,In Progress,Org line C,E_1,se,G294 2nd,,
1259,,Value 166,,,High,,,,,G294 2nd,PROD790,Sweden
1259,,,19.09075573170737,,,In Progress,,A2_1,,N19 2nd,PROD790,Sweden
1259,,Value 119,,,,Closed,,A2_1,,N19 2nd,,Sweden
1260,,,19.0906012158346,,,,,,,G13 2nd,PROD398,
1260,Queued-Awaiting Assignment,,,Queued,,,Org line C,,us,G13 2nd,,
1260,Accepted-In Progress,Value 220,19.091183452798727,,High,In Progress,,E_1,,,,
1260,Accepted-Wait,Value 220,19.091189508364995,,High,Wait,,E_1,us,,PROD398,Belgium
1260,Accepted-In Progress,Value 220,,,,,Org line C,E_1,,,,
1260,,,,Accepted,,,Org line C,E_1,us,,,
1260,,,19.118503382504482,Completed,,Closed,,E_1,,G13 2nd,,
1261,Accepted-In Progress,Value 403,,Accepted,,,Org line G4,,,,,
1261,Completed-Closed,Value 403,19.10596023525481,Completed,Medium,Closed,Org line G4,,se,,PROD78,Sweden
1262,Accepted-In Progress,Value 82,19.09068902815451,,,,,,se,G101 2nd,,Sweden
1262,,,,,,,,V3_3,se,,,
1263,,,19.0909725438024,,Medium,,,A2_1,pl,W16 3rd,,POLAND
1263,,,,,Medium,,,A2_1,pl,W16 3rd,PROD756,
1263,,,,,,,,A2_1,,,PROD756,POLAND
1263,Accepted-Wait,,19.093296785716056,,,Wait,Org line A2,A2_1,pl,,PROD756,POLAND
1263,Completed-Closed,Value 478,,Completed,,Closed,,A2_1,,,PROD756,POLAND
1264,,Value 531,,,,,Org line C,E_4,us,G88 2nd,,
1264,,Value 531,19.09108737715226,Completed,,,Org line C,E_4,us,,PROD219,Sweden
1265,,,,,Medium,,Org line G3,,us,G199 3rd,PROD97,POLAND
1265,Completed-Closed,,19.09109943314737,,Medium,Closed,Org line G3,,,G199 3rd,,
1266,Accepted-Wait,Value 204,,,,Wait,,,,,PROD479,
1266,,,19.092398909464283,Completed,Low,Closed,,E_9,,,,
1267,Accepted-In Progress,,,,,,Org line G3,,us,G199 3rd,PROD96,
1267,Completed-Closed,,,Completed,,Closed,,,us,G199 3rd,,POLAND
1268,Accepted-In Progress,Value 532,19.092272220675007,,,In Progress,Org line C,,be,G213 2nd,,
1268,Accepted-In Progress,Value 532,19.092274121202056,Accepted,Low,In Progress,Org line C,E_1,,G213 2nd,PROD715,
1268,,Value 532,,,,Closed,,,be,G213 2nd,PROD715,
1269,Accepted-In Progress,,19.09227346214873,,,In Progress,Org line C,,be,,PROD715,
1269,Completed-Closed,,19.09227459633325,Completed,Major,,Org line C,,,G213 2nd,,Sweden
1270,Accepted-In Progress,,,,High,In Progress,,,,G268 3rd,PROD802,
1270,,,,Completed,High,,Org line C,C_6,se,,,
1271,Accepted-In Progress,Value 175,19.09240818098821,Accepted,,In Progress,Org line C,,,G186 2nd,PROD474,
1271,,Value 175,,,,Closed,,E_8,in,,,
1272,Accepted-In Progress,Value 175,19.09240936099418,Accepted,Major,In Progress,Org line C,,,,PROD474,
1272,Completed-Closed,,,,Major,,,E_8,,,PROD474,
1273,,Value 533,19.092449531449112,,,,,,,V46 2nd,PROD805,Sweden
1273,Accepted-In Progress,,,,,,,,se,V46 2nd,PROD805,
1273,,Value 533,,,High,,Other,,,,,Sweden
1273,Queued-Awaiting Assignment,Value 345,19.09245541078902,,High,,Org line C,C_6,,,PROD805,Sweden
1273,Accepted-In Progress,Value 45,19.092460896779624,Accepted,,In Progress,Org line C,C_6,se,G268 3rd,,
1273,,,,Completed,High,Closed,Org line C,C_6,se,G268 3rd,,
1274,,Value 534,,Accepted,,,,A2_2,,N12 2nd,,USA
1274,,Value 534,19.09549055290451,,,Awaiting Assignment,,A2_2,us,,,
1274,Accepted-In Progress,,19.095558347493817,,,,,A2_2,,N12 2nd,PROD669,USA
1274,,Value 535,19.095560822293848,,,,,,us,N12 2nd,PROD669,USA
1275,Accepted-In Progress,Value 536,19.092463992213553,Accepted,,In Progress,,A2_5,,N30 2nd,PROD383,
1275,,Value 536,19.095491164008244,Queued,,,,,us,,,USA
1275,Accepted-In Progress,,19.095491311691593,,Medium,In Progress,Org line C,E_5,us,G76,,Sweden
1275,,Value 536,19.09549136261688,,Medium,Awaiting Assignment,,A2_5,us,N30 2nd,,USA
1275,,Value 537,,Accepted,,,Org line A2,A2_5,,N30 2nd,,USA
1275,,Value 537,,Completed,,,Org line A2,,,,PROD383,
1276,,,,,Medium,,Org line C,,,,,Sweden
1276,Queued-Awaiting Assignment,,19.09549241167721,,Medium,Awaiting Assignment,,,,M13 2nd,PROD383,Sweden
1276,Accepted-In Progress,,19.09555354554954,,Medium,,,,,,PROD383,
1276,Completed-Closed,Value 538,,,Medium,Closed,Org line C,E_6,se,M3 2nd,,Sweden
1277,,Value 13,19.09247621040046,,,,,,se,,PROD368,Sweden
1277,,Value 13,19.092895910498978,,,,Org line A2,,se,,,
1277,Completed-Closed,Value 13,19.09289635980603,,,Closed,,A2_3,se,S35 2nd,,Sweden
1278,,Value 232,19.092524387013725,,Major,In Progress,Org line C,,se,G120 3rd,PROD597,
1278,Completed-Closed,,,Completed,Major,Closed,Org line C,C_5,,,PROD597,Sweden
1279,Accepted-In Progress,Value 538,,,Medium,In Progress,,E_6,se,M13 2nd,,Sweden
1279,,Value 538,19.095494280631478,Queued,,Awaiting Assignment,Org line C,,,M13 2nd,PROD383,Sweden
1279,Accepted-In Progress,,19.095553754330204,Accepted,,In Progress,,,se,,,
1279,Completed-Closed,,,Completed,,,,,,,,
1280,Accepted-In Progress,,,,,,Org line C,E_9,se,,PROD277,Sweden
1280,Accepted-Wait,,19.09278239273026,Accepted,Low,Wait,,,,,,Sweden
1280,Completed-Closed,,19.10204181539888,Completed,Low,,Org line C,,,,,
1281,,Value 217,,,Medium,Awaiting Assignment,Org line C,,,,,
1281,,Value 303,,,Medium,,,,,,,INDIA
1281,Queued-Awaiting Assignment,,,Queued,Medium,,,,se,,PROD815,Sweden
1281,Accepted-In Progress,,19.09369353628956,Accepted,,,,,se,N20,PROD815,Sweden
1281,Accepted-In Progress,Value 104,19.093694383170117,Accepted,,In Progress,,V3_2,,G365,,
1281,,Value 539,19.093694536220745,Queued,Medium,,Org line C,E_5,,,PROD815,INDIA
1281,Accepted-In Progress,Value 273,19.093726232500735,Accepted,Medium,In Progress,Org line C,E_4,,G88 2nd,,Sweden
1281,,,,,,,,C_3,se,,PROD815,
1281,,Value 118,19.093750265498375,,Medium,,,,se,L59 3rd,PROD815,
1281,,,19.093750382830635,Queued,Medium,Awaiting Assignment,Org line C,,,,,France
1281,Accepted-In Progress,,19.100400848428702,,,,,,se,G292 3rd,,Sweden
1281,,,,Completed,,,Org line C,C_3,se,G292 3rd,PROD815,
1282,Queued-Awaiting Assignment,Value 511,,Queued,,,Org line A2,A2_2,,G40,PROD424,Sweden
1282,,Value 540,19.09373576720636,Accepted,,In Progress,Org line V4,,,V5 2nd,,France
1282,,Value 540,,Completed,,Closed,,,,V5 2nd,PROD424,
1283,,Value 151,,Accepted,,In Progress,,A2_1,,,,Sweden
1283,Accepted-In Progress,Value 151,19.112254722678987,Accepted,Medium,,Org line A2,,se,J2 2nd,PROD350,
1283,,Value 151,,,,Closed,Org line A2,A2_1,,,PROD350,Sweden
1284,Accepted-In Progress,,19.092925829823308,,,,Org line C,,se,,,
1284,,Value 237,19.09292757594053,,Medium,Awaiting Assignment,Org line C,C_6,se,,,
1284,Accepted-In Progress,,19.09334919951358,,Medium,In Progress,,C_6,,G144 3rd,PROD660,
1284,,,19.093349225030824,Completed,Medium,Closed,,C_6,,G144 3rd,PROD660,
1285,Accepted-In Progress,Value 541,,Accepted,Low,,,A2_3,,,PROD750,
1285,,,19.094199118808284,Accepted,,,,A2_3,,,,
1285,Completed-Closed,Value 541,,,,,Org line A2,,se,,,Sweden
1286,Accepted-In Progress,Value 337,19.092997270077262,Accepted,,In Progress,Org line C,,in,G165 2nd,PROD671,INDIA
1286,,,19.0929999299067,,,Awaiting Assignment,Org line C,E_7,,,PROD671,INDIA
1286,,,,Queued,,Awaiting Assignment,,E_10,in,,PROD671,
1286,Accepted-In Progress,Value 71,19.094174051251702,Accepted,Medium,,,E_10,,G230 2nd,PROD671,INDIA
1286,Queued-Awaiting Assignment,Value 337,19.09898000774048,Queued,Medium,,Org line C,E_7,,,,INDIA
1286,Accepted-In Progress,,,,,In Progress,Org line C,E_7,in,,PROD671,
1286,Accepted-Wait,Value 412,19.111169509055106,Accepted,Medium,Wait,,,,,PROD671,INDIA
1286,,Value 229,,Queued,,Awaiting Assignment,,E_10,,,PROD671,Sweden
1286,,Value 542,19.111541407423353,,Medium,In Progress,,E_10,,,,
1286,Queued-Awaiting Assignment,,,,,Awaiting Assignment,,,in,,PROD671,INDIA
1286,,,,Accepted,,,,E_7,,G165 2nd,,INDIA
1286,Queued-Awaiting Assignment,Value 69,,,,Awaiting Assignment,Org line B,,in,G230 2nd,,INDIA
1286,,,19.111921037558474,Accepted,Medium,,Org line B,,,,,
1286,Accepted-Wait,Value 71,19.111921127730255,,,,,,,G230 2nd,PROD671,
1286,,Value 412,19.11198211705736,Accepted,Medium,In Progress,,E_7,,,,INDIA
1286,Queued-Awaiting Assignment,,,Queued,,Awaiting Assignment,,,in,G230 2nd,PROD671,INDIA
1286,,Value 71,,Accepted,,In Progress,Org line B,,in,G230 2nd,PROD671,INDIA
1286,Completed-Closed,,19.118644356857647,,,Closed,Org line B,,in,G230 2nd,,INDIA
1287,,,19.09323154788046,,Major,In Progress,Org line C,,jp,S28 2nd,PROD348,
1287,,Value 543,19.10679940725152,Accepted,,In Progress,,,jp,S28 2nd,,Japan
1287,Accepted-Wait,Value 543,19.106801109170107,Accepted,,Wait,Org line C,,jp,S28 2nd,PROD348,Japan
1287,,,19.110743156504043,Completed,,Closed,,,,,,
1288,,,,,Medium,In Progress,Org line A2,A2_4,us,,,
1288,Queued-Awaiting Assignment,Value 544,,,,,Org line A2,A2_4,,N28 2nd,PROD383,
1288,,,,,,In Progress,Org line A2,A2_4,us,N28 2nd,PROD383,USA
1288,,,,,,Closed,Org line A2,,,,,
1289,Accepted-In Progress,Value 38,19.09328344961523,Accepted,,In Progress,Org line A2,,,N22 2nd,PROD383,
1289,Queued-Awaiting Assignment,,19.095502759630815,Queued,,,,A2_3,,N22 2nd,PROD383,Sweden
1289,,,,Accepted,,,Org line A2,,se,,PROD383,
1289,Completed-Closed,Value 38,,,Medium,Closed,Org line A2,,se,N22 2nd,PROD383,
1290,,,,Accepted,,In Progress,,,,T3 2nd,,
1290,Completed-Closed,,19.0982857938971,,,Closed,Org line V2,,,,,Sweden
1291,,,19.09338348389802,Accepted,Medium,,Org line C,E_1,,,PROD745,Sweden
1291,Completed-Closed,,19.11158551218403,,,,Org line C,,,G55 2nd,PROD745,Sweden
1292,Queued-Awaiting Assignment,,19.093386331521025,,High,Awaiting Assignment,,E_1,se,,PROD715,
1292,Accepted-In Progress,,,Accepted,,In Progress,Org line C,E_3,se,G71 2nd,,
1292,,Value 391,,,,,Org line C,,,,PROD715,
1293,Accepted-In Progress,Value 229,19.09366599697553,,,In Progress,Org line C,E_10,,,,Sweden
1293,,Value 229,,Queued,High,,,,se,,,
1293,,Value 318,19.093686628574382,Accepted,,,Org line C,,,G271 2nd,,
1293,,Value 44,,Queued,High,Awaiting Assignment,,,se,G273 3rd,PROD802,
1293,,Value 360,,Accepted,High,,Org line C,,,G273 3rd,PROD802,
1293,Accepted-Wait,,,Accepted,High,Wait,Org line C,C_6,se,G273 3rd,,
1293,Completed-Closed,,19.109525351706637,,,Closed,,C_6,se,,,
1294,,,,,Medium,,Org line A2,,,,,Sweden
1294,,Value 42,19.093682210468604,Accepted,,Wait,Org line A2,A2_1,,,,Sweden
1294,Queued-Awaiting Assignment,,,,,Awaiting Assignment,,,se,M22 2nd,PROD327,
1294,,,19.093800212086375,,Medium,,,A2_1,,M22 2nd,,
1294,Accepted-Wait,,19.09944510081084,,Medium,Wait,Org line A2,,,,PROD327,
1294,,,19.09945420578801,,,Closed,,A2_1,se,,PROD327,
1295,Accepted-In Progress,,,Accepted,High,,,E_1,,,,
1295,,Value 77,19.093714876440586,Queued,,Awaiting Assignment,Org line C,,be,,PROD597,Belgium
1295,Accepted-In Progress,,,Accepted,High,In Progress,Org line C,E_1,,,,
1295,,,,,High,In Progress,Org line C,,,,PROD597,
1295,Accepted-Assigned,,,Accepted,High,,,,be,,,Sweden
1295,Accepted-In Progress,,,Accepted,High,,,,be,G55 2nd,PROD597,
1295,,,19.096331226117346,Completed,High,,,,,G55 2nd,,
1296,,,19.093701698963862,Accepted,,In Progress,Org line V5,,,V28,PROD207,
1296,Completed-Closed,,19.09370574966625,,Low,,Org line V5,,fr,,,
1297,,Value 358,19.093834685050787,,Low,,Org line C,,,,,
1297,Queued-Awaiting Assignment,,19.093836378572128,,,,,,us,G13 2nd,PROD398,
1297,Accepted-In Progress,,19.109208174882546,,,,,E_1,,G13 2nd,PROD398,USA
1297,Accepted-Assigned,Value 220,,Accepted,Low,,Org line C,,,,,
1297,Accepted-In Progress,,19.118503073950446,Accepted,Low,,,,us,,,
1297,,Value 220,,,Low,,Org line C,E_1,us,G13 2nd,PROD398,
1298,Accepted-In Progress,,19.09381587758937,,,,,,se,,PROD802,Sweden
1298,Queued-Awaiting Assignment,Value 229,19.093818882114,,,,Org line C,,,G271 2nd,PROD802,
1298,Queued-Awaiting Assignment,Value 44,,Queued,High,,Org line C,,se,,PROD802,
1298,,,19.105664826905915,,High,,,C_6,,G290 3rd,,
1298,,Value 44,,Queued,,Awaiting Assignment,,C_6,se,G273 3rd,PROD802,
1298,,,,,,,Org line C,,,G273 3rd,,France
1298,,,,,,,Org line C,C_6,,G273 3rd,,
1299,Accepted-In Progress,,19.094167524201392,Accepted,,In Progress,,,se,M18 2nd,PROD32,
1299,Completed-Closed,,,Completed,Low,Closed,,,se,M18 2nd,PROD32,Sweden
1300,Accepted-In Progress,,19.094217215398658,Accepted,Low,,Org line C,C_6,,G273 3rd,,
1300,,,,Completed,,Closed,,C_6,,G273 3rd,,Sweden
1301,,Value 545,,,,,,A2_2,pl,G132,,POLAND
1301,Completed-Closed,Value 545,19.120300546824375,,,,,A2_2,pl,G132,PROD653,
1302,,,19.094575092451027,Accepted,,In Progress,,A2_1,,,,
1302,,,,,Medium,Wait,Org line A2,A2_1,,,PROD350,China
1302,Completed-Closed,Value 197,,Completed,,Closed,,A2_1,,J2 2nd,,China
1303,,Value 285,19.095486412666883,,,In Progress,Org line A2,A2_3,se,,PROD551,Sweden
1303,Completed-Closed,Value 285,,,Low,,Org line A2,A2_3,,S35 2nd,,Sweden
1304,,Value 516,,Accepted,Medium,In Progress,Org line C,,,V52,,
1304,Completed-Closed,Value 516,19.113769112782936,,,Closed,,,,,,France
1305,Accepted-In Progress,,19.09546241626569,Accepted,Low,In Progress,Org line C,,,,PROD325,
1305,Completed-Closed,,19.116907612401608,,,,,E_4,,,PROD325,
1306,,Value 172,19.09547599324762,,Medium,In Progress,Org line A2,A2_1,,,PROD756,POLAND
1306,Accepted-In Progress,,,Accepted,,In Progress,Org line A2,A2_1,,W9 2nd,,POLAND
1306,,Value 172,,Completed,Medium,,,A2_1,pl,W9 2nd,PROD756,
1307,Accepted-In Progress,Value 330,,,Low,,Org line C,E_2,,G57 2nd,PROD330,Belgium
1307,,Value 330,,Accepted,Low,,,,se,,,Belgium
1307,Completed-Closed,Value 330,,Completed,,Closed,,E_2,se,,PROD330,
1308,,Value 43,,Accepted,,In Progress,Org line G3,,us,G199 3rd,,
1308,,,,Completed,High,Closed,Org line G3,,us,,,
1309,,,19.095549217160066,Accepted,High,In Progress,Org line G4,,se,S33 2nd,PROD397,
1309,Completed-Closed,Value 164,19.111674131764993,,High,,Org line G4,,,,PROD397,
1310,,Value 388,,Accepted,,In Progress,Org line A2,,be,G7 3rd,,
1310,,,19.097308507178912,Accepted,Medium,,,,,G7 3rd,PROD765,Belgium
1310,Completed-Closed,,19.097308888425072,Completed,,,Org line A2,,be,,PROD765,
1311,,,19.095549191698897,,Medium,,Org line A2,,,,,
1311,,,19.11072561231425,,,,Org line A2,,,,,
1312,Accepted-In Progress,,,Accepted,,In Progress,Org line C,,be,G55 2nd,,
1312,Completed-Closed,Value 119,,Completed,Major,Closed,,,be,,,
1313,Accepted-In Progress,,19.095626000007577,Accepted,,In Progress,,E_4,in,G88 2nd,,USA
1313,,,,,,In Progress,Org line C,E_4,in,,PROD802,
1313,,,19.095962941769866,Queued,,,,,in,G88 2nd,PROD802,
1313,,,19.09646430561549,,Low,,,E_10,in,G263 2nd,PROD802,
1313,Accepted-In Progress,Value 356,,Accepted,,In Progress,Org line C,,,,PROD802,Sweden
1313,,Value 150,19.099037133058925,Queued,,,,E_4,,,PROD802,
1313,,Value 276,19.10164837399428,,Low,Assigned,Org line C,E_4,,,,INDIA
1313,Queued-Awaiting Assignment,Value 86,,,,,,,in,G263 2nd,PROD802,Sweden
1313,,,,Accepted,,,Org line C,,in,G263 2nd,PROD802,
1313,Accepted-In Progress,Value 356,,Accepted,Low,In Progress,Org line C,E_10,,,PROD802,
1313,Accepted-In Progress,,,,,In Progress,,E_10,in,G263 2nd,PROD802,Sweden
1313,,,19.115188488525188,Accepted,Low,,,E_10,in,,,Sweden
1313,Completed-Closed,Value 355,19.11724498470667,,,,,,,G263 2nd,,Sweden
1314,Accepted-In Progress,Value 521,19.09589850376874,Accepted,,,Org line C,E_5,,,PROD327,
1314,Accepted-Wait,Value 521,,Accepted,,Wait,Org line C,E_5,in,,PROD327,INDIA
1314,,Value 521,,,Medium,Closed,Org line C,,,G75,,INDIA
1315,,,19.095920926974205,,,In Progress,,,in,G181 2nd,PROD62,
1315,Queued-Awaiting Assignment,,,,Medium,,,E_8,in,,PROD62,INDIA
1315,,Value 480,19.09592915293215,,,,Org line C,E_8,in,,,INDIA
1315,,Value 206,19.09592932600232,Accepted,,,Org line C,E_8,,,PROD62,
1315,Queued-Awaiting Assignment,,19.111684754563377,Queued,Medium,Awaiting Assignment,Org line C,,,G87 2nd,PROD62,
1315,,Value 482,,Accepted,Medium,In Progress,Org line C,,in,G87 2nd,,Sweden
1315,Completed-Closed,Value 482,,Completed,Medium,,Org line C,,,G87 2nd,PROD62,
1316,,,19.095936157159834,Accepted,Medium,,Org line B,E_10,in,G230 2nd,PROD424,
1316,Completed-Closed,,19.09874046910062,,Medium,Closed,Org line B,E_10,,,PROD424,
1317,Accepted-In Progress,Value 211,,Accepted,,In Progress,,,,,PROD374,
1317,,,19.10950575739063,,,Closed,Org line G4,,se,,PROD374,
1318,Accepted-In Progress,Value 546,19.095958024694532,Accepted,Low,In Progress,Org line A2,A2_3,se,M21 3rd,,Sweden
1318,,Value 546,,Completed,,,,,se,,,
1319,Accepted-In Progress,,19.095986574952956,,Medium,,,,,S28 2nd,PROD201,
1319,,,19.09991052523828,,,Closed,,,se,,PROD201,Sweden
1320,Accepted-In Progress,,19.09610507348136,,,,Other,,in,,,Czech Republic
1320,Queued-Awaiting Assignment,,19.096105663852068,,High,Awaiting Assignment,Other,,in,G172,PROD455,Czech Republic
1320,,Value 339,,,,In Progress,Org line C,,in,G93 2nd,PROD455,INDIA
1320,Completed-Closed,Value 339,,Completed,,Closed,,E_4,in,G93 2nd,PROD455,INDIA
1321,Accepted-In Progress,,19.09612469803125,Accepted,,,Org line C,C_5,in,G120 3rd,,
1321,Queued-Awaiting Assignment,Value 547,19.09614336542514,,,,Org line C,,,G120 3rd,PROD597,Sweden
1321,,Value 320,19.099882538041,,High,,Org line C,C_5,in,G120 3rd,,
1321,Queued-Awaiting Assignment,,19.09988386136634,Queued,High,,Org line C,,in,,,
1321,Accepted-In Progress,,19.10300131268709,,High,In Progress,Org line C,,in,G181 2nd,PROD597,
1321,Accepted-Assigned,Value 175,19.10300139861235,,,,,,in,G181 2nd,PROD597,
1321,Completed-Closed,Value 175,,Completed,High,Closed,Org line C,,,,PROD597,INDIA
1322,Accepted-In Progress,Value 548,,Accepted,,In Progress,Org line V7n,,,V37 2nd,,Netherlands
1322,Completed-Closed,,19.097214863636754,Completed,High,Closed,,,nl,,,Netherlands
1323,,Value 43,19.09636465538284,Accepted,High,In Progress,Org line G3,,us,G199 3rd,PROD96,
1323,Completed-Closed,,,,High,Closed,,,,G199 3rd,,
1324,,,19.09636430939312,Accepted,,,,C_5,,,PROD597,INDIA
1324,Accepted-Assigned,Value 325,,,,,,,se,,PROD597,
1324,,,,Accepted,,,,C_5,se,,PROD597,
1324,Accepted-In Progress,Value 104,19.111727039197397,Accepted,,In Progress,Org line C,C_5,,,,Sweden
1324,,,,,,Closed,Org line C,,,G120 3rd,PROD597,Sweden
1325,Accepted-In Progress,Value 211,19.09639070094164,,,,Org line G4,,,,PROD374,
1325,Completed-Closed,Value 211,,Completed,Medium,Closed,Org line G4,,,S33 2nd,PROD374,
1326,,,,,,In Progress,,,us,G199 3rd,,
1326,Completed-Closed,,19.096455086884898,Completed,Medium,Closed,Org line G3,,us,,PROD97,POLAND
1327,Accepted-In Progress,,,,Low,,,,,T3 2nd,,
1327,,Value 2,,Completed,Low,Closed,,,,,PROD688,
1328,,,,,Major,,Org line C,E_4,,,PROD348,
1328,Completed-Closed,,,,Major,,Org line C,,us,G88 2nd,,Sweden
1329,,Value 549,,,Medium,In Progress,,E_8,in,G119 2nd,PROD597,MALAYSIA
1329,Completed-Closed,,,Completed,Medium,Closed,Org line C,,in,G119 2nd,,
1330,Accepted-In Progress,,,Accepted,,In Progress,,E_10,se,,PROD802,
1330,,,,Queued,High,Awaiting Assignment,Org line C,,se,G271 2nd,PROD802,
1330,Accepted-In Progress,Value 483,19.096842159731125,,High,In Progress,Org line C,,,,PROD802,
1330,Accepted-Assigned,Value 550,,Accepted,,Assigned,,,,,PROD802,
1330,Queued-Awaiting Assignment,,,Queued,,Awaiting Assignment,Org line C,,,,PROD802,Sweden
1330,Accepted-In Progress,Value 128,19.102176717038255,Accepted,High,In Progress,Org line C,C_6,se,,PROD802,Sweden
1330,,,19.102923865755237,,,,Org line C,,,G273 3rd,,Sweden
1331,,,19.096876405940208,,,In Progress,Org line A2,A2_4,be,,,
1331,Accepted-In Progress,,19.100274718341495,,,In Progress,Org line A2,A2_4,,G304 2nd,PROD636,Belgium
1331,,Value 551,,Accepted,,In Progress,Org line A2,A2_4,be,G304 2nd,,Belgium
1331,Accepted-In Progress,Value 551,19.10028822000797,,Medium,In Progress,Org line A2,,be,,,Belgium
1331,,Value 551,,,Medium,Awaiting Assignment,,E_1,be,,,Belgium
1331,Accepted-Assigned,,19.100288554506403,Accepted,Medium,,Org line C,E_1,,,,
1331,,,,,,,Org line C,E_1,be,,,
1331,,,,,,Closed,,E_1,,,PROD636,
1332,Queued-Awaiting Assignment,,19.096968281087698,Queued,,,Org line C,E_4,,G93 2nd,,INDIA
1332,Accepted-In Progress,,,,,,Org line C,,in,G93 2nd,,
1332,Completed-Closed,,19.098676661628968,,High,,Org line C,,in,G93 2nd,PROD754,USA
1333,Accepted-In Progress,Value 216,19.096973808481383,Accepted,,,,A2_1,,,PROD741,Sweden
1333,,Value 216,19.09697381356637,,Medium,,,A2_1,,,PROD741,Sweden
1333,Accepted-In Progress,Value 216,19.109114076768716,,,In Progress,,,,M19 2nd,PROD741,
1333,,Value 216,19.10911553361887,Accepted,Medium,In Progress,Org line A2,,,,PROD741,Sweden
1333,Completed-Closed,Value 216,,Completed,Medium,,Org line A2,A2_1,se,,,Sweden
1334,,Value 553,19.09717086781748,,,,Org line C,E_1,,G213 2nd,,
1334,,,19.097171752430093,,Major,Closed,,E_1,,,,Sweden
1335,Accepted-In Progress,Value 84,,,,,Org line A2,A2_2,,T13 2nd,PROD200,POLAND
1335,,Value 84,19.097295087221518,Completed,,Closed,,,,,PROD200,
1336,,,,Accepted,,In Progress,,E_10,fr,,,
1336,Queued-Awaiting Assignment,Value 229,,,High,Awaiting Assignment,,E_10,,,PROD802,
1336,Accepted-In Progress,Value 483,,Accepted,,In Progress,,E_10,fr,G271 2nd,,
1336,Accepted-Assigned,Value 554,19.09725391122823,Accepted,High,Assigned,,E_10,,G271 2nd,PROD802,
1336,,Value 44,19.097285296638976,,,,,,,,,
1336,,Value 555,,Accepted,High,In Progress,Org line C,C_6,,G273 3rd,,France
1336,,,,Queued,,Awaiting Assignment,,E_6,,V29 2nd,,
1336,,Value 149,,Accepted,High,In Progress,Org line C,E_6,,V29 2nd,,France
1336,Queued-Awaiting Assignment,,19.101620536621184,,High,,Org line C,,,V52,,France
1336,,,,,,,,,fr,,PROD802,
1336,Completed-Closed,Value 283,,,High,Closed,Org line C,,,,,France
1337,Accepted-In Progress,,,,,In Progress,,,us,,,
1337,Completed-Closed,Value 43,,,,,Org line G3,,us,G199 3rd,,
1338,Accepted-In Progress,Value 43,19.098318990308826,Accepted,Medium,,Org line G3,,us,G199 3rd,PROD97,
1338,,,19.098319254372544,Completed,,,,,us,,PROD97,POLAND
1339,Accepted-In Progress,Value 247,,,,,,,se,G211 3rd,PROD325,
1339,,Value 247,19.09850617367769,,,Awaiting Assignment,Org line C,,,G211 3rd,PROD325,Sweden
1339,,,19.098513230958915,,Medium,In Progress,Org line C,,,G211 3rd,,
1339,,,19.101632876265093,,,Closed,Org line C,,se,G211 3rd,,
1340,,Value 552,19.09868252477654,,,In Progress,,E_4,in,,PROD251,USA
1340,,Value 552,19.098683631410058,,,Closed,Org line C,,,G93 2nd,,USA
1341,Accepted-In Progress,Value 212,,Accepted,,,Org line B,,br,,PROD436,
1341,Accepted-In Progress,Value 212,19.11444274047424,,,,,E_6,,,PROD436,
1341,,Value 212,,,,Closed,Org line B,,,,PROD436,Brazil
1342,Accepted-In Progress,,,,,In Progress,,,us,,,
1342,,,,,,,,,us,,,POLAND
1343,,Value 44,,,,In Progress,Org line C,,,G273 3rd,PROD802,Sweden
1343,Queued-Awaiting Assignment,,19.099037549168134,,High,Awaiting Assignment,Org line C,,se,G273 3rd,,
1343,Accepted-In Progress,,,Accepted,,,Org line C,C_6,se,G273 3rd,PROD802,Sweden
1343,Completed-Closed,,19.099054990077594,,,Closed,,C_6,se,,PROD802,
1344,Accepted-In Progress,Value 44,,,,In Progress,,C_6,se,G278 3rd,PROD632,
1344,,,,,Major,Closed,Org line C,,,G278 3rd,,Sweden
1344,,,,,,In Progress,Org line C,,,,,Sweden
1344,Completed-Closed,,,,Major,Closed,,,se,,,
1345,,,19.099052244816413,,Medium,In Progress,Org line C,E_1,,G128 2nd,,Belgium
1345,,Value 556,,Completed,,Closed,,E_1,,,PROD636,
1346,Accepted-In Progress,,,,,In Progress,Org line C,E_1,,G128 2nd,,
1346,Completed-Closed,,,Completed,Medium,,,E_1,,,,POLAND
1347,,,19.099111304327035,Accepted,Medium,In Progress,,A2_3,se,N23 2nd,,
1347,,Value 120,,,,Awaiting Assignment,Org line A2,A2_3,,N23 2nd,PROD414,
1347,Accepted-In Progress,Value 557,,,Medium,In Progress,,,,N23 2nd,,
1347,Completed-Closed,Value 557,19.102908402945516,,Medium,Closed,,,,N23 2nd,PROD414,
1348,,Value 387,,,High,,,,,G288 2nd,,Sweden
1348,Accepted-In Progress,Value 558,,Accepted,,,Org line C,,,,,
1348,,Value 558,19.105073127873233,Completed,,,,,,G288 2nd,PROD791,Sweden
1349,,Value 559,19.099581747912424,Accepted,,,Org line C,,,M9,,
1349,Completed-Closed,Value 559,19.11388499288388,Completed,Major,,,,,M9,PROD153,
1349,Accepted-In Progress,Value 559,,,Major,In Progress,Org line C,V3_2,se,,,
1349,,Value 559,,,Major,Awaiting Assignment,,V3_2,,,,
1349,Accepted-In Progress,,,,,,Org line C,V3_2,,M9,,
1349,,,,Completed,Major,,,V3_2,se,,PROD153,
1350,,,,,,,,A2_1,se,M22 2nd,PROD327,
1350,,Value 42,,,Medium,Awaiting Assignment,Org line A2,A2_1,se,M22 2nd,,Sweden
1350,Accepted-In Progress,Value 155,,Accepted,Medium,In Progress,,A2_1,,,,
1350,,Value 155,19.102600188724754,,Medium,,Org line A2,,,,PROD327,
1350,,Value 155,19.117726978313097,Completed,,Closed,Org line A2,A2_1,se,,PROD327,
1351,Accepted-In Progress,Value 324,,Accepted,,,Org line C,,se,G57 2nd,PROD327,Sweden
1351,Queued-Awaiting Assignment,,,Queued,Medium,Awaiting Assignment,,,,G57 2nd,PROD327,Sweden
1351,Accepted-In Progress,,19.100396480158203,Accepted,,,,,se,,PROD327,
1351,Completed-Closed,Value 423,,,Medium,Closed,Org line C,E_2,se,G57 2nd,,
1352,,,,Accepted,,In Progress,,,,G57 2nd,,
1352,Queued-Awaiting Assignment,Value 324,19.099960494634065,,,Awaiting Assignment,Org line C,E_2,,,PROD327,
1352,,Value 423,,,Medium,,,,,,PROD327,Sweden
1352,,Value 423,,Completed,,,Org line C,E_2,se,,PROD327,
1353,Accepted-In Progress,Value 42,,Accepted,,,Org line C,E_6,,,PROD634,
1353,Accepted-In Progress,,19.11683369764681,Accepted,,,Org line C,,,,,Sweden
1353,,,19.116833747496745,Completed,,,Org line C,E_6,,,,
1354,,Value 43,,Accepted,High,,,,,G199 3rd,PROD97,
1354,Completed-Closed,,19.1003301023961,,,,,,us,G199 3rd,PROD97,POLAND
1355,Accepted-In Progress,Value 444,19.100326220341437,Accepted,Medium,In Progress,Org line A2,A2_2,pl,G217 3rd,PROD796,POLAND
1355,Completed-Closed,,,Completed,,Closed,Org line A2,A2_2,pl,G217 3rd,,
1356,,Value 43,,Accepted,,In Progress,,,us,,,
1356,,Value 43,,,,,Org line G3,,us,,,POLAND
1357,Accepted-In Progress,,19.100396044343626,,,,,,gb,V50 2nd,PROD158,United Kingdom
1357,Accepted-In Progress,Value 168,19.10519085215759,Accepted,Medium,In Progress,Org line V11,,gb,V50 2nd,PROD158,United Kingdom
1357,,,,Completed,Medium,Closed,Org line V11,,gb,V50 2nd,PROD158,United Kingdom
1358,,Value 150,19.100435804040604,,,Awaiting Assignment,,,,,PROD316,USA
1358,,,19.10048721160363,Accepted,High,Assigned,Org line C,,,N6 2nd,PROD316,
1358,Completed-Closed,,,Completed,,,Org line C,,,N6 2nd,PROD316,USA
1359,Accepted-In Progress,,19.100429343070726,Accepted,,In Progress,,E_10,in,G238 2nd,,
1359,Completed-Closed,,19.10296160431897,Completed,,Closed,,,in,G238 2nd,,INDIA
1360,,Value 410,19.101637537756247,,,,,C_5,,,,France
1360,,Value 410,,Completed,,Closed,,C_5,,,,France
1361,,Value 525,,Accepted,Medium,In Progress,Org line C,E_3,,G67 2nd,,Sweden
1361,,Value 525,19.101603216322708,Accepted,Medium,,Org line C,,,,,Sweden
1361,,Value 525,19.11082993001442,Completed,,Closed,,,,,,
1362,,Value 156,19.10159320462821,Accepted,Medium,,,E_8,in,,PROD476,INDIA
1362,Queued-Awaiting Assignment,,19.101597000783016,,,,Org line C,E_8,,,PROD476,INDIA
1362,Accepted-In Progress,,19.101612028353077,,,In Progress,Org line C,E_8,,,,
1362,,,,,,,Org line C,E_8,in,,,INDIA
1362,Completed-Closed,,19.11562527830383,Completed,Medium,Closed,Org line C,E_8,,G181 2nd,PROD476,
1363,Accepted-In Progress,Value 561,19.101668765643666,Accepted,,In Progress,,,se,,,Sweden
1363,,,,,Medium,,Org line G4,,,,PROD319,Sweden
1363,Completed-Closed,Value 561,19.10345527914692,,,Closed,Org line G4,,se,,,Sweden
1363,Accepted-In Progress,Value 561,19.11476574462153,Accepted,Medium,In Progress,,,,,PROD319,
1363,,Value 561,,Completed,,,Org line G4,,,G51 2nd,,
1363,,Value 561,,Accepted,,In Progress,,,,G51 2nd,PROD319,
1363,,Value 561,19.11476645395574,,Medium,Closed,,,,G51 2nd,PROD319,Sweden
1363,,Value 561,19.115126266301726,Accepted,,,,,se,G51 2nd,PROD319,
1363,,,19.115126381152503,Completed,Medium,,,,,,,Sweden
1364,Accepted-In Progress,Value 43,,,,,,,us,,,
1364,,,,Completed,,Closed,,,us,,,POLAND
1365,,Value 168,,Accepted,,In Progress,Org line V11,,gb,V50 2nd,PROD161,United Kingdom
1365,Completed-Closed,Value 168,19.105188945761007,Completed,,,,,,V50 2nd,PROD161,
1366,Accepted-In Progress,Value 239,19.10199324007957,,High,,Org line B,E_10,in,,,INDIA
1366,Completed-Closed,,19.11455520997611,,High,,Org line B,,in,,PROD209,
1367,Accepted-In Progress,Value 562,19.10201589131626,,Medium,In Progress,,,se,,PROD483,Sweden
1367,,Value 562,,Queued,,Awaiting Assignment,,,,O3 2nd,,Sweden
1367,Accepted-In Progress,Value 562,19.105628752984256,,Medium,,,,se,S50 3rd,,
1367,Completed-Closed,,,,Medium,Closed,Org line G4,,,S50 3rd,PROD483,
1368,,Value 123,,,Medium,In Progress,Org line C,,se,,,
1368,Completed-Closed,Value 123,19.10204533159174,Completed,Medium,Closed,,,se,G294 2nd,PROD401,
1369,,Value 478,,Accepted,Medium,,,,pl,,PROD761,POLAND
1369,Accepted-Wait,,,Accepted,Medium,,Org line A2,A2_1,,,PROD761,POLAND
1369,,,,,,In Progress,,A2_1,,,PROD761,
1369,Accepted-Wait,Value 478,19.10216840572928,,,Wait,Org line A2,,,,,POLAND
1369,Accepted-In Progress,Value 478,19.102911238738592,Accepted,,,,A2_1,pl,W16 3rd,,
1369,,Value 478,19.10297744034268,Accepted,Medium,Wait,,,pl,,PROD761,POLAND
1369,Completed-Closed,,19.113765627571897,Completed,Medium,,,A2_1,,W16 3rd,,POLAND
1370,Accepted-In Progress,Value 43,19.102057918954895,Accepted,,In Progress,,,,G199 3rd,,POLAND
1370,,Value 43,,,,Closed,Org line G3,,,,PROD96,POLAND
1371,Accepted-In Progress,,19.102163185200432,,,In Progress,Org line C,,se,G99 2nd,PROD153,
1371,,Value 39,,Completed,Medium,,,,,,,
1372,Accepted-In Progress,,,,,In Progress,Org line C,,in,,PROD476,INDIA
1372,,Value 560,,Completed,Major,Closed,,E_8,in,,,INDIA
1373,Accepted-In Progress,,,Accepted,,,Org line C,,be,,,Sweden
1373,Completed-Closed,Value 209,19.109491932671677,,Medium,Closed,,,,G56 3rd,PROD744,Sweden
1374,Accepted-In Progress,,19.102512035659075,Accepted,Low,In Progress,,,se,,,
1374,,,,Completed,Low,,,E_10,se,G253 2nd,,
1375,,Value 43,,,,In Progress,Org line G3,,us,,PROD97,
1375,Completed-Closed,Value 43,19.102550942696777,,Medium,,,,,,PROD97,
1376,,,19.10255139780004,Accepted,,,,,us,,,
1376,,Value 43,19.102551756825797,Completed,,,,,,,PROD96,POLAND
1377,Accepted-In Progress,Value 229,,Accepted,,In Progress,Org line C,E_10,,G271 2nd,,Sweden
1377,Queued-Awaiting Assignment,,19.102689355333514,,High,,,E_10,pl,G271 2nd,PROD802,
1377,Accepted-In Progress,Value 563,,Accepted,,,Org line C,E_10,pl,,,Sweden
1377,,,19.102721187429122,Queued,High,Awaiting Assignment,Org line C,,pl,G276 2nd,PROD802,
1377,,Value 229,,,,Awaiting Assignment,Org line C,,,,,
1377,Accepted-In Progress,,,Accepted,,In Progress,Org line C,,pl,G271 2nd,PROD802,
1377,,,,Queued,High,,Org line C,,pl,,,
1377,Accepted-Assigned,,19.11081458395853,,High,,Org line C,C_6,pl,,,USA
1377,,Value 478,,Queued,High,Awaiting Assignment,Org line A2,,pl,N28 2nd,,
1377,Accepted-Assigned,,,,High,Assigned,,A2_2,pl,,PROD802,
1377,Accepted-In Progress,Value 354,19.111176322119864,,High,,,A2_2,,,PROD802,POLAND
1377,Completed-Closed,Value 354,,,,Closed,Org line A2,,,,,POLAND
1378,,Value 474,19.102833132699644,Accepted,,In Progress,Org line A2,A2_5,cn,N18 2nd,,China
1378,,,,Queued,Medium,Awaiting Assignment,,A2_5,,,,
1378,,,19.117997753678267,Accepted,,In Progress,,,cn,N18 2nd,,
1378,,,19.11799788313731,,Medium,Closed,,A2_5,cn,N18 2nd,PROD789,
1379,,,,Accepted,High,,,,us,N6 2nd,,USA
1379,Accepted-Wait,,,,High,Wait,Org line C,,,N6 2nd,PROD181,
1379,,,19.104777810492354,Completed,High,,,,,,PROD181,USA
1380,,Value 77,,Accepted,,,,E_5,be,,PROD821,
1380,Accepted-In Progress,Value 77,,Accepted,Medium,,Org line C,,be,G75,PROD821,Belgium
1380,,Value 77,19.10289430979397,Queued,,Awaiting Assignment,,,be,,,
1380,Accepted-In Progress,Value 77,,,,In Progress,Org line C,,,G74,,
1380,Queued-Awaiting Assignment,,19.102895042764068,,Medium,,,E_1,,,PROD821,Belgium
1380,Accepted-Assigned,Value 119,,,,Assigned,,,,,,
1380,Accepted-Assigned,,,,,,,E_1,be,,PROD821,
1380,,Value 119,19.111637622551314,Accepted,Medium,In Progress,Org line C,,be,G55 2nd,,Sweden
1380,Completed-Closed,,,,,Closed,,,,,PROD821,
1381,Accepted-In Progress,,,Accepted,Low,,Org line C,,,,PROD805,Sweden
1381,Accepted-Wait,Value 31,,,Low,Wait,,,se,G268 3rd,,Sweden
1381,,,,Completed,,,Org line C,C_6,,G268 3rd,PROD805,Sweden
1382,,,19.10298982896265,Accepted,Medium,,,A2_1,,,PROD756,POLAND
1382,,Value 253,19.117772290263872,,Medium,,,,pl,W16 3rd,,POLAND
1383,,Value 558,19.103399385836006,,,,Org line C,E_10,,G288 2nd,,Sweden
1383,Accepted-Wait,,19.110841153549337,Accepted,,Wait,,E_10,in,,PROD154,Sweden
1383,Completed-Closed,Value 558,,,,,,E_10,,G288 2nd,,Sweden
1384,,Value 81,19.103418372633307,Accepted,Major,In Progress,,D_1,se,,,
1384,,,19.103418680824753,Accepted,,Assigned,,,se,G197 2nd,,Sweden
1384,Queued-Awaiting Assignment,Value 223,19.1034270120625,,Major,,,,se,,PROD617,POLAND
1384,,Value 564,,,Major,Awaiting Assignment,,,se,,PROD617,Korea
1384,,Value 565,19.104491495382913,,,,Org line A2,,se,V16 3rd,PROD617,
1384,,,19.104605992911985,Queued,Major,,Org line A2,A2_3,,,PROD617,
1384,Accepted-In Progress,Value 251,19.1116632382687,Accepted,,,Org line A2,,,V13 2nd,PROD617,
1384,Accepted-Assigned,,19.111663363539574,Accepted,,,,A2_3,se,,PROD617,Sweden
1384,Accepted-In Progress,Value 81,,Accepted,,,Org line A2,A2_3,,,,Sweden
1384,Completed-Closed,Value 81,19.120651173116435,Completed,Major,Closed,,A2_3,se,,PROD617,
1385,,,,,,,Org line C,,,G290 3rd,,
1385,,Value 104,19.104761392443915,Accepted,High,,Org line C,,us,,,
1385,,,19.11166676589043,,High,Awaiting Assignment,Org line C,,,,PROD154,USA
1385,Accepted-In Progress,,19.112690007330055,Accepted,,,,,us,N6 2nd,PROD154,
1385,Completed-Closed,Value 508,,,,Closed,Org line C,,us,N6 2nd,,USA
1386,Accepted-In Progress,Value 111,19.103493997945712,Accepted,High,In Progress,,,,,,
1386,,,19.10349782225511,Queued,,Awaiting Assignment,,,,,,
1386,Accepted-In Progress,,,,High,,,C_6,us,,,
1386,,Value 111,,,,Closed,Org line C,,,,,USA
1387,Accepted-In Progress,Value 273,19.10348149937416,Accepted,High,In Progress,Org line A2,,se,G349 3rd,,Sweden
1387,,Value 273,,Completed,,,,A2_3,se,G349 3rd,PROD750,
1388,,Value 566,,,,In Progress,Org line C,,se,,PROD802,
1388,,Value 566,19.118139073142146,,Major,,,E_6,se,U2 2nd,PROD802,
1389,,Value 567,,Accepted,Major,In Progress,Org line C,,,,PROD348,
1389,Completed-Closed,Value 567,19.10554889775207,,,,,,jp,S29 2nd,PROD348,Japan
1390,,,,,,In Progress,Org line C,,se,G153 2nd,,
1390,Completed-Closed,Value 271,,,,,,E_7,se,G153 2nd,PROD671,
1391,Accepted-In Progress,,19.104751376999268,,,,,,se,G118 2nd,PROD591,Sweden
1391,,,19.111739224696777,,Medium,Closed,,A2_4,,,PROD591,Sweden
1392,Accepted-In Progress,,,,High,,Org line G3,,us,G199 3rd,,
1392,,Value 43,19.10478019699017,Completed,,Closed,,,,,PROD98,
1393,Accepted-In Progress,Value 433,19.10480308286186,,Medium,In Progress,Org line C,E_1,,G55 2nd,PROD227,
1393,Completed-Closed,Value 433,,,Medium,Closed,Org line C,E_1,,G55 2nd,PROD227,Sweden
1394,,,,Queued,Major,Awaiting Assignment,,,,,PROD805,Sweden
1394,,,19.104928108375287,Accepted,,,,E_10,in,,,Sweden
1394,Completed-Closed,Value 568,19.104928305118477,Completed,,,,,,,PROD805,Sweden
1395,,,,,,In Progress,,C_6,se,,PROD805,Sweden
1395,,,,Queued,Major,,Org line C,,,,PROD805,Sweden
1395,Accepted-In Progress,,,,,In Progress,Org line C,,,,PROD805,
1395,Completed-Closed,,,,,,,,se,G268 3rd,,Sweden
1396,,Value 43,19.105122229678283,Accepted,,In Progress,,,,G199 3rd,,POLAND
1396,,Value 43,19.105123762967533,Completed,,,,,us,,PROD96,
1397,Accepted-In Progress,,,,Low,,,E_10,,G271 2nd,PROD802,Sweden
1397,Accepted-Wait,Value 332,,Accepted,Low,Wait,,E_10,in,G271 2nd,PROD802,
1397,,,,Completed,Low,Closed,Org line C,E_10,,G271 2nd,,
1398,,,19.10519382774288,,,,,A2_2,,G28 3rd,,Sweden
1398,,Value 273,,Completed,,,Org line A2,A2_2,se,G28 3rd,PROD182,Sweden
1399,,Value 373,,Accepted,Medium,In Progress,Org line C,,,,,
1399,,Value 373,19.10555021864174,Completed,,Closed,,,,G119 2nd,PROD597,
1400,Accepted-In Progress,Value 373,,,,,,,,G119 2nd,PROD597,Sweden
1400,Accepted-In Progress,Value 373,,Accepted,Medium,,,E_8,in,,,
1400,Completed-Closed,,19.107745453734942,Completed,,Closed,Org line C,E_8,in,,PROD597,
1401,,,19.10564920477902,,,,Org line C,E_7,,G162 2nd,,
1401,,Value 337,,,High,Awaiting Assignment,Org line C,,in,,,INDIA
1401,Accepted-In Progress,Value 569,,Accepted,,In Progress,,E_5,,G79,,
1401,,Value 79,19.1056543164021,,High,In Progress,,,in,G162 2nd,,
1401,,Value 397,,Accepted,High,,Org line C,E_7,in,,PROD646,
1401,,,19.11729623795371,Accepted,,In Progress,,E_7,,,PROD646,INDIA
1401,,,,,High,Closed,,,,G162 2nd,,
1402,,Value 523,19.10567535242205,,,,,,,G271 2nd,PROD802,Sweden
1402,,Value 523,19.105687939543728,,,,,,in,,PROD802,
1402,,,,Accepted,,,,,in,G271 2nd,,
1402,,Value 523,,,,Closed,,,in,G271 2nd,,Sweden
1403,,Value 158,19.10602044027254,,Medium,In Progress,Org line A2,,,G362 3rd,PROD241,
1403,Completed-Closed,Value 158,19.113826059510572,Completed,,,,,se,G362 3rd,,POLAND
1404,Accepted-In Progress,,,Accepted,,,Org line C,E_1,,,PROD398,Sweden
1404,,Value 367,19.110726148976422,,High,In Progress,,,us,,,Sweden
1404,,,,,,Closed,Org line C,E_1,us,G13 2nd,PROD398,
1405,Accepted-In Progress,,,Accepted,High,In Progress,Org line C,,,,,
1405,,Value 308,,Completed,High,,,,us,N6 2nd,PROD487,USA
1406,,,,Queued,High,Awaiting Assignment,,,se,,PROD424,INDIA
1406,Accepted-In Progress,Value 71,,Accepted,High,,,E_10,se,,PROD424,INDIA
1406,,,,,High,,Org line C,C_6,se,,,
1406,Accepted-In Progress,Value 127,19.107811884377842,Accepted,,,Org line C,,,G250 3rd,PROD424,
1406,,,,,,,Org line C,C_6,se,G250 3rd,PROD424,
1406,Accepted-In Progress,Value 2,,,,In Progress,Org line C,C_6,se,G250 3rd,,Sweden
1406,,,19.117736222157603,,High,Closed,,,,,,Sweden
1407,Accepted-In Progress,Value 86,19.106335581879502,Accepted,High,,Org line C,,in,,PROD471,Sweden
1407,Queued-Awaiting Assignment,,,,High,Awaiting Assignment,,,,,PROD471,
1407,,,,,,In Progress,,,in,G236 2nd,,Sweden
1407,Completed-Closed,Value 465,19.106463196355687,Completed,,Closed,Org line C,,,G236 2nd,PROD471,
1408,Accepted-In Progress,Value 43,,Accepted,Medium,,,,us,G199 3rd,,
1408,,,19.1064878318215,,Medium,,,,,,PROD97,POLAND
1409,,,19.106478302083353,Accepted,,,,E_4,us,,,
1409,Completed-Closed,Value 341,19.111262471550166,,,Closed,,E_4,us,G88 2nd,PROD794,
1410,Accepted-In Progress,Value 4,,Accepted,Low,,Org line C,,se,N12 2nd,,
1410,,Value 4,19.106872617344706,,Low,Assigned,,E_9,se,N12 2nd,PROD673,
1410,Accepted-In Progress,Value 4,,,Low,,Org line C,E_9,,N12 2nd,,
1410,Completed-Closed,Value 4,,Completed,,Closed,Org line C,E_9,se,,PROD673,Sweden
1411,Accepted-In Progress,Value 43,19.10670919134979,,Medium,In Progress,Org line G3,,,G199 3rd,,
1411,Completed-Closed,Value 43,,,Medium,Closed,Org line G3,,,,,
1412,,Value 43,19.10671741968349,,,In Progress,,,,G199 3rd,,
1412,,,19.106718220356168,Completed,High,Closed,,,us,,,POLAND
1413,Accepted-In Progress,Value 570,19.107278055878577,Accepted,Major,,,,,G120 3rd,PROD597,Sweden
1413,Accepted-Assigned,,,Accepted,Major,,Org line C,C_5,se,,PROD597,Sweden
1413,,Value 571,19.11770717049865,,,In Progress,,,se,G120 3rd,,Sweden
1413,,,,,Major,,Org line C,C_5,se,G120 3rd,,Sweden
1413,Completed-Closed,Value 570,,,,Closed,,,se,,,
1414,Accepted-In Progress,,19.107617877020253,,,,Org line C,E_10,in,,PROD802,Sweden
1414,Queued-Awaiting Assignment,,19.107619195179858,,,Awaiting Assignment,Org line C,E_10,,G271 2nd,,Sweden
1414,Accepted-In Progress,,,,,,,E_10,,G271 2nd,PROD802,
1414,Queued-Awaiting Assignment,,19.10763247227075,Queued,,,Org line C,,in,,,
1414,Accepted-In Progress,Value 44,,,High,,Org line C,C_6,in,,PROD802,Sweden
1414,Queued-Awaiting Assignment,,,,,,Org line C,E_10,,,,
1414,,Value 558,,Accepted,,,,E_10,,G288 2nd,PROD802,
1414,,Value 104,,Queued,High,,Org line C,,,,,
1414,,,,,,In Progress,,,,G290 3rd,PROD802,
1414,Queued-Awaiting Assignment,Value 387,19.110796880536153,,,Awaiting Assignment,Org line C,E_10,in,G288 2nd,PROD802,
1414,,Value 572,,,High,,,E_10,,G288 2nd,,Sweden
1414,Accepted-In Progress,,19.11081103828402,,High,,,,,G288 2nd,,
1414,,Value 558,,Completed,High,,Org line C,,in,,PROD802,Sweden
1415,Accepted-In Progress,,,,,,,E_10,in,,PROD802,Sweden
1415,Queued-Awaiting Assignment,,19.107626585897524,Queued,High,,Org line C,,,G271 2nd,,Sweden
1415,,,19.107631144066485,,,In Progress,Org line C,E_10,in,G271 2nd,,
1415,,Value 44,19.10763193394575,,,,Org line C,C_6,,,,
1415,,Value 44,,,,In Progress,,,,,,Sweden
1415,,Value 387,19.107709801910257,Queued,,,Org line C,E_10,in,G288 2nd,,
1415,,,,Accepted,High,,Org line C,E_10,,G288 2nd,,Sweden
1415,Queued-Awaiting Assignment,,,Queued,,,,,in,G290 3rd,PROD802,
1415,,Value 108,,Accepted,,In Progress,,,in,G290 3rd,PROD802,Sweden
1415,,,19.110797462296656,Queued,High,Awaiting Assignment,Org line C,,,G288 2nd,PROD802,Sweden
1415,Accepted-In Progress,,,,High,In Progress,,,in,,PROD802,
1415,,Value 558,,,High,,,,,,,
1415,,,19.11084078244251,Completed,High,,,,in,G288 2nd,,
1416,Accepted-In Progress,Value 383,,,,In Progress,,,,G269 3rd,PROD621,
1416,Completed-Closed,,,,,,,C_6,se,,PROD621,
1417,,,,,High,In Progress,,,,G358 2nd,,Sweden
1417,,,19.107762904404638,Completed,High,Closed,Org line G1,E_6,,G358 2nd,PROD291,
1418,,,,Accepted,,,,,pl,W14 2nd,PROD782,
1418,Accepted-In Progress,Value 573,,,High,In Progress,,D_1,pl,,,
1418,Completed-Closed,,19.118187627182742,Completed,High,Closed,,,pl,,,
1419,,,,Queued,High,Awaiting Assignment,Org line C,E_10,,,PROD488,Sweden
1419,Accepted-In Progress,,19.10822529404784,Accepted,High,,,,,,,
1419,Queued-Awaiting Assignment,Value 104,,Queued,,,Org line C,,,,,Sweden
1419,,,19.10859061371152,Accepted,High,,,,,G290 3rd,PROD488,Sweden
1419,,Value 13,,,,,,C_6,se,,,
1420,,Value 77,,Queued,,Awaiting Assignment,,,,,PROD816,Belgium
1420,,Value 449,19.108713256871088,Accepted,,In Progress,Org line C,,,L57 3rd,PROD816,France
1420,,,19.108715277175865,Accepted,,,Org line C,V3_3,,V42 2nd,,
1420,,,19.118664016744543,,,Closed,Org line C,,,V42 2nd,PROD816,
1421,Accepted-In Progress,,19.108810573631978,,Low,,,E_3,,,PROD120,Brazil
1421,Accepted-Assigned,,19.10881106107139,,Low,,Org line B,,,S12 2nd,PROD120,
1421,,Value 380,19.118662927026683,Completed,Low,,,E_3,,,,Brazil
1422,Accepted-In Progress,Value 385,19.109076810825012,,Low,,,A2_5,,A10,,
1422,Completed-Closed,,,Completed,,,,,,A10,PROD461,
1423,,Value 34,19.109119436962093,,High,,,A2_4,,G11 2nd,PROD604,Belgium
1423,Completed-Closed,,,Completed,,Closed,Org line A2,,0,,PROD604,Belgium
1424,,,,Accepted,,,,A2_3,se,,PROD673,
1424,,,19.109158735796644,Queued,Major,,Org line A2,A2_3,se,S21 2nd,,
1424,Queued-Awaiting Assignment,,19.10946624620803,,,,Org line C,E_7,se,G153 2nd,,
1424,,Value 77,19.110475792390037,Accepted,,,,E_7,se,G134 2nd,PROD673,Sweden
1424,,,19.111241186789158,Accepted,Major,,Org line C,E_7,,,,Sweden
1424,Queued-Awaiting Assignment,,,Queued,,,Org line C,,se,,PROD673,
1424,,Value 44,,,Major,,Org line C,C_6,,G273 3rd,PROD673,Sweden
1424,,Value 360,,,Major,In Progress,Org line C,,,,PROD673,
1424,,,,,,,Org line C,C_6,,,PROD673,
1424,Accepted-In Progress,Value 360,,Accepted,Major,,Org line C,C_6,,G273 3rd,,Sweden
1424,Completed-Closed,Value 360,19.120285449744298,,,,,,,,PROD673,Sweden
1425,Accepted-In Progress,,,,Major,,Org line C,,us,,PROD348,China
1425,,,19.11074192270316,Completed,Major,,Org line C,,us,G88 2nd,,
1426,,Value 237,19.109539296479337,,,In Progress,Org line C,,,,,USA
1426,,Value 237,19.111709747759022,Completed,Major,,Org line C,C_6,,,PROD785,USA
1427,,Value 62,,,High,In Progress,,A2_3,,S35 2nd,,
1427,Accepted-Assigned,,,,High,Assigned,,A2_3,se,S35 2nd,PROD368,
1427,Accepted-In Progress,,,Accepted,High,,Org line A2,,se,,,Sweden
1427,,Value 13,19.112515403533376,,,,Org line A2,A2_3,,S35 2nd,PROD368,Sweden
1428,Accepted-In Progress,Value 574,,,Major,In Progress,,A2_1,se,,PROD238,
1428,,Value 574,19.110817798625686,,,,Org line A2,,se,D7,,Sweden
1429,Accepted-In Progress,,19.11080789882198,,,,Org line A2,,cn,,,
1429,,,19.11800764230918,Completed,,Closed,,,cn,N18 2nd,PROD789,China
1430,Accepted-In Progress,,19.110816474645457,,,,Org line C,,us,,PROD398,France
1430,,Value 219,19.111653447048877,,Low,,Org line C,C_1,us,,,France
1431,,Value 345,,Accepted,,,Org line C,,,G268 3rd,,Sweden
1431,,,,,,,Org line C,C_6,,,,
1431,,,19.11124790913309,Accepted,,,,C_6,se,G268 3rd,,
1431,Accepted-In Progress,Value 345,,Accepted,,,,,,,PROD805,
1431,Accepted-Wait,Value 345,,Accepted,,Wait,,C_6,,G268 3rd,,
1431,,,19.111295991874393,Queued,High,,Org line C,,se,,,Sweden
1431,,Value 45,,,,,,C_6,,G268 3rd,PROD805,Sweden
1431,,,19.11467233789496,Completed,,,,,,,,
1432,,,19.110899741566065,Accepted,Low,In Progress,Org line C,E_10,,,PROD805,Sweden
1432,Accepted-In Progress,Value 575,,,Low,In Progress,Org line C,E_10,in,G266 2nd,PROD805,
1432,,Value 575,,Accepted,,,Org line C,,,G266 2nd,,Sweden
1432,,,,,,,Org line C,E_10,in,G266 2nd,PROD805,
1432,Accepted-In Progress,Value 575,,Accepted,,,,,in,G266 2nd,,
1432,,Value 575,19.111306839245785,Completed,,Closed,,,in,G266 2nd,PROD805,
1433,Accepted-In Progress,,,Accepted,,,,,,,PROD378,USA
1433,,Value 150,19.11090158194546,,High,,Org line C,,,,,
1433,Accepted-In Progress,Value 308,,Accepted,High,In Progress,Org line C,,us,,PROD378,
1433,Completed-Closed,,19.118181568635435,Completed,High,,,,,,,USA
1434,Queued-Awaiting Assignment,Value 150,,Queued,,,Org line C,E_4,,,,USA
1434,Accepted-In Progress,Value 576,,,Major,,,,in,G92,,INDIA
1434,Completed-Closed,,19.111228950102287,Completed,Major,,,,in,,,INDIA
1435,Accepted-In Progress,Value 150,19.111215896134425,,High,In Progress,,E_4,us,G88 2nd,,
1435,Queued-Awaiting Assignment,Value 150,19.11121688371015,Queued,High,,,,,,,USA
1435,,,,,,,Org line C,,,G88 2nd,,Sweden
1435,,,19.11732868967716,Completed,High,Closed,,,,,,
1436,Accepted-In Progress,,,,,In Progress,,,,,,
1436,Accepted-Assigned,Value 88,19.11126139880103,,,Assigned,Org line G4,,,,,
1436,Accepted-In Progress,,,Accepted,,,Org line G4,,,,PROD802,
1436,,,19.11507274939622,Completed,,,Org line G4,,,,PROD802,Sweden
1437,Accepted-In Progress,Value 43,,,,In Progress,,,,G199 3rd,PROD428,POLAND
1437,,,19.11131296966288,,Low,,Org line G3,,,,PROD428,POLAND
1438,Completed-Closed,,,Completed,Medium,Closed,,A2_4,,,PROD591,Sweden
1439,Accepted-In Progress,Value 380,19.111725606188948,Accepted,,,Org line B,,,S12 2nd,PROD119,
1439,Accepted-Assigned,,,,Medium,,,,,,PROD119,
1439,Completed-Closed,Value 380,19.117363541844618,,,Closed,Org line B,E_3,br,S12 2nd,PROD119,
1440,,Value 31,,Accepted,,In Progress,,C_4,se,G155 3rd,PROD673,
1440,Completed-Closed,Value 31,19.121197537085745,,Medium,,Org line C,,se,G155 3rd,,Sweden
1441,,,19.112455097616536,,,In Progress,Org line V2,,se,,PROD631,
1441,Completed-Closed,Value 228,19.120672640903503,Completed,,Closed,,,,,,Sweden
1442,Accepted-In Progress,,,,,,,,,,,POLAND
1442,Completed-Closed,,,Completed,,Closed,,,us,,,
1443,Accepted-In Progress,,19.1125374972691,Accepted,,,Org line A2,,,G47 2nd,PROD243,Sweden
1443,Completed-Closed,Value 577,,Completed,,,Org line A2,A2_4,se,G47 2nd,PROD243,
1444,,,,,,,Org line C,,,G93 2nd,,
1444,,Value 249,,Queued,,,,,,G93 2nd,,
1444,,Value 119,19.114198580810775,Accepted,,In Progress,,,in,,,Sweden
1444,Completed-Closed,Value 119,19.114201014905433,Completed,,,Org line C,E_4,in,,,Sweden
1445,Accepted-In Progress,Value 43,,,High,In Progress,,,us,,,
1445,Completed-Closed,Value 43,,,,Closed,Org line G3,,us,,PROD98,
1446,Accepted-In Progress,Value 43,,,High,In Progress,,,,,PROD97,POLAND
1446,Completed-Closed,Value 43,19.113479533831324,Completed,High,,Org line G3,,us,G199 3rd,,
1447,Accepted-In Progress,,19.113811209372614,,High,,Org line G3,,us,,PROD98,POLAND
1447,Completed-Closed,,,Completed,,,,,us,G199 3rd,,
1448,,,,,Medium,,Org line C,E_10,,,,
1448,,,,Completed,Medium,Closed,Org line C,,,G288 2nd,PROD154,Sweden
1449,,Value 114,19.113836159478403,,Medium,In Progress,Org line C,E_7,se,,PROD671,
1449,,Value 114,,Completed,Medium,Closed,,,,G161 2nd,PROD671,Sweden
1450,,Value 43,,,,In Progress,,,,,,POLAND
1450,Completed-Closed,Value 43,19.11386134895371,Completed,,,Org line G3,,us,G199 3rd,PROD96,
1451,,Value 43,19.113870308614093,Accepted,,In Progress,,,,,PROD97,
1451,Completed-Closed,Value 43,19.113873988451353,,,,,,us,G199 3rd,,
1452,Accepted-In Progress,,,Accepted,High,,Org line C,E_10,,G288 2nd,,
1452,Completed-Closed,,19.114486747440818,,High,Closed,,,in,G288 2nd,,
1453,Accepted-In Progress,,19.114201794614175,Accepted,High,In Progress,Org line C,,be,G56 3rd,,
1453,,Value 8,,,,Closed,Org line C,,,,PROD795,
1454,,,19.114335415716862,,High,,Org line G3,,,G199 3rd,PROD97,POLAND
1454,Completed-Closed,,,,High,Closed,Org line G3,,us,,,
1455,Accepted-In Progress,,,,Major,,Org line A2,D_1,se,,,
1455,,Value 81,19.12116642175307,Completed,,,Org line A2,,se,L45 3rd,,Sweden
1456,,Value 578,,,,,Org line V5,,se,,PROD221,
1456,Completed-Closed,Value 578,19.114333246815487,,Major,Closed,Org line V5,,,V20 2nd,PROD221,
1457,,Value 515,19.11450869773363,,High,,,E_10,in,,PROD154,
1457,,,19.11451025167418,,,,,E_10,in,G288 2nd,PROD154,Sweden
1458,,Value 579,19.11465010143222,,High,,Org line A2,,kr,,,Korea
1458,Queued-Awaiting Assignment,Value 579,,,High,Awaiting Assignment,Org line A2,,kr,S60 2nd,,
1458,,,,,,,Org line A2,,kr,S60 2nd,PROD221,
1458,,,,,,,Org line A2,,,S60 2nd,,Korea
1458,Completed-Closed,Value 579,19.1211226630926,,,,Org line A2,,,,PROD221,
1459,Accepted-In Progress,,19.114667961582352,,,,Org line C,E_10,in,G288 2nd,,
1459,Completed-Closed,Value 387,19.116828154318455,Completed,,,,,in,,PROD154,
1460,,Value 276,19.1146916314101,Accepted,,In Progress,,E_4,,,PROD793,INDIA
1460,,,,Completed,High,,,E_4,,,,
1461,,Value 43,19.11476028472941,,,,Org line G3,,,,PROD96,
1461,,Value 43,19.114772912870134,Completed,Medium,Closed,Org line G3,,,,,POLAND
1462,,Value 192,,Accepted,,In Progress,Org line C,,se,G58 3rd,PROD327,Belgium
1462,,,,Queued,Medium,,,,se,,PROD327,Belgium
1462,Accepted-In Progress,Value 192,19.11472855382395,Accepted,,In Progress,,E_2,,,,
1462,Accepted-Assigned,Value 330,19.114728653733923,,,,Org line C,,,,PROD327,Belgium
1462,,,,Accepted,,Wait,Org line C,,se,G57 2nd,,Belgium
1462,Completed-Closed,,19.117296855806888,,,Closed,,,,,PROD327,Belgium
1463,Accepted-In Progress,,,Accepted,,,Org line G3,,us,G199 3rd,PROD96,POLAND
1463,Completed-Closed,Value 43,,,,,,,us,G199 3rd,PROD96,
1464,,,19.11517639991055,,Medium,In Progress,,,us,G199 3rd,PROD96,POLAND
1464,,Value 43,19.115179350924134,,,Closed,Org line G3,,us,,,POLAND
1465,Accepted-In Progress,,,,,In Progress,,,us,,,
1465,Completed-Closed,Value 43,,,,,Org line G3,,us,G199 3rd,,
1466,,,,,,,Org line G3,,us,G199 3rd,PROD97,POLAND
1466,Completed-Closed,Value 43,19.115539324232035,,,Closed,,,,,,POLAND
1467,Accepted-In Progress,Value 43,,Accepted,,,Org line G3,,us,,PROD96,POLAND
1467,,Value 43,19.115542738378227,,Medium,Closed,Org line G3,,,,PROD96,
1468,Accepted-In Progress,Value 580,,,,In Progress,Org line G4,,,S32 2nd,PROD633,Sweden
1468,,Value 580,,Completed,,Closed,,,,,,
1469,,Value 390,,Accepted,Low,In Progress,,,,,,
1469,,Value 390,19.1160305020565,,,Closed,Org line C,,,,,Sweden
1470,,Value 2,,,Medium,,Org line C,C_6,,G250 3rd,,
1470,,Value 2,,Queued,Medium,Awaiting Assignment,Org line C,C_6,,,,
1470,,Value 306,,,Medium,In Progress,,C_6,se,G250 3rd,PROD434,Sweden
1470,,Value 306,19.117646718627498,Completed,,Closed,Org line C,,se,G250 3rd,,Sweden
1471,,Value 375,19.11690758747848,,Medium,In Progress,Org line C,E_1,,,PROD460,Sweden
1471,,,,Completed,Medium,Closed,Org line C,E_1,,G13 2nd,PROD460,
1472,,Value 15,19.117079696765536,,High,,Org line G4,,,S28 2nd,,
1472,Completed-Closed,,,Completed,High,Closed,,,,,,
1473,,,,Accepted,High,,Org line C,E_10,,G288 2nd,PROD154,Sweden
1473,,Value 522,,,High,Closed,Org line C,E_10,,,PROD154,Sweden
1474,Accepted-In Progress,,,Accepted,,In Progress,Org line G3,,,,,
1474,Completed-Closed,,19.117254053623366,,High,Closed,Org line G3,,,,,
1475,,Value 43,19.11733915292865,Accepted,,,Org line G3,,,,PROD97,POLAND
1475,Completed-Closed,,19.117343517566912,Completed,,,,,,G199 3rd,,POLAND
1476,,,19.117617480067924,,High,,,,,,,
1476,,Value 276,,,,Closed,Org line C,E_4,us,,PROD166,
1477,,Value 272,,,Medium,In Progress,,,,,,
1477,,Value 272,19.117671951763544,,,,Org line V2,,,,,Sweden
1477,,Value 9,,Accepted,Medium,In Progress,,,se,,PROD334,Sweden
1477,,,19.119897363148603,,,,,,se,T2 2nd,PROD334,Sweden
1478,,Value 43,19.118185267489963,,Medium,In Progress,,,us,G199 3rd,PROD98,
1478,,Value 43,,Completed,,,,,,,,
1479,,Value 81,19.118517735138745,,Medium,,Org line V2,,,T10 2nd,,Sweden
1479,,,,,Medium,Assigned,,,,T10 2nd,PROD615,
1479,Accepted-In Progress,Value 68,,,,,,,se,,,Sweden
1479,,,,Completed,Medium,Closed,Org line V2,,se,,PROD615,Sweden
1480,Accepted-In Progress,,19.119897566908115,,,In Progress,Org line C,E_10,in,,,
1480,,Value 572,,Completed,Major,Closed,Org line C,,in,G288 2nd,PROD154,
1481,Accepted-In Progress,,,Accepted,Major,In Progress,,,,,,
1481,Completed-Closed,,19.12121454116375,Completed,Major,Closed,,,se,,,
1481,Accepted-In Progress,,19.121330266434565,Accepted,,In Progress,,,se,,,Sweden
1481,Completed-Closed,Value 581,,Completed,Major,Closed,,,se,G207 2nd,,Sweden
1481,Accepted-In Progress,,,,Major,In Progress,Org line F,,,G207 2nd,PROD186,
1481,,Value 582,,Accepted,Major,,,,se,U2 2nd,PROD186,Sweden
1481,Accepted-In Progress,Value 581,,Accepted,,,,E_6,se,,,Sweden
1481,Completed-Closed,Value 581,19.12133152694145,,,Closed,Org line C,,se,,,
1482,Accepted-In Progress,Value 43,,Accepted,,,Org line G3,,,,,
1482,Completed-Closed,,19.120264867869153,Completed,Medium,Closed,Org line G3,,us,G199 3rd,PROD97,
1483,,Value 547,,,,Awaiting Assignment,,,in,,,
1483,Accepted-In Progress,Value 583,19.12044309593872,Accepted,,,,,in,G119 2nd,,
1483,,Value 583,,Completed,Major,Closed,,E_8,,,PROD597,
1484,,Value 31,,,High,In Progress,Org line V2,,,,,
1484,,,19.120688382661285,Accepted,,In Progress,Org line V2,,se,T2 2nd,,Sweden
1484,,Value 31,19.12074227023485,Queued,,,Org line V2,,,,,
1484,,,,Accepted,,In Progress,Org line V2,,se,T2 2nd,PROD493,Sweden
1484,,Value 584,19.120750369010054,,,,,,,T2 2nd,,
1485,,Value 585,,,,,Org line C,E_7,,G161 2nd,PROD671,Sweden
1485,,Value 585,19.120746381699742,Completed,,Closed,,E_7,se,G161 2nd,,Sweden
1486,Accepted-In Progress,Value 4,,Accepted,Major,In Progress,,,se,U6 2nd,PROD831,
1486,,,19.12112078186406,Completed,,Closed,,,se,U6 2nd,PROD831,Sweden
1487,Accepted-In Progress,Value 43,19.121265685662625,Accepted,High,In Progress,Org line G3,,us,G199 3rd,PROD97,POLAND
1487,Completed-Closed,Value 43,19.12126609262437,Completed,High,Closed,Org line G3,,us,G199 3rd,PROD97,POLAND
