CaseID,Activity,org:resource,time:timestamp,concept:name,impact,lifecycle:transition,org:group,org:role,organization country,organization involved,product,resource country
1,Queued-Awaiting Assignment,Value 1,0.0,Queued,High,Awaiting Assignment,Org line A2,A2_2,se,J11 2nd,PROD191,INDIA
1,,,,,,,,,,,,
1,Accepted-Assigned,Value 1,19.087576326835947,Accepted,High,Assigned,Org line A2,A2_2,se,J11 2nd,PROD191,INDIA
1,,,,,,,,,,,,
1,Completed-Closed,Value 1,19.087581028649257,Completed,High,Closed,Org line A2,A2_2,se,J11 2nd,PROD191,INDIA
2,Accepted-In Progress,Value 2,17.06971703951763,Accepted,Medium,In Progress,Org line A2,A2_2,cn,M1 2nd,PROD753,Sweden
2,,,,,,,,,,,,
2,Accepted-Wait,Value 2,18.625817469113876,Accepted,Medium,Wait,Org line A2,A2_2,cn,M1 2nd,PROD753,Sweden
2,,,,,,,,,,,,
2,Accepted-In Progress,Value 3,19.06285259535793,Accepted,Medium,In Progress,Org line A2,A2_2,cn,M1 2nd,PROD753,China
2,,,,,,,,,,,,
3,Accepted-In Progress,Value 2,17.436833715366276,Accepted,Medium,In Progress,Org line A2,A2_2,cn,M1 2nd,PROD753,Sweden
3,,,,,,,,,,,,
3,Accepted-In Progress,Value 2,18.997474271801213,Accepted,Medium,In Progress,Org line A2,A2_2,cn,M1 2nd,PROD753,Sweden
3,,,,,,,,,,,,
3,Completed-Closed,Value 3,19.06191434304966,Completed,Medium,Closed,Org line A2,A2_2,cn,M1 2nd,PROD753,China
4,Accepted-In Progress,Value 2,17.54870190182382,Accepted,Low,In Progress,Org line A2,A2_2,cn,M1 2nd,PROD753,Sweden
4,,,,,,,,,,,,
4,Accepted-In Progress,Value 2,18.997474305503005,Accepted,Low,In Progress,Org line A2,A2_2,cn,M1 2nd,PROD753,Sweden
4,,,,,,,,,,,,
4,Completed-Closed,Value 3,19.061904373660138,Completed,Low,Closed,Org line A2,A2_2,cn,M1 2nd,PROD753,China
5,Accepted-In Progress,Value 4,17.6944210245022,Accepted,Medium,In Progress,Org line A2,A2_2,se,G167 2nd,PROD681,Sweden
5,,,,,,,,,,,,
5,Queued-Awaiting Assignment,Value 4,18.797286738313225,Queued,Medium,Awaiting Assignment,Org line A2,A2_2,se,G167 2nd,PROD681,Sweden
5,,,,,,,,,,,,
5,Accepted-Assigned,Value 4,19.032034423427376,Accepted,Medium,Assigned,Org line A2,A2_2,se,G167 2nd,PROD681,Sweden
5,,,,,,,,,,,,
5,Completed-Closed,Value 4,19.05511629800301,Completed,Medium,Closed,Org line A2,A2_2,se,G167 2nd,PROD681,Sweden
6,Accepted-In Progress,Value 2,18.108500356699842,Accepted,High,In Progress,Org line A2,A2_2,cn,M1 2nd,PROD753,Sweden
6,,,,,,,,,,,,
6,Accepted-Wait,Value 2,18.625817485404593,Accepted,High,Wait,Org line A2,A2_2,cn,M1 2nd,PROD753,Sweden
6,,,,,,,,,,,,
6,Accepted-In Progress,Value 2,18.99685296602361,Accepted,High,In Progress,Org line A2,A2_2,cn,M1 2nd,PROD753,Sweden
6,,,,,,,,,,,,
6,Completed-Closed,Value 3,19.062805298753858,Completed,High,Closed,Org line A2,A2_2,cn,M1 2nd,PROD753,China
7,Accepted-In Progress,Value 2,18.140691102079035,Accepted,Medium,In Progress,Org line A2,A2_2,cn,G167 2nd,PROD681,Sweden
7,,,,,,,,,,,,
7,Queued-Awaiting Assignment,Value 2,18.7972841582491,Queued,Medium,Awaiting Assignment,Org line A2,A2_2,cn,G167 2nd,PROD681,Sweden
7,,,,,,,,,,,,
7,Accepted-Assigned,Value 4,19.03203410871014,Accepted,Medium,Assigned,Org line A2,A2_2,cn,G167 2nd,PROD681,Sweden
7,,,,,,,,,,,,
7,Completed-Closed,Value 2,19.056082062275983,Completed,Medium,Closed,Org line A2,A2_2,cn,M1 2nd,PROD681,Sweden
8,Accepted-In Progress,Value 5,18.310584934466377,Accepted,High,In Progress,Org line V7n,,nl,V32 2nd,PROD542,Netherlands
8,,,,,,,,,,,,
8,Accepted-In Progress,Value 5,19.067403515735506,Accepted,High,In Progress,Org line V7n,,nl,V32 2nd,PROD542,Netherlands
8,,,,,,,,,,,,
8,Accepted-In Progress,Value 5,19.075141024055675,Accepted,High,In Progress,Org line V7n,,nl,V37 2nd,PROD542,Netherlands
8,,,,,,,,,,,,
8,Accepted-In Progress,Value 5,19.07514129950856,Accepted,High,In Progress,Org line V7n,,nl,V37 2nd,PROD542,Netherlands
8,,,,,,,,,,,,
9,Accepted-In Progress,Value 2,18.310636867349235,Accepted,Low,In Progress,Org line A2,A2_2,cn,M1 2nd,PROD753,Sweden
9,,,,,,,,,,,,
9,Accepted-In Progress,Value 2,19.0320302018672,Accepted,Low,In Progress,Org line A2,A2_2,cn,M1 2nd,PROD753,Sweden
9,,,,,,,,,,,,
9,Completed-Closed,Value 3,19.061941717544727,Completed,Low,Closed,Org line A2,A2_2,cn,M1 2nd,PROD753,China
10,Accepted-In Progress,Value 7,18.506137914622155,Accepted,Medium,In Progress,Org line A2,A2_1,se,M18 2nd,PROD38,Sweden
10,,,,,,,,,,,,
10,Completed-Closed,Value 7,19.093311632317906,Completed,Medium,Closed,Org line A2,A2_1,se,M18 2nd,PROD38,Sweden
11,Accepted-In Progress,Value 8,18.542708181599526,Accepted,Medium,In Progress,Org line C,E_10,se,G260 2nd,PROD425,Sweden
11,,,,,,,,,,,,
11,Accepted-Assigned,Value 8,18.542812567685395,Accepted,Medium,Assigned,Org line C,E_10,se,G260 2nd,PROD425,Sweden
11,,,,,,,,,,,,
11,Accepted-In Progress,Value 9,18.754920855520684,Accepted,Medium,In Progress,Org line C,C_6,se,G152 3rd,PROD425,Sweden
11,,,,,,,,,,,,
11,Queued-Awaiting Assignment,Value 9,19.042692110348675,Queued,Medium,Awaiting Assignment,Org line C,E_10,se,G260 2nd,PROD425,Sweden
11,,,,,,,,,,,,
11,Completed-Closed,Value 10,19.07661430779273,Completed,Medium,Closed,Org line C,E_10,se,G150 2nd,PROD425,Sweden
12,Accepted-In Progress,Value 11,18.563327417139917,Accepted,Low,In Progress,Org line C,C_6,se,G237 3rd,PROD498,Sweden
12,,,,,,,,,,,,
12,Completed-Closed,Value 11,19.10774305921168,Completed,Low,Closed,Org line C,C_6,se,G237 3rd,PROD498,Sweden
13,Queued-Awaiting Assignment,Value 12,18.570299607738527,Queued,Medium,Awaiting Assignment,Org line A2,A2_1,pl,W16 3rd,PROD761,POLAND
13,,,,,,,,,,,,
13,Accepted-Wait,Value 12,18.57884116543854,Accepted,Medium,Wait,Org line A2,A2_1,pl,W16 3rd,PROD761,POLAND
13,,,,,,,,,,,,
13,Queued-Awaiting Assignment,Value 12,18.711310442881665,Queued,Medium,Awaiting Assignment,Org line A2,A2_1,pl,W15 2nd,PROD761,POLAND
13,,,,,,,,,,,,
13,Accepted-Wait,Value 12,18.713837127483355,Accepted,Medium,Wait,Org line A2,A2_1,pl,W15 2nd,PROD761,POLAND
13,,,,,,,,,,,,
13,Accepted-Wait,Value 12,19.118078667290632,Accepted,Medium,Wait,Org line A2,A2_1,pl,W15 2nd,PROD761,POLAND
13,,,,,,,,,,,,
14,Accepted-In Progress,Value 13,18.571480854027495,Accepted,Low,In Progress,Org line C,E_3,se,L54 2nd,PROD385,Sweden
14,,,,,,,,,,,,
14,Completed-Closed,Value 13,19.08668811923703,Completed,Low,Closed,Org line C,E_3,se,L54 2nd,PROD385,Sweden
15,Accepted-In Progress,Value 14,18.573750628502196,Accepted,Medium,In Progress,Org line V2,,se,T2 2nd,PROD631,Sweden
15,,,,,,,,,,,,
16,Accepted-In Progress,Value 15,18.574496030398695,Accepted,Low,In Progress,Org line C,C_5,se,N1 3rd,PROD476,Sweden
16,,,,,,,,,,,,
16,Completed-Closed,Value 15,19.118095246528537,Completed,Low,Closed,Org line C,C_5,se,N1 3rd,PROD476,Sweden
17,Accepted-In Progress,Value 16,18.575159649907533,Accepted,High,In Progress,Org line A2,D_1,in,L50 3rd,PROD611,Sweden
17,,,,,,,,,,,,
17,Accepted-In Progress,Value 16,18.69716939565979,Accepted,High,In Progress,Org line A2,D_1,in,L50 3rd,PROD611,Sweden
17,,,,,,,,,,,,
17,Accepted-In Progress,Value 16,18.841480125495416,Accepted,High,In Progress,Org line A2,D_1,in,L50 3rd,PROD611,Sweden
17,,,,,,,,,,,,
17,Accepted-Assigned,Value 18,19.094099405770024,Accepted,High,Assigned,Org line A2,D_1,in,L50 3rd,PROD611,INDIA
17,,,,,,,,,,,,
17,Completed-Closed,Value 19,19.102908104706565,Completed,High,Closed,Org line A2,D_1,in,L50 3rd,PROD611,INDIA
18,Accepted-In Progress,Value 3,18.5907795142372,Accepted,Medium,In Progress,Org line A2,A2_2,cn,M1 2nd,PROD753,China
18,,,,,,,,,,,,
18,Accepted-In Progress,Value 3,18.996851015723337,Accepted,Medium,In Progress,Org line A2,A2_2,cn,M1 2nd,PROD753,China
18,,,,,,,,,,,,
18,Completed-Closed,Value 3,19.06828143294429,Completed,Medium,Closed,Org line A2,A2_2,cn,M1 2nd,PROD753,China
19,Accepted-Wait,Value 20,18.599444721726414,Accepted,Low,Wait,Org line A2,A2_2,se,G357 2nd,PROD46,Sweden
19,,,,,,,,,,,,
19,Queued-Awaiting Assignment,Value 20,18.687212320791453,Queued,Low,Awaiting Assignment,Org line A2,A2_2,se,G357 2nd,PROD46,Sweden
19,,,,,,,,,,,,
19,Accepted-Wait,Value 21,18.687213209387963,Accepted,Low,Wait,Org line A2,A2_2,se,G357 2nd,PROD46,POLAND
19,,,,,,,,,,,,
19,Accepted-Assigned,Value 21,18.924550191527022,Accepted,Low,Assigned,Org line A2,A2_2,se,G357 2nd,PROD46,POLAND
19,,,,,,,,,,,,
19,Accepted-In Progress,Value 21,19.0941508392354,Accepted,Low,In Progress,Org line A2,A2_2,se,G357 2nd,PROD46,POLAND
19,,,,,,,,,,,,
20,Accepted-In Progress,Value 20,18.600014332879756,Accepted,Medium,In Progress,Org line A2,A2_2,se,G357 2nd,PROD48,Sweden
20,,,,,,,,,,,,
20,Queued-Awaiting Assignment,Value 20,18.687212022039002,Queued,Medium,Awaiting Assignment,Org line A2,A2_2,se,G357 2nd,PROD48,Sweden
20,,,,,,,Org line A1,,,,,
20,Accepted-In Progress,Value 21,18.687717689805076,Accepted,Medium,In Progress,Org line A2,A2_2,se,G357 2nd,PROD48,POLAND
20,,,,,,,,,,,,
20,Accepted-Assigned,Value 22,18.924550288197135,Accepted,Medium,Assigned,Org line A2,A2_2,se,G357 2nd,PROD48,POLAND
20,,,,,,,,,,,,
20,Completed-Closed,Value 22,19.062370195553505,Completed,Medium,Closed,Org line A2,A2_2,se,G357 2nd,PROD48,POLAND
21,Accepted-In Progress,Value 20,18.60230174708256,Accepted,Medium,In Progress,Org line A2,A2_2,se,G357 2nd,PROD44,Sweden
21,,,,,,,,,,,,
21,Queued-Awaiting Assignment,Value 20,18.687212075661243,Queued,Medium,Awaiting Assignment,Org line A2,A2_2,se,G357 2nd,PROD44,Sweden
21,,,,,,,,,,,,
21,Accepted-Wait,Value 21,18.68721289531515,Accepted,Medium,Wait,Org line A2,A2_2,se,G357 2nd,PROD44,POLAND
21,,,,,,,,,,,,
22,Accepted-In Progress,Value 24,18.60572747574817,Accepted,Medium,In Progress,Org line A2,A2_2,se,G357 2nd,PROD46,Sweden
22,,,,,,,,,,,,
22,Accepted-Assigned,Value 25,18.687932713336213,Accepted,Medium,Assigned,Org line A2,A2_2,se,G357 2nd,PROD46,POLAND
22,,,,,,,,,,,,
22,Accepted-Assigned,Value 20,18.78779176807569,Accepted,Medium,Assigned,Org line A2,A2_2,se,G357 2nd,PROD46,Sweden
22,,,,,,,,,,,,
22,Completed-Closed,Value 21,19.095461229671486,Completed,Medium,Closed,Org line A2,A2_2,se,G357 2nd,PROD46,POLAND
23,Queued-Awaiting Assignment,Value 26,18.60956499408893,Queued,Medium,Awaiting Assignment,Org line V2,,se,T12,PROD42,Sweden
23,,,,,,,,,,,,
23,Accepted-Wait,Value 26,18.806716553068664,Accepted,Medium,Wait,Org line V2,,se,T12,PROD42,Sweden
23,,,,,,,,,,,,
23,Accepted-Wait,Value 26,19.055657484040236,Accepted,Medium,Wait,Org line V2,,se,T12,PROD42,Sweden
23,,,,,,,,,,,,
24,Accepted-In Progress,Value 27,18.611620936706462,Accepted,Medium,In Progress,Org line A2,A2_1,be,G42 3rd,PROD787,Belgium
24,,,,,,,,,,,,
24,Queued-Awaiting Assignment,Value 28,18.843298946298116,Queued,Medium,Awaiting Assignment,Org line A2,A2_1,be,G42 3rd,PROD787,United Kingdom
24,,,,,,,,,,,,
24,Accepted-Assigned,Value 30,18.874412215578285,Accepted,Medium,Assigned,Org line A2,A2_1,be,G42 3rd,PROD787,United Kingdom
24,,,,,,,,,,,,
24,Accepted-In Progress,Value 31,18.944332569189545,Accepted,Medium,In Progress,Org line V11,,be,C8,PROD787,Denmark
24,,,,,,,,,,,,
24,Accepted-In Progress,Value 32,18.993263862885502,Accepted,Medium,In Progress,Org line A2,A2_2,be,G8 2nd,PROD787,Belgium
24,,,,,,,,,,,,
24,Accepted-Assigned,Value 27,18.993264381826553,Accepted,Medium,Assigned,Org line A2,A2_4,be,G7 3rd,PROD787,Belgium
24,,,,,,,,,,,,
24,Completed-Closed,Value 27,19.09416659613297,Completed,Medium,Closed,Org line A2,A2_4,be,G7 3rd,PROD787,Belgium
25,Accepted-In Progress,Value 34,18.62003395190887,Accepted,Medium,In Progress,Org line A2,A2_1,se,N15 2nd,PROD180,Belgium
25,,,,,,,,,,,,
25,Accepted-In Progress,Value 34,18.695121371646973,Accepted,Medium,In Progress,Org line A2,A2_1,se,N15 2nd,PROD180,Belgium
25,,,,,,,,,,,,
25,Completed-Closed,Value 34,19.06201986607753,Completed,Medium,Closed,Org line A2,A2_1,se,N15 2nd,PROD180,Belgium
26,Unmatched-Unmatched,Value 31,18.627158452394077,Unmatched,Major,Unmatched,Org line A2,A2_3,se,G356 2nd,PROD147,Sweden
26,,,,,,,,,,,,
26,Accepted-In Progress,Value 31,19.10085584472093,Accepted,Major,In Progress,Org line A2,A2_3,se,G356 2nd,PROD147,Sweden
26,,,,,,,,,,,,
27,Accepted-In Progress,Value 35,18.63422941931183,Accepted,High,In Progress,Org line A2,A2_3,se,M21 3rd,PROD708,Sweden
27,,,,,,,,,,,,
27,Completed-Closed,Value 35,19.058280626246038,Completed,High,Closed,Org line A2,A2_3,se,M21 3rd,PROD708,Sweden
28,Accepted-In Progress,Value 1,18.635580673796028,Accepted,Medium,In Progress,Org line A2,A2_2,se,G30 2nd,PROD191,INDIA
28,,,,,,,,,,,,
28,Completed-Closed,Value 1,19.08758418028903,Completed,Medium,Closed,Org line A2,A2_2,se,G30 2nd,PROD191,INDIA
29,Accepted-In Progress,Value 36,18.635807163778786,Accepted,High,In Progress,Org line A2,A2_1,se,L28 2nd,PROD577,Sweden
29,,,,,,,,,,,,
29,Completed-Closed,Value 36,19.087154675255476,Completed,High,Closed,Org line A2,A2_1,se,L28 2nd,PROD577,Sweden
30,Accepted-In Progress,Value 37,18.639642684506086,Accepted,Medium,In Progress,Org line A2,A2_1,se,G345 2nd,PROD541,Sweden
30,,,,,,,,,,,,
30,Completed-Closed,Value 37,19.068335169160093,Completed,Medium,Closed,Org line A2,A2_1,se,G345 2nd,PROD541,Sweden
31,Accepted-Wait,Value 37,18.639694033466256,Accepted,Low,Wait,Org line A2,A2_1,se,G345 2nd,PROD541,Sweden
31,,,,,,,,,,,,
31,Completed-Closed,Value 37,19.06833589650751,Completed,Low,Closed,Org line A2,A2_1,se,G345 2nd,PROD541,Sweden
32,Accepted-In Progress,Value 38,18.649529262947993,Accepted,Medium,In Progress,Org line A2,A2_3,se,G354 3rd,PROD708,Sweden
32,,,,,,,,,,,,
33,Accepted-In Progress,Value 2,18.655521321540906,Accepted,Medium,In Progress,Org line A2,A2_2,cn,M1 2nd,PROD753,Sweden
33,,,,,,,,,,,,
33,Accepted-Assigned,Value 2,18.669085128827852,Accepted,Medium,Assigned,Org line A2,A2_2,cn,M1 2nd,PROD753,Sweden
33,,,,,,,,,,,,
33,Accepted-In Progress,Value 2,18.99684954878028,Accepted,Medium,In Progress,Org line A2,A2_2,cn,M1 2nd,PROD753,Sweden
33,,,,,,,,,,,,
33,Completed-Closed,Value 3,19.068293374575124,Completed,Medium,Closed,Org line A2,A2_2,cn,M1 2nd,PROD753,China
34,Accepted-In Progress,Value 7,18.65564819662257,Accepted,Medium,In Progress,Org line C,E_4,gb,G88 2nd,PROD793,Sweden
34,,,,,,,,,,,,
34,Queued-Awaiting Assignment,Value 7,19.007292185216297,Queued,Medium,Awaiting Assignment,Org line C,E_4,gb,G88 2nd,PROD793,Sweden
34,,,,,,,,,,,,
34,Completed-Closed,Value 7,19.071412411014826,Completed,Medium,Closed,Org line C,E_4,gb,G88 2nd,PROD793,Sweden
35,Accepted-In Progress,Value 39,18.66046557783297,Accepted,Major,In Progress,Org line A2,A2_3,se,M3 2nd,PROD655,Sweden
35,,,,,,,,,,,,
35,Completed-Closed,Value 39,19.099528985202152,Completed,Major,Closed,Org line A2,A2_3,se,M3 2nd,PROD655,Sweden
36,Accepted-In Progress,Value 24,18.662972331894434,Accepted,Medium,In Progress,Org line A2,A2_2,se,G357 2nd,PROD46,Sweden
36,,,,,,,,,,,,
36,Accepted-In Progress,Value 24,18.68793356301884,Accepted,Medium,In Progress,Org line A2,A2_2,se,G357 2nd,PROD46,Sweden
36,,,,,,,,,,,,
36,Accepted-In Progress,Value 40,19.093338466902182,Accepted,Medium,In Progress,Org line A2,A2_2,se,G357 2nd,PROD46,POLAND
36,,,,,,,,,,,,
37,Accepted-In Progress,Value 41,18.662927815499252,Accepted,Low,In Progress,Org line A2,A2_3,se,G349 3rd,PROD40,Sweden
37,,,,,,,,,,,,
37,Accepted-Wait,Value 41,19.09419228597273,Accepted,Low,Wait,Org line A2,A2_3,se,G349 3rd,PROD40,Sweden
37,,,,,,,,,,,,
38,Accepted-In Progress,Value 42,18.66445879606787,Accepted,Medium,In Progress,Org line A2,A2_2,se,G341 3rd,PROD246,Sweden
38,,,,,,,,,,,,
39,Accepted-In Progress,Value 39,18.66856560130555,Accepted,Major,In Progress,Org line A2,A2_3,se,M3 2nd,PROD655,Sweden
39,,,,,,,,,,,,
39,Completed-Closed,Value 39,19.099529325026648,Completed,Major,Closed,Org line A2,A2_3,se,M3 2nd,PROD655,Sweden
40,Accepted-In Progress,Value 43,18.669063809986028,Accepted,Medium,In Progress,Org line A2,A2_2,us,G21 2nd,PROD98,POLAND
40,,,,,,,,,,,,
40,Accepted-In Progress,Value 43,18.66909484813436,Accepted,Medium,In Progress,Org line A2,A2_2,us,G21 2nd,PROD98,POLAND
40,,,,,,,,,,,,
40,Accepted-In Progress,Value 43,19.048891126739797,Accepted,Medium,In Progress,Org line A2,A2_2,us,G21 2nd,PROD98,POLAND
40,,,,,,,,,,,,
41,Accepted-In Progress,Value 3,18.67042284455148,Accepted,Medium,In Progress,Org line A2,A2_2,cn,G4 2nd,PROD753,China
41,,,,,,,,,,,,
41,Completed-Closed,Value 3,19.078269340371495,Completed,Medium,Closed,Org line A2,A2_2,cn,G4 2nd,PROD753,China
42,Queued-Awaiting Assignment,Value 44,18.675235152269206,Queued,Low,Awaiting Assignment,Org line C,C_3,se,G292 3rd,PROD815,Sweden
42,,,,,,,,,,,,
42,Queued-Awaiting Assignment,Value 44,18.834719380770974,Queued,Low,Awaiting Assignment,Org line C,C_3,se,G292 3rd,PROD815,Sweden
42,,,,,,,,,,,,
42,Completed-Closed,Value 45,19.096439213374794,Completed,Low,Closed,Org line C,C_3,se,G292 3rd,PROD815,Sweden
43,Accepted-In Progress,Value 46,18.67706663504316,Accepted,Medium,In Progress,Org line G3,,us,G199 3rd,PROD98,USA
43,,,,,,,,,,,,
43,Accepted-Assigned,Value 46,18.677191363064527,Accepted,Medium,Assigned,Org line G3,,us,G199 3rd,PROD98,USA
43,,,,,,,,,,,,
43,Completed-Closed,Value 43,19.06742795405266,Completed,Medium,Closed,Org line G3,,us,G199 3rd,PROD98,POLAND
44,Accepted-In Progress,Value 24,18.67711832643904,Accepted,Medium,In Progress,Org line F,,se,G207 2nd,PROD48,Sweden
44,,,,,,,,,,,,
44,Accepted-In Progress,Value 24,18.68721926101561,Accepted,Medium,In Progress,Org line F,,se,G207 2nd,PROD48,Sweden
44,,,,,,,,,,,,
44,Accepted-In Progress,Value 20,18.687222807712004,Accepted,Medium,In Progress,Org line A2,A2_2,se,G357 2nd,PROD48,Sweden
44,,,,,,,,,,,,
44,Accepted-Wait,Value 43,18.687224699788956,Accepted,Medium,Wait,Org line A2,A2_2,se,G357 2nd,PROD48,POLAND
44,,,,,,,,,,,,
44,Accepted-Assigned,Value 22,18.92454907982001,Accepted,Medium,Assigned,Org line A2,A2_2,se,G357 2nd,PROD48,POLAND
44,,,,,,,,,,,,
44,Completed-Closed,Value 22,19.062370400850398,Completed,Medium,Closed,Org line A2,A2_2,se,G357 2nd,PROD48,POLAND
45,Accepted-Wait,Value 2,18.677828657657052,Accepted,Medium,Wait,Org line A2,A2_2,cn,M1 2nd,PROD753,Sweden
45,,,,,,,,,,,,
45,Accepted-In Progress,Value 3,19.062819968359303,Accepted,Medium,In Progress,Org line A2,A2_2,cn,M1 2nd,PROD753,China
45,,,,,,,,,,,,
46,Accepted-Wait,Value 2,18.677829090679104,Accepted,Medium,Wait,Org line A2,A2_2,cn,M1 2nd,PROD753,Sweden
46,,,,,,,,,,,,
46,Accepted-In Progress,Value 3,19.068290569717593,Accepted,Medium,In Progress,Org line A2,A2_2,cn,M1 2nd,PROD753,China
46,,,,,,,,,,,,
47,Accepted-In Progress,Value 20,18.68255317979968,Accepted,Medium,In Progress,Org line A2,A2_2,se,G357 2nd,PROD46,Sweden
47,,,,,,,,,,,,
47,Queued-Awaiting Assignment,Value 20,18.68721215992476,Queued,Medium,Awaiting Assignment,Org line A2,A2_2,se,G357 2nd,PROD46,Sweden
47,,,,,,,,,,,,
47,Accepted-Wait,Value 21,18.68721351580037,Accepted,Medium,Wait,Org line A2,A2_2,se,G357 2nd,PROD46,POLAND
47,,,,,,,,,,,,
47,Accepted-Wait,Value 22,19.038424599905582,Accepted,Medium,Wait,Org line A2,A2_2,se,G357 2nd,PROD46,POLAND
47,,,,,,,,,,,,
48,Accepted-In Progress,Value 46,18.684559269040633,Accepted,Low,In Progress,Org line G3,,us,G199 3rd,PROD96,USA
48,,,,,,,,,,,,
48,Accepted-In Progress,Value 47,18.684681437969125,Accepted,Low,In Progress,Org line A2,A2_2,us,G21 2nd,PROD96,Sweden
48,,,,,,,,,,,,
48,Accepted-In Progress,Value 47,18.68468338861866,Accepted,Low,In Progress,Org line A2,A2_2,us,G21 2nd,PROD96,Sweden
48,,,,,,,,,,,,
48,Accepted-In Progress,Value 47,18.68468470952878,Accepted,Low,In Progress,Org line G3,,us,G199 3rd,PROD96,Sweden
48,,,,,,,,,,,,
48,Accepted-In Progress,Value 43,19.062391067188518,Accepted,Low,In Progress,Org line G3,,us,G199 3rd,PROD96,POLAND
48,,,,,,,,,,,,
49,Accepted-In Progress,Value 46,18.68636158710289,Accepted,Medium,In Progress,Org line G3,,us,G199 3rd,PROD98,USA
49,,,,,,,,,,,,
49,Accepted-In Progress,Value 47,18.6864994196805,Accepted,Medium,In Progress,Org line G3,,us,G199 3rd,PROD98,Sweden
49,,,,,,,,,,,,
49,Accepted-In Progress,Value 43,19.052449716320975,Accepted,Medium,In Progress,Org line G3,,us,G199 3rd,PROD98,POLAND
49,,,,,,,,,,,,
50,Accepted-In Progress,Value 15,18.68715575540248,Accepted,Low,In Progress,Org line G4,,se,S28 2nd,PROD633,Sweden
50,,,,,,,,,,,,
50,Completed-Closed,Value 15,19.068411992961735,Completed,Low,Closed,Org line G4,,se,S28 2nd,PROD633,Sweden
51,Accepted-In Progress,Value 39,18.688030422106205,Accepted,Medium,In Progress,Org line G4,,se,S30 2nd,PROD410,Sweden
51,,,,,,,,,,,,
51,Accepted-In Progress,Value 39,18.79195384441349,Accepted,Medium,In Progress,Org line G4,,se,S30 2nd,PROD410,Sweden
51,,,,,,,,,,,,
51,Accepted-In Progress,Value 48,19.061442402282086,Accepted,Medium,In Progress,Org line G4,,se,S30 2nd,PROD410,Sweden
51,,,,,,,,,,,,
52,Accepted-In Progress,Value 21,18.69105358476183,Accepted,Medium,In Progress,Org line A2,A2_2,se,G357 2nd,PROD740,POLAND
52,,,,,,,,,,,,
52,Completed-Closed,Value 21,19.094152435333736,Completed,Medium,Closed,Org line A2,A2_2,se,G357 2nd,PROD740,POLAND
53,Accepted-In Progress,Value 22,18.69177258134655,Accepted,Medium,In Progress,Org line A2,A2_2,se,G357 2nd,PROD47,POLAND
53,,,,,,,,,,,,
53,Accepted-Assigned,Value 21,18.924550040479946,Accepted,Medium,Assigned,Org line A2,A2_2,se,G357 2nd,PROD47,POLAND
53,,,,,,,,,,,,
53,Completed-Closed,Value 21,19.09415314924271,Completed,Medium,Closed,Org line A2,A2_2,se,G357 2nd,PROD47,POLAND
54,Accepted-In Progress,Value 49,18.69304972469434,Accepted,Medium,In Progress,Org line V2,,se,T2 2nd,PROD451,Sweden
54,,,,,,,,,,,,
55,Accepted-In Progress,Value 2,18.693161456472513,Accepted,High,In Progress,Org line A2,A2_2,cn,M1 2nd,PROD753,Sweden
55,,,,,,,,,,,,
55,Queued-Awaiting Assignment,Value 2,18.693164083603065,Queued,High,Awaiting Assignment,Org line A2,A2_2,cn,M1 2nd,PROD753,Sweden
55,,,,,,,,,,,,
55,Queued-Awaiting Assignment,Value 2,18.693164289204294,Queued,High,Awaiting Assignment,Org line A2,A2_2,cn,M1 2nd,PROD753,Sweden
55,,,,,,,,,,,,
55,Accepted-Assigned,Value 2,18.7756672222349,Accepted,High,Assigned,Org line A2,A2_2,cn,M1 2nd,PROD753,Sweden
55,,,,,,,,,,,,
55,Accepted-In Progress,Value 3,19.062815138147126,Accepted,High,In Progress,Org line A2,A2_2,cn,M1 2nd,PROD753,China
55,,,,,,,,,,,,
56,Accepted-Assigned,Value 51,18.69386905495896,Accepted,Medium,Assigned,Org line A2,A2_2,se,G167 2nd,PROD681,POLAND
56,,,,,,,,,,,,
56,Accepted-In Progress,Value 2,18.997487117718723,Accepted,Medium,In Progress,Org line A2,A2_2,se,M1 2nd,PROD681,Sweden
56,,,,,,,,,,,,
56,Accepted-Wait,Value 4,19.059190111874628,Accepted,Medium,Wait,Org line A2,A2_2,se,G167 2nd,PROD681,Sweden
56,,,,,,,,,,,,
56,Completed-Closed,Value 44,19.08443881437225,Completed,Medium,Closed,Org line F,,se,N10 2nd,PROD681,Sweden
57,Accepted-In Progress,Value 52,18.695805059292713,Accepted,Medium,In Progress,Org line A2,D_1,in,L50 3rd,PROD611,Sweden
57,,,,,,,,,,,,
57,Accepted-In Progress,Value 52,18.954935669496816,Accepted,Medium,In Progress,Org line A2,D_1,in,L50 3rd,PROD611,Sweden
57,,,,,,,,,,,,
58,Accepted-In Progress,Value 40,18.696298985131595,Accepted,Medium,In Progress,Org line A2,A2_2,se,G357 2nd,PROD740,POLAND
58,,,,,,,,,,,,
58,Completed-Closed,Value 40,19.094176422396146,Completed,Medium,Closed,Org line A2,A2_2,se,G357 2nd,PROD740,POLAND
59,Accepted-In Progress,Value 53,18.697691560546986,Accepted,Medium,In Progress,Org line C,E_3,us,G67 2nd,PROD151,France
59,,,,,,,,,,,,
59,Completed-Closed,Value 53,19.08939166118666,Completed,Medium,Closed,Org line C,E_3,us,G67 2nd,PROD151,France
60,Accepted-In Progress,Value 38,18.702827002019,Accepted,Medium,In Progress,Org line A2,A2_3,se,G354 3rd,PROD708,Sweden
60,,,,,,,,,,,,
61,Accepted-In Progress,Value 50,18.702980507732804,Accepted,Low,In Progress,Org line A2,A2_2,cn,G4 2nd,PROD753,POLAND
61,,,,,,,,,,,,
61,Queued-Awaiting Assignment,Value 2,18.702981616182182,Queued,Low,Awaiting Assignment,Org line A2,A2_2,cn,M1 2nd,PROD753,Sweden
61,,,,,,,,,,,,
61,Accepted-In Progress,Value 3,19.07085657490743,Accepted,Low,In Progress,Org line A2,A2_2,cn,M1 2nd,PROD753,China
61,,,,,,,,,,,,
62,Accepted-In Progress,Value 46,18.704813500026336,Accepted,Medium,In Progress,Org line G3,,us,G199 3rd,PROD98,USA
62,,,,,,,,,,,,
62,Accepted-In Progress,Value 54,18.70486425105521,Accepted,Medium,In Progress,Org line G3,,us,G199 3rd,PROD98,Sweden
62,,,,,,,,,,,,
62,Accepted-In Progress,Value 43,19.062393583336025,Accepted,Medium,In Progress,Org line G3,,us,G199 3rd,PROD98,POLAND
62,,,,,,,,,,,,
63,Accepted-In Progress,Value 55,18.705641857951903,Accepted,Major,In Progress,Org line C,C_5,fr,L65 3rd,PROD808,France
63,,,,,,,,,,,,
63,Queued-Awaiting Assignment,Value 55,18.706115330198042,Queued,Major,Awaiting Assignment,Org line C,V3_3,fr,V42 2nd,PROD808,France
63,,,,,,,,,,,,
63,Accepted-In Progress,Value 55,18.706116788470748,Accepted,Major,In Progress,Org line C,C_5,fr,L65 3rd,PROD808,France
63,,,,,,,,,,,,
63,Completed-Closed,Value 55,19.10523976663014,Completed,Major,Closed,Org line C,V3_3,fr,V42 2nd,PROD808,France
64,Accepted-In Progress,Value 41,18.706697290185055,Accepted,Medium,In Progress,Org line A2,A2_3,se,G349 3rd,PROD40,Sweden
64,,,,,,,,,,,,
64,Accepted-Wait,Value 41,19.094193183422455,Accepted,Medium,Wait,Org line A2,A2_3,se,G349 3rd,PROD40,Sweden
64,,,,,,,,,,,,
65,Accepted-In Progress,Value 56,18.706848137356793,Accepted,Medium,In Progress,Org line A2,A2_2,us,G21 2nd,PROD98,Sweden
65,,,,,,,,,,,,
65,Queued-Awaiting Assignment,Value 46,18.70684911383425,Queued,Medium,Awaiting Assignment,Org line G3,,us,G199 3rd,PROD98,USA
65,,,,,,,,,,,,
65,Accepted-Assigned,Value 46,18.706970542640676,Accepted,Medium,Assigned,Org line G3,,us,G199 3rd,PROD98,USA
65,,,,,,,,,,,,
65,Completed-Closed,Value 43,19.062395025643667,Completed,Medium,Closed,Org line G3,,us,G199 3rd,PROD98,POLAND
66,Accepted-In Progress,Value 57,18.70993852931625,Accepted,High,In Progress,Org line G4,,se,G51 2nd,PROD798,Sweden
66,,,,,,,,,,,,
66,Queued-Awaiting Assignment,Value 58,18.724094218970748,Queued,High,Awaiting Assignment,Org line G4,,se,G51 2nd,PROD798,Sweden
66,,,,,,,,,,,,
66,Unmatched-Unmatched,Value 59,18.724108888760302,Unmatched,High,Unmatched,Org line G4,,se,G51 2nd,PROD798,Sweden
66,,,,,,,,,,,,
67,Accepted-In Progress,Value 60,18.710109065822746,Accepted,Low,In Progress,Org line G4,,se,S30 2nd,PROD412,Sweden
67,,,,,,,,,,,,
67,Accepted-In Progress,Value 60,19.077380343072463,Accepted,Low,In Progress,Org line G4,,se,S30 2nd,PROD412,Sweden
67,,,,,,,,,,,,
68,Accepted-In Progress,Value 46,18.711308536008882,Accepted,Medium,In Progress,Org line G3,,us,G199 3rd,PROD96,USA
68,,,,,,,,,,,,
68,Accepted-In Progress,Value 54,18.71150872284736,Accepted,Medium,In Progress,Org line G3,,us,G199 3rd,PROD96,Sweden
68,,,,,,,,,,,,
68,Accepted-In Progress,Value 43,19.053252924902175,Accepted,Medium,In Progress,Org line G3,,us,G199 3rd,PROD96,POLAND
68,,,,,,,,,,,,
69,Accepted-In Progress,Value 39,18.714080680716794,Accepted,Major,In Progress,Org line A2,A2_3,se,M3 2nd,PROD655,Sweden
69,,,,,,,,,,,,
69,Completed-Closed,Value 39,19.099529543122905,Completed,Major,Closed,Org line A2,A2_3,se,M3 2nd,PROD655,Sweden
70,Accepted-In Progress,Value 46,18.714144549923894,Accepted,Low,In Progress,Org line G3,,us,G199 3rd,PROD96,USA
70,,,,,,,,,,,,
70,Accepted-In Progress,Value 54,18.714609400808836,Accepted,Low,In Progress,Org line G3,,us,G199 3rd,PROD96,Sweden
70,,,,,,,,,,,,
70,Accepted-In Progress,Value 43,19.067431871669903,Accepted,Low,In Progress,Org line G3,,us,G199 3rd,PROD96,POLAND
70,,,,,,,,,,,,
71,Accepted-In Progress,Value 46,18.714467114707144,Accepted,Medium,In Progress,Org line G3,,us,G199 3rd,PROD98,USA
71,,,,,,,,,,,,
71,Accepted-In Progress,Value 54,18.7146104591764,Accepted,Medium,In Progress,Org line G3,,us,G199 3rd,PROD98,Sweden
71,,,,,,,,,,,,
71,Accepted-In Progress,Value 43,19.057859339016385,Accepted,Medium,In Progress,Org line G3,,us,G199 3rd,PROD98,POLAND
71,,,,,,,,,,,,
72,Accepted-In Progress,Value 61,18.714600665507025,Accepted,High,In Progress,Org line G4,,se,S29 2nd,PROD368,Sweden
72,,,,,,,,,,,,
72,Accepted-In Progress,Value 62,18.718520373309264,Accepted,High,In Progress,Org line G4,,se,S29 2nd,PROD368,Sweden
72,,,,,,,,,,,,
72,Accepted-Assigned,Value 63,18.96400828135754,Accepted,High,Assigned,Org line A2,A2_3,se,S35 2nd,PROD368,Sweden
72,,Value 64,,,,,,,,,,
72,Accepted-In Progress,Value 63,19.021979666834458,Accepted,High,In Progress,Org line A2,A2_3,se,S35 2nd,PROD368,Sweden
72,,,,,,,,,,,,
72,Accepted-In Progress,Value 13,19.0592625405685,Accepted,High,In Progress,Org line A2,A2_3,se,S35 2nd,PROD368,Sweden
72,,,,,,,,,,,,
73,Accepted-In Progress,Value 61,18.71460653873883,Accepted,Medium,In Progress,Org line G4,,se,S29 2nd,PROD368,Sweden
73,,,,,,,,,,,,
73,Accepted-In Progress,Value 62,18.718520766791997,Accepted,Medium,In Progress,Org line G4,,se,S29 2nd,PROD368,Sweden
73,,,,,,,,,,,,
73,Accepted-Assigned,Value 63,18.96402493891724,Accepted,Medium,Assigned,Org line A2,A2_3,se,S35 2nd,PROD368,Sweden
73,,,,,,,,,,,,
73,Completed-Closed,Value 62,19.059267002502988,Completed,Medium,Closed,Org line A2,A2_3,se,S35 2nd,PROD368,Sweden
74,Accepted-In Progress,Value 46,18.715159861566573,Accepted,Medium,In Progress,Org line G3,,us,G199 3rd,PROD98,USA
74,,,,,,,,,,,,
74,Accepted-In Progress,Value 4,18.71516877076413,Accepted,Medium,In Progress,Org line A2,A2_2,us,G21 2nd,PROD98,Sweden
74,,,,,,,,,,,,
74,Accepted-In Progress,Value 47,18.7153882203608,Accepted,Medium,In Progress,Org line G3,,us,G199 3rd,PROD98,Sweden
74,,,,,,,,,,,,
74,Accepted-In Progress,Value 43,19.055677197904625,Accepted,Medium,In Progress,Org line G3,,us,G199 3rd,PROD98,POLAND
74,,,,,,,,,,,,
75,Accepted-In Progress,Value 65,18.71527862447936,Accepted,Medium,In Progress,Org line C,C_5,se,G120 3rd,PROD607,Sweden
75,,,,,,,,,,,,
75,Accepted-In Progress,Value 45,19.057995882417032,Accepted,Medium,In Progress,Org line C,C_5,se,G120 3rd,PROD607,Sweden
75,,,,,,,,,,,,
76,Accepted-In Progress,Value 46,18.71663680238198,Accepted,Low,In Progress,Org line G3,,us,G199 3rd,PROD95,USA
76,,,,,,,,,,,,
76,Accepted-In Progress,Value 47,18.71682686011127,Accepted,Low,In Progress,Org line G3,,us,G199 3rd,PROD95,Sweden
76,,,,,,,,,,,,
76,Accepted-In Progress,Value 43,19.06743211259239,Accepted,Low,In Progress,Org line G3,,us,G199 3rd,PROD95,POLAND
76,,,,,,,,,,,,
77,Accepted-In Progress,Value 66,18.718363710335417,Accepted,Medium,In Progress,Org line B,E_10,in,G230 2nd,PROD262,France
77,,,,,,,,,,,,
77,Accepted-In Progress,Value 67,18.72928826897838,Accepted,Medium,In Progress,Org line B,E_10,in,G230 2nd,PROD262,United Kingdom
77,,,,,,,,V8_1,,!DO NOT USE!,,
77,Queued-Awaiting Assignment,Value 69,18.99289938694775,Queued,Medium,Awaiting Assignment,Org line B,E_10,in,G230 2nd,PROD262,INDIA
77,,,,,,,,,,,,
77,Accepted-Assigned,Value 71,18.994999049656716,Accepted,Medium,Assigned,Org line B,E_10,in,G230 2nd,PROD262,INDIA
77,,,,,,,,,,,,
77,Accepted-Assigned,Value 70,19.030622838035733,Accepted,Medium,Assigned,Org line B,E_10,in,G230 2nd,PROD262,INDIA
77,,,,,,,,,,,,
77,Accepted-In Progress,Value 70,19.081012944372876,Accepted,Medium,In Progress,Org line B,E_10,in,G230 2nd,PROD262,INDIA
77,,,,,,,,,,,,
78,Accepted-In Progress,Value 46,18.719120032034258,Accepted,Medium,In Progress,Org line G3,,us,G199 3rd,PROD97,USA
78,,,,,,,,,,,,
78,Accepted-In Progress,Value 54,18.719163377293455,Accepted,Medium,In Progress,Org line G3,,us,G199 3rd,PROD97,Sweden
78,,,,,,,,,,,,
78,Queued-Awaiting Assignment,Value 72,18.91832364013522,Queued,Medium,Awaiting Assignment,Org line A2,A2_2,us,G21 2nd,PROD97,Sweden
78,,,,,,,,,,,,
78,Accepted-Assigned,Value 73,18.91833065599211,Accepted,Medium,Assigned,Org line A2,A2_2,us,G21 2nd,PROD97,INDIA
78,,,,,,,,,,,,
78,Queued-Awaiting Assignment,Value 46,18.953472728923654,Queued,Medium,Awaiting Assignment,Org line G3,,us,G199 3rd,PROD97,USA
78,,,,,,,,,,,,
78,Accepted-Assigned,Value 46,18.958486469326733,Accepted,Medium,Assigned,Org line G3,,us,G199 3rd,PROD97,USA
78,,,,,,,,,,,,
78,Completed-Closed,Value 43,19.067804671660827,Completed,Medium,Closed,Org line G3,,us,G199 3rd,PROD97,POLAND
79,Accepted-In Progress,Value 46,18.720412933736103,Accepted,Medium,In Progress,Org line G3,,us,G199 3rd,PROD97,USA
79,,,,,,,,,,,,
79,Accepted-In Progress,Value 47,18.72053202284005,Accepted,Medium,In Progress,Org line G3,,us,G199 3rd,PROD97,Sweden
79,,,,,,,,,,,,
79,Accepted-In Progress,Value 43,19.06781639909816,Accepted,Medium,In Progress,Org line G3,,us,G199 3rd,PROD97,POLAND
79,,,,,,,,,,,,
80,Accepted-In Progress,Value 46,18.722992395351604,Accepted,Medium,In Progress,Org line G3,,us,G199 3rd,PROD97,USA
80,,,,,,,,,,,,
80,Accepted-In Progress,Value 47,18.723084276997763,Accepted,Medium,In Progress,Org line G3,,us,G199 3rd,PROD97,Sweden
80,,,,,,,,,,,,
80,Accepted-In Progress,Value 43,19.048890726580375,Accepted,Medium,In Progress,Org line G3,,us,G199 3rd,PROD97,POLAND
80,,,,,,,,,,,,
81,Accepted-In Progress,Value 46,18.723630677171222,Accepted,Medium,In Progress,Org line G3,,us,G199 3rd,PROD97,USA
81,,,,,,,,,,,,
81,Accepted-In Progress,Value 47,18.724868345121955,Accepted,Medium,In Progress,Org line G3,,us,G199 3rd,PROD97,Sweden
81,,,,,,,,,,,,
81,Accepted-In Progress,Value 43,19.068961345007736,Accepted,Medium,In Progress,Org line G3,,us,G199 3rd,PROD97,POLAND
81,,,,,,,,,,,,
82,Accepted-In Progress,Value 55,18.724712570270352,Accepted,Major,In Progress,Org line C,V3_3,fr,V42 2nd,PROD793,France
82,,,,,,,,,,,,
82,Accepted-In Progress,Value 55,18.728029610946063,Accepted,Major,In Progress,Org line C,V3_3,fr,V42 2nd,PROD793,France
82,,,,,,,,,,,,
82,Accepted-Assigned,Value 75,19.10524056848681,Accepted,Major,Assigned,Org line C,V3_3,fr,V42 2nd,PROD793,France
82,,,,,,,,,,,,
82,Completed-Closed,Value 75,19.10569023313514,Completed,Major,Closed,Org line C,V3_3,fr,V42 2nd,PROD793,France
83,Accepted-In Progress,Value 46,18.724861137547588,Accepted,High,In Progress,Org line G3,,se,G199 3rd,PROD632,USA
83,,,,,,,,,,,,
83,Accepted-In Progress,Value 47,18.724870809111923,Accepted,High,In Progress,Org line G3,,se,G199 3rd,PROD632,Sweden
83,,,,,,,,,,,,
83,Queued-Awaiting Assignment,Value 44,18.922568443208895,Queued,High,Awaiting Assignment,Org line C,C_6,se,G278 3rd,PROD632,Sweden
83,,,,,,,,,,,,
83,Accepted-Wait,Value 76,18.986817980938028,Accepted,High,Wait,Org line C,E_6,se,G48 2nd,PROD632,Sweden
83,,,,,,,,,,,,
84,Accepted-In Progress,Value 46,18.728129876891366,Accepted,Medium,In Progress,Org line G3,,us,G199 3rd,PROD97,USA
84,,,,,,,,,,,,
84,Accepted-In Progress,Value 47,18.728133950557364,Accepted,Medium,In Progress,Org line G3,,us,G199 3rd,PROD97,Sweden
84,,,,,,,,,,,,
84,Accepted-In Progress,Value 43,19.061945303874573,Accepted,Medium,In Progress,Org line G3,,us,G199 3rd,PROD97,POLAND
84,,,,,,,,,,,,
85,Accepted-In Progress,Value 38,18.72855566902311,Accepted,Medium,In Progress,Org line A2,A2_3,se,G354 3rd,PROD708,Sweden
85,,,,,,,,,,,,
86,Accepted-In Progress,Value 46,18.728645196247726,Accepted,Medium,In Progress,Org line G3,,us,G199 3rd,PROD96,USA
86,,,,,,,,,,,,
86,Accepted-In Progress,Value 54,18.72870929578597,Accepted,Medium,In Progress,Org line G3,,us,G199 3rd,PROD96,Sweden
86,,,,,,,,,,,,
86,Accepted-In Progress,Value 43,19.069621359832563,Accepted,Medium,In Progress,Org line G3,,us,G199 3rd,PROD96,POLAND
86,,,,,,,,,,,,
87,Accepted-In Progress,Value 77,18.729382496908173,Accepted,Low,In Progress,Org line C,C_6,se,G250 3rd,PROD660,Sweden
87,,,,,,,,,,,,
87,Queued-Awaiting Assignment,Value 77,18.819118894052675,Queued,Low,Awaiting Assignment,Org line C,C_6,se,G250 3rd,PROD660,Sweden
87,,,,,,,,,,,,
87,Accepted-Wait,Value 77,18.820719361925637,Accepted,Low,Wait,Org line C,C_6,se,G250 3rd,PROD660,Sweden
87,,,,,,,,,,,,
87,Accepted-Wait,Value 2,19.020169301636724,Accepted,Low,Wait,Org line C,C_6,se,G250 3rd,PROD660,Sweden
87,,,,,,,,,,,,
88,Accepted-In Progress,Value 46,18.73181265951536,Accepted,Medium,In Progress,Org line G3,,se,G199 3rd,PROD97,USA
88,,,,,,,,,,,,
88,Accepted-In Progress,Value 47,18.731994273485185,Accepted,Medium,In Progress,Org line G3,,se,G199 3rd,PROD97,Sweden
88,,,,,,,,,,,,
88,Accepted-In Progress,Value 43,19.059685126775094,Accepted,Medium,In Progress,Org line G3,,se,G199 3rd,PROD97,POLAND
88,,,,,,,,,,,,
88,Queued-Awaiting Assignment,Value 72,19.059729953324815,Queued,Medium,Awaiting Assignment,Org line A2,A2_2,se,G21 2nd,PROD97,Sweden
88,,,,,,,,,,,,
88,Accepted-Assigned,Value 79,19.059730217221784,Accepted,Medium,Assigned,Org line A2,A2_2,se,G21 2nd,PROD97,Sweden
88,,,,,,,,,,,,
88,Completed-Closed,Value 79,19.07370010566303,Completed,Medium,Closed,Org line A2,A2_2,se,G21 2nd,PROD97,Sweden
89,Accepted-In Progress,Value 46,18.73182284284295,Accepted,Medium,In Progress,Org line G3,,us,G199 3rd,PROD97,USA
89,,,,,,,,,,,,
89,Accepted-In Progress,Value 47,18.73199645628567,Accepted,Medium,In Progress,Org line G3,,us,G199 3rd,PROD97,Sweden
89,,,,,,,,,,,,
89,Accepted-In Progress,Value 43,19.068979836142056,Accepted,Medium,In Progress,Org line G3,,us,G199 3rd,PROD97,POLAND
89,,,,,,,,,,,,
90,Accepted-In Progress,Value 46,18.732486513534266,Accepted,Medium,In Progress,Org line G3,,us,G199 3rd,PROD97,USA
90,,,,,,,,,,,,
90,Accepted-In Progress,Value 47,18.73264750922119,Accepted,Medium,In Progress,Org line G3,,us,G199 3rd,PROD97,Sweden
90,,,,,,,,,,,,
90,Accepted-In Progress,Value 43,19.06783392193686,Accepted,Medium,In Progress,Org line G3,,us,G199 3rd,PROD97,POLAND
90,,,,,,,,,,,,
91,Accepted-In Progress,Value 46,18.732956243588003,Accepted,Medium,In Progress,Org line G3,,us,G199 3rd,PROD98,USA
91,,,,,,,,,,,,
91,Accepted-In Progress,Value 56,18.732957202219207,Accepted,Medium,In Progress,Org line A2,A2_2,us,G21 2nd,PROD98,Sweden
91,,,,,,,,,,,,
91,Accepted-In Progress,Value 47,18.73327339792049,Accepted,Medium,In Progress,Org line G3,,us,G199 3rd,PROD98,Sweden
91,,,,,,,,,,,,
91,Accepted-In Progress,Value 43,19.067455707002356,Accepted,Medium,In Progress,Org line G3,,us,G199 3rd,PROD98,POLAND
91,,,,,,,,,,,,
92,Accepted-In Progress,Value 46,18.733060787516745,Accepted,Medium,In Progress,Org line G3,,us,G199 3rd,PROD98,USA
92,,,,,,,,,,,,
92,Accepted-In Progress,Value 47,18.73327379295625,Accepted,Medium,In Progress,Org line G3,,us,G199 3rd,PROD98,Sweden
92,,,,,,,,,,,,
92,Accepted-In Progress,Value 43,19.06914826438389,Accepted,Medium,In Progress,Org line G3,,us,G199 3rd,PROD98,POLAND
92,,,,,,,,,,,,
93,Accepted-In Progress,Value 46,18.733691412080248,Accepted,Medium,In Progress,Org line G3,,us,G199 3rd,PROD98,USA
93,,,,,,,,,,,,
93,Accepted-In Progress,Value 47,18.73402769034158,Accepted,Medium,In Progress,Org line G3,,us,G199 3rd,PROD98,Sweden
93,,,,,,,,,,,,
93,Accepted-In Progress,Value 43,19.069148912713235,Accepted,Medium,In Progress,Org line G3,,us,G199 3rd,PROD98,POLAND
93,,,,,,,,,,,,
94,Accepted-In Progress,Value 46,18.734194497083244,Accepted,Medium,In Progress,Org line G3,,us,G199 3rd,PROD98,USA
94,,,,,,,,,,,,
94,Accepted-In Progress,Value 54,18.734332842023267,Accepted,Medium,In Progress,Org line G3,,us,G199 3rd,PROD98,Sweden
94,,,,,,,,,,,,
94,Accepted-In Progress,Value 43,19.067437229562756,Accepted,Medium,In Progress,Org line G3,,us,G199 3rd,PROD98,POLAND
94,,,,,,,,,,,,
95,Accepted-In Progress,Value 46,18.734247571768393,Accepted,Medium,In Progress,Org line G3,,us,G199 3rd,PROD98,USA
95,,,,,,,,,,,,
95,Accepted-In Progress,Value 54,18.734334647031496,Accepted,Medium,In Progress,Org line G3,,us,G199 3rd,PROD98,Sweden
95,,,,,,,,,,,,
95,Accepted-In Progress,Value 43,19.069149963633297,Accepted,Medium,In Progress,Org line G3,,us,G199 3rd,PROD98,POLAND
95,,,,,,,,,,,,
96,Accepted-In Progress,Value 80,18.737449674773426,Accepted,Major,In Progress,Org line A2,A2_3,se,G356 2nd,PROD745,Sweden
96,,,,,,,,,,,,
96,Accepted-In Progress,Value 31,18.754323681880084,Accepted,Major,In Progress,Org line A2,A2_3,se,G356 2nd,PROD745,Sweden
96,,,,,,,,,,,,
96,Accepted-In Progress,Value 31,19.105588770710245,Accepted,Major,In Progress,Org line A2,A2_3,se,G356 2nd,PROD745,Sweden
96,,,,,,,,,,,,
97,Accepted-In Progress,Value 46,18.738103704008893,Accepted,Medium,In Progress,Org line G3,,us,G199 3rd,PROD97,USA
97,,,,,,,,,,,,
97,Accepted-In Progress,Value 47,18.738418888190576,Accepted,Medium,In Progress,Org line G3,,us,G199 3rd,PROD97,Sweden
97,,,,,,,,,,,,
97,Accepted-In Progress,Value 43,19.06914936236076,Accepted,Medium,In Progress,Org line G3,,us,G199 3rd,PROD97,POLAND
97,,,,,,,,,,,,
98,Queued-Awaiting Assignment,Value 81,18.738694581968478,Queued,Low,Awaiting Assignment,Org line C,C_6,in,G141 3rd,PROD660,Sweden
98,,,,,,,,,,,,
98,Queued-Awaiting Assignment,Value 81,18.738711753009245,Queued,Low,Awaiting Assignment,Org line C,C_6,in,G141 3rd,PROD660,Sweden
98,,,,,,,,,,,,
98,Accepted-In Progress,Value 83,19.02594095885223,Accepted,Low,In Progress,Org line C,E_7,in,G162 2nd,PROD660,Sweden
98,,,,,,,,,,,,
98,Accepted-In Progress,Value 84,19.068360039955255,Accepted,Low,In Progress,Org line C,E_7,in,G162 2nd,PROD660,Sweden
98,,,,,,,,,,,,
99,Accepted-In Progress,Value 46,18.740658781815767,Accepted,Medium,In Progress,Org line G3,,us,G199 3rd,PROD96,USA
99,,,,,,,,,,,,
99,Accepted-In Progress,Value 47,18.740997959522915,Accepted,Medium,In Progress,Org line G3,,us,G199 3rd,PROD96,Sweden
99,,,,,,,,,,,,
99,Accepted-In Progress,Value 43,19.069165016242703,Accepted,Medium,In Progress,Org line G3,,us,G199 3rd,PROD96,POLAND
99,,,,,,,,,,,,
100,Accepted-In Progress,Value 46,18.740735411070542,Accepted,Medium,In Progress,Org line G3,,us,G199 3rd,PROD97,USA
100,,,,,,,,,,,,
100,Accepted-In Progress,Value 47,18.74099655123959,Accepted,Medium,In Progress,Org line G3,,us,G199 3rd,PROD97,Sweden
100,,,,,,,,,,,,
100,Accepted-In Progress,Value 43,19.069357046531508,Accepted,Medium,In Progress,Org line G3,,us,G199 3rd,PROD97,POLAND
100,,,,,,,,,,,,
101,Accepted-In Progress,Value 85,18.74123834765084,Accepted,Medium,In Progress,Org line C,E_10,se,G276 2nd,PROD698,0
101,,,,,,,,,,,,
101,Accepted-In Progress,Value 85,18.96510873904406,Accepted,Medium,In Progress,Org line C,E_10,se,G276 2nd,PROD698,0
101,,,,,,,,,,,,
101,Accepted-In Progress,Value 87,19.036179658291108,Accepted,Medium,In Progress,Org line C,E_10,se,G276 2nd,PROD698,Sweden
101,,,,,,,,,,,,
101,Accepted-In Progress,Value 89,19.039006070682614,Accepted,Medium,In Progress,Org line C,C_6,se,G278 3rd,PROD698,Sweden
101,,,,,,,,,,,,
102,Accepted-In Progress,Value 46,18.741257986097317,Accepted,Medium,In Progress,Org line G3,,us,G199 3rd,PROD96,USA
102,,,,,,,,,,,,
102,Accepted-In Progress,Value 54,18.74127007668593,Accepted,Medium,In Progress,Org line G3,,us,G199 3rd,PROD96,Sweden
102,,,,,,,,,,,,
102,Accepted-In Progress,Value 43,19.06961719470893,Accepted,Medium,In Progress,Org line G3,,us,G199 3rd,PROD96,POLAND
102,,,,,,,,,,,,
103,Accepted-In Progress,Value 48,18.741279685188715,Accepted,Medium,In Progress,Org line G4,,se,S30 2nd,PROD410,Sweden
103,,,,,,,,,,,,
104,Accepted-Assigned,Value 45,18.74306482837599,Accepted,High,Assigned,Org line G4,,se,S30 2nd,PROD412,Sweden
104,,,,,,,,,,,,
104,Completed-Closed,Value 60,19.06109555831534,Completed,High,Closed,Org line G4,,se,S30 2nd,PROD412,Sweden
105,Accepted-In Progress,Value 46,18.745607805060057,Accepted,Medium,In Progress,Org line G3,,us,G199 3rd,PROD96,USA
105,,,,,,,,,,,,
105,Accepted-In Progress,Value 54,18.745737781539006,Accepted,Medium,In Progress,Org line G3,,us,G199 3rd,PROD96,Sweden
105,,,,,,,,,,,,
105,Accepted-In Progress,Value 54,18.752019476660546,Accepted,Medium,In Progress,Org line A2,A2_2,us,G21 2nd,PROD96,Sweden
105,,,,,,,,,,,,
105,Accepted-In Progress,Value 90,18.753824547480697,Accepted,Medium,In Progress,Org line A2,A2_2,us,G21 2nd,PROD96,Sweden
105,,,,,,,,,,,,
105,Accepted-In Progress,Value 54,18.754510993597513,Accepted,Medium,In Progress,Org line A2,A2_2,us,G21 2nd,PROD96,Sweden
105,,,,,,,,,,,,
105,Accepted-Assigned,Value 46,18.754511874492795,Accepted,Medium,Assigned,Org line G3,,us,G199 3rd,PROD96,USA
105,,,,,,,,,,,,
105,Completed-Closed,Value 43,19.068979773389913,Completed,Medium,Closed,Org line G3,,us,G199 3rd,PROD96,POLAND
106,Accepted-In Progress,Value 46,18.746155081927103,Accepted,Medium,In Progress,Org line G3,,us,G199 3rd,PROD96,USA
106,,,,,,,,,,,,
106,Accepted-In Progress,Value 54,18.74623968228749,Accepted,Medium,In Progress,Org line G3,,us,G199 3rd,PROD96,Sweden
106,,,,,,,,,,,,
106,Accepted-In Progress,Value 43,19.067833230871653,Accepted,Medium,In Progress,Org line G3,,us,G199 3rd,PROD96,POLAND
106,,,,,,,,,,,,
107,Accepted-In Progress,Value 46,18.746307725681035,Accepted,Medium,In Progress,Org line G3,,us,G199 3rd,PROD96,USA
107,,,,,,,,,,,,
107,Accepted-In Progress,Value 54,18.746316867102223,Accepted,Medium,In Progress,Org line G3,,us,G199 3rd,PROD96,Sweden
107,,,,,,,,,,,,
107,Accepted-In Progress,Value 43,19.0696279393338,Accepted,Medium,In Progress,Org line G3,,us,G199 3rd,PROD96,POLAND
107,,,,,,,,,,,,
108,Queued-Awaiting Assignment,Value 68,18.747625877218447,Queued,High,Awaiting Assignment,Org line C,E_7,se,G153 2nd,PROD153,Sweden
108,,,,,,,,,,,,
108,Accepted-Assigned,Value 91,18.758672618196364,Accepted,High,Assigned,Org line C,E_7,se,G153 2nd,PROD153,Belgium
108,,Value 92,,,,,,,,,,
108,Accepted-In Progress,Value 77,18.769022458783823,Accepted,High,In Progress,Org line C,E_7,se,G134 2nd,PROD153,Sweden
108,,,,,,,,,,,,
108,Queued-Awaiting Assignment,Value 68,18.840354417282587,Queued,High,Awaiting Assignment,Org line C,E_7,se,G153 2nd,PROD153,Sweden
108,,,,,,,,,,,,
108,Queued-Awaiting Assignment,Value 93,18.840895335007577,Queued,High,Awaiting Assignment,Org line C,C_4,se,G155 3rd,PROD153,Sweden
108,,,,,,,,,,,,
108,Completed-Closed,Value 8,18.849939114014866,Completed,High,Closed,Org line C,C_4,se,G155 3rd,PROD153,Sweden
108,,,,,,,,,,,,
108,Completed-Closed,Value 8,18.850004985696483,Completed,High,Closed,Org line C,C_4,se,G155 3rd,PROD153,Sweden
108,,,,,,,,,,,,
108,Queued-Awaiting Assignment,Value 94,19.039465390729756,Queued,High,Awaiting Assignment,Org line F,,se,S1 2nd,PROD153,Sweden
108,,,,,,,,,,,,
108,Completed-Closed,Value 13,19.07993935378686,Completed,High,Closed,Org line F,,se,S1 2nd,PROD153,Sweden
109,Accepted-In Progress,Value 46,18.747625538290432,Accepted,Medium,In Progress,Org line G3,,us,G199 3rd,PROD96,USA
109,,,,,,,,,,,,
109,Accepted-In Progress,Value 54,18.747630002035258,Accepted,Medium,In Progress,Org line G3,,us,G199 3rd,PROD96,Sweden
109,,,,,,,,,,,,
109,Accepted-In Progress,Value 43,19.06743449562688,Accepted,Medium,In Progress,Org line G3,,us,G199 3rd,PROD96,POLAND
109,,,,,,,,,,,,
110,Accepted-In Progress,Value 95,18.75004655391723,Accepted,Medium,In Progress,Org line C,C_6,in,M5 2nd,PROD660,Sweden
110,,,,,,,,,,,,
110,Accepted-Assigned,Value 96,18.750677991575103,Accepted,Medium,Assigned,Org line C,C_6,in,M5 2nd,PROD660,Sweden
110,,,,,,,,,,,,
110,Accepted-In Progress,Value 83,19.025946243463398,Accepted,Medium,In Progress,Org line C,E_7,in,G162 2nd,PROD660,Sweden
110,,,,,,,,,,,,
110,Accepted-In Progress,Value 84,19.06836080391266,Accepted,Medium,In Progress,Org line C,E_7,in,G162 2nd,PROD660,Sweden
110,,,,,,,,,,,,
111,Accepted-In Progress,Value 46,18.750575215863304,Accepted,Medium,In Progress,Org line G3,,us,G199 3rd,PROD96,USA
111,,,,,,,,,,,,
111,Accepted-In Progress,Value 54,18.750789289460023,Accepted,Medium,In Progress,Org line G3,,us,G199 3rd,PROD96,Sweden
111,,,,,,,,,,,,
111,Queued-Awaiting Assignment,Value 72,18.92308654428096,Queued,Medium,Awaiting Assignment,Org line A2,A2_2,us,G21 2nd,PROD96,Sweden
111,,,,,,,,,,,,
111,Accepted-Assigned,Value 97,18.923120488312605,Accepted,Medium,Assigned,Org line A2,A2_2,us,G21 2nd,PROD96,France
111,,,,,,,,,,,,
111,Accepted-In Progress,Value 43,19.069626460386935,Accepted,Medium,In Progress,Org line G3,,us,G199 3rd,PROD96,POLAND
111,,,,,,,,,,,,
112,Accepted-In Progress,Value 3,18.751173151264947,Accepted,Medium,In Progress,Org line A2,A2_2,cn,M1 2nd,PROD753,China
112,,,,,,,,,,,,
112,Completed-Closed,Value 3,19.086626440960526,Completed,Medium,Closed,Org line A2,A2_2,cn,M1 2nd,PROD753,China
113,Accepted-In Progress,Value 98,18.75318012780604,Accepted,High,In Progress,Org line A2,A2_3,se,M3 2nd,PROD655,Sweden
113,,,,,,,,,,,,
113,Accepted-In Progress,Value 98,18.832811262111143,Accepted,High,In Progress,Org line A2,A2_3,se,M3 2nd,PROD655,Sweden
113,,,,,,,,,,,,
113,Completed-Closed,Value 39,19.09632688073958,Completed,High,Closed,Org line A2,A2_3,se,M3 2nd,PROD655,Sweden
114,Accepted-In Progress,Value 40,18.75359616975766,Accepted,Medium,In Progress,Org line A2,A2_2,se,G357 2nd,PROD46,POLAND
114,,,,,,,,,,,,
114,Accepted-In Progress,Value 40,18.75377507472513,Accepted,Medium,In Progress,Org line A2,A2_2,se,G357 2nd,PROD46,POLAND
114,,,,,,,,,,,,
114,Accepted-In Progress,Value 40,18.75421662369426,Accepted,Medium,In Progress,Org line A2,A2_2,se,G357 2nd,PROD46,POLAND
114,,,,,,,,,,,,
114,Accepted-In Progress,Value 40,19.093339324290493,Accepted,Medium,In Progress,Org line A2,A2_2,se,G357 2nd,PROD46,POLAND
114,,,,,,,,,,,,
115,Accepted-In Progress,Value 2,18.754326969735303,Accepted,Medium,In Progress,Org line A2,A2_2,cn,M1 2nd,PROD287,Sweden
115,,,,,,,,,,,,
115,Accepted-In Progress,Value 2,18.997483489199062,Accepted,Medium,In Progress,Org line A2,A2_2,cn,M1 2nd,PROD287,Sweden
115,,,,,,,,,,,,
115,Completed-Closed,Value 2,19.10956080830763,Completed,Medium,Closed,Org line A2,A2_2,cn,M1 2nd,PROD287,Sweden
116,Accepted-In Progress,Value 46,18.754421310099627,Accepted,Medium,In Progress,Org line G3,,us,G199 3rd,PROD98,USA
116,,,,,,,,,,,,
116,Accepted-In Progress,Value 54,18.754426660394937,Accepted,Medium,In Progress,Org line G3,,us,G199 3rd,PROD98,Sweden
116,,,,,,,,,,,,
116,Accepted-In Progress,Value 54,18.798669867314587,Accepted,Medium,In Progress,Org line A2,A2_2,us,G21 2nd,PROD98,Sweden
116,,,,,,,,,,,,
116,Accepted-Wait,Value 56,18.802003428255215,Accepted,Medium,Wait,Org line A2,A2_2,us,G21 2nd,PROD98,Sweden
116,,,,,,,,,,,,
116,Accepted-In Progress,Value 78,18.89606114243279,Accepted,Medium,In Progress,Org line G3,,us,G199 3rd,PROD98,Sweden
116,,,,,,,,,,,,
116,Accepted-In Progress,Value 43,19.069628660515573,Accepted,Medium,In Progress,Org line G3,,us,G199 3rd,PROD98,POLAND
116,,,,,,,,,,,,
117,Accepted-In Progress,Value 46,18.75486285308946,Accepted,Medium,In Progress,Org line G3,,us,G199 3rd,PROD98,USA
117,,,,,,,,,,,,
117,Accepted-In Progress,Value 54,18.755008031814857,Accepted,Medium,In Progress,Org line G3,,us,G199 3rd,PROD98,Sweden
117,,,,,,,,,,,,
117,Accepted-In Progress,Value 54,18.75575324425676,Accepted,Medium,In Progress,Org line A2,A2_2,us,G21 2nd,PROD98,Sweden
117,,,,,,,,,,,,
117,Accepted-In Progress,Value 56,18.756209213937343,Accepted,Medium,In Progress,Org line A2,A2_2,us,G21 2nd,PROD98,Sweden
117,,,,,,,,,,,,
117,Accepted-In Progress,Value 47,18.758160480018383,Accepted,Medium,In Progress,Org line G3,,us,G199 3rd,PROD98,Sweden
117,,,,,,,,,,,,
117,Accepted-In Progress,Value 43,19.069647311767948,Accepted,Medium,In Progress,Org line G3,,us,G199 3rd,PROD98,POLAND
117,,,,,,,,,,,,
118,Accepted-In Progress,Value 88,18.75502789560772,Accepted,High,In Progress,Org line G4,,se,S29 2nd,PROD551,Sweden
118,,,,,,,,,,,,
118,Accepted-In Progress,Value 62,18.792683996807654,Accepted,High,In Progress,Org line G4,,se,S29 2nd,PROD551,Sweden
118,,,,,,,,,,,,
118,Accepted-Assigned,Value 63,18.96402528739879,Accepted,High,Assigned,Org line A2,A2_3,se,S35 2nd,PROD551,Sweden
118,,,,,,,,,,,,
118,Accepted-In Progress,Value 62,19.059263950436343,Accepted,High,In Progress,Org line A2,A2_3,se,S35 2nd,PROD551,Sweden
118,,,,,,,,,,,,
119,Accepted-In Progress,Value 46,18.755004445552906,Accepted,Medium,In Progress,Org line G3,,us,G199 3rd,PROD98,USA
119,,,,,,,,,,,,
119,Accepted-In Progress,Value 54,18.755010580128904,Accepted,Medium,In Progress,Org line G3,,us,G199 3rd,PROD98,Sweden
119,,,,,,,,,,,,
119,Accepted-In Progress,Value 43,19.05327497044018,Accepted,Medium,In Progress,Org line G3,,us,G199 3rd,PROD98,POLAND
119,,,,,,,,,,,,
120,Accepted-In Progress,Value 99,18.75558513786456,Accepted,Medium,In Progress,Org line A2,D_1,in,L50 3rd,PROD611,Sweden
120,,,,,,,,,,,,
120,Accepted-In Progress,Value 99,18.850932053767238,Accepted,Medium,In Progress,Org line A2,D_1,in,L50 3rd,PROD611,Sweden
120,,,,,,,,,,,,
120,Accepted-In Progress,Value 99,18.862299314724755,Accepted,Medium,In Progress,Org line A2,D_1,in,L50 3rd,PROD611,Sweden
120,,,,,,,,,,,,
120,Completed-Closed,Value 100,19.094266231089236,Completed,Medium,Closed,Org line A2,D_1,in,L50 3rd,PROD611,Sweden
121,Accepted-In Progress,Value 76,18.756072153833593,Accepted,High,In Progress,Org line G4,,se,S33 2nd,PROD368,Sweden
121,,,,,,,,,,,,
121,Accepted-In Progress,Value 76,18.76229115039845,Accepted,High,In Progress,Org line G4,,se,S33 2nd,PROD368,Sweden
121,,,,,,,,,,,,
121,Completed-Closed,Value 76,19.064832918614243,Completed,High,Closed,Org line G4,,se,S33 2nd,PROD368,Sweden
122,Accepted-In Progress,Value 2,18.759298177991393,Accepted,Medium,In Progress,Org line A2,A2_2,se,M1 2nd,PROD681,Sweden
122,,,,,,,,,,,,
122,Accepted-Assigned,Value 4,19.032034342034997,Accepted,Medium,Assigned,Org line A2,A2_2,se,G167 2nd,PROD681,Sweden
122,,,,,,,,,,,,
122,Completed-Closed,Value 44,19.084440642310362,Completed,Medium,Closed,Org line F,,se,N10 2nd,PROD681,Sweden
123,Accepted-In Progress,Value 46,18.759874260245375,Accepted,Medium,In Progress,Org line G3,,us,G199 3rd,PROD98,USA
123,,,,,,,,,,,,
123,Accepted-In Progress,Value 47,18.759915853180722,Accepted,Medium,In Progress,Org line G3,,us,G199 3rd,PROD98,Sweden
123,,,,,,,,,,,,
123,Accepted-Assigned,Value 46,18.759917007130287,Accepted,Medium,Assigned,Org line G3,,us,G199 3rd,PROD98,USA
123,,,,,,,,,,,,
123,Completed-Closed,Value 43,19.069650421147163,Completed,Medium,Closed,Org line G3,,us,G199 3rd,PROD98,POLAND
124,Accepted-In Progress,Value 101,18.764164428538145,Accepted,Medium,In Progress,Org line G4,,se,S28 2nd,PROD633,Sweden
124,,,,,,,,,,,,
125,Accepted-In Progress,Value 102,18.764812457457328,Accepted,Medium,In Progress,Org line C,C_6,se,M5 2nd,PROD660,Sweden
125,,,,,,,,,,,,
125,Queued-Awaiting Assignment,Value 103,18.776882033734676,Queued,Medium,Awaiting Assignment,Org line C,E_10,se,G140 2nd,PROD660,Sweden
125,,,,,,,,,,,,
125,Accepted-Assigned,Value 88,18.77688571046901,Accepted,Medium,Assigned,Org line C,E_10,se,G140 2nd,PROD660,Sweden
125,,,,,,,,,,,,
125,Accepted-Assigned,Value 76,18.777707747910696,Accepted,Medium,Assigned,Org line C,C_6,se,G141 3rd,PROD660,Sweden
125,,,,,,,,,,,,
125,Accepted-Assigned,Value 76,18.78609664219861,Accepted,Medium,Assigned,Org line C,C_6,se,G141 3rd,PROD660,Sweden
125,,,,,,,,,,,,
125,Accepted-In Progress,Value 104,18.917774590942066,Accepted,Medium,In Progress,Org line C,C_6,se,G141 3rd,PROD660,Sweden
125,,,,,,,,,,,,
125,Accepted-Assigned,Value 93,18.93602216812631,Accepted,Medium,Assigned,Org line C,C_6,se,G141 3rd,PROD660,Sweden
125,,Value 105,,,,,,,,,,
125,Accepted-Assigned,Value 106,19.051863112542105,Accepted,Medium,Assigned,Org line C,C_6,se,G141 3rd,PROD660,Sweden
125,,,,,,,,,,,,
125,Completed-Closed,Value 106,19.075614399974246,Completed,Medium,Closed,Org line C,C_6,se,G141 3rd,PROD660,Sweden
126,Accepted-In Progress,Value 46,18.767157178434168,Accepted,Medium,In Progress,Org line G3,,us,G199 3rd,PROD98,USA
126,,,,,,,,,,,,
126,Accepted-In Progress,Value 47,18.767434409365908,Accepted,Medium,In Progress,Org line G3,,us,G199 3rd,PROD98,Sweden
126,,,,,,,,,,,,
126,Accepted-In Progress,Value 107,18.911117475722605,Accepted,Medium,In Progress,Org line G3,,us,G199 3rd,PROD98,0
126,,,,,,,,,,,,
126,Accepted-In Progress,Value 74,18.922557727805263,Accepted,Medium,In Progress,Org line G3,,us,G199 3rd,PROD98,Sweden
126,,,,,,,,,,,,
126,Accepted-Assigned,Value 56,18.923047026168007,Accepted,Medium,Assigned,Org line A2,A2_2,us,G21 2nd,PROD98,Sweden
126,,,,,,,,,,,,
126,Accepted-In Progress,Value 74,18.92311625293485,Accepted,Medium,In Progress,Org line A2,A2_2,us,G21 2nd,PROD98,Sweden
126,,,,,,,,,,,,
126,Accepted-In Progress,Value 43,19.069651022118503,Accepted,Medium,In Progress,Org line A2,A2_2,us,G21 2nd,PROD98,POLAND
126,,,,,,,,,,,,
127,Accepted-In Progress,Value 108,18.76825441668475,Accepted,High,In Progress,Org line G4,,se,S33 2nd,PROD374,Sweden
127,,,,,,,,,,,,
127,Accepted-Assigned,Value 76,18.769125169911607,Accepted,High,Assigned,Org line G4,,se,S33 2nd,PROD374,Sweden
127,,,,,,,,,,,,
127,Accepted-In Progress,Value 8,18.814314901550233,Accepted,High,In Progress,Org line G4,,se,S33 2nd,PROD374,Sweden
127,,,,,,,,,,,,
127,Completed-Closed,Value 8,19.06560052546088,Completed,High,Closed,Org line G4,,se,S33 2nd,PROD374,Sweden
128,Accepted-In Progress,Value 109,18.768484457629402,Accepted,Low,In Progress,Org line V2,,se,T3 2nd,PROD29,Sweden
128,,,,,,,,,,,,
129,Accepted-In Progress,Value 46,18.7684291435796,Accepted,Medium,In Progress,Org line G3,,us,G199 3rd,PROD98,USA
129,,,,,,,,,,,,
129,Accepted-In Progress,Value 54,18.768464393221098,Accepted,Medium,In Progress,Org line G3,,us,G199 3rd,PROD98,Sweden
129,,,,,,,,,,,,
129,Accepted-In Progress,Value 43,19.06965300793427,Accepted,Medium,In Progress,Org line G3,,us,G199 3rd,PROD98,POLAND
129,,,,,,,,,,,,
130,Accepted-In Progress,Value 38,18.772663187311203,Accepted,Medium,In Progress,Org line A2,A2_3,se,G354 3rd,PROD729,Sweden
130,,,,,,,,,,,,
130,Completed-Closed,Value 38,19.089871891455616,Completed,Medium,Closed,Org line A2,A2_3,se,G354 3rd,PROD729,Sweden
131,Accepted-In Progress,Value 46,18.77340156865527,Accepted,Medium,In Progress,Org line G3,,us,G199 3rd,PROD97,USA
131,,,,,,,,,,,,
131,Accepted-In Progress,Value 54,18.77582755589191,Accepted,Medium,In Progress,Org line G3,,us,G199 3rd,PROD97,Sweden
131,,,,,,,,,,,,
131,Accepted-In Progress,Value 43,19.067455837935377,Accepted,Medium,In Progress,Org line G3,,us,G199 3rd,PROD97,POLAND
131,,,,,,,,,,,,
131,Completed-Closed,Value 43,19.06746774753111,Completed,Medium,Closed,Org line G3,,us,G199 3rd,PROD97,POLAND
132,Accepted-In Progress,Value 46,18.779333380966296,Accepted,Medium,In Progress,Org line G3,,us,G199 3rd,PROD97,USA
132,,,,,,,,,,,,
132,Accepted-In Progress,Value 47,18.779708537767693,Accepted,Medium,In Progress,Org line G3,,us,G199 3rd,PROD97,Sweden
132,,,,,,,,,,,,
132,Queued-Awaiting Assignment,Value 72,18.92522010249064,Queued,Medium,Awaiting Assignment,Org line A2,A2_2,us,G21 2nd,PROD97,Sweden
132,,,,,,,,,,,,
132,Accepted-Wait,Value 73,18.928799000103847,Accepted,Medium,Wait,Org line A2,A2_2,us,G21 2nd,PROD97,INDIA
132,,,,,,,,,,,,
132,Accepted-In Progress,Value 78,18.943750282138257,Accepted,Medium,In Progress,Org line G3,,us,G199 3rd,PROD97,Sweden
132,,,,,,,,,,,,
132,Accepted-In Progress,Value 43,19.067468595966556,Accepted,Medium,In Progress,Org line G3,,us,G199 3rd,PROD97,POLAND
132,,,,,,,,,,,,
133,Accepted-In Progress,Value 46,18.780010034992866,Accepted,Medium,In Progress,Org line G3,,us,G199 3rd,PROD97,USA
133,,,,,,,,,,,,
133,Accepted-In Progress,Value 54,18.78001758888697,Accepted,Medium,In Progress,Org line G3,,us,G199 3rd,PROD97,Sweden
133,,,,,,,,,,,,
133,Queued-Awaiting Assignment,Value 4,18.79315974330805,Queued,Medium,Awaiting Assignment,Org line A2,A2_2,us,G21 2nd,PROD97,Sweden
133,,,,,,,,,,,,
133,Queued-Awaiting Assignment,Value 46,18.7962038372691,Queued,Medium,Awaiting Assignment,Org line G3,,us,G199 3rd,PROD97,USA
133,,,,,,,,,,,,
133,Accepted-In Progress,Value 46,18.796224218270247,Accepted,Medium,In Progress,Org line G3,,us,G199 3rd,PROD97,USA
133,,,,,,,,,,,,
133,Completed-Closed,Value 43,19.067816304860372,Completed,Medium,Closed,Org line G3,,us,G199 3rd,PROD97,POLAND
134,Accepted-In Progress,Value 46,18.781716114398662,Accepted,Medium,In Progress,Org line G3,,us,G199 3rd,PROD98,USA
134,,,,,,,,,,,,
134,Accepted-In Progress,Value 54,18.781840073984956,Accepted,Medium,In Progress,Org line G3,,us,G199 3rd,PROD98,Sweden
134,,,,,,,,,,,,
134,Accepted-In Progress,Value 43,19.067490298910013,Accepted,Medium,In Progress,Org line G3,,us,G199 3rd,PROD98,POLAND
134,,,,,,,,,,,,
135,Accepted-In Progress,Value 46,18.781805118477266,Accepted,Medium,In Progress,Org line G3,,us,G199 3rd,PROD97,USA
135,,,,,,,,,,,,
135,Accepted-In Progress,Value 54,18.781832011190183,Accepted,Medium,In Progress,Org line G3,,us,G199 3rd,PROD97,Sweden
135,,,,,,,,,,,,
135,Accepted-In Progress,Value 43,19.067455769850206,Accepted,Medium,In Progress,Org line G3,,us,G199 3rd,PROD97,POLAND
135,,,,,,,,,,,,
136,Accepted-In Progress,Value 46,18.784162287345413,Accepted,Medium,In Progress,Org line G3,,us,G199 3rd,PROD97,USA
136,,,,,,,,,,,,
136,Accepted-In Progress,Value 54,18.78420124848379,Accepted,Medium,In Progress,Org line G3,,us,G199 3rd,PROD97,Sweden
136,,,,,,,,,,,,
136,Accepted-In Progress,Value 54,18.78904669002532,Accepted,Medium,In Progress,Org line G3,,us,G199 3rd,PROD97,Sweden
136,,,,,,,,,,,,
136,Accepted-Assigned,Value 46,18.81266941138263,Accepted,Medium,Assigned,Org line G3,,us,G199 3rd,PROD97,USA
136,,,,,,,,,,,,
136,Accepted-Assigned,Value 110,18.81803064600203,Accepted,Medium,Assigned,Org line A2,A2_2,us,G21 2nd,PROD97,INDIA
136,,,,,,,,,,,,
136,Accepted-In Progress,Value 54,18.826038039582308,Accepted,Medium,In Progress,Org line G3,,us,G199 3rd,PROD97,Sweden
136,,,,,,,,,,,,
136,Accepted-In Progress,Value 43,19.06965470110039,Accepted,Medium,In Progress,Org line G3,,us,G199 3rd,PROD97,POLAND
136,,,,,,,,,,,,
137,Accepted-In Progress,Value 81,18.787908555994115,Accepted,Low,In Progress,Org line C,C_6,se,G261 3rd,PROD424,Sweden
137,,,,,,,,,,,,
137,Accepted-In Progress,Value 111,18.787908943879064,Accepted,Low,In Progress,Org line C,C_6,se,N54 3rd,PROD424,USA
137,,,,,,,,,,,,
137,Accepted-In Progress,Value 81,18.793134435131822,Accepted,Low,In Progress,Org line C,C_6,se,G261 3rd,PROD424,Sweden
137,,,,,,,,,,,,
137,Accepted-In Progress,Value 111,18.793239260420325,Accepted,Low,In Progress,Org line C,C_6,se,G261 3rd,PROD424,USA
137,,,,,,,,,,,,
137,Accepted-Assigned,Value 112,18.875957037667273,Accepted,Low,Assigned,Org line C,C_6,se,G261 3rd,PROD424,Sweden
137,,,,,,,,,,,,
137,Accepted-Assigned,Value 103,19.019218315750777,Accepted,Low,Assigned,Org line C,C_6,se,G261 3rd,PROD424,Sweden
137,,,,,,,,,,,,
137,Completed-Closed,Value 113,19.061931095402734,Completed,Low,Closed,Org line C,C_6,se,G261 3rd,PROD424,Sweden
138,Accepted-In Progress,Value 114,18.788938172195483,Accepted,Low,In Progress,Org line G4,,se,S30 2nd,PROD412,Sweden
138,,,,,,,,,,,,
138,Accepted-In Progress,Value 114,19.091153849553407,Accepted,Low,In Progress,Org line G4,,se,S30 2nd,PROD412,Sweden
138,,,,,,,,,,,,
139,Accepted-In Progress,Value 46,18.789038422216937,Accepted,Medium,In Progress,Org line G3,,us,G199 3rd,PROD97,USA
139,,,,,,,,,,,,
139,Accepted-In Progress,Value 54,18.78904986567581,Accepted,Medium,In Progress,Org line G3,,us,G199 3rd,PROD97,Sweden
139,,,,,,,,,,,,
139,Queued-Awaiting Assignment,Value 72,18.925216546198683,Queued,Medium,Awaiting Assignment,Org line A2,A2_2,us,G21 2nd,PROD97,Sweden
139,,,,,,,,,,,,
139,Accepted-Wait,Value 73,18.92879902416891,Accepted,Medium,Wait,Org line A2,A2_2,us,G21 2nd,PROD97,INDIA
139,,,,,,,,,,,,
139,Accepted-In Progress,Value 78,18.933569314379906,Accepted,Medium,In Progress,Org line G3,,us,G199 3rd,PROD97,Sweden
139,,,,,,,,,,,,
139,Accepted-In Progress,Value 43,19.067825869950514,Accepted,Medium,In Progress,Org line G3,,us,G199 3rd,PROD97,POLAND
139,,,,,,,,,,,,
140,Accepted-In Progress,Value 115,18.793197177287905,Accepted,Medium,In Progress,Org line G4,,se,S28 2nd,PROD108,Sweden
140,,,,,,,,,,,,
141,Accepted-In Progress,Value 46,18.793653403684043,Accepted,Medium,In Progress,Org line G3,,us,G199 3rd,PROD98,USA
141,,,,,,,,,,,,
141,Accepted-In Progress,Value 54,18.794462156364418,Accepted,Medium,In Progress,Org line G3,,us,G199 3rd,PROD98,Sweden
141,,,,,,,,,,,,
141,Accepted-In Progress,Value 43,19.055678210084483,Accepted,Medium,In Progress,Org line G3,,us,G199 3rd,PROD98,POLAND
141,,,,,,,,,,,,
142,Accepted-In Progress,Value 46,18.79445157291036,Accepted,Medium,In Progress,Org line G3,,us,G199 3rd,PROD97,USA
142,,,,,,,,,,,,
142,Accepted-In Progress,Value 54,18.79446055990778,Accepted,Medium,In Progress,Org line G3,,us,G199 3rd,PROD97,Sweden
142,,,,,,,,,,,,
142,Accepted-In Progress,Value 43,19.06965644652172,Accepted,Medium,In Progress,Org line G3,,us,G199 3rd,PROD97,POLAND
142,,,,,,,,,,,,
143,Accepted-In Progress,Value 46,18.800354523436027,Accepted,Medium,In Progress,Org line G3,,us,G199 3rd,PROD96,USA
143,,,,,,,,,,,,
143,Accepted-In Progress,Value 54,18.800358333779627,Accepted,Medium,In Progress,Org line G3,,us,G199 3rd,PROD96,Sweden
143,,,,,,,,,,,,
143,Accepted-In Progress,Value 43,19.069655772392284,Accepted,Medium,In Progress,Org line G3,,us,G199 3rd,PROD96,POLAND
143,,,,,,,,,,,,
144,Accepted-In Progress,Value 46,18.801454794635617,Accepted,Medium,In Progress,Org line G3,,us,G199 3rd,PROD98,USA
144,,,,,,,,,,,,
144,Accepted-In Progress,Value 54,18.801484341486486,Accepted,Medium,In Progress,Org line G3,,us,G199 3rd,PROD98,Sweden
144,,,,,,,,,,,,
144,Accepted-In Progress,Value 43,19.067814875586173,Accepted,Medium,In Progress,Org line G3,,us,G199 3rd,PROD98,POLAND
144,,,,,,,,,,,,
145,Accepted-In Progress,Value 76,18.801987474241347,Accepted,High,In Progress,Org line G4,,se,S33 2nd,PROD680,Sweden
145,,,,,,,,,,,,
145,Accepted-In Progress,Value 76,18.804474107051654,Accepted,High,In Progress,Org line G4,,se,S33 2nd,PROD680,Sweden
145,,,,,,,,,,,,
145,Accepted-In Progress,Value 76,18.881162426762724,Accepted,High,In Progress,Org line G4,,se,S33 2nd,PROD680,Sweden
145,,,,,,,,,,,,
145,Completed-Closed,Value 76,19.062526714303957,Completed,High,Closed,Org line G4,,se,S33 2nd,PROD680,Sweden
146,Queued-Awaiting Assignment,Value 58,18.804396984066003,Queued,Medium,Awaiting Assignment,Org line G4,,se,G51 2nd,PROD821,Sweden
146,,,,,,,,,,,,
146,Completed-Closed,Value 116,19.065645418181454,Completed,Medium,Closed,Org line G4,,se,G51 2nd,PROD821,Sweden
147,Accepted-In Progress,Value 88,18.805065208449292,Accepted,Medium,In Progress,Org line G4,,se,S29 2nd,PROD368,Sweden
147,,,,,,,,,,,,
147,Accepted-Assigned,Value 62,18.8565630495295,Accepted,Medium,Assigned,Org line G4,,se,S29 2nd,PROD368,Sweden
147,,,,,,,,,,,,
147,Accepted-Assigned,Value 63,18.964024782100505,Accepted,Medium,Assigned,Org line A2,A2_3,se,S35 2nd,PROD368,Sweden
147,,,,,,,,,,,,
147,Accepted-Assigned,Value 13,19.059270503391495,Accepted,Medium,Assigned,Org line A2,A2_3,se,S35 2nd,PROD368,Sweden
147,,,,,,,,,,,,
147,Completed-Closed,Value 13,19.09288696516197,Completed,Medium,Closed,Org line A2,A2_3,se,S35 2nd,PROD368,Sweden
148,Accepted-In Progress,Value 8,18.806145103939716,Accepted,Low,In Progress,Org line C,,se,G37 2nd,PROD415,Sweden
148,,,,,,,,,,,,
148,Completed-Closed,Value 8,19.076788356132397,Completed,Low,Closed,Org line C,,se,G37 2nd,PROD415,Sweden
149,Accepted-In Progress,Value 48,18.806281210041476,Accepted,Medium,In Progress,Org line G4,,se,S30 2nd,PROD412,Sweden
149,,,,,,,,,,,,
149,Accepted-In Progress,Value 48,19.029661018177524,Accepted,Medium,In Progress,Org line G4,,se,S30 2nd,PROD412,Sweden
149,,,,,,,,,,,,
149,Completed-Closed,Value 60,19.077387706596916,Completed,Medium,Closed,Org line G4,,se,S30 2nd,PROD412,Sweden
150,Accepted-In Progress,Value 48,18.81022556750946,Accepted,Medium,In Progress,Org line G4,,se,S30 2nd,PROD412,Sweden
150,,,,,,,,,,,,
150,Completed-Closed,Value 48,19.061116646313362,Completed,Medium,Closed,Org line G4,,se,S30 2nd,PROD412,Sweden
151,Accepted-In Progress,Value 2,18.81037813236525,Accepted,Low,In Progress,Org line A2,A2_2,cn,M1 2nd,PROD753,Sweden
151,,,,,,,,,,,,
152,Accepted-In Progress,Value 81,18.810916925033023,Accepted,Medium,In Progress,Org line C,C_6,se,G141 3rd,PROD660,Sweden
152,,,,,,,,,,,,
152,Accepted-In Progress,Value 117,18.81158323669061,Accepted,Medium,In Progress,Org line C,C_6,se,G141 3rd,PROD660,Sweden
152,,,,,,,,,,,,
152,Accepted-Assigned,Value 93,18.813174824159013,Accepted,Medium,Assigned,Org line C,C_6,se,G141 3rd,PROD660,Sweden
152,,Value 105,,,,,,,,,,
152,Accepted-Assigned,Value 106,19.029633849742698,Accepted,Medium,Assigned,Org line C,C_6,se,G141 3rd,PROD660,Sweden
152,,,,,,,,,,,,
152,Accepted-Wait,Value 106,19.03333598428227,Accepted,Medium,Wait,Org line C,C_6,se,G141 3rd,PROD660,Sweden
152,,,,,,,,,,,,
153,Accepted-In Progress,Value 46,18.81265741742676,Accepted,Medium,In Progress,Org line G3,,us,G199 3rd,PROD98,USA
153,,,,,,,,,,,,
153,Accepted-In Progress,Value 54,18.812668715399262,Accepted,Medium,In Progress,Org line G3,,us,G199 3rd,PROD98,Sweden
153,,,,,,,,,,,,
153,Accepted-In Progress,Value 54,18.814562442660183,Accepted,Medium,In Progress,Org line A2,A2_2,us,G21 2nd,PROD98,Sweden
153,,,,,,,,,,,,
153,Accepted-Wait,Value 56,18.81488433184083,Accepted,Medium,Wait,Org line A2,A2_2,us,G21 2nd,PROD98,Sweden
153,,,,,,,,,,,,
153,Accepted-In Progress,Value 54,18.815092622905226,Accepted,Medium,In Progress,Org line G3,,us,G199 3rd,PROD98,Sweden
153,,,,,,,,,,,,
153,Accepted-In Progress,Value 43,19.067831613148964,Accepted,Medium,In Progress,Org line G3,,us,G199 3rd,PROD98,POLAND
153,,,,,,,,,,,,
154,Accepted-In Progress,Value 8,18.814462857545582,Accepted,Low,In Progress,Org line G4,,se,S33 2nd,PROD304,Sweden
154,,,,,,,,,,,,
154,Completed-Closed,Value 8,19.06560879477168,Completed,Low,Closed,Org line G4,,se,S33 2nd,PROD304,Sweden
155,Accepted-In Progress,Value 8,18.814546242628175,Accepted,Low,In Progress,Org line G4,,se,S33 2nd,PROD374,Sweden
155,,,,,,,,,,,,
155,Accepted-Wait,Value 8,19.080968808621943,Accepted,Low,Wait,Org line G4,,se,S33 2nd,PROD374,Sweden
155,,,,,,,,,,,,
156,Accepted-In Progress,Value 66,18.816752270193877,Accepted,Medium,In Progress,Org line B,E_10,in,G230 2nd,PROD424,France
156,,,,,,,,,,,,
156,Accepted-In Progress,Value 118,18.817792466145093,Accepted,Medium,In Progress,Org line B,E_10,in,G230 2nd,PROD424,France
156,,,,,,,,,,,,
156,Accepted-In Progress,Value 42,18.83122170807969,Accepted,Medium,In Progress,Org line C,C_6,in,G261 3rd,PROD424,Sweden
156,,,,,,,,,,,,
156,Accepted-In Progress,Value 120,18.843138227104713,Accepted,Medium,In Progress,Org line C,E_1,in,G195,PROD424,Sweden
156,,,,,,,,,,,,
156,Accepted-In Progress,Value 71,18.8453678402302,Accepted,Medium,In Progress,Org line B,E_10,in,G230 2nd,PROD424,INDIA
156,,,,,,,,,,,,
156,Accepted-Wait,Value 71,18.847209057043717,Accepted,Medium,Wait,Org line B,E_10,in,G230 2nd,PROD424,INDIA
156,,,,,,,,,,,,
156,Accepted-Wait,Value 71,18.96613005379222,Accepted,Medium,Wait,Org line B,E_10,in,G230 2nd,PROD424,INDIA
156,,,,,,,,,,,,
156,Completed-Closed,Value 71,19.081016814296078,Completed,Medium,Closed,Org line B,E_10,in,G230 2nd,PROD424,INDIA
157,Accepted-In Progress,Value 121,18.817368577574296,Accepted,Low,In Progress,Org line A2,A2_3,se,G349 3rd,PROD93,Sweden
157,,,,,,,,,,,,
157,Accepted-Assigned,Value 122,19.044705526780053,Accepted,Low,Assigned,Org line A2,A2_3,se,G349 3rd,PROD93,Sweden
157,,,,,,,,,,,,
157,Accepted-Wait,Value 41,19.094220718420164,Accepted,Low,Wait,Org line A2,A2_3,se,G349 3rd,PROD93,Sweden
157,,,,,,,,,,,,
158,Accepted-In Progress,Value 81,18.817777743566474,Accepted,Medium,In Progress,Org line C,C_6,se,G141 3rd,PROD734,Sweden
158,,,,,,,,,,,,
158,Accepted-In Progress,Value 93,18.817897985059695,Accepted,Medium,In Progress,Org line C,C_6,se,G141 3rd,PROD734,Sweden
158,,,,,,,,,,,,
158,Accepted-Assigned,Value 123,18.96754778804116,Accepted,Medium,Assigned,Org line C,C_6,se,G141 3rd,PROD734,Sweden
158,,Value 105,,,,,,,,,,
158,Accepted-Assigned,Value 106,19.051863187016846,Accepted,Medium,Assigned,Org line C,C_6,se,G141 3rd,PROD734,Sweden
158,,,,,,,,,,,,
158,Completed-Closed,Value 106,19.07562250377521,Completed,Medium,Closed,Org line C,C_6,se,G141 3rd,PROD734,Sweden
159,Accepted-In Progress,Value 124,18.81903607740493,Accepted,High,In Progress,Org line A2,A2_3,se,U5 2nd,PROD831,Sweden
159,,,,,,,,,,,,
159,Accepted-In Progress,Value 13,19.070641532840117,Accepted,High,In Progress,Org line A2,A2_3,se,U5 2nd,PROD831,Sweden
159,,,,,,,,,,,,
159,Queued-Awaiting Assignment,Value 126,19.105584949347556,Queued,High,Awaiting Assignment,Org line A2,A2_3,se,U6 2nd,PROD831,Sweden
159,,,,,,,,,,,,
159,Accepted-In Progress,Value 125,19.114263384685767,Accepted,High,In Progress,Org line A2,A2_3,se,U6 2nd,PROD831,Sweden
159,,,,,,,,,,,,
160,Accepted-In Progress,Value 77,18.81906575387913,Accepted,Medium,In Progress,Org line C,C_6,se,G250 3rd,PROD660,Sweden
160,,,,,,,,,,,,
160,Accepted-In Progress,Value 77,18.819082209843046,Accepted,Medium,In Progress,Org line C,C_6,se,G250 3rd,PROD660,Sweden
160,,,,,,,,,,,,
160,Accepted-Assigned,Value 13,18.85323343506874,Accepted,Medium,Assigned,Org line C,C_6,se,G250 3rd,PROD660,Sweden
160,,,,,,,,,,,,
160,Accepted-Wait,Value 77,18.92102939541392,Accepted,Medium,Wait,Org line C,C_6,se,G250 3rd,PROD660,Sweden
160,,,,,,,,,,,,
160,Completed-Closed,Value 127,19.05559389358012,Completed,Medium,Closed,Org line C,C_6,se,G250 3rd,PROD660,Sweden
161,Accepted-In Progress,Value 39,18.821386330151046,Accepted,Major,In Progress,Org line A2,A2_3,se,M3 2nd,PROD655,Sweden
161,,,,,,,,,,,,
161,Completed-Closed,Value 39,19.09952967499504,Completed,Major,Closed,Org line A2,A2_3,se,M3 2nd,PROD655,Sweden
162,Accepted-In Progress,Value 31,18.82139821986895,Accepted,Medium,In Progress,Org line A2,A2_4,se,G61 3rd,PROD194,Sweden
162,,,,,,,,,,,,
162,Queued-Awaiting Assignment,Value 31,19.061992883406504,Queued,Medium,Awaiting Assignment,Org line A2,A2_4,se,G61 3rd,PROD194,Sweden
162,,,,,,,,,,,,
162,Accepted-Wait,Value 31,19.074723402208612,Accepted,Medium,Wait,Org line A2,A2_4,se,G60 2nd,PROD194,Sweden
162,,,,,,,,,,,,
163,Accepted-In Progress,Value 128,18.82256755090369,Accepted,Medium,In Progress,Org line C,E_4,us,G88 2nd,PROD793,USA
163,,,,,,,,,,,,
163,Completed-Closed,Value 128,19.058883647074026,Completed,Medium,Closed,Org line C,E_4,us,G88 2nd,PROD793,USA
164,Accepted-In Progress,Value 81,18.823031554332292,Accepted,Medium,In Progress,Org line C,C_6,se,G141 3rd,PROD660,Sweden
164,,,,,,,,,,,,
164,Accepted-In Progress,Value 117,18.825624035938176,Accepted,Medium,In Progress,Org line C,C_6,se,G141 3rd,PROD660,Sweden
164,,,,,,,,,,,,
164,Accepted-In Progress,Value 123,19.003314332309944,Accepted,Medium,In Progress,Org line C,C_6,se,G141 3rd,PROD660,Sweden
164,,,,,,,,,,,,
164,Completed-Closed,Value 113,19.086266020940815,Completed,Medium,Closed,Org line C,C_6,se,G141 3rd,PROD660,Sweden
165,Accepted-In Progress,Value 58,18.823184097057727,Accepted,Medium,In Progress,Org line G4,,se,G51 2nd,PROD821,Sweden
165,,,,,,,,,,,,
165,Accepted-In Progress,Value 116,19.065646745623695,Accepted,Medium,In Progress,Org line G4,,se,G51 2nd,PROD821,Sweden
165,,,,,,,,,,,,
166,Accepted-In Progress,Value 46,18.826024237999174,Accepted,Medium,In Progress,Org line G3,,us,G199 3rd,PROD98,USA
166,,,,,,,,,,,,
166,Accepted-In Progress,Value 54,18.82604083321291,Accepted,Medium,In Progress,Org line G3,,us,G199 3rd,PROD98,Sweden
166,,,,,,,,,,,,
166,Accepted-In Progress,Value 43,19.069656875037868,Accepted,Medium,In Progress,Org line G3,,us,G199 3rd,PROD98,POLAND
166,,,,,,,,,,,,
167,Accepted-In Progress,Value 46,18.826614608843567,Accepted,Medium,In Progress,Org line G3,,us,G199 3rd,PROD97,USA
167,,,,,,,,,,,,
167,Accepted-In Progress,Value 54,18.82711303751918,Accepted,Medium,In Progress,Org line G3,,us,G199 3rd,PROD97,Sweden
167,,,,,,,,,,,,
167,Accepted-In Progress,Value 43,19.069657951553236,Accepted,Medium,In Progress,Org line G3,,us,G199 3rd,PROD97,POLAND
167,,,,,,,,,,,,
168,Accepted-In Progress,Value 3,18.82665545552396,Accepted,Medium,In Progress,Org line A2,A2_2,cn,M1 2nd,PROD753,China
168,,,,,,,,,,,,
168,Completed-Closed,Value 3,19.086621107832983,Completed,Medium,Closed,Org line A2,A2_2,cn,M1 2nd,PROD753,China
169,Accepted-In Progress,Value 46,18.82946624677702,Accepted,Medium,In Progress,Org line G3,,us,G199 3rd,PROD97,USA
169,,,,,,,,,,,,
169,Accepted-In Progress,Value 54,18.829517667762136,Accepted,Medium,In Progress,Org line G3,,us,G199 3rd,PROD97,Sweden
169,,,,,,,,,,,,
169,Accepted-In Progress,Value 43,19.067438020412546,Accepted,Medium,In Progress,Org line G3,,us,G199 3rd,PROD97,POLAND
169,,,,,,,,,,,,
170,Accepted-In Progress,Value 46,18.82954589867885,Accepted,Medium,In Progress,Org line G3,,us,G199 3rd,PROD97,USA
170,,,,,,,,,,,,
170,Accepted-In Progress,Value 54,18.83009410079172,Accepted,Medium,In Progress,Org line G3,,us,G199 3rd,PROD97,Sweden
170,,,,,,,,,,,,
170,Accepted-In Progress,Value 43,19.069663647658952,Accepted,Medium,In Progress,Org line G3,,us,G199 3rd,PROD97,POLAND
170,,,,,,,,,,,,
171,Accepted-In Progress,Value 62,18.832876788398156,Accepted,Low,In Progress,Org line A2,A2_4,us,G113 2nd,PROD546,USA
171,,,,,,,,,,,,
171,Queued-Awaiting Assignment,Value 62,19.013202281631546,Queued,Low,Awaiting Assignment,Org line A2,A2_4,us,L23 3rd,PROD546,USA
171,,,,,,,,,,,,
171,Accepted-Assigned,Value 108,19.04239911711249,Accepted,Low,Assigned,Org line A2,A2_4,us,G113 2nd,PROD546,USA
171,,,,,,,,,,,,
172,Accepted-In Progress,Value 80,18.832911367594143,Accepted,Medium,In Progress,Org line A2,A2_4,us,L23 3rd,PROD521,Sweden
172,,,,,,,,,,,,
172,Completed-Closed,Value 80,19.11431507083727,Completed,Medium,Closed,Org line A2,A2_4,us,L23 3rd,PROD521,Sweden
173,Accepted-In Progress,Value 2,18.833337880643047,Accepted,High,In Progress,Org line A2,A2_2,cn,M1 2nd,PROD753,Sweden
173,,,,,,,,,,,,
174,Accepted-In Progress,Value 81,18.835109339708435,Accepted,Medium,In Progress,Org line C,C_6,se,G141 3rd,PROD660,Sweden
174,,,,,,,,,,,,
174,Accepted-In Progress,Value 104,18.8367959116438,Accepted,Medium,In Progress,Org line C,C_6,se,G141 3rd,PROD660,Sweden
174,,,,,,,,,,,,
174,Accepted-In Progress,Value 84,18.999981493998387,Accepted,Medium,In Progress,Org line C,E_7,se,G135 2nd,PROD660,Sweden
174,,,,,,,,,,,,
174,Accepted-In Progress,Value 84,19.068361060309194,Accepted,Medium,In Progress,Org line C,E_7,se,G135 2nd,PROD660,Sweden
174,,,,,,,,,,,,
175,Accepted-In Progress,Value 129,18.837921980477006,Accepted,Medium,In Progress,Org line G4,,se,S30 2nd,PROD412,Sweden
175,,,,,,,,,,,,
175,Queued-Awaiting Assignment,Value 129,18.849937161037825,Queued,Medium,Awaiting Assignment,Org line G4,,se,S30 2nd,PROD412,Sweden
175,,,,,,,,,,,,
175,Accepted-Wait,Value 128,18.84994102792866,Accepted,Medium,Wait,Org line A2,A2_3,se,S21 2nd,PROD412,Sweden
175,,,,,,,,,,,,
175,Accepted-In Progress,Value 128,18.849948872332995,Accepted,Medium,In Progress,Org line A2,A2_3,se,S21 2nd,PROD412,Sweden
175,,,,,,,,,,,,
175,Queued-Awaiting Assignment,Value 129,18.8505213542141,Queued,Medium,Awaiting Assignment,Org line G4,,se,S30 2nd,PROD412,Sweden
175,,,,,,,,,,,,
175,Accepted-Wait,Value 129,18.850522570859273,Accepted,Medium,Wait,Org line G4,,se,S30 2nd,PROD412,Sweden
175,,,,,,,,,,,,
175,Completed-Closed,Value 60,19.077385647926878,Completed,Medium,Closed,Org line G4,,se,S30 2nd,PROD412,Sweden
176,Accepted-In Progress,Value 130,18.837479865447367,Accepted,High,In Progress,Org line C,E_6,se,G334 2nd,PROD101,Sweden
176,,,,,,,,,,,,
176,Accepted-In Progress,Value 20,19.075600233749054,Accepted,High,In Progress,Org line C,E_6,se,G334 2nd,PROD101,Sweden
176,,,,,,,,,,,,
177,Accepted-In Progress,Value 104,18.837993892674106,Accepted,Medium,In Progress,Org line V2,,se,T4 2nd,PROD63,Sweden
177,,,,,,,,,,,,
177,Accepted-In Progress,Value 104,19.010591534634493,Accepted,Medium,In Progress,Org line V2,,se,T4 2nd,PROD63,Sweden
177,,,,,,,,,,,,
178,Accepted-In Progress,Value 46,18.840844259274284,Accepted,Medium,In Progress,Org line G3,,us,G199 3rd,PROD98,USA
178,,,,,,,,,,,,
178,Accepted-In Progress,Value 54,18.84085529579516,Accepted,Medium,In Progress,Org line G3,,us,G199 3rd,PROD98,Sweden
178,,,,,,,,,,,,
178,Accepted-In Progress,Value 74,18.842636530315037,Accepted,Medium,In Progress,Org line G3,,us,G199 3rd,PROD98,Sweden
178,,,,,,,,,,,,
178,Queued-Awaiting Assignment,Value 4,18.842637599208206,Queued,Medium,Awaiting Assignment,Org line A2,A2_2,us,G21 2nd,PROD98,Sweden
178,,,,,,,,,,,,
178,Accepted-In Progress,Value 56,18.845314781880845,Accepted,Medium,In Progress,Org line A2,A2_2,us,G21 2nd,PROD98,Sweden
178,,,,,,,,,,,,
178,Queued-Awaiting Assignment,Value 46,18.892294813243133,Queued,Medium,Awaiting Assignment,Org line G3,,us,G199 3rd,PROD98,USA
178,,,,,,,,,,,,
178,Queued-Awaiting Assignment,Value 72,18.896058432041492,Queued,Medium,Awaiting Assignment,Org line A2,A2_2,us,G21 2nd,PROD98,Sweden
178,,,,,,,,,,,,
178,Accepted-In Progress,Value 78,18.896061826245944,Accepted,Medium,In Progress,Org line G3,,us,G199 3rd,PROD98,Sweden
178,,,,,,,,,,,,
178,Accepted-In Progress,Value 43,19.067439193592534,Accepted,Medium,In Progress,Org line G3,,us,G199 3rd,PROD98,POLAND
178,,,,,,,,,,,,
179,Accepted-In Progress,Value 46,18.841325732476488,Accepted,Medium,In Progress,Org line G3,,us,G199 3rd,PROD98,USA
179,,,,,,,,,,,,
179,Accepted-In Progress,Value 54,18.84137276528801,Accepted,Medium,In Progress,Org line G3,,us,G199 3rd,PROD98,Sweden
179,,,,,,,,,,,,
179,Accepted-In Progress,Value 43,19.069688401825893,Accepted,Medium,In Progress,Org line G3,,us,G199 3rd,PROD98,POLAND
179,,,,,,,,,,,,
180,Accepted-In Progress,Value 60,18.841963700989048,Accepted,Medium,In Progress,Org line G4,,se,S30 2nd,PROD412,Sweden
180,,,,,,,,,,,,
180,Accepted-In Progress,Value 60,18.869361465986813,Accepted,Medium,In Progress,Org line G4,,se,S30 2nd,PROD412,Sweden
180,,,,,,,,,,,,
180,Completed-Closed,Value 60,19.077388702224226,Completed,Medium,Closed,Org line G4,,se,S30 2nd,PROD412,Sweden
181,Accepted-In Progress,Value 46,18.842417514268096,Accepted,Medium,In Progress,Org line G3,,us,G199 3rd,PROD98,USA
181,,,,,,,,,,,,
181,Accepted-In Progress,Value 74,18.8425382331631,Accepted,Medium,In Progress,Org line G3,,us,G199 3rd,PROD98,Sweden
181,,,,,,,,,,,,
181,Accepted-In Progress,Value 54,18.842549500215995,Accepted,Medium,In Progress,Org line G3,,us,G199 3rd,PROD98,Sweden
181,,,,,,,,,,,,
181,Accepted-Assigned,Value 46,18.842620372183376,Accepted,Medium,Assigned,Org line G3,,us,G199 3rd,PROD98,USA
181,,,,,,,,,,,,
181,Completed-Closed,Value 43,19.069689995645074,Completed,Medium,Closed,Org line G3,,us,G199 3rd,PROD98,POLAND
182,Accepted-In Progress,Value 116,18.84305238776817,Accepted,Low,In Progress,Org line G4,,se,G51 2nd,PROD54,Sweden
182,,,,,,,,,,,,
182,Completed-Closed,Value 116,19.065648980759615,Completed,Low,Closed,Org line G4,,se,G51 2nd,PROD54,Sweden
183,Accepted-Assigned,Value 59,18.843174386751386,Accepted,Medium,Assigned,Org line G4,,se,G51 2nd,PROD405,Sweden
183,,,,,,,,,,,,
183,Completed-Closed,Value 131,19.068347670043142,Completed,Medium,Closed,Org line G4,,se,G51 2nd,PROD405,INDIA
184,Accepted-Assigned,Value 59,18.84317590074831,Accepted,Medium,Assigned,Org line G4,,se,G51 2nd,PROD405,Sweden
184,,,,,,,,,,,,
184,Completed-Closed,Value 131,19.06834816191228,Completed,Medium,Closed,Org line G4,,se,G51 2nd,PROD405,INDIA
185,Accepted-In Progress,Value 3,18.847163316306794,Accepted,Medium,In Progress,Org line A2,A2_2,cn,M1 2nd,PROD753,China
185,,,,,,,,,,,,
185,Completed-Closed,Value 3,19.086652659188392,Completed,Medium,Closed,Org line A2,A2_2,cn,M1 2nd,PROD753,China
186,Accepted-In Progress,Value 129,18.84723039591256,Accepted,Medium,In Progress,Org line G4,,se,S30 2nd,PROD412,Sweden
186,,,,,,,,,,,,
186,Accepted-In Progress,Value 60,19.070595950197205,Accepted,Medium,In Progress,Org line G4,,se,S30 2nd,PROD412,Sweden
186,,,,,,,,,,,,
186,Accepted-In Progress,Value 60,19.070596211242194,Accepted,Medium,In Progress,Org line G4,,se,S30 2nd,PROD412,Sweden
186,,,,,,,,,,,,
186,Accepted-In Progress,Value 60,19.083635969972146,Accepted,Medium,In Progress,Org line G4,,se,S30 2nd,PROD412,Sweden
186,,,,,,,,,,,,
187,Accepted-In Progress,Value 46,18.84882685572981,Accepted,Medium,In Progress,Org line G3,,us,G199 3rd,PROD98,USA
187,,,,,,,,,,,,
187,Accepted-In Progress,Value 74,18.848828889082238,Accepted,Medium,In Progress,Org line G3,,us,G199 3rd,PROD98,Sweden
187,,,,,,,,,,,,
187,Accepted-In Progress,Value 43,19.069701815955906,Accepted,Medium,In Progress,Org line G3,,us,G199 3rd,PROD98,POLAND
187,,,,,,,,,,,,
188,Accepted-In Progress,Value 8,18.849828230959403,Accepted,Medium,In Progress,Org line C,,se,G37 2nd,PROD415,Sweden
188,,,,,,,,,,,,
189,Accepted-In Progress,Value 46,18.84985122627191,Accepted,Medium,In Progress,Org line G3,,us,G199 3rd,PROD97,USA
189,,,,,,,,,,,,
189,Accepted-In Progress,Value 74,18.849915528307047,Accepted,Medium,In Progress,Org line G3,,us,G199 3rd,PROD97,Sweden
189,,,,,,,,,,,,
189,Accepted-In Progress,Value 43,19.055675798868997,Accepted,Medium,In Progress,Org line G3,,us,G199 3rd,PROD97,POLAND
189,,,,,,,,,,,,
190,Accepted-In Progress,Value 48,18.849892488901613,Accepted,Medium,In Progress,Org line G4,,se,S30 2nd,PROD409,Sweden
190,,,,,,,,,,,,
191,Accepted-In Progress,Value 46,18.849909975201363,Accepted,Medium,In Progress,Org line G3,,us,G199 3rd,PROD97,USA
191,,,,,,,,,,,,
191,Accepted-In Progress,Value 74,18.84991282011399,Accepted,Medium,In Progress,Org line G3,,us,G199 3rd,PROD97,Sweden
191,,,,,,,,,,,,
191,Queued-Awaiting Assignment,Value 72,18.924751239125296,Queued,Medium,Awaiting Assignment,Org line A2,A2_2,us,G21 2nd,PROD97,Sweden
191,,,,,,,,,,,,
191,Accepted-In Progress,Value 56,18.928323511802216,Accepted,Medium,In Progress,Org line A2,A2_2,us,G21 2nd,PROD97,Sweden
191,,,,,,,,,,,,
191,Accepted-In Progress,Value 78,18.928368509787425,Accepted,Medium,In Progress,Org line G3,,us,G199 3rd,PROD97,Sweden
191,,,,,,,,,,,,
191,Queued-Awaiting Assignment,Value 72,18.937464053412683,Queued,Medium,Awaiting Assignment,Org line A2,A2_2,us,G21 2nd,PROD97,Sweden
191,,,,,,,,,,,,
191,Accepted-In Progress,Value 72,18.93746468563466,Accepted,Medium,In Progress,Org line A2,A2_2,us,G21 2nd,PROD97,Sweden
191,,,,,,,,,,,,
191,Accepted-Assigned,Value 73,18.937465616073823,Accepted,Medium,Assigned,Org line A2,A2_2,us,G21 2nd,PROD97,INDIA
191,,,,,,,,,,,,
191,Accepted-In Progress,Value 56,18.95704074884899,Accepted,Medium,In Progress,Org line A2,A2_2,us,G21 2nd,PROD97,Sweden
191,,,,,,,,,,,,
191,Accepted-In Progress,Value 74,18.95848592033992,Accepted,Medium,In Progress,Org line G3,,us,G199 3rd,PROD97,Sweden
191,,,,,,,,,,,,
191,Accepted-In Progress,Value 43,19.069705003548968,Accepted,Medium,In Progress,Org line G3,,us,G199 3rd,PROD97,POLAND
191,,,,,,,,,,,,
192,Accepted-In Progress,Value 46,18.85031899967103,Accepted,Medium,In Progress,Org line G3,,us,G199 3rd,PROD97,USA
192,,,,,,,,,,,,
192,Accepted-In Progress,Value 54,18.850363782901653,Accepted,Medium,In Progress,Org line G3,,us,G199 3rd,PROD97,Sweden
192,,,,,,,,,,,,
192,Accepted-In Progress,Value 43,19.068966590123843,Accepted,Medium,In Progress,Org line G3,,us,G199 3rd,PROD97,POLAND
192,,,,,,,,,,,,
193,Accepted-In Progress,Value 46,18.850401966147256,Accepted,Medium,In Progress,Org line G3,,us,G199 3rd,PROD98,USA
193,,,,,,,,,,,,
193,Accepted-In Progress,Value 54,18.850407308301726,Accepted,Medium,In Progress,Org line G3,,us,G199 3rd,PROD98,Sweden
193,,,,,,,,,,,,
193,Accepted-In Progress,Value 43,19.06970605911033,Accepted,Medium,In Progress,Org line G3,,us,G199 3rd,PROD98,POLAND
193,,,,,,,,,,,,
194,Accepted-In Progress,Value 132,18.8504500575233,Accepted,Medium,In Progress,Org line G4,,se,S33 2nd,PROD374,Sweden
194,,,,,,,,,,,,
194,Completed-Closed,Value 132,19.07435357359569,Completed,Medium,Closed,Org line G4,,se,S33 2nd,PROD374,Sweden
195,Accepted-In Progress,Value 46,18.851025191931726,Accepted,Medium,In Progress,Org line G3,,us,G199 3rd,PROD97,USA
195,,,,,,,,,,,,
195,Accepted-In Progress,Value 74,18.851145903565577,Accepted,Medium,In Progress,Org line G3,,us,G199 3rd,PROD97,Sweden
195,,,,,,,,,,,,
195,Accepted-In Progress,Value 43,19.070650303514608,Accepted,Medium,In Progress,Org line G3,,us,G199 3rd,PROD97,POLAND
195,,,,,,,,,,,,
196,Accepted-In Progress,Value 46,18.854950564222364,Accepted,Medium,In Progress,Org line G3,,us,G199 3rd,PROD97,USA
196,,,,,,,,,,,,
196,Accepted-In Progress,Value 74,18.854987238444796,Accepted,Medium,In Progress,Org line G3,,us,G199 3rd,PROD97,Sweden
196,,,,,,,,,,,,
196,Accepted-In Progress,Value 43,19.067438549391195,Accepted,Medium,In Progress,Org line G3,,us,G199 3rd,PROD97,POLAND
196,,,,,,,,,,,,
197,Accepted-In Progress,Value 46,18.854981914223973,Accepted,Medium,In Progress,Org line G3,,us,G199 3rd,PROD97,USA
197,,,,,,,,,,,,
197,Accepted-In Progress,Value 74,18.854986422325194,Accepted,Medium,In Progress,Org line A2,A2_2,us,G21 2nd,PROD97,Sweden
197,,,,,,,,,,,,
197,Accepted-In Progress,Value 43,19.070654996837995,Accepted,Medium,In Progress,Org line A2,A2_2,us,G21 2nd,PROD97,POLAND
197,,,,,,,,,,,,
198,Accepted-In Progress,Value 46,18.856684698174,Accepted,Medium,In Progress,Org line G3,,us,G199 3rd,PROD96,USA
198,,,,,,,,,,,,
198,Accepted-In Progress,Value 54,18.861071669441397,Accepted,Medium,In Progress,Org line G3,,us,G199 3rd,PROD96,Sweden
198,,,,,,,,,,,,
198,Accepted-Assigned,Value 43,19.067433510989144,Accepted,Medium,Assigned,Org line G3,,us,G199 3rd,PROD96,POLAND
198,,,,,,,,,,,,
198,Completed-Closed,Value 43,19.06743440659053,Completed,Medium,Closed,Org line G3,,us,G199 3rd,PROD96,POLAND
199,Accepted-In Progress,Value 118,18.856791720189722,Accepted,Major,In Progress,Org line C,E_3,be,G64 2nd,PROD436,France
199,,,,,,,,,,,,
200,Accepted-In Progress,Value 133,18.857239365997025,Accepted,Medium,In Progress,Org line G4,,se,S33 2nd,PROD374,Sweden
200,,,,,,,,,,,,
200,Accepted-In Progress,Value 133,18.88462553671171,Accepted,Medium,In Progress,Org line G4,,se,S33 2nd,PROD374,Sweden
200,,,,,,,,,,,,
200,Completed-Closed,Value 133,19.065584175530905,Completed,Medium,Closed,Org line G4,,se,S33 2nd,PROD374,Sweden
201,Accepted-In Progress,Value 84,18.857703981176286,Accepted,Medium,In Progress,Org line C,E_7,se,G135 2nd,PROD310,Sweden
201,,,,,,,,,,,,
201,Accepted-In Progress,Value 84,18.999981157824323,Accepted,Medium,In Progress,Org line C,E_7,se,G135 2nd,PROD310,Sweden
201,,,,,,,,,,,,
201,Completed-Closed,Value 84,19.06836153124143,Completed,Medium,Closed,Org line C,E_7,se,G135 2nd,PROD310,Sweden
202,Accepted-In Progress,Value 46,18.857844221400295,Accepted,Medium,In Progress,Org line G3,,us,G199 3rd,PROD97,USA
202,,,,,,,,,,,,
202,Accepted-In Progress,Value 74,18.858303494454415,Accepted,Medium,In Progress,Org line G3,,us,G199 3rd,PROD97,Sweden
202,,,,,,,,,,,,
202,Accepted-In Progress,Value 43,19.07065744007215,Accepted,Medium,In Progress,Org line G3,,us,G199 3rd,PROD97,POLAND
202,,,,,,,,,,,,
203,Accepted-In Progress,Value 60,18.860451422331927,Accepted,Medium,In Progress,Org line G4,,se,S30 2nd,PROD411,Sweden
203,,,,,,,,,,,,
203,Accepted-Assigned,Value 134,19.06745045395548,Accepted,Medium,Assigned,Org line G4,,se,S30 2nd,PROD411,Sweden
203,,,,,,,,,,,,
203,Completed-Closed,Value 134,19.06830040761613,Completed,Medium,Closed,Org line G4,,se,S30 2nd,PROD411,Sweden
204,Accepted-In Progress,Value 46,18.861046632340987,Accepted,Medium,In Progress,Org line G3,,us,G199 3rd,PROD97,USA
204,,,,,,,,,,,,
204,Accepted-In Progress,Value 54,18.861070304616902,Accepted,Medium,In Progress,Org line G3,,us,G199 3rd,PROD97,Sweden
204,,,,,,,,,,,,
204,Queued-Awaiting Assignment,Value 72,18.922539051248194,Queued,Medium,Awaiting Assignment,Org line A2,A2_2,us,G21 2nd,PROD97,Sweden
204,,,,,,,,,,,,
204,Accepted-Wait,Value 73,18.9225492280475,Accepted,Medium,Wait,Org line A2,A2_2,us,G21 2nd,PROD97,INDIA
204,,,,,,,,,,,,
204,Accepted-In Progress,Value 56,18.924564849026687,Accepted,Medium,In Progress,Org line A2,A2_2,us,G21 2nd,PROD97,Sweden
204,,,,,,,,,,,,
204,Queued-Awaiting Assignment,Value 46,18.924609255226628,Queued,Medium,Awaiting Assignment,Org line G3,,us,G199 3rd,PROD97,USA
204,,,,,,,,,,,,
204,Accepted-Assigned,Value 46,18.924620510525692,Accepted,Medium,Assigned,Org line G3,,us,G199 3rd,PROD97,USA
204,,,,,,,,,,,,
204,Completed-Closed,Value 43,19.070658844407028,Completed,Medium,Closed,Org line G3,,us,G199 3rd,PROD97,POLAND
205,Accepted-In Progress,Value 135,18.861144614025235,Accepted,Medium,In Progress,Org line A2,A2_2,br,S2 2nd,PROD144,Brazil
205,,,,,,,,,,,,
205,Accepted-Assigned,Value 135,19.042722507099285,Accepted,Medium,Assigned,Org line A2,A2_2,br,S2 2nd,PROD144,Brazil
205,,,,,,,,,,,,
205,Accepted-Wait,Value 136,19.042723382159842,Accepted,Medium,Wait,Org line A2,A2_2,br,S2 2nd,PROD144,Brazil
205,,,,,,,,,,,,
205,Accepted-Wait,Value 137,19.094214971826766,Accepted,Medium,Wait,Org line A2,A2_2,br,S2 2nd,PROD144,Brazil
205,,,,,,,,,,,,
206,Accepted-In Progress,Value 115,18.86213765275395,Accepted,Medium,In Progress,Org line G4,,se,S28 2nd,PROD108,Sweden
206,,,,,,,,,,,,
207,Accepted-In Progress,Value 138,18.86217772343746,Accepted,High,In Progress,Org line A2,A2_4,se,G105 2nd,PROD337,Sweden
207,,,,,,,,,,,,
207,Completed-Closed,Value 138,19.05646936829227,Completed,High,Closed,Org line A2,A2_4,se,G105 2nd,PROD337,Sweden
208,Accepted-In Progress,Value 139,18.86219466183769,Accepted,Medium,In Progress,Org line G4,,se,S33 2nd,PROD374,Sweden
208,,,,,,,,,,,,
208,Completed-Closed,Value 139,19.080951896807118,Completed,Medium,Closed,Org line G4,,se,S33 2nd,PROD374,Sweden
209,Accepted-In Progress,Value 46,18.86446174573169,Accepted,Medium,In Progress,Org line G3,,us,G199 3rd,PROD98,USA
209,,,,,,,,,,,,
209,Accepted-In Progress,Value 78,18.865063544948832,Accepted,Medium,In Progress,Org line G3,,us,G199 3rd,PROD98,Sweden
209,,,,,,,,,,,,
209,Accepted-In Progress,Value 43,19.06745605266549,Accepted,Medium,In Progress,Org line G3,,us,G199 3rd,PROD98,POLAND
209,,,,,,,,,,,,
210,Accepted-In Progress,Value 46,18.8650889625832,Accepted,Medium,In Progress,Org line G3,,us,G199 3rd,PROD96,USA
210,,,,,,,,,,,,
210,Accepted-In Progress,Value 78,18.866062726683328,Accepted,Medium,In Progress,Org line A2,A2_2,us,G21 2nd,PROD96,Sweden
210,,,,,,,,,,,,
210,Accepted-Assigned,Value 46,18.86606350819006,Accepted,Medium,Assigned,Org line A2,A2_2,us,G21 2nd,PROD96,USA
210,,,,,,,,,,,,
210,Completed-Closed,Value 43,19.067436250165134,Completed,Medium,Closed,Org line A2,A2_2,us,G21 2nd,PROD96,POLAND
211,Accepted-In Progress,Value 140,18.865550964877816,Accepted,High,In Progress,Org line C,E_4,us,G88 2nd,PROD219,Sweden
211,,,,,,,,,,,,
211,Accepted-In Progress,Value 140,18.996095845682607,Accepted,High,In Progress,Org line C,E_4,us,G88 2nd,PROD219,Sweden
211,,,,,,,,,,,,
212,Accepted-In Progress,Value 46,18.86610964162824,Accepted,Medium,In Progress,Org line G3,,us,G199 3rd,PROD97,USA
212,,,,,,,,,,,,
212,Accepted-In Progress,Value 78,18.866122478157568,Accepted,Medium,In Progress,Org line G3,,us,G199 3rd,PROD97,Sweden
212,,,,,,,,,,,,
212,Accepted-In Progress,Value 43,19.067493540694386,Accepted,Medium,In Progress,Org line G3,,us,G199 3rd,PROD97,POLAND
212,,,,,,,,,,,,
213,Accepted-In Progress,Value 46,18.86651790217098,Accepted,Medium,In Progress,Org line G3,,us,G199 3rd,PROD98,USA
213,,,,,,,,,,,,
213,Queued-Awaiting Assignment,Value 46,18.866519816630355,Queued,Medium,Awaiting Assignment,Org line G3,,us,G199 3rd,PROD98,USA
213,,,,,,,,,,,,
213,Accepted-Assigned,Value 46,18.866591078012423,Accepted,Medium,Assigned,Org line G3,,us,G199 3rd,PROD98,USA
213,,,,,,,,,,,,
213,Accepted-Assigned,Value 56,18.922535303786784,Accepted,Medium,Assigned,Org line A2,A2_2,us,G21 2nd,PROD98,Sweden
213,,,,,,,,,,,,
213,Accepted-Wait,Value 56,18.9225460194307,Accepted,Medium,Wait,Org line A2,A2_2,us,G21 2nd,PROD98,Sweden
213,,,,,,,,,,,,
213,Queued-Awaiting Assignment,Value 46,18.9226323034225,Queued,Medium,Awaiting Assignment,Org line G3,,us,G199 3rd,PROD98,USA
213,,,,,,,,,,,,
213,Accepted-Assigned,Value 46,18.923119701743808,Accepted,Medium,Assigned,Org line G3,,us,G199 3rd,PROD98,USA
213,,,,,,,,,,,,
213,Completed-Closed,Value 43,19.068969607491233,Completed,Medium,Closed,Org line G3,,us,G199 3rd,PROD98,POLAND
214,Queued-Awaiting Assignment,Value 58,18.868634220608065,Queued,Major,Awaiting Assignment,Org line G4,,se,G51 2nd,PROD798,Sweden
214,,Value 141,,,,,,,,,,
214,Accepted-Assigned,Value 142,18.90809786200973,Accepted,Major,Assigned,Org line A2,D_1,se,S52 2nd,PROD798,Korea
214,,,,,,,,,,,,
214,Accepted-In Progress,Value 59,18.962381450854796,Accepted,Major,In Progress,Org line G4,,se,G51 2nd,PROD798,Sweden
214,,,,,,,,,,,,
215,Accepted-In Progress,Value 29,18.868898161523553,Accepted,Medium,In Progress,Org line A2,A2_1,gb,G42 3rd,PROD235,United Kingdom
215,,,,,,,,,,,,
215,Accepted-Wait,Value 29,18.872071733960198,Accepted,Medium,Wait,Org line A2,A2_1,gb,G42 3rd,PROD235,United Kingdom
215,,,,,,,,,,,,
215,Accepted-Wait,Value 29,18.918821582931397,Accepted,Medium,Wait,Org line A2,A2_1,gb,G42 3rd,PROD235,United Kingdom
215,,,,,,,,,,,,
215,Accepted-Assigned,Value 29,18.965105785956325,Accepted,Medium,Assigned,Org line A2,A2_1,gb,G42 3rd,PROD235,United Kingdom
215,,,,,,,,,,,,
215,Accepted-In Progress,Value 77,19.00049896160527,Accepted,Medium,In Progress,Org line A2,A2_1,gb,G42 3rd,PROD235,United Kingdom
215,,,,,,,,,,,,
215,Completed-Closed,Value 143,19.115111989747568,Completed,Medium,Closed,Org line A2,A2_1,gb,G42 3rd,PROD235,United Kingdom
216,Accepted-In Progress,Value 46,18.869916065908047,Accepted,Medium,In Progress,Org line G3,,us,G199 3rd,PROD96,USA
216,,,,,,,,,,,,
216,Accepted-In Progress,Value 78,18.869923117064086,Accepted,Medium,In Progress,Org line G3,,us,G199 3rd,PROD96,Sweden
216,,,,,,,,,,,,
216,Accepted-In Progress,Value 43,19.07065889661275,Accepted,Medium,In Progress,Org line G3,,us,G199 3rd,PROD96,POLAND
216,,,,,,,,,,,,
217,Accepted-In Progress,Value 62,18.872152800644486,Accepted,Medium,In Progress,Org line A2,A2_3,se,S35 2nd,PROD368,Sweden
217,,,,,,,,,,,,
217,Accepted-In Progress,Value 62,18.964028818671643,Accepted,Medium,In Progress,Org line A2,A2_3,se,S35 2nd,PROD368,Sweden
217,,,,,,,,,,,,
217,Accepted-Wait,Value 62,18.964029579519917,Accepted,Medium,Wait,Org line A2,A2_3,se,S35 2nd,PROD368,Sweden
217,,,,,,,,,,,,
218,Accepted-In Progress,Value 46,18.87347851649783,Accepted,Medium,In Progress,Org line G3,,us,G199 3rd,PROD96,USA
218,,,,,,,,,,,,
218,Accepted-In Progress,Value 78,18.873757258275635,Accepted,Medium,In Progress,Org line G3,,us,G199 3rd,PROD96,Sweden
218,,,,,,,,,,,,
218,Accepted-In Progress,Value 43,19.070660374033483,Accepted,Medium,In Progress,Org line G3,,us,G199 3rd,PROD96,POLAND
218,,,,,,,,,,,,
219,Accepted-In Progress,Value 46,18.873485529862407,Accepted,Medium,In Progress,Org line G3,,us,G199 3rd,PROD96,USA
219,,,,,,,,,,,,
219,Accepted-In Progress,Value 78,18.873759991650722,Accepted,Medium,In Progress,Org line G3,,us,G199 3rd,PROD96,Sweden
219,,,,,,,,,,,,
219,Accepted-In Progress,Value 43,19.070662498800818,Accepted,Medium,In Progress,Org line G3,,us,G199 3rd,PROD96,POLAND
219,,,,,,,,,,,,
220,Accepted-In Progress,Value 62,18.8761512267688,Accepted,High,In Progress,Org line C,C_3,se,G91 3rd,PROD219,Sweden
220,,,,,,,,,,,,
221,Accepted-In Progress,Value 132,18.877200016525467,Accepted,Medium,In Progress,Org line G4,,se,S33 2nd,PROD374,Sweden
221,,,,,,,,,,,,
221,Completed-Closed,Value 132,19.05783732556985,Completed,Medium,Closed,Org line G4,,se,S33 2nd,PROD374,Sweden
222,Accepted-In Progress,Value 126,18.877588450968272,Accepted,Medium,In Progress,Org line A2,A2_3,se,U6 2nd,PROD831,Sweden
222,,,,,,,,,,,,
223,Accepted-In Progress,Value 8,18.878207149125178,Accepted,Low,In Progress,Org line G4,,se,S33 2nd,PROD374,Sweden
223,,,,,,,,,,,,
223,Completed-Closed,Value 8,19.080967361853983,Completed,Low,Closed,Org line G4,,se,S33 2nd,PROD374,Sweden
224,Accepted-In Progress,Value 132,18.878218325142836,Accepted,Low,In Progress,Org line G4,,se,S33 2nd,PROD374,Sweden
224,,,,,,,,,,,,
224,Completed-Closed,Value 132,19.057841931353856,Completed,Low,Closed,Org line G4,,se,S33 2nd,PROD374,Sweden
225,Accepted-In Progress,Value 144,18.879801493906772,Accepted,High,In Progress,Org line C,V3_3,fr,V42 2nd,PROD157,France
225,,,,,,,,,,,,
226,Accepted-In Progress,Value 58,18.880333190326997,Accepted,Medium,In Progress,Org line G4,,se,G51 2nd,PROD821,Sweden
226,,,,,,,,,,,,
226,Accepted-In Progress,Value 116,19.06832384026337,Accepted,Medium,In Progress,Org line G4,,se,G51 2nd,PROD821,Sweden
226,,,,,,,,,,,,
227,Accepted-In Progress,Value 98,18.881453221923294,Accepted,High,In Progress,Org line A2,A2_3,se,G110 2nd,PROD539,Sweden
227,,,,,,,,,,,,
227,Accepted-In Progress,Value 123,18.88204709784762,Accepted,High,In Progress,Org line A2,A2_3,se,M3 2nd,PROD539,Sweden
227,,,,,,,,,,,,
227,Queued-Awaiting Assignment,Value 98,18.885368707547723,Queued,High,Awaiting Assignment,Org line A2,A2_3,se,G110 2nd,PROD539,Sweden
227,,,,,,,,,,,,
227,Completed-Closed,Value 39,19.099530106115356,Completed,High,Closed,Org line A2,A2_3,se,M3 2nd,PROD539,Sweden
228,Accepted-In Progress,Value 139,18.88157616915659,Accepted,Medium,In Progress,Org line G4,,se,S33 2nd,PROD374,Sweden
228,,,,,,,,,,,,
228,Completed-Closed,Value 139,19.089281823813547,Completed,Medium,Closed,Org line G4,,se,S33 2nd,PROD374,Sweden
229,Accepted-In Progress,Value 46,18.881994676911173,Accepted,Medium,In Progress,Org line G3,,us,G199 3rd,PROD96,USA
229,,,,,,,,,,,,
229,Accepted-In Progress,Value 78,18.88200066621313,Accepted,Medium,In Progress,Org line G3,,us,G199 3rd,PROD96,Sweden
229,,,,,,,,,,,,
229,Accepted-In Progress,Value 43,19.069337495966685,Accepted,Medium,In Progress,Org line G3,,us,G199 3rd,PROD96,POLAND
229,,,,,,,,,,,,
230,Accepted-In Progress,Value 41,18.8836048410936,Accepted,Medium,In Progress,Org line A2,A2_3,se,G349 3rd,PROD80,Sweden
230,,,,,,,,,,,,
230,Completed-Closed,Value 41,19.094196421373557,Completed,Medium,Closed,Org line A2,A2_3,se,G349 3rd,PROD80,Sweden
231,Accepted-In Progress,Value 8,18.884678869958538,Accepted,Medium,In Progress,Org line C,C_6,se,G141 3rd,PROD660,Sweden
231,,,,,,,,,,,,
231,Accepted-In Progress,Value 8,18.96550265730626,Accepted,Medium,In Progress,Org line C,C_6,se,G141 3rd,PROD660,Sweden
231,,,,,,,,,,,,
231,Accepted-In Progress,Value 76,19.04275547971089,Accepted,Medium,In Progress,Org line C,C_6,se,G141 3rd,PROD660,Sweden
231,,,,,,,,,,,,
231,Accepted-In Progress,Value 106,19.043092337163525,Accepted,Medium,In Progress,Org line C,C_6,se,G141 3rd,PROD660,Sweden
231,,,,,,,,,,,,
231,Completed-Closed,Value 106,19.11078181482732,Completed,Medium,Closed,Org line C,C_6,se,G141 3rd,PROD660,Sweden
232,Accepted-In Progress,Value 41,18.885209456908015,Accepted,Medium,In Progress,Org line A2,A2_3,se,G349 3rd,PROD750,Sweden
232,,,,,,,,,,,,
232,Completed-Closed,Value 41,19.119807312289637,Completed,Medium,Closed,Org line A2,A2_3,se,G349 3rd,PROD750,Sweden
233,Accepted-In Progress,Value 46,18.88743036590424,Accepted,Medium,In Progress,Org line G3,,us,G199 3rd,PROD97,USA
233,,,,,,,,,,,,
233,Queued-Awaiting Assignment,Value 46,18.88744968472967,Queued,Medium,Awaiting Assignment,Org line G3,,us,G199 3rd,PROD97,USA
233,,,,,,,,,,,,
233,Accepted-Assigned,Value 46,18.887453346548693,Accepted,Medium,Assigned,Org line G3,,us,G199 3rd,PROD97,USA
233,,,,,,,,,,,,
233,Completed-Closed,Value 43,19.06896820078209,Completed,Medium,Closed,Org line G3,,us,G199 3rd,PROD97,POLAND
234,Accepted-In Progress,Value 46,18.887981241778068,Accepted,Medium,In Progress,Org line G3,,us,G199 3rd,PROD96,USA
234,,,,,,,,,,,,
234,Accepted-In Progress,Value 74,18.887986437039118,Accepted,Medium,In Progress,Org line G3,,us,G199 3rd,PROD96,Sweden
234,,,,,,,,,,,,
234,Accepted-In Progress,Value 43,19.07066457135822,Accepted,Medium,In Progress,Org line G3,,us,G199 3rd,PROD96,POLAND
234,,,,,,,,,,,,
235,Accepted-In Progress,Value 46,18.88836235439787,Accepted,Medium,In Progress,Org line G3,,us,G199 3rd,PROD97,USA
235,,,,,,,,,,,,
235,Accepted-In Progress,Value 74,18.88849993905816,Accepted,Medium,In Progress,Org line G3,,us,G199 3rd,PROD97,Sweden
235,,,,,,,,,,,,
235,Accepted-In Progress,Value 43,19.07066192453982,Accepted,Medium,In Progress,Org line G3,,us,G199 3rd,PROD97,POLAND
235,,,,,,,,,,,,
236,Accepted-In Progress,Value 145,18.888454914801617,Accepted,Medium,In Progress,Org line C,E_10,se,G271 2nd,PROD154,Sweden
236,,,,,,,,,,,,
236,Queued-Awaiting Assignment,Value 44,18.889024533926744,Queued,Medium,Awaiting Assignment,Org line C,C_6,se,G273 3rd,PROD154,Sweden
236,,,,,,,,,,,,
236,Accepted-In Progress,Value 146,18.889630655732795,Accepted,Medium,In Progress,Org line C,C_6,se,G290 3rd,PROD154,Belgium
236,,,,,,,,,,,,
236,Queued-Awaiting Assignment,Value 147,19.002530928326532,Queued,Medium,Awaiting Assignment,Org line C,C_6,se,G270 3rd,PROD154,France
236,,,,,,,,,,,,
236,Queued-Awaiting Assignment,Value 104,19.003343275098484,Queued,Medium,Awaiting Assignment,Org line C,C_6,se,G290 3rd,PROD154,Sweden
236,,,,,,,,,,,,
236,Accepted-Assigned,Value 149,19.03627527240892,Accepted,Medium,Assigned,Org line C,C_6,se,G270 3rd,PROD154,Brazil
236,,,,,,,,,,,,
236,Queued-Awaiting Assignment,Value 151,19.06886570963741,Queued,Medium,Awaiting Assignment,Org line A2,A2_1,se,J2 2nd,PROD154,Sweden
236,,,,,,,,,,,,
236,Accepted-Wait,Value 151,19.07059154374752,Accepted,Medium,Wait,Org line A2,A2_1,se,J2 2nd,PROD154,Sweden
236,,,,,,,,,,,,
237,Accepted-In Progress,Value 152,18.888984278856338,Accepted,Low,In Progress,Org line C,V3_2,fr,G96,PROD642,INDIA
237,,,,,,,,,,,,
237,Accepted-Wait,Value 152,18.99845514186109,Accepted,Low,Wait,Org line C,V3_2,fr,G96,PROD642,INDIA
237,,,,,,,,,,,,
237,Accepted-In Progress,Value 153,19.035990586139885,Accepted,Low,In Progress,Org line C,V3_2,fr,G96,PROD642,China
237,,,,,,,,,,,,
237,Accepted-In Progress,Value 152,19.036038606049203,Accepted,Low,In Progress,Org line C,E_8,fr,G181 2nd,PROD642,INDIA
237,,,,,,,,,,,,
237,Queued-Awaiting Assignment,Value 155,19.03606693049918,Queued,Low,Awaiting Assignment,Org line C,V3_2,fr,G97,PROD642,POLAND
237,,,,,,,,,,,,
237,Accepted-In Progress,Value 152,19.068337691326562,Accepted,Low,In Progress,Org line C,E_8,fr,G181 2nd,PROD642,INDIA
237,,,,,,,,,,,,
237,Accepted-In Progress,Value 152,19.068337832609558,Accepted,Low,In Progress,Org line C,E_8,fr,G181 2nd,PROD642,INDIA
237,,,,,,,,,,,,
237,Accepted-In Progress,Value 157,19.076771695172926,Accepted,Low,In Progress,Org line C,E_6,fr,G130 3rd,PROD642,INDIA
237,,,,,,,,,,,,
237,Queued-Awaiting Assignment,Value 155,19.077294694040187,Queued,Low,Awaiting Assignment,Org line C,V3_2,fr,G97,PROD642,POLAND
237,,,,,,,,,,,,
237,Queued-Awaiting Assignment,Value 154,19.077339982735598,Queued,Low,Awaiting Assignment,Org line C,E_6,fr,G130 3rd,PROD642,France
237,,,,,,,,,,,,
237,Completed-Closed,Value 157,19.07734703022518,Completed,Low,Closed,Org line C,E_6,fr,G130 3rd,PROD642,INDIA
237,,,,,,,,,,,,
237,Queued-Awaiting Assignment,Value 154,19.077728635442096,Queued,Low,Awaiting Assignment,Org line C,E_6,fr,G130 3rd,PROD642,France
237,,,,,,,,,,B4 2nd,,
237,Queued-Awaiting Assignment,Value 154,19.077783100081387,Queued,Low,Awaiting Assignment,Org line C,E_6,fr,G130 3rd,PROD642,France
237,,,,,,,,,,,,
237,Accepted-Assigned,Value 88,19.077783478477663,Accepted,Low,Assigned,Org line C,E_6,fr,G130 3rd,PROD642,China
237,,,,,,,,,,,,
237,Completed-Closed,Value 88,19.099741216082535,Completed,Low,Closed,Org line C,E_6,fr,G130 3rd,PROD642,China
238,Accepted-In Progress,Value 8,18.88965083928588,Accepted,High,In Progress,Org line G4,,se,S33 2nd,PROD374,Sweden
238,,,,,,,,,,,,
238,Completed-Closed,Value 8,19.080948574348533,Completed,High,Closed,Org line G4,,se,S33 2nd,PROD374,Sweden
239,Accepted-In Progress,Value 139,18.891851641675103,Accepted,Medium,In Progress,Org line G4,,se,S33 2nd,PROD374,Sweden
239,,,,,,,,,,,,
239,Completed-Closed,Value 139,19.07427254936595,Completed,Medium,Closed,Org line G4,,se,S33 2nd,PROD374,Sweden
240,Accepted-In Progress,Value 57,18.892749720149983,Accepted,Low,In Progress,Org line A2,A2_3,se,U6 2nd,PROD829,Sweden
240,,,,,,,,,,,,
240,Completed-Closed,Value 57,19.071533408864774,Completed,Low,Closed,Org line A2,A2_3,se,U6 2nd,PROD829,Sweden
241,Accepted-In Progress,Value 81,18.892862761286953,Accepted,Medium,In Progress,Org line C,C_6,se,G261 3rd,PROD424,Sweden
241,,,,,,,,,,,,
241,Accepted-In Progress,Value 42,18.895587066582276,Accepted,Medium,In Progress,Org line C,C_6,se,G261 3rd,PROD424,Sweden
241,,,,,,,,,,,,
241,Completed-Closed,Value 42,19.068792618531315,Completed,Medium,Closed,Org line C,C_6,se,G261 3rd,PROD424,Sweden
242,Accepted-In Progress,Value 60,18.892911634758587,Accepted,Medium,In Progress,Org line G4,,se,S30 2nd,PROD412,Sweden
242,,,,,,,,,,,,
242,Completed-Closed,Value 60,19.07739002454022,Completed,Medium,Closed,Org line G4,,se,S30 2nd,PROD412,Sweden
243,Accepted-In Progress,Value 46,18.89599359182123,Accepted,Medium,In Progress,Org line G3,,us,G199 3rd,PROD96,USA
243,,,,,,,,,,,,
243,Accepted-In Progress,Value 78,18.896027560414932,Accepted,Medium,In Progress,Org line G3,,us,G199 3rd,PROD96,Sweden
243,,,,,,,,,,,,
243,Accepted-In Progress,Value 43,19.06743273061067,Accepted,Medium,In Progress,Org line G3,,us,G199 3rd,PROD96,POLAND
243,,,,,,,,,,,,
244,Accepted-In Progress,Value 68,18.896099770926806,Accepted,Medium,In Progress,Org line A2,A2_2,pl,W8 2nd,PROD703,POLAND
244,,,,,,,,,,,,
244,Completed-Closed,Value 68,19.1024665781448,Completed,Medium,Closed,Org line A2,A2_2,pl,W8 2nd,PROD703,POLAND
245,Accepted-In Progress,Value 158,18.89616819701334,Accepted,Low,In Progress,Org line A2,A2_3,pl,N26 2nd,PROD791,POLAND
245,,,,,,,,,,,,
245,Accepted-Assigned,Value 158,18.92883650480412,Accepted,Low,Assigned,Org line A2,A2_3,pl,N26 2nd,PROD791,POLAND
245,,,,,,,,,,,,
245,Accepted-Wait,Value 159,18.991659313136495,Accepted,Low,Wait,Org line A2,A2_3,pl,N26 2nd,PROD791,POLAND
245,,,,,,,,,,,,
245,Accepted-Wait,Value 160,19.04177351236016,Accepted,Low,Wait,Org line A2,A2_3,pl,N26 2nd,PROD791,POLAND
245,,,,,,,,,,,,
245,Completed-Closed,Value 160,19.06203128767973,Completed,Low,Closed,Org line A2,A2_3,pl,N26 2nd,PROD791,POLAND
246,Accepted-In Progress,Value 46,18.89700458352538,Accepted,Medium,In Progress,Org line G3,,us,G199 3rd,PROD97,USA
246,,,,,,,,,,,,
246,Accepted-In Progress,Value 78,18.897104377050866,Accepted,Medium,In Progress,Org line G3,,us,G199 3rd,PROD97,Sweden
246,,,,,,,,,,,,
246,Accepted-In Progress,Value 43,19.070766606870194,Accepted,Medium,In Progress,Org line G3,,us,G199 3rd,PROD97,POLAND
246,,,,,,,,,,,,
247,Accepted-In Progress,Value 46,18.897009564432825,Accepted,Medium,In Progress,Org line G3,,us,G199 3rd,PROD97,USA
247,,,,,,,,,,,,
247,Accepted-In Progress,Value 78,18.897105786720665,Accepted,Medium,In Progress,Org line G3,,us,G199 3rd,PROD97,Sweden
247,,,,,,,,,,,,
247,Accepted-In Progress,Value 43,19.067438355606967,Accepted,Medium,In Progress,Org line G3,,us,G199 3rd,PROD97,POLAND
247,,,,,,,,,,,,
248,Accepted-In Progress,Value 46,18.897122857850515,Accepted,Medium,In Progress,Org line G3,,us,G199 3rd,PROD97,USA
248,,,,,,,,,,,,
248,Accepted-In Progress,Value 78,18.897129191916967,Accepted,Medium,In Progress,Org line G3,,us,G199 3rd,PROD97,Sweden
248,,,,,,,,,,,,
248,Queued-Awaiting Assignment,Value 72,19.01743769416332,Queued,Medium,Awaiting Assignment,Org line A2,A2_2,us,G21 2nd,PROD97,Sweden
248,,,,,,,,,,,,
248,Accepted-Assigned,Value 79,19.017437837317843,Accepted,Medium,Assigned,Org line A2,A2_2,us,G21 2nd,PROD97,Sweden
248,,,,,,,,,,,,
248,Queued-Awaiting Assignment,Value 46,19.030536816912672,Queued,Medium,Awaiting Assignment,Org line G3,,us,G199 3rd,PROD97,USA
248,,,,,,,,,,,,
248,Completed-Closed,Value 43,19.07074244837421,Completed,Medium,Closed,Org line G3,,us,G199 3rd,PROD97,POLAND
249,Accepted-In Progress,Value 46,18.898631684494823,Accepted,Medium,In Progress,Org line G3,,us,G199 3rd,PROD97,USA
249,,,,,,,,,,,,
249,Accepted-In Progress,Value 74,18.898752655643364,Accepted,Medium,In Progress,Org line G3,,us,G199 3rd,PROD97,Sweden
249,,,,,,,,,,,,
249,Accepted-In Progress,Value 43,19.070744155357115,Accepted,Medium,In Progress,Org line G3,,us,G199 3rd,PROD97,POLAND
249,,,,,,,,,,,,
250,Accepted-In Progress,Value 161,18.898693024418762,Accepted,Low,In Progress,Org line A2,A2_4,us,L23 3rd,PROD546,Sweden
250,,,,,,,,,,,,
250,Completed-Closed,Value 161,19.05469625861986,Completed,Low,Closed,Org line A2,A2_4,us,L23 3rd,PROD546,Sweden
251,Accepted-In Progress,Value 46,18.899360718371074,Accepted,Medium,In Progress,Org line G3,,us,G199 3rd,PROD96,USA
251,,,,,,,,,,,,
251,Accepted-In Progress,Value 74,18.899362211607745,Accepted,Medium,In Progress,Org line G3,,us,G199 3rd,PROD96,Sweden
251,,,,,,,,,,,,
251,Accepted-In Progress,Value 74,18.906717650510085,Accepted,Medium,In Progress,Org line G3,,us,G199 3rd,PROD96,Sweden
251,,,,,,,,,,,,
251,Accepted-Assigned,Value 56,18.906718296321937,Accepted,Medium,Assigned,Org line A2,A2_2,us,G21 2nd,PROD96,Sweden
251,,,,,,,,,,,,
251,Queued-Awaiting Assignment,Value 46,18.924622921064415,Queued,Medium,Awaiting Assignment,Org line G3,,us,G199 3rd,PROD96,USA
251,,,,,,,,,,,,
251,Accepted-Assigned,Value 46,18.92485957263715,Accepted,Medium,Assigned,Org line G3,,us,G199 3rd,PROD96,USA
251,,,,,,,,,,,,
251,Completed-Closed,Value 43,19.067456838263077,Completed,Medium,Closed,Org line G3,,us,G199 3rd,PROD96,POLAND
252,Accepted-In Progress,Value 162,18.89935216164823,Accepted,Medium,In Progress,Org line A2,D_1,in,L50 3rd,PROD611,Sweden
252,,,,,,,,,,,,
253,Accepted-In Progress,Value 132,18.899778403124316,Accepted,High,In Progress,Org line G4,,se,S33 2nd,PROD374,Sweden
253,,,,,,,,,,,,
253,Completed-Closed,Value 132,19.08403189913558,Completed,High,Closed,Org line G4,,se,S33 2nd,PROD374,Sweden
254,Accepted-In Progress,Value 15,18.899896399393228,Accepted,Low,In Progress,Org line G4,,se,S28 2nd,PROD633,Sweden
254,,,,,,,,,,,,
254,Accepted-Wait,Value 15,19.04321527045702,Accepted,Low,Wait,Org line G4,,se,S28 2nd,PROD633,Sweden
254,,,,,,,,,,,,
255,Accepted-In Progress,Value 108,18.899944633086267,Accepted,Medium,In Progress,Org line G4,,se,S33 2nd,PROD374,Sweden
255,,,,,,,,,,,,
255,Accepted-Wait,Value 108,18.936504470367655,Accepted,Medium,Wait,Org line G4,,se,S33 2nd,PROD374,Sweden
255,,,,,,,,,,,,
255,Accepted-Assigned,Value 76,19.020082535783597,Accepted,Medium,Assigned,Org line G4,,se,S33 2nd,PROD374,Sweden
255,,,,,,,,,,,,
255,Completed-Closed,Value 76,19.06514085727821,Completed,Medium,Closed,Org line G4,,se,S33 2nd,PROD374,Sweden
256,Accepted-In Progress,Value 132,18.901042306613622,Accepted,Medium,In Progress,Org line G4,,se,S33 2nd,PROD374,Sweden
256,,,,,,,,,,,,
256,Accepted-Wait,Value 132,19.057838547082945,Accepted,Medium,Wait,Org line G4,,se,S33 2nd,PROD374,Sweden
256,,,,,,,,,,,,
257,Accepted-In Progress,Value 162,18.902556513370403,Accepted,Medium,In Progress,Org line A2,D_1,in,L50 3rd,PROD611,Sweden
257,,,,,,,,,,,,
258,Accepted-In Progress,Value 163,18.903628140039967,Accepted,High,In Progress,Org line A2,A2_5,fr,V5 3rd,PROD230,France
258,,,,,,,,,,,,
259,Accepted-In Progress,Value 163,18.90362835597674,Accepted,High,In Progress,Org line A2,A2_5,fr,V5 3rd,PROD230,France
259,,,,,,,,,,,,
260,Accepted-In Progress,Value 46,18.904056374395456,Accepted,Medium,In Progress,Org line G3,,us,G199 3rd,PROD97,USA
260,,,,,,,,,,,,
260,Accepted-In Progress,Value 74,18.90406207883688,Accepted,Medium,In Progress,Org line G3,,us,G199 3rd,PROD97,Sweden
260,,,,,,,,,,,,
260,Accepted-In Progress,Value 43,19.080985983664533,Accepted,Medium,In Progress,Org line G3,,us,G199 3rd,PROD97,POLAND
260,,,,,,,,,,,,
261,Accepted-In Progress,Value 46,18.90409607663287,Accepted,Medium,In Progress,Org line G3,,us,G199 3rd,PROD97,USA
261,,,,,,,,,,,,
261,Accepted-In Progress,Value 74,18.904099042828708,Accepted,Medium,In Progress,Org line G3,,us,G199 3rd,PROD97,Sweden
261,,,,,,,,,,,,
261,Accepted-In Progress,Value 43,19.067439764469803,Accepted,Medium,In Progress,Org line G3,,us,G199 3rd,PROD97,POLAND
261,,,,,,,,,,,,
262,Accepted-In Progress,Value 8,18.9062303988588,Accepted,High,In Progress,Org line G4,,se,S33 2nd,PROD374,Sweden
262,,,,,,,,,,,,
263,Accepted-In Progress,Value 164,18.906231340357422,Accepted,Medium,In Progress,Org line G4,,se,S33 2nd,PROD745,Sweden
263,,,,,,,,,,,,
263,Accepted-Assigned,Value 164,19.058389366166793,Accepted,Medium,Assigned,Org line G4,,se,S33 2nd,PROD745,Sweden
263,,,,,,,,,,,,
264,Accepted-In Progress,Value 46,18.906421714089937,Accepted,Medium,In Progress,Org line G3,,us,G199 3rd,PROD96,USA
264,,,,,,,,,,,,
264,Accepted-In Progress,Value 78,18.912025632369403,Accepted,Medium,In Progress,Org line G3,,us,G199 3rd,PROD96,Sweden
264,,,,,,,,,,,,
264,Accepted-In Progress,Value 43,19.06743654346078,Accepted,Medium,In Progress,Org line G3,,us,G199 3rd,PROD96,POLAND
264,,,,,,,,,,,,
265,Accepted-Wait,Value 143,18.90777981609079,Accepted,Medium,Wait,Org line A2,A2_1,gb,G42 3rd,PROD236,United Kingdom
265,,,,,,,,,,,,
265,Completed-Closed,Value 143,19.109564991109394,Completed,Medium,Closed,Org line A2,A2_1,gb,G42 3rd,PROD236,United Kingdom
266,Accepted-In Progress,Value 139,18.909999682019016,Accepted,Medium,In Progress,Org line G4,,se,S33 2nd,PROD374,Sweden
266,,,,,,,,,,,,
267,Accepted-In Progress,Value 46,18.910340825595565,Accepted,Medium,In Progress,Org line G3,,us,G199 3rd,PROD97,USA
267,,,,,,,,,,,,
267,Accepted-In Progress,Value 74,18.91045473894447,Accepted,Medium,In Progress,Org line G3,,us,G199 3rd,PROD97,Sweden
267,,,,,,,,,,,,
267,Accepted-In Progress,Value 43,19.068971725395315,Accepted,Medium,In Progress,Org line G3,,us,G199 3rd,PROD97,POLAND
267,,,,,,,,,,,,
268,Accepted-In Progress,Value 165,18.91065448646772,Accepted,High,In Progress,Org line C,V3_3,se,N22 2nd,PROD835,USA
268,,,,,,,,,,,,
268,Queued-Awaiting Assignment,Value 166,18.91535418065039,Queued,High,Awaiting Assignment,Org line C,E_1,se,G294 2nd,PROD835,Sweden
268,,,,,,,,,,,,
268,Accepted-Wait,Value 165,18.915379540663256,Accepted,High,Wait,Org line C,V3_3,se,N22 2nd,PROD835,USA
268,,,,,,,,,,,,
268,Accepted-In Progress,Value 166,18.922090491159047,Accepted,High,In Progress,Org line C,E_1,se,G294 2nd,PROD835,Sweden
268,,,,,,,,,,,,
269,Accepted-In Progress,Value 38,18.91151952485553,Accepted,Low,In Progress,Org line A2,A2_3,se,G354 3rd,PROD729,Sweden
269,,,,,,,,,,,,
270,Accepted-In Progress,Value 163,18.912111146541033,Accepted,Medium,In Progress,Org line A2,A2_5,fr,V5 3rd,PROD230,France
270,,,,,,,,,,,,
271,Accepted-In Progress,Value 76,18.914791222799412,Accepted,Low,In Progress,Org line G4,,se,S33 2nd,PROD374,Sweden
271,,,,,,,,,,,,
271,Completed-Closed,Value 76,19.06435006543493,Completed,Low,Closed,Org line G4,,se,S33 2nd,PROD374,Sweden
272,Accepted-In Progress,Value 46,18.91477987462625,Accepted,Medium,In Progress,Org line G3,,us,G199 3rd,PROD96,USA
272,,,,,,,,,,,,
272,Accepted-In Progress,Value 78,18.914918496552,Accepted,Medium,In Progress,Org line G3,,us,G199 3rd,PROD96,Sweden
272,,,,,,,,,,,,
272,Accepted-In Progress,Value 43,19.067435338853112,Accepted,Medium,In Progress,Org line G3,,us,G199 3rd,PROD96,POLAND
272,,,,,,,,,,,,
273,Accepted-In Progress,Value 167,18.914775811216806,Accepted,Low,In Progress,Org line V2,,se,T10 2nd,PROD421,Sweden
273,,,,,,,,,,,,
274,Accepted-In Progress,Value 60,18.915260094810648,Accepted,High,In Progress,Org line G4,,se,S30 2nd,PROD412,Sweden
274,,,,,,,,,,,,
274,Accepted-Assigned,Value 88,19.067449904033722,Accepted,High,Assigned,Org line G4,,se,S30 2nd,PROD412,Sweden
274,,,,,,,,,,,,
274,Accepted-In Progress,Value 88,19.06782861852271,Accepted,High,In Progress,Org line G4,,se,S30 2nd,PROD412,Sweden
274,,,,,,,,,,,,
275,Accepted-In Progress,Value 28,18.91577151161146,Accepted,Medium,In Progress,Org line A2,A2_1,gb,G42 3rd,PROD236,United Kingdom
275,,,,,,,,,,,,
276,Accepted-In Progress,Value 168,18.915763258736447,Accepted,Medium,In Progress,Org line V11,,gb,V50 2nd,PROD158,United Kingdom
276,,,,,,,,,,,,
276,Completed-Closed,Value 168,19.105190367993725,Completed,Medium,Closed,Org line V11,,gb,V50 2nd,PROD158,United Kingdom
277,Accepted-In Progress,Value 168,18.918870097276802,Accepted,High,In Progress,Org line V11,,gb,V50 2nd,PROD158,United Kingdom
277,,,,,,,,,,,,
277,Accepted-In Progress,Value 168,19.105183322374256,Accepted,High,In Progress,Org line V11,,gb,V50 2nd,PROD158,United Kingdom
277,,,,,,,,,,,,
278,Accepted-In Progress,Value 46,18.918893320620665,Accepted,Medium,In Progress,Org line G3,,us,G199 3rd,PROD98,USA
278,,,,,,,,,,,,
278,Accepted-In Progress,Value 74,18.9189312594288,Accepted,Medium,In Progress,Org line G3,,us,G199 3rd,PROD98,Sweden
278,,,,,,,,,,,,
278,Accepted-In Progress,Value 43,19.07075605717526,Accepted,Medium,In Progress,Org line G3,,us,G199 3rd,PROD98,POLAND
278,,,,,,,,,,,,
279,Accepted-In Progress,Value 29,18.920968240186564,Accepted,High,In Progress,Org line A2,A2_1,gb,G42 3rd,PROD236,United Kingdom
279,,,,,,,,,,,,
279,Accepted-Assigned,Value 143,18.989819914468654,Accepted,High,Assigned,Org line A2,A2_1,gb,G42 3rd,PROD236,United Kingdom
279,,,,,,,,,,,,
279,Accepted-Wait,Value 143,19.02588799109302,Accepted,High,Wait,Org line A2,A2_1,gb,G42 3rd,PROD236,United Kingdom
279,,,,,,,,,,,,
280,Accepted-In Progress,Value 169,18.920965839012695,Accepted,Medium,In Progress,Org line A2,A2_4,fr,V36 3rd,PROD222,France
280,,,,,,,,,,,,
280,Accepted-In Progress,Value 169,19.105084280020225,Accepted,Medium,In Progress,Org line A2,A2_4,fr,V36 3rd,PROD222,France
280,,,,,,,,,,,,
281,Accepted-In Progress,Value 133,18.92140126066797,Accepted,Low,In Progress,Org line G4,,se,S33 2nd,PROD448,Sweden
281,,,,,,,,,,,,
282,Accepted-In Progress,Value 46,18.921449413661136,Accepted,Medium,In Progress,Org line G3,,us,G199 3rd,PROD97,USA
282,,,,,,,,,,,,
282,Accepted-In Progress,Value 74,18.921472607485054,Accepted,Medium,In Progress,Org line G3,,us,G199 3rd,PROD97,Sweden
282,,,,,,,,,,,,
282,Accepted-In Progress,Value 43,19.070761178045533,Accepted,Medium,In Progress,Org line G3,,us,G199 3rd,PROD97,POLAND
282,,,,,,,,,,,,
283,Accepted-In Progress,Value 46,18.921509981924675,Accepted,Medium,In Progress,Org line G3,,us,G199 3rd,PROD97,USA
283,,,,,,,,,,,,
283,Accepted-In Progress,Value 74,18.921512175743302,Accepted,Medium,In Progress,Org line G3,,us,G199 3rd,PROD97,Sweden
283,,,,,,,,,,,,
283,Accepted-In Progress,Value 43,19.067603058649773,Accepted,Medium,In Progress,Org line G3,,us,G199 3rd,PROD97,POLAND
283,,,,,,,,,,,,
284,Accepted-In Progress,Value 46,18.921511848488898,Accepted,Medium,In Progress,Org line G3,,us,G199 3rd,PROD98,USA
284,,,,,,,,,,,,
284,Accepted-In Progress,Value 74,18.92158328437397,Accepted,Medium,In Progress,Org line G3,,us,G199 3rd,PROD98,Sweden
284,,,,,,,,,,,,
284,Accepted-In Progress,Value 43,19.058308332951608,Accepted,Medium,In Progress,Org line G3,,us,G199 3rd,PROD98,POLAND
284,,,,,,,,,,,,
285,Accepted-In Progress,Value 168,18.921603130136283,Accepted,Medium,In Progress,Org line V11,,gb,V50 2nd,PROD158,United Kingdom
285,,,,,,,,,,,,
285,Completed-Closed,Value 168,19.105184078885525,Completed,Medium,Closed,Org line V11,,gb,V50 2nd,PROD158,United Kingdom
286,Accepted-In Progress,Value 39,18.922047178315477,Accepted,Major,In Progress,Org line A2,A2_3,se,M3 2nd,PROD655,Sweden
286,,,,,,,,,,,,
286,Completed-Closed,Value 39,19.096325298284672,Completed,Major,Closed,Org line A2,A2_3,se,M3 2nd,PROD655,Sweden
287,Accepted-In Progress,Value 170,18.922092780612488,Accepted,High,In Progress,Org line A2,A2_3,se,M3 2nd,PROD655,INDIA
287,,,,,,,,,,,,
287,Accepted-Wait,Value 170,19.071385023282264,Accepted,High,Wait,Org line A2,A2_3,se,M3 2nd,PROD655,INDIA
287,,,,,,,,,,,,
288,Accepted-In Progress,Value 164,18.9221263465477,Accepted,High,In Progress,Org line A2,A2_4,se,G105 2nd,PROD337,Sweden
288,,,,,,,,,,,,
288,Completed-Closed,Value 164,19.096462387597416,Completed,High,Closed,Org line A2,A2_4,se,G105 2nd,PROD337,Sweden
289,Accepted-In Progress,Value 168,18.922550662840738,Accepted,Medium,In Progress,Org line V11,,gb,V50 2nd,PROD158,United Kingdom
289,,,,,,,,,,,,
289,Completed-Closed,Value 168,19.105190700856408,Completed,Medium,Closed,Org line V11,,gb,V50 2nd,PROD158,United Kingdom
290,Accepted-In Progress,Value 168,18.922590085552518,Accepted,Medium,In Progress,Org line V11,,gb,V50 2nd,PROD158,United Kingdom
290,,,,,,,,,,,,
290,Completed-Closed,Value 168,19.10518448740137,Completed,Medium,Closed,Org line V11,,gb,V50 2nd,PROD158,United Kingdom
291,Accepted-In Progress,Value 76,18.92304314748786,Accepted,High,In Progress,Org line C,E_6,se,G48 2nd,PROD98,Sweden
291,,,,,,,,,,,,
291,Accepted-In Progress,Value 76,19.07729446066819,Accepted,High,In Progress,Org line C,E_6,se,G48 2nd,PROD98,Sweden
291,,,,,,,,,,,,
292,Accepted-In Progress,Value 168,18.923074218863473,Accepted,Medium,In Progress,Org line V11,,gb,V50 2nd,PROD158,United Kingdom
292,,,,,,,,,,,,
292,Completed-Closed,Value 168,19.105184805135803,Completed,Medium,Closed,Org line V11,,gb,V50 2nd,PROD158,United Kingdom
293,Accepted-In Progress,Value 119,18.923166664867267,Accepted,Major,In Progress,Org line A2,A2_3,se,M3 2nd,PROD234,Sweden
293,,,,,,,,,,,,
293,Accepted-In Progress,Value 39,19.099528645377536,Accepted,Major,In Progress,Org line A2,A2_3,se,M3 2nd,PROD234,Sweden
293,,,,,,,,,,,,
294,Accepted-In Progress,Value 133,18.924696877676627,Accepted,Low,In Progress,Org line G4,,se,S33 2nd,PROD374,Sweden
294,,,,,,,,,,,,
294,Accepted-Wait,Value 133,19.071673579265216,Accepted,Low,Wait,Org line G4,,se,S33 2nd,PROD374,Sweden
294,,,,,,,,,,,,
295,Accepted-In Progress,Value 171,18.924826448653953,Accepted,Medium,In Progress,Org line C,C_3,gb,G94 3rd,PROD793,United Kingdom
295,,,,,,,,,,,,
295,Accepted-In Progress,Value 171,19.074632450240525,Accepted,Medium,In Progress,Org line C,C_3,gb,G94 3rd,PROD793,United Kingdom
295,,,,,,,,,,,,
296,Accepted-In Progress,Value 50,18.92515227717437,Accepted,Low,In Progress,Org line A2,A2_1,pl,W9 2nd,PROD756,POLAND
296,,,,,,,,,,,,
296,Accepted-Assigned,Value 50,18.967517651543282,Accepted,Low,Assigned,Org line A2,A2_1,pl,W9 2nd,PROD756,POLAND
296,,,,,,,,,,,,
296,Accepted-In Progress,Value 172,18.995229264449755,Accepted,Low,In Progress,Org line A2,A2_1,pl,W15 2nd,PROD756,POLAND
296,,,,,,,,,,,,
296,Accepted-In Progress,Value 173,19.032893828837175,Accepted,Low,In Progress,Org line A2,A2_1,pl,W15 2nd,PROD756,POLAND
296,,,,,,,,,,,,
296,Accepted-In Progress,Value 173,19.039006313163316,Accepted,Low,In Progress,Org line A2,A2_1,pl,W15 2nd,PROD756,POLAND
296,,,,,,,,,,,,
296,Completed-Closed,Value 173,19.078165601173836,Completed,Low,Closed,Org line A2,A2_1,pl,W15 2nd,PROD756,POLAND
297,Accepted-In Progress,Value 58,18.925185263567794,Accepted,Medium,In Progress,Org line G4,,be,G51 2nd,PROD816,Sweden
297,,,,,,,,,,,,
297,Accepted-In Progress,Value 116,19.06431592162999,Accepted,Medium,In Progress,Org line G4,,be,G51 2nd,PROD816,Sweden
297,,,,,,,,,,,,
297,Accepted-In Progress,Value 77,19.066136157883374,Accepted,Medium,In Progress,Org line C,E_1,be,G55 2nd,PROD816,Belgium
297,,,,,,,,,,,,
298,Accepted-In Progress,Value 174,18.92541869739747,Accepted,Major,In Progress,Org line C,C_5,in,G120 3rd,PROD604,Sweden
298,,,,,,,,,,,,
298,Queued-Awaiting Assignment,Value 156,18.926843360780275,Queued,Major,Awaiting Assignment,Org line C,E_8,in,G181 2nd,PROD604,INDIA
298,,,,,,,,,,,,
298,Accepted-In Progress,Value 175,18.96862185297208,Accepted,Major,In Progress,Org line C,E_8,in,G181 2nd,PROD604,INDIA
298,,,,,,,,,,,,
298,Accepted-In Progress,Value 175,18.968626235255424,Accepted,Major,In Progress,Org line C,E_8,in,G181 2nd,PROD604,INDIA
298,,,,,,,,,,,,
298,Accepted-In Progress,Value 176,18.986320817954045,Accepted,Major,In Progress,Org line C,E_7,in,G157 2nd,PROD604,INDIA
298,,,,,,,,,,,,
298,Accepted-In Progress,Value 176,19.05871129363767,Accepted,Major,In Progress,Org line C,E_7,in,G157 2nd,PROD604,INDIA
298,,,,,,,,,,,,
298,Accepted-In Progress,Value 176,19.088090177083743,Accepted,Major,In Progress,Org line C,E_7,in,G157 2nd,PROD604,INDIA
298,,,,,,,,,,,,
299,Accepted-In Progress,Value 60,18.9262192515193,Accepted,Medium,In Progress,Org line G4,,se,S30 2nd,PROD412,Sweden
299,,,,,,,,,,,,
299,Completed-Closed,Value 60,19.07739074533134,Completed,Medium,Closed,Org line G4,,se,S30 2nd,PROD412,Sweden
300,Accepted-In Progress,Value 46,18.92625409665954,Accepted,Medium,In Progress,Org line G3,,us,G199 3rd,PROD98,USA
300,,,,,,,,,,,,
300,Accepted-In Progress,Value 78,18.926288355540994,Accepted,Medium,In Progress,Org line G3,,us,G199 3rd,PROD98,Sweden
300,,,,,,,,,,,,
300,Accepted-In Progress,Value 43,19.067439534023972,Accepted,Medium,In Progress,Org line G3,,us,G199 3rd,PROD98,POLAND
300,,,,,,,,,,,,
301,Accepted-In Progress,Value 46,18.926270991018715,Accepted,Medium,In Progress,Org line G3,,us,G199 3rd,PROD98,USA
301,,,,,,,,,,,,
301,Accepted-In Progress,Value 78,18.926289145652756,Accepted,Medium,In Progress,Org line G3,,us,G199 3rd,PROD98,Sweden
301,,,,,,,,,,,,
301,Accepted-In Progress,Value 43,19.06760409024948,Accepted,Medium,In Progress,Org line G3,,us,G199 3rd,PROD98,POLAND
301,,,,,,,,,,,,
302,Accepted-In Progress,Value 46,18.926751826780574,Accepted,Medium,In Progress,Org line G3,,us,G199 3rd,PROD97,USA
302,,,,,,,,,,,,
302,Accepted-In Progress,Value 78,18.926770099285594,Accepted,Medium,In Progress,Org line G3,,us,G199 3rd,PROD97,Sweden
302,,,,,,,,,,,,
302,Queued-Awaiting Assignment,Value 72,18.930351242818396,Queued,Medium,Awaiting Assignment,Org line A2,A2_2,us,G21 2nd,PROD97,Sweden
302,,,,,,,,,,,,
302,Accepted-Assigned,Value 73,18.931951416669378,Accepted,Medium,Assigned,Org line A2,A2_2,us,G21 2nd,PROD97,INDIA
302,,,,,,,,,,,,
302,Queued-Awaiting Assignment,Value 46,18.933913609984373,Queued,Medium,Awaiting Assignment,Org line G3,,us,G199 3rd,PROD97,USA
302,,,,,,,,,,,,
302,Accepted-Assigned,Value 46,18.934000702277793,Accepted,Medium,Assigned,Org line G3,,us,G199 3rd,PROD97,USA
302,,,,,,,,,,,,
302,Completed-Closed,Value 43,19.07077156064698,Completed,Medium,Closed,Org line G3,,us,G199 3rd,PROD97,POLAND
303,Accepted-In Progress,Value 46,18.926762232081703,Accepted,Medium,In Progress,Org line G3,,us,G199 3rd,PROD97,USA
303,,,,,,,,,,,,
303,Accepted-In Progress,Value 78,18.926768242510484,Accepted,Medium,In Progress,Org line G3,,us,G199 3rd,PROD97,Sweden
303,,,,,,,,,,,,
303,Accepted-In Progress,Value 43,19.068970308230362,Accepted,Medium,In Progress,Org line G3,,us,G199 3rd,PROD97,POLAND
303,,,,,,,,,,,,
304,Accepted-In Progress,Value 46,18.928242647573157,Accepted,Medium,In Progress,Org line G3,,us,G199 3rd,PROD96,USA
304,,,,,,,,,,,,
304,Accepted-In Progress,Value 78,18.928287173668917,Accepted,Medium,In Progress,Org line G3,,us,G199 3rd,PROD96,Sweden
304,,,,,,,,,,,,
304,Accepted-In Progress,Value 43,19.067436915317636,Accepted,Medium,In Progress,Org line G3,,us,G199 3rd,PROD96,POLAND
304,,,,,,,,,,,,
305,Accepted-In Progress,Value 46,18.92871686266429,Accepted,Medium,In Progress,Org line G3,,us,G199 3rd,PROD98,USA
305,,,,,,,,,,,,
305,Accepted-In Progress,Value 78,18.928773274218603,Accepted,Medium,In Progress,Org line G3,,us,G199 3rd,PROD98,Sweden
305,,,,,,,,,,,,
305,Accepted-In Progress,Value 43,19.059704523886225,Accepted,Medium,In Progress,Org line G3,,us,G199 3rd,PROD98,POLAND
305,,,,,,,,,,,,
306,Accepted-In Progress,Value 178,18.929306163042234,Accepted,Low,In Progress,Org line C,E_4,us,G88 2nd,PROD348,France
306,,,,,,,,,,,,
307,Accepted-In Progress,Value 123,18.929362625544197,Accepted,Medium,In Progress,Org line C,C_6,se,G141 3rd,PROD660,Sweden
307,,,,,,,,,,,,
307,Accepted-In Progress,Value 106,19.07189332168959,Accepted,Medium,In Progress,Org line C,C_6,se,G141 3rd,PROD660,Sweden
307,,,,,,,,,,,,
307,Completed-Closed,Value 106,19.103375043001712,Completed,Medium,Closed,Org line C,C_6,se,G141 3rd,PROD660,Sweden
308,Accepted-In Progress,Value 179,18.929347611279486,Accepted,Low,In Progress,Org line A2,A2_2,se,G40,PROD215,Sweden
308,,,,,,,,,,,,
308,Queued-Awaiting Assignment,Value 57,18.929355139485246,Queued,Low,Awaiting Assignment,Org line A2,A2_2,se,G39 3rd,PROD215,Sweden
308,,,,,,,,,,,,
308,Accepted-In Progress,Value 179,18.936459681777972,Accepted,Low,In Progress,Org line A2,A2_2,se,G40,PROD215,Sweden
308,,,,,,,,,,,,
308,Accepted-In Progress,Value 57,18.936526816150643,Accepted,Low,In Progress,Org line A2,A2_2,se,G39 3rd,PROD215,Sweden
308,,,,,,,,,,,,
308,Completed-Closed,Value 57,19.10028919309401,Completed,Low,Closed,Org line A2,A2_2,se,G39 3rd,PROD215,Sweden
309,Accepted-In Progress,Value 46,18.929369522289473,Accepted,Medium,In Progress,Org line G3,,us,G199 3rd,PROD97,USA
309,,,,,,,,,,,,
309,Accepted-In Progress,Value 78,18.929824373959608,Accepted,Medium,In Progress,Org line G3,,us,G199 3rd,PROD97,Sweden
309,,,,,,,,,,,,
309,Queued-Awaiting Assignment,Value 72,18.93035093045774,Queued,Medium,Awaiting Assignment,Org line A2,A2_2,us,G21 2nd,PROD97,Sweden
309,,,,,,,,,,,,
309,Accepted-Assigned,Value 73,18.93195146464802,Accepted,Medium,Assigned,Org line A2,A2_2,us,G21 2nd,PROD97,INDIA
309,,,,,,,,,,,,
309,Queued-Awaiting Assignment,Value 46,18.933913681811255,Queued,Medium,Awaiting Assignment,Org line G3,,us,G199 3rd,PROD97,USA
309,,,,,,,,,,,,
309,Accepted-Assigned,Value 46,18.934000002026387,Accepted,Medium,Assigned,Org line G3,,us,G199 3rd,PROD97,USA
309,,,,,,,,,,,,
309,Completed-Closed,Value 43,19.070765547207692,Completed,Medium,Closed,Org line G3,,us,G199 3rd,PROD97,POLAND
310,Accepted-In Progress,Value 57,18.929407041674644,Accepted,Low,In Progress,Org line A2,A2_2,se,G39 3rd,PROD215,Sweden
310,,,,,,,,,,,,
310,Accepted-In Progress,Value 57,18.93389016421649,Accepted,Low,In Progress,Org line A2,A2_2,se,G39 3rd,PROD215,Sweden
310,,,,,,,,,,,,
311,Accepted-In Progress,Value 180,18.92940997582362,Accepted,High,In Progress,Org line B,E_6,br,S16,PROD132,Brazil
311,,,,,,,,,,,,
311,Queued-Awaiting Assignment,Value 180,19.012219621602448,Queued,High,Awaiting Assignment,Org line B,E_6,br,S16,PROD132,Brazil
311,,,,,,,,,,,,
311,Completed-Closed,Value 180,19.012663581483803,Completed,High,Closed,Org line B,E_6,br,S16,PROD132,Brazil
311,,Value 181,,,,,,,,,,
311,Queued-Awaiting Assignment,Value 135,19.013526070003405,Queued,High,Awaiting Assignment,Org line A2,A2_2,br,S2 2nd,PROD132,Brazil
311,,,,,,,,,,,,
311,Queued-Awaiting Assignment,Value 180,19.013535173792093,Queued,High,Awaiting Assignment,Org line B,E_6,br,S16,PROD132,Brazil
311,,,,,,,,,,,,
311,Completed-Closed,Value 180,19.01930182074002,Completed,High,Closed,Org line B,E_6,br,S16,PROD132,Brazil
311,,,,,,,,,,,,
311,Accepted-Wait,Value 182,19.022616459488756,Accepted,High,Wait,Org line A2,A2_2,br,S2 2nd,PROD132,Brazil
311,,,,,,,,,,,,
311,Accepted-Wait,Value 182,19.02348151976745,Accepted,High,Wait,Org line A2,A2_2,br,S2 2nd,PROD132,Brazil
311,,,,,,,,,,,,
311,Accepted-Assigned,Value 184,19.068338319250834,Accepted,High,Assigned,Org line A2,A2_3,br,S3 2nd,PROD132,Brazil
311,,,,,,,,,,,,
311,Completed-Closed,Value 183,19.068338852986155,Completed,High,Closed,Org line A2,A2_3,br,S3 2nd,PROD132,Brazil
312,Accepted-In Progress,Value 163,18.929766152421664,Accepted,High,In Progress,Org line A2,A2_5,fr,V5 3rd,PROD230,France
312,,,,,,,,,,,,
313,Accepted-In Progress,Value 8,18.931779602386364,Accepted,High,In Progress,Org line G4,,se,S33 2nd,PROD374,Sweden
313,,,,,,,,,,,,
313,Completed-Closed,Value 8,19.06559792816958,Completed,High,Closed,Org line G4,,se,S33 2nd,PROD374,Sweden
314,Accepted-In Progress,Value 46,18.932028575344216,Accepted,Medium,In Progress,Org line G3,,us,G199 3rd,PROD96,USA
314,,,,,,,,,,,,
314,Accepted-In Progress,Value 78,18.932031735688433,Accepted,Medium,In Progress,Org line G3,,us,G199 3rd,PROD96,Sweden
314,,,,,,,,,,,,
314,Accepted-In Progress,Value 43,19.067494132489106,Accepted,Medium,In Progress,Org line G3,,us,G199 3rd,PROD96,POLAND
314,,,,,,,,,,,,
315,Accepted-In Progress,Value 2,18.932534439071855,Accepted,High,In Progress,Org line A2,A2_2,cn,M1 2nd,PROD753,Sweden
315,,,,,,,,,,,,
315,Completed-Closed,Value 2,19.120232098940864,Completed,High,Closed,Org line A2,A2_2,cn,M1 2nd,PROD753,Sweden
316,Accepted-In Progress,Value 46,18.93298023304505,Accepted,Medium,In Progress,Org line G3,,us,G199 3rd,PROD96,USA
316,,,,,,,,,,,,
316,Accepted-In Progress,Value 78,18.932991298662483,Accepted,Medium,In Progress,Org line G3,,us,G199 3rd,PROD96,Sweden
316,,,,,,,,,,,,
316,Accepted-In Progress,Value 43,19.070758265260153,Accepted,Medium,In Progress,Org line G3,,us,G199 3rd,PROD96,POLAND
316,,,,,,,,,,,,
317,Accepted-In Progress,Value 46,18.93344219479547,Accepted,Medium,In Progress,Org line G3,,us,G199 3rd,PROD97,USA
317,,,,,,,,,,,,
317,Accepted-In Progress,Value 78,18.93344554829176,Accepted,Medium,In Progress,Org line G3,,us,G199 3rd,PROD97,Sweden
317,,,,,,,,,,,,
317,Accepted-In Progress,Value 43,19.06760614820917,Accepted,Medium,In Progress,Org line G3,,us,G199 3rd,PROD97,POLAND
317,,,,,,,,,,,,
318,Accepted-In Progress,Value 185,18.93350640031909,Accepted,Medium,In Progress,Org line A2,D_1,pl,G197 2nd,PROD604,POLAND
318,,,,,,,,,,,,
319,Accepted-In Progress,Value 25,18.933542698987797,Accepted,Medium,In Progress,Org line A2,D_1,kr,V17 3rd,PROD604,POLAND
319,,,,,,,,,,,,
320,Accepted-In Progress,Value 106,18.935465021897354,Accepted,Low,In Progress,Org line G4,,se,S28 2nd,PROD108,Sweden
320,,,,,,,,,,,,
321,Accepted-In Progress,Value 104,18.935932509883223,Accepted,Major,In Progress,Org line C,E_8,in,G186 2nd,PROD436,Sweden
321,,,,,,,,,,,,
321,Accepted-In Progress,Value 186,19.03522624306158,Accepted,Major,In Progress,Org line C,E_8,in,G181 2nd,PROD436,INDIA
321,,,,,,,,,,,,
321,Accepted-Wait,Value 187,19.058717480385358,Accepted,Major,Wait,Org line C,E_8,in,G181 2nd,PROD436,INDIA
321,,,,,,,,,,,,
322,Accepted-In Progress,Value 46,18.93614200254138,Accepted,Medium,In Progress,Org line G3,,us,G199 3rd,PROD98,USA
322,,,,,,,,,,,,
322,Accepted-In Progress,Value 78,18.93643291632459,Accepted,Medium,In Progress,Org line G3,,us,G199 3rd,PROD98,Sweden
322,,,,,,,,,,,,
322,Accepted-In Progress,Value 43,19.070761611308583,Accepted,Medium,In Progress,Org line G3,,us,G199 3rd,PROD98,POLAND
322,,,,,,,,,,,,
323,Accepted-In Progress,Value 188,18.93654287519472,Accepted,Medium,In Progress,Org line A2,A2_4,se,G18 3rd,PROD67,INDIA
323,,,,,,,,,,,,
323,Accepted-In Progress,Value 189,18.947298558069548,Accepted,Medium,In Progress,Org line A2,A2_4,se,G18 3rd,PROD67,Sweden
323,,,,,,,,,,,,
323,Accepted-Assigned,Value 190,19.036182435795368,Accepted,Medium,Assigned,Org line A2,A2_4,se,G18 3rd,PROD67,Sweden
323,,,,,,,,,,,,
323,Completed-Closed,Value 190,19.058832443375454,Completed,Medium,Closed,Org line A2,A2_4,se,G18 3rd,PROD67,Sweden
324,Accepted-In Progress,Value 128,18.936609042899768,Accepted,Medium,In Progress,Org line A2,A2_4,se,M13 2nd,PROD563,Sweden
324,,,,,,,,,,,,
324,Completed-Closed,Value 128,19.105595899176283,Completed,Medium,Closed,Org line A2,A2_4,se,M13 2nd,PROD563,Sweden
325,Accepted-In Progress,Value 46,18.936652045978853,Accepted,Medium,In Progress,Org line G3,,us,G199 3rd,PROD98,USA
325,,,,,,,,,,,,
325,Accepted-In Progress,Value 43,19.06743577879695,Accepted,Medium,In Progress,Org line G3,,us,G199 3rd,PROD98,POLAND
325,,,,,,,,,,,,
326,Accepted-In Progress,Value 46,18.937048668754706,Accepted,Medium,In Progress,Org line G3,,us,G199 3rd,PROD97,USA
326,,,,,,,,,,,,
326,Accepted-In Progress,Value 78,18.937069236234382,Accepted,Medium,In Progress,Org line G3,,us,G199 3rd,PROD97,Sweden
326,,,,,,,,,,,,
326,Accepted-In Progress,Value 43,19.070673347051144,Accepted,Medium,In Progress,Org line G3,,us,G199 3rd,PROD97,POLAND
326,,,,,,,,,,,,
327,Accepted-In Progress,Value 46,18.93712511296347,Accepted,Medium,In Progress,Org line G3,,us,G199 3rd,PROD97,USA
327,,,,,,,,,,,,
327,Accepted-In Progress,Value 78,18.937470518758193,Accepted,Medium,In Progress,Org line G3,,us,G199 3rd,PROD97,Sweden
327,,,,,,,,,,,,
327,Accepted-In Progress,Value 43,19.070663877025865,Accepted,Medium,In Progress,Org line G3,,us,G199 3rd,PROD97,POLAND
327,,,,,,,,,,,,
328,Accepted-In Progress,Value 46,18.93711412282732,Accepted,Medium,In Progress,Org line G3,,us,G199 3rd,PROD98,USA
328,,,,,,,,,,,,
328,Accepted-In Progress,Value 78,18.937469516751662,Accepted,Medium,In Progress,Org line G3,,us,G199 3rd,PROD98,Sweden
328,,,,,,,,,,,,
328,Accepted-In Progress,Value 43,19.07469744648772,Accepted,Medium,In Progress,Org line G3,,us,G199 3rd,PROD98,POLAND
328,,,,,,,,,,,,
329,Accepted-In Progress,Value 76,18.937583154592186,Accepted,Medium,In Progress,Org line A2,A2_4,se,M13 2nd,PROD563,Sweden
329,,,,,,,,,,,,
330,Accepted-In Progress,Value 103,18.939193807490398,Accepted,Low,In Progress,Org line C,C_6,se,G141 3rd,PROD434,Sweden
330,,,,,,,,,,,,
330,Accepted-In Progress,Value 103,18.939203482778414,Accepted,Low,In Progress,Org line C,C_6,se,G141 3rd,PROD434,Sweden
330,,,,,,,,,,,,
330,Queued-Awaiting Assignment,Value 77,18.93920750767066,Queued,Low,Awaiting Assignment,Org line C,C_6,se,G250 3rd,PROD434,Sweden
330,,,,,,,,,,,,
330,Accepted-Assigned,Value 2,18.940120786836687,Accepted,Low,Assigned,Org line C,C_6,se,G250 3rd,PROD434,Sweden
330,,,,,,,,,,,,
330,Accepted-Wait,Value 2,19.020181354142125,Accepted,Low,Wait,Org line C,C_6,se,G250 3rd,PROD434,Sweden
330,,,,,,,,,,,,
331,Accepted-In Progress,Value 191,18.93956991377144,Accepted,Medium,In Progress,Org line V2,,se,T10 2nd,PROD205,Sweden
331,,,,,,,,,,,,
332,Accepted-In Progress,Value 132,18.939541457747364,Accepted,Medium,In Progress,Org line G4,,se,S33 2nd,PROD374,Sweden
332,,,,,,,,,,,,
332,Accepted-Wait,Value 132,19.020307449231,Accepted,Medium,Wait,Org line G4,,se,S33 2nd,PROD374,Sweden
332,,,,,,,,,,,,
333,Accepted-Assigned,Value 13,18.939601630481338,Accepted,Medium,Assigned,Org line C,C_2,be,G58 3rd,PROD330,Sweden
333,,,,,,,,,,,,
333,Accepted-Assigned,Value 193,19.01292191169768,Accepted,Medium,Assigned,Org line C,C_2,be,G58 3rd,PROD330,Belgium
333,,,,,,,,,,,,
333,Completed-Closed,Value 193,19.099103109578007,Completed,Medium,Closed,Org line C,C_2,be,G58 3rd,PROD330,Belgium
334,Accepted-In Progress,Value 100,18.940656826283714,Accepted,Medium,In Progress,Org line A2,D_1,in,L50 3rd,PROD611,Sweden
334,,,,,,,,,,,,
334,Accepted-Assigned,Value 194,19.094267556768916,Accepted,Medium,Assigned,Org line A2,D_1,in,L50 3rd,PROD611,INDIA
334,,,,,,,,,,,,
334,Completed-Closed,Value 194,19.11216798257067,Completed,Medium,Closed,Org line A2,D_1,in,L50 3rd,PROD611,INDIA
335,Accepted-In Progress,Value 120,18.941156229672888,Accepted,Low,In Progress,Org line A2,A2_3,se,N23 2nd,PROD76,Sweden
335,,,,,,,,,,,,
335,Accepted-Assigned,Value 120,18.971484978210263,Accepted,Low,Assigned,Org line A2,A2_3,se,N23 2nd,PROD76,Sweden
335,,,,,,,,,,,,
335,Completed-Closed,Value 195,19.061988670589656,Completed,Low,Closed,Org line A2,A2_3,se,N23 2nd,PROD76,Sweden
336,Accepted-In Progress,Value 168,18.941201753204428,Accepted,Medium,In Progress,Org line V11,,gb,V50 2nd,PROD158,United Kingdom
336,,,,,,,,,,,,
336,Completed-Closed,Value 168,19.10518876419924,Completed,Medium,Closed,Org line V11,,gb,V50 2nd,PROD158,United Kingdom
337,Accepted-In Progress,Value 46,18.941224897450294,Accepted,Medium,In Progress,Org line G3,,us,G199 3rd,PROD97,USA
337,,,,,,,,,,,,
337,Accepted-In Progress,Value 78,18.94261451319393,Accepted,Medium,In Progress,Org line G3,,us,G199 3rd,PROD97,Sweden
337,,,,,,,,,,,,
337,Accepted-In Progress,Value 43,19.0707566313822,Accepted,Medium,In Progress,Org line G3,,us,G199 3rd,PROD97,POLAND
337,,,,,,,,,,,,
338,Accepted-In Progress,Value 139,18.94129200382197,Accepted,Medium,In Progress,Org line G4,,se,S33 2nd,PROD374,Sweden
338,,,,,,,,,,,,
339,Accepted-In Progress,Value 139,18.942783431932853,Accepted,Medium,In Progress,Org line G4,,se,S33 2nd,PROD374,Sweden
339,,,,,,,,,,,,
340,Accepted-In Progress,Value 46,18.94324716799141,Accepted,Medium,In Progress,Org line G3,,us,G199 3rd,PROD97,USA
340,,,,,,,,,,,,
340,Accepted-In Progress,Value 78,18.943583115351945,Accepted,Medium,In Progress,Org line G3,,us,G199 3rd,PROD97,Sweden
340,,,,,,,,,,,,
340,Accepted-In Progress,Value 43,19.067605064246198,Accepted,Medium,In Progress,Org line G3,,us,G199 3rd,PROD97,POLAND
340,,,,,,,,,,,,
341,Accepted-In Progress,Value 60,18.94328430075611,Accepted,Low,In Progress,Org line G4,,se,S30 2nd,PROD410,Sweden
341,,,,,,,,,,,,
341,Completed-Closed,Value 60,19.0773915853894,Completed,Low,Closed,Org line G4,,se,S30 2nd,PROD410,Sweden
342,Accepted-In Progress,Value 46,18.943319931970624,Accepted,Medium,In Progress,Org line G3,,us,G199 3rd,PROD96,USA
342,,,,,,,,,,,,
342,Accepted-In Progress,Value 78,18.943580103935957,Accepted,Medium,In Progress,Org line G3,,us,G199 3rd,PROD96,Sweden
342,,,,,,,,,,,,
342,Accepted-In Progress,Value 43,19.07066343849992,Accepted,Medium,In Progress,Org line G3,,us,G199 3rd,PROD96,POLAND
342,,,,,,,,,,,,
343,Accepted-In Progress,Value 46,18.9433203411085,Accepted,Medium,In Progress,Org line G3,,us,G199 3rd,PROD96,USA
343,,,,,,,,,,,,
343,Accepted-In Progress,Value 78,18.943581959396095,Accepted,Medium,In Progress,Org line G3,,us,G199 3rd,PROD96,Sweden
343,,,,,,,,,,,,
343,Accepted-In Progress,Value 43,19.055083735760387,Accepted,Medium,In Progress,Org line G3,,us,G199 3rd,PROD96,POLAND
343,,,,,,,,,,,,
344,Accepted-In Progress,Value 60,18.943693085102847,Accepted,High,In Progress,Org line G4,,se,S30 2nd,PROD412,Sweden
344,,,,,,,,,,,,
344,Completed-Closed,Value 60,19.077387312494164,Completed,High,Closed,Org line G4,,se,S30 2nd,PROD412,Sweden
345,Accepted-In Progress,Value 133,18.94449726541896,Accepted,Low,In Progress,Org line G4,,se,S33 2nd,PROD374,Sweden
345,,,,,,,,,,,,
345,Completed-Closed,Value 133,19.071684249665612,Completed,Low,Closed,Org line G4,,se,S33 2nd,PROD374,Sweden
346,Accepted-In Progress,Value 31,18.94636076090742,Accepted,Medium,In Progress,Org line A2,A2_3,se,U6 2nd,PROD807,Sweden
346,,,,,,,,,,,,
346,Completed-Closed,Value 31,19.09331859876359,Completed,Medium,Closed,Org line A2,A2_3,se,U6 2nd,PROD807,Sweden
347,Accepted-In Progress,Value 196,18.946797220484907,Accepted,Medium,In Progress,Org line V2,,se,T13 2nd,PROD279,Sweden
347,,,,,,,,,,,,
347,Accepted-In Progress,Value 122,19.001958337403615,Accepted,Medium,In Progress,Org line V2,,se,T16 2nd,PROD279,Sweden
347,,,,,,,,,,,,
347,Completed-Closed,Value 122,19.100352249077698,Completed,Medium,Closed,Org line V2,,se,T16 2nd,PROD279,Sweden
348,Accepted-In Progress,Value 57,18.94687236772239,Accepted,Low,In Progress,Org line A2,A2_3,se,U6 2nd,PROD827,Sweden
348,,,,,,,,,,,,
348,Accepted-Assigned,Value 57,19.03887156026808,Accepted,Low,Assigned,Org line A2,A2_3,se,U6 2nd,PROD827,Sweden
348,,,,,,,,,,,,
348,Completed-Closed,Value 57,19.071536048161523,Completed,Low,Closed,Org line A2,A2_3,se,U6 2nd,PROD827,Sweden
349,Accepted-In Progress,Value 121,18.947411338421922,Accepted,Medium,In Progress,Org line A2,A2_3,se,U5 2nd,PROD228,Sweden
349,,,,,,,,,,,,
349,Accepted-In Progress,Value 121,19.055162809108595,Accepted,Medium,In Progress,Org line A2,A2_3,se,U5 2nd,PROD228,Sweden
349,,,,,,,,,,,,
350,Accepted-In Progress,Value 164,18.947441354738775,Accepted,High,In Progress,Org line A2,A2_4,se,G105 2nd,PROD337,Sweden
350,,,,,,,,,,,,
350,Completed-Closed,Value 164,19.096463181260514,Completed,High,Closed,Org line A2,A2_4,se,G105 2nd,PROD337,Sweden
351,Accepted-In Progress,Value 164,18.947935883051702,Accepted,High,In Progress,Org line A2,A2_4,se,G105 2nd,PROD337,Sweden
351,,,,,,,,,,,,
351,Completed-Closed,Value 164,19.096464778759966,Completed,High,Closed,Org line A2,A2_4,se,G105 2nd,PROD337,Sweden
352,Accepted-In Progress,Value 164,18.947937234661065,Accepted,High,In Progress,Org line A2,A2_4,se,G105 2nd,PROD337,Sweden
352,,,,,,,,,,,,
352,Completed-Closed,Value 164,19.09646519594093,Completed,High,Closed,Org line A2,A2_4,se,G105 2nd,PROD337,Sweden
353,Accepted-Wait,Value 44,18.9484711368072,Accepted,Major,Wait,Org line C,C_3,se,G62 3rd,PROD348,Sweden
353,,,,,,,,,,,,
353,Accepted-In Progress,Value 44,19.09643942197063,Accepted,Major,In Progress,Org line C,C_3,se,G292 3rd,PROD348,Sweden
353,,,,,,,,,,,,
353,Completed-Closed,Value 197,19.0964602915098,Completed,Major,Closed,Org line C,C_3,se,G62 3rd,PROD348,USA
354,Accepted-In Progress,Value 46,18.950404032718474,Accepted,Medium,In Progress,Org line G3,,us,G199 3rd,PROD98,USA
354,,,,,,,,,,,,
354,Accepted-In Progress,Value 78,18.950565971982456,Accepted,Medium,In Progress,Org line G3,,us,G199 3rd,PROD98,Sweden
354,,,,,,,,,,,,
354,Queued-Awaiting Assignment,Value 72,18.962245589495403,Queued,Medium,Awaiting Assignment,Org line A2,A2_2,us,G21 2nd,PROD98,Sweden
354,,,,,,,,,,,,
354,Queued-Awaiting Assignment,Value 46,18.96450833448884,Queued,Medium,Awaiting Assignment,Org line G3,,us,G199 3rd,PROD98,USA
354,,,,,,,,,,,,
354,Accepted-Assigned,Value 46,18.964860974246808,Accepted,Medium,Assigned,Org line G3,,us,G199 3rd,PROD98,USA
354,,,,,,,,,,,,
354,Completed-Closed,Value 43,19.068961224730575,Completed,Medium,Closed,Org line G3,,us,G199 3rd,PROD98,POLAND
355,Accepted-In Progress,Value 46,18.950969772779295,Accepted,Medium,In Progress,Org line G3,,us,G199 3rd,PROD97,USA
355,,,,,,,,,,,,
355,Accepted-In Progress,Value 74,18.9510726141376,Accepted,Medium,In Progress,Org line G3,,us,G199 3rd,PROD97,Sweden
355,,,,,,,,,,,,
355,Accepted-In Progress,Value 43,19.07077286564205,Accepted,Medium,In Progress,Org line G3,,us,G199 3rd,PROD97,POLAND
355,,,,,,,,,,,,
356,Accepted-In Progress,Value 46,18.950961593501148,Accepted,Medium,In Progress,Org line G3,,us,G199 3rd,PROD97,USA
356,,,,,,,,,,,,
356,Accepted-In Progress,Value 74,18.951071490341945,Accepted,Medium,In Progress,Org line G3,,us,G199 3rd,PROD97,Sweden
356,,,,,,,,,,,,
356,Accepted-In Progress,Value 78,18.96224293049653,Accepted,Medium,In Progress,Org line G3,,us,G199 3rd,PROD97,Sweden
356,,,,,,,,,,,,
356,Accepted-Assigned,Value 56,18.962246462250604,Accepted,Medium,Assigned,Org line A2,A2_2,us,G21 2nd,PROD97,Sweden
356,,,,,,,,,,,,
356,Queued-Awaiting Assignment,Value 46,18.968514278660425,Queued,Medium,Awaiting Assignment,Org line G3,,us,G199 3rd,PROD97,USA
356,,,,,,,,,,,,
356,Accepted-Assigned,Value 46,18.968742139100595,Accepted,Medium,Assigned,Org line G3,,us,G199 3rd,PROD97,USA
356,,,,,,,,,,,,
356,Completed-Closed,Value 43,19.067602891080174,Completed,Medium,Closed,Org line G3,,us,G199 3rd,PROD97,POLAND
357,Accepted-In Progress,Value 198,18.953554548341987,Accepted,Medium,In Progress,Org line A2,A2_1,gb,G42 3rd,PROD236,United Kingdom
357,,,,,,,,,,,,
357,Completed-Closed,Value 198,19.074648689298808,Completed,Medium,Closed,Org line A2,A2_1,gb,G42 3rd,PROD236,United Kingdom
358,Accepted-In Progress,Value 104,18.95417010401825,Accepted,Medium,In Progress,Org line C,E_8,in,G186 2nd,PROD756,Sweden
358,,,,,,,,,,,,
358,Queued-Awaiting Assignment,Value 104,18.965486940671774,Queued,Medium,Awaiting Assignment,Org line C,E_8,in,G186 2nd,PROD756,Sweden
358,,,,,,,,,,,,
358,Accepted-In Progress,Value 199,19.035229093530283,Accepted,Medium,In Progress,Org line C,E_8,in,G181 2nd,PROD756,INDIA
358,,,,,,,,,,,,
358,Accepted-Assigned,Value 186,19.055592155239236,Accepted,Medium,Assigned,Org line C,E_8,in,G181 2nd,PROD756,Sweden
358,,,,,,,,,,,,
358,Completed-Closed,Value 186,19.056567260739133,Completed,Medium,Closed,Org line C,E_8,in,G181 2nd,PROD756,Sweden
359,Accepted-In Progress,Value 191,18.954431772887858,Accepted,Medium,In Progress,Org line V2,,se,T10 2nd,PROD615,Sweden
359,,,,,,,,,,,,
359,Accepted-In Progress,Value 191,19.058829014910778,Accepted,Medium,In Progress,Org line V2,,se,T10 2nd,PROD615,Sweden
359,,,,,,,,,,,,
360,Accepted-In Progress,Value 46,18.954489015737636,Accepted,Medium,In Progress,Org line G3,,us,G199 3rd,PROD98,USA
360,,,,,,,,,,,,
360,Accepted-In Progress,Value 74,18.954969200048623,Accepted,Medium,In Progress,Org line G3,,us,G199 3rd,PROD98,Sweden
360,,,,,,,,,,,,
360,Accepted-In Progress,Value 43,19.070755488188052,Accepted,Medium,In Progress,Org line G3,,us,G199 3rd,PROD98,POLAND
360,,,,,,,,,,,,
361,Accepted-In Progress,Value 143,18.955061422315392,Accepted,Medium,In Progress,Org line A2,A2_1,gb,G42 3rd,PROD235,United Kingdom
361,,,,,,,,,,,,
361,Completed-Closed,Value 143,19.07461921648697,Completed,Medium,Closed,Org line A2,A2_1,gb,G42 3rd,PROD235,United Kingdom
362,Accepted-In Progress,Value 132,18.955566999187305,Accepted,Medium,In Progress,Org line G4,,se,S33 2nd,PROD374,Sweden
362,,,,,,,,,,,,
362,Completed-Closed,Value 132,19.057841466017283,Completed,Medium,Closed,Org line G4,,se,S33 2nd,PROD374,Sweden
363,Accepted-In Progress,Value 46,18.95742923981443,Accepted,Medium,In Progress,Org line G3,,us,G199 3rd,PROD97,USA
363,,,,,,,,,,,,
363,Accepted-In Progress,Value 74,18.95848502093534,Accepted,Medium,In Progress,Org line G3,,us,G199 3rd,PROD97,Sweden
363,,,,,,,,,,,,
363,Accepted-In Progress,Value 43,19.067440021102595,Accepted,Medium,In Progress,Org line G3,,us,G199 3rd,PROD97,POLAND
363,,,,,,,,,,,,
364,Accepted-In Progress,Value 46,18.958003209269325,Accepted,Medium,In Progress,Org line G3,,us,G199 3rd,PROD98,USA
364,,,,,,,,,,,,
364,Accepted-In Progress,Value 74,18.958006703441036,Accepted,Medium,In Progress,Org line G3,,us,G199 3rd,PROD98,Sweden
364,,,,,,,,,,,,
364,Accepted-In Progress,Value 43,19.06897254117939,Accepted,Medium,In Progress,Org line G3,,us,G199 3rd,PROD98,POLAND
364,,,,,,,,,,,,
365,Accepted-In Progress,Value 200,18.95824252012648,Accepted,High,In Progress,Org line C,E_7,in,G157 2nd,PROD675,Sweden
365,,,,,,,,,,,,
365,Accepted-Assigned,Value 200,18.958244488780327,Accepted,High,Assigned,Org line C,E_7,in,G157 2nd,PROD675,Sweden
365,,,,,,,,,,,,
365,Completed-Closed,Value 200,19.072455476436957,Completed,High,Closed,Org line C,E_7,in,G157 2nd,PROD675,Sweden
366,Accepted-In Progress,Value 29,18.95893222305868,Accepted,Medium,In Progress,Org line A2,A2_1,gb,G42 3rd,PROD236,United Kingdom
366,,,,,,,,,,,,
366,Accepted-Assigned,Value 198,18.988869660235903,Accepted,Medium,Assigned,Org line A2,A2_1,gb,G42 3rd,PROD236,United Kingdom
366,,,,,,,,,,,,
366,Completed-Closed,Value 198,19.074649053283643,Completed,Medium,Closed,Org line A2,A2_1,gb,G42 3rd,PROD236,United Kingdom
367,Accepted-In Progress,Value 77,18.95910458908246,Accepted,Low,In Progress,Org line C,C_2,be,G58 3rd,PROD328,Sweden
367,,,,,,,,,,,,
367,Completed-Closed,Value 77,19.075149043341565,Completed,Low,Closed,Org line C,C_2,be,G58 3rd,PROD328,Sweden
368,Accepted-In Progress,Value 39,18.960498972807336,Accepted,Medium,In Progress,Org line C,E_1,se,G55 2nd,PROD835,Sweden
368,,,,,,,,,,,,
368,Accepted-In Progress,Value 39,19.00239024692267,Accepted,Medium,In Progress,Org line C,E_1,se,G55 2nd,PROD835,Sweden
368,,,,,,,,,,,,
368,Accepted-In Progress,Value 202,19.00284007730477,Accepted,Medium,In Progress,Org line A2,A2_1,se,D4,PROD835,INDIA
368,,,,,,,,,,,,
368,Accepted-In Progress,Value 203,19.002886743647025,Accepted,Medium,In Progress,Org line C,E_1,se,G294 2nd,PROD835,INDIA
368,,,,,,,,,,,,
368,Accepted-In Progress,Value 39,19.0029672942503,Accepted,Medium,In Progress,Org line C,E_1,se,G55 2nd,PROD835,Sweden
368,,,,,,,,,,,,
368,Accepted-In Progress,Value 39,19.002969897414218,Accepted,Medium,In Progress,Org line C,E_1,se,G294 2nd,PROD835,Sweden
368,,,,,,,,,,,,
368,Accepted-In Progress,Value 39,19.06154174790662,Accepted,Medium,In Progress,Org line C,E_1,se,G294 2nd,PROD835,Sweden
368,,,,,,,,,,,,
369,Accepted-In Progress,Value 46,18.960655987226936,Accepted,Medium,In Progress,Org line G3,,us,G199 3rd,PROD96,USA
369,,,,,,,,,,,,
369,Accepted-In Progress,Value 74,18.960929801574714,Accepted,Medium,In Progress,Org line G3,,us,G199 3rd,PROD96,Sweden
369,,,,,,,,,,,,
369,Accepted-In Progress,Value 43,19.067440345821545,Accepted,Medium,In Progress,Org line G3,,us,G199 3rd,PROD96,POLAND
369,,,,,,,,,,,,
370,Accepted-In Progress,Value 163,18.96097661264076,Accepted,High,In Progress,Org line A2,A2_5,fr,V5 3rd,PROD230,France
370,,,,,,,,,,,,
371,Accepted-In Progress,Value 158,18.961002484500064,Accepted,Medium,In Progress,Org line A2,A2_1,pl,W6 2nd,PROD791,POLAND
371,,,,,,,,,,,,
371,Accepted-Wait,Value 158,18.97950356042615,Accepted,Medium,Wait,Org line A2,A2_1,pl,W6 2nd,PROD791,POLAND
371,,,,,,,,,,,,
371,Completed-Closed,Value 158,19.06249333453527,Completed,Medium,Closed,Org line A2,A2_1,pl,W6 2nd,PROD791,POLAND
372,Accepted-In Progress,Value 31,18.960989318539564,Accepted,Medium,In Progress,Org line C,E_3,se,G68 2nd,PROD714,Sweden
372,,,,,,,,,,,,
372,Completed-Closed,Value 31,19.081744858044864,Completed,Medium,Closed,Org line C,E_3,se,G68 2nd,PROD714,Sweden
373,Accepted-In Progress,Value 77,18.961492787256454,Accepted,Medium,In Progress,Org line G4,,se,M19 2nd,PROD286,Sweden
373,,,,,,,,,,,,
374,Accepted-In Progress,Value 77,18.961494359398333,Accepted,Low,In Progress,Org line G4,,se,M19 2nd,PROD286,Sweden
374,,,,,,,,,,,,
375,Accepted-In Progress,Value 77,18.961495215341206,Accepted,Low,In Progress,Org line G4,,se,M19 2nd,PROD286,Sweden
375,,,,,,,,,,,,
376,Accepted-In Progress,Value 77,18.961496275078986,Accepted,Medium,In Progress,Org line G4,,se,M19 2nd,PROD286,Sweden
376,,,,,,,,,,,,
377,Accepted-In Progress,Value 77,18.96150115451647,Accepted,Medium,In Progress,Org line G4,,se,M19 2nd,PROD286,Sweden
377,,,,,,,,,,,,
378,Accepted-In Progress,Value 77,18.961501812481757,Accepted,Medium,In Progress,Org line G4,,se,M19 2nd,PROD286,Sweden
378,,,,,,,,,,,,
379,Accepted-In Progress,Value 77,18.96150821160828,Accepted,Medium,In Progress,Org line G4,,se,M19 2nd,PROD286,Sweden
379,,,,,,,,,,,,
380,Accepted-In Progress,Value 77,18.961526279166687,Accepted,Medium,In Progress,Org line G4,,se,M19 2nd,PROD286,Sweden
380,,,,,,,,,,,,
381,Accepted-In Progress,Value 46,18.96219840721559,Accepted,Low,In Progress,Org line G3,,us,G199 3rd,PROD96,USA
381,,,,,,,,,,,,
381,Accepted-In Progress,Value 78,18.96224064968661,Accepted,Low,In Progress,Org line G3,,us,G199 3rd,PROD96,Sweden
381,,,,,,,,,,,,
381,Queued-Awaiting Assignment,Value 72,18.9627030240608,Queued,Low,Awaiting Assignment,Org line A2,A2_2,us,G21 2nd,PROD96,Sweden
381,,Value 205,,,,,,,,,,
381,Accepted-In Progress,Value 135,18.965737698810827,Accepted,Low,In Progress,Org line A2,A2_2,us,S2 2nd,PROD96,Brazil
381,,,,,,,,,,,,
381,Queued-Awaiting Assignment,Value 46,18.965742690951785,Queued,Low,Awaiting Assignment,Org line G3,,us,G199 3rd,PROD96,USA
381,,,,,,,,,,,,
381,Accepted-Assigned,Value 46,18.965812207258683,Accepted,Low,Assigned,Org line G3,,us,G199 3rd,PROD96,USA
381,,,,,,,,,,,,
381,Completed-Closed,Value 43,19.067431285075784,Completed,Low,Closed,Org line G3,,us,G199 3rd,PROD96,POLAND
382,Accepted-In Progress,Value 163,18.964082703883726,Accepted,High,In Progress,Org line A2,A2_5,fr,V5 3rd,PROD230,France
382,,,,,,,,,,,,
383,Accepted-In Progress,Value 206,18.964521018813965,Accepted,Major,In Progress,Org line C,E_6,se,S20 2nd,PROD374,Sweden
383,,,,,,,,,,,,
383,Accepted-Assigned,Value 39,18.97158854432081,Accepted,Major,Assigned,Org line C,E_6,se,S20 2nd,PROD374,Sweden
383,,,,,,,,,,,,
383,Accepted-Assigned,Value 76,19.020082277687745,Accepted,Major,Assigned,Org line G4,,se,S33 2nd,PROD374,Sweden
383,,,,,,,,,,,,
383,Completed-Closed,Value 76,19.057923658018353,Completed,Major,Closed,Org line G4,,se,S33 2nd,PROD374,Sweden
384,Queued-Awaiting Assignment,Value 207,18.96462255727793,Queued,High,Awaiting Assignment,Org line C,E_1,se,G99 2nd,PROD24,Sweden
384,,,,,,,,,,,,
384,Completed-Closed,Value 207,19.06199821786037,Completed,High,Closed,Org line C,C_1,se,G100 3rd,PROD24,Sweden
385,Accepted-In Progress,Value 57,18.965056887589583,Accepted,Low,In Progress,Org line A2,A2_2,se,G39 3rd,PROD215,Sweden
385,,,,,,,,,,,,
385,Accepted-In Progress,Value 57,18.965969670782176,Accepted,Low,In Progress,Org line A2,A2_2,se,G39 3rd,PROD215,Sweden
385,,,,,,,,,,,,
385,Completed-Closed,Value 57,19.116877893624284,Completed,Low,Closed,Org line A2,A2_2,se,G39 3rd,PROD215,Sweden
386,Accepted-In Progress,Value 163,18.965492456020716,Accepted,High,In Progress,Org line A2,A2_5,fr,V5 3rd,PROD230,France
386,,,,,,,,,,,,
387,Accepted-In Progress,Value 118,18.96556643762936,Accepted,High,In Progress,Org line C,C_3,se,G62 3rd,PROD348,France
387,,,,,,,,,,,,
387,Accepted-In Progress,Value 44,19.118593117922757,Accepted,High,In Progress,Org line C,C_3,se,G292 3rd,PROD348,Sweden
387,,,,,,,,,,,,
388,Accepted-In Progress,Value 208,18.965706429235542,Accepted,Major,In Progress,Org line C,E_1,be,G55 2nd,PROD816,Sweden
388,,,,,,,,,,,,
388,Accepted-Assigned,Value 209,18.98878956943864,Accepted,Major,Assigned,Org line C,E_1,be,G55 2nd,PROD816,Sweden
388,,,,,,,,,,,,
388,Accepted-In Progress,Value 210,19.045998442097208,Accepted,Major,In Progress,Org line C,E_1,be,G55 2nd,PROD816,Sweden
388,,,,,,,,,,,,
388,Completed-Closed,Value 77,19.061587760932948,Completed,Major,Closed,Org line C,E_1,be,G55 2nd,PROD816,Belgium
389,Accepted-In Progress,Value 166,18.96598174532444,Accepted,High,In Progress,Org line C,E_1,se,G294 2nd,PROD835,Sweden
389,,,,,,,,,,,,
390,Accepted-Assigned,Value 112,18.966032522888657,Accepted,Low,Assigned,Org line G4,,se,S33 2nd,PROD448,Sweden
390,,,,,,,,,,,,
390,Accepted-In Progress,Value 211,19.035306664267104,Accepted,Low,In Progress,Org line G4,,se,S33 2nd,PROD448,Sweden
390,,,,,,,,,,,,
390,Accepted-In Progress,Value 31,19.075081940257434,Accepted,Low,In Progress,Org line G4,,se,S33 2nd,PROD448,Sweden
390,,,,,,,,,,,,
391,Accepted-In Progress,Value 76,18.96614402160432,Accepted,Medium,In Progress,Org line G4,,se,S33 2nd,PROD304,Sweden
391,,,,,,,,,,,,
391,Accepted-Wait,Value 76,19.06252243005034,Accepted,Medium,Wait,Org line G4,,se,S33 2nd,PROD304,Sweden
391,,,,,,,,,,,,
392,Accepted-In Progress,Value 156,18.966278328677948,Accepted,High,In Progress,Org line C,E_8,br,G181 2nd,PROD473,INDIA
392,,,,,,,,,,,,
392,Accepted-Assigned,Value 23,18.96743014232228,Accepted,High,Assigned,Org line C,E_8,br,G181 2nd,PROD473,Brazil
392,,,,,,,,,,,,
392,Completed-Closed,Value 212,19.065300921462953,Completed,High,Closed,Org line B,E_6,br,S4 2nd,PROD473,Brazil
393,Accepted-In Progress,Value 104,18.96801165513025,Accepted,High,In Progress,Org line C,E_8,in,G186 2nd,PROD473,Sweden
393,,,,,,,,,,,,
394,Accepted-In Progress,Value 139,18.968077294440217,Accepted,Medium,In Progress,Org line G4,,se,S33 2nd,PROD374,Sweden
394,,,,,,,,,,,,
394,Completed-Closed,Value 139,19.117791175447667,Completed,Medium,Closed,Org line G4,,se,S33 2nd,PROD374,Sweden
395,Accepted-In Progress,Value 46,18.96905895185621,Accepted,Medium,In Progress,Org line G3,,us,G199 3rd,PROD97,USA
395,,,,,,,,,,,,
395,Accepted-In Progress,Value 78,18.969338049306113,Accepted,Medium,In Progress,Org line G3,,us,G199 3rd,PROD97,Sweden
395,,,,,,,,,,,,
395,Accepted-In Progress,Value 43,19.070675341278772,Accepted,Medium,In Progress,Org line G3,,us,G199 3rd,PROD97,POLAND
395,,,,,,,,,,,,
396,Accepted-In Progress,Value 213,18.969066897760744,Accepted,Medium,In Progress,Org line A2,A2_1,pl,W16 3rd,PROD509,POLAND
396,,,,,,,,,,,,
396,Accepted-In Progress,Value 213,19.055593321199918,Accepted,Medium,In Progress,Org line A2,A2_1,pl,W16 3rd,PROD509,POLAND
396,,,,,,,,,,,,
397,Accepted-In Progress,Value 143,18.96910132735796,Accepted,Medium,In Progress,Org line A2,A2_1,gb,G42 3rd,PROD236,United Kingdom
397,,,,,,,,,,,,
397,Completed-Closed,Value 143,19.074637109312082,Completed,Medium,Closed,Org line A2,A2_1,gb,G42 3rd,PROD236,United Kingdom
398,Accepted-In Progress,Value 156,18.970999984014803,Accepted,Medium,In Progress,Org line C,E_8,br,G181 2nd,PROD476,INDIA
398,,,,,,,,,,,,
398,Accepted-In Progress,Value 152,18.97100101642479,Accepted,Medium,In Progress,Org line C,E_8,br,G181 2nd,PROD476,INDIA
398,,,,,,,,,,,,
398,Accepted-In Progress,Value 212,19.06529830239885,Accepted,Medium,In Progress,Org line B,E_6,br,S4 2nd,PROD476,Brazil
398,,,,,,,,,,,,
399,Accepted-In Progress,Value 143,18.971075710477887,Accepted,Medium,In Progress,Org line A2,A2_1,gb,G42 3rd,PROD236,United Kingdom
399,,,,,,,,,,,,
399,Completed-Closed,Value 143,19.109565493245285,Completed,Medium,Closed,Org line A2,A2_1,gb,G42 3rd,PROD236,United Kingdom
400,Accepted-In Progress,Value 143,18.97111488643457,Accepted,High,In Progress,Org line A2,A2_1,gb,G42 3rd,PROD236,United Kingdom
400,,,,,,,,,,,,
400,Accepted-In Progress,Value 143,19.109564820383135,Accepted,High,In Progress,Org line A2,A2_1,gb,G42 3rd,PROD236,United Kingdom
400,,,,,,,,,,,,
401,Accepted-In Progress,Value 120,18.971115186318205,Accepted,Low,In Progress,Org line A2,A2_3,se,N23 2nd,PROD76,Sweden
401,,,,,,,,,,,,
401,Accepted-Wait,Value 120,18.971116547327423,Accepted,Low,Wait,Org line A2,A2_3,se,N23 2nd,PROD76,Sweden
401,,,,,,,,,,,,
401,Accepted-Wait,Value 120,19.068405363596487,Accepted,Low,Wait,Org line A2,A2_3,se,N23 2nd,PROD76,Sweden
401,,,,,,,,,,,,
402,Accepted-In Progress,Value 120,18.971116339715966,Accepted,Low,In Progress,Org line A2,A2_3,se,N23 2nd,PROD76,Sweden
402,,,,,,,,,,,,
402,Accepted-Assigned,Value 120,18.971485894822575,Accepted,Low,Assigned,Org line A2,A2_3,se,N23 2nd,PROD76,Sweden
402,,,,,,,,,,,,
402,Completed-Closed,Value 120,19.069253643754614,Completed,Low,Closed,Org line A2,A2_3,se,N23 2nd,PROD76,Sweden
403,Accepted-In Progress,Value 120,18.97111715862757,Accepted,Low,In Progress,Org line A2,A2_3,se,N23 2nd,PROD76,Sweden
403,,,,,,,,,,,,
403,Accepted-Assigned,Value 120,18.971485110802032,Accepted,Low,Assigned,Org line A2,A2_3,se,N23 2nd,PROD76,Sweden
403,,,,,,,,,,,,
403,Completed-Closed,Value 120,19.069254140406244,Completed,Low,Closed,Org line A2,A2_3,se,N23 2nd,PROD76,Sweden
404,Accepted-In Progress,Value 104,18.971317708339967,Accepted,Low,In Progress,Org line C,E_8,in,G186 2nd,PROD476,Sweden
404,,,,,,,,,,,,
404,Queued-Awaiting Assignment,Value 104,18.97551282245872,Queued,Low,Awaiting Assignment,Org line C,E_8,in,G186 2nd,PROD476,Sweden
404,,,,,,,,,,,,
404,Accepted-Assigned,Value 214,18.982423787673962,Accepted,Low,Assigned,Org line C,E_8,in,G186 2nd,PROD476,INDIA
404,,,,,,,,,,,,
404,Accepted-Assigned,Value 186,19.009112794992486,Accepted,Low,Assigned,Org line C,E_8,in,G186 2nd,PROD476,INDIA
404,,,,,,,,,,,,
404,Accepted-Assigned,Value 215,19.019228906772288,Accepted,Low,Assigned,Org line C,E_8,in,G186 2nd,PROD476,Sweden
404,,,,,,,,,,,,
404,Completed-Closed,Value 215,19.103011441707817,Completed,Low,Closed,Org line C,E_8,in,G186 2nd,PROD476,Sweden
405,Accepted-In Progress,Value 46,18.971488610065432,Accepted,Medium,In Progress,Org line G3,,us,G199 3rd,PROD97,USA
405,,,,,,,,,,,,
405,Accepted-In Progress,Value 78,18.971512066920223,Accepted,Medium,In Progress,Org line G3,,us,G199 3rd,PROD97,Sweden
405,,,,,,,,,,,,
405,Accepted-In Progress,Value 43,19.06780474495774,Accepted,Medium,In Progress,Org line G3,,us,G199 3rd,PROD97,POLAND
405,,,,,,,,,,,,
406,Accepted-In Progress,Value 46,18.971723424740812,Accepted,Low,In Progress,Org line G3,,us,G199 3rd,PROD96,USA
406,,,,,,,,,,,,
406,Accepted-In Progress,Value 78,18.971848225231284,Accepted,Low,In Progress,Org line G3,,us,G199 3rd,PROD96,Sweden
406,,,,,,,,,,,,
406,Accepted-In Progress,Value 43,19.06194917456857,Accepted,Low,In Progress,Org line G3,,us,G199 3rd,PROD96,POLAND
406,,,,,,,,,,,,
407,Accepted-In Progress,Value 216,18.97173477297936,Accepted,Major,In Progress,Org line A2,A2_1,se,M19 2nd,PROD700,Sweden
407,,,,,,,,,,,,
407,Accepted-Assigned,Value 8,19.002348789332483,Accepted,Major,Assigned,Org line A2,A2_1,se,M19 2nd,PROD700,Sweden
407,,,,,,,,,,,,
407,Completed-Closed,Value 216,19.06834207632283,Completed,Major,Closed,Org line A2,A2_1,se,M19 2nd,PROD700,Sweden
408,Accepted-In Progress,Value 46,18.971969414624624,Accepted,Medium,In Progress,Org line G3,,us,G199 3rd,PROD97,USA
408,,,,,,,,,,,,
408,Accepted-In Progress,Value 78,18.971976444322763,Accepted,Medium,In Progress,Org line G3,,us,G199 3rd,PROD97,Sweden
408,,,,,,,,,,,,
408,Accepted-In Progress,Value 43,19.067440733389184,Accepted,Medium,In Progress,Org line G3,,us,G199 3rd,PROD97,POLAND
408,,,,,,,,,,,,
409,Accepted-Wait,Value 217,18.972007166980937,Accepted,High,Wait,Org line C,E_5,in,G92,PROD793,INDIA
409,,,,,,,,,,,,
409,Accepted-In Progress,Value 217,19.00536891347177,Accepted,High,In Progress,Org line C,E_5,in,G92,PROD793,INDIA
409,,,,,,,,,,,,
410,Accepted-In Progress,Value 46,18.972944175146914,Accepted,Medium,In Progress,Org line G3,,us,G199 3rd,PROD98,USA
410,,,,,,,,,,,,
410,Accepted-In Progress,Value 78,18.97294587905585,Accepted,Medium,In Progress,Org line G3,,us,G199 3rd,PROD98,Sweden
410,,,,,,,,,,,,
410,Accepted-In Progress,Value 43,19.070772307104367,Accepted,Medium,In Progress,Org line G3,,us,G199 3rd,PROD98,POLAND
410,,,,,,,,,,,,
411,Accepted-In Progress,Value 46,18.972948250708047,Accepted,Medium,In Progress,Org line G3,,us,G199 3rd,PROD97,USA
411,,,,,,,,,,,,
411,Accepted-In Progress,Value 78,18.97295251045758,Accepted,Medium,In Progress,Org line G3,,us,G199 3rd,PROD97,Sweden
411,,,,,,,,,,,,
411,Accepted-In Progress,Value 43,19.070760713462054,Accepted,Medium,In Progress,Org line G3,,us,G199 3rd,PROD97,POLAND
411,,,,,,,,,,,,
412,Accepted-In Progress,Value 46,18.973049702650048,Accepted,Medium,In Progress,Org line G3,,us,G199 3rd,PROD97,USA
412,,,,,,,,,,,,
412,Accepted-In Progress,Value 54,18.97450756812371,Accepted,Medium,In Progress,Org line G3,,us,G199 3rd,PROD97,Sweden
412,,,,,,,,,,,,
412,Accepted-In Progress,Value 43,19.070749145785825,Accepted,Medium,In Progress,Org line G3,,us,G199 3rd,PROD97,POLAND
412,,,,,,,,,,,,
413,Accepted-In Progress,Value 46,18.973104445008456,Accepted,Medium,In Progress,Org line G3,,us,G199 3rd,PROD97,USA
413,,,,,,,,,,,,
413,Accepted-In Progress,Value 74,18.974578115724356,Accepted,Medium,In Progress,Org line G3,,us,G199 3rd,PROD97,Sweden
413,,,,,,,,,,,,
413,Accepted-In Progress,Value 43,19.070676693383724,Accepted,Medium,In Progress,Org line G3,,us,G199 3rd,PROD97,POLAND
413,,,,,,,,,,,,
414,Accepted-In Progress,Value 29,18.9745781099773,Accepted,High,In Progress,Org line A2,A2_1,gb,G42 3rd,PROD235,United Kingdom
414,,,,,,,,,,,,
414,Accepted-Assigned,Value 29,18.97458163866347,Accepted,High,Assigned,Org line A2,A2_1,gb,G42 3rd,PROD235,United Kingdom
414,,,,,,,,,,,,
414,Accepted-In Progress,Value 143,19.00971168442247,Accepted,High,In Progress,Org line A2,A2_1,gb,G42 3rd,PROD235,United Kingdom
414,,,,,,,,,,,,
414,Completed-Closed,Value 143,19.074620324073056,Completed,High,Closed,Org line A2,A2_1,gb,G42 3rd,PROD235,United Kingdom
415,Accepted-In Progress,Value 218,18.97558445891752,Accepted,Medium,In Progress,Org line C,E_5,us,G77,PROD398,INDIA
415,,,,,,,,,,,,
415,Queued-Awaiting Assignment,Value 13,18.97558712860701,Queued,Medium,Awaiting Assignment,Org line C,E_1,us,G13 2nd,PROD398,Sweden
415,,,,,,,,,,,,
415,Accepted-Assigned,Value 219,18.993709968174002,Accepted,Medium,Assigned,Org line C,C_1,us,G14 3rd,PROD398,France
415,,,,,,,,,,,,
415,Accepted-Wait,Value 220,19.012986930413508,Accepted,Medium,Wait,Org line C,C_1,us,G14 3rd,PROD398,Belgium
415,,,,,,,,,,,,
415,Completed-Closed,Value 220,19.088077330582,Completed,Medium,Closed,Org line C,C_1,us,G14 3rd,PROD398,Belgium
416,Accepted-In Progress,Value 148,18.97644216477777,Accepted,Medium,In Progress,Org line C,E_6,fr,W12 2nd,PROD802,France
416,,,,,,,,,,,,
416,Queued-Awaiting Assignment,Value 221,18.97662902623165,Queued,Medium,Awaiting Assignment,Org line A2,A2_5,fr,V5 3rd,PROD802,France
416,,,,,,,,,,,,
416,Completed-Closed,Value 221,19.099462585337193,Completed,Medium,Closed,Org line A2,A2_5,fr,V4 3rd,PROD802,France
417,Accepted-In Progress,Value 62,18.97647221134427,Accepted,Low,In Progress,Org line A2,A2_4,us,L23 3rd,PROD546,USA
417,,,,,,,,,,,,
417,Queued-Awaiting Assignment,Value 62,19.013193219046666,Queued,Low,Awaiting Assignment,Org line A2,A2_4,us,L23 3rd,PROD546,USA
417,,,,,,,,,,,,
417,Accepted-Assigned,Value 222,19.01643404631554,Accepted,Low,Assigned,Org line A2,A2_4,us,L23 3rd,PROD546,Sweden
417,,,,,,,,,,,,
417,Queued-Awaiting Assignment,Value 62,19.077375987159236,Queued,Low,Awaiting Assignment,Org line A2,A2_4,us,L23 3rd,PROD546,USA
417,,,,,,,,,,,,
417,Accepted-In Progress,Value 62,19.077847912609748,Accepted,Low,In Progress,Org line A2,A2_4,us,G113 2nd,PROD546,USA
417,,,,,,,,,,,,
418,Accepted-In Progress,Value 63,18.9780973096561,Accepted,Medium,In Progress,Org line A2,A2_3,se,S35 2nd,PROD680,Sweden
418,,,,,,,,,,,,
418,Accepted-In Progress,Value 38,18.992776379343624,Accepted,Medium,In Progress,Org line A2,A2_3,se,S21 2nd,PROD680,Sweden
418,,,,,,,,,,,,
418,Accepted-In Progress,Value 38,18.995683474803737,Accepted,Medium,In Progress,Org line A2,A2_3,se,S35 2nd,PROD680,Sweden
418,,,,,,,,,,,,
418,Accepted-In Progress,Value 38,19.059209090854115,Accepted,Medium,In Progress,Org line A2,A2_3,se,S35 2nd,PROD680,Sweden
418,,,,,,,,,,,,
419,Accepted-In Progress,Value 29,18.97800735371764,Accepted,Medium,In Progress,Org line A2,A2_1,gb,G42 3rd,PROD236,United Kingdom
419,,,,,,,,,,,,
419,Accepted-In Progress,Value 29,19.000504908789235,Accepted,Medium,In Progress,Org line A2,A2_1,gb,G42 3rd,PROD236,United Kingdom
419,,,,,,,,,,,,
419,Completed-Closed,Value 143,19.10956419271281,Completed,Medium,Closed,Org line A2,A2_1,gb,G42 3rd,PROD236,United Kingdom
420,Accepted-In Progress,Value 208,18.978716020680572,Accepted,High,In Progress,Org line C,E_1,be,G55 2nd,PROD821,Sweden
420,,,,,,,,,,,,
420,Accepted-Wait,Value 208,18.990251717043176,Accepted,High,Wait,Org line C,E_1,be,G55 2nd,PROD821,Sweden
420,,,,,,,,,,,,
420,Accepted-Assigned,Value 117,18.997163959337918,Accepted,High,Assigned,Org line C,E_1,be,G55 2nd,PROD821,Sweden
420,,,,,,,,,,,,
420,Completed-Closed,Value 117,19.07105433415882,Completed,High,Closed,Org line C,E_1,be,G55 2nd,PROD821,Sweden
421,Accepted-In Progress,Value 223,18.979547342744244,Accepted,Medium,In Progress,Org line A2,A2_1,pl,W9 2nd,PROD756,POLAND
421,,,,,,,,,,,,
421,Accepted-Assigned,Value 173,18.98297204094782,Accepted,Medium,Assigned,Org line A2,A2_1,pl,W9 2nd,PROD756,POLAND
421,,,,,,,,,,,,
421,Accepted-In Progress,Value 172,18.995228774675326,Accepted,Medium,In Progress,Org line A2,A2_1,pl,W15 2nd,PROD756,POLAND
421,,,,,,,,,,,,
421,Accepted-In Progress,Value 173,18.99859038570313,Accepted,Medium,In Progress,Org line A2,A2_1,pl,W15 2nd,PROD756,POLAND
421,,,,,,,,,,,,
421,Completed-Closed,Value 173,19.087167718478902,Completed,Medium,Closed,Org line A2,A2_1,pl,W15 2nd,PROD756,POLAND
422,Accepted-In Progress,Value 198,18.98002616962892,Accepted,High,In Progress,Org line A2,A2_1,gb,G42 3rd,PROD236,United Kingdom
422,,,,,,,,,,,,
422,Completed-Closed,Value 198,19.074649349671198,Completed,High,Closed,Org line A2,A2_1,gb,G42 3rd,PROD236,United Kingdom
423,Accepted-In Progress,Value 220,18.981471298721797,Accepted,High,In Progress,Org line C,E_1,us,G13 2nd,PROD398,Belgium
423,,,,,,,,,,,,
423,Completed-Closed,Value 220,19.07063941324891,Completed,High,Closed,Org line C,E_1,us,G13 2nd,PROD398,Belgium
424,Accepted-In Progress,Value 129,18.981591493063522,Accepted,High,In Progress,Org line G4,,br,S30 2nd,PROD266,Sweden
424,,,,,,,,,,,,
424,Accepted-In Progress,Value 48,19.04218059556838,Accepted,High,In Progress,Org line G4,,br,S30 2nd,PROD266,Sweden
424,,,,,,,,,,,,
424,Completed-Closed,Value 212,19.071954763126364,Completed,High,Closed,Org line B,E_6,br,S4 2nd,PROD266,Brazil
425,Accepted-In Progress,Value 188,18.98232444000577,Accepted,Low,In Progress,Org line C,E_4,us,G88 2nd,PROD423,INDIA
425,,,,,,,,,,,,
425,Completed-Closed,Value 188,19.06464869391635,Completed,Low,Closed,Org line C,E_4,us,G88 2nd,PROD423,INDIA
426,Accepted-In Progress,Value 46,18.98339465346344,Accepted,Medium,In Progress,Org line G3,,us,G199 3rd,PROD98,USA
426,,,,,,,,,,,,
426,Accepted-In Progress,Value 74,18.98341578766157,Accepted,Medium,In Progress,Org line G3,,us,G199 3rd,PROD98,Sweden
426,,,,,,,,,,,,
426,Queued-Awaiting Assignment,Value 72,19.007008767776863,Queued,Medium,Awaiting Assignment,Org line A2,A2_2,us,G21 2nd,PROD98,Sweden
426,,,,,,,,,,,,
426,Accepted-In Progress,Value 56,19.007185721176963,Accepted,Medium,In Progress,Org line A2,A2_2,us,G21 2nd,PROD98,Sweden
426,,,,,,,,,,,,
426,Queued-Awaiting Assignment,Value 46,19.02292637788791,Queued,Medium,Awaiting Assignment,Org line G3,,us,G199 3rd,PROD98,USA
426,,,,,,,,,,,,
426,Completed-Closed,Value 43,19.07067635927302,Completed,Medium,Closed,Org line G3,,us,G199 3rd,PROD98,POLAND
427,Accepted-In Progress,Value 2,18.984795539017817,Accepted,Low,In Progress,Org line A2,A2_2,cn,M1 2nd,PROD753,Sweden
427,,,,,,,,,,,,
427,Accepted-In Progress,Value 2,18.996840718974116,Accepted,Low,In Progress,Org line A2,A2_2,cn,M1 2nd,PROD753,Sweden
427,,,,,,,,,,,,
427,Completed-Closed,Value 3,19.061893477261762,Completed,Low,Closed,Org line A2,A2_2,cn,M1 2nd,PROD753,China
428,Accepted-In Progress,Value 206,18.984924116653442,Accepted,High,In Progress,Org line C,E_6,se,S20 2nd,PROD108,Sweden
428,,,,,,,,,,,,
428,Accepted-In Progress,Value 206,18.988270755940405,Accepted,High,In Progress,Org line C,E_6,se,S20 2nd,PROD108,Sweden
428,,,,,,,,,,,,
428,Accepted-Assigned,Value 115,19.027266700733975,Accepted,High,Assigned,Org line G4,,se,S28 2nd,PROD108,Sweden
428,,,,,,,,,,,,
428,Completed-Closed,Value 93,19.064699338084527,Completed,High,Closed,Org line G4,,se,S28 2nd,PROD108,Sweden
429,Accepted-In Progress,Value 57,18.985316328742158,Accepted,Medium,In Progress,Org line C,E_1,be,G55 2nd,PROD795,Sweden
429,,,,,,,,,,,,
429,Accepted-Assigned,Value 57,18.988794011541085,Accepted,Medium,Assigned,Org line C,E_1,be,G55 2nd,PROD795,Sweden
429,,,,,,,,,,,,
429,Completed-Closed,Value 57,19.05826847987478,Completed,Medium,Closed,Org line C,E_1,be,G55 2nd,PROD795,Sweden
430,Accepted-In Progress,Value 77,18.985462564930952,Accepted,Medium,In Progress,Org line G4,,se,M19 2nd,PROD286,Sweden
430,,,,,,,,,,,,
431,Accepted-In Progress,Value 77,18.985486838910163,Accepted,Low,In Progress,Org line G4,,se,M19 2nd,PROD286,Sweden
431,,,,,,,,,,,,
432,Accepted-In Progress,Value 224,18.985491221807074,Accepted,Medium,In Progress,Org line B,E_10,se,G230 2nd,PROD253,Brazil
432,,,,,,,,,,,,
432,Queued-Awaiting Assignment,Value 2,18.98554572502149,Queued,Medium,Awaiting Assignment,Org line C,C_6,se,G250 3rd,PROD253,Sweden
432,,,,,,,,,,,,
432,Queued-Awaiting Assignment,Value 2,18.986508699215698,Queued,Medium,Awaiting Assignment,Org line C,C_6,se,G250 3rd,PROD253,Sweden
432,,,,,,,,,,,,
432,Accepted-Wait,Value 2,19.02018007477145,Accepted,Medium,Wait,Org line C,C_6,se,G250 3rd,PROD253,Sweden
432,,,,,,,,,,,,
433,Accepted-In Progress,Value 77,18.985831806805436,Accepted,Low,In Progress,Org line G4,,se,M19 2nd,PROD286,Sweden
433,,,,,,,,,,,,
434,Accepted-In Progress,Value 29,18.985893678596593,Accepted,High,In Progress,Org line A2,A2_1,gb,G42 3rd,PROD236,United Kingdom
434,,,,,,,,,,,,
434,Accepted-Assigned,Value 143,18.99220873333619,Accepted,High,Assigned,Org line A2,A2_1,gb,G42 3rd,PROD236,United Kingdom
434,,,,,,,,,,,,
434,Completed-Closed,Value 143,19.074637426502548,Completed,High,Closed,Org line A2,A2_1,gb,G42 3rd,PROD236,United Kingdom
435,Accepted-In Progress,Value 77,18.985933369312562,Accepted,Low,In Progress,Org line G4,,se,M19 2nd,PROD286,Sweden
435,,,,,,,,,,,,
436,Accepted-In Progress,Value 77,18.98630034147164,Accepted,Low,In Progress,Org line G4,,se,M19 2nd,PROD286,Sweden
436,,,,,,,,,,,,
437,Accepted-In Progress,Value 77,18.9863032155885,Accepted,Low,In Progress,Org line G4,,se,M19 2nd,PROD286,Sweden
437,,,,,,,,,,,,
438,Accepted-In Progress,Value 77,18.986306839463207,Accepted,Low,In Progress,Org line G4,,se,M19 2nd,PROD286,Sweden
438,,,,,,,,,,,,
439,Accepted-In Progress,Value 94,18.9874503734632,Accepted,Low,In Progress,Org line F,,se,S1 2nd,PROD153,Sweden
439,,,,,,,,,,,,
439,Accepted-In Progress,Value 123,19.002391879032082,Accepted,Low,In Progress,Org line F,,se,S1 2nd,PROD153,Sweden
439,,,,,,,,,,,,
439,Completed-Closed,Value 123,19.055591482161315,Completed,Low,Closed,Org line F,,se,S1 2nd,PROD153,Sweden
440,Accepted-In Progress,Value 104,18.988630626641697,Accepted,Medium,In Progress,Org line C,E_8,in,G186 2nd,PROD476,Sweden
440,,,,,,,,,,,,
440,Queued-Awaiting Assignment,Value 104,18.988631300997838,Queued,Medium,Awaiting Assignment,Org line C,E_8,in,G186 2nd,PROD476,Sweden
440,,,,,,,,,,,,
440,Accepted-Wait,Value 186,19.019226290630026,Accepted,Medium,Wait,Org line C,E_8,in,G181 2nd,PROD476,INDIA
440,,,,,,,,,,,,
440,Accepted-In Progress,Value 214,19.045476158187807,Accepted,Medium,In Progress,Org line C,E_8,in,G181 2nd,PROD476,Sweden
440,,,,,,,,,,,,
441,Accepted-In Progress,Value 120,18.988746490220063,Accepted,Low,In Progress,Org line A2,A2_3,se,N23 2nd,PROD554,Sweden
441,,,,,,,,,,,,
441,Accepted-Assigned,Value 120,18.988746915185246,Accepted,Low,Assigned,Org line A2,A2_3,se,N23 2nd,PROD554,Sweden
441,,,,,,,,,,,,
441,Completed-Closed,Value 195,19.06198896022138,Completed,Low,Closed,Org line A2,A2_3,se,N23 2nd,PROD554,Sweden
442,Accepted-In Progress,Value 225,18.98889735284484,Accepted,Medium,In Progress,Org line C,E_4,us,G88 2nd,PROD219,INDIA
442,,,,,,,,,,,,
442,Accepted-Wait,Value 225,18.98889869553163,Accepted,Medium,Wait,Org line C,E_4,us,G88 2nd,PROD219,INDIA
442,,,,,,,,,,,,
442,Completed-Closed,Value 225,19.055959460999688,Completed,Medium,Closed,Org line C,E_4,us,G88 2nd,PROD219,INDIA
443,Accepted-In Progress,Value 226,18.988895732553736,Accepted,Medium,In Progress,Org line G4,,se,S33 2nd,PROD397,Sweden
443,,,,,,,,,,,,
444,Accepted-In Progress,Value 227,18.989349730593815,Accepted,Medium,In Progress,Org line A2,A2_1,se,G103 3rd,PROD823,Sweden
444,,,,,,,,,,,,
444,Accepted-In Progress,Value 227,19.074735423139547,Accepted,Medium,In Progress,Org line A2,A2_1,se,G103 3rd,PROD823,Sweden
444,,,,,,,,,,,,
444,Completed-Closed,Value 227,19.093323880981266,Completed,Medium,Closed,Org line A2,A2_1,se,G103 3rd,PROD823,Sweden
445,Accepted-In Progress,Value 46,18.989818697541107,Accepted,Medium,In Progress,Org line G3,,us,G199 3rd,PROD97,USA
445,,,,,,,,,,,,
445,Accepted-In Progress,Value 78,18.99014244427681,Accepted,Medium,In Progress,Org line G3,,us,G199 3rd,PROD97,Sweden
445,,,,,,,,,,,,
445,Accepted-In Progress,Value 43,19.068976567796188,Accepted,Medium,In Progress,Org line G3,,us,G199 3rd,PROD97,POLAND
445,,,,,,,,,,,,
446,Accepted-In Progress,Value 228,18.99031825481766,Accepted,Medium,In Progress,Org line V2,,se,T2 2nd,PROD615,Sweden
446,,,,,,,,,,,,
447,Accepted-In Progress,Value 228,18.990329326101723,Accepted,Low,In Progress,Org line V2,,se,T2 2nd,PROD615,Sweden
447,,,,,,,,,,,,
447,Completed-Closed,Value 228,19.06252725115017,Completed,Low,Closed,Org line V2,,se,T2 2nd,PROD615,Sweden
448,Accepted-In Progress,Value 216,18.99184469726295,Accepted,Medium,In Progress,Org line A2,A2_1,se,M19 2nd,PROD566,Sweden
448,,,,,,,,,,,,
448,Queued-Awaiting Assignment,Value 216,18.991847081001282,Queued,Medium,Awaiting Assignment,Org line A2,A2_1,se,M19 2nd,PROD566,Sweden
448,,,,,,,,,,,,
448,Accepted-Wait,Value 216,19.029663596284944,Accepted,Medium,Wait,Org line A2,A2_1,se,M19 2nd,PROD566,Sweden
448,,,,,,,,,,,,
449,Accepted-In Progress,Value 229,18.992105705450445,Accepted,High,In Progress,Org line C,E_10,se,G271 2nd,PROD802,Sweden
449,,,,,,,,,,,,
449,Accepted-In Progress,Value 230,18.99215585134338,Accepted,High,In Progress,Org line C,E_10,se,G271 2nd,PROD802,Sweden
449,,,,,,,,,,,,
449,Accepted-In Progress,Value 231,18.99220511384634,Accepted,High,In Progress,Org line C,C_6,se,G268 3rd,PROD802,Sweden
449,,,,,,,,,,,,
449,Accepted-In Progress,Value 8,19.046418700179707,Accepted,High,In Progress,Org line C,E_6,se,G48 2nd,PROD802,Sweden
449,,,,,,,,,,,,
449,Accepted-In Progress,Value 232,19.046516805942982,Accepted,High,In Progress,Org line A2,A2_2,se,S45 2nd,PROD802,Sweden
449,,,,,,,,,,,,
449,Accepted-In Progress,Value 102,19.046812947487574,Accepted,High,In Progress,Org line C,E_6,se,G48 2nd,PROD802,Sweden
449,,,,,,,,,,,,
449,Accepted-In Progress,Value 102,19.04682560805551,Accepted,High,In Progress,Org line C,V3_3,se,G335 2nd,PROD802,Sweden
449,,,,,,,,,,,,
449,Completed-Closed,Value 102,19.11820833648387,Completed,High,Closed,Org line C,V3_3,se,G335 2nd,PROD802,Sweden
450,Accepted-In Progress,Value 46,18.99215760188656,Accepted,Medium,In Progress,Org line G3,,us,G199 3rd,PROD97,USA
450,,,,,,,,,,,,
450,Accepted-In Progress,Value 54,18.992166219031873,Accepted,Medium,In Progress,Org line G3,,us,G199 3rd,PROD97,Sweden
450,,,,,,,,,,,,
450,Accepted-In Progress,Value 43,19.06745545037359,Accepted,Medium,In Progress,Org line G3,,us,G199 3rd,PROD97,POLAND
450,,,,,,,,,,,,
451,Accepted-In Progress,Value 46,18.992155083362178,Accepted,Medium,In Progress,Org line G3,,us,G199 3rd,PROD96,USA
451,,,,,,,,,,,,
451,Accepted-In Progress,Value 54,18.992168251899365,Accepted,Medium,In Progress,Org line G3,,us,G199 3rd,PROD96,Sweden
451,,,,,,,,,,,,
451,Accepted-In Progress,Value 43,19.06781478134824,Accepted,Medium,In Progress,Org line G3,,us,G199 3rd,PROD96,POLAND
451,,,,,,,,,,,,
452,Accepted-In Progress,Value 104,18.992177512687867,Accepted,Medium,In Progress,Org line C,E_8,in,G186 2nd,PROD476,Sweden
452,,,,,,,,,,,,
452,Accepted-In Progress,Value 186,19.019226768790993,Accepted,Medium,In Progress,Org line C,E_8,in,G181 2nd,PROD476,INDIA
452,,,,,,,,,,,,
452,Accepted-Assigned,Value 214,19.019228631967753,Accepted,Medium,Assigned,Org line C,E_8,in,G181 2nd,PROD476,INDIA
452,,,,,,,,,,,,
452,Accepted-In Progress,Value 214,19.045483107278546,Accepted,Medium,In Progress,Org line C,E_8,in,G181 2nd,PROD476,Sweden
452,,,,,,,,,,,,
453,Accepted-In Progress,Value 60,18.992270624020737,Accepted,Low,In Progress,Org line G4,,se,S30 2nd,PROD412,Sweden
453,,,,,,,,,,,,
453,Completed-Closed,Value 60,19.077394147043567,Completed,Low,Closed,Org line G4,,se,S30 2nd,PROD412,Sweden
454,Accepted-In Progress,Value 38,18.992663769935046,Accepted,Medium,In Progress,Org line V2,,0,T11 2nd,PROD498,Sweden
454,,,,,,,,,,,,
455,Accepted-In Progress,Value 46,18.9927077982075,Accepted,Medium,In Progress,Org line G3,,us,G199 3rd,PROD97,USA
455,,,,,,,,,,,,
455,Accepted-In Progress,Value 78,18.993068518857978,Accepted,Medium,In Progress,Org line G3,,us,G199 3rd,PROD97,Sweden
455,,,,,,,,,,,,
455,Accepted-In Progress,Value 43,19.068975825226516,Accepted,Medium,In Progress,Org line G3,,us,G199 3rd,PROD97,POLAND
455,,,,,,,,,,,,
456,Accepted-In Progress,Value 46,18.99318463660665,Accepted,Medium,In Progress,Org line G3,,us,G199 3rd,PROD97,USA
456,,,,,,,,,,,,
456,Accepted-In Progress,Value 54,18.993295286536732,Accepted,Medium,In Progress,Org line G3,,us,G199 3rd,PROD97,Sweden
456,,,,,,,,,,,,
456,Accepted-In Progress,Value 43,19.070749829618784,Accepted,Medium,In Progress,Org line G3,,us,G199 3rd,PROD97,POLAND
456,,,,,,,,,,,,
457,Queued-Awaiting Assignment,Value 233,18.99372069751451,Queued,Medium,Awaiting Assignment,Org line C,V3_2,us,N38,PROD745,USA
457,,Value 234,,,,,,,,,,
457,Accepted-Assigned,Value 235,19.03025357960957,Accepted,Medium,Assigned,Org line A2,A2_3,us,N5 2nd,PROD745,USA
457,,,,,,,,,,,,
458,Accepted-In Progress,Value 120,18.993714506873868,Accepted,Medium,In Progress,Org line A2,A2_3,se,N23 2nd,PROD76,Sweden
458,,,,,,,,,,,,
458,Accepted-Wait,Value 120,19.06840530604064,Accepted,Medium,Wait,Org line A2,A2_3,se,N23 2nd,PROD76,Sweden
458,,,,,,,,,,,,
459,Accepted-In Progress,Value 164,18.994361982312757,Accepted,High,In Progress,Org line A2,A2_4,se,G105 2nd,PROD337,Sweden
459,,,,,,,,,,,,
459,Completed-Closed,Value 164,19.096465511370326,Completed,High,Closed,Org line A2,A2_4,se,G105 2nd,PROD337,Sweden
460,Accepted-In Progress,Value 164,18.994367019520112,Accepted,High,In Progress,Org line A2,A2_4,se,G105 2nd,PROD337,Sweden
460,,,,,,,,,,,,
460,Completed-Closed,Value 164,19.096465765748796,Completed,High,Closed,Org line A2,A2_4,se,G105 2nd,PROD337,Sweden
461,Accepted-In Progress,Value 69,18.995123281806585,Accepted,High,In Progress,Org line B,E_10,pl,G230 2nd,PROD321,INDIA
461,,,,,,,,,,,,
461,Accepted-In Progress,Value 71,18.995571327368385,Accepted,High,In Progress,Org line B,E_10,pl,G230 2nd,PROD321,INDIA
461,,,,,,,,,,V27,,
461,Queued-Awaiting Assignment,Value 69,18.99617914984252,Queued,High,Awaiting Assignment,Org line B,E_10,pl,G230 2nd,PROD321,INDIA
461,,,,,,,,,,,,
461,Queued-Awaiting Assignment,Value 103,19.00192305789423,Queued,High,Awaiting Assignment,Org line C,C_6,pl,G261 3rd,PROD321,Sweden
461,,,,,,,,,,,,
461,Queued-Awaiting Assignment,Value 237,19.062497624176892,Queued,High,Awaiting Assignment,Org line C,C_6,pl,G144 3rd,PROD321,Sweden
461,,,,,,,,,,,,
461,Accepted-Wait,Value 45,19.06251639311636,Accepted,High,Wait,Org line C,E_10,pl,G249 3rd,PROD321,Sweden
461,,,,,,,,,,,,
462,Accepted-In Progress,Value 29,18.9952754992016,Accepted,Medium,In Progress,Org line A2,A2_1,gb,G42 3rd,PROD235,United Kingdom
462,,,,,,,,,,,,
462,Accepted-In Progress,Value 29,19.000504796789865,Accepted,Medium,In Progress,Org line A2,A2_1,gb,G42 3rd,PROD235,United Kingdom
462,,,,,,,,,,,,
462,Accepted-In Progress,Value 143,19.109563981815494,Accepted,Medium,In Progress,Org line A2,A2_1,gb,G42 3rd,PROD235,United Kingdom
462,,,,,,,,,,,,
463,Accepted-In Progress,Value 46,18.995677808365127,Accepted,Medium,In Progress,Org line G3,,us,G199 3rd,PROD97,USA
463,,,,,,,,,,,,
463,Accepted-In Progress,Value 238,18.995685551176877,Accepted,Medium,In Progress,Org line G3,,us,G199 3rd,PROD97,Sweden
463,,,,,,,,,,,,
463,Accepted-In Progress,Value 43,19.068978481740825,Accepted,Medium,In Progress,Org line G3,,us,G199 3rd,PROD97,POLAND
463,,,,,,,,,,,,
464,Accepted-In Progress,Value 216,18.995708818640658,Accepted,Low,In Progress,Org line A2,A2_1,se,M19 2nd,PROD566,Sweden
464,,,,,,,,,,,,
464,Accepted-In Progress,Value 216,19.02966367243148,Accepted,Low,In Progress,Org line A2,A2_1,se,M19 2nd,PROD566,Sweden
464,,,,,,,,,,,,
464,Completed-Closed,Value 216,19.121160679034396,Completed,Low,Closed,Org line A2,A2_1,se,M19 2nd,PROD566,Sweden
465,Accepted-In Progress,Value 46,18.99573101085138,Accepted,Medium,In Progress,Org line G3,,us,G199 3rd,PROD96,USA
465,,,,,,,,,,,,
465,Accepted-In Progress,Value 78,18.99597904731342,Accepted,Medium,In Progress,Org line G3,,us,G199 3rd,PROD96,Sweden
465,,,,,,,,,,,,
465,Accepted-In Progress,Value 43,19.070678431801692,Accepted,Medium,In Progress,Org line G3,,us,G199 3rd,PROD96,POLAND
465,,,,,,,,,,,,
466,Accepted-In Progress,Value 239,18.996008799454714,Accepted,High,In Progress,Org line B,E_10,in,G238 2nd,PROD209,INDIA
466,,,,,,,,,,,,
466,Accepted-In Progress,Value 239,19.055583945777595,Accepted,High,In Progress,Org line B,E_10,in,G238 2nd,PROD209,INDIA
466,,,,,,,,,,,,
467,Accepted-In Progress,Value 46,18.99610508141932,Accepted,Medium,In Progress,Org line G3,,us,G199 3rd,PROD98,USA
467,,,,,,,,,,,,
467,Accepted-In Progress,Value 78,18.996107578765873,Accepted,Medium,In Progress,Org line G3,,us,G199 3rd,PROD98,Sweden
467,,,,,,,,,,,,
467,Accepted-In Progress,Value 43,19.070757513572225,Accepted,Medium,In Progress,Org line G3,,us,G199 3rd,PROD98,POLAND
467,,,,,,,,,,,,
468,Accepted-In Progress,Value 240,18.996152231844462,Accepted,High,In Progress,Org line V2,,se,T10 2nd,PROD615,Sweden
468,,,,,,,,,,,,
469,Accepted-In Progress,Value 138,18.99620383997253,Accepted,Medium,In Progress,Org line A2,A2_4,se,G105 2nd,PROD337,Sweden
469,,,,,,,,,,,,
470,Accepted-In Progress,Value 172,18.99657578290674,Accepted,Medium,In Progress,Org line A2,A2_1,pl,W15 2nd,PROD756,POLAND
470,,,,,,,,,,,,
470,Accepted-Assigned,Value 172,19.019193373919162,Accepted,Medium,Assigned,Org line A2,A2_1,pl,W15 2nd,PROD756,POLAND
470,,,,,,,,,,,,
470,Accepted-Assigned,Value 39,19.036636578257994,Accepted,Medium,Assigned,Org line A2,A2_1,pl,W15 2nd,PROD756,POLAND
470,,,,,,,,,,,,
470,Completed-Closed,Value 39,19.080893506735972,Completed,Medium,Closed,Org line A2,A2_1,pl,W15 2nd,PROD756,POLAND
471,Accepted-In Progress,Value 241,18.9966417494492,Accepted,Low,In Progress,Org line C,E_7,se,G153 2nd,PROD673,INDIA
471,,,,,,,,,,,,
471,Completed-Closed,Value 241,19.055593257602098,Completed,Low,Closed,Org line C,E_7,se,G153 2nd,PROD673,INDIA
472,Accepted-In Progress,Value 98,18.99666952560477,Accepted,High,In Progress,Org line A2,A2_3,se,G110 2nd,PROD539,Sweden
472,,,,,,,,,,,,
472,Accepted-In Progress,Value 39,19.099530953139432,Accepted,High,In Progress,Org line A2,A2_3,se,M3 2nd,PROD539,Sweden
472,,,,,,,,,,,,
473,Accepted-In Progress,Value 242,18.996707447440503,Accepted,Low,In Progress,Org line D,D_2,us,G122 3rd,PROD618,USA
473,,,,,,,,,,,,
473,Accepted-In Progress,Value 243,18.99671391750634,Accepted,Low,In Progress,Org line D,D_2,us,G122 3rd,PROD618,Belgium
473,,,,,,,,,,,,
474,Accepted-In Progress,Value 244,18.996729769271784,Accepted,Low,In Progress,Org line C,E_10,se,G255 2nd,PROD399,Sweden
474,,,,,,,,,,,,
475,Accepted-In Progress,Value 46,18.99705046059915,Accepted,Medium,In Progress,Org line G3,,us,G199 3rd,PROD97,USA
475,,,,,,,,,,,,
475,Accepted-In Progress,Value 238,18.99856058683257,Accepted,Medium,In Progress,Org line G3,,us,G199 3rd,PROD97,Sweden
475,,,,,,,,,,,,
475,Accepted-In Progress,Value 43,19.054709026649384,Accepted,Medium,In Progress,Org line G3,,us,G199 3rd,PROD97,POLAND
475,,,,,,,,,,,,
476,Accepted-In Progress,Value 46,18.997183079621,Accepted,Medium,In Progress,Org line G3,,us,G199 3rd,PROD97,USA
476,,,,,,,,,,,,
476,Accepted-In Progress,Value 238,18.998558628638076,Accepted,Medium,In Progress,Org line G3,,us,G199 3rd,PROD97,Sweden
476,,,,,,,,,,,,
476,Accepted-In Progress,Value 43,19.070757059427162,Accepted,Medium,In Progress,Org line G3,,us,G199 3rd,PROD97,POLAND
476,,,,,,,,,,,,
477,Accepted-In Progress,Value 243,18.997191827744988,Accepted,Low,In Progress,Org line D,D_2,us,G122 3rd,PROD618,Belgium
477,,,,,,,,,,,,
477,Completed-Closed,Value 243,19.0619729724246,Completed,Low,Closed,Org line D,D_2,us,G122 3rd,PROD618,Belgium
478,Accepted-In Progress,Value 245,18.99852080499437,Accepted,High,In Progress,Org line C,C_5,fr,V43 3rd,PROD353,France
478,,,,,,,,,,,,
479,Accepted-In Progress,Value 246,18.998623953956546,Accepted,Medium,In Progress,Org line C,C_6,0,N30 3rd,PROD100,Sweden
479,,,,,,,,,,,,
479,Completed-Closed,Value 246,19.05826295634558,Completed,Medium,Closed,Org line C,C_6,0,N30 3rd,PROD100,Sweden
480,Accepted-In Progress,Value 46,18.998645419542967,Accepted,Medium,In Progress,Org line G3,,us,G199 3rd,PROD97,USA
480,,,,,,,,,,,,
480,Accepted-In Progress,Value 238,18.99866985810762,Accepted,Medium,In Progress,Org line G3,,us,G199 3rd,PROD97,Sweden
480,,,,,,,,,,,,
480,Accepted-In Progress,Value 43,19.068974313938654,Accepted,Medium,In Progress,Org line G3,,us,G199 3rd,PROD97,POLAND
480,,,,,,,,,,,,
481,Accepted-In Progress,Value 62,18.998996086036424,Accepted,Medium,In Progress,Org line C,E_4,us,G88 2nd,PROD794,Sweden
481,,,,,,,,,,,,
482,Accepted-In Progress,Value 2,18.9990468185529,Accepted,Low,In Progress,Org line C,C_4,se,G155 3rd,PROD474,Sweden
482,,,,,,,,,,,,
482,Completed-Closed,Value 2,19.073918934951156,Completed,Low,Closed,Org line C,C_4,se,G155 3rd,PROD474,Sweden
483,Accepted-In Progress,Value 46,18.999097436338612,Accepted,Medium,In Progress,Org line G3,,us,G199 3rd,PROD97,USA
483,,,,,,,,,,,,
483,Accepted-In Progress,Value 238,18.999103268491428,Accepted,Medium,In Progress,Org line A2,A2_2,us,G21 2nd,PROD97,Sweden
483,,,,,,,,,,,,
483,Accepted-In Progress,Value 43,19.06194763155902,Accepted,Medium,In Progress,Org line A2,A2_2,us,G21 2nd,PROD97,POLAND
483,,,,,,,,,,,,
484,Accepted-In Progress,Value 247,18.99998823426452,Accepted,Medium,In Progress,Org line C,C_3,in,G211 3rd,PROD325,Sweden
484,,,,,,,,,,,,
484,Accepted-In Progress,Value 248,19.001926407515963,Accepted,Medium,In Progress,Org line A2,A2_2,in,G22 2nd,PROD325,France
484,,,,,,,,,,,,
484,Accepted-In Progress,Value 250,19.002464421369314,Accepted,Medium,In Progress,Org line C,E_4,in,G93 2nd,PROD325,Sweden
484,,,,,,,,,,,,
484,Accepted-In Progress,Value 250,19.10157351500739,Accepted,Medium,In Progress,Org line C,E_4,in,G93 2nd,PROD325,Sweden
484,,,,,,,,,,,,
485,Accepted-In Progress,Value 251,19.000351525096114,Accepted,Major,In Progress,Org line A2,A2_5,se,G350 2nd,PROD92,Sweden
485,,,,,,,,,,,,
485,Queued-Awaiting Assignment,Value 252,19.016867374596114,Queued,Major,Awaiting Assignment,Org line C,E_5,se,G77,PROD92,INDIA
485,,,,,,,,,,,,
485,Accepted-In Progress,Value 251,19.12080839921011,Accepted,Major,In Progress,Org line A2,A2_5,se,G350 2nd,PROD92,Sweden
485,,,,,,,,,,,,
486,Accepted-In Progress,Value 46,19.00057321486904,Accepted,Medium,In Progress,Org line G3,,us,G199 3rd,PROD98,USA
486,,,,,,,,,,,,
486,Accepted-In Progress,Value 238,19.000576244240342,Accepted,Medium,In Progress,Org line G3,,us,G199 3rd,PROD98,Sweden
486,,,,,,,,,,,,
486,Accepted-In Progress,Value 43,19.070759460651594,Accepted,Medium,In Progress,Org line G3,,us,G199 3rd,PROD98,POLAND
486,,,,,,,,,,,,
487,Accepted-In Progress,Value 12,19.00084060413367,Accepted,Medium,In Progress,Org line A2,A2_1,pl,W16 3rd,PROD756,POLAND
487,,,,,,,,,,,,
487,Accepted-In Progress,Value 12,19.021988644659626,Accepted,Medium,In Progress,Org line A2,A2_1,pl,W16 3rd,PROD756,POLAND
487,,,,,,,,,,,,
487,Completed-Closed,Value 253,19.117770616875955,Completed,Medium,Closed,Org line A2,A2_1,pl,W16 3rd,PROD756,POLAND
488,Accepted-In Progress,Value 254,19.001275906321304,Accepted,Major,In Progress,Org line C,E_8,in,G119 2nd,PROD597,INDIA
488,,,,,,,,,,,,
488,Accepted-In Progress,Value 254,19.002442188057138,Accepted,Major,In Progress,Org line C,E_8,in,G119 2nd,PROD597,INDIA
488,,,,,,,,,,,,
489,Accepted-In Progress,Value 117,19.00197865792557,Accepted,Medium,In Progress,Org line C,C_1,be,G56 3rd,PROD387,Sweden
489,,,,,,,,,,,,
489,Accepted-In Progress,Value 117,19.037149132940026,Accepted,Medium,In Progress,Org line C,C_1,be,G56 3rd,PROD387,Sweden
489,,,,,,,,,,,,
489,Completed-Closed,Value 117,19.06789295389568,Completed,Medium,Closed,Org line C,C_1,be,G56 3rd,PROD387,Sweden
490,Accepted-In Progress,Value 38,19.002022087882438,Accepted,Medium,In Progress,Org line A2,A2_3,se,S35 2nd,PROD680,Sweden
490,,,,,,,,,,,,
490,Completed-Closed,Value 38,19.05920952915128,Completed,Medium,Closed,Org line A2,A2_3,se,S35 2nd,PROD680,Sweden
491,Accepted-In Progress,Value 60,19.002019146760404,Accepted,Low,In Progress,Org line G4,,se,S30 2nd,PROD412,Sweden
491,,,,,,,,,,,,
492,Accepted-In Progress,Value 216,19.002037900458724,Accepted,Low,In Progress,Org line A2,A2_1,se,M19 2nd,PROD566,Sweden
492,,,,,,,,,,,,
492,Accepted-In Progress,Value 216,19.042685598172955,Accepted,Low,In Progress,Org line A2,A2_1,se,M19 2nd,PROD566,Sweden
492,,,,,,,,,,,,
492,Completed-Closed,Value 216,19.068369474265065,Completed,Low,Closed,Org line A2,A2_1,se,M19 2nd,PROD566,Sweden
493,Accepted-In Progress,Value 255,19.002338576985967,Accepted,High,In Progress,Org line A2,D_1,pl,V14 3rd,PROD71,POLAND
493,,,,,,,,,,,,
493,Queued-Awaiting Assignment,Value 256,19.049185894017832,Queued,High,Awaiting Assignment,Org line A2,D_1,pl,V11 3rd,PROD71,POLAND
493,,,,,,,,,,,,
493,Accepted-In Progress,Value 255,19.067500081839583,Accepted,High,In Progress,Org line A2,D_1,pl,V11 3rd,PROD71,POLAND
493,,,,,,,,,,,,
493,Completed-Closed,Value 255,19.119852018169745,Completed,High,Closed,Org line A2,D_1,pl,V11 3rd,PROD71,POLAND
494,Accepted-In Progress,Value 46,19.00242649924602,Accepted,Medium,In Progress,Org line G3,,us,G199 3rd,PROD97,USA
494,,,,,,,,,,,,
494,Accepted-In Progress,Value 238,19.00243606235184,Accepted,Medium,In Progress,Org line G3,,us,G199 3rd,PROD97,Sweden
494,,,,,,,,,,,,
494,Accepted-In Progress,Value 43,19.070677372045754,Accepted,Medium,In Progress,Org line G3,,us,G199 3rd,PROD97,POLAND
494,,,,,,,,,,,,
495,Accepted-In Progress,Value 46,19.00243235113987,Accepted,Medium,In Progress,Org line G3,,us,G199 3rd,PROD97,USA
495,,,,,,,,,,,,
495,Accepted-In Progress,Value 238,19.00244129379593,Accepted,Medium,In Progress,Org line G3,,us,G199 3rd,PROD97,Sweden
495,,,,,,,,,,,,
495,Accepted-In Progress,Value 43,19.067455638917178,Accepted,Medium,In Progress,Org line G3,,us,G199 3rd,PROD97,POLAND
495,,,,,,,,,,,,
496,Accepted-In Progress,Value 8,19.002526848615325,Accepted,Major,In Progress,Org line C,E_6,se,G48 2nd,PROD148,Sweden
496,,,,,,,,,,,,
496,Accepted-Assigned,Value 76,19.061990824394485,Accepted,Major,Assigned,Org line C,E_6,se,G48 2nd,PROD148,Sweden
496,,,,,,,,,,,,
496,Accepted-Assigned,Value 76,19.094156856461833,Accepted,Major,Assigned,Org line C,E_6,se,G48 2nd,PROD148,Sweden
496,,,,,,,,,,,,
496,Accepted-Assigned,Value 38,19.094209388370313,Accepted,Major,Assigned,Org line C,E_6,se,G48 2nd,PROD148,Sweden
496,,,,,,,,,,,,
496,Completed-Closed,Value 38,19.094244127671,Completed,Major,Closed,Org line C,E_6,se,G48 2nd,PROD148,Sweden
497,Accepted-In Progress,Value 58,19.0028690673431,Accepted,High,In Progress,Org line G4,,se,G51 2nd,PROD54,Sweden
497,,,,,,,,,,,,
497,Accepted-In Progress,Value 116,19.064215290707438,Accepted,High,In Progress,Org line G4,,se,G51 2nd,PROD54,Sweden
497,,,,,,,,,,,,
498,Accepted-In Progress,Value 195,19.002860944183347,Accepted,Medium,In Progress,Org line A2,A2_3,se,N23 2nd,PROD554,Sweden
498,,,,,,,,,,,,
499,Accepted-In Progress,Value 207,19.00287053665587,Accepted,Medium,In Progress,Org line C,E_1,se,G99 2nd,PROD150,Sweden
499,,,,,,,,,,,,
499,Accepted-In Progress,Value 257,19.06836954752059,Accepted,Medium,In Progress,Org line C,E_1,se,G99 2nd,PROD150,INDIA
499,,,,,,,,,,,,
500,Accepted-In Progress,Value 46,19.00291798926952,Accepted,Medium,In Progress,Org line G3,,us,G199 3rd,PROD97,USA
500,,,,,,,,,,,,
500,Accepted-In Progress,Value 238,19.002922028280164,Accepted,Medium,In Progress,Org line G3,,us,G199 3rd,PROD97,Sweden
500,,,,,,,,,,,,
500,Accepted-In Progress,Value 43,19.067812236920744,Accepted,Medium,In Progress,Org line G3,,us,G199 3rd,PROD97,POLAND
500,,,,,,,,,,,,
501,Accepted-In Progress,Value 46,19.002950295311592,Accepted,Medium,In Progress,Org line G3,,us,G199 3rd,PROD97,USA
501,,,,,,,,,,,,
501,Accepted-In Progress,Value 238,19.002954440330846,Accepted,Medium,In Progress,Org line G3,,us,G199 3rd,PROD97,Sweden
501,,,,,,,,,,,,
501,Accepted-In Progress,Value 43,19.067812928000457,Accepted,Medium,In Progress,Org line G3,,us,G199 3rd,PROD97,POLAND
501,,,,,,,,,,,,
502,Accepted-In Progress,Value 88,19.002987147393572,Accepted,Medium,In Progress,Org line G4,,se,S30 2nd,PROD412,Sweden
502,,,,,,,,,,,,
502,Accepted-Assigned,Value 88,19.067450563939797,Accepted,Medium,Assigned,Org line G4,,se,S30 2nd,PROD412,Sweden
502,,,,,,,,,,,,
502,Accepted-Assigned,Value 88,19.067602137016646,Accepted,Medium,Assigned,Org line G4,,se,S30 2nd,PROD412,Sweden
502,,,,,,,,,,,,
502,Accepted-In Progress,Value 88,19.06760277587606,Accepted,Medium,In Progress,Org line G4,,se,S30 2nd,PROD412,Sweden
502,,,,,,,,,,,,
503,Accepted-In Progress,Value 46,19.002991929070927,Accepted,Medium,In Progress,Org line G3,,us,G199 3rd,PROD98,USA
503,,,,,,,,,,,,
503,Accepted-In Progress,Value 238,19.00299983331221,Accepted,Medium,In Progress,Org line G3,,us,G199 3rd,PROD98,Sweden
503,,,,,,,,,,,,
503,Accepted-In Progress,Value 43,19.068979083116115,Accepted,Medium,In Progress,Org line G3,,us,G199 3rd,PROD98,POLAND
503,,,,,,,,,,,,
504,Accepted-In Progress,Value 7,19.003325584525797,Accepted,Low,In Progress,Org line A2,A2_2,se,G139 3rd,PROD573,Sweden
504,,,,,,,,,,,,
504,Accepted-In Progress,Value 213,19.003366744778663,Accepted,Low,In Progress,Org line C,E_10,se,G249 3rd,PROD573,POLAND
504,,,,,,,,,,,,
504,Accepted-In Progress,Value 213,19.003367157991985,Accepted,Low,In Progress,Org line A2,A2_2,se,G139 3rd,PROD573,POLAND
504,,Value 258,,,,,,,,,,
504,Queued-Awaiting Assignment,Value 12,19.00337978883576,Queued,Low,Awaiting Assignment,Org line C,C_6,se,G144 3rd,PROD573,Sweden
504,,,,,,,,,,,,
504,Accepted-In Progress,Value 237,19.05558302890003,Accepted,Low,In Progress,Org line C,C_6,se,G144 3rd,PROD573,Sweden
504,,,,,,,,,,,,
505,Accepted-In Progress,Value 259,19.003458088689626,Accepted,Major,In Progress,Org line A2,A2_3,pl,N26 2nd,PROD791,POLAND
505,,,,,,,,,,,,
505,Accepted-In Progress,Value 259,19.06244903172448,Accepted,Major,In Progress,Org line A2,A2_3,pl,N26 2nd,PROD791,POLAND
505,,,,,,,,,,,,
506,Accepted-In Progress,Value 235,19.003454649275472,Accepted,Major,In Progress,Org line A2,A2_3,us,N5 2nd,PROD56,USA
506,,,,,,,,,,,,
506,Accepted-In Progress,Value 235,19.00397801324817,Accepted,Major,In Progress,Org line A2,A2_3,us,N5 2nd,PROD56,USA
506,,,,,,,,,,,,
506,Completed-Closed,Value 235,19.055609776999994,Completed,Major,Closed,Org line A2,A2_3,us,N5 2nd,PROD56,USA
507,Accepted-In Progress,Value 243,19.005381017511677,Accepted,High,In Progress,Org line D,D_2,us,G122 3rd,PROD618,Belgium
507,,,,,,,,,,,,
507,Accepted-In Progress,Value 243,19.006243214945833,Accepted,High,In Progress,Org line D,D_2,us,G122 3rd,PROD618,Belgium
507,,,,,,,,,,,,
508,Accepted-In Progress,Value 207,19.0059259933031,Accepted,Medium,In Progress,Org line C,E_1,se,G99 2nd,PROD153,Sweden
508,,,,,,,,,,,,
508,Accepted-In Progress,Value 260,19.05461897859122,Accepted,Medium,In Progress,Org line C,E_1,se,G99 2nd,PROD153,France
508,,,,,,,,,,,,
509,Accepted-In Progress,Value 195,19.006352089810512,Accepted,Medium,In Progress,Org line A2,A2_3,se,N23 2nd,PROD76,Sweden
509,,,,,,,,,,,,
509,Completed-Closed,Value 195,19.06198851260868,Completed,Medium,Closed,Org line A2,A2_3,se,N23 2nd,PROD76,Sweden
510,Accepted-In Progress,Value 201,19.0066490065627,Accepted,High,In Progress,Org line A2,A2_1,pl,D4,PROD791,INDIA
510,,,,,,,,,,,,
510,Queued-Awaiting Assignment,Value 159,19.008598744674003,Queued,High,Awaiting Assignment,Org line A2,A2_3,pl,N26 2nd,PROD791,POLAND
510,,,,,,,,,,,,
510,Accepted-Wait,Value 160,19.01734200179309,Accepted,High,Wait,Org line A2,A2_3,pl,N26 2nd,PROD791,POLAND
510,,,,,,,,,,,,
510,Completed-Closed,Value 160,19.06202665375819,Completed,High,Closed,Org line A2,A2_3,pl,N26 2nd,PROD791,POLAND
511,Accepted-In Progress,Value 244,19.006784131827168,Accepted,High,In Progress,Org line C,E_10,se,G255 2nd,PROD462,Sweden
511,,,,,,,,,,,,
511,Completed-Closed,Value 244,19.068345754890785,Completed,High,Closed,Org line C,E_10,se,G255 2nd,PROD462,Sweden
512,Accepted-In Progress,Value 244,19.006804026200292,Accepted,Low,In Progress,Org line C,E_10,se,G255 2nd,PROD462,Sweden
512,,,,,,,,,,,,
513,Accepted-In Progress,Value 254,19.006823063214462,Accepted,Medium,In Progress,Org line C,E_8,in,G119 2nd,PROD597,INDIA
513,,,,,,,,,,,,
514,Accepted-In Progress,Value 72,19.006857374555686,Accepted,Medium,In Progress,Org line A2,A2_2,pl,G21 2nd,PROD604,Sweden
514,,,,,,,,,,,,
514,Queued-Awaiting Assignment,Value 8,19.007309093822126,Queued,Medium,Awaiting Assignment,Org line C,E_6,pl,G48 2nd,PROD604,Sweden
514,,,,,,,,,,,,
514,Queued-Awaiting Assignment,Value 261,19.01629716504489,Queued,Medium,Awaiting Assignment,Org line A2,D_1,pl,V18 3rd,PROD604,INDIA
514,,,,,,,,,,,,
514,Accepted-In Progress,Value 262,19.02207484521798,Accepted,Medium,In Progress,Org line A2,D_1,pl,V18 3rd,PROD604,Sweden
514,,,,,,,,,,,,
514,Queued-Awaiting Assignment,Value 72,19.022451611398132,Queued,Medium,Awaiting Assignment,Org line A2,A2_2,pl,G21 2nd,PROD604,Sweden
514,,,,,,,,,,,,
514,Accepted-In Progress,Value 223,19.026836994586365,Accepted,Medium,In Progress,Org line A2,D_1,pl,G197 2nd,PROD604,POLAND
514,,,,,,,,,,,,
514,Accepted-Wait,Value 223,19.064742233679176,Accepted,Medium,Wait,Org line A2,D_1,pl,G197 2nd,PROD604,POLAND
514,,,,,,,,,,,,
515,Accepted-In Progress,Value 46,19.00719121152765,Accepted,Medium,In Progress,Org line G3,,us,G199 3rd,PROD98,USA
515,,,,,,,,,,,,
515,Accepted-In Progress,Value 238,19.00738782075335,Accepted,Medium,In Progress,Org line A2,A2_2,us,G21 2nd,PROD98,Sweden
515,,,,,,,,,,,,
515,Accepted-In Progress,Value 43,19.069703958437607,Accepted,Medium,In Progress,Org line A2,A2_2,us,G21 2nd,PROD98,POLAND
515,,,,,,,,,,,,
516,Accepted-In Progress,Value 207,19.007212093497973,Accepted,Medium,In Progress,Org line C,E_1,se,G99 2nd,PROD150,Sweden
516,,,,,,,,,,,,
516,Accepted-In Progress,Value 207,19.035250950459567,Accepted,Medium,In Progress,Org line C,E_1,se,L1 2nd,PROD150,Sweden
516,,,,,,,,,,,,
517,Accepted-In Progress,Value 46,19.007257710798076,Accepted,Medium,In Progress,Org line G3,,us,G199 3rd,PROD97,USA
517,,,,,,,,,,,,
517,Accepted-In Progress,Value 238,19.00726145420562,Accepted,Medium,In Progress,Org line G3,,us,G199 3rd,PROD97,Sweden
517,,,,,,,,,,,,
517,Accepted-In Progress,Value 43,19.067810592986778,Accepted,Medium,In Progress,Org line G3,,us,G199 3rd,PROD97,POLAND
517,,,,,,,,,,,,
518,Accepted-In Progress,Value 46,19.0073802403231,Accepted,Medium,In Progress,Org line G3,,us,G199 3rd,PROD97,USA
518,,,,,,,,,,,,
518,Accepted-In Progress,Value 238,19.00738483975462,Accepted,Medium,In Progress,Org line G3,,us,G199 3rd,PROD97,Sweden
518,,,,,,,,,,,,
518,Accepted-In Progress,Value 43,19.07074724566737,Accepted,Medium,In Progress,Org line G3,,us,G199 3rd,PROD97,POLAND
518,,,,,,,,,,,,
519,Accepted-In Progress,Value 263,19.008765070104534,Accepted,Medium,In Progress,Org line C,C_3,gb,G94 3rd,PROD348,Sweden
519,,,,,,,,,,,,
519,Completed-Closed,Value 263,19.07464503384375,Completed,Medium,Closed,Org line C,C_3,gb,G94 3rd,PROD348,Sweden
520,Queued-Awaiting Assignment,Value 217,19.00868445751994,Queued,Medium,Awaiting Assignment,Org line C,E_5,us,G92,PROD348,INDIA
520,,Value 264,,,,,,,,,,
520,Queued-Awaiting Assignment,Value 150,19.010140197851392,Queued,Medium,Awaiting Assignment,Org line C,E_4,us,G88 2nd,PROD348,USA
520,,,,,,,,,,,,
520,Accepted-Wait,Value 265,19.012471802778776,Accepted,Medium,Wait,Org line C,E_4,us,G88 2nd,PROD348,INDIA
520,,,,,,,,,,,,
520,Accepted-Wait,Value 265,19.055124908977344,Accepted,Medium,Wait,Org line C,E_4,us,G88 2nd,PROD348,INDIA
520,,,,,,,,,,,,
520,Completed-Closed,Value 265,19.061975020941166,Completed,Medium,Closed,Org line C,E_4,us,G88 2nd,PROD348,INDIA
521,Accepted-In Progress,Value 266,19.00872775273985,Accepted,Medium,In Progress,Org line C,E_1,se,G294 2nd,PROD306,USA
521,,,,,,,,,,,,
521,Completed-Closed,Value 266,19.080970141713426,Completed,Medium,Closed,Org line C,E_1,se,G294 2nd,PROD306,USA
522,Accepted-In Progress,Value 58,19.00900845690603,Accepted,Major,In Progress,Org line G4,,in,G51 2nd,PROD597,Sweden
522,,,,,,,,,,,,
522,Queued-Awaiting Assignment,Value 223,19.016442440252607,Queued,Major,Awaiting Assignment,Org line A2,D_1,in,G197 2nd,PROD597,POLAND
522,,,,,,,,,,,,
522,Queued-Awaiting Assignment,Value 77,19.046969108237427,Queued,Major,Awaiting Assignment,Org line C,E_1,in,G55 2nd,PROD597,Belgium
522,,,,,,,,,,,,
522,Accepted-Assigned,Value 57,19.061585695818458,Accepted,Major,Assigned,Org line C,C_1,in,G56 3rd,PROD597,Sweden
522,,,,,,,,,,,,
522,Queued-Awaiting Assignment,Value 254,19.08180244983417,Queued,Major,Awaiting Assignment,Org line C,E_8,in,G119 2nd,PROD597,INDIA
522,,,,,,,,,,,,
522,Accepted-In Progress,Value 267,19.117709406804114,Accepted,Major,In Progress,Org line C,E_8,in,G119 2nd,PROD597,INDIA
522,,,,,,,,,,,,
523,Accepted-In Progress,Value 150,19.009103406565057,Accepted,High,In Progress,Org line C,E_4,fr,G88 2nd,PROD348,USA
523,,,,,,,,,,,,
523,Accepted-In Progress,Value 268,19.009468174588033,Accepted,High,In Progress,Org line C,E_5,fr,G92,PROD348,INDIA
523,,,,,,,,,,,,
523,Queued-Awaiting Assignment,Value 269,19.009626830909344,Queued,High,Awaiting Assignment,Org line C,,fr,V34 2nd,PROD348,France
523,,,,,,,,,,,,
523,Completed-Closed,Value 118,19.074701429320378,Completed,High,Closed,Org line C,,fr,V34 2nd,PROD348,France
524,Accepted-In Progress,Value 270,19.009191835283175,Accepted,Low,In Progress,Org line C,E_4,us,G88 2nd,PROD348,Sweden
524,,,,,,,,,,,,
525,Accepted-In Progress,Value 164,19.00958108848305,Accepted,Low,In Progress,Org line G4,,se,S33 2nd,PROD374,Sweden
525,,,,,,,,,,,,
526,Accepted-In Progress,Value 68,19.009623451490736,Accepted,Medium,In Progress,Org line C,E_7,se,G153 2nd,PROD153,Sweden
526,,,,,,,,,,,,
526,Queued-Awaiting Assignment,Value 68,19.009625404784984,Queued,Medium,Awaiting Assignment,Org line C,E_7,se,G153 2nd,PROD153,Sweden
526,,,,,,,,,,,,
526,Completed-Closed,Value 271,19.05826806230761,Completed,Medium,Closed,Org line C,E_7,se,G153 2nd,PROD153,INDIA
527,Accepted-In Progress,Value 272,19.009605405535012,Accepted,Low,In Progress,Org line V2,,se,T10 2nd,PROD615,Sweden
527,,,,,,,,,,,,
527,Accepted-In Progress,Value 191,19.031687843471495,Accepted,Low,In Progress,Org line V2,,se,T10 2nd,PROD615,Sweden
527,,,,,,,,,,,,
528,Accepted-In Progress,Value 77,19.009613607273586,Accepted,High,In Progress,Org line C,E_1,be,G55 2nd,PROD745,Belgium
528,,,,,,,,,,,,
528,Queued-Awaiting Assignment,Value 77,19.01031741875262,Queued,High,Awaiting Assignment,Org line C,E_1,be,G55 2nd,PROD745,Belgium
528,,,,,,,,,,,,
528,Accepted-Assigned,Value 273,19.016845442690098,Accepted,High,Assigned,Org line C,E_1,be,G55 2nd,PROD745,Sweden
528,,,,,,,,,,,,
528,Completed-Closed,Value 273,19.080958061152828,Completed,High,Closed,Org line C,E_1,be,G55 2nd,PROD745,Sweden
529,Accepted-In Progress,Value 274,19.00967065133449,Accepted,Medium,In Progress,Org line C,E_4,us,G88 2nd,PROD498,INDIA
529,,,,,,,,,,,,
530,Accepted-In Progress,Value 46,19.009784224805006,Accepted,Medium,In Progress,Org line G3,,us,G199 3rd,PROD97,USA
530,,,,,,,,,,,,
530,Accepted-In Progress,Value 238,19.009787154273933,Accepted,Medium,In Progress,Org line G3,,us,G199 3rd,PROD97,Sweden
530,,,,,,,,,,,,
530,Accepted-In Progress,Value 43,19.0678225140645,Accepted,Medium,In Progress,Org line G3,,us,G199 3rd,PROD97,POLAND
530,,,,,,,,,,,,
531,Accepted-In Progress,Value 275,19.010126587212063,Accepted,Low,In Progress,Org line C,C_6,fr,G286 3rd,PROD646,France
531,,,,,,,,,,,,
531,Completed-Closed,Value 275,19.08095495573279,Completed,Low,Closed,Org line C,C_6,fr,G286 3rd,PROD646,France
532,Accepted-In Progress,Value 46,19.010224519786068,Accepted,Medium,In Progress,Org line G3,,us,G199 3rd,PROD97,USA
532,,,,,,,,,,,,
532,Accepted-In Progress,Value 54,19.01026880758331,Accepted,Medium,In Progress,Org line G3,,us,G199 3rd,PROD97,Sweden
532,,,,,,,,,,,,
532,Accepted-In Progress,Value 43,19.06745550274681,Accepted,Medium,In Progress,Org line G3,,us,G199 3rd,PROD97,POLAND
532,,,,,,,,,,,,
533,Accepted-In Progress,Value 276,19.010436430170166,Accepted,Medium,In Progress,Org line C,E_4,us,G88 2nd,PROD793,INDIA
533,,,,,,,,,,,,
533,Completed-Closed,Value 276,19.099930024550794,Completed,Medium,Closed,Org line C,E_4,us,G88 2nd,PROD793,INDIA
534,Accepted-In Progress,Value 46,19.010537492529817,Accepted,Medium,In Progress,Org line G3,,us,G199 3rd,PROD96,USA
534,,,,,,,,,,,,
534,Accepted-In Progress,Value 238,19.010540624922758,Accepted,Medium,In Progress,Org line G3,,us,G199 3rd,PROD96,Sweden
534,,,,,,,,,,,,
534,Accepted-In Progress,Value 43,19.067455581306643,Accepted,Medium,In Progress,Org line G3,,us,G199 3rd,PROD96,POLAND
534,,,,,,,,,,,,
535,Accepted-In Progress,Value 104,19.010593097975672,Accepted,Medium,In Progress,Org line C,E_8,in,G186 2nd,PROD474,Sweden
535,,,,,,,,,,,,
535,Accepted-In Progress,Value 277,19.015825014060702,Accepted,Medium,In Progress,Org line C,E_8,in,G186 2nd,PROD474,INDIA
535,,,,,,,,,,,,
535,Queued-Awaiting Assignment,Value 13,19.042724391431193,Queued,Medium,Awaiting Assignment,Org line C,E_1,in,G13 2nd,PROD474,Sweden
535,,Value 278,,,,,,,,,,
535,Queued-Awaiting Assignment,Value 156,19.062337552811567,Queued,Medium,Awaiting Assignment,Org line C,E_8,in,G181 2nd,PROD474,INDIA
535,,,,,,,,,,,,
535,Accepted-Wait,Value 277,19.06234159570534,Accepted,Medium,Wait,Org line C,E_8,in,G186 2nd,PROD474,INDIA
535,,,,,,,,,,,,
535,Accepted-Wait,Value 279,19.07771408961062,Accepted,Medium,Wait,Org line C,E_8,in,G186 2nd,PROD474,INDIA
535,,,,,,,,,,G188 2nd,,
535,Accepted-In Progress,Value 199,19.09375201017663,Accepted,Medium,In Progress,Org line C,E_8,in,G186 2nd,PROD474,INDIA
535,,,,,,,,,,,,
535,Completed-Closed,Value 199,19.105094342569867,Completed,Medium,Closed,Org line C,E_8,in,G186 2nd,PROD474,INDIA
536,Accepted-In Progress,Value 254,19.01059412357051,Accepted,Medium,In Progress,Org line C,E_8,se,G119 2nd,PROD597,INDIA
536,,,,,,,,,,,,
536,Queued-Awaiting Assignment,Value 174,19.022468539530117,Queued,Medium,Awaiting Assignment,Org line C,C_5,se,G120 3rd,PROD597,Sweden
536,,,,,,,,,,,,
536,Accepted-In Progress,Value 280,19.04919659906855,Accepted,Medium,In Progress,Org line C,C_5,se,G120 3rd,PROD597,France
536,,,,,,,,,,,,
537,Accepted-In Progress,Value 228,19.010667303976486,Accepted,Medium,In Progress,Org line V2,,se,T2 2nd,PROD615,Sweden
537,,,,,,,,,,,,
537,Completed-Closed,Value 228,19.09942650509574,Completed,Medium,Closed,Org line V2,,se,T2 2nd,PROD615,Sweden
538,Accepted-In Progress,Value 133,19.010772084381774,Accepted,Medium,In Progress,Org line G4,,se,S33 2nd,PROD374,Sweden
538,,,,,,,,,,,,
539,Accepted-In Progress,Value 281,19.012055464078575,Accepted,Low,In Progress,Org line A2,A2_3,se,S35 2nd,PROD680,Sweden
539,,,,,,,,,,,,
539,Accepted-In Progress,Value 63,19.05834479659693,Accepted,Low,In Progress,Org line A2,A2_3,se,S35 2nd,PROD680,Sweden
539,,,,,,,,,,,,
540,Accepted-In Progress,Value 132,19.012081226697344,Accepted,Medium,In Progress,Org line G4,,se,S33 2nd,PROD374,Sweden
540,,,,,,,,,,,,
541,Accepted-In Progress,Value 46,19.012113531441216,Accepted,Medium,In Progress,Org line G3,,us,G199 3rd,PROD97,USA
541,,,,,,,,,,,,
541,Accepted-In Progress,Value 238,19.012133463988224,Accepted,Medium,In Progress,Org line G3,,us,G199 3rd,PROD97,Sweden
541,,,,,,,,,,,,
541,Accepted-In Progress,Value 43,19.05508112691735,Accepted,Medium,In Progress,Org line G3,,us,G199 3rd,PROD97,POLAND
541,,,,,,,,,,,,
542,Accepted-In Progress,Value 46,19.01213939219756,Accepted,Medium,In Progress,Org line G3,,us,G199 3rd,PROD97,USA
542,,,,,,,,,,,,
542,Accepted-In Progress,Value 238,19.012144916304972,Accepted,Medium,In Progress,Org line G3,,us,G199 3rd,PROD97,Sweden
542,,,,,,,,,,,,
542,Accepted-In Progress,Value 43,19.06897800064033,Accepted,Medium,In Progress,Org line G3,,us,G199 3rd,PROD97,POLAND
542,,,,,,,,,,,,
543,Accepted-In Progress,Value 282,19.012224669280787,Accepted,High,In Progress,Org line A2,A2_3,se,S3 2nd,PROD412,Brazil
543,,,,,,,,,,,,
543,Accepted-In Progress,Value 212,19.048266517738888,Accepted,High,In Progress,Org line B,E_6,se,S4 2nd,PROD412,Brazil
543,,,,,,,,,,,,
543,Accepted-In Progress,Value 60,19.07685083614953,Accepted,High,In Progress,Org line G4,,se,S30 2nd,PROD412,Sweden
543,,,,,,,,,,,,
543,Accepted-In Progress,Value 60,19.077397678381974,Accepted,High,In Progress,Org line G4,,se,S30 2nd,PROD412,Sweden
543,,,,,,,,,,,,
544,Accepted-In Progress,Value 101,19.01259063554897,Accepted,Medium,In Progress,Org line G4,,se,S28 2nd,PROD633,Sweden
544,,,,,,,,,,,,
545,Accepted-In Progress,Value 101,19.012982942912352,Accepted,Medium,In Progress,Org line G4,,se,S28 2nd,PROD633,Sweden
545,,,,,,,,,,,,
546,Accepted-In Progress,Value 77,19.01304858809901,Accepted,Medium,In Progress,Org line C,E_7,se,G153 2nd,PROD671,Sweden
546,,,,,,,,,,,,
547,Accepted-In Progress,Value 150,19.013092054233706,Accepted,Major,In Progress,Org line C,E_4,us,G88 2nd,PROD17,USA
547,,,,,,,,,,,,
547,Accepted-Assigned,Value 283,19.02244173378291,Accepted,Major,Assigned,Org line C,E_4,us,G88 2nd,PROD17,USA
547,,,,,,,,,,,,
547,Completed-Closed,Value 284,19.05912024986221,Completed,Major,Closed,Org line C,E_4,us,G88 2nd,PROD17,INDIA
548,Accepted-In Progress,Value 285,19.013262350282556,Accepted,Medium,In Progress,Org line C,E_10,se,G138 2nd,PROD802,Sweden
548,,,,,,,,,,,,
548,Accepted-In Progress,Value 7,19.01342429760165,Accepted,Medium,In Progress,Org line C,E_10,se,G143 2nd,PROD802,Sweden
548,,,,,,,,,,,,
548,Accepted-In Progress,Value 112,19.013448731440715,Accepted,Medium,In Progress,Org line C,C_6,se,G273 3rd,PROD802,Sweden
548,,,,,,,,,,,,
548,Queued-Awaiting Assignment,Value 229,19.02255473160002,Queued,Medium,Awaiting Assignment,Org line C,E_10,se,G271 2nd,PROD802,Sweden
548,,,,,,,,,,,,
548,Queued-Awaiting Assignment,Value 285,19.022555082181803,Queued,Medium,Awaiting Assignment,Org line C,E_10,se,G138 2nd,PROD802,Sweden
548,,,,,,,,,,,,
548,Completed-Closed,Value 7,19.022556007936235,Completed,Medium,Closed,Org line C,E_10,se,G143 2nd,PROD802,Sweden
548,,,,,,,,,,,,
548,Accepted-In Progress,Value 286,19.0337388295129,Accepted,Medium,In Progress,Org line C,E_10,se,G138 2nd,PROD802,Sweden
548,,,,,,,,,,,,
548,Completed-Closed,Value 286,19.055082563902875,Completed,Medium,Closed,Org line C,E_10,se,G138 2nd,PROD802,Sweden
549,Accepted-In Progress,Value 287,19.013439168040872,Accepted,Medium,In Progress,Org line C,E_2,se,G57 2nd,PROD327,Sweden
549,,,,,,,,,,,,
550,Accepted-In Progress,Value 60,19.013523372568617,Accepted,Medium,In Progress,Org line G4,,se,S30 2nd,PROD408,Sweden
550,,,,,,,,,,,,
550,Completed-Closed,Value 60,19.077398705112387,Completed,Medium,Closed,Org line G4,,se,S30 2nd,PROD408,Sweden
551,Accepted-In Progress,Value 46,19.01396551652185,Accepted,Medium,In Progress,Org line G3,,us,G199 3rd,PROD96,USA
551,,,,,,,,,,,,
551,Accepted-In Progress,Value 238,19.013969931062476,Accepted,Medium,In Progress,Org line G3,,us,G199 3rd,PROD96,Sweden
551,,,,,,,,,,,,
551,Accepted-In Progress,Value 43,19.058399587343924,Accepted,Medium,In Progress,Org line G3,,us,G199 3rd,PROD96,POLAND
551,,,,,,,,,,,,
552,Accepted-In Progress,Value 11,19.015280309364865,Accepted,Major,In Progress,Org line C,V3_2,se,S25,PROD535,Sweden
552,,,,,,,,,,,,
553,Accepted-In Progress,Value 271,19.015292514740842,Accepted,Low,In Progress,Org line C,E_7,se,G153 2nd,PROD673,INDIA
553,,,,,,,,,,,,
553,Completed-Closed,Value 271,19.055590369196832,Completed,Low,Closed,Org line C,E_7,se,G153 2nd,PROD673,INDIA
554,Accepted-In Progress,Value 138,19.015354984952054,Accepted,High,In Progress,Org line A2,A2_4,se,G105 2nd,PROD337,Sweden
554,,,,,,,,,,,,
554,Completed-Closed,Value 138,19.092355993703972,Completed,High,Closed,Org line A2,A2_4,se,G105 2nd,PROD337,Sweden
555,Accepted-In Progress,Value 68,19.015835299165715,Accepted,Low,In Progress,Org line A2,A2_2,pl,J3 2nd,PROD355,POLAND
555,,,,,,,,,,,,
555,Accepted-In Progress,Value 288,19.015835784465644,Accepted,Low,In Progress,Org line A2,A2_2,pl,J3 2nd,PROD355,POLAND
555,,,,,,,,,,,,
555,Completed-Closed,Value 288,19.06198908660611,Completed,Low,Closed,Org line A2,A2_2,pl,J3 2nd,PROD355,POLAND
556,Accepted-In Progress,Value 15,19.01591249198231,Accepted,High,In Progress,Org line G4,,se,S28 2nd,PROD633,Sweden
556,,,,,,,,,,,,
557,Accepted-In Progress,Value 289,19.015915993586887,Accepted,High,In Progress,Org line G4,,se,S33 2nd,PROD448,Sweden
557,,,,,,,,,,,,
557,Completed-Closed,Value 289,19.074732917057737,Completed,High,Closed,Org line G4,,se,S33 2nd,PROD448,Sweden
558,Accepted-In Progress,Value 29,19.015942070505233,Accepted,Low,In Progress,Org line A2,A2_1,gb,G42 3rd,PROD235,United Kingdom
558,,,,,,,,,,,,
558,Accepted-In Progress,Value 143,19.02298529582357,Accepted,Low,In Progress,Org line A2,A2_1,gb,G42 3rd,PROD235,United Kingdom
558,,,,,,,,,,,,
558,Completed-Closed,Value 143,19.07462077646702,Completed,Low,Closed,Org line A2,A2_1,gb,G42 3rd,PROD235,United Kingdom
559,Accepted-In Progress,Value 128,19.015944684225254,Accepted,Low,In Progress,Org line C,E_10,se,G240 2nd,PROD412,Sweden
559,,,,,,,,,,,,
560,Accepted-In Progress,Value 150,19.015956335598702,Accepted,Medium,In Progress,Org line C,C_6,fr,G248 3rd,PROD585,USA
560,,,,,,,,,,,,
560,Queued-Awaiting Assignment,Value 150,19.01875678563543,Queued,Medium,Awaiting Assignment,Org line C,C_6,fr,G248 3rd,PROD585,USA
560,,,,,,,,,,,,
560,Completed-Closed,Value 150,19.068866447058916,Completed,Medium,Closed,Org line C,C_6,fr,G270 3rd,PROD585,USA
561,Accepted-In Progress,Value 290,19.016084089269423,Accepted,Medium,In Progress,Org line C,E_4,in,G93 2nd,PROD701,Brazil
561,,,,,,,,,,,,
561,Accepted-In Progress,Value 290,19.056489590370028,Accepted,Medium,In Progress,Org line C,E_4,in,G93 2nd,PROD701,Brazil
561,,,,,,,,,,,,
561,Completed-Closed,Value 213,19.0898341729117,Completed,Medium,Closed,Org line C,E_4,in,G93 2nd,PROD701,POLAND
562,Accepted-In Progress,Value 164,19.016310901419626,Accepted,Medium,In Progress,Org line A2,A2_4,se,G105 2nd,PROD163,Sweden
562,,,,,,,,,,,,
562,Accepted-Assigned,Value 93,19.062463774983016,Accepted,Medium,Assigned,Org line A2,A2_4,se,G105 2nd,PROD163,Sweden
562,,,,,,,,,,,,
562,Accepted-In Progress,Value 93,19.109587446379923,Accepted,Medium,In Progress,Org line A2,A2_4,se,G105 2nd,PROD163,Sweden
562,,,,,,,,,,,,
563,Accepted-In Progress,Value 291,19.0163192688299,Accepted,High,In Progress,Org line A2,A2_3,se,S21 2nd,PROD290,Sweden
563,,,,,,,,,,,,
563,Completed-Closed,Value 291,19.092894317499614,Completed,High,Closed,Org line A2,A2_3,se,S21 2nd,PROD290,Sweden
564,Accepted-In Progress,Value 292,19.01634380290793,Accepted,High,In Progress,Org line C,E_4,us,G88 2nd,PROD197,INDIA
564,,,,,,,,,,,,
564,Completed-Closed,Value 292,19.02205054451563,Completed,High,Closed,Org line C,E_4,us,G88 2nd,PROD197,INDIA
564,,,,,,,,,,,,
564,Queued-Awaiting Assignment,Value 292,19.06202008197809,Queued,High,Awaiting Assignment,Org line C,E_4,us,G88 2nd,PROD197,INDIA
564,,,,,,,,,,,,
564,Accepted-In Progress,Value 150,19.080543332477884,Accepted,High,In Progress,Org line C,E_4,us,G88 2nd,PROD197,USA
564,,,,,,,,,,,,
564,Accepted-Assigned,Value 294,19.081061800408502,Accepted,High,Assigned,Org line C,E_4,us,G88 2nd,PROD197,Sweden
564,,,,,,,,,,,,
564,Queued-Awaiting Assignment,Value 150,19.084049248300257,Queued,High,Awaiting Assignment,Org line C,E_4,us,G88 2nd,PROD197,USA
564,,,,,,,,,,,,
564,Completed-Closed,Value 294,19.086680566999398,Completed,High,Closed,Org line C,E_4,us,G88 2nd,PROD197,Sweden
565,Accepted-In Progress,Value 295,19.016601322042575,Accepted,High,In Progress,Org line C,E_8,in,G183 2nd,PROD476,France
565,,,,,,,,,,,,
565,Accepted-In Progress,Value 186,19.01922532331519,Accepted,High,In Progress,Org line C,E_8,in,G181 2nd,PROD476,INDIA
565,,,,,,,,,,,,
565,Accepted-Assigned,Value 187,19.019228478077178,Accepted,High,Assigned,Org line C,E_8,in,G181 2nd,PROD476,INDIA
565,,,,,,,,,,,,
565,Completed-Closed,Value 187,19.058717982297456,Completed,High,Closed,Org line C,E_8,in,G181 2nd,PROD476,INDIA
566,Accepted-In Progress,Value 77,19.016883973330046,Accepted,Medium,In Progress,Org line G4,,se,M19 2nd,PROD286,Sweden
566,,,,,,,,,,,,
567,Accepted-In Progress,Value 77,19.01688511919995,Accepted,Medium,In Progress,Org line G4,,se,M19 2nd,PROD286,Sweden
567,,,,,,,,,,,,
568,Accepted-In Progress,Value 295,19.01694237796917,Accepted,Medium,In Progress,Org line C,E_8,in,G183 2nd,PROD476,France
568,,,,,,,,,,,,
568,Accepted-In Progress,Value 186,19.01922734588151,Accepted,Medium,In Progress,Org line C,E_8,in,G181 2nd,PROD476,INDIA
568,,,,,,,,,,,,
568,Accepted-In Progress,Value 186,19.055592420230422,Accepted,Medium,In Progress,Org line C,E_8,in,G181 2nd,PROD476,Sweden
568,,,,,,,,,,,,
568,Accepted-In Progress,Value 214,19.09325691468587,Accepted,Medium,In Progress,Org line C,E_8,in,G181 2nd,PROD476,Sweden
568,,,,,,,,,,,,
569,Accepted-In Progress,Value 103,19.01726065139718,Accepted,Medium,In Progress,Org line C,C_6,se,G141 3rd,PROD660,Sweden
569,,,,,,,,,,,,
569,Accepted-Assigned,Value 123,19.017262061167287,Accepted,Medium,Assigned,Org line C,C_6,se,G141 3rd,PROD660,Sweden
569,,,,,,,,,,,,
569,Accepted-Wait,Value 106,19.07381993713999,Accepted,Medium,Wait,Org line C,C_6,se,G141 3rd,PROD660,Sweden
569,,,,,,,,,,,,
570,Accepted-In Progress,Value 68,19.017245309004934,Accepted,Medium,In Progress,Org line V2,,se,T10 2nd,PROD615,Sweden
570,,,,,,,,,,,,
571,Accepted-In Progress,Value 296,19.017362210335225,Accepted,Medium,In Progress,Org line A2,A2_4,se,G105 2nd,PROD337,Sweden
571,,,,,,,,,,,,
572,Accepted-In Progress,Value 296,19.017366136361566,Accepted,Medium,In Progress,Org line A2,A2_4,se,G105 2nd,PROD337,Sweden
572,,,,,,,,,,,,
573,Accepted-In Progress,Value 297,19.017373151410926,Accepted,Medium,In Progress,Org line A2,A2_4,se,G105 2nd,PROD337,Sweden
573,,,,,,,,,,,,
574,Accepted-In Progress,Value 297,19.018779192527525,Accepted,Medium,In Progress,Org line A2,A2_4,se,G105 2nd,PROD337,Sweden
574,,,,,,,,,,,,
575,Accepted-In Progress,Value 281,19.018781117022453,Accepted,High,In Progress,Org line C,E_8,in,G186 2nd,PROD474,Sweden
575,,,,,,,,,,,,
575,Completed-Closed,Value 281,19.070953236115095,Completed,High,Closed,Org line C,E_8,in,G186 2nd,PROD474,Sweden
576,Accepted-In Progress,Value 165,19.018852128295563,Accepted,High,In Progress,Org line C,V3_3,us,N22 2nd,PROD671,USA
576,,,,,,,,,,,,
576,Queued-Awaiting Assignment,Value 165,19.01886993668111,Queued,High,Awaiting Assignment,Org line C,V3_3,us,N22 2nd,PROD671,USA
576,,,,,,,,,,,,
576,Accepted-Wait,Value 165,19.019348093373097,Accepted,High,Wait,Org line C,V3_3,us,N22 2nd,PROD671,USA
576,,,,,,,,,,,,
577,Accepted-In Progress,Value 298,19.019175505336026,Accepted,Low,In Progress,Org line G4,,se,S33 2nd,PROD397,Sweden
577,,,,,,,,,,,,
578,Accepted-In Progress,Value 126,19.01925494141171,Accepted,Medium,In Progress,Org line A2,A2_3,se,U6 2nd,PROD802,Sweden
578,,,,,,,,,,,,
578,Queued-Awaiting Assignment,Value 126,19.019255870226306,Queued,Medium,Awaiting Assignment,Org line A2,A2_3,se,U6 2nd,PROD802,Sweden
578,,,,,,,,,,,,
578,Accepted-Assigned,Value 31,19.044964073273317,Accepted,Medium,Assigned,Org line A2,A2_3,se,U6 2nd,PROD802,Sweden
578,,,,,,,,,,,,
578,Completed-Closed,Value 13,19.070648533723986,Completed,Medium,Closed,Org line A2,A2_3,se,U5 2nd,PROD802,Sweden
579,Accepted-In Progress,Value 118,19.019264795595973,Accepted,High,In Progress,Org line C,C_6,fr,G225 3rd,PROD804,France
579,,,,,,,,,,,,
580,Accepted-In Progress,Value 13,19.019708413580386,Accepted,Medium,In Progress,Org line A2,D_1,se,L38 3rd,PROD607,Sweden
580,,,,,,,,,,,,
581,Accepted-In Progress,Value 55,19.019617877340107,Accepted,High,In Progress,Org line C,V3_3,us,V42 2nd,PROD794,France
581,,,,,,,,,,,,
581,Accepted-In Progress,Value 55,19.032072693390532,Accepted,High,In Progress,Org line C,V3_3,us,V42 2nd,PROD794,France
581,,,,,,,,,,,,
581,Accepted-In Progress,Value 299,19.038482698044266,Accepted,High,In Progress,Org line C,E_4,us,G88 2nd,PROD794,INDIA
581,,,,,,,,,,,,
582,Queued-Awaiting Assignment,Value 300,19.019703134355986,Queued,Medium,Awaiting Assignment,Org line A2,D_1,fr,V21 2nd,PROD603,France
582,,,,,,,,,,,,
582,Queued-Awaiting Assignment,Value 300,19.01971876868986,Queued,Medium,Awaiting Assignment,Org line A2,D_1,fr,V21 2nd,PROD603,France
582,,,,,,,,,,,,
582,Accepted-In Progress,Value 300,19.019720087104588,Accepted,Medium,In Progress,Org line A2,D_1,fr,V21 2nd,PROD603,France
582,,,,,,,,,,,,
583,Queued-Awaiting Assignment,Value 150,19.019841901125787,Queued,High,Awaiting Assignment,Org line C,E_4,us,G88 2nd,PROD348,USA
583,,,,,,,,,,,,
583,Completed-Closed,Value 299,19.02834610624201,Completed,High,Closed,Org line C,E_4,us,G88 2nd,PROD348,INDIA
583,,,,,,,,,,,,
583,Completed-Closed,Value 299,19.055491925237774,Completed,High,Closed,Org line C,E_4,us,G88 2nd,PROD348,INDIA
584,Accepted-In Progress,Value 133,19.019844411296575,Accepted,High,In Progress,Org line G4,,se,S33 2nd,PROD374,Sweden
584,,,,,,,,,,,,
585,Accepted-In Progress,Value 164,19.020175226326096,Accepted,Medium,In Progress,Org line G4,,se,S33 2nd,PROD374,Sweden
585,,,,,,,,,,,,
586,Accepted-In Progress,Value 46,19.02024483193387,Accepted,Medium,In Progress,Org line G3,,us,G199 3rd,PROD97,USA
586,,,,,,,,,,,,
586,Accepted-In Progress,Value 78,19.0202473850174,Accepted,Medium,In Progress,Org line G3,,us,G199 3rd,PROD97,Sweden
586,,,,,,,,,,,,
586,Accepted-In Progress,Value 43,19.07074262585881,Accepted,Medium,In Progress,Org line G3,,us,G199 3rd,PROD97,POLAND
586,,,,,,,,,,,,
587,Accepted-In Progress,Value 69,19.0204767131757,Accepted,Medium,In Progress,Org line B,E_10,in,G230 2nd,PROD424,INDIA
587,,,,,,,,,,,,
587,Accepted-In Progress,Value 71,19.021246084900685,Accepted,Medium,In Progress,Org line B,E_10,in,G230 2nd,PROD424,INDIA
587,,,,,,,,,,,,
588,Accepted-In Progress,Value 69,19.020479457790046,Accepted,Medium,In Progress,Org line B,E_10,in,G230 2nd,PROD321,INDIA
588,,,,,,,,,,,,
588,Accepted-In Progress,Value 71,19.021246562096838,Accepted,Medium,In Progress,Org line B,E_10,in,G230 2nd,PROD321,INDIA
588,,,,,,,,,,,,
589,Accepted-In Progress,Value 244,19.020636975052227,Accepted,Medium,In Progress,Org line C,E_10,se,G255 2nd,PROD399,Sweden
589,,,,,,,,,,,,
590,Accepted-In Progress,Value 62,19.020686895897565,Accepted,Low,In Progress,Org line A2,A2_3,se,S35 2nd,PROD551,Sweden
590,,,,,,,,,,,,
590,Accepted-In Progress,Value 62,19.022128897639654,Accepted,Low,In Progress,Org line A2,A2_3,se,S35 2nd,PROD551,Sweden
590,,,,,,,,,,,,
590,Accepted-In Progress,Value 62,19.05927144857649,Accepted,Low,In Progress,Org line A2,A2_3,se,S35 2nd,PROD551,Sweden
590,,,,,,,,,,,,
591,Accepted-In Progress,Value 301,19.021422083529917,Accepted,Low,In Progress,Org line B,E_10,in,G238 2nd,PROD209,INDIA
591,,,,,,,,,,,,
592,Accepted-In Progress,Value 132,19.02151858168954,Accepted,Medium,In Progress,Org line G4,,se,S33 2nd,PROD374,Sweden
592,,,,,,,,,,,,
593,Accepted-In Progress,Value 207,19.021222542940993,Accepted,Medium,In Progress,Org line C,E_1,se,G99 2nd,PROD153,Sweden
593,,,,,,,,,,,,
593,Accepted-In Progress,Value 237,19.035291861279816,Accepted,Medium,In Progress,Org line C,E_1,se,G99 2nd,PROD153,USA
593,,,,,,,,,,,,
594,Accepted-In Progress,Value 29,19.021963075732987,Accepted,Medium,In Progress,Org line A2,A2_1,gb,G42 3rd,PROD236,United Kingdom
594,,,,,,,,,,,,
594,Accepted-In Progress,Value 143,19.109564318246907,Accepted,Medium,In Progress,Org line A2,A2_1,gb,G42 3rd,PROD236,United Kingdom
594,,,,,,,,,,,,
595,Accepted-In Progress,Value 57,19.02199274439669,Accepted,Medium,In Progress,Org line C,C_1,be,G56 3rd,PROD795,Sweden
595,,,,,,,,,,,,
595,Accepted-In Progress,Value 57,19.037158564033245,Accepted,Medium,In Progress,Org line C,C_1,be,G56 3rd,PROD795,Sweden
595,,,,,,,,,,,,
596,Accepted-In Progress,Value 77,19.022085142969406,Accepted,Medium,In Progress,Org line G4,,se,M19 2nd,PROD286,Sweden
596,,,,,,,,,,,,
597,Accepted-In Progress,Value 302,19.02213659725515,Accepted,High,In Progress,Org line V5,,de,V19 2nd,PROD637,Germany
597,,,,,,,,,,,,
598,Accepted-Wait,Value 303,19.022347373808564,Accepted,Medium,Wait,Org line C,E_4,in,G88 2nd,PROD794,INDIA
598,,,,,,,,,,,,
598,Accepted-Wait,Value 303,19.055621383343475,Accepted,Medium,Wait,Org line C,E_4,in,G88 2nd,PROD794,INDIA
598,,,,,,,,,,,,
598,Queued-Awaiting Assignment,Value 217,19.08637867225472,Queued,Medium,Awaiting Assignment,Org line C,E_5,in,G92,PROD794,INDIA
598,,,,,,,,,,,,
598,Completed-Closed,Value 303,19.093380171867516,Completed,Medium,Closed,Org line C,E_5,in,G92,PROD794,INDIA
599,Accepted-Wait,Value 304,19.022535460368534,Accepted,Low,Wait,Org line A2,A2_3,se,S35 2nd,PROD551,Sweden
599,,,,,,,,,,,,
599,Accepted-In Progress,Value 304,19.08094102514421,Accepted,Low,In Progress,Org line A2,A2_3,se,S35 2nd,PROD551,Sweden
599,,,,,,,,,,,,
600,Accepted-In Progress,Value 273,19.022558796150026,Accepted,Medium,In Progress,Org line C,E_4,us,G88 2nd,PROD348,Sweden
600,,,,,,,,,,,,
601,Accepted-In Progress,Value 77,19.022562389592878,Accepted,Medium,In Progress,Org line G4,,se,M19 2nd,PROD286,Sweden
601,,,,,,,,,,,,
602,Accepted-In Progress,Value 8,19.022561321421428,Accepted,Medium,In Progress,Org line A2,A2_4,se,G105 2nd,PROD337,Sweden
602,,,,,,,,,,,,
603,Queued-Awaiting Assignment,Value 69,19.022944332894223,Queued,Medium,Awaiting Assignment,Org line B,E_10,in,G230 2nd,PROD424,INDIA
603,,,,,,,,,,,,
603,Completed-Closed,Value 71,19.05315883545722,Completed,Medium,Closed,Org line B,E_10,in,G230 2nd,PROD424,INDIA
603,,,,,,,,,,,,
603,Completed-Closed,Value 71,19.067888682100758,Completed,Medium,Closed,Org line B,E_10,in,G230 2nd,PROD424,INDIA
604,Accepted-Wait,Value 20,19.022933145961083,Accepted,Medium,Wait,Org line C,E_6,se,G334 2nd,PROD289,Sweden
604,,,,,,,,,,,,
605,Accepted-In Progress,Value 60,19.023073031118706,Accepted,Medium,In Progress,Org line G4,,se,S30 2nd,PROD412,Sweden
605,,,,,,,,,,,,
605,Accepted-Assigned,Value 104,19.025788692187596,Accepted,Medium,Assigned,Org line G4,,se,S30 2nd,PROD412,Sweden
605,,,,,,,,,,,,
605,Completed-Closed,Value 134,19.091098006077043,Completed,Medium,Closed,Org line G4,,se,S30 2nd,PROD412,Sweden
606,Accepted-In Progress,Value 114,19.0233919812928,Accepted,Medium,In Progress,Org line G4,,se,S30 2nd,PROD408,Sweden
606,,,,,,,,,,,,
606,Accepted-In Progress,Value 114,19.0911536858841,Accepted,Medium,In Progress,Org line G4,,se,S30 2nd,PROD408,Sweden
606,,,,,,,,,,,,
607,Accepted-In Progress,Value 4,19.02341117582063,Accepted,Medium,In Progress,Org line C,V3_2,se,M11,PROD512,Sweden
607,,,,,,,,,,,,
608,Accepted-In Progress,Value 305,19.02340680276272,Accepted,Medium,In Progress,Org line A2,A2_2,pl,G171 2nd,PROD686,Belgium
608,,,,,,,,,,,,
608,Accepted-In Progress,Value 305,19.028753710011276,Accepted,Medium,In Progress,Org line A2,A2_2,pl,G171 2nd,PROD686,Belgium
608,,,,,,,,,,,,
608,Completed-Closed,Value 213,19.09597388548428,Completed,Medium,Closed,Org line A2,A2_2,pl,G171 2nd,PROD686,POLAND
609,Accepted-In Progress,Value 44,19.023434288673883,Accepted,Medium,In Progress,Org line C,C_6,se,G273 3rd,PROD802,Sweden
609,,,,,,,,,,,,
609,Accepted-In Progress,Value 204,19.023905514574682,Accepted,Medium,In Progress,Org line C,C_6,se,G273 3rd,PROD802,Sweden
609,,,,,,,,,,,,
609,Completed-Closed,Value 204,19.058292212203334,Completed,Medium,Closed,Org line C,C_6,se,G273 3rd,PROD802,Sweden
610,Accepted-In Progress,Value 103,19.023506305621492,Accepted,Medium,In Progress,Org line C,C_6,se,G141 3rd,PROD660,Sweden
610,,,,,,,,,,,,
610,Accepted-In Progress,Value 113,19.025763422271808,Accepted,Medium,In Progress,Org line C,C_6,se,G141 3rd,PROD660,Sweden
610,,,,,,,,,,,,
610,Accepted-Wait,Value 306,19.025818564248446,Accepted,Medium,Wait,Org line C,C_6,se,G250 3rd,PROD660,Sweden
610,,,,,,,,,,,,
611,Accepted-In Progress,Value 2,19.02350793646427,Accepted,Medium,In Progress,Org line C,C_6,se,G250 3rd,PROD660,Sweden
611,,,,,,,,,,,,
611,Completed-Closed,Value 2,19.067450762959,Completed,Medium,Closed,Org line C,C_6,se,G250 3rd,PROD660,Sweden
612,Queued-Awaiting Assignment,Value 98,19.023540279139105,Queued,High,Awaiting Assignment,Org line A2,A2_3,se,G361 2nd,PROD234,Sweden
612,,,,,,,,,,,,
612,Completed-Closed,Value 39,19.09953127774727,Completed,High,Closed,Org line A2,A2_3,se,M3 2nd,PROD234,Sweden
613,Accepted-In Progress,Value 111,19.02358488404606,Accepted,Major,In Progress,Org line A2,A2_5,us,N30 2nd,PROD487,USA
613,,,,,,,,,,,,
614,Accepted-In Progress,Value 307,19.02395626262333,Accepted,Medium,In Progress,Org line C,E_4,us,G88 2nd,PROD774,INDIA
614,,,,,,,,,,,,
614,Accepted-In Progress,Value 307,19.04916259000093,Accepted,Medium,In Progress,Org line C,E_4,us,G88 2nd,PROD774,INDIA
614,,,,,,,,,,,,
614,Queued-Awaiting Assignment,Value 150,19.05339044393386,Queued,Medium,Awaiting Assignment,Org line C,E_4,us,G88 2nd,PROD774,USA
614,,,,,,,,,,,,
614,Completed-Closed,Value 299,19.084933708284552,Completed,Medium,Closed,Org line C,E_4,us,G88 2nd,PROD774,INDIA
615,Accepted-In Progress,Value 46,19.023893413872816,Accepted,Medium,In Progress,Org line G3,,us,G199 3rd,PROD96,USA
615,,,,,,,,,,,,
615,Accepted-In Progress,Value 43,19.03572795183982,Accepted,Medium,In Progress,Org line G3,,us,G199 3rd,PROD96,POLAND
615,,,,,,,,,,,,
616,Accepted-In Progress,Value 308,19.023995296989906,Accepted,High,In Progress,Org line C,E_7,in,G157 2nd,PROD424,USA
616,,,,,,,,,,,,
616,Accepted-In Progress,Value 308,19.023998130423006,Accepted,High,In Progress,Org line C,E_7,in,G165 2nd,PROD424,USA
616,,,,,,,,,,,,
616,Completed-Closed,Value 308,19.073805074132967,Completed,High,Closed,Org line C,E_7,in,G165 2nd,PROD424,USA
617,Accepted-In Progress,Value 309,19.02400044420509,Accepted,Major,In Progress,Org line C,C_1,se,G100 3rd,PROD153,Sweden
617,,,,,,,,,,,,
618,Accepted-In Progress,Value 256,19.02530990765608,Accepted,Medium,In Progress,Org line A2,D_1,pl,V11 3rd,PROD74,POLAND
618,,,,,,,,,,,,
618,Accepted-In Progress,Value 256,19.027318570578927,Accepted,Medium,In Progress,Org line A2,D_1,pl,V11 3rd,PROD74,POLAND
618,,,,,,,,,,,,
619,Accepted-In Progress,Value 150,19.025483291859484,Accepted,Medium,In Progress,Org line C,E_7,se,G135 2nd,PROD806,Sweden
619,,,,,,,,,,,,
619,Completed-Closed,Value 150,19.05563689535569,Completed,Medium,Closed,Org line C,E_7,se,G135 2nd,PROD806,Sweden
620,Accepted-In Progress,Value 285,19.025596722019788,Accepted,Low,In Progress,Org line C,E_10,se,G138 2nd,PROD802,Sweden
620,,,,,,,,,,,,
620,Accepted-In Progress,Value 286,19.03373938745529,Accepted,Low,In Progress,Org line C,E_10,se,G138 2nd,PROD802,Sweden
620,,,,,,,,,,,,
620,Accepted-In Progress,Value 122,19.033801674620012,Accepted,Low,In Progress,Org line C,C_6,se,G273 3rd,PROD802,Sweden
620,,,,,,,,,,,,
621,Accepted-In Progress,Value 94,19.02563369914237,Accepted,Low,In Progress,Org line F,,se,S1 2nd,PROD813,Sweden
621,,,,,,,,,,,,
621,Accepted-In Progress,Value 122,19.025759288821614,Accepted,Low,In Progress,Org line F,,se,S1 2nd,PROD813,Sweden
621,,,,,,,,,,,,
621,Accepted-Wait,Value 123,19.055594524257923,Accepted,Low,Wait,Org line F,,se,S1 2nd,PROD813,Sweden
621,,,,,,,,,,,,
622,Accepted-In Progress,Value 94,19.02563541389527,Accepted,Low,In Progress,Org line F,,se,S1 2nd,PROD812,Sweden
622,,,,,,,,,,,,
622,Accepted-In Progress,Value 122,19.025759681964246,Accepted,Low,In Progress,Org line F,,se,S1 2nd,PROD812,Sweden
622,,,,,,,,,,,,
622,Completed-Closed,Value 123,19.055594730950563,Completed,Low,Closed,Org line F,,se,S1 2nd,PROD812,Sweden
623,Accepted-In Progress,Value 4,19.025768227317926,Accepted,Low,In Progress,Org line C,V3_2,se,M11,PROD512,Sweden
623,,,,,,,,,,,,
624,Accepted-In Progress,Value 227,19.025870476502227,Accepted,Medium,In Progress,Org line A2,A2_1,se,N16 2nd,PROD753,Sweden
624,,,,,,,,,,,,
624,Accepted-In Progress,Value 167,19.057908858246144,Accepted,Medium,In Progress,Org line A2,A2_1,se,N16 2nd,PROD753,Sweden
624,,,,,,,,,,,,
625,Accepted-In Progress,Value 46,19.025899953032813,Accepted,Medium,In Progress,Org line G3,,us,G199 3rd,PROD96,USA
625,,,,,,,,,,,,
625,Accepted-In Progress,Value 43,19.057895565230798,Accepted,Medium,In Progress,Org line G3,,us,G199 3rd,PROD96,POLAND
625,,,,,,,,,,,,
626,Queued-Awaiting Assignment,Value 150,19.025921834659197,Queued,High,Awaiting Assignment,Org line C,E_4,us,G88 2nd,PROD793,USA
626,,,,,,,,,,,,
626,Accepted-In Progress,Value 150,19.05663043990911,Accepted,High,In Progress,Org line C,E_4,us,G88 2nd,PROD793,USA
626,,,,,,,,,,,,
627,Accepted-In Progress,Value 311,19.026252004561922,Accepted,High,In Progress,Org line G4,,se,S30 2nd,PROD412,Sweden
627,,,,,,,,,,,,
627,Accepted-In Progress,Value 60,19.03528545217277,Accepted,High,In Progress,Org line G4,,se,S30 2nd,PROD412,Sweden
627,,,,,,,,,,,,
628,Accepted-In Progress,Value 285,19.026284034853884,Accepted,Medium,In Progress,Org line C,E_10,se,G145 2nd,PROD104,Sweden
628,,,,,,,,,,,,
628,Accepted-In Progress,Value 42,19.032849263137393,Accepted,Medium,In Progress,Org line C,E_10,se,G138 2nd,PROD104,Sweden
628,,,,,,,,,,,,
628,Queued-Awaiting Assignment,Value 113,19.032868900482473,Queued,Medium,Awaiting Assignment,Org line C,C_6,se,G141 3rd,PROD104,Sweden
628,,,,,,,,,,,,
628,Accepted-In Progress,Value 103,19.033304444619663,Accepted,Medium,In Progress,Org line C,C_6,se,G141 3rd,PROD104,Sweden
628,,,,,,,,,,,,
628,Accepted-Assigned,Value 112,19.033305875306308,Accepted,Medium,Assigned,Org line C,E_10,se,G140 2nd,PROD104,Sweden
628,,,,,,,,,,,,
628,Accepted-In Progress,Value 106,19.033412742895635,Accepted,Medium,In Progress,Org line C,C_6,se,G141 3rd,PROD104,Sweden
628,,,,,,,,,,,,
628,Queued-Awaiting Assignment,Value 113,19.042267114047693,Queued,Medium,Awaiting Assignment,Org line C,C_6,se,G141 3rd,PROD104,Sweden
628,,,,,,,,,,,,
628,Completed-Closed,Value 312,19.066110534215166,Completed,Medium,Closed,Org line C,C_6,se,G261 3rd,PROD104,Sweden
629,Accepted-In Progress,Value 309,19.026333958367992,Accepted,Medium,In Progress,Org line C,C_1,se,G100 3rd,PROD153,Sweden
629,,,,,,,,,,,,
629,Accepted-In Progress,Value 309,19.029637466804143,Accepted,Medium,In Progress,Org line C,C_1,se,G100 3rd,PROD153,Sweden
629,,,,,,,,,,,,
630,Accepted-In Progress,Value 296,19.026467508433807,Accepted,Medium,In Progress,Org line A2,A2_4,se,G105 2nd,PROD337,Sweden
630,,,,,,,,,,,,
631,Accepted-In Progress,Value 313,19.02665861868894,Accepted,Medium,In Progress,Org line A2,A2_4,in,G31 3rd,PROD194,Sweden
631,,,,,,,,,,,,
631,Accepted-In Progress,Value 313,19.077682602292747,Accepted,Medium,In Progress,Org line A2,A2_4,in,G31 3rd,PROD194,Sweden
631,,,,,,,,,,,,
632,Accepted-In Progress,Value 314,19.026738913600155,Accepted,Low,In Progress,Org line C,,fr,N18 2nd,PROD696,USA
632,,,,,,,,,,,,
632,Accepted-In Progress,Value 315,19.042737313235534,Accepted,Low,In Progress,Org line A2,A2_2,fr,M16 3rd,PROD696,POLAND
632,,,,,,,,,,,,
632,Accepted-In Progress,Value 148,19.058411843105755,Accepted,Low,In Progress,Org line C,E_6,fr,W12 2nd,PROD696,France
632,,,,,,,,,,,,
633,Accepted-In Progress,Value 77,19.026743670321746,Accepted,Low,In Progress,Org line C,C_1,be,G56 3rd,PROD394,Belgium
633,,,,,,,,,,,,
634,Accepted-In Progress,Value 43,19.02680942204275,Accepted,Medium,In Progress,Org line G3,,us,G199 3rd,PROD97,POLAND
634,,,,,,,,,,,,
635,Accepted-In Progress,Value 39,19.02691476088141,Accepted,High,In Progress,Org line C,E_7,se,G157 2nd,PROD677,Sweden
635,,,,,,,,,,,,
635,Accepted-Assigned,Value 176,19.068781028066255,Accepted,High,Assigned,Org line C,E_7,se,G157 2nd,PROD677,INDIA
635,,,,,,,,,,,,
635,Completed-Closed,Value 177,19.084504870330008,Completed,High,Closed,Org line C,E_7,se,G136 2nd,PROD677,Sweden
636,Accepted-In Progress,Value 256,19.02718792582595,Accepted,High,In Progress,Org line A2,A2_2,pl,L60 2nd,PROD229,POLAND
636,,,,,,,,,,,,
636,Accepted-In Progress,Value 256,19.05505043008024,Accepted,High,In Progress,Org line A2,A2_2,pl,L60 2nd,PROD229,POLAND
636,,,,,,,,,,,,
637,Accepted-In Progress,Value 256,19.02718825842962,Accepted,High,In Progress,Org line A2,A2_2,pl,L60 2nd,PROD229,POLAND
637,,,,,,,,,,,,
637,Accepted-In Progress,Value 256,19.05505114064128,Accepted,High,In Progress,Org line A2,A2_2,pl,L60 2nd,PROD229,POLAND
637,,,,,,,,,,,,
638,Accepted-Wait,Value 20,19.027188967256752,Accepted,Medium,Wait,Org line A2,A2_2,se,G357 2nd,PROD233,Sweden
638,,,,,,,,,,,,
638,Accepted-In Progress,Value 40,19.05507800372029,Accepted,Medium,In Progress,Org line A2,A2_2,se,G357 2nd,PROD233,POLAND
638,,,,,,,,,,,,
638,Completed-Closed,Value 40,19.09420365700908,Completed,Medium,Closed,Org line A2,A2_2,se,G357 2nd,PROD233,POLAND
639,Accepted-Wait,Value 256,19.027189294407563,Accepted,High,Wait,Org line A2,A2_2,pl,L60 2nd,PROD229,POLAND
639,,,,,,,,,,,,
640,Accepted-Wait,Value 256,19.027189741513503,Accepted,Low,Wait,Org line A2,A2_4,pl,W11 2nd,PROD555,POLAND
640,,,,,,,,,,,,
640,Completed-Closed,Value 256,19.072310375650208,Completed,Low,Closed,Org line A2,A2_4,pl,W11 2nd,PROD555,POLAND
641,Accepted-Wait,Value 256,19.027190106831622,Accepted,Medium,Wait,Org line A2,A2_4,pl,W11 2nd,PROD370,POLAND
641,,,,,,,,,,,,
642,Accepted-In Progress,Value 251,19.027222881321556,Accepted,Low,In Progress,Org line G1,E_6,se,G358 2nd,PROD380,Sweden
642,,,,,,,,,,,,
642,Completed-Closed,Value 251,19.11685539210406,Completed,Low,Closed,Org line G1,E_6,se,G358 2nd,PROD380,Sweden
643,Accepted-Wait,Value 213,19.02733615795634,Accepted,Medium,Wait,Org line A2,A2_3,pl,N26 2nd,PROD791,POLAND
643,,,,,,,,,,,,
644,Accepted-In Progress,Value 229,19.028136367086635,Accepted,High,In Progress,Org line C,E_10,se,G271 2nd,PROD802,Sweden
644,,,,,,,,,,,,
644,Accepted-In Progress,Value 316,19.028598615060304,Accepted,High,In Progress,Org line C,E_10,se,G271 2nd,PROD802,Sweden
644,,,,,,,,,,,,
644,Accepted-In Progress,Value 128,19.028610196154613,Accepted,High,In Progress,Org line C,C_6,se,R4 3rd,PROD802,Sweden
644,,,,,,,,,,,,
644,Accepted-In Progress,Value 128,19.028660804017534,Accepted,High,In Progress,Org line C,C_6,se,R4 3rd,PROD802,Sweden
644,,,,,,,,,,,,
644,Accepted-In Progress,Value 76,19.029110510739635,Accepted,High,In Progress,Org line C,C_6,se,G273 3rd,PROD802,Sweden
644,,,,,,,,,,,,
644,Accepted-In Progress,Value 76,19.029609035804533,Accepted,High,In Progress,Org line C,E_10,se,R6 2nd,PROD802,Sweden
644,,,,,,,,,,,,
644,Accepted-In Progress,Value 317,19.0427065303989,Accepted,High,In Progress,Org line C,E_5,se,G81,PROD802,INDIA
644,,,,,,,,,,,,
644,Accepted-In Progress,Value 188,19.04270769000671,Accepted,High,In Progress,Org line C,E_10,se,G271 2nd,PROD802,Sweden
644,,,,,,,,,,,,
644,Queued-Awaiting Assignment,Value 44,19.042714508043968,Queued,High,Awaiting Assignment,Org line C,C_6,se,G273 3rd,PROD802,Sweden
644,,,,,,,,,,,,
644,Completed-Closed,Value 76,19.063987694967157,Completed,High,Closed,Org line C,C_6,se,G273 3rd,PROD802,Sweden
645,Accepted-In Progress,Value 319,19.02856445358991,Accepted,Medium,In Progress,Org line C,E_4,us,G88 2nd,PROD348,INDIA
645,,,,,,,,,,,,
645,Accepted-Assigned,Value 319,19.028564845631255,Accepted,Medium,Assigned,Org line C,E_4,us,G88 2nd,PROD348,INDIA
645,,,,,,,,,,,,
645,Accepted-Wait,Value 319,19.117716130632285,Accepted,Medium,Wait,Org line C,E_4,us,G88 2nd,PROD348,INDIA
645,,,,,,,,,,,,
646,Accepted-In Progress,Value 2,19.02859589263973,Accepted,Medium,In Progress,Org line V2,,se,T3 2nd,PROD61,Sweden
646,,,,,,,,,,,,
647,Accepted-In Progress,Value 43,19.028641797104356,Accepted,Medium,In Progress,Org line G3,,us,G199 3rd,PROD97,POLAND
647,,,,,,,,,,,,
648,Accepted-In Progress,Value 267,19.028664533489753,Accepted,High,In Progress,Org line C,E_8,in,G119 2nd,PROD597,INDIA
648,,,,,,,,,,,,
649,Accepted-In Progress,Value 320,19.029077335469193,Accepted,High,In Progress,Org line C,C_5,se,G120 3rd,PROD597,Sweden
649,,,,,,,,,,,,
650,Accepted-In Progress,Value 320,19.029077836154027,Accepted,High,In Progress,Org line C,C_5,se,G120 3rd,PROD597,Sweden
650,,,,,,,,,,,,
651,Accepted-In Progress,Value 320,19.029078282416382,Accepted,Low,In Progress,Org line C,C_5,se,G120 3rd,PROD597,Sweden
651,,,,,,,,,,,,
652,Accepted-In Progress,Value 321,19.029145535142494,Accepted,Medium,In Progress,Org line C,E_4,us,G88 2nd,PROD348,INDIA
652,,,,,,,,,,,,
652,Completed-Closed,Value 321,19.0586613280394,Completed,Medium,Closed,Org line C,E_4,us,G88 2nd,PROD348,INDIA
653,Accepted-In Progress,Value 300,19.029167471026128,Accepted,Medium,In Progress,Org line A2,D_1,fr,V21 2nd,PROD603,France
653,,,,,,,,,,,,
653,Accepted-In Progress,Value 300,19.02916799343277,Accepted,Medium,In Progress,Org line A2,D_1,fr,V44 3rd,PROD603,France
653,,,,,,,,,,,,
653,Accepted-In Progress,Value 300,19.02916828728639,Accepted,Medium,In Progress,Org line A2,D_1,fr,V21 2nd,PROD603,France
653,,,,,,,,,,,,
653,Completed-Closed,Value 300,19.06833175218998,Completed,Medium,Closed,Org line A2,D_1,fr,V21 2nd,PROD603,France
654,Accepted-In Progress,Value 300,19.029182577174765,Accepted,Medium,In Progress,Org line A2,D_1,fr,V21 2nd,PROD596,France
654,,,,,,,,,,,,
655,Accepted-In Progress,Value 13,19.029279842029187,Accepted,High,In Progress,Org line C,,in,G163 3rd,PROD671,Sweden
655,,,,,,,,,,,,
655,Accepted-In Progress,Value 13,19.03046653819487,Accepted,High,In Progress,Org line C,E_7,in,G157 2nd,PROD671,Sweden
655,,,,,,,,,,,,
655,Accepted-In Progress,Value 83,19.03046891857868,Accepted,High,In Progress,Org line C,E_7,in,G162 2nd,PROD671,Sweden
655,,,,,,,,,,,,
655,Accepted-In Progress,Value 83,19.055674214352795,Accepted,High,In Progress,Org line C,E_7,in,G162 2nd,PROD671,Sweden
655,,,,,,,,,,,,
656,Accepted-Assigned,Value 17,19.02958765898971,Accepted,Medium,Assigned,Org line A2,D_1,in,L50 3rd,PROD611,Sweden
656,,,,,,,,,,,,
656,Completed-Closed,Value 322,19.077760696693407,Completed,Medium,Closed,Org line A2,D_1,in,L50 3rd,PROD611,Sweden
657,Accepted-In Progress,Value 20,19.029552693585952,Accepted,High,In Progress,Org line C,E_8,in,G186 2nd,PROD476,Sweden
657,,,,,,,,,,,,
657,Completed-Closed,Value 20,19.062008402217455,Completed,High,Closed,Org line C,E_8,in,G186 2nd,PROD476,Sweden
658,Accepted-In Progress,Value 160,19.02959976713483,Accepted,Medium,In Progress,Org line A2,A2_3,pl,N26 2nd,PROD791,POLAND
658,,,,,,,,,,,,
658,Accepted-Wait,Value 160,19.043666150482032,Accepted,Medium,Wait,Org line A2,A2_3,pl,N26 2nd,PROD791,POLAND
658,,,,,,,,,,,,
658,Accepted-In Progress,Value 323,19.062786845684162,Accepted,Medium,In Progress,Org line A2,A2_3,pl,N26 2nd,PROD791,POLAND
658,,,,,,,,,,,,
658,Completed-Closed,Value 323,19.100305193128108,Completed,Medium,Closed,Org line A2,A2_3,pl,N26 2nd,PROD791,POLAND
659,Accepted-In Progress,Value 28,19.0296541431919,Accepted,High,In Progress,Org line A2,A2_1,gb,G42 3rd,PROD236,United Kingdom
659,,,,,,,,,,,,
660,Accepted-In Progress,Value 324,19.030071212622246,Accepted,Low,In Progress,Org line C,E_2,se,G57 2nd,PROD329,Sweden
660,,,,,,,,,,,,
660,Completed-Closed,Value 324,19.057900889860782,Completed,Low,Closed,Org line C,E_2,se,G57 2nd,PROD329,Sweden
661,Accepted-In Progress,Value 217,19.030407418077633,Accepted,Medium,In Progress,Org line C,E_5,in,G92,PROD423,INDIA
661,,,,,,,,,,,,
661,Queued-Awaiting Assignment,Value 155,19.031354804945703,Queued,Medium,Awaiting Assignment,Org line C,V3_2,in,G97,PROD423,POLAND
661,,,,,,,,,,,,
661,Accepted-In Progress,Value 303,19.055621616528907,Accepted,Medium,In Progress,Org line C,E_5,in,G92,PROD423,INDIA
661,,,,,,,,,,,,
661,Completed-Closed,Value 303,19.08003644953659,Completed,Medium,Closed,Org line C,E_5,in,G92,PROD423,INDIA
662,Accepted-In Progress,Value 45,19.030622256616464,Accepted,High,In Progress,Org line C,C_6,se,G268 3rd,PROD802,Sweden
662,,,,,,,,,,,,
662,Completed-Closed,Value 45,19.083157467911956,Completed,High,Closed,Org line C,C_6,se,G268 3rd,PROD802,Sweden
663,Accepted-In Progress,Value 254,19.031745009948015,Accepted,High,In Progress,Org line C,E_8,in,G119 2nd,PROD597,INDIA
663,,,,,,,,,,,,
663,Accepted-In Progress,Value 325,19.04830559159059,Accepted,High,In Progress,Org line C,E_8,in,G119 2nd,PROD597,INDIA
663,,,,,,,,,,,,
663,Completed-Closed,Value 254,19.075499386452446,Completed,High,Closed,Org line C,E_8,in,G119 2nd,PROD597,INDIA
664,Accepted-In Progress,Value 254,19.031907079659447,Accepted,Medium,In Progress,Org line C,E_8,in,G119 2nd,PROD597,INDIA
664,,,,,,,,,,,,
664,Accepted-In Progress,Value 325,19.048305810472467,Accepted,Medium,In Progress,Org line C,E_8,in,G119 2nd,PROD597,INDIA
664,,,,,,,,,,,,
665,Accepted-In Progress,Value 65,19.031953271935247,Accepted,High,In Progress,Org line C,E_1,se,L1 2nd,PROD153,Sweden
665,,,,,,,,,,,,
665,Accepted-In Progress,Value 326,19.08714172943125,Accepted,High,In Progress,Org line C,E_1,se,G99 2nd,PROD153,Sweden
665,,,,,,,,,,,,
665,Accepted-In Progress,Value 77,19.087169346302325,Accepted,High,In Progress,Org line C,E_1,se,G99 2nd,PROD153,Sweden
665,,,,,,,,,,,,
666,Accepted-In Progress,Value 149,19.032004367484117,Accepted,High,In Progress,Org line C,E_6,se,V29 2nd,PROD412,France
666,,,,,,,,,,,,
666,Queued-Awaiting Assignment,Value 129,19.03338846689392,Queued,High,Awaiting Assignment,Org line G4,,se,S30 2nd,PROD412,Sweden
666,,,,,,,,,,,,
666,Completed-Closed,Value 48,19.08363225961679,Completed,High,Closed,Org line G4,,se,S30 2nd,PROD412,Sweden
667,Accepted-In Progress,Value 76,19.032371721658315,Accepted,Major,In Progress,Org line G4,,se,S33 2nd,PROD659,Sweden
667,,,,,,,,,,,,
667,Completed-Closed,Value 76,19.089425825343827,Completed,Major,Closed,Org line G4,,se,S33 2nd,PROD659,Sweden
668,Accepted-In Progress,Value 211,19.032465883567923,Accepted,Low,In Progress,Org line G4,,se,S33 2nd,PROD448,Sweden
668,,,,,,,,,,,,
669,Accepted-Wait,Value 30,19.03249252500593,Accepted,High,Wait,Org line A2,A2_1,gb,G42 3rd,PROD236,United Kingdom
669,,,,,,,,,,,,
670,Accepted-In Progress,Value 254,19.032533635604302,Accepted,High,In Progress,Org line C,E_8,in,G119 2nd,PROD597,INDIA
670,,,,,,,,,,,,
670,Accepted-In Progress,Value 327,19.03521982812506,Accepted,High,In Progress,Org line C,E_8,in,G119 2nd,PROD597,INDIA
670,,,,,,,,,,,,
671,Queued-Awaiting Assignment,Value 25,19.032604631472037,Queued,Medium,Awaiting Assignment,Org line A2,D_1,kr,V17 3rd,PROD594,POLAND
671,,,,,,,,,,,,
671,Accepted-In Progress,Value 328,19.035254866374657,Accepted,Medium,In Progress,Org line A2,D_1,kr,V14 3rd,PROD594,POLAND
671,,,,,,,,,,,,
671,Accepted-In Progress,Value 329,19.064660915345723,Accepted,Medium,In Progress,Org line A2,D_1,kr,V12 3rd,PROD594,POLAND
671,,,,,,,,,,,,
672,Accepted-In Progress,Value 20,19.032857796917835,Accepted,High,In Progress,Org line C,E_3,us,G67 2nd,PROD151,Sweden
672,,,,,,,,,,,,
672,Accepted-In Progress,Value 20,19.059730760849323,Accepted,High,In Progress,Org line C,E_3,us,G67 2nd,PROD151,Sweden
672,,,,,,,,,,,,
673,Accepted-In Progress,Value 254,19.032990890611877,Accepted,Low,In Progress,Org line C,E_8,in,G119 2nd,PROD597,INDIA
673,,,,,,,,,,,,
673,Accepted-In Progress,Value 325,19.048305911905512,Accepted,Low,In Progress,Org line C,E_8,in,G119 2nd,PROD597,INDIA
673,,,,,,,,,,,,
674,Accepted-In Progress,Value 330,19.033312421755458,Accepted,Medium,In Progress,Org line C,C_2,be,G58 3rd,PROD330,Belgium
674,,,,,,,,,,,,
674,Accepted-In Progress,Value 330,19.064220324333082,Accepted,Medium,In Progress,Org line C,C_2,be,G58 3rd,PROD330,Belgium
674,,,,,,,,,,,,
675,Accepted-In Progress,Value 309,19.033757669376012,Accepted,Low,In Progress,Org line C,C_1,se,G100 3rd,PROD153,Sweden
675,,,,,,,,,,,,
675,Completed-Closed,Value 309,19.055102856463215,Completed,Low,Closed,Org line C,C_1,se,G100 3rd,PROD153,Sweden
676,Accepted-In Progress,Value 300,19.033825929759992,Accepted,Medium,In Progress,Org line A2,D_1,fr,V21 2nd,PROD596,France
676,,,,,,,,,,,,
677,Accepted-In Progress,Value 300,19.03382645515513,Accepted,Low,In Progress,Org line A2,D_1,fr,V21 2nd,PROD596,France
677,,,,,,,,,,,,
678,Accepted-In Progress,Value 76,19.03381249146682,Accepted,High,In Progress,Org line G4,,se,S33 2nd,PROD448,Sweden
678,,,,,,,,,,,,
678,Completed-Closed,Value 76,19.065275323622487,Completed,High,Closed,Org line G4,,se,S33 2nd,PROD448,Sweden
679,Accepted-In Progress,Value 42,19.03383308485975,Accepted,Major,In Progress,Org line G1,E_6,se,G358 2nd,PROD152,Sweden
679,,,,,,,,,,,,
679,Accepted-Wait,Value 42,19.04919873793142,Accepted,Major,Wait,Org line G1,E_6,se,G358 2nd,PROD152,Sweden
679,,,,,,,,,,,,
680,Accepted-In Progress,Value 237,19.033870343632053,Accepted,Medium,In Progress,Org line A2,A2_1,se,N15 2nd,PROD180,Sweden
680,,,,,,,,,,,,
681,Accepted-In Progress,Value 331,19.03381863919691,Accepted,High,In Progress,Org line C,E_7,in,G165 2nd,PROD671,France
681,,,,,,,,,,,,
681,Accepted-In Progress,Value 331,19.033837201320893,Accepted,High,In Progress,Org line C,E_7,in,G165 2nd,PROD671,France
681,,,,,,,,,,,,
682,Accepted-In Progress,Value 229,19.03446194322448,Accepted,High,In Progress,Org line C,E_10,se,G271 2nd,PROD802,Sweden
682,,,,,,,,,,,,
682,Accepted-In Progress,Value 332,19.035153107100165,Accepted,High,In Progress,Org line C,E_10,se,G271 2nd,PROD802,Sweden
682,,,,,,,,,,,,
682,Accepted-In Progress,Value 333,19.064667774406523,Accepted,High,In Progress,Org line C,C_6,se,G273 3rd,PROD802,Sweden
682,,,,,,,,,,,,
682,Completed-Closed,Value 333,19.067905622591933,Completed,High,Closed,Org line C,C_6,se,G273 3rd,PROD802,Sweden
683,Accepted-In Progress,Value 133,19.035182387008476,Accepted,Medium,In Progress,Org line G4,,se,S33 2nd,PROD374,Sweden
683,,,,,,,,,,,,
683,Accepted-In Progress,Value 133,19.041918056295536,Accepted,Medium,In Progress,Org line G4,,se,S33 2nd,PROD374,Sweden
683,,,,,,,,,,,,
684,Accepted-In Progress,Value 334,19.03530824352793,Accepted,Medium,In Progress,Org line C,C_6,in,G239 3rd,PROD671,INDIA
684,,,,,,,,,,,,
684,Accepted-Wait,Value 334,19.06098522515341,Accepted,Medium,Wait,Org line C,C_6,in,G239 3rd,PROD671,INDIA
684,,Value 335,,,,,,,,,,
684,Accepted-In Progress,Value 336,19.07724415995207,Accepted,Medium,In Progress,Org line C,C_6,in,G239 3rd,PROD671,Belgium
684,,,,,,,,,,,,
684,Accepted-In Progress,Value 334,19.079992312041902,Accepted,Medium,In Progress,Org line C,E_7,in,G165 2nd,PROD671,INDIA
684,,,,,,,,,,,,
685,Accepted-In Progress,Value 310,19.035316318271192,Accepted,Medium,In Progress,Org line C,E_4,us,G88 2nd,PROD436,USA
685,,,,,,,,,,,,
686,Accepted-In Progress,Value 156,19.035481919956947,Accepted,Medium,In Progress,Org line C,E_8,in,G181 2nd,PROD474,INDIA
686,,,,,,,,,,,,
686,Accepted-In Progress,Value 338,19.039028734291644,Accepted,Medium,In Progress,Org line C,E_8,in,G186 2nd,PROD474,INDIA
686,,,,,,,,,,,,
686,Completed-Closed,Value 338,19.087944058911738,Completed,Medium,Closed,Org line C,E_8,in,G186 2nd,PROD474,INDIA
687,Accepted-In Progress,Value 339,19.03560998801404,Accepted,Medium,In Progress,Org line C,E_4,us,G88 2nd,PROD219,INDIA
687,,,,,,,,,,,,
688,Accepted-In Progress,Value 207,19.035945866370202,Accepted,Medium,In Progress,Org line C,E_1,se,G99 2nd,PROD153,Sweden
688,,,,,,,,,,,,
688,Accepted-In Progress,Value 340,19.068372169018303,Accepted,Medium,In Progress,Org line C,E_1,se,G99 2nd,PROD153,INDIA
688,,,,,,,,,,,,
689,Accepted-In Progress,Value 207,19.035948049978035,Accepted,Medium,In Progress,Org line C,E_1,se,G99 2nd,PROD153,Sweden
689,,,,,,,,,,,,
689,Accepted-In Progress,Value 207,19.087537376903533,Accepted,Medium,In Progress,Org line C,C_1,se,G100 3rd,PROD153,Sweden
689,,,,,,,,,,,,
690,Accepted-In Progress,Value 341,19.036068476133927,Accepted,Medium,In Progress,Org line C,E_4,us,G88 2nd,PROD794,Sweden
690,,,,,,,,,,,,
691,Accepted-In Progress,Value 342,19.036222438566227,Accepted,Medium,In Progress,Org line A2,A2_3,pl,N26 2nd,PROD791,POLAND
691,,,,,,,,,,,,
692,Accepted-In Progress,Value 108,19.036544358570648,Accepted,High,In Progress,Org line C,C_6,se,G290 3rd,PROD154,Sweden
692,,,,,,,,,,,,
692,Completed-Closed,Value 108,19.105633703395426,Completed,High,Closed,Org line C,C_6,se,G290 3rd,PROD154,Sweden
693,Accepted-In Progress,Value 219,19.036613525483784,Accepted,Low,In Progress,Org line C,C_1,us,G14 3rd,PROD398,France
693,,,,,,,,,,,,
694,Accepted-In Progress,Value 150,19.036652695439585,Accepted,Medium,In Progress,Org line C,E_4,in,G88 2nd,PROD565,USA
694,,,,,,,,,,,,
694,Queued-Awaiting Assignment,Value 150,19.049161859241334,Queued,Medium,Awaiting Assignment,Org line C,E_4,in,G88 2nd,PROD565,USA
694,,,,,,,,,,,,
694,Accepted-In Progress,Value 307,19.073572222743046,Accepted,Medium,In Progress,Org line C,E_4,in,G87 2nd,PROD565,INDIA
694,,,,,,,,,,,,
694,Accepted-In Progress,Value 343,19.08758446260156,Accepted,Medium,In Progress,Org line C,E_4,in,G87 2nd,PROD565,Sweden
694,,,,,,,,,,,,
695,Accepted-In Progress,Value 150,19.03667196658114,Accepted,Medium,In Progress,Org line C,E_4,us,G88 2nd,PROD348,USA
695,,,,,,,,,,,,
695,Accepted-Wait,Value 150,19.03667482913495,Accepted,Medium,Wait,Org line C,E_4,us,G88 2nd,PROD348,USA
695,,,,,,,,,,,,
695,Accepted-In Progress,Value 321,19.036676125383032,Accepted,Medium,In Progress,Org line C,E_4,us,G88 2nd,PROD348,INDIA
695,,,,,,,,,,,,
695,Completed-Closed,Value 319,19.089261429093835,Completed,Medium,Closed,Org line C,E_4,us,G88 2nd,PROD348,INDIA
696,Accepted-In Progress,Value 104,19.036737619621984,Accepted,Medium,In Progress,Org line C,E_8,in,G186 2nd,PROD473,Sweden
696,,,,,,,,,,,,
696,Accepted-In Progress,Value 104,19.074706046474677,Accepted,Medium,In Progress,Org line C,E_8,in,G186 2nd,PROD473,Sweden
696,,,,,,,,,,,,
697,Accepted-In Progress,Value 4,19.03710807668674,Accepted,Low,In Progress,Org line A2,A2_2,se,G167 2nd,PROD681,Sweden
697,,,,,,,,,,,,
697,Accepted-In Progress,Value 4,19.104673263180178,Accepted,Low,In Progress,Org line A2,A2_2,se,G167 2nd,PROD681,Sweden
697,,,,,,,,,,,,
698,Accepted-In Progress,Value 285,19.03708529932168,Accepted,Medium,In Progress,Org line C,E_10,se,G138 2nd,PROD659,Sweden
698,,,,,,,,,,,,
698,Accepted-In Progress,Value 117,19.037087550627373,Accepted,Medium,In Progress,Org line C,E_5,se,G80,PROD659,Sweden
698,,,,,,,,,,,,
698,Accepted-In Progress,Value 114,19.03716376810155,Accepted,Medium,In Progress,Org line C,C_6,se,G290 3rd,PROD659,Sweden
698,,,,,,,,,,,,
699,Accepted-In Progress,Value 200,19.03712340347209,Accepted,Medium,In Progress,Org line C,C_6,se,G237 3rd,PROD208,Sweden
699,,,,,,,,,,,,
699,Accepted-In Progress,Value 344,19.03986080551524,Accepted,Medium,In Progress,Org line C,E_10,se,G236 2nd,PROD208,Sweden
699,,,,,,,,,,,,
699,Accepted-In Progress,Value 344,19.03995940599497,Accepted,Medium,In Progress,Org line C,E_10,se,G236 2nd,PROD208,Sweden
699,,,,,,,,,,,,
699,Accepted-In Progress,Value 344,19.039959642861294,Accepted,Medium,In Progress,Org line C,C_6,se,G237 3rd,PROD208,Sweden
699,,,,,,,,,,,,
700,Accepted-In Progress,Value 345,19.03715811056543,Accepted,High,In Progress,Org line C,C_6,se,G268 3rd,PROD805,Sweden
700,,,,,,,,,,,,
701,Accepted-In Progress,Value 133,19.03717561211456,Accepted,Medium,In Progress,Org line G4,,se,S33 2nd,PROD374,Sweden
701,,,,,,,,,,,,
701,Completed-Closed,Value 133,19.071669250575702,Completed,Medium,Closed,Org line G4,,se,S33 2nd,PROD374,Sweden
702,Accepted-In Progress,Value 150,19.038444597131043,Accepted,Medium,In Progress,Org line C,E_4,us,G88 2nd,PROD793,USA
702,,,,,,,,,,,,
702,Accepted-In Progress,Value 150,19.071308526676123,Accepted,Medium,In Progress,Org line C,E_4,us,G88 2nd,PROD793,USA
702,,,,,,,,,,,,
702,Queued-Awaiting Assignment,Value 150,19.084040233777795,Queued,Medium,Awaiting Assignment,Org line C,E_4,us,G88 2nd,PROD793,USA
702,,,,,,,,,,,,
702,Completed-Closed,Value 294,19.08668540660314,Completed,Medium,Closed,Org line C,E_4,us,G88 2nd,PROD793,Sweden
703,Accepted-In Progress,Value 346,19.03846188208918,Accepted,Major,In Progress,Org line A2,A2_5,se,G350 2nd,PROD92,China
703,,,,,,,,,,,,
703,Completed-Closed,Value 346,19.055852353360837,Completed,Major,Closed,Org line A2,A2_5,se,G350 2nd,PROD92,China
704,Accepted-In Progress,Value 123,19.038529536402276,Accepted,Low,In Progress,Org line C,C_6,se,G269 3rd,PROD209,Sweden
704,,,,,,,,,,,,
704,Queued-Awaiting Assignment,Value 123,19.039430995229882,Queued,Low,Awaiting Assignment,Org line C,C_6,se,G269 3rd,PROD209,Sweden
704,,,,,,,,,,,,
704,Accepted-In Progress,Value 348,19.07366566023886,Accepted,Low,In Progress,Org line C,C_6,se,G269 3rd,PROD209,Sweden
704,,,,,,,,,,,,
704,Completed-Closed,Value 347,19.07366610265512,Completed,Low,Closed,Org line C,C_6,se,G269 3rd,PROD209,Sweden
705,Accepted-In Progress,Value 349,19.038810003095687,Accepted,Medium,In Progress,Org line C,E_4,in,G93 2nd,PROD325,INDIA
705,,,,,,,,,,,,
705,Accepted-In Progress,Value 349,19.061975152593757,Accepted,Medium,In Progress,Org line C,E_4,in,G93 2nd,PROD325,INDIA
705,,,,,,,,,,,,
705,Accepted-In Progress,Value 349,19.074131993660984,Accepted,Medium,In Progress,Org line C,E_4,in,G93 2nd,PROD325,INDIA
705,,,,,,,,,,,,
706,Accepted-In Progress,Value 151,19.03928555802303,Accepted,High,In Progress,Org line A2,A2_1,se,T17 2nd,PROD350,Sweden
706,,,,,,,,,,,,
706,Accepted-In Progress,Value 151,19.04501124107476,Accepted,High,In Progress,Org line A2,A2_1,se,J2 2nd,PROD350,Sweden
706,,,,,,,,,,,,
706,Completed-Closed,Value 151,19.062510156141066,Completed,High,Closed,Org line A2,A2_1,se,J2 2nd,PROD350,Sweden
707,Accepted-In Progress,Value 119,19.039297635503072,Accepted,Medium,In Progress,Org line A2,A2_1,cn,N19 2nd,PROD38,Sweden
707,,,,,,,,,,,,
707,Accepted-In Progress,Value 62,19.03936673613893,Accepted,Medium,In Progress,Org line A2,A2_1,cn,N19 2nd,PROD38,Sweden
707,,Value 350,,,,,,,,,,
707,Accepted-In Progress,Value 351,19.05587913664438,Accepted,Medium,In Progress,Org line B,A2_1,cn,D1,PROD38,THAILAND
707,,,,,,,,,,,,
708,Accepted-In Progress,Value 151,19.0393472098218,Accepted,Medium,In Progress,Org line A2,A2_1,se,T17 2nd,PROD350,Sweden
708,,,,,,,,,,,,
708,Accepted-In Progress,Value 151,19.0450507690427,Accepted,Medium,In Progress,Org line A2,A2_1,se,J2 2nd,PROD350,Sweden
708,,,,,,,,,,,,
708,Completed-Closed,Value 151,19.062513766749227,Completed,Medium,Closed,Org line A2,A2_1,se,J2 2nd,PROD350,Sweden
709,Accepted-In Progress,Value 352,19.03936858371278,Accepted,Medium,In Progress,Org line C,E_6,fr,T8 2nd,PROD637,France
709,,,,,,,,,,,,
709,Accepted-Assigned,Value 352,19.03936887997066,Accepted,Medium,Assigned,Org line C,E_6,fr,T8 2nd,PROD637,France
709,,,,,,,,,,,,
709,Completed-Closed,Value 353,19.062904098704944,Completed,Medium,Closed,Org line A2,A2_4,fr,W6 2nd,PROD637,France
710,Accepted-In Progress,Value 322,19.039376410277843,Accepted,Medium,In Progress,Org line A2,D_1,in,L50 3rd,PROD611,Sweden
710,,,,,,,,,,,,
710,Accepted-Wait,Value 322,19.061111249177507,Accepted,Medium,Wait,Org line A2,D_1,in,L50 3rd,PROD611,Sweden
710,,,,,,,,,,,,
711,Accepted-In Progress,Value 321,19.039388508206276,Accepted,Medium,In Progress,Org line C,E_4,us,G88 2nd,PROD701,INDIA
711,,,,,,,,,,,,
711,Completed-Closed,Value 321,19.055143647134468,Completed,Medium,Closed,Org line C,E_4,us,G88 2nd,PROD701,INDIA
712,Accepted-In Progress,Value 13,19.03950828919029,Accepted,Medium,In Progress,Org line A2,A2_3,se,U5 2nd,PROD372,Sweden
712,,,,,,,,,,,,
712,Completed-Closed,Value 13,19.07064435199388,Completed,Medium,Closed,Org line A2,A2_3,se,U5 2nd,PROD372,Sweden
713,Accepted-In Progress,Value 354,19.03949491088481,Accepted,Medium,In Progress,Org line A2,A2_2,in,G34 3rd,PROD363,POLAND
713,,,,,,,,,,,,
713,Accepted-In Progress,Value 354,19.03982946020854,Accepted,Medium,In Progress,Org line A2,A2_2,in,G34 3rd,PROD363,POLAND
713,,,,,,,,,,,,
713,Accepted-In Progress,Value 354,19.039946259826046,Accepted,Medium,In Progress,Org line A2,A2_2,in,G34 3rd,PROD363,POLAND
713,,,,,,,,,,,,
713,Accepted-In Progress,Value 354,19.042631174482416,Accepted,Medium,In Progress,Org line A2,A2_2,in,G34 3rd,PROD363,POLAND
713,,,,,,,,,,,,
713,Accepted-In Progress,Value 354,19.046804510584302,Accepted,Medium,In Progress,Org line A2,A2_2,in,G34 3rd,PROD363,POLAND
713,,,,,,,,,,,,
713,Accepted-In Progress,Value 354,19.049200071384757,Accepted,Medium,In Progress,Org line A2,A2_2,in,G34 3rd,PROD363,POLAND
713,,,,,,,,,,,,
713,Accepted-In Progress,Value 354,19.049685127732193,Accepted,Medium,In Progress,Org line A2,A2_2,in,G34 3rd,PROD363,POLAND
713,,,,,,,,,,,,
713,Accepted-In Progress,Value 354,19.055159670260284,Accepted,Medium,In Progress,Org line A2,A2_2,in,G34 3rd,PROD363,POLAND
713,,,,,,,,,,,,
713,Accepted-In Progress,Value 354,19.05555136695908,Accepted,Medium,In Progress,Org line A2,A2_2,in,G34 3rd,PROD363,POLAND
713,,,,,,,,,,,,
713,Accepted-In Progress,Value 354,19.05560457795039,Accepted,Medium,In Progress,Org line A2,A2_2,in,G34 3rd,PROD363,POLAND
713,,,,,,,,,,,,
713,Queued-Awaiting Assignment,Value 248,19.0556098299973,Queued,Medium,Awaiting Assignment,Org line A2,A2_2,in,G115 3rd,PROD363,France
713,,,,,,,,,,,,
713,Queued-Awaiting Assignment,Value 86,19.055613439107393,Queued,Medium,Awaiting Assignment,Org line C,E_10,in,G263 2nd,PROD363,Sweden
713,,,,,,,,,,,,
713,Accepted-Wait,Value 355,19.05562534218873,Accepted,Medium,Wait,Org line C,E_10,in,G263 2nd,PROD363,Sweden
713,,,,,,,,,,,,
713,Accepted-In Progress,Value 292,19.081830446867624,Accepted,Medium,In Progress,Org line C,E_5,in,G92,PROD363,INDIA
713,,,,,,,,,,,,
713,Queued-Awaiting Assignment,Value 150,19.084440977002895,Queued,Medium,Awaiting Assignment,Org line C,E_4,in,G88 2nd,PROD363,USA
713,,,,,,,,,,,,
713,Accepted-In Progress,Value 303,19.089331035891753,Accepted,Medium,In Progress,Org line C,E_5,in,G92,PROD363,INDIA
713,,,,,,,,,,,,
713,Accepted-In Progress,Value 356,19.093320619789303,Accepted,Medium,In Progress,Org line C,E_10,in,G263 2nd,PROD363,Sweden
713,,,,,,,,,,,,
713,Completed-Closed,Value 355,19.09333917118549,Completed,Medium,Closed,Org line C,E_10,in,G263 2nd,PROD363,Sweden
714,Accepted-In Progress,Value 29,19.039967125654908,Accepted,High,In Progress,Org line A2,A2_1,gb,G42 3rd,PROD236,United Kingdom
714,,,,,,,,,,,,
714,Accepted-In Progress,Value 29,19.042294064947782,Accepted,High,In Progress,Org line A2,A2_1,gb,G42 3rd,PROD236,United Kingdom
714,,,,,,,,,,,,
714,Completed-Closed,Value 143,19.11511431675491,Completed,High,Closed,Org line A2,A2_1,gb,G42 3rd,PROD236,United Kingdom
715,Accepted-In Progress,Value 155,19.03985989025913,Accepted,High,In Progress,Org line A2,D_1,pl,V10 3rd,PROD69,POLAND
715,,,,,,,,,,,,
716,Accepted-In Progress,Value 50,19.03994936065788,Accepted,High,In Progress,Org line A2,D_1,pl,W12 2nd,PROD739,POLAND
716,,,,,,,,,,,,
716,Accepted-In Progress,Value 357,19.07557524106705,Accepted,High,In Progress,Org line A2,D_1,pl,W12 2nd,PROD739,POLAND
716,,,,,,,,,,,,
716,Accepted-In Progress,Value 50,19.07872892860015,Accepted,High,In Progress,Org line A2,D_1,pl,W12 2nd,PROD739,POLAND
716,,,,,,,,,,,,
716,Accepted-In Progress,Value 50,19.078741440046493,Accepted,High,In Progress,Org line A2,D_1,pl,W12 2nd,PROD739,POLAND
716,,,,,,,,,,,,
717,Accepted-In Progress,Value 86,19.039999952385692,Accepted,Low,In Progress,Org line C,E_10,fr,G276 2nd,PROD422,Sweden
717,,,,,,,,,,,,
717,Accepted-In Progress,Value 87,19.040003058434127,Accepted,Low,In Progress,Org line C,E_10,fr,G276 2nd,PROD422,Sweden
717,,,,,,,,,,,,
717,Queued-Awaiting Assignment,Value 248,19.041803743602948,Queued,Low,Awaiting Assignment,Org line A2,A2_2,fr,G22 2nd,PROD422,France
717,,,,,,,,,,,,
717,Completed-Closed,Value 248,19.062375133195275,Completed,Low,Closed,Org line A2,A2_2,fr,G22 2nd,PROD422,France
717,,,,,,,,,,,,
717,Completed-Closed,Value 248,19.06237521215523,Completed,Low,Closed,Org line A2,A2_2,fr,G22 2nd,PROD422,France
718,Accepted-In Progress,Value 119,19.040214591542917,Accepted,Medium,In Progress,Org line A2,A2_1,cn,N19 2nd,PROD38,Sweden
718,,,,,,,,,,,,
718,Accepted-In Progress,Value 62,19.04027620223832,Accepted,Medium,In Progress,Org line A2,A2_1,cn,N19 2nd,PROD38,Sweden
718,,Value 350,,,,,,,,,,
718,Accepted-In Progress,Value 351,19.055879576403484,Accepted,Medium,In Progress,Org line B,A2_1,cn,D1,PROD38,THAILAND
718,,,,,,,,,,,,
719,Accepted-In Progress,Value 13,19.040338853107695,Accepted,Major,In Progress,Org line C,E_1,us,G13 2nd,PROD153,Sweden
719,,,,,,,,,,,,
719,Accepted-In Progress,Value 13,19.040380713238797,Accepted,Major,In Progress,Org line C,C_1,us,G14 3rd,PROD153,Sweden
719,,,,,,,,,,,,
719,Accepted-In Progress,Value 236,19.054690577404337,Accepted,Major,In Progress,Org line C,C_1,us,G14 3rd,PROD153,France
719,,,,,,,,,,,,
719,Accepted-Assigned,Value 236,19.055197494847295,Accepted,Major,Assigned,Org line C,C_1,us,G14 3rd,PROD153,France
719,,,,,,,,,,,,
719,Completed-Closed,Value 281,19.077367000435444,Completed,Major,Closed,Org line C,E_1,us,G13 2nd,PROD153,Sweden
720,Accepted-In Progress,Value 151,19.040333256556806,Accepted,Low,In Progress,Org line A2,A2_1,cn,T17 2nd,PROD350,Sweden
720,,,,,,,,,,,,
720,Accepted-In Progress,Value 151,19.045050838670534,Accepted,Low,In Progress,Org line A2,A2_1,cn,J2 2nd,PROD350,Sweden
720,,,,,,,,,,,,
720,Accepted-In Progress,Value 351,19.05639228342491,Accepted,Low,In Progress,Org line B,A2_1,cn,D1,PROD350,THAILAND
720,,,,,,,,,,,,
721,Accepted-In Progress,Value 43,19.04035994751799,Accepted,Medium,In Progress,Org line G3,,us,G199 3rd,PROD97,POLAND
721,,,,,,,,,,,,
722,Accepted-In Progress,Value 217,19.040371635351708,Accepted,High,In Progress,Org line C,E_5,se,G92,PROD436,INDIA
722,,,,,,,,,,,,
722,Accepted-In Progress,Value 359,19.04220620599007,Accepted,High,In Progress,Org line C,E_5,se,G92,PROD436,INDIA
722,,,,,,,,,,,,
722,Accepted-In Progress,Value 229,19.042231117511736,Accepted,High,In Progress,Org line C,E_10,se,G271 2nd,PROD436,Sweden
722,,,,,,,,,,,,
722,Accepted-In Progress,Value 128,19.042251785332088,Accepted,High,In Progress,Org line C,C_6,se,R4 3rd,PROD436,Sweden
722,,,,,,,,,,,,
722,Queued-Awaiting Assignment,Value 44,19.06746043629214,Queued,High,Awaiting Assignment,Org line C,C_6,se,G273 3rd,PROD436,Sweden
722,,,,,,,,,,,,
722,Queued-Awaiting Assignment,Value 44,19.06746063530938,Queued,High,Awaiting Assignment,Org line C,C_6,se,G273 3rd,PROD436,Sweden
722,,,,,,,,,,,,
722,Queued-Awaiting Assignment,Value 44,19.06746186607302,Queued,High,Awaiting Assignment,Org line C,C_6,se,G273 3rd,PROD436,Sweden
722,,,,,,,,,,,,
722,Accepted-Assigned,Value 128,19.067466432978474,Accepted,High,Assigned,Org line C,C_6,se,G273 3rd,PROD436,Sweden
722,,,,,,,,,,,,
722,Accepted-Wait,Value 361,19.073783679549777,Accepted,High,Wait,Org line C,C_6,se,G273 3rd,PROD436,Sweden
722,,,,,,,,,,,,
723,Queued-Awaiting Assignment,Value 362,19.04038289794621,Queued,Medium,Awaiting Assignment,Org line C,E_10,fr,G222 2nd,PROD13,INDIA
723,,Value 363,,,,,,,,,,
723,Queued-Awaiting Assignment,Value 147,19.040394876084783,Queued,Medium,Awaiting Assignment,Org line C,C_6,fr,G225 3rd,PROD13,France
723,,,,,,,,,,,,
723,Accepted-Wait,Value 364,19.07694592363826,Accepted,Medium,Wait,Org line C,C_6,fr,G225 3rd,PROD13,Belgium
723,,,,,,,,,,,,
723,Completed-Closed,Value 364,19.120304699847562,Completed,Medium,Closed,Org line C,C_6,fr,G225 3rd,PROD13,Belgium
724,Accepted-Assigned,Value 100,19.04038778392482,Accepted,Medium,Assigned,Org line A2,D_1,in,L50 3rd,PROD611,Sweden
724,,,,,,,,,,,,
724,Completed-Closed,Value 100,19.094266812349,Completed,Medium,Closed,Org line A2,D_1,in,L50 3rd,PROD611,Sweden
725,Accepted-In Progress,Value 62,19.04040124176671,Accepted,High,In Progress,Org line G4,,se,S30 2nd,PROD412,Sweden
725,,,,,,,,,,,,
725,Accepted-In Progress,Value 48,19.061466681122806,Accepted,High,In Progress,Org line G4,,se,S30 2nd,PROD412,Sweden
725,,,,,,,,,,,,
726,Accepted-In Progress,Value 77,19.040424524858313,Accepted,Major,In Progress,Org line C,C_6,se,G290 3rd,PROD659,Sweden
726,,,,,,,,,,,,
726,Completed-Closed,Value 77,19.068374623068816,Completed,Major,Closed,Org line C,C_6,se,G290 3rd,PROD659,Sweden
727,Accepted-In Progress,Value 68,19.040427301359056,Accepted,High,In Progress,Org line A2,A2_4,se,G118 2nd,PROD591,Sweden
727,,,,,,,,,,,,
728,Accepted-In Progress,Value 251,19.041674117886622,Accepted,Medium,In Progress,Org line A2,A2_3,se,V13 2nd,PROD676,Sweden
728,,,,,,,,,,,,
728,Accepted-In Progress,Value 251,19.042732385039034,Accepted,Medium,In Progress,Org line A2,A2_3,se,V13 2nd,PROD676,Sweden
728,,,,,,,,,,,,
728,Accepted-In Progress,Value 176,19.043139239159768,Accepted,Medium,In Progress,Org line C,E_7,se,G157 2nd,PROD676,INDIA
728,,,,,,,,,,,,
728,Queued-Awaiting Assignment,Value 39,19.052761262823147,Queued,Medium,Awaiting Assignment,Org line C,E_10,se,R6 2nd,PROD676,Sweden
728,,,,,,,,,,,,
728,Accepted-Wait,Value 39,19.052840907976343,Accepted,Medium,Wait,Org line C,E_10,se,R6 2nd,PROD676,Sweden
728,,,,,,,,,,,,
729,Accepted-In Progress,Value 274,19.04170356216473,Accepted,Major,In Progress,Org line C,E_4,us,G88 2nd,PROD793,INDIA
729,,,,,,,,,,,,
729,Accepted-In Progress,Value 274,19.055716046858404,Accepted,Major,In Progress,Org line C,E_4,us,G88 2nd,PROD793,INDIA
729,,,,,,,,,,,,
730,Queued-Awaiting Assignment,Value 68,19.04178751040969,Queued,Medium,Awaiting Assignment,Org line C,E_7,be,G153 2nd,PROD807,Sweden
730,,,,,,,,,,,,
730,Queued-Awaiting Assignment,Value 68,19.043629764456828,Queued,Medium,Awaiting Assignment,Org line C,E_7,be,G153 2nd,PROD807,Sweden
730,,,,,,,,,,,,
730,Accepted-Assigned,Value 68,19.04363003800058,Accepted,Medium,Assigned,Org line C,E_7,be,G153 2nd,PROD807,Sweden
730,,,,,,,,,,,,
730,Queued-Awaiting Assignment,Value 44,19.058987604756176,Queued,Medium,Awaiting Assignment,Org line C,C_6,be,G273 3rd,PROD807,Sweden
730,,,,,,,,,,,,
730,Queued-Awaiting Assignment,Value 365,19.059173746572224,Queued,Medium,Awaiting Assignment,Org line C,C_6,be,G287 3rd,PROD807,Belgium
730,,,,,,,,,,,,
730,Completed-Closed,Value 366,19.05921940926888,Completed,Medium,Closed,Org line C,C_6,be,G287 3rd,PROD807,Sweden
731,Accepted-In Progress,Value 169,19.041731092505977,Accepted,Major,In Progress,Org line C,E_8,in,G181 2nd,PROD476,France
731,,,,,,,,,,,,
732,Accepted-In Progress,Value 129,19.041770621375804,Accepted,High,In Progress,Org line A2,A2_3,se,S21 2nd,PROD231,Sweden
732,,,,,,,,,,,,
732,Accepted-In Progress,Value 291,19.042146894949504,Accepted,High,In Progress,Org line A2,A2_3,se,S21 2nd,PROD231,Sweden
732,,,,,,,,,,,,
732,Accepted-In Progress,Value 60,19.042264965678445,Accepted,High,In Progress,Org line G4,,se,S30 2nd,PROD231,Sweden
732,,,,,,,,,,,,
732,Accepted-Assigned,Value 60,19.068489511938054,Accepted,High,Assigned,Org line G4,,se,S30 2nd,PROD231,Sweden
732,,,,,,,,,,,,
732,Completed-Closed,Value 88,19.068490008969338,Completed,High,Closed,Org line G4,,se,S30 2nd,PROD231,Sweden
733,Accepted-In Progress,Value 237,19.04176212032878,Accepted,Low,In Progress,Org line C,C_6,se,G144 3rd,PROD667,Sweden
733,,,,,,,,,,,,
733,Queued-Awaiting Assignment,Value 113,19.042145122332116,Queued,Low,Awaiting Assignment,Org line C,C_6,se,G141 3rd,PROD667,Sweden
733,,,,,,,,,,,,
733,Queued-Awaiting Assignment,Value 237,19.043625242928726,Queued,Low,Awaiting Assignment,Org line C,C_6,se,G144 3rd,PROD667,Sweden
733,,,,,,,,,,,,
733,Completed-Closed,Value 237,19.090620012208802,Completed,Low,Closed,Org line C,C_6,se,G144 3rd,PROD667,Sweden
734,Accepted-In Progress,Value 367,19.041788714071597,Accepted,Medium,In Progress,Org line C,C_1,us,G14 3rd,PROD398,Sweden
734,,,,,,,,,,,,
734,Completed-Closed,Value 367,19.07102421247803,Completed,Medium,Closed,Org line C,C_1,us,G14 3rd,PROD398,Sweden
735,Accepted-In Progress,Value 368,19.04182684361134,Accepted,Low,In Progress,Org line C,V3_2,se,G371,PROD262,Sweden
735,,,,,,,,,,,,
735,Completed-Closed,Value 368,19.062394546629314,Completed,Low,Closed,Org line C,V3_2,se,G371,PROD262,Sweden
736,Accepted-In Progress,Value 211,19.042134755143262,Accepted,Medium,In Progress,Org line G4,,se,S33 2nd,PROD374,Sweden
736,,,,,,,,,,,,
737,Accepted-In Progress,Value 369,19.042176959136114,Accepted,Medium,In Progress,Org line A2,A2_2,in,G38 2nd,PROD215,Sweden
737,,,,,,,,,,,,
738,Accepted-In Progress,Value 8,19.04260713197991,Accepted,Medium,In Progress,Org line A2,A2_4,se,G105 2nd,PROD337,Sweden
738,,,,,,,,,,,,
739,Accepted-In Progress,Value 151,19.04255600081482,Accepted,High,In Progress,Org line A2,A2_1,se,T17 2nd,PROD350,Sweden
739,,,,,,,,,,,,
739,Accepted-In Progress,Value 151,19.045050645854985,Accepted,High,In Progress,Org line A2,A2_1,se,J2 2nd,PROD350,Sweden
739,,,,,,,,,,,,
739,Accepted-In Progress,Value 151,19.06250226644317,Accepted,High,In Progress,Org line A2,A2_1,se,J2 2nd,PROD350,Sweden
739,,,,,,,,,,,,
740,Accepted-In Progress,Value 229,19.042625064584573,Accepted,Medium,In Progress,Org line C,E_10,se,G271 2nd,PROD802,Sweden
740,,,,,,,,,,,,
740,Accepted-In Progress,Value 370,19.043071455944695,Accepted,Medium,In Progress,Org line C,E_10,se,G271 2nd,PROD802,Sweden
740,,,,,,,,,,,,
740,Accepted-In Progress,Value 44,19.045939334153886,Accepted,Medium,In Progress,Org line C,C_6,se,G273 3rd,PROD802,Sweden
740,,,,,,,,,,,,
740,Completed-Closed,Value 371,19.07052178977742,Completed,Medium,Closed,Org line C,C_6,se,G273 3rd,PROD802,France
741,Accepted-In Progress,Value 63,19.04307168134183,Accepted,Low,In Progress,Org line C,E_9,se,N12 2nd,PROD277,Sweden
741,,,,,,,,,,,,
742,Accepted-In Progress,Value 372,19.042681410601446,Accepted,Medium,In Progress,Org line A2,A2_4,in,G31 3rd,PROD194,INDIA
742,,,,,,,,,,,,
742,Accepted-In Progress,Value 372,19.058687375765462,Accepted,Medium,In Progress,Org line A2,A2_4,in,G31 3rd,PROD194,INDIA
742,,,,,,,,,,,,
743,Accepted-In Progress,Value 298,19.042735960399696,Accepted,Medium,In Progress,Org line G4,,se,S33 2nd,PROD397,Sweden
743,,,,,,,,,,,,
744,Accepted-In Progress,Value 209,19.042753885326,Accepted,Medium,In Progress,Org line C,C_1,be,G56 3rd,PROD816,Sweden
744,,,,,,,,,,,,
745,Accepted-In Progress,Value 166,19.04292997701987,Accepted,Major,In Progress,Org line C,E_1,se,G294 2nd,PROD834,Sweden
745,,,,,,,,,,,,
746,Accepted-In Progress,Value 29,19.043126590863217,Accepted,High,In Progress,Org line A2,A2_1,gb,G42 3rd,PROD236,United Kingdom
746,,,,,,,,,,,,
746,Accepted-In Progress,Value 29,19.04547629738424,Accepted,High,In Progress,Org line A2,A2_1,gb,G42 3rd,PROD236,United Kingdom
746,,,,,,,,,,,,
746,Completed-Closed,Value 143,19.11511372751322,Completed,High,Closed,Org line A2,A2_1,gb,G42 3rd,PROD236,United Kingdom
747,Accepted-In Progress,Value 43,19.04316950426876,Accepted,Medium,In Progress,Org line G3,,us,G199 3rd,PROD97,POLAND
747,,,,,,,,,,,,
748,Accepted-In Progress,Value 43,19.043161943443497,Accepted,Medium,In Progress,Org line G3,,us,G199 3rd,PROD98,POLAND
748,,,,,,,,,,,,
749,Accepted-In Progress,Value 25,19.043182270074645,Accepted,High,In Progress,Org line A2,A2_2,pl,M15 2nd,PROD786,POLAND
749,,,,,,,,,,,,
749,Queued-Awaiting Assignment,Value 25,19.0431956528,Queued,High,Awaiting Assignment,Org line A2,A2_2,pl,M15 2nd,PROD786,POLAND
749,,,,,,,,,,,,
749,Accepted-Wait,Value 197,19.07547112847515,Accepted,High,Wait,Org line A2,A2_2,pl,M15 2nd,PROD786,China
749,,,,,,,,,,,,
750,Accepted-In Progress,Value 373,19.043534824165484,Accepted,Medium,In Progress,Org line D,D_2,in,G121 2nd,PROD597,Sweden
750,,,,,,,,,,,,
750,Accepted-In Progress,Value 373,19.044987336072566,Accepted,Medium,In Progress,Org line D,D_2,in,G121 2nd,PROD597,Sweden
750,,,,,,,,,,,,
750,Completed-Closed,Value 373,19.049152252636674,Completed,Medium,Closed,Org line D,D_2,in,G121 2nd,PROD597,Sweden
750,,,,,,,,,,,,
750,Completed-Closed,Value 373,19.056482701459903,Completed,Medium,Closed,Org line C,E_8,in,G119 2nd,PROD597,Sweden
750,,,,,,,,,,,,
750,Completed-Closed,Value 373,19.07549750572936,Completed,Medium,Closed,Org line C,E_8,in,G119 2nd,PROD597,Sweden
751,Accepted-In Progress,Value 76,19.043533338305107,Accepted,Medium,In Progress,Org line C,C_6,se,G290 3rd,PROD154,Sweden
751,,,,,,,,,,,,
752,Accepted-In Progress,Value 298,19.043567791459935,Accepted,High,In Progress,Org line G4,,se,S33 2nd,PROD397,Sweden
752,,,,,,,,,,,,
753,Accepted-In Progress,Value 77,19.043599293360238,Accepted,Medium,In Progress,Org line C,E_1,br,G55 2nd,PROD745,Belgium
753,,,,,,,,,,,,
753,Queued-Awaiting Assignment,Value 77,19.04362041028831,Queued,Medium,Awaiting Assignment,Org line C,C_1,br,G56 3rd,PROD745,Belgium
753,,,,,,,,,,,,
753,Accepted-Assigned,Value 374,19.045422839173803,Accepted,Medium,Assigned,Org line C,C_1,br,G56 3rd,PROD745,Sweden
753,,,,,,,,,,,,
753,Accepted-In Progress,Value 212,19.103482110666054,Accepted,Medium,In Progress,Org line B,E_6,br,S4 2nd,PROD745,Brazil
753,,,,,,,,,,,,
754,Accepted-In Progress,Value 375,19.043961957702827,Accepted,Major,In Progress,Org line C,E_6,se,G355 2nd,PROD151,Sweden
754,,,,,,,,,,,,
755,Accepted-In Progress,Value 69,19.04501171242017,Accepted,Low,In Progress,Org line B,E_10,in,G230 2nd,PROD336,INDIA
755,,,,,,,,,,,,
755,Accepted-In Progress,Value 69,19.045012633685552,Accepted,Low,In Progress,Org line B,E_10,in,G230 2nd,PROD336,INDIA
755,,,,,,,,,,,,
755,Accepted-In Progress,Value 70,19.04508203145225,Accepted,Low,In Progress,Org line B,E_10,in,G230 2nd,PROD336,INDIA
755,,,,,,,,,,,,
755,Accepted-In Progress,Value 213,19.04510514154817,Accepted,Low,In Progress,Org line C,E_10,in,G249 3rd,PROD336,POLAND
755,,,,,,,,,,,,
755,Accepted-Assigned,Value 376,19.051929924794255,Accepted,Low,Assigned,Org line C,E_10,in,G249 3rd,PROD336,POLAND
755,,Value 377,,,,,,,,,,
755,Accepted-In Progress,Value 317,19.077252333536812,Accepted,Low,In Progress,Org line C,E_10,in,G231 2nd,PROD336,INDIA
755,,,,,,,,,,,,
755,Accepted-Wait,Value 378,19.077327282608742,Accepted,Low,Wait,Org line C,E_10,in,G231 2nd,PROD336,INDIA
755,,,,,,,,,,,,
755,Queued-Awaiting Assignment,Value 69,19.080425043307425,Queued,Low,Awaiting Assignment,Org line B,E_10,in,G230 2nd,PROD336,INDIA
755,,,,,,,,,,,,
755,Completed-Closed,Value 71,19.081332470025377,Completed,Low,Closed,Org line B,E_10,in,G230 2nd,PROD336,INDIA
756,Accepted-In Progress,Value 379,19.04501185168127,Accepted,Low,In Progress,Org line B,E_3,br,S12 2nd,PROD140,Brazil
756,,,,,,,,,,,,
756,Accepted-Assigned,Value 380,19.045051438540895,Accepted,Low,Assigned,Org line B,E_3,br,S12 2nd,PROD140,Brazil
756,,,,,,,,,,,,
756,Completed-Closed,Value 379,19.061547237549956,Completed,Low,Closed,Org line B,E_3,br,S12 2nd,PROD140,Brazil
757,Accepted-In Progress,Value 248,19.045064121430045,Accepted,Medium,In Progress,Org line A2,A2_2,fr,G22 2nd,PROD631,France
757,,,,,,,,,,,,
757,Completed-Closed,Value 248,19.090746429499738,Completed,Medium,Closed,Org line A2,A2_2,fr,G22 2nd,PROD631,France
758,Accepted-In Progress,Value 151,19.04530630268408,Accepted,Low,In Progress,Org line A2,A2_1,se,T17 2nd,PROD350,Sweden
758,,,,,,,,,,,,
758,Accepted-In Progress,Value 151,19.045365399866608,Accepted,Low,In Progress,Org line A2,A2_1,se,J2 2nd,PROD350,Sweden
758,,,,,,,,,,,,
758,Completed-Closed,Value 151,19.062516366800093,Completed,Low,Closed,Org line A2,A2_1,se,J2 2nd,PROD350,Sweden
759,Accepted-In Progress,Value 381,19.045357625389205,Accepted,Low,In Progress,Org line C,E_10,cn,G293 2nd,PROD826,China
759,,,,,,,,,,,,
759,Completed-Closed,Value 381,19.117555976682123,Completed,Low,Closed,Org line C,E_10,cn,G293 2nd,PROD826,China
760,Accepted-In Progress,Value 373,19.0454171906932,Accepted,Low,In Progress,Org line C,E_8,in,G119 2nd,PROD597,Sweden
760,,,,,,,,,,,,
761,Accepted-In Progress,Value 316,19.045425789220655,Accepted,Low,In Progress,Org line C,E_4,in,G89 2nd,PROD436,INDIA
761,,,,,,,,,,,,
761,Accepted-In Progress,Value 316,19.115476085548416,Accepted,Low,In Progress,Org line C,E_4,in,G89 2nd,PROD436,INDIA
761,,,,,,,,,,,,
762,Accepted-In Progress,Value 143,19.045440555386087,Accepted,Medium,In Progress,Org line A2,A2_1,gb,G42 3rd,PROD236,United Kingdom
762,,,,,,,,,,,,
762,Accepted-In Progress,Value 143,19.10956484548994,Accepted,Medium,In Progress,Org line A2,A2_1,gb,G42 3rd,PROD236,United Kingdom
762,,,,,,,,,,,,
763,Accepted-In Progress,Value 214,19.045527862977114,Accepted,Medium,In Progress,Org line A2,A2_4,se,G105 2nd,PROD337,Sweden
763,,,,,,,,,,,,
763,Accepted-In Progress,Value 164,19.104753349822747,Accepted,Medium,In Progress,Org line A2,A2_4,se,G105 2nd,PROD337,Sweden
763,,,,,,,,,,,,
764,Accepted-In Progress,Value 382,19.045447852725264,Accepted,High,In Progress,Org line C,,fr,V34 2nd,PROD424,France
764,,,,,,,,,,,,
765,Accepted-In Progress,Value 42,19.045464492386834,Accepted,Medium,In Progress,Org line C,E_10,se,G138 2nd,PROD802,Sweden
765,,,,,,,,,,,,
765,Completed-Closed,Value 42,19.067386959562356,Completed,Medium,Closed,Org line C,E_10,se,G138 2nd,PROD802,Sweden
766,Accepted-In Progress,Value 76,19.04548647473273,Accepted,Medium,In Progress,Org line A2,A2_4,se,G105 2nd,PROD337,Sweden
766,,,,,,,,,,,,
766,Completed-Closed,Value 76,19.09280946619305,Completed,Medium,Closed,Org line A2,A2_4,se,G105 2nd,PROD337,Sweden
767,Accepted-In Progress,Value 2,19.045494226794016,Accepted,High,In Progress,Org line A2,A2_2,cn,M1 2nd,PROD753,Sweden
767,,,,,,,,,,,,
767,Completed-Closed,Value 2,19.061502618836887,Completed,High,Closed,Org line A2,A2_2,cn,M1 2nd,PROD753,Sweden
768,Accepted-In Progress,Value 81,19.04559045870606,Accepted,High,In Progress,Org line A2,D_1,se,G124 3rd,PROD605,Sweden
768,,,,,,,,,,,,
769,Accepted-In Progress,Value 383,19.04591635035549,Accepted,Medium,In Progress,Org line C,C_6,se,G269 3rd,PROD621,INDIA
769,,,,,,,,,,,,
770,Accepted-In Progress,Value 384,19.045877375689734,Accepted,Medium,In Progress,Org line A2,A2_5,se,A10,PROD320,Sweden
770,,,,,,,,,,,,
770,Accepted-In Progress,Value 385,19.102038769708166,Accepted,Medium,In Progress,Org line A2,A2_5,se,A10,PROD320,Sweden
770,,,,,,,,,,,,
771,Accepted-In Progress,Value 385,19.045910239091324,Accepted,Medium,In Progress,Org line A2,A2_5,se,A10,PROD320,Sweden
771,,,,,,,,,,,,
771,Accepted-In Progress,Value 385,19.04640789046781,Accepted,Medium,In Progress,Org line A2,A2_5,se,A10,PROD320,Sweden
771,,,,,,,,,,,,
771,Accepted-In Progress,Value 385,19.05786289242666,Accepted,Medium,In Progress,Org line A2,A2_5,se,A10,PROD320,Sweden
771,,,,,,,,,,,,
771,Completed-Closed,Value 385,19.083216323973073,Completed,Medium,Closed,Org line A2,A2_5,se,A10,PROD320,Sweden
772,Accepted-Wait,Value 385,19.045928604879517,Accepted,Medium,Wait,Org line A2,A2_5,se,A10,PROD320,Sweden
772,,,,,,,,,,,,
772,Accepted-Wait,Value 385,19.0706768447776,Accepted,Medium,Wait,Org line A2,A2_5,se,A10,PROD320,Sweden
772,,,,,,,,,,,,
773,Accepted-In Progress,Value 385,19.045929610921107,Accepted,Medium,In Progress,Org line A2,A2_5,se,A10,PROD320,Sweden
773,,,,,,,,,,,,
773,Accepted-In Progress,Value 385,19.070988510953384,Accepted,Medium,In Progress,Org line A2,A2_5,se,A10,PROD320,Sweden
773,,,,,,,,,,,,
773,Completed-Closed,Value 385,19.08499219229262,Completed,Medium,Closed,Org line A2,A2_5,se,A10,PROD320,Sweden
774,Accepted-In Progress,Value 386,19.04599796051483,Accepted,Medium,In Progress,Org line A2,A2_2,fr,L53 2nd,PROD422,Sweden
774,,,,,,,,,,,,
774,Accepted-In Progress,Value 25,19.04680571356916,Accepted,Medium,In Progress,Org line A2,A2_2,fr,L53 2nd,PROD422,POLAND
774,,,,,,,,,,,,
774,Accepted-In Progress,Value 354,19.054630315278928,Accepted,Medium,In Progress,Org line A2,A2_2,fr,G34 3rd,PROD422,POLAND
774,,,,,,,,,,,,
774,Accepted-In Progress,Value 354,19.061581655135672,Accepted,Medium,In Progress,Org line A2,A2_2,fr,G34 3rd,PROD422,POLAND
774,,,,,,,,,,,,
775,Accepted-In Progress,Value 15,19.04599973166666,Accepted,Medium,In Progress,Org line G4,,se,S28 2nd,PROD633,Sweden
775,,,,,,,,,,,,
776,Accepted-In Progress,Value 387,19.04600285659155,Accepted,High,In Progress,Org line C,E_10,us,G288 2nd,PROD408,Sweden
776,,,,,,,,,,,,
776,Accepted-In Progress,Value 217,19.04600536080513,Accepted,High,In Progress,Org line C,E_10,us,G288 2nd,PROD408,Sweden
776,,,,,,,,,,,,
776,Accepted-In Progress,Value 13,19.046326046299395,Accepted,High,In Progress,Org line C,C_6,us,G290 3rd,PROD408,Sweden
776,,,,,,,,,,,,
776,Accepted-In Progress,Value 13,19.046329710468203,Accepted,High,In Progress,Org line C,C_6,us,G290 3rd,PROD408,Sweden
776,,,,,,,,,,,,
776,Accepted-Wait,Value 127,19.046369983345436,Accepted,High,Wait,Org line C,C_6,us,G290 3rd,PROD408,USA
776,,,,,,,,,,,,
776,Accepted-In Progress,Value 165,19.065235778735943,Accepted,High,In Progress,Org line C,V3_3,us,N22 2nd,PROD408,USA
776,,,,,,,,,,,,
776,Completed-Closed,Value 165,19.075625194638185,Completed,High,Closed,Org line C,V3_3,us,N22 2nd,PROD408,USA
777,Accepted-In Progress,Value 301,19.04616425852591,Accepted,Medium,In Progress,Org line B,E_10,in,G238 2nd,PROD209,INDIA
777,,,,,,,,,,,,
778,Accepted-In Progress,Value 211,19.046362163184575,Accepted,Low,In Progress,Org line G4,,se,S33 2nd,PROD374,Sweden
778,,,,,,,,,,,,
779,Queued-Awaiting Assignment,Value 33,19.046382275102584,Queued,Medium,Awaiting Assignment,Org line A2,A2_4,be,G7 3rd,PROD766,Belgium
779,,,,,,,,,,,,
779,Completed-Closed,Value 388,19.056465958192256,Completed,Medium,Closed,Org line A2,A2_4,be,G7 3rd,PROD766,Belgium
780,Accepted-In Progress,Value 217,19.046469377503545,Accepted,Medium,In Progress,Org line C,E_5,in,G92,PROD698,INDIA
780,,,,,,,,,,,,
780,Queued-Awaiting Assignment,Value 217,19.046914403961722,Queued,Medium,Awaiting Assignment,Org line C,E_5,in,G92,PROD698,INDIA
780,,Value 389,,,,,,,,,,
780,Queued-Awaiting Assignment,Value 86,19.05835437871999,Queued,Medium,Awaiting Assignment,Org line C,E_10,in,G276 2nd,PROD698,Sweden
780,,,,,,,,,,,,
780,Accepted-In Progress,Value 87,19.059202986357995,Accepted,Medium,In Progress,Org line C,E_10,in,G276 2nd,PROD698,Sweden
780,,,,,,,,,,,,
780,Completed-Closed,Value 87,19.087646872244992,Completed,Medium,Closed,Org line C,E_10,in,G276 2nd,PROD698,Sweden
780,,,,,,,,,,,,
780,Completed-Closed,Value 87,19.087649767046344,Completed,Medium,Closed,Org line C,E_10,in,G276 2nd,PROD698,Sweden
781,Accepted-In Progress,Value 76,19.04644822437879,Accepted,High,In Progress,Org line C,E_6,se,G48 2nd,PROD148,Sweden
781,,,,,,,,,,,,
781,Completed-Closed,Value 76,19.094210229715063,Completed,High,Closed,Org line C,E_6,se,G48 2nd,PROD148,Sweden
782,Accepted-In Progress,Value 113,19.04679158776238,Accepted,Medium,In Progress,Org line C,C_6,se,G141 3rd,PROD663,Sweden
782,,,,,,,,,,,,
782,Accepted-In Progress,Value 113,19.046793737122083,Accepted,Medium,In Progress,Org line C,C_6,se,G141 3rd,PROD663,Sweden
782,,,,,,,,,,,,
783,Accepted-In Progress,Value 211,19.046803676513953,Accepted,High,In Progress,Org line G4,,se,S33 2nd,PROD374,Sweden
783,,,,,,,,,,,,
784,Accepted-In Progress,Value 391,19.04681929383115,Accepted,Major,In Progress,Org line C,E_1,se,G213 2nd,PROD582,Belgium
784,,,,,,,,,,,,
784,Accepted-In Progress,Value 391,19.059651472554357,Accepted,Major,In Progress,Org line C,E_3,se,G71 2nd,PROD582,Belgium
784,,,,,,,,,,,,
785,Accepted-In Progress,Value 147,19.047312661574054,Accepted,Major,In Progress,Org line C,C_6,fr,G225 3rd,PROD793,France
785,,,,,,,,,,,,
785,Accepted-In Progress,Value 392,19.049667881076353,Accepted,Major,In Progress,Org line C,C_6,fr,G225 3rd,PROD793,Belgium
785,,,,,,,,,,,,
785,Completed-Closed,Value 392,19.10168616072304,Completed,Major,Closed,Org line C,C_6,fr,G225 3rd,PROD793,Belgium
786,Accepted-In Progress,Value 151,19.048061081295955,Accepted,Low,In Progress,Org line A2,A2_1,se,T17 2nd,PROD350,Sweden
786,,,,,,,,,,,,
786,Accepted-In Progress,Value 151,19.05608198811478,Accepted,Low,In Progress,Org line A2,A2_1,se,J2 2nd,PROD350,Sweden
786,,,,,,,,,,,,
786,Completed-Closed,Value 151,19.062514914140927,Completed,Low,Closed,Org line A2,A2_1,se,J2 2nd,PROD350,Sweden
787,Accepted-In Progress,Value 8,19.048175188200826,Accepted,Medium,In Progress,Org line A2,A2_4,se,G105 2nd,PROD337,Sweden
787,,,,,,,,,,,,
788,Accepted-In Progress,Value 351,19.048168807741916,Accepted,High,In Progress,Org line B,A2_1,cn,D1,PROD350,THAILAND
788,,,,,,,,,,,,
788,Completed-Closed,Value 351,19.061857859061615,Completed,High,Closed,Org line B,A2_1,cn,D1,PROD350,THAILAND
789,Accepted-In Progress,Value 351,19.048171178394163,Accepted,Medium,In Progress,Org line B,A2_1,cn,D1,PROD350,THAILAND
789,,,,,,,,,,,,
789,Completed-Closed,Value 351,19.06281491715647,Completed,Medium,Closed,Org line B,A2_1,cn,D1,PROD350,THAILAND
790,Accepted-In Progress,Value 351,19.048173047147607,Accepted,High,In Progress,Org line B,A2_1,cn,D1,PROD350,THAILAND
790,,,,,,,,,,,,
790,Completed-Closed,Value 351,19.098445220050223,Completed,High,Closed,Org line B,A2_1,cn,D1,PROD350,THAILAND
791,Accepted-In Progress,Value 320,19.04817231032524,Accepted,High,In Progress,Org line C,C_5,se,G120 3rd,PROD597,Sweden
791,,,,,,,,,,,,
792,Accepted-In Progress,Value 118,19.048292277076172,Accepted,Major,In Progress,Org line C,E_3,be,G64 2nd,PROD378,France
792,,,,,,,,,,,,
793,Accepted-In Progress,Value 20,19.048326614709108,Accepted,Medium,In Progress,Org line C,E_3,us,G67 2nd,PROD151,Sweden
793,,,,,,,,,,,,
793,Accepted-In Progress,Value 20,19.076849347093052,Accepted,Medium,In Progress,Org line C,E_3,us,G67 2nd,PROD151,Sweden
793,,,,,,,,,,,,
794,Accepted-In Progress,Value 393,19.048495141365496,Accepted,Medium,In Progress,Org line C,E_4,us,G88 2nd,PROD794,Sweden
794,,,,,,,,,,,,
794,Accepted-Wait,Value 393,19.07117900175782,Accepted,Medium,Wait,Org line C,E_4,us,G88 2nd,PROD794,Sweden
794,,,,,,,,,,,,
794,Accepted-In Progress,Value 393,19.119834220548533,Accepted,Medium,In Progress,Org line C,E_4,us,G88 2nd,PROD794,Sweden
794,,,,,,,,,,,,
795,Accepted-In Progress,Value 209,19.04863312407058,Accepted,Low,In Progress,Org line A2,A2_1,se,N7 2nd,PROD746,Sweden
795,,,,,,,,,,,,
795,Completed-Closed,Value 209,19.102052819270586,Completed,Low,Closed,Org line A2,A2_1,se,N7 2nd,PROD746,Sweden
796,Accepted-In Progress,Value 385,19.048645948401983,Accepted,Medium,In Progress,Org line A2,A2_5,se,A10,PROD236,Sweden
796,,,,,,,,,,,,
796,Accepted-In Progress,Value 385,19.048735548692214,Accepted,Medium,In Progress,Org line A2,A2_5,se,A10,PROD236,Sweden
796,,,,,,,,,,,,
796,Accepted-In Progress,Value 385,19.068714312285486,Accepted,Medium,In Progress,Org line A2,A2_5,se,A10,PROD236,Sweden
796,,,,,,,,,,,,
796,Accepted-In Progress,Value 385,19.068824774046018,Accepted,Medium,In Progress,Org line A2,A2_5,se,A10,PROD236,Sweden
796,,,,,,,,,,,,
797,Accepted-In Progress,Value 29,19.04873180261099,Accepted,High,In Progress,Org line A2,A2_1,gb,G42 3rd,PROD236,United Kingdom
797,,,,,,,,,,,,
797,Accepted-Assigned,Value 29,19.050141493576085,Accepted,High,Assigned,Org line A2,A2_1,gb,G42 3rd,PROD236,United Kingdom
797,,,,,,,,,,,,
797,Completed-Closed,Value 143,19.056541067718037,Completed,High,Closed,Org line A2,A2_1,gb,G42 3rd,PROD236,United Kingdom
798,Accepted-In Progress,Value 245,19.048743200899988,Accepted,Medium,In Progress,Org line A2,A2_3,us,N5 2nd,PROD488,USA
798,,,,,,,,,,,,
798,Completed-Closed,Value 245,19.05934558737114,Completed,Medium,Closed,Org line A2,A2_3,us,N5 2nd,PROD488,USA
799,Accepted-In Progress,Value 148,19.048775826183213,Accepted,Medium,In Progress,Org line A2,A2_5,fr,V37 2nd,PROD525,France
799,,,,,,,,,,,,
799,Completed-Closed,Value 148,19.0683242170232,Completed,Medium,Closed,Org line A2,A2_5,fr,V37 2nd,PROD525,France
800,Accepted-In Progress,Value 394,19.049060459835832,Accepted,Major,In Progress,Org line C,E_6,fr,V29 2nd,PROD413,France
800,,,,,,,,,,,,
800,Accepted-In Progress,Value 394,19.068330653315027,Accepted,Major,In Progress,Org line C,E_6,fr,V29 2nd,PROD413,France
800,,,,,,,,,,,,
800,Accepted-In Progress,Value 149,19.102988974754286,Accepted,Major,In Progress,Org line C,E_6,fr,V29 2nd,PROD413,France
800,,,,,,,,,,,,
801,Accepted-In Progress,Value 165,19.049096270059035,Accepted,High,In Progress,Org line C,V3_3,us,N22 2nd,PROD476,USA
801,,,,,,,,,,,,
801,Accepted-In Progress,Value 165,19.052789696860273,Accepted,High,In Progress,Org line C,V3_3,us,N22 2nd,PROD476,USA
801,,,,,,,,,,,,
801,Accepted-In Progress,Value 165,19.06205641053284,Accepted,High,In Progress,Org line C,V3_3,us,N22 2nd,PROD476,USA
801,,,,,,,,,,,,
801,Completed-Closed,Value 165,19.072355426794054,Completed,High,Closed,Org line C,V3_3,us,N22 2nd,PROD476,USA
802,Accepted-In Progress,Value 125,19.04912620072458,Accepted,Low,In Progress,Org line A2,A2_3,se,U6 2nd,PROD831,Sweden
802,,,,,,,,,,,,
802,Accepted-In Progress,Value 125,19.06746220125945,Accepted,Low,In Progress,Org line A2,A2_3,se,U6 2nd,PROD831,Sweden
802,,,,,,,,,,,,
803,Accepted-In Progress,Value 290,19.049137162453345,Accepted,Low,In Progress,Org line C,E_4,in,G93 2nd,PROD325,Brazil
803,,,,,,,,,,,,
803,Completed-Closed,Value 290,19.081416627372768,Completed,Low,Closed,Org line C,E_4,in,G93 2nd,PROD325,Brazil
804,Accepted-In Progress,Value 213,19.0492009674644,Accepted,High,In Progress,Org line A2,A2_3,pl,N26 2nd,PROD791,POLAND
804,,,,,,,,,,,,
804,Accepted-Wait,Value 213,19.05792491115085,Accepted,High,Wait,Org line A2,A2_3,pl,N26 2nd,PROD791,POLAND
804,,,,,,,,,,,,
805,Accepted-In Progress,Value 395,19.04920864811412,Accepted,Low,In Progress,Org line A2,A2_3,se,G45 2nd,PROD711,Brazil
805,,,,,,,,,,,,
805,Completed-Closed,Value 395,19.06835825040891,Completed,Low,Closed,Org line A2,A2_3,se,G45 2nd,PROD711,Brazil
806,Accepted-In Progress,Value 96,19.049223278521872,Accepted,Medium,In Progress,Org line C,E_10,se,G285 2nd,PROD646,Sweden
806,,,,,,,,,,,,
806,Accepted-In Progress,Value 179,19.050027259092246,Accepted,Medium,In Progress,Org line C,E_10,se,G285 2nd,PROD646,Sweden
806,,,,,,,,,,,,
807,Accepted-In Progress,Value 155,19.049593634425115,Accepted,Medium,In Progress,Org line A2,D_1,pl,V10 3rd,PROD71,POLAND
807,,,,,,,,,,,,
807,Completed-Closed,Value 155,19.120291505494155,Completed,Medium,Closed,Org line A2,D_1,pl,V10 3rd,PROD71,POLAND
808,Accepted-In Progress,Value 396,19.049575501111544,Accepted,Low,In Progress,Org line A2,A2_4,in,G31 3rd,PROD194,Sweden
808,,,,,,,,,,,,
809,Accepted-In Progress,Value 2,19.049582763007262,Accepted,Low,In Progress,Org line V2,,se,T3 2nd,PROD59,Sweden
809,,,,,,,,,,,,
810,Accepted-In Progress,Value 297,19.049650996658674,Accepted,Medium,In Progress,Org line A2,A2_4,se,G105 2nd,PROD337,Sweden
810,,,,,,,,,,,,
811,Accepted-In Progress,Value 58,19.049669581764444,Accepted,High,In Progress,Org line G4,,se,G51 2nd,PROD337,Sweden
811,,,,,,,,,,,,
811,Accepted-In Progress,Value 116,19.106497920552087,Accepted,High,In Progress,Org line G4,,se,G51 2nd,PROD337,Sweden
811,,,,,,,,,,,,
812,Accepted-In Progress,Value 337,19.049714571644568,Accepted,Low,In Progress,Org line C,E_7,in,G165 2nd,PROD424,INDIA
812,,,,,,,,,,,,
812,Accepted-Assigned,Value 397,19.051541941837367,Accepted,Low,Assigned,Org line C,E_7,in,G165 2nd,PROD424,INDIA
812,,,,,,,,,,,,
812,Accepted-Wait,Value 397,19.061702789504423,Accepted,Low,Wait,Org line C,E_7,in,G165 2nd,PROD424,INDIA
812,,,,,,,,,,,,
812,Completed-Closed,Value 397,19.111054010768473,Completed,Low,Closed,Org line C,E_7,in,G165 2nd,PROD424,INDIA
813,Accepted-In Progress,Value 293,19.049784678039327,Accepted,Low,In Progress,Org line C,,ca,N19 2nd,PROD424,Canada
813,,,,,,,,,,,,
814,Accepted-In Progress,Value 293,19.049785125817397,Accepted,Low,In Progress,Org line C,,ca,N19 2nd,PROD424,Canada
814,,,,,,,,,,,,
815,Accepted-In Progress,Value 77,19.050049807527543,Accepted,Low,In Progress,Org line C,E_7,se,G160 2nd,PROD673,Sweden
815,,,,,,,,,,,,
816,Accepted-In Progress,Value 379,19.050059128393748,Accepted,Low,In Progress,Org line B,E_3,br,S12 2nd,PROD551,Brazil
816,,,,,,,,,,,,
816,Accepted-In Progress,Value 379,19.055597624643028,Accepted,Low,In Progress,Org line B,E_3,br,S12 2nd,PROD551,Brazil
816,,Value 398,,,,,,,,,,
816,Accepted-In Progress,Value 399,19.09421216735482,Accepted,Low,In Progress,Org line A2,A2_1,br,S1 2nd,PROD551,Brazil
816,,,,,,,,,,,,
817,Accepted-In Progress,Value 400,19.05183880156248,Accepted,High,In Progress,Org line C,E_2,se,G57 2nd,PROD236,Belgium
817,,,,,,,,,,,,
817,Accepted-In Progress,Value 401,19.071474591424753,Accepted,High,In Progress,Org line C,E_2,se,G57 2nd,PROD236,Belgium
817,,,,,,,,,,,,
818,Accepted-In Progress,Value 402,19.051857537560053,Accepted,Medium,In Progress,Org line C,E_4,us,G88 2nd,PROD219,Sweden
818,,,,,,,,,,,,
818,Accepted-In Progress,Value 402,19.118179691822455,Accepted,Medium,In Progress,Org line C,E_4,us,G88 2nd,PROD219,Sweden
818,,,,,,,,,,,,
819,Accepted-In Progress,Value 42,19.05183454043056,Accepted,Low,In Progress,Org line C,E_6,se,S20 2nd,PROD802,Sweden
819,,,,,,,,,,,,
819,Accepted-Wait,Value 42,19.06828996269515,Accepted,Low,Wait,Org line C,E_6,se,S20 2nd,PROD802,Sweden
819,,,,,,,,,,,,
819,Completed-Closed,Value 42,19.089838689993574,Completed,Low,Closed,Org line C,E_6,se,S20 2nd,PROD802,Sweden
820,Accepted-In Progress,Value 62,19.052222851272923,Accepted,Medium,In Progress,Org line C,E_5,se,G76,PROD152,Sweden
820,,,,,,,,,,,,
820,Completed-Closed,Value 62,19.068323882125583,Completed,Medium,Closed,Org line C,E_5,se,G76,PROD152,Sweden
821,Accepted-In Progress,Value 254,19.05232413258907,Accepted,Medium,In Progress,Org line C,E_8,in,G119 2nd,PROD597,INDIA
821,,,,,,,,,,,,
821,Accepted-In Progress,Value 254,19.075474817280142,Accepted,Medium,In Progress,Org line C,E_8,in,G119 2nd,PROD597,INDIA
821,,,,,,,,,,,,
822,Accepted-In Progress,Value 150,19.052761496676467,Accepted,High,In Progress,Org line A2,A2_4,in,G2 3rd,PROD153,Sweden
822,,,,,,,,,,,,
823,Accepted-In Progress,Value 68,19.052862133566805,Accepted,Medium,In Progress,Org line A2,A2_4,se,G118 2nd,PROD591,Sweden
823,,,,,,,,,,,,
824,Accepted-In Progress,Value 150,19.053076218996086,Accepted,High,In Progress,Org line C,E_4,us,G88 2nd,PROD793,USA
824,,,,,,,,,,,,
824,Accepted-Wait,Value 150,19.053077446338797,Accepted,High,Wait,Org line C,E_4,us,G88 2nd,PROD793,USA
824,,,,,,,,,,,,
824,Accepted-In Progress,Value 292,19.065113496724805,Accepted,High,In Progress,Org line C,E_5,us,G92,PROD793,INDIA
824,,,,,,,,,,,,
824,Queued-Awaiting Assignment,Value 150,19.084047939911752,Queued,High,Awaiting Assignment,Org line C,E_4,us,G88 2nd,PROD793,USA
824,,,,,,,,,,,,
824,Completed-Closed,Value 393,19.08931116995801,Completed,High,Closed,Org line C,E_4,us,G88 2nd,PROD793,Sweden
825,Accepted-In Progress,Value 403,19.053364767784686,Accepted,Low,In Progress,Org line G4,,se,M18 2nd,PROD78,Sweden
825,,,,,,,,,,,,
826,Accepted-In Progress,Value 123,19.054709509359395,Accepted,Low,In Progress,Org line G4,,se,S29 2nd,PROD710,Sweden
826,,,,,,,,,,,,
826,Accepted-In Progress,Value 123,19.06472041849528,Accepted,Low,In Progress,Org line G4,,se,S29 2nd,PROD710,Sweden
826,,,,,,,,,,,,
827,Accepted-In Progress,Value 69,19.055176329372998,Accepted,Medium,In Progress,Org line B,E_10,in,G230 2nd,PROD752,INDIA
827,,,,,,,,,,,,
827,Accepted-In Progress,Value 71,19.05518070353705,Accepted,Medium,In Progress,Org line B,E_10,in,G230 2nd,PROD752,INDIA
827,,,,,,,,,,,,
828,Accepted-In Progress,Value 404,19.055180390718682,Accepted,Low,In Progress,Org line C,E_2,se,G57 2nd,PROD329,Sweden
828,,,,,,,,,,,,
828,Completed-Closed,Value 404,19.062346249224298,Completed,Low,Closed,Org line C,E_2,se,G57 2nd,PROD329,Sweden
829,Accepted-In Progress,Value 405,19.055307042345543,Accepted,Low,In Progress,Org line C,E_4,us,G88 2nd,PROD348,USA
829,,,,,,,,,,,,
830,Accepted-In Progress,Value 225,19.055557663387418,Accepted,Low,In Progress,Org line C,E_4,us,G88 2nd,PROD219,INDIA
830,,,,,,,,,,,,
830,Accepted-In Progress,Value 225,19.06728823487436,Accepted,Low,In Progress,Org line C,E_4,us,G88 2nd,PROD219,INDIA
830,,,,,,,,,,,,
831,Accepted-In Progress,Value 123,19.055573144588532,Accepted,Low,In Progress,Org line A2,A2_4,0,G11 2nd,PROD765,Belgium
831,,,,,,,,,,,,
832,Accepted-In Progress,Value 297,19.055580103366005,Accepted,Medium,In Progress,Org line A2,A2_4,se,G105 2nd,PROD337,Sweden
832,,,,,,,,,,,,
833,Accepted-In Progress,Value 281,19.055594799848098,Accepted,Medium,In Progress,Org line C,V3_1,se,G346,PROD631,Sweden
833,,,,,,,,,,,,
834,Accepted-In Progress,Value 77,19.055603088717135,Accepted,Low,In Progress,Org line C,E_7,se,G160 2nd,PROD673,Sweden
834,,,,,,,,,,,,
835,Accepted-In Progress,Value 248,19.056068967441192,Accepted,Medium,In Progress,Org line C,E_6,fr,G130 3rd,PROD643,France
835,,,,,,,,,,,,
836,Accepted-In Progress,Value 43,19.056094743760795,Accepted,Medium,In Progress,Org line G3,,us,G199 3rd,PROD98,POLAND
836,,,,,,,,,,,,
837,Accepted-In Progress,Value 119,19.056082454270822,Accepted,Low,In Progress,Org line C,E_4,in,G93 2nd,PROD325,Sweden
837,,,,,,,,,,,,
837,Completed-Closed,Value 119,19.064652590924663,Completed,Low,Closed,Org line C,E_4,in,G93 2nd,PROD325,Sweden
838,Accepted-In Progress,Value 86,19.0565685632244,Accepted,Medium,In Progress,Org line C,E_10,us,G236 2nd,PROD494,Sweden
838,,,,,,,,,,,,
838,Accepted-In Progress,Value 406,19.056574800305125,Accepted,Medium,In Progress,Org line C,E_10,us,G236 2nd,PROD494,Sweden
838,,,,,,,,,,,,
838,Queued-Awaiting Assignment,Value 86,19.05788755443813,Queued,Medium,Awaiting Assignment,Org line C,E_10,us,G236 2nd,PROD494,Sweden
838,,,,,,,,,,,,
838,Queued-Awaiting Assignment,Value 407,19.057936908360972,Queued,Medium,Awaiting Assignment,Org line C,E_10,us,G84 2nd,PROD494,Sweden
838,,,,,,,,,,,,
838,Queued-Awaiting Assignment,Value 408,19.058315610987894,Queued,Medium,Awaiting Assignment,Org line C,V3_2,us,N34,PROD494,USA
838,,,,,,,,,,,,
838,Completed-Closed,Value 408,19.068386621143798,Completed,Medium,Closed,Org line C,V3_2,us,N34,PROD494,USA
839,Accepted-In Progress,Value 150,19.056576738133828,Accepted,Medium,In Progress,Org line C,E_4,us,G88 2nd,PROD793,USA
839,,,,,,,,,,,,
839,Queued-Awaiting Assignment,Value 150,19.06317264760095,Queued,Medium,Awaiting Assignment,Org line C,E_4,us,G88 2nd,PROD793,USA
839,,,,,,,,,,,,
839,Accepted-Wait,Value 276,19.0832164992575,Accepted,Medium,Wait,Org line C,E_4,us,G88 2nd,PROD793,INDIA
839,,,,,,,,,,,,
840,Accepted-In Progress,Value 76,19.056949694946493,Accepted,High,In Progress,Org line G4,,se,S33 2nd,PROD374,Sweden
840,,,,,,,,,,,,
841,Accepted-In Progress,Value 209,19.05779283715192,Accepted,Major,In Progress,Org line G1,E_6,se,G358 2nd,PROD292,Sweden
841,,,,,,,,,,,,
842,Accepted-In Progress,Value 409,19.05780379418834,Accepted,Medium,In Progress,Org line A2,A2_1,pl,W15 2nd,PROD509,POLAND
842,,,,,,,,,,,,
842,Accepted-In Progress,Value 409,19.075474131475172,Accepted,Medium,In Progress,Org line A2,A2_1,pl,W15 2nd,PROD509,POLAND
842,,,,,,,,,,,,
842,Completed-Closed,Value 409,19.094230605338975,Completed,Medium,Closed,Org line A2,A2_1,pl,W15 2nd,PROD509,POLAND
843,Accepted-Assigned,Value 259,19.057843073542703,Accepted,Medium,Assigned,Org line A2,A2_3,pl,N26 2nd,PROD791,POLAND
843,,,,,,,,,,,,
843,Accepted-In Progress,Value 160,19.059662947630777,Accepted,Medium,In Progress,Org line A2,A2_3,pl,N26 2nd,PROD791,POLAND
843,,,,,,,,,,,,
844,Accepted-In Progress,Value 41,19.057815464992295,Accepted,Medium,In Progress,Org line A2,A2_3,se,G349 3rd,PROD40,Sweden
844,,,,,,,,,,,,
845,Accepted-In Progress,Value 355,19.057838171639684,Accepted,High,In Progress,Org line C,E_10,in,G263 2nd,PROD494,Sweden
845,,,,,,,,,,,,
845,Accepted-In Progress,Value 355,19.057865219057497,Accepted,High,In Progress,Org line C,E_10,in,G263 2nd,PROD494,Sweden
845,,,,,,,,,,,,
845,Accepted-In Progress,Value 355,19.057865694958593,Accepted,High,In Progress,Org line C,E_10,in,G263 2nd,PROD494,Sweden
845,,,,,,,,,,,,
845,Accepted-In Progress,Value 355,19.057865959347993,Accepted,High,In Progress,Org line C,E_10,in,G236 2nd,PROD494,Sweden
845,,,,,,,,,,,,
845,Accepted-In Progress,Value 355,19.064737633309267,Accepted,High,In Progress,Org line C,E_10,in,G263 2nd,PROD494,Sweden
845,,,,,,,,,,,,
845,Accepted-In Progress,Value 355,19.064739455604442,Accepted,High,In Progress,Org line C,E_10,in,G263 2nd,PROD494,Sweden
845,,,,,,,,,,,,
845,Completed-Closed,Value 355,19.064745059010022,Completed,High,Closed,Org line C,E_10,in,G236 2nd,PROD494,Sweden
845,,,,,,,,,,,,
845,Accepted-Assigned,Value 86,19.071896528375255,Accepted,High,Assigned,Org line C,E_10,in,G236 2nd,PROD494,Sweden
845,,,,,,,,,,,,
845,Completed-Closed,Value 355,19.07190064230327,Completed,High,Closed,Org line C,E_10,in,G236 2nd,PROD494,Sweden
845,,,,,,,,,,,,
845,Completed-Closed,Value 355,19.071926655076023,Completed,High,Closed,Org line C,E_10,in,G236 2nd,PROD494,Sweden
846,Accepted-In Progress,Value 31,19.057864600385734,Accepted,High,In Progress,Org line G4,,se,S33 2nd,PROD448,Sweden
846,,,,,,,,,,,,
847,Accepted-In Progress,Value 43,19.05786866140365,Accepted,Medium,In Progress,Org line G3,,us,G199 3rd,PROD98,POLAND
847,,,,,,,,,,,,
848,Accepted-In Progress,Value 29,19.0578858042168,Accepted,Medium,In Progress,Org line A2,A2_1,gb,G42 3rd,PROD236,United Kingdom
848,,,,,,,,,,,,
848,Accepted-In Progress,Value 29,19.074240344871747,Accepted,Medium,In Progress,Org line A2,A2_1,gb,G42 3rd,PROD236,United Kingdom
848,,,,,,,,,,,,
848,Completed-Closed,Value 28,19.07510586421103,Completed,Medium,Closed,Org line A2,A2_1,gb,G42 3rd,PROD236,United Kingdom
848,,,,,,,,,,,,
848,Completed-Closed,Value 84,19.095588553893457,Completed,Medium,Closed,Org line A2,A2_1,gb,G42 3rd,PROD236,POLAND
849,Accepted-In Progress,Value 39,19.057899996255546,Accepted,Low,In Progress,Org line C,E_7,in,G157 2nd,PROD674,Sweden
849,,,,,,,,,,,,
850,Accepted-In Progress,Value 255,19.057922040047487,Accepted,Medium,In Progress,Org line A2,A2_2,in,J7 2nd,PROD471,POLAND
850,,,,,,,,,,,,
850,Queued-Awaiting Assignment,Value 255,19.057924556889922,Queued,Medium,Awaiting Assignment,Org line A2,A2_2,in,J7 2nd,PROD471,POLAND
850,,,,,,,,,,,,
850,Completed-Closed,Value 355,19.057927671209292,Completed,Medium,Closed,Org line C,E_10,in,G236 2nd,PROD471,Sweden
851,Accepted-In Progress,Value 126,19.057958554792005,Accepted,Major,In Progress,Org line A2,A2_3,se,U6 2nd,PROD831,Sweden
851,,,,,,,,,,,,
851,Accepted-In Progress,Value 126,19.058332217608747,Accepted,Major,In Progress,Org line A2,A2_3,se,U6 2nd,PROD831,Sweden
851,,,,,,,,,,,,
852,Queued-Awaiting Assignment,Value 150,19.057970948141,Queued,High,Awaiting Assignment,Org line C,C_6,se,G248 3rd,PROD585,USA
852,,,,,,,,,,,,
852,Completed-Closed,Value 24,19.072452526892803,Completed,High,Closed,Org line C,C_6,se,G273 3rd,PROD585,Belgium
853,Accepted-In Progress,Value 410,19.05800659931198,Accepted,High,In Progress,Org line C,C_5,fr,V43 3rd,PROD609,France
853,,,,,,,,,,,,
854,Accepted-In Progress,Value 150,19.058204695790085,Accepted,High,In Progress,Org line C,C_6,in,G248 3rd,PROD585,USA
854,,,,,,,,,,,,
854,Accepted-In Progress,Value 411,19.058283797598058,Accepted,High,In Progress,Org line C,E_5,in,G77,PROD585,INDIA
854,,,,,,,,,,,,
855,Accepted-In Progress,Value 321,19.058280176970356,Accepted,Medium,In Progress,Org line C,E_4,us,G88 2nd,PROD815,INDIA
855,,,,,,,,,,,,
855,Completed-Closed,Value 321,19.06185571550385,Completed,Medium,Closed,Org line C,E_4,us,G88 2nd,PROD815,INDIA
856,Accepted-In Progress,Value 2,19.05826830016235,Accepted,Low,In Progress,Org line V2,,se,T3 2nd,PROD61,Sweden
856,,,,,,,,,,,,
857,Accepted-In Progress,Value 206,19.05829130837664,Accepted,Medium,In Progress,Org line G4,,se,S33 2nd,PROD527,Sweden
857,,,,,,,,,,,,
857,Accepted-In Progress,Value 206,19.09246346609262,Accepted,Medium,In Progress,Org line G4,,se,S33 2nd,PROD527,Sweden
857,,,,,,,,,,,,
858,Accepted-In Progress,Value 285,19.058311446076008,Accepted,Low,In Progress,Org line C,E_10,se,G138 2nd,PROD802,Sweden
858,,,,,,,,,,,,
858,Accepted-In Progress,Value 123,19.058325669072858,Accepted,Low,In Progress,Org line C,E_10,se,G138 2nd,PROD802,Sweden
858,,,,,,,,,,,,
858,Completed-Closed,Value 123,19.058392082663566,Completed,Low,Closed,Org line C,E_10,se,G138 2nd,PROD802,Sweden
859,Accepted-In Progress,Value 164,19.058297487152196,Accepted,Low,In Progress,Org line G4,,se,S33 2nd,PROD397,Sweden
859,,,,,,,,,,,,
860,Accepted-In Progress,Value 161,19.0582979364201,Accepted,Low,In Progress,Org line A2,A2_4,us,L23 3rd,PROD546,Sweden
860,,,,,,,,,,,,
861,Accepted-In Progress,Value 289,19.058366867582052,Accepted,Medium,In Progress,Org line G4,,se,S33 2nd,PROD448,Sweden
861,,,,,,,,,,,,
861,Accepted-In Progress,Value 289,19.08632704304849,Accepted,Medium,In Progress,Org line G4,,se,S33 2nd,PROD448,Sweden
861,,,,,,,,,,,,
862,Accepted-In Progress,Value 43,19.058390338610067,Accepted,Medium,In Progress,Org line G3,,us,G199 3rd,PROD97,POLAND
862,,,,,,,,,,,,
863,Accepted-In Progress,Value 24,19.05841415788996,Accepted,Low,In Progress,Org line C,C_6,se,G268 3rd,PROD805,Sweden
863,,,,,,,,,,,,
864,Accepted-In Progress,Value 412,19.058420129797074,Accepted,Medium,In Progress,Org line C,E_7,in,G165 2nd,PROD671,INDIA
864,,,,,,,,,,,,
865,Accepted-In Progress,Value 77,19.05847809243724,Accepted,Major,In Progress,Org line C,E_7,se,G160 2nd,PROD327,Sweden
865,,,,,,,,,,,,
865,Accepted-In Progress,Value 77,19.059789476161423,Accepted,Major,In Progress,Org line C,E_7,se,G160 2nd,PROD327,Sweden
865,,,,,,,,,,,,
865,Queued-Awaiting Assignment,Value 77,19.061137586292258,Queued,Major,Awaiting Assignment,Org line C,E_7,se,G160 2nd,PROD327,Sweden
865,,Value 413,,,,,,,,,,
865,Accepted-Assigned,Value 77,19.061940158724806,Accepted,Major,Assigned,Org line C,E_7,se,G160 2nd,PROD327,Sweden
865,,,,,,,,,,,,
865,Completed-Closed,Value 77,19.101635766290944,Completed,Major,Closed,Org line C,E_7,se,G160 2nd,PROD327,Sweden
866,Accepted-In Progress,Value 414,19.058519533031085,Accepted,Medium,In Progress,Org line A2,D_1,in,L50 3rd,PROD611,Sweden
866,,,,,,,,,,,,
867,Accepted-In Progress,Value 348,19.05873015490947,Accepted,Medium,In Progress,Org line C,C_6,se,G269 3rd,PROD621,Sweden
867,,,,,,,,,,,,
868,Accepted-In Progress,Value 108,19.05887237435029,Accepted,Medium,In Progress,Org line A2,A2_3,se,G362 3rd,PROD241,Sweden
868,,,,,,,,,,,,
869,Accepted-In Progress,Value 415,19.058849553827006,Accepted,Low,In Progress,Org line C,E_4,in,G87 2nd,PROD565,INDIA
869,,,,,,,,,,,,
869,Accepted-In Progress,Value 415,19.058852316617138,Accepted,Low,In Progress,Org line C,E_4,in,G87 2nd,PROD565,INDIA
869,,,,,,,,,,,,
870,Accepted-In Progress,Value 168,19.058885538174557,Accepted,Medium,In Progress,Org line V11,,gb,V50 2nd,PROD158,United Kingdom
870,,,,,,,,,,,,
870,Completed-Closed,Value 168,19.105189904003133,Completed,Medium,Closed,Org line V11,,gb,V50 2nd,PROD158,United Kingdom
871,Accepted-In Progress,Value 358,19.058884323222113,Accepted,High,In Progress,Org line C,C_1,us,G14 3rd,PROD332,USA
871,,,,,,,,,,,,
872,Accepted-In Progress,Value 196,19.059180236748396,Accepted,Low,In Progress,Org line V2,,se,T13 2nd,PROD399,Sweden
872,,,,,,,,,,,,
873,Accepted-In Progress,Value 77,19.05918717047022,Accepted,High,In Progress,Org line C,E_7,se,G160 2nd,PROD673,Sweden
873,,,,,,,,,,,,
874,Accepted-In Progress,Value 77,19.059218062705952,Accepted,Medium,In Progress,Org line C,C_1,be,G56 3rd,PROD816,Belgium
874,,,,,,,,,,,,
874,Accepted-In Progress,Value 416,19.05923888406253,Accepted,Medium,In Progress,Org line C,E_1,be,G55 2nd,PROD816,INDIA
874,,,,,,,,,,,,
874,Accepted-In Progress,Value 209,19.06158613834335,Accepted,Medium,In Progress,Org line C,C_1,be,G56 3rd,PROD816,Sweden
874,,,,,,,,,,,,
874,Completed-Closed,Value 416,19.06192326959778,Completed,Medium,Closed,Org line C,E_1,be,G55 2nd,PROD816,INDIA
875,Accepted-In Progress,Value 417,19.059225946674115,Accepted,Medium,In Progress,Org line C,E_7,se,G153 2nd,PROD673,France
875,,,,,,,,,,,,
875,Accepted-In Progress,Value 417,19.074694248771163,Accepted,Medium,In Progress,Org line C,E_7,se,G153 2nd,PROD673,France
875,,,,,,,,,,,,
876,Accepted-In Progress,Value 149,19.05924770251299,Accepted,Medium,In Progress,Org line C,E_6,fr,V29 2nd,PROD673,France
876,,,,,,,,,,,,
877,Accepted-In Progress,Value 42,19.059264594644958,Accepted,High,In Progress,Org line C,E_10,se,S52 2nd,PROD626,Sweden
877,,,,,,,,,,,,
877,Accepted-In Progress,Value 42,19.06107349476515,Accepted,High,In Progress,Org line C,C_6,se,M7 2nd,PROD626,Sweden
877,,,,,,,,,,,,
877,Accepted-In Progress,Value 418,19.07782154544771,Accepted,High,In Progress,Org line C,V3_2,se,S37,PROD626,Sweden
877,,,,,,,,,,,,
877,Accepted-In Progress,Value 43,19.077839267035426,Accepted,High,In Progress,Org line C,V3_2,se,S25,PROD626,Sweden
877,,,,,,,,,,,,
878,Accepted-In Progress,Value 150,19.05932051248341,Accepted,Major,In Progress,Org line C,E_4,se,G88 2nd,PROD348,USA
878,,,,,,,,,,,,
878,Accepted-In Progress,Value 419,19.059326727143585,Accepted,Major,In Progress,Org line C,E_1,se,M28 2nd,PROD348,Sweden
878,,,,,,,,,,,,
878,Accepted-In Progress,Value 419,19.059667117474135,Accepted,Major,In Progress,Org line C,E_1,se,M28 2nd,PROD348,Sweden
878,,,,,,,,,,,,
879,Accepted-In Progress,Value 43,19.05935173851625,Accepted,Medium,In Progress,Org line G3,,us,G199 3rd,PROD97,POLAND
879,,,,,,,,,,,,
880,Accepted-In Progress,Value 285,19.05943645151146,Accepted,Medium,In Progress,Org line C,E_10,se,G138 2nd,PROD802,Sweden
880,,,,,,,,,,,,
880,Queued-Awaiting Assignment,Value 285,19.059437111447412,Queued,Medium,Awaiting Assignment,Org line C,E_10,se,G138 2nd,PROD802,Sweden
880,,,,,,,,,,,,
880,Completed-Cancelled,Value 42,19.05960167531999,Completed,Medium,Cancelled,Org line C,E_5,se,S40,PROD802,Sweden
880,,Value 420,,,,,,,,,,
880,Queued-Awaiting Assignment,Value 285,19.05989408906797,Queued,Medium,Awaiting Assignment,Org line C,E_10,se,G138 2nd,PROD802,Sweden
880,,,,,,,,,,,,
880,Accepted-Wait,Value 114,19.061065314366743,Accepted,Medium,Wait,Org line C,C_6,se,G290 3rd,PROD802,Sweden
880,,,,,,,,,,,,
881,Accepted-In Progress,Value 211,19.059621454102878,Accepted,Medium,In Progress,Org line G4,,se,S33 2nd,PROD374,Sweden
881,,,,,,,,,,,,
882,Accepted-In Progress,Value 421,19.05962744519691,Accepted,Low,In Progress,Org line C,C_6,se,G268 3rd,PROD802,Sweden
882,,,,,,,,,,,,
882,Completed-Closed,Value 421,19.074611775348615,Completed,Low,Closed,Org line C,C_6,se,G268 3rd,PROD802,Sweden
883,Accepted-In Progress,Value 88,19.059642203721243,Accepted,Medium,In Progress,Org line G4,,se,S30 2nd,PROD412,Sweden
883,,,,,,,,,,,,
883,Accepted-In Progress,Value 88,19.064011570490134,Accepted,Medium,In Progress,Org line G4,,se,S30 2nd,PROD412,Sweden
883,,,,,,,,,,,,
884,Accepted-In Progress,Value 88,19.059652871317272,Accepted,Medium,In Progress,Org line G4,,se,S30 2nd,PROD412,Sweden
884,,,,,,,,,,,,
884,Accepted-In Progress,Value 88,19.115078602088957,Accepted,Medium,In Progress,Org line G4,,se,S30 2nd,PROD412,Sweden
884,,,,,,,,,,,,
885,Accepted-In Progress,Value 385,19.059652623234935,Accepted,Medium,In Progress,Org line A2,A2_5,se,A10,PROD461,Sweden
885,,,,,,,,,,,,
886,Accepted-In Progress,Value 422,19.059672358784223,Accepted,Major,In Progress,Org line C,C_6,se,G241 3rd,PROD214,Sweden
886,,,,,,,,,,,,
886,Accepted-In Progress,Value 422,19.08176295425355,Accepted,Major,In Progress,Org line C,C_6,se,G241 3rd,PROD214,Sweden
886,,,,,,,,,,,,
887,Accepted-In Progress,Value 112,19.059663855496886,Accepted,Medium,In Progress,Org line C,V3_2,se,M25,PROD815,Sweden
887,,,,,,,,,,,,
888,Accepted-In Progress,Value 311,19.059696078931708,Accepted,Medium,In Progress,Org line C,E_10,se,G253 2nd,PROD683,Sweden
888,,,,,,,,,,,,
888,Accepted-In Progress,Value 423,19.059701499545085,Accepted,Medium,In Progress,Org line C,E_10,se,G253 2nd,PROD683,Sweden
888,,,,,,,,,,,,
888,Accepted-Assigned,Value 8,19.05977529508002,Accepted,Medium,Assigned,Org line C,C_6,se,G254 3rd,PROD683,Sweden
888,,,,,,,,,,,,
888,Completed-Closed,Value 8,19.062401889736197,Completed,Medium,Closed,Org line C,C_6,se,G254 3rd,PROD683,Sweden
889,Accepted-In Progress,Value 29,19.05970446582741,Accepted,Medium,In Progress,Org line A2,A2_1,gb,G42 3rd,PROD236,United Kingdom
889,,,,,,,,,,,,
889,Accepted-In Progress,Value 172,19.068323379778942,Accepted,Medium,In Progress,Org line A2,A2_1,gb,G42 3rd,PROD236,POLAND
889,,,,,,,,,,,,
889,Accepted-In Progress,Value 172,19.068781744628687,Accepted,Medium,In Progress,Org line A2,A2_1,gb,G42 3rd,PROD236,POLAND
889,,,,,,,,,,,,
890,Accepted-In Progress,Value 68,19.05972794770558,Accepted,Medium,In Progress,Org line A2,A2_4,se,G118 2nd,PROD591,Sweden
890,,,,,,,,,,,,
891,Accepted-In Progress,Value 133,19.059723160592874,Accepted,High,In Progress,Org line G4,,se,S33 2nd,PROD374,Sweden
891,,,,,,,,,,,,
891,Accepted-In Progress,Value 133,19.059762544073674,Accepted,High,In Progress,Org line G4,,se,S33 2nd,PROD374,Sweden
891,,,,,,,,,,,,
892,Accepted-In Progress,Value 424,19.05981030145647,Accepted,Medium,In Progress,Org line A2,A2_2,br,S2 2nd,PROD53,Brazil
892,,,,,,,,,,,,
893,Queued-Awaiting Assignment,Value 150,19.05984912738806,Queued,Medium,Awaiting Assignment,Org line C,E_4,us,G88 2nd,PROD436,USA
893,,Value 425,,,,,,,,,,
893,Queued-Awaiting Assignment,Value 426,19.06791783569138,Queued,Medium,Awaiting Assignment,Org line B,E_10,us,G238 2nd,PROD436,INDIA
893,,,,,,,,,,,,
893,Completed-Closed,Value 150,19.07568472942787,Completed,Medium,Closed,Org line C,C_6,us,N55 3rd,PROD436,USA
894,Accepted-In Progress,Value 132,19.061049907416653,Accepted,Medium,In Progress,Org line G4,,se,S33 2nd,PROD374,Sweden
894,,,,,,,,,,,,
895,Accepted-In Progress,Value 41,19.061017922610468,Accepted,Medium,In Progress,Org line A2,A2_3,se,G349 3rd,PROD40,Sweden
895,,,,,,,,,,,,
896,Accepted-In Progress,Value 2,19.0610892597643,Accepted,Medium,In Progress,Org line C,C_6,se,G250 3rd,PROD650,Sweden
896,,,,,,,,,,,,
896,Queued-Awaiting Assignment,Value 427,19.067461640869574,Queued,Medium,Awaiting Assignment,Org line C,C_7,se,G112 3rd,PROD650,Sweden
896,,,,,,,,,,,,
896,Accepted-In Progress,Value 428,19.121187213394702,Accepted,Medium,In Progress,Org line C,C_7,se,G112 3rd,PROD650,Sweden
896,,,,,,,,,,,,
897,Accepted-In Progress,Value 43,19.06111879145595,Accepted,Medium,In Progress,Org line G3,,us,G199 3rd,PROD97,POLAND
897,,,,,,,,,,,,
898,Accepted-In Progress,Value 429,19.06111560799945,Accepted,High,In Progress,Org line A2,A2_1,pl,N14 2nd,PROD776,POLAND
898,,,,,,,,,,,,
898,Accepted-In Progress,Value 429,19.06190319923528,Accepted,High,In Progress,Org line A2,A2_1,pl,N14 2nd,PROD776,POLAND
898,,,,,,,,,,,,
899,Accepted-In Progress,Value 6,19.061118722937955,Accepted,High,In Progress,Org line V7n,,nl,V37 2nd,PROD542,Netherlands
899,,,,,,,,,,,,
899,Accepted-In Progress,Value 6,19.061132278868666,Accepted,High,In Progress,Org line V7n,,nl,V37 2nd,PROD542,Netherlands
899,,,,,,,,,,,,
899,Completed-Closed,Value 5,19.116783881363972,Completed,High,Closed,Org line V7n,,nl,V37 2nd,PROD542,Netherlands
900,Accepted-In Progress,Value 299,19.06114021627623,Accepted,Medium,In Progress,Org line C,E_4,us,G88 2nd,PROD793,INDIA
900,,,,,,,,,,,,
900,Completed-Closed,Value 299,19.117717465431316,Completed,Medium,Closed,Org line C,E_4,us,G88 2nd,PROD793,INDIA
901,Accepted-In Progress,Value 430,19.06150404662439,Accepted,High,In Progress,Org line C,,fr,U5 2nd,PROD348,France
901,,,,,,,,,,,,
901,Accepted-In Progress,Value 236,19.061596922193015,Accepted,High,In Progress,Org line C,,fr,U5 2nd,PROD348,France
901,,,,,,,,,,,,
902,Accepted-In Progress,Value 299,19.061536742927217,Accepted,Medium,In Progress,Org line C,E_4,us,G88 2nd,PROD794,INDIA
902,,,,,,,,,,,,
903,Accepted-In Progress,Value 431,19.06155957596655,Accepted,High,In Progress,Org line C,E_8,in,G186 2nd,PROD597,INDIA
903,,,,,,,,,,,,
903,Accepted-In Progress,Value 431,19.06886634769009,Accepted,High,In Progress,Org line C,E_8,in,G186 2nd,PROD597,INDIA
903,,,,,,,,,,,,
904,Accepted-In Progress,Value 45,19.06153943508241,Accepted,Medium,In Progress,Org line V2,,se,T3 2nd,PROD58,Sweden
904,,,,,,,,,,,,
905,Accepted-In Progress,Value 299,19.061540430809206,Accepted,Major,In Progress,Org line C,E_4,us,G88 2nd,PROD793,INDIA
905,,,,,,,,,,,,
906,Accepted-In Progress,Value 7,19.061593766598822,Accepted,Medium,In Progress,Org line C,E_10,se,G240 2nd,PROD214,Sweden
906,,,,,,,,,,,,
906,Accepted-Wait,Value 7,19.08091650146298,Accepted,Medium,Wait,Org line C,E_10,se,G240 2nd,PROD214,Sweden
906,,,,,,,,,,,,
907,Accepted-In Progress,Value 24,19.061586169952264,Accepted,Major,In Progress,Org line C,E_8,in,G186 2nd,PROD474,Sweden
907,,,,,,,,,,,,
907,Accepted-In Progress,Value 24,19.062819431670214,Accepted,Major,In Progress,Org line C,E_8,in,G186 2nd,PROD474,Sweden
907,,,,,,,,,,,,
907,Accepted-In Progress,Value 24,19.07055859395676,Accepted,Major,In Progress,Org line C,E_8,in,G186 2nd,PROD474,Sweden
907,,,,,,,,,,,,
908,Accepted-In Progress,Value 93,19.061574290198582,Accepted,High,In Progress,Org line G4,,se,S28 2nd,PROD108,Sweden
908,,,,,,,,,,,,
908,Completed-Closed,Value 93,19.062357861870595,Completed,High,Closed,Org line G4,,se,S28 2nd,PROD108,Sweden
909,Accepted-In Progress,Value 43,19.061632175666784,Accepted,Medium,In Progress,Org line G3,,us,G199 3rd,PROD97,POLAND
909,,,,,,,,,,,,
910,Accepted-In Progress,Value 187,19.061621481752713,Accepted,Major,In Progress,Org line C,E_8,in,G186 2nd,PROD474,INDIA
910,,,,,,,,,,,,
910,Accepted-In Progress,Value 432,19.08090405853927,Accepted,Major,In Progress,Org line C,E_8,in,G181 2nd,PROD474,INDIA
910,,,,,,,,,,,,
910,Accepted-Assigned,Value 432,19.08095289922636,Accepted,Major,Assigned,Org line C,E_8,in,G181 2nd,PROD474,INDIA
910,,,,,,,,,,,,
910,Accepted-Assigned,Value 232,19.093685837806305,Accepted,Major,Assigned,Org line C,E_8,in,G186 2nd,PROD474,Sweden
910,,,,,,,,,,,,
910,Completed-Closed,Value 232,19.0936918782382,Completed,Major,Closed,Org line C,E_8,in,G186 2nd,PROD474,Sweden
911,Accepted-In Progress,Value 43,19.06195994397167,Accepted,Medium,In Progress,Org line G3,,us,G199 3rd,PROD98,POLAND
911,,,,,,,,,,,,
912,Accepted-In Progress,Value 43,19.061973620156515,Accepted,Medium,In Progress,Org line G3,,us,G199 3rd,PROD97,POLAND
912,,,,,,,,,,,,
913,Accepted-In Progress,Value 433,19.062031098110634,Accepted,High,In Progress,Org line C,E_1,be,G55 2nd,PROD745,Sweden
913,,,,,,,,,,,,
913,Accepted-Wait,Value 433,19.064214975448202,Accepted,High,Wait,Org line C,E_1,be,G55 2nd,PROD745,Sweden
913,,,,,,,,,,,,
914,Accepted-In Progress,Value 88,19.062386466517495,Accepted,High,In Progress,Org line G4,,se,S30 2nd,PROD412,Sweden
914,,,,,,,,,,,,
914,Accepted-In Progress,Value 60,19.062467812103012,Accepted,High,In Progress,Org line G4,,se,S30 2nd,PROD412,Sweden
914,,,,,,,,,,,,
914,Completed-Closed,Value 88,19.06400991504083,Completed,High,Closed,Org line G4,,se,S30 2nd,PROD412,Sweden
915,Accepted-In Progress,Value 43,19.062442657474353,Accepted,Medium,In Progress,Org line G3,,us,G199 3rd,PROD96,POLAND
915,,,,,,,,,,,,
916,Accepted-In Progress,Value 434,19.062400326369573,Accepted,Major,In Progress,Org line F,,be,G207 2nd,PROD821,Belgium
916,,,,,,,,,,,,
916,Accepted-In Progress,Value 434,19.06929116378378,Accepted,Major,In Progress,Org line F,,be,G207 2nd,PROD821,Belgium
916,,,,,,,,,,,,
916,Accepted-In Progress,Value 57,19.069303574307057,Accepted,Major,In Progress,Org line C,C_1,be,G56 3rd,PROD821,Sweden
916,,,,,,,,,,,,
917,Accepted-In Progress,Value 435,19.06245943256065,Accepted,Low,In Progress,Org line C,E_7,in,G165 2nd,PROD674,INDIA
917,,,,,,,,,,,,
918,Accepted-Wait,Value 143,19.06252775115373,Accepted,Medium,Wait,Org line A2,A2_1,gb,G42 3rd,PROD236,United Kingdom
918,,,,,,,,,,,,
918,Completed-Closed,Value 143,19.10956559869379,Completed,Medium,Closed,Org line A2,A2_1,gb,G42 3rd,PROD236,United Kingdom
919,Accepted-In Progress,Value 436,19.062781620672716,Accepted,Major,In Progress,Org line C,E_5,fr,V56 2nd,PROD378,France
919,,,,,,,,,,,,
920,Accepted-In Progress,Value 123,19.06278930821786,Accepted,Medium,In Progress,Org line C,C_6,se,G269 3rd,PROD807,Sweden
920,,,,,,,,,,,,
920,Accepted-In Progress,Value 348,19.06419652735561,Accepted,Medium,In Progress,Org line C,C_6,se,G269 3rd,PROD807,Sweden
920,,,,,,,,,,,,
921,Accepted-In Progress,Value 63,19.062959813405747,Accepted,High,In Progress,Org line C,E_9,se,N12 2nd,PROD277,Sweden
921,,,,,,,,,,,,
922,Accepted-In Progress,Value 76,19.062989826507167,Accepted,Medium,In Progress,Org line G4,,se,S33 2nd,PROD304,Sweden
922,,,,,,,,,,,,
923,Accepted-In Progress,Value 437,19.063008070665678,Accepted,Major,In Progress,Org line C,C_5,0,L65 3rd,PROD474,France
923,,,,,,,,,,,,
924,Accepted-In Progress,Value 43,19.063894247531245,Accepted,Medium,In Progress,Org line G3,,us,G199 3rd,PROD97,POLAND
924,,,,,,,,,,,,
925,Accepted-In Progress,Value 43,19.06390705108203,Accepted,Medium,In Progress,Org line G3,,us,G199 3rd,PROD97,POLAND
925,,,,,,,,,,,,
926,Accepted-In Progress,Value 8,19.064195077135096,Accepted,Medium,In Progress,Org line G4,,se,S33 2nd,PROD374,Sweden
926,,,,,,,,,,,,
927,Accepted-In Progress,Value 232,19.064207803273774,Accepted,Medium,In Progress,Org line C,E_3,se,G71 2nd,PROD386,Sweden
927,,,,,,,,,,,,
928,Accepted-In Progress,Value 43,19.064309286069914,Accepted,Medium,In Progress,Org line G3,,us,G199 3rd,PROD97,POLAND
928,,,,,,,,,,,,
929,Accepted-In Progress,Value 331,19.06422214757119,Accepted,High,In Progress,Org line C,E_7,in,G165 2nd,PROD22,France
929,,,,,,,,,,,,
930,Accepted-In Progress,Value 434,19.0642270970942,Accepted,Medium,In Progress,Org line F,,se,G207 2nd,PROD766,Belgium
930,,,,,,,,,,,,
930,Accepted-In Progress,Value 434,19.075040748968018,Accepted,Medium,In Progress,Org line F,,se,G207 2nd,PROD766,Belgium
930,,,,,,,,,,,,
931,Accepted-In Progress,Value 438,19.064253436341208,Accepted,Low,In Progress,Org line C,V3_3,gb,W1,PROD473,United Kingdom
931,,,,,,,,,,,,
931,Accepted-Wait,Value 438,19.064254418861037,Accepted,Low,Wait,Org line C,V3_3,gb,W1,PROD473,United Kingdom
931,,,,,,,,,,,,
931,Completed-Closed,Value 438,19.09415165003328,Completed,Low,Closed,Org line C,V3_3,gb,W1,PROD473,United Kingdom
932,Accepted-In Progress,Value 133,19.06427195694029,Accepted,Medium,In Progress,Org line G4,,se,S33 2nd,PROD374,Sweden
932,,,,,,,,,,,,
932,Accepted-In Progress,Value 133,19.06463916666497,Accepted,Medium,In Progress,Org line G4,,se,S33 2nd,PROD374,Sweden
932,,,,,,,,,,,,
933,Accepted-In Progress,Value 434,19.06427285537765,Accepted,Medium,In Progress,Org line F,,se,G207 2nd,PROD753,Belgium
933,,,,,,,,,,,,
934,Accepted-In Progress,Value 256,19.064296251242943,Accepted,Medium,In Progress,Org line A2,A2_3,pl,N26 2nd,PROD791,POLAND
934,,,,,,,,,,,,
935,Accepted-In Progress,Value 385,19.06429147544156,Accepted,Medium,In Progress,Org line A2,A2_5,se,A10,PROD461,Sweden
935,,,,,,,,,,,,
935,Accepted-In Progress,Value 385,19.089397876198923,Accepted,Medium,In Progress,Org line A2,A2_5,se,A10,PROD461,Sweden
935,,,,,,,,,,,,
936,Accepted-In Progress,Value 106,19.06463797969124,Accepted,Medium,In Progress,Org line G4,,se,S29 2nd,PROD551,Sweden
936,,,,,,,,,,,,
937,Accepted-In Progress,Value 439,19.064710939192665,Accepted,Major,In Progress,Org line C,E_1,be,G213 2nd,PROD715,Sweden
937,,,,,,,,,,,,
938,Accepted-In Progress,Value 440,19.064729209746037,Accepted,Low,In Progress,Org line A2,A2_3,se,G348 2nd,PROD484,Sweden
938,,,,,,,,,,,,
939,Accepted-In Progress,Value 441,19.064752264092704,Accepted,Medium,In Progress,Org line V2,,se,T3 2nd,PROD60,Sweden
939,,,,,,,,,,,,
940,Accepted-In Progress,Value 129,19.064882046470103,Accepted,High,In Progress,Org line A2,A2_3,se,S21 2nd,PROD722,Sweden
940,,,,,,,,,,,,
940,Accepted-In Progress,Value 442,19.06558359834621,Accepted,High,In Progress,Org line A2,A2_3,se,S21 2nd,PROD722,Sweden
940,,,,,,,,,,,,
941,Accepted-In Progress,Value 440,19.065078029782054,Accepted,Low,In Progress,Org line A2,A2_3,se,G348 2nd,PROD484,Sweden
941,,,,,,,,,,,,
942,Accepted-In Progress,Value 440,19.06508495422923,Accepted,Low,In Progress,Org line A2,A2_3,se,G348 2nd,PROD484,Sweden
942,,,,,,,,,,,,
943,Accepted-In Progress,Value 440,19.06509130640926,Accepted,Low,In Progress,Org line A2,A2_3,se,G348 2nd,PROD484,Sweden
943,,,,,,,,,,,,
944,Accepted-In Progress,Value 20,19.065094178001374,Accepted,Medium,In Progress,Org line C,E_3,us,G67 2nd,PROD151,Sweden
944,,,,,,,,,,,,
945,Accepted-In Progress,Value 113,19.06516668428183,Accepted,Medium,In Progress,Org line C,C_6,se,G141 3rd,PROD661,Sweden
945,,,,,,,,,,,,
945,Queued-Awaiting Assignment,Value 150,19.06517664744762,Queued,Medium,Awaiting Assignment,Org line C,E_4,se,G88 2nd,PROD661,USA
945,,,,,,,,,,,,
945,Queued-Awaiting Assignment,Value 2,19.06555839603859,Queued,Medium,Awaiting Assignment,Org line C,C_6,se,G250 3rd,PROD661,Sweden
945,,,,,,,,,,,,
945,Completed-Closed,Value 127,19.071892315361726,Completed,Medium,Closed,Org line C,C_6,se,G250 3rd,PROD661,Sweden
946,Accepted-In Progress,Value 68,19.065184316602984,Accepted,Major,In Progress,Org line C,E_7,in,G153 2nd,PROD715,Sweden
946,,,,,,,,,,,,
946,Accepted-In Progress,Value 439,19.065999641087235,Accepted,Major,In Progress,Org line C,E_1,in,G213 2nd,PROD715,Sweden
946,,,,,,,,,,,,
946,Accepted-In Progress,Value 337,19.06925689028344,Accepted,Major,In Progress,Org line C,E_7,in,G165 2nd,PROD715,INDIA
946,,,,,,,,,,,,
946,Accepted-In Progress,Value 176,19.071407470844992,Accepted,Major,In Progress,Org line C,E_7,in,G157 2nd,PROD715,INDIA
946,,,,,,,,,,,,
946,Queued-Awaiting Assignment,Value 44,19.072310844726253,Queued,Major,Awaiting Assignment,Org line C,C_6,in,G273 3rd,PROD715,Sweden
946,,,,,,,,,,,,
946,Queued-Awaiting Assignment,Value 337,19.072353920605124,Queued,Major,Awaiting Assignment,Org line C,E_7,in,G162 2nd,PROD715,INDIA
946,,,,,,,,,,,,
946,Completed-Closed,Value 443,19.073695062277515,Completed,Major,Closed,Org line C,E_7,in,G165 2nd,PROD715,INDIA
947,Accepted-In Progress,Value 43,19.065209517841716,Accepted,Medium,In Progress,Org line G3,,us,G199 3rd,PROD96,POLAND
947,,,,,,,,,,,,
948,Accepted-In Progress,Value 88,19.065221501461444,Accepted,Medium,In Progress,Org line A2,A2_3,us,N5 2nd,PROD231,USA
948,,,,,,,,,,,,
949,Accepted-In Progress,Value 164,19.065538025939176,Accepted,Medium,In Progress,Org line G4,,se,S33 2nd,PROD397,Sweden
949,,,,,,,,,,,,
950,Accepted-In Progress,Value 211,19.065567379319987,Accepted,Low,In Progress,Org line G4,,se,S33 2nd,PROD374,Sweden
950,,,,,,,,,,,,
951,Accepted-In Progress,Value 439,19.065600740589755,Accepted,Major,In Progress,Org line C,E_1,be,G213 2nd,PROD715,Sweden
951,,,,,,,,,,,,
952,Accepted-In Progress,Value 444,19.065644893500238,Accepted,Medium,In Progress,Org line A2,A2_3,se,G362 3rd,PROD241,POLAND
952,,,,,,,,,,,,
952,Completed-Closed,Value 444,19.070532723093983,Completed,Medium,Closed,Org line A2,A2_3,se,G362 3rd,PROD241,POLAND
953,Accepted-In Progress,Value 253,19.06569831512852,Accepted,Medium,In Progress,Org line A2,A2_1,pl,W16 3rd,PROD761,POLAND
953,,,,,,,,,,,,
953,Completed-Closed,Value 253,19.117783471013066,Completed,Medium,Closed,Org line A2,A2_1,pl,W16 3rd,PROD761,POLAND
954,Queued-Awaiting Assignment,Value 165,19.065748801243373,Queued,Major,Awaiting Assignment,Org line C,V3_3,us,N22 2nd,PROD306,USA
954,,,,,,,,,,,,
954,Completed-Closed,Value 165,19.091197476697836,Completed,Major,Closed,Org line C,V3_3,us,N22 2nd,PROD306,USA
955,Accepted-In Progress,Value 50,19.06600450839136,Accepted,Low,In Progress,Org line A2,A2_1,pl,W15 2nd,PROD756,POLAND
955,,,,,,,,,,,,
956,Accepted-In Progress,Value 322,19.066024732625458,Accepted,Medium,In Progress,Org line A2,D_1,in,L50 3rd,PROD611,Sweden
956,,,,,,,,,,,,
956,Completed-Closed,Value 322,19.093330918791224,Completed,Medium,Closed,Org line A2,D_1,in,L50 3rd,PROD611,Sweden
957,Accepted-In Progress,Value 68,19.06603492326064,Accepted,High,In Progress,Org line C,E_7,us,G153 2nd,PROD597,Sweden
957,,,,,,,,,,,,
957,Accepted-In Progress,Value 128,19.066040320111842,Accepted,High,In Progress,Org line A2,D_1,us,N31 3rd,PROD597,USA
957,,,,,,,,,,,,
957,Accepted-In Progress,Value 337,19.069257993368936,Accepted,High,In Progress,Org line C,E_7,us,G165 2nd,PROD597,INDIA
957,,,,,,,,,,,,
957,Accepted-In Progress,Value 175,19.06926096280631,Accepted,High,In Progress,Org line C,E_7,us,G153 2nd,PROD597,INDIA
957,,,,,,,,,,,,
957,Accepted-In Progress,Value 445,19.08096172977306,Accepted,High,In Progress,Org line A2,D_1,us,N31 3rd,PROD597,USA
957,,,,,,,,,,,,
957,Completed-Closed,Value 128,19.081073580059954,Completed,High,Closed,Org line A2,D_1,us,N31 3rd,PROD597,USA
958,Accepted-In Progress,Value 446,19.066059122325107,Accepted,Major,In Progress,Org line C,E_4,in,G93 2nd,PROD219,Sweden
958,,,,,,,,,,,,
958,Accepted-In Progress,Value 446,19.092421176301855,Accepted,Major,In Progress,Org line C,E_4,in,G93 2nd,PROD219,Sweden
958,,,,,,,,,,,,
958,Accepted-In Progress,Value 446,19.09242760748934,Accepted,Major,In Progress,Org line C,E_4,in,G93 2nd,PROD219,Sweden
958,,,,,,,,,,,,
958,Accepted-In Progress,Value 446,19.092429262530104,Accepted,Major,In Progress,Org line C,E_4,in,G93 2nd,PROD219,Sweden
958,,,,,,,,,,,,
959,Queued-Awaiting Assignment,Value 76,19.066102373940662,Queued,Medium,Awaiting Assignment,Org line A2,A2_2,se,G25 3rd,PROD179,Sweden
959,,,,,,,,,,,,
959,Completed-Closed,Value 76,19.068369714961765,Completed,Medium,Closed,Org line A2,A2_2,se,G25 3rd,PROD179,Sweden
960,Accepted-In Progress,Value 447,19.06618931205263,Accepted,High,In Progress,Org line C,V3_2,fr,T14,PROD436,France
960,,,,,,,,,,,,
960,Completed-Closed,Value 447,19.11201197667665,Completed,High,Closed,Org line C,V3_2,fr,T14,PROD436,France
961,Accepted-In Progress,Value 111,19.06620232222738,Accepted,Medium,In Progress,Org line A2,A2_5,us,N30 2nd,PROD487,USA
961,,,,,,,,,,,,
962,Accepted-In Progress,Value 180,19.066275996162393,Accepted,Medium,In Progress,Org line B,E_6,br,S16,PROD119,Brazil
962,,,,,,,,,,,,
962,Queued-Awaiting Assignment,Value 448,19.06964643904969,Queued,Medium,Awaiting Assignment,Org line A2,A2_2,br,S2 2nd,PROD119,Brazil
962,,,,,,,,,,,,
962,Accepted-In Progress,Value 184,19.072474257429242,Accepted,Medium,In Progress,Org line A2,A2_3,br,S3 2nd,PROD119,Brazil
962,,,,,,,,,,,,
963,Accepted-In Progress,Value 394,19.067391301590625,Accepted,High,In Progress,Org line C,E_6,fr,V29 2nd,PROD193,France
963,,,,,,,,,,,,
963,Completed-Closed,Value 394,19.0711011587332,Completed,High,Closed,Org line C,E_6,fr,V29 2nd,PROD193,France
964,Accepted-In Progress,Value 432,19.067404977023298,Accepted,Medium,In Progress,Org line C,E_8,in,G181 2nd,PROD476,INDIA
964,,,,,,,,,,,,
964,Accepted-In Progress,Value 432,19.073860871716874,Accepted,Medium,In Progress,Org line C,E_8,in,G181 2nd,PROD476,INDIA
964,,,,,,,,,,,,
964,Accepted-In Progress,Value 432,19.08009424839991,Accepted,Medium,In Progress,Org line C,E_8,in,G181 2nd,PROD476,INDIA
964,,,,,,,,,,,,
964,Completed-Closed,Value 432,19.080881616446142,Completed,Medium,Closed,Org line C,E_8,in,G181 2nd,PROD476,INDIA
965,Accepted-In Progress,Value 15,19.067437795203727,Accepted,Low,In Progress,Org line G4,,se,S28 2nd,PROD343,Sweden
965,,,,,,,,,,,,
966,Accepted-In Progress,Value 449,19.06744737962711,Accepted,Medium,In Progress,Org line C,C_1,fr,L57 3rd,PROD821,France
966,,,,,,,,,,,,
967,Accepted-In Progress,Value 7,19.06749160295701,Accepted,Medium,In Progress,Org line C,E_4,us,G88 2nd,PROD815,Sweden
967,,,,,,,,,,,,
968,Accepted-In Progress,Value 87,19.06751266648458,Accepted,Medium,In Progress,Org line C,E_10,in,G276 2nd,PROD698,Sweden
968,,,,,,,,,,,,
968,Completed-Closed,Value 87,19.072465424570314,Completed,Medium,Closed,Org line C,E_10,in,G276 2nd,PROD698,Sweden
969,Accepted-In Progress,Value 149,19.067567281903994,Accepted,High,In Progress,Org line B,C_6,br,S17 3rd,PROD807,Brazil
969,,,,,,,,,,,,
970,Accepted-In Progress,Value 450,19.06773834622597,Accepted,Low,In Progress,Org line C,E_1,us,G13 2nd,PROD433,INDIA
970,,,,,,,,,,,,
971,Accepted-In Progress,Value 451,19.067853873621065,Accepted,Medium,In Progress,Org line C,,se,G163 3rd,PROD278,Sweden
971,,,,,,,,,,,,
971,Accepted-In Progress,Value 119,19.0678571351679,Accepted,Medium,In Progress,Org line C,,se,G163 3rd,PROD278,Sweden
971,,,,,,,,,,,,
972,Accepted-In Progress,Value 311,19.067906078033808,Accepted,Major,In Progress,Org line A2,A2_3,se,N4 2nd,PROD55,Sweden
972,,,,,,,,,,,,
973,Accepted-In Progress,Value 63,19.067899225443885,Accepted,Major,In Progress,Org line A2,A2_3,se,S35 2nd,PROD368,Sweden
973,,,,,,,,,,,,
973,Accepted-In Progress,Value 63,19.068300632630763,Accepted,Major,In Progress,Org line A2,A2_3,se,S35 2nd,PROD368,Sweden
973,,,,,,,,,,,,
974,Accepted-In Progress,Value 8,19.067997528654075,Accepted,Medium,In Progress,Org line G4,,se,S33 2nd,PROD374,Sweden
974,,,,,,,,,,,,
974,Accepted-In Progress,Value 8,19.07014182193086,Accepted,Medium,In Progress,Org line G4,,se,S33 2nd,PROD374,Sweden
974,,,,,,,,,,,,
975,Accepted-In Progress,Value 134,19.068239405851752,Accepted,Medium,In Progress,Org line G4,,se,S30 2nd,PROD412,Sweden
975,,,,,,,,,,,,
975,Accepted-Wait,Value 134,19.068259443643637,Accepted,Medium,Wait,Org line G4,,se,S30 2nd,PROD412,Sweden
975,,,,,,,,,,,,
976,Accepted-In Progress,Value 77,19.06831709519185,Accepted,Medium,In Progress,Org line C,E_1,be,G55 2nd,PROD221,Belgium
976,,,,,,,,,,,,
976,Accepted-In Progress,Value 452,19.071450961237865,Accepted,Medium,In Progress,Org line C,E_1,be,G55 2nd,PROD221,Sweden
976,,,,,,,,,,,,
976,Accepted-In Progress,Value 254,19.07547354438418,Accepted,Medium,In Progress,Org line C,E_8,be,G119 2nd,PROD221,INDIA
976,,,,,,,,,,,,
976,Queued-Awaiting Assignment,Value 77,19.07997493889866,Queued,Medium,Awaiting Assignment,Org line C,E_1,be,G55 2nd,PROD221,Belgium
976,,,,,,,,,,,,
976,Accepted-Assigned,Value 452,19.08004356079744,Accepted,Medium,Assigned,Org line C,E_1,be,G55 2nd,PROD221,Sweden
976,,,,,,,,,,,,
976,Accepted-In Progress,Value 119,19.102605326069853,Accepted,Medium,In Progress,Org line C,E_1,be,G55 2nd,PROD221,Sweden
976,,,,,,,,,,,,
977,Accepted-In Progress,Value 453,19.068357742846935,Accepted,Low,In Progress,Org line C,E_4,in,G93 2nd,PROD325,INDIA
977,,,,,,,,,,,,
977,Completed-Closed,Value 453,19.086840677636207,Completed,Low,Closed,Org line C,E_4,in,G93 2nd,PROD325,INDIA
978,Accepted-In Progress,Value 68,19.06840339099866,Accepted,High,In Progress,Org line A2,A2_4,se,G118 2nd,PROD591,Sweden
978,,,,,,,,,,,,
979,Queued-Awaiting Assignment,Value 94,19.068470263557593,Queued,High,Awaiting Assignment,Org line F,,us,S1 2nd,PROD437,Sweden
979,,,,,,,,,,,,
979,Completed-Closed,Value 13,19.071410230457126,Completed,High,Closed,Org line F,,us,S1 2nd,PROD437,Sweden
979,,,,,,,,,,,,
979,Completed-Closed,Value 165,19.09335359357374,Completed,High,Closed,Org line C,V3_3,us,N22 2nd,PROD437,USA
980,Accepted-In Progress,Value 454,19.068651970459932,Accepted,Low,In Progress,Org line C,,jp,S30 2nd,PROD683,Japan
980,,,,,,,,,,,,
981,Accepted-In Progress,Value 134,19.06875324387739,Accepted,Medium,In Progress,Org line G4,,se,S30 2nd,PROD412,Sweden
981,,,,,,,,,,,,
981,Completed-Closed,Value 134,19.074679887518055,Completed,Medium,Closed,Org line G4,,se,S30 2nd,PROD412,Sweden
982,Accepted-In Progress,Value 128,19.068797629169115,Accepted,Medium,In Progress,Org line A2,A2_4,se,M13 2nd,PROD563,Sweden
982,,,,,,,,,,,,
982,Completed-Closed,Value 128,19.10559688223515,Completed,Medium,Closed,Org line A2,A2_4,se,M13 2nd,PROD563,Sweden
983,Accepted-In Progress,Value 43,19.06881110232536,Accepted,Medium,In Progress,Org line G3,,us,G199 3rd,PROD96,POLAND
983,,,,,,,,,,,,
984,Accepted-In Progress,Value 164,19.06882955439697,Accepted,Medium,In Progress,Org line C,E_6,se,S20 2nd,PROD412,Sweden
984,,,,,,,,,,,,
985,Accepted-In Progress,Value 76,19.068847174552317,Accepted,High,In Progress,Org line C,C_6,se,G273 3rd,PROD802,Sweden
985,,,,,,,,,,,,
985,Completed-Closed,Value 76,19.111680360145844,Completed,High,Closed,Org line C,C_6,se,G273 3rd,PROD802,Sweden
986,Accepted-In Progress,Value 293,19.068866023433863,Accepted,Major,In Progress,Org line C,E_4,us,G88 2nd,PROD348,USA
986,,,,,,,,,,,,
987,Accepted-In Progress,Value 310,19.06887448021115,Accepted,Medium,In Progress,Org line C,E_4,us,G88 2nd,PROD104,USA
987,,,,,,,,,,,,
988,Accepted-In Progress,Value 455,19.06896227061846,Accepted,Medium,In Progress,Org line C,,mx,N13 2nd,PROD572,Mexico
988,,,,,,,,,,,,
989,Accepted-In Progress,Value 444,19.069208646093298,Accepted,High,In Progress,Org line A2,A2_3,se,G362 3rd,PROD241,POLAND
989,,,,,,,,,,,,
989,Completed-Closed,Value 444,19.070532174864624,Completed,High,Closed,Org line A2,A2_3,se,G362 3rd,PROD241,POLAND
990,Accepted-In Progress,Value 213,19.069281936820612,Accepted,Medium,In Progress,Org line A2,A2_3,pl,N26 2nd,PROD791,POLAND
990,,,,,,,,,,,,
990,Completed-Closed,Value 213,19.104719473229068,Completed,Medium,Closed,Org line A2,A2_3,pl,N26 2nd,PROD791,POLAND
991,Accepted-In Progress,Value 236,19.069260905299686,Accepted,Major,In Progress,Org line C,,fr,U5 2nd,PROD773,France
991,,,,,,,,,,,,
991,Completed-Closed,Value 236,19.093242812454765,Completed,Major,Closed,Org line C,,fr,U5 2nd,PROD773,France
992,Accepted-In Progress,Value 236,19.06926477391988,Accepted,Major,In Progress,Org line C,,fr,U5 2nd,PROD773,France
992,,,,,,,,,,,,
992,Completed-Closed,Value 236,19.093244996961054,Completed,Major,Closed,Org line C,,fr,U5 2nd,PROD773,France
993,Accepted-In Progress,Value 371,19.069340893819565,Accepted,High,In Progress,Org line C,C_6,se,G273 3rd,PROD803,France
993,,,,,,,,,,,,
993,Completed-Closed,Value 371,19.09550222492127,Completed,High,Closed,Org line C,C_6,se,G273 3rd,PROD803,France
994,Accepted-In Progress,Value 456,19.070503864936278,Accepted,Medium,In Progress,Org line C,E_4,us,G88 2nd,PROD181,INDIA
994,,,,,,,,,,,,
994,Completed-Closed,Value 456,19.09366642552939,Completed,Medium,Closed,Org line C,E_4,us,G88 2nd,PROD181,INDIA
995,Accepted-In Progress,Value 457,19.07051284567168,Accepted,Medium,In Progress,Org line A2,A2_4,fr,V23 2nd,PROD231,France
995,,,,,,,,,,,,
996,Accepted-In Progress,Value 93,19.07054018420462,Accepted,Medium,In Progress,Org line G4,,se,S28 2nd,PROD108,Sweden
996,,,,,,,,,,,,
997,Accepted-In Progress,Value 384,19.070553926286504,Accepted,Medium,In Progress,Org line A2,A2_5,se,A10,PROD461,Sweden
997,,,,,,,,,,,,
997,Completed-Closed,Value 384,19.105206844563586,Completed,Medium,Closed,Org line A2,A2_5,se,A10,PROD461,Sweden
998,Accepted-In Progress,Value 458,19.07055163421226,Accepted,Low,In Progress,Org line C,C_6,fr,G225 3rd,PROD481,France
998,,,,,,,,,,,,
999,Accepted-In Progress,Value 458,19.07055251658315,Accepted,Low,In Progress,Org line C,C_6,fr,G225 3rd,PROD256,France
999,,,,,,,,,,,,
1000,Accepted-In Progress,Value 133,19.070593908823046,Accepted,High,In Progress,Org line G4,,se,S33 2nd,PROD374,Sweden
1000,,,,,,,,,,,,
1001,Accepted-In Progress,Value 291,19.070625990807166,Accepted,Medium,In Progress,Org line A2,A2_3,se,S21 2nd,PROD231,Sweden
1001,,,,,,,,,,,,
1002,Accepted-In Progress,Value 226,19.070648789534623,Accepted,Medium,In Progress,Org line G4,,se,S33 2nd,PROD397,Sweden
1002,,,,,,,,,,,,
1003,Queued-Awaiting Assignment,Value 459,19.0707003157718,Queued,Major,Awaiting Assignment,Org line A2,A2_1,us,N24 2nd,PROD214,USA
1003,,,,,,,,,,,,
1003,Completed-Closed,Value 111,19.074687447740004,Completed,Major,Closed,Org line A2,A2_5,us,N30 2nd,PROD214,USA
1004,Accepted-In Progress,Value 94,19.070694552482614,Accepted,High,In Progress,Org line F,,us,S1 2nd,PROD807,Sweden
1004,,,,,,,,,,,,
1004,Accepted-In Progress,Value 94,19.071566863782795,Accepted,High,In Progress,Org line F,,us,S1 2nd,PROD807,Sweden
1004,,,,,,,,,,,,
1004,Completed-Closed,Value 460,19.110887701289226,Completed,High,Closed,Org line C,,us,N6 2nd,PROD807,USA
1005,Accepted-In Progress,Value 310,19.07079134418945,Accepted,Medium,In Progress,Org line C,E_4,us,G88 2nd,PROD214,USA
1005,,,,,,,,,,,,
1006,Accepted-In Progress,Value 2,19.070966320151317,Accepted,Medium,In Progress,Org line C,C_6,se,G250 3rd,PROD660,Sweden
1006,,,,,,,,,,,,
1006,Accepted-In Progress,Value 8,19.071594538614335,Accepted,Medium,In Progress,Org line C,C_6,se,G250 3rd,PROD660,Sweden
1006,,,,,,,,,,,,
1006,Accepted-In Progress,Value 8,19.08713670203108,Accepted,Medium,In Progress,Org line C,C_6,se,G250 3rd,PROD660,Sweden
1006,,,,,,,,,,,,
1007,Accepted-Wait,Value 385,19.07097164870257,Accepted,Medium,Wait,Org line A2,A2_5,se,A10,PROD320,Sweden
1007,,,,,,,,,,,,
1007,Accepted-Wait,Value 385,19.078171653181695,Accepted,Medium,Wait,Org line A2,A2_5,se,A10,PROD320,Sweden
1007,,,,,,,,,,,,
1008,Accepted-In Progress,Value 39,19.071046208909134,Accepted,Major,In Progress,Org line C,C_6,se,G254 3rd,PROD683,Sweden
1008,,,,,,,,,,,,
1009,Accepted-In Progress,Value 187,19.071089548029573,Accepted,Major,In Progress,Org line C,E_8,in,G186 2nd,PROD597,INDIA
1009,,,,,,,,,,,,
1009,Accepted-In Progress,Value 338,19.080002118243737,Accepted,Major,In Progress,Org line C,E_8,in,G186 2nd,PROD597,INDIA
1009,,,,,,,,,,,,
1009,Accepted-In Progress,Value 237,19.083559729711354,Accepted,Major,In Progress,Org line C,E_8,in,G186 2nd,PROD597,Sweden
1009,,,,,,,,,,,,
1009,Accepted-In Progress,Value 237,19.0845183446123,Accepted,Major,In Progress,Org line C,E_8,in,G181 2nd,PROD597,Sweden
1009,,,,,,,,,,,,
1009,Accepted-In Progress,Value 176,19.08758942102309,Accepted,Major,In Progress,Org line C,E_7,in,G157 2nd,PROD597,INDIA
1009,,,,,,,,,,,,
1009,Accepted-In Progress,Value 176,19.08761485949475,Accepted,Major,In Progress,Org line C,E_7,in,G157 2nd,PROD597,INDIA
1009,,,,,,,,,,,,
1010,Accepted-In Progress,Value 55,19.07111019672469,Accepted,Medium,In Progress,Org line C,V3_3,fr,V42 2nd,PROD358,France
1010,,,,,,,,,,,,
1010,Accepted-In Progress,Value 149,19.079982329891696,Accepted,Medium,In Progress,Org line C,E_6,fr,V29 2nd,PROD358,France
1010,,,,,,,,,,,,
1011,Accepted-In Progress,Value 44,19.071129258687186,Accepted,Low,In Progress,Org line C,C_6,se,G273 3rd,PROD802,Sweden
1011,,,,,,,,,,,,
1011,Completed-Closed,Value 44,19.080415799599535,Completed,Low,Closed,Org line C,C_6,se,G273 3rd,PROD802,Sweden
1012,Accepted-In Progress,Value 461,19.071373514994068,Accepted,Medium,In Progress,Org line C,E_1,se,G294 2nd,PROD306,INDIA
1012,,,,,,,,,,,,
1013,Accepted-In Progress,Value 155,19.071267273571237,Accepted,Medium,In Progress,Org line A2,D_1,pl,V10 3rd,PROD69,POLAND
1013,,,,,,,,,,,,
1013,Accepted-In Progress,Value 155,19.071895980893064,Accepted,Medium,In Progress,Org line A2,D_1,pl,V10 3rd,PROD69,POLAND
1013,,,,,,,,,,,,
1014,Accepted-In Progress,Value 462,19.071369414547505,Accepted,High,In Progress,Org line C,E_3,be,G64 2nd,PROD379,France
1014,,,,,,,,,,,,
1015,Accepted-In Progress,Value 463,19.071398284255203,Accepted,Medium,In Progress,Org line C,E_4,in,G93 2nd,PROD279,Sweden
1015,,,,,,,,,,,,
1016,Accepted-In Progress,Value 123,19.071441628985973,Accepted,Medium,In Progress,Org line C,C_6,se,G269 3rd,PROD802,Sweden
1016,,,,,,,,,,,,
1016,Queued-Awaiting Assignment,Value 123,19.071446808944255,Queued,Medium,Awaiting Assignment,Org line C,C_6,se,G269 3rd,PROD802,Sweden
1016,,,,,,,,,,,,
1016,Completed-Closed,Value 123,19.086184074927996,Completed,Medium,Closed,Org line C,C_6,se,G269 3rd,PROD802,Sweden
1017,Accepted-In Progress,Value 464,19.07142044460743,Accepted,Medium,In Progress,Org line A2,A2_1,se,M28 2nd,PROD715,Sweden
1017,,,,,,,,,,,,
1017,Queued-Awaiting Assignment,Value 464,19.07144402335069,Queued,Medium,Awaiting Assignment,Org line A2,A2_1,se,M28 2nd,PROD715,Sweden
1017,,,,,,,,,,,,
1017,Accepted-In Progress,Value 465,19.080931098964733,Accepted,Medium,In Progress,Org line C,E_1,se,G213 2nd,PROD715,INDIA
1017,,,,,,,,,,,,
1017,Accepted-In Progress,Value 127,19.080934250963686,Accepted,Medium,In Progress,Org line A2,A2_1,se,M28 2nd,PROD715,Sweden
1017,,,,,,,,,,,,
1017,Completed-Closed,Value 127,19.10559896430023,Completed,Medium,Closed,Org line A2,A2_1,se,M28 2nd,PROD715,Sweden
1018,Accepted-In Progress,Value 384,19.07149514349531,Accepted,Medium,In Progress,Org line A2,A2_5,se,A10,PROD236,Sweden
1018,,,,,,,,,,,,
1019,Accepted-In Progress,Value 360,19.071507469318753,Accepted,Medium,In Progress,Org line C,C_6,se,G273 3rd,PROD804,Sweden
1019,,,,,,,,,,,,
1019,Completed-Closed,Value 360,19.099479597837888,Completed,Medium,Closed,Org line C,C_6,se,G273 3rd,PROD804,Sweden
1020,Accepted-In Progress,Value 466,19.071503995361038,Accepted,Medium,In Progress,Org line C,E_7,se,G153 2nd,PROD673,INDIA
1020,,,,,,,,,,,,
1021,Accepted-In Progress,Value 285,19.071534212129738,Accepted,Low,In Progress,Org line A2,A2_3,se,S35 2nd,PROD368,Sweden
1021,,,,,,,,,,,,
1022,Queued-Awaiting Assignment,Value 427,19.07153860921159,Queued,Medium,Awaiting Assignment,Org line C,C_6,se,G148 3rd,PROD544,Sweden
1022,,,,,,,,,,,,
1022,Completed-Closed,Value 427,19.09636223854039,Completed,Medium,Closed,Org line C,C_6,se,G148 3rd,PROD544,Sweden
1023,Accepted-In Progress,Value 30,19.07154102942396,Accepted,Low,In Progress,Org line A2,A2_2,se,G30 2nd,PROD378,USA
1023,,,,,,,,,,,,
1024,Accepted-In Progress,Value 31,19.07155145609086,Accepted,Medium,In Progress,Org line V2,,se,T2 2nd,PROD492,Sweden
1024,,,,,,,,,,,,
1025,Accepted-In Progress,Value 133,19.071579225232654,Accepted,Low,In Progress,Org line G4,,se,S33 2nd,PROD374,Sweden
1025,,,,,,,,,,,,
1026,Accepted-In Progress,Value 293,19.071561230666354,Accepted,Low,In Progress,Org line A2,A2_5,us,N30 2nd,PROD485,USA
1026,,,,,,,,,,,,
1027,Accepted-In Progress,Value 128,19.071835104217982,Accepted,Major,In Progress,Org line C,E_1,be,G213 2nd,PROD715,Sweden
1027,,,,,,,,,,,,
1028,Accepted-In Progress,Value 254,19.071788798963507,Accepted,Major,In Progress,Org line C,E_8,se,G119 2nd,PROD72,INDIA
1028,,,,,,,,,,,,
1028,Accepted-In Progress,Value 467,19.071797309279205,Accepted,Major,In Progress,Org line C,C_5,se,G120 3rd,PROD72,Korea
1028,,,,,,,,,,,,
1028,Completed-Closed,Value 280,19.081843967558846,Completed,Major,Closed,Org line C,C_5,se,G120 3rd,PROD72,France
1029,Accepted-In Progress,Value 8,19.071885557817808,Accepted,Medium,In Progress,Org line G4,,se,S29 2nd,PROD411,Sweden
1029,,,,,,,,,,,,
1029,Accepted-Wait,Value 8,19.073693339505322,Accepted,Medium,Wait,Org line G4,,se,S29 2nd,PROD411,Sweden
1029,,Value 468,,,,,,,,,,
1029,Queued-Awaiting Assignment,Value 98,19.083631816434536,Queued,Medium,Awaiting Assignment,Org line A2,A2_3,se,G110 2nd,PROD411,Sweden
1029,,,,,,,,,,,,
1029,Completed-Closed,Value 39,19.099531434979156,Completed,Medium,Closed,Org line A2,A2_3,se,M3 2nd,PROD411,Sweden
1030,Accepted-In Progress,Value 276,19.071893655393943,Accepted,Major,In Progress,Org line C,E_4,us,G88 2nd,PROD793,INDIA
1030,,,,,,,,,,,,
1031,Accepted-In Progress,Value 469,19.07192286452167,Accepted,High,In Progress,Org line A2,A2_4,us,G113 2nd,PROD521,Sweden
1031,,,,,,,,,,,,
1031,Completed-Closed,Value 469,19.108571594180795,Completed,High,Closed,Org line A2,A2_4,us,G113 2nd,PROD521,Sweden
1032,Accepted-In Progress,Value 140,19.07196858484391,Accepted,Medium,In Progress,Org line A2,D_1,se,L38 3rd,PROD607,Sweden
1032,,,,,,,,,,,,
1032,Completed-Closed,Value 140,19.07775069742557,Completed,Medium,Closed,Org line A2,D_1,se,L38 3rd,PROD607,Sweden
1033,Accepted-In Progress,Value 412,19.071973668226487,Accepted,High,In Progress,Org line C,E_7,in,G165 2nd,PROD671,INDIA
1033,,,,,,,,,,,,
1034,Accepted-In Progress,Value 155,19.072003823884742,Accepted,Medium,In Progress,Org line A2,A2_1,be,G54 2nd,PROD715,POLAND
1034,,,,,,,,,,,,
1034,Accepted-In Progress,Value 444,19.077759654783694,Accepted,Medium,In Progress,Org line A2,A2_1,be,G54 2nd,PROD715,POLAND
1034,,,,,,,,,,,,
1034,Accepted-In Progress,Value 470,19.07816879817228,Accepted,Medium,In Progress,Org line C,E_1,be,G213 2nd,PROD715,INDIA
1034,,,,,,,,,,,,
1035,Accepted-In Progress,Value 355,19.072026492166053,Accepted,Low,In Progress,Org line C,E_10,in,G263 2nd,PROD104,Sweden
1035,,,,,,,,,,,,
1035,Completed-Closed,Value 355,19.080089050983133,Completed,Low,Closed,Org line C,E_10,in,G263 2nd,PROD104,Sweden
1036,Accepted-In Progress,Value 96,19.072019959708065,Accepted,High,In Progress,Org line C,E_10,se,G285 2nd,PROD646,Sweden
1036,,,,,,,,,,,,
1037,Accepted-In Progress,Value 438,19.07202086685163,Accepted,Medium,In Progress,Org line C,C_4,se,G155 3rd,PROD673,United Kingdom
1037,,,,,,,,,,,,
1037,Accepted-In Progress,Value 438,19.072491057884825,Accepted,Medium,In Progress,Org line C,C_4,se,G155 3rd,PROD673,United Kingdom
1037,,,,,,,,,,,,
1037,Completed-Closed,Value 438,19.089429555253123,Completed,Medium,Closed,Org line C,C_4,se,G155 3rd,PROD673,United Kingdom
1038,Accepted-In Progress,Value 294,19.072035219421625,Accepted,High,In Progress,Org line C,E_4,us,G88 2nd,OTHERS,Sweden
1038,,,,,,,,,,,,
1039,Accepted-In Progress,Value 139,19.072325208770597,Accepted,Medium,In Progress,Org line G4,,se,S33 2nd,PROD374,Sweden
1039,,,,,,,,,,,,
1040,Accepted-In Progress,Value 471,19.072342569392056,Accepted,Medium,In Progress,Org line C,E_10,in,G271 2nd,PROD802,Sweden
1040,,,,,,,,,,,,
1040,Completed-Closed,Value 471,19.075580290563856,Completed,Medium,Closed,Org line C,E_10,in,G271 2nd,PROD802,Sweden
1041,Accepted-In Progress,Value 353,19.072350371410476,Accepted,High,In Progress,Org line A2,A2_4,fr,W6 2nd,PROD66,France
1041,,,,,,,,,,,,
1042,Accepted-In Progress,Value 359,19.072997091411327,Accepted,Major,In Progress,Org line C,E_4,us,G88 2nd,PROD436,INDIA
1042,,,,,,,,,,,,
1042,Accepted-In Progress,Value 359,19.073431870516508,Accepted,Major,In Progress,Org line C,E_4,us,G88 2nd,PROD436,INDIA
1042,,,,,,,,,,,,
1042,Queued-Awaiting Assignment,Value 150,19.07610577674882,Queued,Major,Awaiting Assignment,Org line C,E_4,us,G88 2nd,PROD436,USA
1042,,,,,,,,,,,,
1042,Accepted-Assigned,Value 299,19.080542267617254,Accepted,Major,Assigned,Org line C,E_4,us,G88 2nd,PROD436,INDIA
1042,,,,,,,,,,,,
1042,Completed-Closed,Value 276,19.083216148688614,Completed,Major,Closed,Org line C,E_4,us,G88 2nd,PROD436,INDIA
1043,Accepted-In Progress,Value 472,19.072969403283295,Accepted,High,In Progress,Org line A2,D_1,in,G123 2nd,PROD605,INDIA
1043,,,,,,,,,,,,
1044,Accepted-In Progress,Value 8,19.073453283039758,Accepted,Medium,In Progress,Org line G4,,se,S33 2nd,PROD374,Sweden
1044,,,,,,,,,,,,
1045,Accepted-In Progress,Value 77,19.073660070162383,Accepted,High,In Progress,Org line C,E_7,se,G160 2nd,PROD673,Sweden
1045,,,,,,,,,,,,
1046,Accepted-In Progress,Value 273,19.073716458756696,Accepted,Medium,In Progress,Org line A2,A2_3,se,G349 3rd,PROD80,Sweden
1046,,,,,,,,,,,,
1047,Accepted-In Progress,Value 150,19.073697492890634,Accepted,Medium,In Progress,Org line C,E_4,in,G88 2nd,PROD793,USA
1047,,,,,,,,,,,,
1047,Queued-Awaiting Assignment,Value 150,19.08055467885933,Queued,Medium,Awaiting Assignment,Org line C,E_4,in,G88 2nd,PROD793,USA
1047,,,,,,,,,,,,
1047,Accepted-In Progress,Value 294,19.083170944894665,Accepted,Medium,In Progress,Org line C,E_4,in,G88 2nd,PROD793,Sweden
1047,,,,,,,,,,,,
1047,Accepted-In Progress,Value 446,19.09332598365339,Accepted,Medium,In Progress,Org line C,E_4,in,G93 2nd,PROD793,Sweden
1047,,,,,,,,,,,,
1047,Accepted-In Progress,Value 446,19.09332765251865,Accepted,Medium,In Progress,Org line C,E_4,in,G93 2nd,PROD793,Sweden
1047,,,,,,,,,,,,
1047,Accepted-In Progress,Value 446,19.09333986526131,Accepted,Medium,In Progress,Org line C,E_4,in,G93 2nd,PROD793,Sweden
1047,,,,,,,,,,,,
1048,Accepted-In Progress,Value 273,19.073769934940934,Accepted,Medium,In Progress,Org line A2,A2_3,se,G349 3rd,PROD80,Sweden
1048,,,,,,,,,,,,
1049,Accepted-In Progress,Value 473,19.073737297894006,Accepted,Medium,In Progress,Org line C,E_10,in,G271 2nd,PROD802,Sweden
1049,,,,,,,,,,,,
1050,Accepted-In Progress,Value 385,19.073824740508545,Accepted,Medium,In Progress,Org line A2,A2_5,se,A10,PROD320,Sweden
1050,,,,,,,,,,,,
1050,Completed-Closed,Value 385,19.101631570436314,Completed,Medium,Closed,Org line A2,A2_5,se,A10,PROD320,Sweden
1051,Accepted-In Progress,Value 2,19.07376417890701,Accepted,Medium,In Progress,Org line C,C_4,se,G155 3rd,PROD673,Sweden
1051,,,,,,,,,,,,
1051,Completed-Closed,Value 2,19.093251723985496,Completed,Medium,Closed,Org line C,C_4,se,G155 3rd,PROD673,Sweden
1052,Accepted-In Progress,Value 150,19.073773463487846,Accepted,Medium,In Progress,Org line C,E_4,us,G88 2nd,PROD793,USA
1052,,,,,,,,,,,,
1052,Queued-Awaiting Assignment,Value 150,19.08404824382892,Queued,Medium,Awaiting Assignment,Org line C,E_4,us,G88 2nd,PROD793,USA
1052,,,,,,,,,,,,
1052,Queued-Awaiting Assignment,Value 217,19.089309924801224,Queued,Medium,Awaiting Assignment,Org line C,E_5,us,G92,PROD793,INDIA
1052,,,,,,,,,,,,
1052,Completed-Closed,Value 276,19.099035174298624,Completed,Medium,Closed,Org line C,E_4,us,G88 2nd,PROD793,INDIA
1053,Accepted-In Progress,Value 273,19.073776955592077,Accepted,Medium,In Progress,Org line A2,A2_3,se,G349 3rd,PROD93,Sweden
1053,,,,,,,,,,,,
1054,Accepted-In Progress,Value 126,19.07378934179488,Accepted,Medium,In Progress,Org line A2,A2_3,se,U6 2nd,PROD831,Sweden
1054,,,,,,,,,,,,
1054,Completed-Closed,Value 126,19.083189149359903,Completed,Medium,Closed,Org line A2,A2_3,se,U6 2nd,PROD831,Sweden
1055,Accepted-In Progress,Value 43,19.073789659254363,Accepted,High,In Progress,Org line G3,,us,G199 3rd,PROD98,POLAND
1055,,,,,,,,,,,,
1056,Accepted-In Progress,Value 474,19.07383238005477,Accepted,Medium,In Progress,Org line A2,A2_5,cn,N18 2nd,PROD789,China
1056,,,,,,,,,,,,
1056,Completed-Closed,Value 474,19.112531594639698,Completed,Medium,Closed,Org line A2,A2_5,cn,N18 2nd,PROD789,China
1057,Accepted-In Progress,Value 126,19.073920084941733,Accepted,High,In Progress,Org line A2,A2_3,se,U6 2nd,PROD831,Sweden
1057,,,,,,,,,,,,
1057,Completed-Closed,Value 126,19.075022374766775,Completed,High,Closed,Org line A2,A2_3,se,U6 2nd,PROD831,Sweden
1058,Accepted-In Progress,Value 33,19.074060498738916,Accepted,Medium,In Progress,Org line A2,A2_4,be,G7 3rd,PROD737,Belgium
1058,,,,,,,,,,,,
1058,Accepted-In Progress,Value 33,19.080441788263137,Accepted,Medium,In Progress,Org line F,,be,G207 2nd,PROD737,Belgium
1058,,,,,,,,,,,,
1058,Accepted-In Progress,Value 475,19.080443251300903,Accepted,Medium,In Progress,Org line A2,A2_4,be,G7 3rd,PROD737,Belgium
1058,,,,,,,,,,,,
1059,Queued-Awaiting Assignment,Value 96,19.074142445372047,Queued,Major,Awaiting Assignment,Org line C,E_10,se,G285 2nd,PROD209,Sweden
1059,,,,,,,,,,,,
1059,Completed-Closed,Value 231,19.074614328533702,Completed,Major,Closed,Org line C,E_10,se,G285 2nd,PROD209,Belgium
1060,Accepted-In Progress,Value 298,19.074129408029197,Accepted,Medium,In Progress,Org line G4,,se,S33 2nd,PROD397,Sweden
1060,,,,,,,,,,,,
1061,Accepted-In Progress,Value 43,19.074195425386822,Accepted,Medium,In Progress,Org line G3,,us,G199 3rd,PROD98,POLAND
1061,,,,,,,,,,,,
1062,Accepted-In Progress,Value 106,19.074160502799614,Accepted,Medium,In Progress,Org line G4,,se,S29 2nd,PROD176,Sweden
1062,,,,,,,,,,,,
1063,Accepted-Assigned,Value 476,19.07419501441754,Accepted,Medium,Assigned,Org line A2,A2_3,se,G348 2nd,PROD82,Sweden
1063,,,,,,,,,,,,
1063,Completed-Closed,Value 476,19.07515193816844,Completed,Medium,Closed,Org line A2,A2_3,se,G348 2nd,PROD82,Sweden
1064,Accepted-In Progress,Value 345,19.074199181326097,Accepted,Medium,In Progress,Org line C,C_6,se,G268 3rd,PROD805,Sweden
1064,,,,,,,,,,,,
1064,Accepted-In Progress,Value 45,19.07426558421112,Accepted,Medium,In Progress,Org line C,C_6,se,G268 3rd,PROD805,Sweden
1064,,,,,,,,,,,,
1064,Completed-Closed,Value 45,19.113887312748794,Completed,Medium,Closed,Org line C,C_6,se,G268 3rd,PROD805,Sweden
1065,Accepted-In Progress,Value 477,19.074249765482865,Accepted,Low,In Progress,Org line A2,A2_4,in,G17 3rd,PROD66,Sweden
1065,,,,,,,,,,,,
1065,Accepted-Wait,Value 477,19.07512916391809,Accepted,Low,Wait,Org line A2,A2_4,in,G17 3rd,PROD66,Sweden
1065,,,,,,,,,,,,
1065,Completed-Closed,Value 477,19.094248114990407,Completed,Low,Closed,Org line A2,A2_4,in,G17 3rd,PROD66,Sweden
1066,Accepted-In Progress,Value 76,19.07424785639877,Accepted,Medium,In Progress,Org line A2,A2_4,se,M13 2nd,PROD705,Sweden
1066,,,,,,,,,,,,
1067,Accepted-Wait,Value 38,19.074268117473196,Accepted,Medium,Wait,Org line A2,A2_1,se,N7 2nd,PROD746,Sweden
1067,,,,,,,,,,,,
1067,Queued-Awaiting Assignment,Value 237,19.07427998782725,Queued,Medium,Awaiting Assignment,Org line A2,A2_3,se,G44 2nd,PROD746,Sweden
1067,,,,,,,,,,,,
1067,Completed-Closed,Value 111,19.074621806052527,Completed,Medium,Closed,Org line A2,A2_3,se,G44 2nd,PROD746,Sweden
1068,Accepted-In Progress,Value 76,19.07428332211257,Accepted,Medium,In Progress,Org line G4,,se,S33 2nd,PROD374,Sweden
1068,,,,,,,,,,,,
1069,Accepted-In Progress,Value 307,19.07431465656905,Accepted,Medium,In Progress,Org line C,E_4,in,G87 2nd,PROD168,INDIA
1069,,,,,,,,,,,,
1069,Completed-Closed,Value 307,19.07699093243716,Completed,Medium,Closed,Org line C,E_4,in,G87 2nd,PROD168,INDIA
1070,Accepted-In Progress,Value 385,19.074705562922357,Accepted,Medium,In Progress,Org line A2,A2_5,se,A10,PROD320,Sweden
1070,,,,,,,,,,,,
1070,Completed-Closed,Value 385,19.084993823661268,Completed,Medium,Closed,Org line A2,A2_5,se,A10,PROD320,Sweden
1071,Accepted-In Progress,Value 477,19.074634410589127,Accepted,Low,In Progress,Org line A2,A2_4,in,G17 3rd,PROD194,Sweden
1071,,,,,,,,,,,,
1072,Accepted-In Progress,Value 478,19.074632029051067,Accepted,Medium,In Progress,Org line A2,A2_1,pl,W16 3rd,PROD756,POLAND
1072,,,,,,,,,,,,
1072,Accepted-In Progress,Value 478,19.075086851913106,Accepted,Medium,In Progress,Org line A2,A2_1,pl,W16 3rd,PROD756,POLAND
1072,,,,,,,,,,,,
1072,Accepted-In Progress,Value 478,19.09947737618607,Accepted,Medium,In Progress,Org line A2,A2_1,pl,W16 3rd,PROD756,POLAND
1072,,,,,,,,,,,,
1072,Completed-Closed,Value 478,19.106406649848804,Completed,Medium,Closed,Org line A2,A2_1,pl,W16 3rd,PROD756,POLAND
1073,Accepted-In Progress,Value 76,19.07462241444346,Accepted,Major,In Progress,Org line A2,A2_3,se,V23 2nd,PROD221,Sweden
1073,,,,,,,,,,,,
1073,Accepted-In Progress,Value 76,19.07690973770954,Accepted,Major,In Progress,Org line G4,,se,M22 2nd,PROD221,Sweden
1073,,,,,,,,,,,,
1073,Accepted-In Progress,Value 76,19.10563496367949,Accepted,Major,In Progress,Org line A2,A2_3,se,V23 2nd,PROD221,Sweden
1073,,,,,,,,,,,,
1074,Accepted-In Progress,Value 43,19.074668781063576,Accepted,Medium,In Progress,Org line G3,,us,G199 3rd,PROD98,POLAND
1074,,,,,,,,,,,,
1075,Accepted-In Progress,Value 359,19.074706899190033,Accepted,High,In Progress,Org line C,E_4,us,G88 2nd,PROD793,INDIA
1075,,,,,,,,,,,,
1075,Completed-Closed,Value 359,19.08002346295082,Completed,High,Closed,Org line C,E_4,us,G88 2nd,PROD793,INDIA
1075,,,,,,,,,,,,
1075,Queued-Awaiting Assignment,Value 150,19.083955967242847,Queued,High,Awaiting Assignment,Org line C,E_4,us,G88 2nd,PROD793,USA
1075,,,,,,,,,,,,
1075,Completed-Closed,Value 393,19.086382064086166,Completed,High,Closed,Org line C,E_4,us,G88 2nd,PROD793,Sweden
1076,Accepted-In Progress,Value 308,19.07468940278122,Accepted,Medium,In Progress,Org line C,,us,N6 2nd,PROD378,USA
1076,,,,,,,,,,,,
1077,Accepted-In Progress,Value 385,19.074709410536517,Accepted,Medium,In Progress,Org line A2,A2_5,se,A10,PROD320,Sweden
1077,,,,,,,,,,,,
1077,Completed-Closed,Value 385,19.084993489153717,Completed,Medium,Closed,Org line A2,A2_5,se,A10,PROD320,Sweden
1078,Accepted-In Progress,Value 385,19.074726048697592,Accepted,Medium,In Progress,Org line A2,A2_5,se,A10,PROD320,Sweden
1078,,,,,,,,,,,,
1079,Accepted-In Progress,Value 359,19.074702796790596,Accepted,High,In Progress,Org line C,E_4,us,G88 2nd,PROD793,INDIA
1079,,,,,,,,,,,,
1079,Completed-Closed,Value 359,19.080867540144528,Completed,High,Closed,Org line C,E_4,us,G88 2nd,PROD793,INDIA
1079,,,,,,,,,,,,
1079,Queued-Awaiting Assignment,Value 150,19.083956616345876,Queued,High,Awaiting Assignment,Org line C,E_4,us,G88 2nd,PROD793,USA
1079,,,,,,,,,,,,
1079,Completed-Closed,Value 294,19.086684209548345,Completed,High,Closed,Org line C,E_4,us,G88 2nd,PROD793,Sweden
1080,Accepted-In Progress,Value 187,19.074722897867087,Accepted,Medium,In Progress,Org line C,E_8,in,G186 2nd,PROD62,INDIA
1080,,,,,,,,,,,,
1080,Accepted-In Progress,Value 479,19.07507175304283,Accepted,Medium,In Progress,Org line C,E_8,in,G181 2nd,PROD62,Sweden
1080,,,,,,,,,,,,
1080,Queued-Awaiting Assignment,Value 187,19.07511527147463,Queued,Medium,Awaiting Assignment,Org line C,E_8,in,G186 2nd,PROD62,INDIA
1080,,,,,,,,,,,,
1080,Accepted-Assigned,Value 187,19.07511560930289,Accepted,Medium,Assigned,Org line C,E_8,in,G186 2nd,PROD62,INDIA
1080,,,,,,,,,,,,
1080,Queued-Awaiting Assignment,Value 307,19.111683932803757,Queued,Medium,Awaiting Assignment,Org line C,E_4,in,G87 2nd,PROD62,INDIA
1080,,,,,,,,,,,,
1080,Accepted-Wait,Value 481,19.11172188336369,Accepted,Medium,Wait,Org line C,E_4,in,G87 2nd,PROD62,INDIA
1080,,,,,,,,,,,,
1080,Accepted-In Progress,Value 482,19.112158942536396,Accepted,Medium,In Progress,Org line C,E_4,in,G87 2nd,PROD62,Sweden
1080,,,,,,,,,,,,
1081,Queued-Awaiting Assignment,Value 165,19.07472313703939,Queued,Major,Awaiting Assignment,Org line C,V3_3,us,N22 2nd,PROD835,USA
1081,,,,,,,,,,,,
1081,Completed-Closed,Value 165,19.091196157170852,Completed,Major,Closed,Org line C,V3_3,us,N22 2nd,PROD835,USA
1082,Accepted-In Progress,Value 187,19.07503459481771,Accepted,Medium,In Progress,Org line C,E_8,us,G186 2nd,PROD476,INDIA
1082,,,,,,,,,,,,
1082,Accepted-In Progress,Value 479,19.07507069273494,Accepted,Medium,In Progress,Org line C,E_8,us,G181 2nd,PROD476,Sweden
1082,,,,,,,,,,,,
1082,Queued-Awaiting Assignment,Value 358,19.075072277998775,Queued,Medium,Awaiting Assignment,Org line C,E_1,us,G13 2nd,PROD476,USA
1082,,,,,,,,,,,,
1082,Accepted-Assigned,Value 63,19.07737471149534,Accepted,Medium,Assigned,Org line C,C_1,us,G14 3rd,PROD476,Sweden
1082,,Value 278,,,,,,,,,,
1082,Accepted-Assigned,Value 116,19.086633880574556,Accepted,Medium,Assigned,Org line C,C_1,us,G14 3rd,PROD476,Sweden
1082,,,,,,,,,,,,
1082,Completed-Closed,Value 116,19.08766405102321,Completed,Medium,Closed,Org line C,C_1,us,G14 3rd,PROD476,Sweden
1083,Accepted-In Progress,Value 438,19.0750292826744,Accepted,Low,In Progress,Org line C,V3_3,gb,W1,PROD673,United Kingdom
1083,,,,,,,,,,,,
1083,Completed-Closed,Value 438,19.075494414477927,Completed,Low,Closed,Org line C,V3_3,gb,W1,PROD673,United Kingdom
1084,Accepted-Assigned,Value 289,19.07507041726261,Accepted,Medium,Assigned,Org line G4,,se,S33 2nd,PROD448,Sweden
1084,,,,,,,,,,,,
1084,Completed-Closed,Value 289,19.10860646136874,Completed,Medium,Closed,Org line G4,,se,S33 2nd,PROD448,Sweden
1085,Accepted-In Progress,Value 187,19.075041897669244,Accepted,Low,In Progress,Org line C,E_8,us,G186 2nd,PROD476,INDIA
1085,,,,,,,,,,,,
1085,Accepted-In Progress,Value 199,19.07999127762682,Accepted,Low,In Progress,Org line C,E_8,us,G186 2nd,PROD476,INDIA
1085,,,,,,,,,,,,
1085,Queued-Awaiting Assignment,Value 358,19.08811218608215,Queued,Low,Awaiting Assignment,Org line C,E_1,us,G13 2nd,PROD476,USA
1085,,,,,,,,,,,,
1085,Accepted-Assigned,Value 236,19.09335354253947,Accepted,Low,Assigned,Org line C,E_1,us,G13 2nd,PROD476,France
1085,,,,,,,,,,,,
1085,Completed-Closed,Value 236,19.12028061604726,Completed,Low,Closed,Org line C,E_1,us,G13 2nd,PROD476,France
1086,Accepted-In Progress,Value 43,19.075082532775905,Accepted,Medium,In Progress,Org line G3,,us,G199 3rd,PROD98,POLAND
1086,,,,,,,,,,,,
1087,Accepted-In Progress,Value 301,19.075300914291503,Accepted,Major,In Progress,Org line B,E_10,in,G238 2nd,PROD209,INDIA
1087,,,,,,,,,,,,
1088,Accepted-In Progress,Value 289,19.07549281429696,Accepted,Low,In Progress,Org line G4,,se,S33 2nd,PROD448,Sweden
1088,,,,,,,,,,,,
1088,Accepted-In Progress,Value 289,19.108606742834535,Accepted,Low,In Progress,Org line G4,,se,S33 2nd,PROD448,Sweden
1088,,,,,,,,,,,,
1089,Accepted-In Progress,Value 88,19.075490621837062,Accepted,Medium,In Progress,Org line C,C_6,se,G278 3rd,PROD631,Sweden
1089,,,,,,,,,,,,
1089,Accepted-In Progress,Value 88,19.090167214577214,Accepted,Medium,In Progress,Org line C,C_6,se,G278 3rd,PROD631,Sweden
1089,,,,,,,,,,,,
1089,Accepted-In Progress,Value 44,19.105622587621205,Accepted,Medium,In Progress,Org line C,C_6,se,G278 3rd,PROD631,Sweden
1089,,,,,,,,,,,,
1090,Accepted-In Progress,Value 76,19.07561795318737,Accepted,Medium,In Progress,Org line C,E_10,se,G291 2nd,PROD660,Sweden
1090,,,,,,,,,,,,
1090,Accepted-In Progress,Value 76,19.07775039158843,Accepted,Medium,In Progress,Org line C,E_10,se,G291 2nd,PROD660,Sweden
1090,,,,,,,,,,,,
1091,Accepted-In Progress,Value 337,19.075596841513534,Accepted,Major,In Progress,Org line C,E_7,in,G162 2nd,PROD678,INDIA
1091,,,,,,,,,,,,
1091,Accepted-In Progress,Value 334,19.077271672926546,Accepted,Major,In Progress,Org line C,E_7,in,G165 2nd,PROD678,INDIA
1091,,,,,,,,,,,,
1091,Accepted-In Progress,Value 483,19.077385585700007,Accepted,Major,In Progress,Org line C,E_10,in,G271 2nd,PROD678,Sweden
1091,,,,,,,,,,,,
1091,Accepted-In Progress,Value 484,19.078169580580386,Accepted,Major,In Progress,Org line B,E_10,in,G230 2nd,PROD678,INDIA
1091,,,,,,,,,,,,
1091,Accepted-In Progress,Value 485,19.078176751762626,Accepted,Major,In Progress,Org line B,C_6,in,S13 3rd,PROD678,INDIA
1091,,,,,,,,,,,,
1091,Accepted-In Progress,Value 412,19.08093046856375,Accepted,Major,In Progress,Org line C,E_7,in,G165 2nd,PROD678,INDIA
1091,,,,,,,,,,,,
1091,Accepted-In Progress,Value 485,19.08357121198803,Accepted,Major,In Progress,Org line B,C_6,in,S13 3rd,PROD678,INDIA
1091,,,,,,,,,,,,
1091,Accepted-In Progress,Value 485,19.084878077369968,Accepted,Major,In Progress,Org line B,C_6,in,S13 3rd,PROD678,INDIA
1091,,,,,,,,,,,,
1091,Accepted-In Progress,Value 152,19.084892328937144,Accepted,Major,In Progress,Org line C,E_8,in,G181 2nd,PROD678,INDIA
1091,,,,,,,,,,,,
1091,Queued-Awaiting Assignment,Value 484,19.084894531761474,Queued,Major,Awaiting Assignment,Org line B,C_6,in,S13 3rd,PROD678,INDIA
1091,,,,,,,,,,,,
1091,Accepted-In Progress,Value 485,19.094237504198638,Accepted,Major,In Progress,Org line B,C_6,in,S13 3rd,PROD678,INDIA
1091,,,,,,,,,,,,
1091,Accepted-In Progress,Value 485,19.094238936993527,Accepted,Major,In Progress,Org line B,C_6,in,S13 3rd,PROD678,INDIA
1091,,,,,,,,,,,,
1091,Queued-Awaiting Assignment,Value 150,19.09424085928096,Queued,Major,Awaiting Assignment,Org line C,E_4,in,G88 2nd,PROD678,USA
1091,,,,,,,,,,,,
1091,Accepted-In Progress,Value 337,19.102466097717272,Accepted,Major,In Progress,Org line C,E_7,in,G165 2nd,PROD678,INDIA
1091,,,,,,,,,,,,
1092,Accepted-In Progress,Value 486,19.075599376600277,Accepted,Medium,In Progress,Org line A2,A2_5,us,N4 2nd,PROD668,USA
1092,,,,,,,,,,,,
1093,Accepted-In Progress,Value 98,19.07564053449674,Accepted,Major,In Progress,Org line A2,A2_3,us,G361 2nd,PROD214,Sweden
1093,,,,,,,,,,,,
1093,Accepted-In Progress,Value 165,19.09117012940095,Accepted,Major,In Progress,Org line C,V3_3,us,N22 2nd,PROD214,USA
1093,,,,,,,,,,,,
1094,Queued-Awaiting Assignment,Value 98,19.075675665158926,Queued,High,Awaiting Assignment,Org line A2,A2_3,se,G361 2nd,PROD655,Sweden
1094,,,,,,,,,,,,
1094,Completed-Closed,Value 39,19.09952988801922,Completed,High,Closed,Org line A2,A2_3,se,M3 2nd,PROD655,Sweden
1095,Accepted-In Progress,Value 332,19.07609876204405,Accepted,Low,In Progress,Org line C,E_10,in,G271 2nd,PROD802,Sweden
1095,,,,,,,,,,,,
1095,Completed-Closed,Value 332,19.09001771286669,Completed,Low,Closed,Org line C,E_10,in,G271 2nd,PROD802,Sweden
1096,Accepted-In Progress,Value 332,19.076107625175045,Accepted,Low,In Progress,Org line C,E_10,in,G271 2nd,PROD802,Sweden
1096,,,,,,,,,,,,
1096,Completed-Closed,Value 332,19.101611992922898,Completed,Low,Closed,Org line C,E_10,in,G271 2nd,PROD802,Sweden
1097,Accepted-In Progress,Value 339,19.07679599382607,Accepted,Low,In Progress,Org line C,E_4,in,G93 2nd,PROD455,INDIA
1097,,,,,,,,,,,,
1098,Accepted-In Progress,Value 25,19.076818890991554,Accepted,Medium,In Progress,Org line A2,A2_5,se,A10,PROD320,POLAND
1098,,,,,,,,,,,,
1098,Accepted-Wait,Value 25,19.11073145539621,Accepted,Medium,Wait,Org line A2,A2_5,se,A10,PROD320,POLAND
1098,,,,,,,,,,,,
1099,Accepted-In Progress,Value 187,19.076848086322244,Accepted,Medium,In Progress,Org line C,E_8,in,G186 2nd,PROD473,INDIA
1099,,,,,,,,,,,,
1099,Accepted-In Progress,Value 279,19.077267109092478,Accepted,Medium,In Progress,Org line C,E_8,in,G186 2nd,PROD473,INDIA
1099,,,,,,,,,,,,
1099,Completed-Closed,Value 279,19.07734885042965,Completed,Medium,Closed,Org line C,E_8,in,G186 2nd,PROD473,INDIA
1100,Accepted-In Progress,Value 226,19.07696876030599,Accepted,Low,In Progress,Org line G4,,se,S33 2nd,PROD397,Sweden
1100,,,,,,,,,,,,
1101,Accepted-In Progress,Value 24,19.07726479086424,Accepted,High,In Progress,Org line C,V3_2,se,M12,PROD502,Sweden
1101,,,,,,,,,,,,
1102,Accepted-In Progress,Value 43,19.07725733308237,Accepted,Medium,In Progress,Org line G3,,us,G199 3rd,PROD96,POLAND
1102,,,,,,,,,,,,
1103,Queued-Awaiting Assignment,Value 77,19.077386560587165,Queued,High,Awaiting Assignment,Org line C,E_1,se,G55 2nd,PROD188,Belgium
1103,,,,,,,,,,,,
1103,Queued-Awaiting Assignment,Value 58,19.07771810710126,Queued,High,Awaiting Assignment,Org line G4,,se,G51 2nd,PROD188,Sweden
1103,,,,,,,,,,,,
1103,Accepted-Assigned,Value 119,19.08177799889786,Accepted,High,Assigned,Org line C,E_1,se,G55 2nd,PROD188,Sweden
1103,,,,,,,,,,,,
1103,Accepted-Assigned,Value 209,19.08178857751188,Accepted,High,Assigned,Org line C,C_1,se,G56 3rd,PROD188,Sweden
1103,,,,,,,,,,,,
1103,Accepted-In Progress,Value 116,19.106501738427582,Accepted,High,In Progress,Org line G4,,se,G51 2nd,PROD188,Sweden
1103,,,,,,,,,,,,
1104,Accepted-In Progress,Value 108,19.077406115170827,Accepted,High,In Progress,Org line C,E_9,se,N12 2nd,PROD745,Sweden
1104,,,,,,,,,,,,
1104,Completed-Closed,Value 108,19.104655319501983,Completed,High,Closed,Org line C,E_9,se,N12 2nd,PROD745,Sweden
1105,Accepted-In Progress,Value 367,19.07770364405942,Accepted,Medium,In Progress,Org line C,E_1,us,G13 2nd,PROD398,Sweden
1105,,,,,,,,,,,,
1105,Completed-Closed,Value 367,19.117701368034652,Completed,Medium,Closed,Org line C,E_1,us,G13 2nd,PROD398,Sweden
1106,Accepted-In Progress,Value 404,19.077720838985677,Accepted,Medium,In Progress,Org line C,C_2,be,G58 3rd,PROD329,Sweden
1106,,,,,,,,,,,,
1107,Accepted-In Progress,Value 487,19.077727396514586,Accepted,High,In Progress,Org line A2,A2_4,be,G111 2nd,PROD153,Belgium
1107,,,,,,,,,,,,
1107,Completed-Closed,Value 487,19.09414776431673,Completed,High,Closed,Org line A2,A2_4,be,G111 2nd,PROD153,Belgium
1108,Accepted-In Progress,Value 488,19.07779674817423,Accepted,High,In Progress,Org line V7n,,nl,V32 2nd,PROD542,Netherlands
1108,,,,,,,,,,,,
1108,Queued-Awaiting Assignment,Value 5,19.08131169559243,Queued,High,Awaiting Assignment,Org line V7n,,nl,V37 2nd,PROD542,Netherlands
1108,,,,,,,,,,,,
1108,Completed-Closed,Value 5,19.081324412365174,Completed,High,Closed,Org line V7n,,nl,V37 2nd,PROD542,Netherlands
1108,,,,,,,,,,,,
1108,Completed-Closed,Value 5,19.08132490822306,Completed,High,Closed,Org line V7n,,nl,V37 2nd,PROD542,Netherlands
1108,,,,,,,,,,,,
1108,Completed-Closed,Value 5,19.081327242883976,Completed,High,Closed,Org line V7n,,nl,V37 2nd,PROD542,Netherlands
1109,Accepted-Wait,Value 471,19.077782281086225,Accepted,Medium,Wait,Org line C,E_10,in,G271 2nd,PROD802,Sweden
1109,,,,,,,,,,,,
1110,Accepted-In Progress,Value 88,19.077767850074054,Accepted,High,In Progress,Org line G4,,se,S30 2nd,PROD412,Sweden
1110,,,,,,,,,,,,
1110,Accepted-In Progress,Value 88,19.115074347404462,Accepted,High,In Progress,Org line G4,,se,S30 2nd,PROD412,Sweden
1110,,,,,,,,,,,,
1111,Accepted-In Progress,Value 489,19.07782585795424,Accepted,Medium,In Progress,Org line A2,A2_4,0,G11 2nd,PROD49,Belgium
1111,,,,,,,,,,,,
1112,Queued-Awaiting Assignment,Value 283,19.07783592385265,Queued,High,Awaiting Assignment,Org line C,V3_2,se,G49,PROD412,Sweden
1112,,,,,,,,,,,,
1112,Accepted-In Progress,Value 60,19.077846559799994,Accepted,High,In Progress,Org line G4,,se,S30 2nd,PROD412,Sweden
1112,,,,,,,,,,,,
1112,Accepted-Assigned,Value 60,19.104734817238,Accepted,High,Assigned,Org line G4,,se,S30 2nd,PROD412,Sweden
1112,,,,,,,,,,,,
1112,Completed-Closed,Value 88,19.104735372261864,Completed,High,Closed,Org line G4,,se,S30 2nd,PROD412,Sweden
1113,Queued-Awaiting Assignment,Value 283,19.077837380341403,Queued,High,Awaiting Assignment,Org line C,V3_2,fr,G49,PROD374,Sweden
1113,,,,,,,,,,,,
1113,Accepted-In Progress,Value 490,19.077837976412702,Accepted,High,In Progress,Org line C,V3_2,fr,S36,PROD374,Sweden
1113,,,,,,,,,,,,
1113,Queued-Awaiting Assignment,Value 108,19.07783837552111,Queued,High,Awaiting Assignment,Org line G4,,fr,S33 2nd,PROD374,Sweden
1113,,,,,,,,,,,,
1113,Completed-Cancelled,Value 491,19.077869572866117,Completed,High,Cancelled,Org line A2,A2_4,fr,V23 2nd,PROD374,France
1113,,,,,,,,,,,,
1113,Completed-Closed,Value 492,19.09941092216801,Completed,High,Closed,Org line A2,A2_4,fr,V23 2nd,PROD374,France
1114,Accepted-In Progress,Value 298,19.078174554816307,Accepted,Medium,In Progress,Org line G4,,se,S33 2nd,PROD397,Sweden
1114,,,,,,,,,,,,
1115,Accepted-In Progress,Value 213,19.078167031274887,Accepted,Low,In Progress,Org line A2,A2_2,pl,G171 2nd,PROD686,POLAND
1115,,,,,,,,,,,,
1116,Accepted-In Progress,Value 355,19.078246113715718,Accepted,Low,In Progress,Org line C,E_10,in,G263 2nd,PROD802,Sweden
1116,,,,,,,,,,,,
1116,Accepted-Wait,Value 355,19.08759060672894,Accepted,Low,Wait,Org line C,E_10,in,G263 2nd,PROD802,Sweden
1116,,,,,,,,,,,,
1117,Accepted-In Progress,Value 415,19.07824459564872,Accepted,Low,In Progress,Org line C,E_4,in,G87 2nd,PROD565,INDIA
1117,,,,,,,,,,,,
1117,Completed-Closed,Value 415,19.090315286228357,Completed,Low,Closed,Org line C,E_4,in,G87 2nd,PROD565,INDIA
1118,Accepted-In Progress,Value 493,19.078355843649323,Accepted,Major,In Progress,Org line C,E_8,in,G186 2nd,PROD473,Sweden
1118,,,,,,,,,,,,
1118,Completed-Closed,Value 493,19.07997909730874,Completed,Major,Closed,Org line C,E_8,in,G186 2nd,PROD473,Sweden
1119,Accepted-In Progress,Value 333,19.078370587367726,Accepted,Major,In Progress,Org line C,E_10,in,G266 2nd,PROD805,Sweden
1119,,,,,,,,,,,,
1120,Accepted-In Progress,Value 461,19.078540461180445,Accepted,Medium,In Progress,Org line C,E_1,se,G294 2nd,PROD306,INDIA
1120,,,,,,,,,,,,
1121,Accepted-In Progress,Value 7,19.078726028573683,Accepted,Major,In Progress,Org line C,V3_2,se,U4,PROD535,Sweden
1121,,,,,,,,,,,,
1122,Accepted-In Progress,Value 150,19.078718276140215,Accepted,High,In Progress,Org line C,E_4,us,G88 2nd,PROD278,USA
1122,,,,,,,,,,,,
1122,Queued-Awaiting Assignment,Value 307,19.084886147621468,Queued,High,Awaiting Assignment,Org line C,E_4,us,G87 2nd,PROD278,INDIA
1122,,,,,,,,,,,,
1122,Queued-Awaiting Assignment,Value 217,19.084904799535156,Queued,High,Awaiting Assignment,Org line C,E_5,us,G92,PROD278,INDIA
1122,,,,,,,,,,,,
1122,Queued-Awaiting Assignment,Value 150,19.084904953936963,Queued,High,Awaiting Assignment,Org line C,E_4,us,G88 2nd,PROD278,USA
1122,,,,,,,,,,,,
1122,Queued-Awaiting Assignment,Value 307,19.092937725824704,Queued,High,Awaiting Assignment,Org line C,E_4,us,G87 2nd,PROD278,INDIA
1122,,,,,,,,,,,,
1122,Queued-Awaiting Assignment,Value 150,19.09294486846313,Queued,High,Awaiting Assignment,Org line C,E_4,us,G88 2nd,PROD278,USA
1122,,,,,,,,,,,,
1122,Completed-Closed,Value 274,19.101625481607513,Completed,High,Closed,Org line C,E_4,us,G88 2nd,PROD278,INDIA
1123,Accepted-In Progress,Value 396,19.07875788697457,Accepted,Medium,In Progress,Org line A2,A2_4,in,G31 3rd,PROD194,Sweden
1123,,,,,,,,,,,,
1123,Completed-Closed,Value 396,19.081757729361872,Completed,Medium,Closed,Org line A2,A2_4,in,G31 3rd,PROD194,Sweden
1124,Accepted-In Progress,Value 150,19.07882995302252,Accepted,High,In Progress,Org line C,E_4,us,G88 2nd,PROD668,USA
1124,,,,,,,,,,,,
1124,Accepted-In Progress,Value 150,19.080541233770898,Accepted,High,In Progress,Org line C,E_4,us,G88 2nd,PROD668,USA
1124,,,,,,,,,,,,
1124,Accepted-Wait,Value 405,19.087180058033276,Accepted,High,Wait,Org line C,E_4,us,G88 2nd,PROD668,USA
1124,,,,,,,,,,,,
1125,Accepted-In Progress,Value 114,19.079351752601625,Accepted,Major,In Progress,Org line C,C_6,se,G268 3rd,PROD802,Sweden
1125,,,,,,,,,,,,
1126,Accepted-In Progress,Value 166,19.07988302017278,Accepted,Major,In Progress,Org line A2,A2_1,se,T17 2nd,PROD834,Sweden
1126,,,,,,,,,,,,
1126,Queued-Awaiting Assignment,Value 151,19.080400579348463,Queued,Major,Awaiting Assignment,Org line A2,A2_1,se,T17 2nd,PROD834,Sweden
1126,,,,,,,,,,,,
1126,Accepted-Wait,Value 151,19.08308842517219,Accepted,Major,Wait,Org line A2,A2_1,se,J2 2nd,PROD834,Sweden
1126,,,,,,,,,,,,
1126,Completed-Closed,Value 151,19.08716277850642,Completed,Major,Closed,Org line A2,A2_1,se,J2 2nd,PROD834,Sweden
1127,Accepted-In Progress,Value 494,19.07992018488645,Accepted,High,In Progress,Org line C,E_10,jp,S51 2nd,PROD803,Japan
1127,,,,,,,,,,,,
1127,Accepted-Wait,Value 494,19.079958093023194,Accepted,High,Wait,Org line C,E_10,jp,S51 2nd,PROD803,Japan
1127,,,,,,,,,,,,
1128,Accepted-In Progress,Value 151,19.079932184888705,Accepted,Medium,In Progress,Org line A2,A2_1,se,T17 2nd,PROD350,Sweden
1128,,,,,,,,,,,,
1128,Queued-Awaiting Assignment,Value 151,19.099777781904418,Queued,Medium,Awaiting Assignment,Org line A2,A2_1,se,T17 2nd,PROD350,Sweden
1128,,,,,,,,,,,,
1128,Accepted-Wait,Value 151,19.10288775347895,Accepted,Medium,Wait,Org line A2,A2_1,se,J2 2nd,PROD350,Sweden
1128,,,,,,,,,,,,
1128,Accepted-Wait,Value 151,19.102894653531738,Accepted,Medium,Wait,Org line A2,A2_1,se,J2 2nd,PROD350,Sweden
1128,,,,,,,,,,,,
1128,Completed-Closed,Value 495,19.115207727146682,Completed,Medium,Closed,Org line A2,A2_1,se,J2 2nd,PROD350,China
1129,Accepted-In Progress,Value 298,19.079989250170154,Accepted,Medium,In Progress,Org line G4,,se,S33 2nd,PROD397,Sweden
1129,,,,,,,,,,,,
1130,Accepted-In Progress,Value 77,19.080048344708104,Accepted,Major,In Progress,Org line C,E_7,se,G160 2nd,PROD673,Sweden
1130,,,,,,,,,,,,
1130,Completed-Closed,Value 77,19.083051223332845,Completed,Major,Closed,Org line C,E_7,se,G160 2nd,PROD673,Sweden
1131,Accepted-In Progress,Value 88,19.079993574026854,Accepted,High,In Progress,Org line G4,,se,S30 2nd,PROD412,Sweden
1131,,,,,,,,,,,,
1131,Accepted-Assigned,Value 60,19.115071735658418,Accepted,High,Assigned,Org line G4,,se,S30 2nd,PROD412,Sweden
1131,,,,,,,,,,,,
1131,Completed-Closed,Value 88,19.115071805571404,Completed,High,Closed,Org line G4,,se,S30 2nd,PROD412,Sweden
1132,Accepted-In Progress,Value 123,19.08002684020341,Accepted,High,In Progress,Org line C,E_10,se,G138 2nd,PROD802,Sweden
1132,,,,,,,,,,,,
1133,Accepted-In Progress,Value 44,19.08002948303783,Accepted,High,In Progress,Org line C,C_6,se,G273 3rd,PROD802,Sweden
1133,,,,,,,,,,,,
1133,Queued-Awaiting Assignment,Value 44,19.080523420430307,Queued,High,Awaiting Assignment,Org line C,C_6,se,G273 3rd,PROD802,Sweden
1133,,,,,,,,,,,,
1133,Accepted-Assigned,Value 360,19.08087328127385,Accepted,High,Assigned,Org line C,C_6,se,G273 3rd,PROD802,Sweden
1133,,,,,,,,,,,,
1133,Completed-Closed,Value 360,19.094219642529858,Completed,High,Closed,Org line C,C_6,se,G273 3rd,PROD802,Sweden
1134,Accepted-In Progress,Value 150,19.08015563276146,Accepted,High,In Progress,Org line C,,be,N6 2nd,PROD821,USA
1134,,,,,,,,,,,,
1134,Accepted-In Progress,Value 28,19.083193263492202,Accepted,High,In Progress,Org line C,E_1,be,G213 2nd,PROD821,USA
1134,,,,,,,,,,,,
1134,Queued-Awaiting Assignment,Value 77,19.083194444111,Queued,High,Awaiting Assignment,Org line C,E_1,be,G55 2nd,PROD821,Belgium
1134,,,,,,,,,,,,
1134,Completed-Closed,Value 496,19.096168190279887,Completed,High,Closed,Org line C,E_1,be,G55 2nd,PROD821,USA
1135,Accepted-In Progress,Value 13,19.080409140768197,Accepted,Medium,In Progress,Org line A2,D_1,se,L38 3rd,PROD607,Sweden
1135,,,,,,,,,,,,
1135,Completed-Closed,Value 13,19.11465373343824,Completed,Medium,Closed,Org line A2,D_1,se,L38 3rd,PROD607,Sweden
1136,Accepted-In Progress,Value 497,19.080389784410414,Accepted,High,In Progress,Org line C,E_3,be,G64 2nd,PROD379,Sweden
1136,,,,,,,,,,,,
1136,Accepted-In Progress,Value 497,19.08941578833475,Accepted,High,In Progress,Org line C,E_3,be,G64 2nd,PROD379,Sweden
1136,,,,,,,,,,,,
1137,Accepted-In Progress,Value 116,19.08041836902803,Accepted,Low,In Progress,Org line C,E_4,in,G93 2nd,PROD325,INDIA
1137,,,,,,,,,,,,
1137,Completed-Closed,Value 116,19.09417131805457,Completed,Low,Closed,Org line C,E_4,in,G93 2nd,PROD325,INDIA
1138,Accepted-In Progress,Value 114,19.08044811601533,Accepted,High,In Progress,Org line C,C_6,se,G268 3rd,PROD802,Sweden
1138,,,,,,,,,,,,
1139,Accepted-In Progress,Value 113,19.080533107701317,Accepted,Medium,In Progress,Org line C,C_6,in,G261 3rd,PROD13,Sweden
1139,,,,,,,,,,,,
1139,Accepted-In Progress,Value 113,19.08082869493192,Accepted,Medium,In Progress,Org line C,C_6,in,G261 3rd,PROD13,Sweden
1139,,,,,,,,,,,,
1139,Accepted-In Progress,Value 498,19.08084900397814,Accepted,Medium,In Progress,Org line B,E_10,in,G230 2nd,PROD13,INDIA
1139,,,,,,,,,,,,
1139,Accepted-In Progress,Value 499,19.08128384932423,Accepted,Medium,In Progress,Org line C,E_10,in,G285 2nd,PROD13,Belgium
1139,,,,,,,,,,,,
1139,Accepted-In Progress,Value 70,19.081302083009852,Accepted,Medium,In Progress,Org line B,E_10,in,G230 2nd,PROD13,INDIA
1139,,,,,,,,,,,,
1140,Accepted-In Progress,Value 133,19.080540298139024,Accepted,Medium,In Progress,Org line G4,,se,S33 2nd,PROD374,Sweden
1140,,,,,,,,,,,,
1140,Completed-Closed,Value 133,19.09413449055432,Completed,Medium,Closed,Org line G4,,se,S33 2nd,PROD374,Sweden
1141,Accepted-In Progress,Value 385,19.0808332942177,Accepted,High,In Progress,Org line A2,A2_5,se,A10,PROD236,Sweden
1141,,,,,,,,,,,,
1141,Completed-Closed,Value 385,19.083215375374465,Completed,High,Closed,Org line A2,A2_5,se,A10,PROD236,Sweden
1142,Accepted-In Progress,Value 500,19.080925089470345,Accepted,High,In Progress,Org line C,E_1,se,L1 2nd,PROD153,Sweden
1142,,,,,,,,,,,,
1142,Completed-Closed,Value 500,19.10781708556099,Completed,High,Closed,Org line C,E_1,se,L1 2nd,PROD153,Sweden
1143,Accepted-In Progress,Value 501,19.080864269081307,Accepted,Low,In Progress,Org line C,,jp,S22 2nd,PROD448,Japan
1143,,,,,,,,,,,,
1144,Accepted-In Progress,Value 68,19.080908037397993,Accepted,High,In Progress,Org line A2,A2_4,se,G118 2nd,PROD591,Sweden
1144,,,,,,,,,,,,
1145,Accepted-In Progress,Value 68,19.08091023868186,Accepted,Medium,In Progress,Org line A2,A2_4,se,G35 2nd,PROD591,Sweden
1145,,,,,,,,,,,,
1145,Accepted-In Progress,Value 68,19.081823467042533,Accepted,Medium,In Progress,Org line A2,A2_4,se,G35 2nd,PROD591,Sweden
1145,,,,,,,,,,,,
1146,Accepted-In Progress,Value 45,19.08093345004686,Accepted,High,In Progress,Org line C,C_6,se,G268 3rd,PROD805,Sweden
1146,,,,,,,,,,,,
1147,Accepted-In Progress,Value 172,19.08095875354134,Accepted,High,In Progress,Org line A2,D_1,pl,W14 2nd,PROD784,POLAND
1147,,,,,,,,,,,,
1147,Completed-Closed,Value 172,19.092877248760622,Completed,High,Closed,Org line A2,D_1,pl,W14 2nd,PROD784,POLAND
1148,Queued-Awaiting Assignment,Value 345,19.08097343309835,Queued,High,Awaiting Assignment,Org line C,C_6,se,G268 3rd,PROD85,Sweden
1148,,,,,,,,,,,,
1148,Accepted-Wait,Value 45,19.083993542402123,Accepted,High,Wait,Org line C,C_6,se,G268 3rd,PROD85,Sweden
1148,,,,,,,,,,,,
1149,Accepted-In Progress,Value 114,19.08098544630305,Accepted,High,In Progress,Org line C,C_6,se,G268 3rd,PROD805,Sweden
1149,,,,,,,,,,,,
1150,Queued-Awaiting Assignment,Value 494,19.08129389597117,Queued,Medium,Awaiting Assignment,Org line C,E_10,jp,S51 2nd,PROD804,Japan
1150,,,,,,,,,,,,
1150,Queued-Awaiting Assignment,Value 494,19.08129452097775,Queued,Medium,Awaiting Assignment,Org line C,E_10,jp,S51 2nd,PROD804,Japan
1150,,,,,,,,,,,,
1150,Completed-Closed,Value 502,19.081340388162825,Completed,Medium,Closed,Org line C,E_10,jp,S51 2nd,PROD804,Japan
1151,Accepted-In Progress,Value 43,19.08134733520504,Accepted,Medium,In Progress,Org line G3,,us,G199 3rd,PROD96,POLAND
1151,,,,,,,,,,,,
1152,Accepted-In Progress,Value 298,19.08138160485202,Accepted,Medium,In Progress,Org line G4,,se,S33 2nd,PROD397,Sweden
1152,,,,,,,,,,,,
1153,Accepted-In Progress,Value 237,19.08138960523804,Accepted,Low,In Progress,Org line C,C_6,se,G144 3rd,PROD660,Sweden
1153,,,,,,,,,,,,
1153,Accepted-In Progress,Value 237,19.081829610530203,Accepted,Low,In Progress,Org line C,C_6,se,G144 3rd,PROD660,Sweden
1153,,,,,,,,,,,,
1154,Accepted-In Progress,Value 226,19.08142936346978,Accepted,High,In Progress,Org line G4,,se,S33 2nd,PROD397,Sweden
1154,,,,,,,,,,,,
1155,Accepted-In Progress,Value 58,19.081483471997238,Accepted,Major,In Progress,Org line G4,,se,G51 2nd,PROD221,Sweden
1155,,,,,,,,,,,,
1155,Accepted-In Progress,Value 58,19.084988836914036,Accepted,Major,In Progress,Org line G4,,se,G51 2nd,PROD221,Sweden
1155,,,,,,,,,,,,
1155,Accepted-In Progress,Value 116,19.09333712978323,Accepted,Major,In Progress,Org line G4,,se,G51 2nd,PROD221,Sweden
1155,,,,,,,,,,,,
1155,Accepted-In Progress,Value 229,19.095465925113267,Accepted,Major,In Progress,Org line V5,,se,V20 2nd,PROD221,INDIA
1155,,,,,,,,,,,,
1156,Accepted-In Progress,Value 503,19.08156784901509,Accepted,Major,In Progress,Org line A2,A2_3,se,V13 2nd,PROD617,Sweden
1156,,,,,,,,,,,,
1157,Accepted-In Progress,Value 504,19.08162811026669,Accepted,Major,In Progress,Org line B,A2_1,cn,D1,PROD350,China
1157,,,,,,,,,,,,
1158,Accepted-In Progress,Value 77,19.081577691417927,Accepted,Major,In Progress,Org line G4,,se,M8 2nd,PROD221,Sweden
1158,,,,,,,,,,,,
1158,Accepted-In Progress,Value 206,19.09333942125698,Accepted,Major,In Progress,Org line G4,,se,M8 2nd,PROD221,Sweden
1158,,,,,,,,,,,,
1158,Accepted-In Progress,Value 82,19.09334243231696,Accepted,Major,In Progress,Org line C,E_7,se,G162 2nd,PROD221,Sweden
1158,,,,,,,,,,,,
1158,Accepted-In Progress,Value 82,19.093763977975232,Accepted,Major,In Progress,Org line C,E_7,se,G162 2nd,PROD221,Sweden
1158,,,,,,,,,,,,
1158,Accepted-In Progress,Value 82,19.09376418712986,Accepted,Major,In Progress,Org line C,V3_3,se,G101 2nd,PROD221,Sweden
1158,,,,,,,,,,,,
1159,Accepted-In Progress,Value 20,19.081725765028015,Accepted,High,In Progress,Org line C,E_6,se,G334 2nd,PROD289,Sweden
1159,,,,,,,,,,,,
1159,Completed-Closed,Value 20,19.1117480129952,Completed,High,Closed,Org line C,E_6,se,G334 2nd,PROD289,Sweden
1160,Accepted-In Progress,Value 150,19.081731052043757,Accepted,High,In Progress,Org line C,E_4,us,G88 2nd,PROD412,USA
1160,,,,,,,,,,,,
1160,Accepted-In Progress,Value 294,19.08668282240151,Accepted,High,In Progress,Org line C,E_4,us,G88 2nd,PROD412,Sweden
1160,,,,,,,,,,,,
1160,Accepted-Assigned,Value 273,19.08672506272859,Accepted,High,Assigned,Org line C,E_4,us,G88 2nd,PROD412,Sweden
1160,,,,,,,,,,,,
1161,Accepted-In Progress,Value 187,19.081736359683788,Accepted,Major,In Progress,Org line C,E_8,in,G186 2nd,PROD473,INDIA
1161,,,,,,,,,,,,
1161,Accepted-In Progress,Value 479,19.09368155234263,Accepted,Major,In Progress,Org line C,E_8,in,G181 2nd,PROD473,Sweden
1161,,,,,,,,,,,,
1161,Completed-Closed,Value 104,19.094153353216612,Completed,Major,Closed,Org line C,E_8,in,G181 2nd,PROD473,Sweden
1162,Accepted-In Progress,Value 104,19.08175258705052,Accepted,High,In Progress,Org line C,E_8,in,G186 2nd,PROD473,Sweden
1162,,,,,,,,,,,,
1163,Accepted-In Progress,Value 166,19.08188548355987,Accepted,Medium,In Progress,Org line C,E_1,se,G294 2nd,PROD834,Sweden
1163,,,,,,,,,,,,
1163,Completed-Closed,Value 166,19.087602166004125,Completed,Medium,Closed,Org line C,E_1,se,G294 2nd,PROD834,Sweden
1164,Accepted-In Progress,Value 505,19.08191158892158,Accepted,Medium,In Progress,Org line V11,,gb,V50 2nd,PROD158,United Kingdom
1164,,,,,,,,,,,,
1164,Accepted-In Progress,Value 506,19.10219026892708,Accepted,Medium,In Progress,Org line C,V3_3,gb,W1,PROD158,United Kingdom
1164,,,,,,,,,,,,
1165,Accepted-In Progress,Value 345,19.082285001153643,Accepted,Medium,In Progress,Org line C,C_6,se,G268 3rd,PROD771,Sweden
1165,,,,,,,,,,,,
1165,Accepted-In Progress,Value 232,19.083104115013267,Accepted,Medium,In Progress,Org line C,C_6,se,G268 3rd,PROD771,Sweden
1165,,,,,,,,,,,,
1165,Accepted-In Progress,Value 114,19.111726052125366,Accepted,Medium,In Progress,Org line C,C_6,se,G268 3rd,PROD771,Sweden
1165,,,,,,,,,,,,
1166,Accepted-In Progress,Value 393,19.083028452958782,Accepted,Low,In Progress,Org line C,E_4,us,G88 2nd,PROD794,Sweden
1166,,,,,,,,,,,,
1167,Accepted-In Progress,Value 415,19.08309907242934,Accepted,Medium,In Progress,Org line C,E_4,in,G87 2nd,PROD565,INDIA
1167,,,,,,,,,,,,
1167,Completed-Closed,Value 415,19.1111439458619,Completed,Medium,Closed,Org line C,E_4,in,G87 2nd,PROD565,INDIA
1168,Accepted-In Progress,Value 463,19.083111390107437,Accepted,Low,In Progress,Org line C,E_4,in,G93 2nd,PROD424,Sweden
1168,,,,,,,,,,,,
1168,Completed-Closed,Value 463,19.093274696585947,Completed,Low,Closed,Org line C,E_4,in,G93 2nd,PROD424,Sweden
1169,Accepted-In Progress,Value 296,19.083221005087804,Accepted,Medium,In Progress,Org line A2,A2_4,se,G105 2nd,PROD337,Sweden
1169,,,,,,,,,,,,
1170,Accepted-In Progress,Value 273,19.083215880606442,Accepted,High,In Progress,Org line C,E_4,us,G88 2nd,PROD348,Sweden
1170,,,,,,,,,,,,
1171,Accepted-In Progress,Value 507,19.08334622192923,Accepted,High,In Progress,Org line C,E_5,au,G73,PROD790,INDIA
1171,,,,,,,,,,,,
1171,Queued-Awaiting Assignment,Value 445,19.10166147753676,Queued,High,Awaiting Assignment,Org line B,A2_1,au,D10,PROD790,Australia
1171,,,,,,,,,,,,
1171,Completed-Closed,Value 445,19.111934027220485,Completed,High,Closed,Org line B,A2_1,au,D10,PROD790,Australia
1172,Accepted-In Progress,Value 508,19.08333911349664,Accepted,Major,In Progress,Org line C,,us,N6 2nd,PROD154,USA
1172,,,,,,,,,,,,
1173,Accepted-In Progress,Value 508,19.083339716607092,Accepted,Major,In Progress,Org line C,,us,N6 2nd,PROD154,USA
1173,,,,,,,,,,,,
1174,Accepted-In Progress,Value 114,19.08352324632445,Accepted,Medium,In Progress,Org line C,E_3,se,G70 2nd,PROD384,Sweden
1174,,,,,,,,,,,,
1175,Accepted-In Progress,Value 384,19.083536527688874,Accepted,Medium,In Progress,Org line A2,A2_5,se,A10,PROD320,Sweden
1175,,,,,,,,,,,,
1176,Accepted-In Progress,Value 123,19.08353906849635,Accepted,Medium,In Progress,Org line C,C_6,in,G269 3rd,PROD802,Sweden
1176,,,,,,,,,,,,
1176,Accepted-In Progress,Value 509,19.08629025445637,Accepted,Medium,In Progress,Org line C,C_6,in,G269 3rd,PROD802,Sweden
1176,,,,,,,,,,,,
1176,Accepted-In Progress,Value 370,19.0862947824352,Accepted,Medium,In Progress,Org line C,E_10,in,G271 2nd,PROD802,Sweden
1176,,,,,,,,,,,,
1177,Accepted-In Progress,Value 358,19.083595443900442,Accepted,High,In Progress,Org line C,E_1,us,G13 2nd,PROD398,USA
1177,,,,,,,,,,,,
1177,Accepted-In Progress,Value 358,19.085069918647743,Accepted,High,In Progress,Org line C,C_1,us,G14 3rd,PROD398,USA
1177,,,,,,,,,,,,
1177,Accepted-In Progress,Value 220,19.086223396282744,Accepted,High,In Progress,Org line C,E_1,us,G13 2nd,PROD398,Belgium
1177,,,,,,,,,,,,
1177,Completed-Closed,Value 220,19.111177119230366,Completed,High,Closed,Org line C,E_1,us,G13 2nd,PROD398,Belgium
1178,Accepted-In Progress,Value 220,19.083563713478476,Accepted,Medium,In Progress,Org line C,E_1,us,G13 2nd,PROD398,Belgium
1178,,,,,,,,,,,,
1178,Completed-Closed,Value 220,19.092373372739893,Completed,Medium,Closed,Org line C,E_1,us,G13 2nd,PROD398,Belgium
1179,Accepted-In Progress,Value 43,19.08356465659308,Accepted,Medium,In Progress,Org line G3,,us,G199 3rd,PROD97,POLAND
1179,,,,,,,,,,,,
1180,Accepted-Wait,Value 123,19.083587899191002,Accepted,Low,Wait,Org line G4,,se,S29 2nd,PROD710,Sweden
1180,,,,,,,,,,,,
1180,Completed-Closed,Value 123,19.087218636773095,Completed,Low,Closed,Org line G4,,se,S29 2nd,PROD710,Sweden
1180,,,,,,,,,,,,
1180,Completed-Closed,Value 123,19.087219032155108,Completed,Low,Closed,Org line G4,,se,S29 2nd,PROD710,Sweden
1181,Accepted-In Progress,Value 114,19.08363683056649,Accepted,Medium,In Progress,Org line C,E_3,se,G70 2nd,PROD384,Sweden
1181,,,,,,,,,,,,
1181,Completed-Closed,Value 114,19.089374676022068,Completed,Medium,Closed,Org line C,E_3,se,G70 2nd,PROD384,Sweden
1182,Accepted-In Progress,Value 88,19.08361776848594,Accepted,High,In Progress,Org line G4,,se,S30 2nd,PROD412,Sweden
1182,,,,,,,,,,,,
1182,Accepted-In Progress,Value 88,19.10224327078076,Accepted,High,In Progress,Org line G4,,se,S30 2nd,PROD412,Sweden
1182,,,,,,,,,,,,
1183,Accepted-In Progress,Value 90,19.083647626582323,Accepted,Medium,In Progress,Org line A2,A2_3,se,U6 2nd,PROD780,Sweden
1183,,,,,,,,,,,,
1184,Accepted-In Progress,Value 298,19.08395070743214,Accepted,Medium,In Progress,Org line G4,,se,S33 2nd,PROD397,Sweden
1184,,,,,,,,,,,,
1185,Accepted-In Progress,Value 484,19.083959892764252,Accepted,High,In Progress,Org line B,C_6,in,S13 3rd,PROD802,INDIA
1185,,,,,,,,,,,,
1185,Accepted-In Progress,Value 485,19.10641701140686,Accepted,High,In Progress,Org line B,C_6,in,S13 3rd,PROD802,INDIA
1185,,,,,,,,,,,,
1185,Accepted-Assigned,Value 453,19.11211643575061,Accepted,High,Assigned,Org line C,E_10,in,G271 2nd,PROD802,Sweden
1185,,,,,,,,,,,,
1185,Accepted-In Progress,Value 510,19.112148780538803,Accepted,High,In Progress,Org line C,E_10,in,G271 2nd,PROD802,Sweden
1185,,,,,,,,,,,,
1186,Queued-Awaiting Assignment,Value 63,19.084021050603535,Queued,Medium,Awaiting Assignment,Org line A2,A2_3,se,S35 2nd,PROD551,Sweden
1186,,,,,,,,,,,,
1186,Completed-Closed,Value 65,19.105517291669308,Completed,Medium,Closed,Org line C,E_9,se,S34 2nd,PROD551,Sweden
1187,Accepted-In Progress,Value 120,19.084016362929816,Accepted,High,In Progress,Org line A2,A2_3,se,N23 2nd,PROD554,Sweden
1187,,,,,,,,,,,,
1187,Completed-Closed,Value 120,19.099492658818978,Completed,High,Closed,Org line A2,A2_3,se,N23 2nd,PROD554,Sweden
1188,Accepted-In Progress,Value 511,19.084018006193762,Accepted,Low,In Progress,Org line A2,A2_2,se,G40,PROD215,Sweden
1188,,,,,,,,,,,,
1188,Queued-Awaiting Assignment,Value 240,19.084898041859375,Queued,Low,Awaiting Assignment,Org line C,C_1,se,G194 3rd,PROD215,Sweden
1188,,,,,,,,,,,,
1188,Completed-Closed,Value 240,19.089779182717642,Completed,Low,Closed,Org line C,C_1,se,G194 3rd,PROD215,Sweden
1189,Accepted-In Progress,Value 276,19.084065062151918,Accepted,Major,In Progress,Org line C,E_4,us,G88 2nd,PROD793,INDIA
1189,,,,,,,,,,,,
1189,Accepted-In Progress,Value 276,19.092440592334363,Accepted,Major,In Progress,Org line C,E_4,us,G88 2nd,PROD793,INDIA
1189,,,,,,,,,,,,
1189,Accepted-In Progress,Value 276,19.093322232524063,Accepted,Major,In Progress,Org line C,E_4,us,G88 2nd,PROD793,INDIA
1189,,,,,,,,,,,,
1189,Completed-Closed,Value 276,19.09332290109372,Completed,Major,Closed,Org line C,E_4,us,G88 2nd,PROD793,INDIA
1189,,,,,,,,,,,,
1189,Completed-Closed,Value 276,19.09339455794193,Completed,Major,Closed,Org line C,E_4,us,G88 2nd,PROD793,INDIA
1190,Accepted-In Progress,Value 291,19.084067859168705,Accepted,Medium,In Progress,Org line A2,A2_3,se,S21 2nd,PROD231,Sweden
1190,,,,,,,,,,,,
1191,Accepted-In Progress,Value 13,19.08406840517844,Accepted,Low,In Progress,Org line C,E_7,in,G157 2nd,PROD677,Sweden
1191,,,,,,,,,,,,
1192,Accepted-In Progress,Value 512,19.084099352110627,Accepted,Low,In Progress,Org line C,E_4,in,G93 2nd,PROD325,Brazil
1192,,,,,,,,,,,,
1193,Accepted-In Progress,Value 166,19.0842097859104,Accepted,Medium,In Progress,Org line C,E_1,se,G294 2nd,PROD834,Sweden
1193,,,,,,,,,,,,
1193,Accepted-Wait,Value 166,19.093369266074752,Accepted,Medium,Wait,Org line C,E_1,se,G294 2nd,PROD834,Sweden
1193,,,,,,,,,,,,
1193,Completed-Closed,Value 166,19.10899554736266,Completed,Medium,Closed,Org line C,E_1,se,G294 2nd,PROD834,Sweden
1194,Accepted-In Progress,Value 133,19.08443876803011,Accepted,Medium,In Progress,Org line G4,,se,S33 2nd,PROD374,Sweden
1194,,,,,,,,,,,,
1194,Accepted-In Progress,Value 133,19.084479882959172,Accepted,Medium,In Progress,Org line G4,,se,S33 2nd,PROD374,Sweden
1194,,,,,,,,,,,,
1195,Accepted-In Progress,Value 285,19.084449318534446,Accepted,Low,In Progress,Org line A2,A2_3,se,S35 2nd,PROD368,Sweden
1195,,,,,,,,,,,,
1196,Accepted-In Progress,Value 187,19.084457196583685,Accepted,Medium,In Progress,Org line C,E_8,in,G186 2nd,PROD62,INDIA
1196,,,,,,,,,,,,
1196,Accepted-In Progress,Value 479,19.087978903664578,Accepted,Medium,In Progress,Org line C,E_8,in,G181 2nd,PROD62,Sweden
1196,,,,,,,,,,,,
1196,Accepted-Assigned,Value 152,19.089730771225852,Accepted,Medium,Assigned,Org line C,E_8,in,G181 2nd,PROD62,INDIA
1196,,,,,,,,,,,,
1196,Accepted-Assigned,Value 480,19.09330722276237,Accepted,Medium,Assigned,Org line C,E_8,in,G181 2nd,PROD62,INDIA
1196,,,,,,,,,,,,
1196,Accepted-In Progress,Value 480,19.09330799341526,Accepted,Medium,In Progress,Org line C,E_8,in,G181 2nd,PROD62,INDIA
1196,,,,,,,,,,,,
1196,Accepted-In Progress,Value 480,19.09330825880552,Accepted,Medium,In Progress,Org line C,E_8,in,G186 2nd,PROD62,INDIA
1196,,,,,,,,,,,,
1196,Queued-Awaiting Assignment,Value 307,19.111683511902225,Queued,Medium,Awaiting Assignment,Org line C,E_4,in,G87 2nd,PROD62,INDIA
1196,,,,,,,,,,,,
1196,Accepted-In Progress,Value 482,19.112158732185595,Accepted,Medium,In Progress,Org line C,E_4,in,G87 2nd,PROD62,Sweden
1196,,,,,,,,,,,,
1197,Queued-Awaiting Assignment,Value 2,19.084547841175045,Queued,Medium,Awaiting Assignment,Org line A2,A2_2,cn,G167 2nd,PROD681,Sweden
1197,,,,,,,,,,,,
1197,Completed-Closed,Value 2,19.10899138729955,Completed,Medium,Closed,Org line A2,A2_2,cn,M1 2nd,PROD681,Sweden
1198,Accepted-In Progress,Value 402,19.084523277070698,Accepted,Low,In Progress,Org line C,E_7,in,G162 2nd,PROD190,Belgium
1198,,,,,,,,,,,,
1199,Accepted-Wait,Value 501,19.084720349552423,Accepted,Low,Wait,Org line C,,jp,S22 2nd,PROD412,Japan
1199,,,,,,,,,,,,
1200,Accepted-In Progress,Value 324,19.084848322901692,Accepted,Medium,In Progress,Org line C,E_2,se,G57 2nd,PROD341,Sweden
1200,,,,,,,,,,,,
1201,Accepted-In Progress,Value 513,19.084868174752994,Accepted,Low,In Progress,Org line A2,D_1,kr,V17 3rd,PROD604,POLAND
1201,,,,,,,,,,,,
1201,Accepted-Wait,Value 513,19.086286019415617,Accepted,Low,Wait,Org line A2,D_1,kr,V17 3rd,PROD604,POLAND
1201,,,,,,,,,,,,
1201,Completed-Closed,Value 513,19.117720319305352,Completed,Low,Closed,Org line A2,D_1,kr,V17 3rd,PROD604,POLAND
1202,Accepted-In Progress,Value 91,19.084896590471413,Accepted,High,In Progress,Org line C,E_4,us,G88 2nd,PROD348,France
1202,,,,,,,,,,,,
1203,Accepted-In Progress,Value 514,19.08493347668849,Accepted,Medium,In Progress,Org line C,E_8,in,G119 2nd,PROD597,Sweden
1203,,,,,,,,,,,,
1203,Completed-Closed,Value 514,19.09644982118111,Completed,Medium,Closed,Org line C,E_8,in,G119 2nd,PROD597,Sweden
1204,Accepted-In Progress,Value 307,19.084938371073818,Accepted,Medium,In Progress,Org line C,C_3,se,G95 3rd,PROD565,INDIA
1204,,,,,,,,,,,,
1204,Accepted-Assigned,Value 307,19.08623910383227,Accepted,Medium,Assigned,Org line C,C_3,se,G95 3rd,PROD565,INDIA
1204,,,,,,,,,,,,
1204,Completed-Closed,Value 343,19.08709193702771,Completed,Medium,Closed,Org line C,C_3,se,G95 3rd,PROD565,Sweden
1205,Accepted-In Progress,Value 387,19.084974113256212,Accepted,Medium,In Progress,Org line C,E_10,se,G288 2nd,PROD659,Sweden
1205,,,,,,,,,,,,
1205,Accepted-In Progress,Value 515,19.085014917995984,Accepted,Medium,In Progress,Org line C,E_10,se,G288 2nd,PROD659,Sweden
1205,,,,,,,,,,,,
1205,Accepted-In Progress,Value 516,19.086203365715235,Accepted,Medium,In Progress,Org line C,C_6,se,G290 3rd,PROD659,France
1205,,,,,,,,,,,,
1206,Accepted-In Progress,Value 228,19.085037787272118,Accepted,Major,In Progress,Org line V2,,se,T2 2nd,PROD615,Sweden
1206,,,,,,,,,,,,
1207,Accepted-In Progress,Value 517,19.085824364404512,Accepted,Major,In Progress,Org line C,E_8,in,G119 2nd,PROD617,Korea
1207,,,,,,,,,,,,
1207,Completed-Closed,Value 517,19.09010413770864,Completed,Major,Closed,Org line C,E_8,in,G119 2nd,PROD617,Korea
1208,Accepted-In Progress,Value 43,19.086028691620257,Accepted,Medium,In Progress,Org line G3,,us,G199 3rd,PROD98,POLAND
1208,,,,,,,,,,,,
1209,Accepted-In Progress,Value 126,19.086193424812464,Accepted,Major,In Progress,Org line A2,A2_3,se,U6 2nd,PROD153,Sweden
1209,,,,,,,,,,,,
1210,Accepted-In Progress,Value 231,19.086260721869028,Accepted,Medium,In Progress,Org line C,E_10,se,G285 2nd,PROD646,Belgium
1210,,,,,,,,,,,,
1211,Accepted-In Progress,Value 77,19.086308792827797,Accepted,Medium,In Progress,Org line C,E_6,se,M3 2nd,PROD346,Sweden
1211,,,,,,,,,,,,
1211,Accepted-In Progress,Value 77,19.0923534649831,Accepted,Medium,In Progress,Org line C,,se,S51 2nd,PROD346,Sweden
1211,,,,,,,,,,,,
1211,Queued-Awaiting Assignment,Value 77,19.093325856064187,Queued,Medium,Awaiting Assignment,Org line C,E_6,se,M3 2nd,PROD346,Sweden
1211,,,,,,,,,,,,
1211,Accepted-Assigned,Value 518,19.093326116346145,Accepted,Medium,Assigned,Org line C,,se,S51 2nd,PROD346,Sweden
1211,,,,,,,,,,,,
1211,Queued-Awaiting Assignment,Value 77,19.093326407249425,Queued,Medium,Awaiting Assignment,Org line C,E_6,se,M3 2nd,PROD346,Sweden
1211,,,,,,,,,,,,
1211,Accepted-Wait,Value 518,19.09415118089245,Accepted,Medium,Wait,Org line C,E_6,se,M3 2nd,PROD346,Sweden
1211,,,,,,,,,,,,
1212,Accepted-In Progress,Value 43,19.086283074407046,Accepted,High,In Progress,Org line G3,,us,G199 3rd,PROD97,POLAND
1212,,,,,,,,,,,,
1213,Accepted-In Progress,Value 434,19.086641726019177,Accepted,Low,In Progress,Org line F,,se,G207 2nd,PROD454,Belgium
1213,,,,,,,,,,,,
1214,Accepted-In Progress,Value 150,19.086672850300403,Accepted,High,In Progress,Org line C,E_4,us,G88 2nd,PROD793,USA
1214,,,,,,,,,,,,
1214,Accepted-In Progress,Value 446,19.088434759842624,Accepted,High,In Progress,Org line C,E_4,us,G93 2nd,PROD793,Sweden
1214,,,,,,,,,,,,
1214,Accepted-In Progress,Value 446,19.08843782673569,Accepted,High,In Progress,Org line C,E_4,us,G93 2nd,PROD793,Sweden
1214,,,,,,,,,,,,
1214,Accepted-Wait,Value 276,19.089216016040275,Accepted,High,Wait,Org line C,E_4,us,G88 2nd,PROD793,INDIA
1214,,,,,,,,,,,,
1215,Accepted-In Progress,Value 444,19.086731895403922,Accepted,Medium,In Progress,Org line C,E_1,be,G128 2nd,PROD636,POLAND
1215,,,,,,,,,,,,
1216,Queued-Awaiting Assignment,Value 407,19.08670351124001,Queued,Medium,Awaiting Assignment,Org line C,E_10,in,G84 2nd,PROD454,Sweden
1216,,,,,,,,,,,,
1216,Accepted-In Progress,Value 519,19.087974526971692,Accepted,Medium,In Progress,Org line C,V3_2,in,G41 2nd,PROD454,INDIA
1216,,,,,,,,,,,,
1217,Queued-Awaiting Assignment,Value 520,19.08672361398993,Queued,Medium,Awaiting Assignment,Org line A2,A2_5,in,A8 2nd,PROD327,Sweden
1217,,,,,,,,,,,,
1217,Queued-Awaiting Assignment,Value 521,19.08715453147096,Queued,Medium,Awaiting Assignment,Org line C,E_5,in,G75,PROD327,INDIA
1217,,,,,,,,,,,,
1217,Completed-Closed,Value 521,19.08718171151172,Completed,Medium,Closed,Org line C,E_5,in,G75,PROD327,INDIA
1218,Accepted-In Progress,Value 494,19.086774996693244,Accepted,Major,In Progress,Org line C,E_10,jp,S51 2nd,PROD408,Japan
1218,,,,,,,,,,,,
1218,Completed-Closed,Value 494,19.098874436314176,Completed,Major,Closed,Org line C,E_10,jp,S51 2nd,PROD408,Japan
1219,Accepted-In Progress,Value 126,19.086738399245494,Accepted,Major,In Progress,Org line A2,A2_3,se,U6 2nd,PROD830,Sweden
1219,,,,,,,,,,,,
1220,Accepted-In Progress,Value 522,19.08678386844442,Accepted,High,In Progress,Org line C,E_10,in,G288 2nd,PROD154,Sweden
1220,,,,,,,,,,,,
1221,Accepted-In Progress,Value 276,19.08682193337402,Accepted,High,In Progress,Org line C,E_4,us,G88 2nd,PROD793,INDIA
1221,,,,,,,,,,,,
1221,Completed-Closed,Value 276,19.086866756695223,Completed,High,Closed,Org line C,E_4,us,G88 2nd,PROD793,INDIA
1221,,,,,,,,,,,,
1221,Completed-Closed,Value 276,19.093320237019597,Completed,High,Closed,Org line C,E_4,us,G88 2nd,PROD793,INDIA
1222,Accepted-In Progress,Value 43,19.08707736242074,Accepted,High,In Progress,Org line G3,,us,G199 3rd,PROD97,POLAND
1222,,,,,,,,,,,,
1223,Accepted-In Progress,Value 77,19.087189090511092,Accepted,Low,In Progress,Org line C,C_2,be,G58 3rd,PROD327,Sweden
1223,,,,,,,,,,,,
1223,Completed-Closed,Value 77,19.109031243811188,Completed,Low,Closed,Org line C,C_2,be,G58 3rd,PROD327,Sweden
1224,Accepted-In Progress,Value 289,19.08713272733727,Accepted,Medium,In Progress,Org line G4,,se,S33 2nd,PROD448,Sweden
1224,,,,,,,,,,,,
1225,Accepted-In Progress,Value 367,19.087148091957634,Accepted,Low,In Progress,Org line C,E_1,us,G13 2nd,PROD398,Sweden
1225,,,,,,,,,,,,
1226,Accepted-In Progress,Value 229,19.087189475634826,Accepted,High,In Progress,Org line C,E_10,se,G271 2nd,PROD802,Sweden
1226,,,,,,,,,,,,
1226,Accepted-In Progress,Value 370,19.087200644158568,Accepted,High,In Progress,Org line C,E_10,se,G271 2nd,PROD802,Sweden
1226,,,,,,,,,,,,
1226,Queued-Awaiting Assignment,Value 44,19.08759087877381,Queued,High,Awaiting Assignment,Org line C,C_6,se,G273 3rd,PROD802,Sweden
1226,,,,,,,,,,,,
1226,Accepted-In Progress,Value 122,19.0880277797095,Accepted,High,In Progress,Org line C,C_6,se,G273 3rd,PROD802,Sweden
1226,,,,,,,,,,,,
1226,Accepted-Assigned,Value 231,19.088035768145176,Accepted,High,Assigned,Org line C,C_6,se,G273 3rd,PROD802,Sweden
1226,,,,,,,,,,,,
1226,Completed-Closed,Value 231,19.110819162724695,Completed,High,Closed,Org line C,C_6,se,G273 3rd,PROD802,Sweden
1227,Accepted-In Progress,Value 77,19.087162932559988,Accepted,High,In Progress,Org line C,E_1,nl,G55 2nd,PROD821,Belgium
1227,,,,,,,,,,,,
1227,Queued-Awaiting Assignment,Value 77,19.087169017656798,Queued,High,Awaiting Assignment,Org line C,E_1,nl,G55 2nd,PROD821,Belgium
1227,,,,,,,,,,,,
1227,Completed-Closed,Value 488,19.087177444299346,Completed,High,Closed,Org line V7n,,nl,V32 2nd,PROD821,Netherlands
1228,Accepted-In Progress,Value 395,19.087182527979884,Accepted,Medium,In Progress,Org line A2,A2_3,se,G45 2nd,PROD711,Brazil
1228,,,,,,,,,,,,
1229,Accepted-In Progress,Value 68,19.08720923998569,Accepted,Medium,In Progress,Org line A2,A2_4,se,G118 2nd,PROD591,Sweden
1229,,,,,,,,,,,,
1230,Accepted-In Progress,Value 126,19.087545246061982,Accepted,High,In Progress,Org line A2,A2_3,se,U6 2nd,PROD802,Sweden
1230,,,,,,,,,,,,
1230,Accepted-In Progress,Value 31,19.093319343889707,Accepted,High,In Progress,Org line A2,A2_3,se,U6 2nd,PROD802,Sweden
1230,,,,,,,,,,,,
1231,Accepted-In Progress,Value 311,19.087615701273307,Accepted,Low,In Progress,Org line V2,,se,T2 2nd,PROD367,Sweden
1231,,,,,,,,,,,,
1231,Queued-Awaiting Assignment,Value 84,19.089801702584353,Queued,Low,Awaiting Assignment,Org line V2,,se,T4 2nd,PROD367,Sweden
1231,,,,,,,,,,,,
1231,Queued-Awaiting Assignment,Value 84,19.089802076460053,Queued,Low,Awaiting Assignment,Org line V2,,se,T4 2nd,PROD367,Sweden
1231,,,,,,,,,,,,
1231,Accepted-In Progress,Value 311,19.089802301809723,Accepted,Low,In Progress,Org line V2,,se,T4 2nd,PROD367,Sweden
1231,,,,,,,,,,,,
1232,Accepted-In Progress,Value 44,19.087637032937337,Accepted,Major,In Progress,Org line C,C_6,se,G273 3rd,PROD802,Sweden
1232,,,,,,,,,,,,
1232,Accepted-In Progress,Value 128,19.087646174206537,Accepted,Major,In Progress,Org line C,C_6,se,G273 3rd,PROD802,Sweden
1232,,,,,,,,,,,,
1232,Accepted-In Progress,Value 44,19.099058217399037,Accepted,Major,In Progress,Org line C,C_6,se,G273 3rd,PROD802,Sweden
1232,,,,,,,,,,,,
1233,Accepted-In Progress,Value 87,19.087649074142526,Accepted,Medium,In Progress,Org line C,E_10,in,G276 2nd,PROD698,Sweden
1233,,,,,,,,,,,,
1234,Accepted-In Progress,Value 43,19.087680336458305,Accepted,High,In Progress,Org line G3,,us,G199 3rd,PROD98,POLAND
1234,,,,,,,,,,,,
1235,Accepted-In Progress,Value 31,19.08773206007443,Accepted,Medium,In Progress,Org line G4,,se,S33 2nd,PROD448,Sweden
1235,,,,,,,,,,,,
1236,Accepted-In Progress,Value 324,19.08797540436418,Accepted,Medium,In Progress,Org line C,E_2,se,G57 2nd,PROD327,Sweden
1236,,,,,,,,,,,,
1236,Accepted-In Progress,Value 423,19.089769968734693,Accepted,Medium,In Progress,Org line C,E_2,se,G57 2nd,PROD327,Sweden
1236,,,,,,,,,,,,
1236,Accepted-In Progress,Value 330,19.09032459756633,Accepted,Medium,In Progress,Org line C,E_2,se,G57 2nd,PROD327,Belgium
1236,,,,,,,,,,,,
1237,Accepted-In Progress,Value 524,19.087961904748937,Accepted,Low,In Progress,Org line C,A2_1,be,D2,PROD235,Belgium
1237,,,,,,,,,,,,
1237,Completed-Closed,Value 524,19.08796271031832,Completed,Low,Closed,Org line C,A2_1,be,D2,PROD235,Belgium
1238,Accepted-In Progress,Value 525,19.087972413017035,Accepted,Medium,In Progress,Org line C,E_3,us,G67 2nd,PROD151,Sweden
1238,,,,,,,,,,,,
1238,Completed-Closed,Value 525,19.100403473435904,Completed,Medium,Closed,Org line C,E_3,us,G67 2nd,PROD151,Sweden
1239,Accepted-In Progress,Value 521,19.087980607131893,Accepted,Medium,In Progress,Org line C,E_5,in,G75,PROD327,INDIA
1239,,,,,,,,,,,,
1239,Completed-Closed,Value 521,19.088038189803505,Completed,Medium,Closed,Org line C,E_5,in,G75,PROD327,INDIA
1240,Accepted-In Progress,Value 2,19.08806166214123,Accepted,Low,In Progress,Org line V2,,se,T3 2nd,PROD449,Sweden
1240,,,,,,,,,,,,
1241,Accepted-In Progress,Value 165,19.088066274454956,Accepted,Medium,In Progress,Org line C,V3_3,us,N22 2nd,PROD209,USA
1241,,,,,,,,,,,,
1242,Accepted-In Progress,Value 303,19.088534049574957,Accepted,Medium,In Progress,Org line C,E_5,in,G92,PROD793,INDIA
1242,,,,,,,,,,,,
1242,Accepted-In Progress,Value 303,19.105665971208293,Accepted,Medium,In Progress,Org line C,E_5,in,G92,PROD793,INDIA
1242,,,,,,,,,,,,
1243,Accepted-In Progress,Value 526,19.08863800065819,Accepted,Major,In Progress,Org line C,E_10,in,G209 2nd,PROD473,Sweden
1243,,,,,,,,,,,,
1243,Accepted-In Progress,Value 493,19.088663822663346,Accepted,Major,In Progress,Org line C,E_8,in,G186 2nd,PROD473,Sweden
1243,,,,,,,,,,,,
1244,Accepted-In Progress,Value 39,19.088868211378767,Accepted,Medium,In Progress,Org line C,C_3,se,G95 3rd,PROD325,Sweden
1244,,,,,,,,,,,,
1244,Accepted-In Progress,Value 453,19.088874101559483,Accepted,Medium,In Progress,Org line C,C_3,se,G211 3rd,PROD325,INDIA
1244,,,,,,,,,,,,
1244,Completed-Closed,Value 453,19.088874578308886,Completed,Medium,Closed,Org line C,C_3,se,G211 3rd,PROD325,INDIA
1244,,,,,,,,,,,,
1244,Completed-Closed,Value 453,19.10253278896452,Completed,Medium,Closed,Org line C,C_3,se,G211 3rd,PROD325,INDIA
1245,Accepted-In Progress,Value 387,19.089302827890357,Accepted,Medium,In Progress,Org line C,E_10,se,G288 2nd,PROD631,Sweden
1245,,,,,,,,,,,,
1245,Accepted-In Progress,Value 527,19.08979442990595,Accepted,Medium,In Progress,Org line C,E_10,se,G288 2nd,PROD631,Sweden
1245,,,,,,,,,,,,
1245,Accepted-In Progress,Value 370,19.08979847598004,Accepted,Medium,In Progress,Org line C,E_10,se,G271 2nd,PROD631,Sweden
1245,,,,,,,,,,,,
1245,Accepted-In Progress,Value 44,19.089803479773074,Accepted,Medium,In Progress,Org line C,C_6,se,G273 3rd,PROD631,Sweden
1245,,,,,,,,,,,,
1245,Completed-Closed,Value 44,19.099482123819573,Completed,Medium,Closed,Org line C,C_6,se,G273 3rd,PROD631,Sweden
1246,Accepted-In Progress,Value 114,19.08930147511607,Accepted,Major,In Progress,Org line C,C_6,se,G268 3rd,PROD805,Sweden
1246,,,,,,,,,,,,
1247,Accepted-In Progress,Value 337,19.08933625210711,Accepted,Medium,In Progress,Org line C,E_7,in,G162 2nd,PROD473,INDIA
1247,,,,,,,,,,,,
1247,Accepted-In Progress,Value 337,19.08934314894733,Accepted,Medium,In Progress,Org line C,E_7,in,G165 2nd,PROD473,INDIA
1247,,,,,,,,,,,,
1247,Accepted-In Progress,Value 479,19.093752142812864,Accepted,Medium,In Progress,Org line C,E_8,in,G181 2nd,PROD473,Sweden
1247,,,,,,,,,,,,
1247,Accepted-In Progress,Value 337,19.09412847829278,Accepted,Medium,In Progress,Org line C,E_7,in,G165 2nd,PROD473,INDIA
1247,,,,,,,,,,,,
1247,Queued-Awaiting Assignment,Value 187,19.095472189063095,Queued,Medium,Awaiting Assignment,Org line C,E_8,in,G186 2nd,PROD473,INDIA
1247,,,,,,,,,,,,
1247,Queued-Awaiting Assignment,Value 13,19.096431352841414,Queued,Medium,Awaiting Assignment,Org line C,,in,G163 3rd,PROD473,Sweden
1247,,,,,,,,,,,,
1247,Accepted-In Progress,Value 13,19.09691668213114,Accepted,Medium,In Progress,Org line C,E_7,in,G157 2nd,PROD473,Sweden
1247,,,,,,,,,,,,
1248,Accepted-In Progress,Value 528,19.089366857113284,Accepted,Medium,In Progress,Org line C,E_10,se,G138 2nd,PROD276,Sweden
1248,,,,,,,,,,,,
1248,Completed-Closed,Value 528,19.090696248276664,Completed,Medium,Closed,Org line C,E_10,se,G138 2nd,PROD276,Sweden
1249,Accepted-In Progress,Value 528,19.089376500083738,Accepted,Medium,In Progress,Org line C,E_10,se,G138 2nd,PROD802,Sweden
1249,,,,,,,,,,,,
1250,Accepted-In Progress,Value 529,19.089437460770377,Accepted,Medium,In Progress,Org line G4,,se,S29 2nd,PROD527,Sweden
1250,,,,,,,,,,,,
1251,Accepted-In Progress,Value 512,19.089491050639417,Accepted,Low,In Progress,Org line C,E_4,in,G93 2nd,PROD279,Brazil
1251,,,,,,,,,,,,
1252,Queued-Awaiting Assignment,Value 216,19.08947106492559,Queued,High,Awaiting Assignment,Org line A2,A2_1,se,M19 2nd,PROD700,Sweden
1252,,,,,,,,,,,,
1252,Completed-Closed,Value 216,19.109129268094954,Completed,High,Closed,Org line A2,A2_1,se,M19 2nd,PROD700,Sweden
1253,Accepted-In Progress,Value 42,19.089772391318757,Accepted,Medium,In Progress,Org line A2,A2_1,in,M22 2nd,PROD327,Sweden
1253,,,,,,,,,,,,
1253,Queued-Awaiting Assignment,Value 42,19.093718855667717,Queued,Medium,Awaiting Assignment,Org line A2,A2_1,in,M22 2nd,PROD327,Sweden
1253,,,,,,,,,,,,
1253,Accepted-In Progress,Value 478,19.094132272294093,Accepted,Medium,In Progress,Org line A2,A2_1,in,M22 2nd,PROD327,POLAND
1253,,,,,,,,,,,,
1253,Accepted-In Progress,Value 521,19.09545864767838,Accepted,Medium,In Progress,Org line C,E_5,in,G75,PROD327,INDIA
1253,,,,,,,,,,,,
1254,Accepted-In Progress,Value 148,19.089785733352052,Accepted,High,In Progress,Org line C,E_6,fr,W12 2nd,PROD190,France
1254,,,,,,,,,,,,
1254,Accepted-In Progress,Value 148,19.0995007337169,Accepted,High,In Progress,Org line C,E_6,fr,W12 2nd,PROD190,France
1254,,,,,,,,,,,,
1255,Accepted-In Progress,Value 530,19.08981164865468,Accepted,Medium,In Progress,Org line C,E_10,se,G140 2nd,PROD664,Sweden
1255,,,,,,,,,,,,
1256,Accepted-In Progress,Value 76,19.090218415528405,Accepted,Major,In Progress,Org line C,C_6,se,G278 3rd,PROD802,Sweden
1256,,,,,,,,,,,,
1257,Accepted-In Progress,Value 511,19.090282498776403,Accepted,Medium,In Progress,Org line A2,A2_2,in,G40,PROD424,Sweden
1257,,,,,,,,,,,,
1257,Accepted-In Progress,Value 511,19.094167840356373,Accepted,Medium,In Progress,Org line A2,A2_2,in,G40,PROD424,Sweden
1257,,,,,,,,,,,,
1257,Queued-Awaiting Assignment,Value 69,19.094173174181794,Queued,Medium,Awaiting Assignment,Org line B,E_10,in,G230 2nd,PROD424,INDIA
1257,,,,,,,,,,,,
1257,Queued-Awaiting Assignment,Value 511,19.095897215882648,Queued,Medium,Awaiting Assignment,Org line A2,A2_2,in,G40,PROD424,Sweden
1257,,,,,,,,,,,,
1257,Queued-Awaiting Assignment,Value 57,19.099834942796548,Queued,Medium,Awaiting Assignment,Org line A2,A2_2,in,G39 3rd,PROD424,Sweden
1257,,,,,,,,,,,,
1257,Accepted-Assigned,Value 76,19.100272503523698,Accepted,Medium,Assigned,Org line A2,A2_2,in,G39 3rd,PROD424,Sweden
1257,,,,,,,,,,,,
1257,Accepted-In Progress,Value 71,19.101738187260434,Accepted,Medium,In Progress,Org line B,E_10,in,G230 2nd,PROD424,INDIA
1257,,,,,,,,,,,,
1257,Queued-Awaiting Assignment,Value 69,19.103327108419943,Queued,Medium,Awaiting Assignment,Org line B,E_10,in,G230 2nd,PROD424,INDIA
1257,,,,,,,,,,,,
1257,Accepted-Wait,Value 71,19.103363977881138,Accepted,Medium,Wait,Org line B,E_10,in,G230 2nd,PROD424,INDIA
1257,,,,,,,,,,,,
1257,Completed-Closed,Value 71,19.10563186337784,Completed,Medium,Closed,Org line B,E_10,in,G230 2nd,PROD424,INDIA
1258,Accepted-In Progress,Value 62,19.090312486155394,Accepted,Major,In Progress,Org line C,E_4,us,G88 2nd,PROD793,Sweden
1258,,,,,,,,,,,,
1258,Accepted-In Progress,Value 62,19.093796003630366,Accepted,Major,In Progress,Org line C,E_4,us,G88 2nd,PROD793,Sweden
1258,,,,,,,,,,,,
1258,Accepted-In Progress,Value 62,19.09416592812714,Accepted,Major,In Progress,Org line C,E_4,us,G88 2nd,PROD793,Sweden
1258,,,,,,,,,,,,
1259,Accepted-In Progress,Value 166,19.090532495780835,Accepted,High,In Progress,Org line C,E_1,se,G294 2nd,PROD790,Sweden
1259,,,,,,,,,,,,
1259,Accepted-In Progress,Value 119,19.09075573170737,Accepted,High,In Progress,Org line A2,A2_1,se,N19 2nd,PROD790,Sweden
1259,,,,,,,,,,,,
1260,Accepted-In Progress,Value 358,19.0906012158346,Accepted,High,In Progress,Org line C,E_1,us,G13 2nd,PROD398,USA
1260,,,,,,,,,,,,
1260,Accepted-In Progress,Value 220,19.091183452798727,Accepted,High,In Progress,Org line C,E_1,us,G13 2nd,PROD398,Belgium
1260,,,,,,,,,,,,
1260,Accepted-In Progress,Value 220,19.09119250544757,Accepted,High,In Progress,Org line C,E_1,us,G13 2nd,PROD398,Belgium
1260,,,,,,,,,,,,
1260,Completed-Closed,Value 220,19.118503382504482,Completed,High,Closed,Org line C,E_1,us,G13 2nd,PROD398,Belgium
1261,Accepted-In Progress,Value 403,19.090629428174136,Accepted,Medium,In Progress,Org line G4,,se,M18 2nd,PROD78,Sweden
1261,,,,,,,,,,,,
1262,Accepted-In Progress,Value 82,19.09068902815451,Accepted,Major,In Progress,Org line C,V3_3,se,G101 2nd,PROD221,Sweden
1262,,,,,,,,,,,,
1263,Accepted-In Progress,Value 478,19.0909725438024,Accepted,Medium,In Progress,Org line A2,A2_1,pl,W16 3rd,PROD756,POLAND
1263,,,,,,,,,,,,
1263,Accepted-In Progress,Value 478,19.092437445746956,Accepted,Medium,In Progress,Org line A2,A2_1,pl,W16 3rd,PROD756,POLAND
1263,,,,,,,,,,,,
1263,Completed-Closed,Value 478,19.098966153458324,Completed,Medium,Closed,Org line A2,A2_1,pl,W16 3rd,PROD756,POLAND
1264,Accepted-In Progress,Value 531,19.091086410415766,Accepted,Major,In Progress,Org line C,E_4,us,G88 2nd,PROD219,Sweden
1264,,,,,,,,,,,,
1265,Accepted-In Progress,Value 43,19.09109910067597,Accepted,Medium,In Progress,Org line G3,,us,G199 3rd,PROD97,POLAND
1265,,,,,,,,,,,,
1266,Accepted-Wait,Value 204,19.091176486806372,Accepted,Low,Wait,Org line C,E_9,se,N12 2nd,PROD479,Sweden
1266,,,,,,,,,,,,
1267,Accepted-In Progress,Value 43,19.09157419692263,Accepted,Medium,In Progress,Org line G3,,us,G199 3rd,PROD96,POLAND
1267,,,,,,,,,,,,
1268,Accepted-In Progress,Value 532,19.092272220675007,Accepted,Low,In Progress,Org line C,E_1,be,G213 2nd,PROD715,Sweden
1268,,,,,,,,,,,,
1268,Completed-Closed,Value 532,19.092274162073565,Completed,Low,Closed,Org line C,E_1,be,G213 2nd,PROD715,Sweden
1269,Accepted-In Progress,Value 532,19.09227346214873,Accepted,Major,In Progress,Org line C,E_1,be,G213 2nd,PROD715,Sweden
1269,,,,,,,,,,,,
1270,Accepted-In Progress,Value 114,19.092369679336898,Accepted,High,In Progress,Org line C,C_6,se,G268 3rd,PROD802,Sweden
1270,,,,,,,,,,,,
1271,Accepted-In Progress,Value 175,19.09240818098821,Accepted,Major,In Progress,Org line C,E_8,in,G186 2nd,PROD474,INDIA
1271,,,,,,,,,,,,
1272,Accepted-In Progress,Value 175,19.09240936099418,Accepted,Major,In Progress,Org line C,E_8,in,G181 2nd,PROD474,INDIA
1272,,,,,,,,,,,,
1273,Accepted-In Progress,Value 533,19.092449531449112,Accepted,High,In Progress,Other,,se,V46 2nd,PROD805,Sweden
1273,,,,,,,,,,,,
1273,Accepted-In Progress,Value 533,19.09245015973817,Accepted,High,In Progress,Other,,se,V46 2nd,PROD805,Sweden
1273,,,,,,,,,,,,
1273,Accepted-In Progress,Value 45,19.092460896779624,Accepted,High,In Progress,Org line C,C_6,se,G268 3rd,PROD805,Sweden
1273,,,,,,,,,,,,
1274,Accepted-In Progress,Value 534,19.092456074830455,Accepted,Medium,In Progress,Org line A2,A2_2,us,N12 2nd,PROD669,USA
1274,,,,,,,,,,,,
1274,Accepted-In Progress,Value 535,19.095558347493817,Accepted,Medium,In Progress,Org line A2,A2_2,us,N12 2nd,PROD669,USA
1274,,,,,,,,,,,,
1275,Accepted-In Progress,Value 536,19.092463992213553,Accepted,Medium,In Progress,Org line A2,A2_5,us,N30 2nd,PROD383,USA
1275,,,,,,,,,,,,
1275,Accepted-In Progress,Value 62,19.095491311691593,Accepted,Medium,In Progress,Org line C,E_5,us,G76,PROD383,Sweden
1275,,,,,,,,,,,,
1275,Accepted-In Progress,Value 537,19.099160486632652,Accepted,Medium,In Progress,Org line A2,A2_5,us,N30 2nd,PROD383,USA
1275,,,,,,,,,,,,
1276,Accepted-In Progress,Value 538,19.09247526543732,Accepted,Medium,In Progress,Org line C,E_6,se,M13 2nd,PROD383,Sweden
1276,,,,,,,,,,,,
1276,Accepted-In Progress,Value 538,19.09555354554954,Accepted,Medium,In Progress,Org line C,E_6,se,M3 2nd,PROD383,Sweden
1276,,,,,,,,,,,,
1277,Accepted-In Progress,Value 13,19.09247621040046,Accepted,Low,In Progress,Org line A2,A2_3,se,S35 2nd,PROD368,Sweden
1277,,,,,,,,,,,,
1277,Completed-Closed,Value 13,19.09289635980603,Completed,Low,Closed,Org line A2,A2_3,se,S35 2nd,PROD368,Sweden
1278,Accepted-In Progress,Value 232,19.092524387013725,Accepted,Major,In Progress,Org line C,C_5,se,G120 3rd,PROD597,Sweden
1278,,,,,,,,,,,,
1279,Accepted-In Progress,Value 538,19.09252972450459,Accepted,Medium,In Progress,Org line C,E_6,se,M13 2nd,PROD383,Sweden
1279,,,,,,,,,,,,
1279,Accepted-In Progress,Value 538,19.095553754330204,Accepted,Medium,In Progress,Org line C,E_6,se,M3 2nd,PROD383,Sweden
1279,,,,,,,,,,,,
1280,Accepted-In Progress,Value 204,19.092780712742083,Accepted,Low,In Progress,Org line C,E_9,se,N12 2nd,PROD277,Sweden
1280,,,,,,,,,,,,
1280,Completed-Closed,Value 204,19.10204181539888,Completed,Low,Closed,Org line C,E_9,se,N12 2nd,PROD277,Sweden
1281,Queued-Awaiting Assignment,Value 217,19.09287205608914,Queued,Medium,Awaiting Assignment,Org line C,E_5,se,G92,PROD815,INDIA
1281,,,,,,,,,,,,
1281,Queued-Awaiting Assignment,Value 76,19.093379396166952,Queued,Medium,Awaiting Assignment,Org line C,V3_2,se,G365,PROD815,Sweden
1281,,,,,,,,,,N20,,
1281,Accepted-In Progress,Value 104,19.093694383170117,Accepted,Medium,In Progress,Org line C,V3_2,se,G365,PROD815,Sweden
1281,,Value 539,,,,,,,,,,
1281,Accepted-In Progress,Value 273,19.093726232500735,Accepted,Medium,In Progress,Org line C,E_4,se,G88 2nd,PROD815,Sweden
1281,,,,,,,,,,,,
1281,Accepted-In Progress,Value 118,19.093750265498375,Accepted,Medium,In Progress,Org line C,C_3,se,L59 3rd,PROD815,France
1281,,,,,,,,,,,,
1281,Accepted-In Progress,Value 108,19.100400848428702,Accepted,Medium,In Progress,Org line C,C_3,se,G292 3rd,PROD815,Sweden
1281,,,,,,,,,,,,
1282,Queued-Awaiting Assignment,Value 511,19.09299253750336,Queued,Medium,Awaiting Assignment,Org line A2,A2_2,fr,G40,PROD424,Sweden
1282,,,,,,,,,,,,
1282,Completed-Closed,Value 540,19.093736175324423,Completed,Medium,Closed,Org line V4,,fr,V5 2nd,PROD424,France
1283,Accepted-In Progress,Value 151,19.092922929832415,Accepted,Medium,In Progress,Org line A2,A2_1,se,J2 2nd,PROD350,Sweden
1283,,,,,,,,,,,,
1283,Completed-Closed,Value 151,19.112255068222108,Completed,Medium,Closed,Org line A2,A2_1,se,J2 2nd,PROD350,Sweden
1284,Accepted-In Progress,Value 237,19.092925829823308,Accepted,Medium,In Progress,Org line C,C_6,se,G144 3rd,PROD660,Sweden
1284,,,,,,,,,,,,
1284,Accepted-In Progress,Value 237,19.09334919951358,Accepted,Medium,In Progress,Org line C,C_6,se,G144 3rd,PROD660,Sweden
1284,,,,,,,,,,,,
1285,Accepted-In Progress,Value 541,19.092931691046832,Accepted,Low,In Progress,Org line A2,A2_3,se,G349 3rd,PROD750,Sweden
1285,,,,,,,,,,,,
1285,Completed-Closed,Value 541,19.10204969266556,Completed,Low,Closed,Org line A2,A2_3,se,G349 3rd,PROD750,Sweden
1286,Accepted-In Progress,Value 337,19.092997270077262,Accepted,Medium,In Progress,Org line C,E_7,in,G165 2nd,PROD671,INDIA
1286,,,,,,,,,,,,
1286,Queued-Awaiting Assignment,Value 69,19.093002702043865,Queued,Medium,Awaiting Assignment,Org line B,E_10,in,G230 2nd,PROD671,INDIA
1286,,,,,,,,,,,,
1286,Queued-Awaiting Assignment,Value 337,19.09898000774048,Queued,Medium,Awaiting Assignment,Org line C,E_7,in,G165 2nd,PROD671,INDIA
1286,,,,,,,,,,,,
1286,Accepted-Wait,Value 412,19.111169509055106,Accepted,Medium,Wait,Org line C,E_7,in,G165 2nd,PROD671,INDIA
1286,,,,,,,,,,,,
1286,Accepted-In Progress,Value 542,19.111541407423353,Accepted,Medium,In Progress,Org line C,E_10,in,G271 2nd,PROD671,Sweden
1286,,,,,,,,,,,,
1286,Accepted-In Progress,Value 337,19.111663709287097,Accepted,Medium,In Progress,Org line C,E_7,in,G165 2nd,PROD671,INDIA
1286,,,,,,,,,,,,
1286,Accepted-In Progress,Value 71,19.111921037558474,Accepted,Medium,In Progress,Org line B,E_10,in,G230 2nd,PROD671,INDIA
1286,,,,,,,,,,,,
1286,Accepted-In Progress,Value 412,19.11198211705736,Accepted,Medium,In Progress,Org line C,E_7,in,G165 2nd,PROD671,INDIA
1286,,,,,,,,,,,,
1286,Accepted-In Progress,Value 71,19.114450240833335,Accepted,Medium,In Progress,Org line B,E_10,in,G230 2nd,PROD671,INDIA
1286,,,,,,,,,,,,
1287,Accepted-In Progress,Value 543,19.09323154788046,Accepted,Major,In Progress,Org line C,,jp,S28 2nd,PROD348,Japan
1287,,,,,,,,,,,,
1287,Accepted-Wait,Value 543,19.106801109170107,Accepted,Major,Wait,Org line C,,jp,S28 2nd,PROD348,Japan
1287,,,,,,,,,,,,
1288,Accepted-In Progress,Value 544,19.093276263460375,Accepted,Medium,In Progress,Org line A2,A2_4,us,N28 2nd,PROD383,USA
1288,,,,,,,,,,,,
1288,Accepted-In Progress,Value 544,19.099573597591927,Accepted,Medium,In Progress,Org line A2,A2_4,us,N28 2nd,PROD383,USA
1288,,,,,,,,,,,,
1289,Accepted-In Progress,Value 38,19.09328344961523,Accepted,Medium,In Progress,Org line A2,A2_3,se,N22 2nd,PROD383,Sweden
1289,,,,,,,,,,,,
1289,Accepted-In Progress,Value 38,19.11854104031236,Accepted,Medium,In Progress,Org line A2,A2_3,se,N22 2nd,PROD383,Sweden
1289,,,,,,,,,,,,
1290,Accepted-In Progress,Value 2,19.093379671744852,Accepted,Low,In Progress,Org line V2,,se,T3 2nd,PROD688,Sweden
1290,,,,,,,,,,,,
1291,Accepted-In Progress,Value 273,19.09338348389802,Accepted,Medium,In Progress,Org line C,E_1,be,G55 2nd,PROD745,Sweden
1291,,,,,,,,,,,,
1292,Queued-Awaiting Assignment,Value 391,19.093386331521025,Queued,High,Awaiting Assignment,Org line C,E_1,se,G213 2nd,PROD715,Belgium
1292,,,,,,,,,,,,
1292,Completed-Closed,Value 391,19.093777776985526,Completed,High,Closed,Org line C,E_3,se,G71 2nd,PROD715,Belgium
1293,Accepted-In Progress,Value 229,19.09366599697553,Accepted,High,In Progress,Org line C,E_10,se,G271 2nd,PROD802,Sweden
1293,,,,,,,,,,,,
1293,Accepted-In Progress,Value 318,19.093686628574382,Accepted,High,In Progress,Org line C,E_10,se,G271 2nd,PROD802,Sweden
1293,,,,,,,,,,,,
1293,Accepted-In Progress,Value 360,19.09376009585336,Accepted,High,In Progress,Org line C,C_6,se,G273 3rd,PROD802,Sweden
1293,,,,,,,,,,,,
1293,Completed-Closed,Value 360,19.109525351706637,Completed,High,Closed,Org line C,C_6,se,G273 3rd,PROD802,Sweden
1294,Accepted-In Progress,Value 42,19.093680384040418,Accepted,Medium,In Progress,Org line A2,A2_1,se,M22 2nd,PROD327,Sweden
1294,,,,,,,,,,,,
1294,Queued-Awaiting Assignment,Value 42,19.093719753542416,Queued,Medium,Awaiting Assignment,Org line A2,A2_1,se,M22 2nd,PROD327,Sweden
1294,,,,,,,,,,,,
1294,Accepted-Wait,Value 155,19.09944510081084,Accepted,Medium,Wait,Org line A2,A2_1,se,M22 2nd,PROD327,POLAND
1294,,,,,,,,,,,,
1295,Accepted-In Progress,Value 77,19.09371214198815,Accepted,High,In Progress,Org line C,E_1,be,G55 2nd,PROD597,Belgium
1295,,,,,,,,,,,,
1295,Accepted-In Progress,Value 119,19.096006100030287,Accepted,High,In Progress,Org line C,E_1,be,G55 2nd,PROD597,Sweden
1295,,,,,,,,,,,,
1295,Accepted-Assigned,Value 57,19.096006303626584,Accepted,High,Assigned,Org line C,E_1,be,G55 2nd,PROD597,Sweden
1295,,,,,,,,,,,,
1295,Completed-Closed,Value 57,19.096331226117346,Completed,High,Closed,Org line C,E_1,be,G55 2nd,PROD597,Sweden
1296,Accepted-In Progress,Value 492,19.093701698963862,Accepted,Low,In Progress,Org line V5,,fr,V28,PROD207,France
1296,,,,,,,,,,,,
1297,Accepted-In Progress,Value 358,19.093834685050787,Accepted,Low,In Progress,Org line C,E_1,us,G13 2nd,PROD398,USA
1297,,,,,,,,,,,,
1297,Accepted-In Progress,Value 358,19.109208174882546,Accepted,Low,In Progress,Org line C,E_1,us,G13 2nd,PROD398,USA
1297,,,,,,,,,,,,
1297,Accepted-In Progress,Value 220,19.118503073950446,Accepted,Low,In Progress,Org line C,E_1,us,G13 2nd,PROD398,Belgium
1297,,,,,,,,,,,,
1298,Accepted-In Progress,Value 229,19.09381587758937,Accepted,High,In Progress,Org line C,E_10,se,G271 2nd,PROD802,Sweden
1298,,,,,,,,,,,,
1298,Queued-Awaiting Assignment,Value 44,19.093823763809638,Queued,High,Awaiting Assignment,Org line C,C_6,se,G273 3rd,PROD802,Sweden
1298,,,,,,,,,,,,
1298,Queued-Awaiting Assignment,Value 44,19.105668930257277,Queued,High,Awaiting Assignment,Org line C,C_6,se,G273 3rd,PROD802,Sweden
1298,,,,,,,,,,,,
1298,Completed-Closed,Value 371,19.106377060637428,Completed,High,Closed,Org line C,C_6,se,G273 3rd,PROD802,France
1299,Accepted-In Progress,Value 403,19.094167524201392,Accepted,Low,In Progress,Org line G4,,se,M18 2nd,PROD32,Sweden
1299,,,,,,,,,,,,
1300,Accepted-In Progress,Value 360,19.094217215398658,Accepted,Low,In Progress,Org line C,C_6,se,G273 3rd,PROD802,Sweden
1300,,,,,,,,,,,,
1301,Accepted-In Progress,Value 545,19.09426512975401,Accepted,Medium,In Progress,Org line A2,A2_2,pl,G132,PROD653,POLAND
1301,,,,,,,,,,,,
1302,Accepted-In Progress,Value 197,19.094575092451027,Accepted,Medium,In Progress,Org line A2,A2_1,se,J2 2nd,PROD350,China
1302,,,,,,,,,,,,
1302,Completed-Closed,Value 197,19.11170371998652,Completed,Medium,Closed,Org line A2,A2_1,se,J2 2nd,PROD350,China
1303,Accepted-In Progress,Value 285,19.095486412666883,Accepted,Low,In Progress,Org line A2,A2_3,se,S35 2nd,PROD551,Sweden
1303,,,,,,,,,,,,
1304,Accepted-In Progress,Value 516,19.095468206621486,Accepted,Medium,In Progress,Org line C,E_6,fr,V52,PROD698,France
1304,,,,,,,,,,,,
1305,Accepted-In Progress,Value 249,19.09546241626569,Accepted,Low,In Progress,Org line C,E_4,in,G93 2nd,PROD325,INDIA
1305,,,,,,,,,,,,
1306,Accepted-In Progress,Value 172,19.09547599324762,Accepted,Medium,In Progress,Org line A2,A2_1,pl,W9 2nd,PROD756,POLAND
1306,,,,,,,,,,,,
1306,Completed-Closed,Value 172,19.11780269463703,Completed,Medium,Closed,Org line A2,A2_1,pl,W9 2nd,PROD756,POLAND
1307,Accepted-In Progress,Value 330,19.095499683773898,Accepted,Low,In Progress,Org line C,E_2,se,G57 2nd,PROD330,Belgium
1307,,,,,,,,,,,,
1307,Completed-Closed,Value 330,19.09561253199229,Completed,Low,Closed,Org line C,E_2,se,G57 2nd,PROD330,Belgium
1308,Accepted-In Progress,Value 43,19.09553989832856,Accepted,High,In Progress,Org line G3,,us,G199 3rd,PROD97,POLAND
1308,,,,,,,,,,,,
1309,Accepted-In Progress,Value 164,19.095549217160066,Accepted,High,In Progress,Org line G4,,se,S33 2nd,PROD397,Sweden
1309,,,,,,,,,,,,
1310,Accepted-In Progress,Value 388,19.095488928385272,Accepted,Medium,In Progress,Org line A2,A2_4,be,G7 3rd,PROD765,Belgium
1310,,,,,,,,,,,,
1310,Completed-Closed,Value 388,19.097308888425072,Completed,Medium,Closed,Org line A2,A2_4,be,G7 3rd,PROD765,Belgium
1311,Accepted-In Progress,Value 385,19.095549191698897,Accepted,Medium,In Progress,Org line A2,A2_5,se,A10,PROD320,Sweden
1311,,,,,,,,,,,,
1312,Accepted-In Progress,Value 119,19.095704192382595,Accepted,Major,In Progress,Org line C,E_1,be,G55 2nd,PROD745,Sweden
1312,,,,,,,,,,,,
1313,Accepted-In Progress,Value 150,19.095626000007577,Accepted,Low,In Progress,Org line C,E_4,in,G88 2nd,PROD802,USA
1313,,,,,,,,,,,,
1313,Queued-Awaiting Assignment,Value 150,19.095962941769866,Queued,Low,Awaiting Assignment,Org line C,E_4,in,G88 2nd,PROD802,USA
1313,,,,,,,,,,,,
1313,Accepted-In Progress,Value 356,19.096467088515805,Accepted,Low,In Progress,Org line C,E_10,in,G263 2nd,PROD802,Sweden
1313,,,,,,,,,,,,
1313,Accepted-Assigned,Value 276,19.10164837399428,Accepted,Low,Assigned,Org line C,E_4,in,G88 2nd,PROD802,INDIA
1313,,,,,,,,,,,,
1313,Accepted-In Progress,Value 355,19.102444281007152,Accepted,Low,In Progress,Org line C,E_10,in,G263 2nd,PROD802,Sweden
1313,,,,,,,,,,,,
1313,Accepted-In Progress,Value 355,19.115183655094157,Accepted,Low,In Progress,Org line C,E_10,in,G263 2nd,PROD802,Sweden
1313,,,,,,,,,,,,
1313,Completed-Closed,Value 355,19.11724498470667,Completed,Low,Closed,Org line C,E_10,in,G263 2nd,PROD802,Sweden
1314,Accepted-In Progress,Value 521,19.09589850376874,Accepted,Medium,In Progress,Org line C,E_5,in,G75,PROD327,INDIA
1314,,,,,,,,,,,,
1314,Completed-Closed,Value 521,19.095937210843907,Completed,Medium,Closed,Org line C,E_5,in,G75,PROD327,INDIA
1315,Accepted-In Progress,Value 156,19.095920926974205,Accepted,Medium,In Progress,Org line C,E_8,in,G181 2nd,PROD62,INDIA
1315,,,,,,,,,,,,
1315,Accepted-In Progress,Value 480,19.09592915293215,Accepted,Medium,In Progress,Org line C,E_8,in,G181 2nd,PROD62,INDIA
1315,,,,,,,,,,,,
1315,Queued-Awaiting Assignment,Value 307,19.111684754563377,Queued,Medium,Awaiting Assignment,Org line C,E_4,in,G87 2nd,PROD62,INDIA
1315,,,,,,,,,,,,
1315,Completed-Closed,Value 482,19.112159263070865,Completed,Medium,Closed,Org line C,E_4,in,G87 2nd,PROD62,Sweden
1316,Accepted-In Progress,Value 70,19.095936157159834,Accepted,Medium,In Progress,Org line B,E_10,in,G230 2nd,PROD424,INDIA
1316,,,,,,,,,,,,
1317,Accepted-In Progress,Value 211,19.095939399652693,Accepted,Low,In Progress,Org line G4,,se,S33 2nd,PROD374,Sweden
1317,,,,,,,,,,,,
1318,Accepted-In Progress,Value 546,19.095958024694532,Accepted,Low,In Progress,Org line A2,A2_3,se,M21 3rd,PROD729,Sweden
1318,,,,,,,,,,,,
1319,Accepted-In Progress,Value 93,19.095986574952956,Accepted,Medium,In Progress,Org line G4,,se,S28 2nd,PROD201,Sweden
1319,,,,,,,,,,,,
1320,Accepted-In Progress,Value 2,19.09610507348136,Accepted,High,In Progress,Other,,in,G172,PROD455,Czech Republic
1320,,,,,,,,,,,,
1320,Accepted-In Progress,Value 339,19.107712292095925,Accepted,High,In Progress,Org line C,E_4,in,G93 2nd,PROD455,INDIA
1320,,,,,,,,,,,,
1321,Accepted-In Progress,Value 547,19.09612469803125,Accepted,High,In Progress,Org line C,C_5,in,G120 3rd,PROD597,Sweden
1321,,,,,,,,,,,,
1321,Accepted-Assigned,Value 320,19.099882538041,Accepted,High,Assigned,Org line C,C_5,in,G120 3rd,PROD597,Sweden
1321,,,,,,,,,,,,
1321,Accepted-In Progress,Value 479,19.10300131268709,Accepted,High,In Progress,Org line C,E_8,in,G181 2nd,PROD597,Sweden
1321,,,,,,,,,,,,
1321,Completed-Closed,Value 175,19.111675790331986,Completed,High,Closed,Org line C,E_8,in,G181 2nd,PROD597,INDIA
1322,Accepted-In Progress,Value 548,19.096340863222682,Accepted,High,In Progress,Org line V7n,,nl,V37 2nd,PROD542,Netherlands
1322,,,,,,,,,,,,
1323,Accepted-In Progress,Value 43,19.09636465538284,Accepted,High,In Progress,Org line G3,,us,G199 3rd,PROD96,POLAND
1323,,,,,,,,,,,,
1324,Accepted-In Progress,Value 325,19.09636430939312,Accepted,High,In Progress,Org line C,C_5,se,G120 3rd,PROD597,INDIA
1324,,,,,,,,,,,,
1324,Accepted-Assigned,Value 104,19.096391204648633,Accepted,High,Assigned,Org line C,C_5,se,G120 3rd,PROD597,Sweden
1324,,,,,,,,,,,,
1324,Completed-Closed,Value 104,19.111727044207914,Completed,High,Closed,Org line C,C_5,se,G120 3rd,PROD597,Sweden
1325,Accepted-In Progress,Value 211,19.09639070094164,Accepted,Medium,In Progress,Org line G4,,se,S33 2nd,PROD374,Sweden
1325,,,,,,,,,,,,
1326,Accepted-In Progress,Value 43,19.09642812211884,Accepted,Medium,In Progress,Org line G3,,us,G199 3rd,PROD97,POLAND
1326,,,,,,,,,,,,
1327,Accepted-In Progress,Value 2,19.096764041031186,Accepted,Low,In Progress,Org line V2,,se,T3 2nd,PROD688,Sweden
1327,,,,,,,,,,,,
1328,Accepted-In Progress,Value 375,19.096757576638815,Accepted,Major,In Progress,Org line C,E_4,us,G88 2nd,PROD348,Sweden
1328,,,,,,,,,,,,
1329,Accepted-In Progress,Value 549,19.09678205057743,Accepted,Medium,In Progress,Org line C,E_8,in,G119 2nd,PROD597,MALAYSIA
1329,,,,,,,,,,,,
1330,Accepted-In Progress,Value 229,19.096833585281356,Accepted,High,In Progress,Org line C,E_10,se,G271 2nd,PROD802,Sweden
1330,,,,,,,,,,,,
1330,Accepted-In Progress,Value 483,19.096842159731125,Accepted,High,In Progress,Org line C,E_10,se,G271 2nd,PROD802,Sweden
1330,,Value 550,,,,,,,,,,
1330,Queued-Awaiting Assignment,Value 44,19.102168466432943,Queued,High,Awaiting Assignment,Org line C,C_6,se,G273 3rd,PROD802,Sweden
1330,,,,,,,,,,,,
1330,Completed-Closed,Value 128,19.102923865755237,Completed,High,Closed,Org line C,C_6,se,G273 3rd,PROD802,Sweden
1331,Accepted-In Progress,Value 551,19.096876405940208,Accepted,Medium,In Progress,Org line A2,A2_4,be,G304 2nd,PROD636,Belgium
1331,,,,,,,,,,,,
1331,Accepted-In Progress,Value 551,19.100274895729438,Accepted,Medium,In Progress,Org line A2,A2_4,be,G304 2nd,PROD636,Belgium
1331,,,,,,,,,,,,
1331,Queued-Awaiting Assignment,Value 551,19.10028841766615,Queued,Medium,Awaiting Assignment,Org line C,E_1,be,G128 2nd,PROD636,Belgium
1331,,,,,,,,,,,,
1331,Accepted-In Progress,Value 444,19.100290794629384,Accepted,Medium,In Progress,Org line C,E_1,be,G128 2nd,PROD636,POLAND
1331,,,,,,,,,,,,
1332,Queued-Awaiting Assignment,Value 249,19.096968281087698,Queued,High,Awaiting Assignment,Org line C,E_4,in,G93 2nd,PROD754,INDIA
1332,,,,,,,,,,,,
1332,Completed-Closed,Value 552,19.098676661628968,Completed,High,Closed,Org line C,E_4,in,G93 2nd,PROD754,USA
1333,Accepted-In Progress,Value 216,19.096973808481383,Accepted,Medium,In Progress,Org line A2,A2_1,se,M19 2nd,PROD741,Sweden
1333,,,,,,,,,,,,
1333,Accepted-In Progress,Value 216,19.109114076768716,Accepted,Medium,In Progress,Org line A2,A2_1,se,M19 2nd,PROD741,Sweden
1333,,,,,,,,,,,,
1333,Completed-Closed,Value 216,19.109122988639538,Completed,Medium,Closed,Org line A2,A2_1,se,M19 2nd,PROD741,Sweden
1334,Accepted-In Progress,Value 553,19.09717086781748,Accepted,Major,In Progress,Org line C,E_1,be,G213 2nd,PROD715,Sweden
1334,,,,,,,,,,,,
1335,Accepted-In Progress,Value 84,19.097253829891258,Accepted,Medium,In Progress,Org line A2,A2_2,fr,T13 2nd,PROD200,POLAND
1335,,,,,,,,,,,,
1336,Accepted-In Progress,Value 229,19.097242610409115,Accepted,High,In Progress,Org line C,E_10,fr,G271 2nd,PROD802,Sweden
1336,,,,,,,,,,,,
1336,Accepted-In Progress,Value 483,19.097253657050167,Accepted,High,In Progress,Org line C,E_10,fr,G271 2nd,PROD802,Sweden
1336,,Value 554,,,,,,,,,,
1336,Queued-Awaiting Assignment,Value 44,19.097285296638976,Queued,High,Awaiting Assignment,Org line C,C_6,fr,G273 3rd,PROD802,Sweden
1336,,Value 555,,,,,,,,,,
1336,Queued-Awaiting Assignment,Value 149,19.099098826970373,Queued,High,Awaiting Assignment,Org line C,E_6,fr,V29 2nd,PROD802,France
1336,,,,,,,,,,,,
1336,Queued-Awaiting Assignment,Value 283,19.101620536621184,Queued,High,Awaiting Assignment,Org line C,E_6,fr,V52,PROD802,France
1336,,,,,,,,,,,,
1336,Completed-Closed,Value 283,19.113775358130724,Completed,High,Closed,Org line C,V3_3,fr,V42 2nd,PROD802,France
1337,Accepted-In Progress,Value 43,19.097495803536322,Accepted,Medium,In Progress,Org line G3,,us,G199 3rd,PROD96,POLAND
1337,,,,,,,,,,,,
1338,Accepted-In Progress,Value 43,19.098318990308826,Accepted,Medium,In Progress,Org line G3,,us,G199 3rd,PROD97,POLAND
1338,,,,,,,,,,,,
1339,Accepted-In Progress,Value 247,19.09850549333284,Accepted,Medium,In Progress,Org line C,C_3,se,G211 3rd,PROD325,Sweden
1339,,,,,,,,,,,,
1339,Accepted-In Progress,Value 453,19.098513230958915,Accepted,Medium,In Progress,Org line C,C_3,se,G211 3rd,PROD325,INDIA
1339,,,,,,,,,,,,
1340,Accepted-In Progress,Value 552,19.09868252477654,Accepted,Major,In Progress,Org line C,E_4,in,G93 2nd,PROD251,USA
1340,,,,,,,,,,,,
1341,Accepted-In Progress,Value 212,19.09882396596646,Accepted,Major,In Progress,Org line B,E_6,br,S4 2nd,PROD436,Brazil
1341,,,,,,,,,,,,
1341,Completed-Closed,Value 212,19.114446797970622,Completed,Major,Closed,Org line B,E_6,br,S4 2nd,PROD436,Brazil
1342,Accepted-In Progress,Value 43,19.098978353356436,Accepted,Medium,In Progress,Org line G3,,us,G199 3rd,PROD96,POLAND
1342,,,,,,,,,,,,
1343,Accepted-In Progress,Value 44,19.09903531638499,Accepted,High,In Progress,Org line C,C_6,se,G273 3rd,PROD802,Sweden
1343,,,,,,,,,,,,
1343,Accepted-In Progress,Value 360,19.099045079699962,Accepted,High,In Progress,Org line C,C_6,se,G273 3rd,PROD802,Sweden
1343,,,,,,,,,,,,
1344,Accepted-In Progress,Value 44,19.09904649547421,Accepted,Major,In Progress,Org line C,C_6,se,G278 3rd,PROD632,Sweden
1344,,,,,,,,,,,,
1344,Accepted-In Progress,Value 44,19.100293536492533,Accepted,Major,In Progress,Org line C,C_6,se,G278 3rd,PROD632,Sweden
1344,,,,,,,,,,,,
1345,Accepted-In Progress,Value 556,19.099052244816413,Accepted,Medium,In Progress,Org line C,E_1,be,G128 2nd,PROD636,Belgium
1345,,,,,,,,,,,,
1346,Accepted-In Progress,Value 444,19.099060810412333,Accepted,Medium,In Progress,Org line C,E_1,be,G128 2nd,PROD636,POLAND
1346,,,,,,,,,,,,
1347,Accepted-In Progress,Value 120,19.099111304327035,Accepted,Medium,In Progress,Org line A2,A2_3,se,N23 2nd,PROD414,Sweden
1347,,,,,,,,,,,,
1347,Accepted-In Progress,Value 557,19.099418571630324,Accepted,Medium,In Progress,Org line A2,A2_3,se,N23 2nd,PROD414,Sweden
1347,,,,,,,,,,,,
1348,Queued-Awaiting Assignment,Value 387,19.099382626765056,Queued,High,Awaiting Assignment,Org line C,E_10,in,G288 2nd,PROD791,Sweden
1348,,,,,,,,,,,,
1348,Completed-Closed,Value 558,19.105073127873233,Completed,High,Closed,Org line C,E_10,in,G288 2nd,PROD791,Sweden
1349,Accepted-In Progress,Value 559,19.099581747912424,Accepted,Major,In Progress,Org line C,V3_2,se,M9,PROD153,Sweden
1349,,,,,,,,,,,,
1349,Accepted-In Progress,Value 559,19.114766538875998,Accepted,Major,In Progress,Org line C,V3_2,se,M9,PROD153,Sweden
1349,,,,,,,,,,,,
1349,Accepted-In Progress,Value 124,19.115447507279814,Accepted,Major,In Progress,Org line C,V3_2,se,M9,PROD153,Sweden
1349,,,,,,,,,,,,
1350,Accepted-In Progress,Value 42,19.09994350552245,Accepted,Medium,In Progress,Org line A2,A2_1,se,M22 2nd,PROD327,Sweden
1350,,,,,,,,,,,,
1350,Accepted-In Progress,Value 155,19.099944859186508,Accepted,Medium,In Progress,Org line A2,A2_1,se,M22 2nd,PROD327,POLAND
1350,,,,,,,,,,,,
1350,Completed-Closed,Value 155,19.117726978313097,Completed,Medium,Closed,Org line A2,A2_1,se,M22 2nd,PROD327,POLAND
1351,Accepted-In Progress,Value 324,19.099947632417642,Accepted,Medium,In Progress,Org line C,E_2,se,G57 2nd,PROD327,Sweden
1351,,,,,,,,,,,,
1351,Accepted-In Progress,Value 423,19.100396480158203,Accepted,Medium,In Progress,Org line C,E_2,se,G57 2nd,PROD327,Sweden
1351,,,,,,,,,,,,
1352,Accepted-In Progress,Value 324,19.099959115642033,Accepted,Medium,In Progress,Org line C,E_2,se,G57 2nd,PROD327,Sweden
1352,,,,,,,,,,,,
1352,Accepted-In Progress,Value 423,19.100396525766694,Accepted,Medium,In Progress,Org line C,E_2,se,G57 2nd,PROD327,Sweden
1352,,,,,,,,,,,,
1353,Accepted-In Progress,Value 42,19.10035729662803,Accepted,Medium,In Progress,Org line C,E_6,se,S20 2nd,PROD634,Sweden
1353,,,,,,,,,,,,
1353,Completed-Closed,Value 42,19.116833747496745,Completed,Medium,Closed,Org line C,E_6,se,S20 2nd,PROD634,Sweden
1354,Accepted-In Progress,Value 43,19.100329357407666,Accepted,High,In Progress,Org line G3,,us,G199 3rd,PROD97,POLAND
1354,,,,,,,,,,,,
1355,Accepted-In Progress,Value 444,19.100326220341437,Accepted,Medium,In Progress,Org line A2,A2_2,pl,G217 3rd,PROD796,POLAND
1355,,,,,,,,,,,,
1356,Accepted-In Progress,Value 43,19.100396677794983,Accepted,High,In Progress,Org line G3,,us,G199 3rd,PROD96,POLAND
1356,,,,,,,,,,,,
1357,Accepted-In Progress,Value 168,19.100396044343626,Accepted,Medium,In Progress,Org line V11,,gb,V50 2nd,PROD158,United Kingdom
1357,,,,,,,,,,,,
1357,Completed-Closed,Value 168,19.105190922764802,Completed,Medium,Closed,Org line V11,,gb,V50 2nd,PROD158,United Kingdom
1358,Queued-Awaiting Assignment,Value 150,19.100435804040604,Queued,High,Awaiting Assignment,Org line C,,us,N6 2nd,PROD316,USA
1358,,,,,,,,,,,,
1358,Completed-Closed,Value 508,19.112686503338942,Completed,High,Closed,Org line C,,us,N6 2nd,PROD316,USA
1359,Accepted-In Progress,Value 239,19.100429343070726,Accepted,Medium,In Progress,Org line B,E_10,in,G238 2nd,PROD209,INDIA
1359,,,,,,,,,,,,
1360,Accepted-In Progress,Value 410,19.101637537756247,Accepted,Major,In Progress,Org line C,C_5,fr,V43 3rd,PROD609,France
1360,,,,,,,,,,,,
1361,Accepted-In Progress,Value 525,19.101601900332184,Accepted,Medium,In Progress,Org line C,E_3,us,G67 2nd,PROD151,Sweden
1361,,,,,,,,,,,,
1361,Completed-Closed,Value 525,19.11082993001442,Completed,Medium,Closed,Org line C,E_3,us,G67 2nd,PROD151,Sweden
1362,Accepted-In Progress,Value 156,19.10159320462821,Accepted,Medium,In Progress,Org line C,E_8,in,G181 2nd,PROD476,INDIA
1362,,,,,,,,,,,,
1362,Accepted-In Progress,Value 560,19.101612028353077,Accepted,Medium,In Progress,Org line C,E_8,in,G181 2nd,PROD476,INDIA
1362,,,,,,,,,,,,
1362,Completed-Closed,Value 560,19.11562527830383,Completed,Medium,Closed,Org line C,E_8,in,G181 2nd,PROD476,INDIA
1363,Accepted-In Progress,Value 561,19.101668765643666,Accepted,Medium,In Progress,Org line G4,,se,G51 2nd,PROD319,Sweden
1363,,,,,,,,,,,,
1363,Completed-Closed,Value 561,19.10345527914692,Completed,Medium,Closed,Org line G4,,se,G51 2nd,PROD319,Sweden
1363,,,,,,,,,,,,
1363,Completed-Closed,Value 561,19.114766399007333,Completed,Medium,Closed,Org line G4,,se,G51 2nd,PROD319,Sweden
1363,,,,,,,,,,,,
1363,Completed-Closed,Value 561,19.11476645395574,Completed,Medium,Closed,Org line G4,,se,G51 2nd,PROD319,Sweden
1363,,,,,,,,,,,,
1363,Completed-Closed,Value 561,19.115126381152503,Completed,Medium,Closed,Org line G4,,se,G51 2nd,PROD319,Sweden
1364,Accepted-In Progress,Value 43,19.10168126158669,Accepted,Medium,In Progress,Org line G3,,us,G199 3rd,PROD96,POLAND
1364,,,,,,,,,,,,
1365,Accepted-In Progress,Value 168,19.101808368187985,Accepted,Medium,In Progress,Org line V11,,gb,V50 2nd,PROD161,United Kingdom
1365,,,,,,,,,,,,
1366,Accepted-In Progress,Value 239,19.10199324007957,Accepted,High,In Progress,Org line B,E_10,in,G238 2nd,PROD209,INDIA
1366,,,,,,,,,,,,
1367,Accepted-In Progress,Value 562,19.10201589131626,Accepted,Medium,In Progress,Org line G4,,se,O3 2nd,PROD483,Sweden
1367,,,,,,,,,,,,
1367,Accepted-In Progress,Value 562,19.105628752984256,Accepted,Medium,In Progress,Org line G4,,se,S50 3rd,PROD483,Sweden
1367,,,,,,,,,,,,
1368,Accepted-In Progress,Value 123,19.102031145322133,Accepted,Medium,In Progress,Org line C,E_1,se,G294 2nd,PROD401,Sweden
1368,,,,,,,,,,,,
1369,Accepted-In Progress,Value 478,19.102037555476723,Accepted,Medium,In Progress,Org line A2,A2_1,pl,W16 3rd,PROD761,POLAND
1369,,,,,,,,,,,,
1369,Accepted-In Progress,Value 478,19.10213725414647,Accepted,Medium,In Progress,Org line A2,A2_1,pl,W16 3rd,PROD761,POLAND
1369,,,,,,,,,,,,
1369,Accepted-In Progress,Value 478,19.102911238738592,Accepted,Medium,In Progress,Org line A2,A2_1,pl,W16 3rd,PROD761,POLAND
1369,,,,,,,,,,,,
1369,Completed-Closed,Value 478,19.113765627571897,Completed,Medium,Closed,Org line A2,A2_1,pl,W16 3rd,PROD761,POLAND
1370,Accepted-In Progress,Value 43,19.102057918954895,Accepted,Medium,In Progress,Org line G3,,us,G199 3rd,PROD96,POLAND
1370,,,,,,,,,,,,
1371,Accepted-In Progress,Value 39,19.102163185200432,Accepted,Medium,In Progress,Org line C,E_1,se,G99 2nd,PROD153,Sweden
1371,,,,,,,,,,,,
1372,Accepted-In Progress,Value 560,19.102476758096998,Accepted,Major,In Progress,Org line C,E_8,in,G181 2nd,PROD476,INDIA
1372,,,,,,,,,,,,
1373,Accepted-In Progress,Value 209,19.10248255349294,Accepted,Medium,In Progress,Org line C,C_1,be,G56 3rd,PROD744,Sweden
1373,,,,,,,,,,,,
1374,Accepted-In Progress,Value 311,19.102512035659075,Accepted,Low,In Progress,Org line C,E_10,se,G253 2nd,PROD683,Sweden
1374,,,,,,,,,,,,
1375,Accepted-In Progress,Value 43,19.102549066657822,Accepted,Medium,In Progress,Org line G3,,us,G199 3rd,PROD97,POLAND
1375,,,,,,,,,,,,
1376,Accepted-In Progress,Value 43,19.10255139780004,Accepted,Medium,In Progress,Org line G3,,us,G199 3rd,PROD96,POLAND
1376,,,,,,,,,,,,
1377,Accepted-In Progress,Value 229,19.102687611010555,Accepted,High,In Progress,Org line C,E_10,pl,G271 2nd,PROD802,Sweden
1377,,,,,,,,,,,,
1377,Accepted-In Progress,Value 563,19.102714013161844,Accepted,High,In Progress,Org line C,E_10,pl,G271 2nd,PROD802,Sweden
1377,,,,,,,,,,,,
1377,Queued-Awaiting Assignment,Value 229,19.102886833468315,Queued,High,Awaiting Assignment,Org line C,E_10,pl,G271 2nd,PROD802,Sweden
1377,,,,,,,,,,,,
1377,Queued-Awaiting Assignment,Value 44,19.105669474681008,Queued,High,Awaiting Assignment,Org line C,C_6,pl,G273 3rd,PROD802,Sweden
1377,,,,,,,,,,,,
1377,Queued-Awaiting Assignment,Value 478,19.11082421288387,Queued,High,Awaiting Assignment,Org line A2,A2_2,pl,N28 2nd,PROD802,POLAND
1377,,,,,,,,,,,,
1377,Accepted-In Progress,Value 354,19.111176322119864,Accepted,High,In Progress,Org line A2,A2_2,pl,N28 2nd,PROD802,POLAND
1377,,,,,,,,,,,,
1378,Accepted-In Progress,Value 474,19.102833132699644,Accepted,Medium,In Progress,Org line A2,A2_5,cn,N18 2nd,PROD789,China
1378,,,,,,,,,,,,
1378,Accepted-In Progress,Value 474,19.117997753678267,Accepted,Medium,In Progress,Org line A2,A2_5,cn,N18 2nd,PROD789,China
1378,,,,,,,,,,,,
1379,Accepted-In Progress,Value 308,19.10271688489728,Accepted,High,In Progress,Org line C,,us,N6 2nd,PROD181,USA
1379,,,,,,,,,,,,
1379,Completed-Closed,Value 308,19.104777810492354,Completed,High,Closed,Org line C,,us,N6 2nd,PROD181,USA
1380,Accepted-In Progress,Value 77,19.10289406715548,Accepted,Medium,In Progress,Org line C,E_5,be,G75,PROD821,Belgium
1380,,,,,,,,,,,,
1380,Queued-Awaiting Assignment,Value 77,19.10289430979397,Queued,Medium,Awaiting Assignment,Org line C,E_5,be,G74,PROD821,Belgium
1380,,,,,,,,,,,,
1380,Queued-Awaiting Assignment,Value 77,19.102895042764068,Queued,Medium,Awaiting Assignment,Org line C,E_1,be,G55 2nd,PROD821,Belgium
1380,,,,,,,,,,,,
1380,Accepted-Assigned,Value 449,19.11118410770657,Accepted,Medium,Assigned,Org line C,E_1,be,G55 2nd,PROD821,France
1380,,,,,,,,,,,,
1380,Completed-Closed,Value 119,19.11163764760613,Completed,Medium,Closed,Org line C,E_1,be,G55 2nd,PROD821,Sweden
1381,Accepted-In Progress,Value 31,19.102973305714016,Accepted,Low,In Progress,Org line C,C_6,se,G268 3rd,PROD805,Sweden
1381,,,,,,,,,,,,
1381,Completed-Closed,Value 31,19.11810834044709,Completed,Low,Closed,Org line C,C_6,se,G268 3rd,PROD805,Sweden
1382,Accepted-In Progress,Value 253,19.10298982896265,Accepted,Medium,In Progress,Org line A2,A2_1,pl,W16 3rd,PROD756,POLAND
1382,,,,,,,,,,,,
1383,Accepted-In Progress,Value 558,19.103399385836006,Accepted,High,In Progress,Org line C,E_10,in,G288 2nd,PROD154,Sweden
1383,,,,,,,,,,,,
1383,Completed-Closed,Value 558,19.115695679172124,Completed,High,Closed,Org line C,E_10,in,G288 2nd,PROD154,Sweden
1384,Accepted-In Progress,Value 81,19.103418372633307,Accepted,Major,In Progress,Org line A2,D_1,se,G197 2nd,PROD617,Sweden
1384,,,,,,,,,,,,
1384,Queued-Awaiting Assignment,Value 223,19.1034270120625,Queued,Major,Awaiting Assignment,Org line A2,D_1,se,G197 2nd,PROD617,POLAND
1384,,Value 564,,,,,,,,,,
1384,Accepted-Assigned,Value 565,19.104491495382913,Accepted,Major,Assigned,Org line A2,D_1,se,V16 3rd,PROD617,Sweden
1384,,,,,,,,,,,,
1384,Accepted-In Progress,Value 251,19.1116632382687,Accepted,Major,In Progress,Org line A2,A2_3,se,V13 2nd,PROD617,Sweden
1384,,,,,,,,,,,,
1384,Accepted-In Progress,Value 81,19.120303482755233,Accepted,Major,In Progress,Org line A2,A2_3,se,V13 2nd,PROD617,Sweden
1384,,,,,,,,,,,,
1385,Queued-Awaiting Assignment,Value 104,19.103490911207118,Queued,High,Awaiting Assignment,Org line C,C_6,us,G290 3rd,PROD154,Sweden
1385,,,,,,,,,,,,
1385,Queued-Awaiting Assignment,Value 150,19.11166676589043,Queued,High,Awaiting Assignment,Org line C,,us,N6 2nd,PROD154,USA
1385,,,,,,,,,,,,
1385,Completed-Closed,Value 508,19.112690587990254,Completed,High,Closed,Org line C,,us,N6 2nd,PROD154,USA
1386,Accepted-In Progress,Value 111,19.103493997945712,Accepted,High,In Progress,Org line C,C_6,us,N55 3rd,PROD785,USA
1386,,,,,,,,,,,,
1386,Accepted-In Progress,Value 111,19.10484285439507,Accepted,High,In Progress,Org line C,C_6,us,N55 3rd,PROD785,USA
1386,,,,,,,,,,,,
1387,Accepted-In Progress,Value 273,19.10348149937416,Accepted,High,In Progress,Org line A2,A2_3,se,G349 3rd,PROD750,Sweden
1387,,,,,,,,,,,,
1388,Accepted-In Progress,Value 566,19.10465660120396,Accepted,Major,In Progress,Org line C,E_6,se,U2 2nd,PROD802,Sweden
1388,,,,,,,,,,,,
1389,Accepted-In Progress,Value 567,19.104643910263558,Accepted,Major,In Progress,Org line C,,jp,S29 2nd,PROD348,Japan
1389,,,,,,,,,,,,
1390,Accepted-In Progress,Value 271,19.10476335011105,Accepted,Medium,In Progress,Org line C,E_7,se,G153 2nd,PROD671,INDIA
1390,,,,,,,,,,,,
1391,Accepted-In Progress,Value 68,19.104751376999268,Accepted,Medium,In Progress,Org line A2,A2_4,se,G118 2nd,PROD591,Sweden
1391,,,,,,,,,,,,
1392,Accepted-In Progress,Value 43,19.10477902140105,Accepted,High,In Progress,Org line G3,,us,G199 3rd,PROD98,POLAND
1392,,,,,,,,,,,,
1393,Accepted-In Progress,Value 433,19.10480308286186,Accepted,Medium,In Progress,Org line C,E_1,be,G55 2nd,PROD227,Sweden
1393,,,,,,,,,,,,
1394,Queued-Awaiting Assignment,Value 345,19.104921923556798,Queued,Major,Awaiting Assignment,Org line C,C_6,in,G268 3rd,PROD805,Sweden
1394,,,,,,,,,,,,
1394,Completed-Closed,Value 568,19.104928305118477,Completed,Major,Closed,Org line C,E_10,in,G266 2nd,PROD805,Sweden
1395,Accepted-In Progress,Value 345,19.104927149882265,Accepted,Major,In Progress,Org line C,C_6,se,G268 3rd,PROD805,Sweden
1395,,,,,,,,,,,,
1395,Accepted-In Progress,Value 45,19.105093596078433,Accepted,Major,In Progress,Org line C,C_6,se,G268 3rd,PROD805,Sweden
1395,,,,,,,,,,,,
1396,Accepted-In Progress,Value 43,19.105122229678283,Accepted,Medium,In Progress,Org line G3,,us,G199 3rd,PROD96,POLAND
1396,,,,,,,,,,,,
1397,Accepted-In Progress,Value 332,19.105182520471683,Accepted,Low,In Progress,Org line C,E_10,in,G271 2nd,PROD802,Sweden
1397,,,,,,,,,,,,
1397,Completed-Closed,Value 332,19.112180533308255,Completed,Low,Closed,Org line C,E_10,in,G271 2nd,PROD802,Sweden
1398,Accepted-In Progress,Value 273,19.10519382774288,Accepted,Major,In Progress,Org line A2,A2_2,se,G28 3rd,PROD182,Sweden
1398,,,,,,,,,,,,
1399,Accepted-In Progress,Value 373,19.105535119054633,Accepted,Medium,In Progress,Org line C,E_8,in,G119 2nd,PROD597,Sweden
1399,,,,,,,,,,,,
1400,Accepted-In Progress,Value 373,19.105539767432617,Accepted,Medium,In Progress,Org line C,E_8,in,G119 2nd,PROD597,Sweden
1400,,,,,,,,,,,,
1400,Completed-Closed,Value 373,19.107745453734942,Completed,Medium,Closed,Org line C,E_8,in,G119 2nd,PROD597,Sweden
1401,Accepted-In Progress,Value 337,19.10564920477902,Accepted,High,In Progress,Org line C,E_7,in,G162 2nd,PROD646,INDIA
1401,,,,,,,,,,,,
1401,Accepted-In Progress,Value 569,19.105653509836092,Accepted,High,In Progress,Org line C,E_5,in,G79,PROD646,INDIA
1401,,,,,,,,,,,,
1401,Accepted-Assigned,Value 397,19.105671496103565,Accepted,High,Assigned,Org line C,E_7,in,G162 2nd,PROD646,INDIA
1401,,,,,,,,,,,,
1401,Completed-Closed,Value 397,19.117296407365103,Completed,High,Closed,Org line C,E_7,in,G162 2nd,PROD646,INDIA
1402,Accepted-In Progress,Value 523,19.10567535242205,Accepted,Medium,In Progress,Org line C,E_10,in,G271 2nd,PROD802,Sweden
1402,,,,,,,,,,,,
1402,Accepted-In Progress,Value 523,19.113822584498052,Accepted,Medium,In Progress,Org line C,E_10,in,G271 2nd,PROD802,Sweden
1402,,,,,,,,,,,,
1403,Accepted-In Progress,Value 158,19.10602044027254,Accepted,Medium,In Progress,Org line A2,A2_3,se,G362 3rd,PROD241,POLAND
1403,,,,,,,,,,,,
1404,Accepted-In Progress,Value 367,19.10606872462743,Accepted,High,In Progress,Org line C,E_1,us,G13 2nd,PROD398,Sweden
1404,,,,,,,,,,,,
1404,Completed-Closed,Value 367,19.117700511359004,Completed,High,Closed,Org line C,E_1,us,G13 2nd,PROD398,Sweden
1405,Accepted-In Progress,Value 308,19.10611654812892,Accepted,High,In Progress,Org line C,,us,N6 2nd,PROD487,USA
1405,,,,,,,,,,,,
1406,Queued-Awaiting Assignment,Value 69,19.10639599602014,Queued,High,Awaiting Assignment,Org line B,E_10,se,G230 2nd,PROD424,INDIA
1406,,,,,,,,,,,,
1406,Queued-Awaiting Assignment,Value 2,19.10779812173565,Queued,High,Awaiting Assignment,Org line C,C_6,se,G250 3rd,PROD424,Sweden
1406,,,,,,,,,,,,
1406,Accepted-Wait,Value 127,19.11169565283596,Accepted,High,Wait,Org line C,C_6,se,G250 3rd,PROD424,Sweden
1406,,,,,,,,,,,,
1406,Completed-Closed,Value 2,19.117736222157603,Completed,High,Closed,Org line C,C_6,se,G250 3rd,PROD424,Sweden
1407,Accepted-In Progress,Value 86,19.106335581879502,Accepted,High,In Progress,Org line C,E_10,in,G236 2nd,PROD471,Sweden
1407,,,,,,,,,,,,
1407,Accepted-In Progress,Value 465,19.10636942391979,Accepted,High,In Progress,Org line C,E_10,in,G236 2nd,PROD471,Sweden
1407,,,,,,,,,,,,
1408,Accepted-In Progress,Value 43,19.106483454801886,Accepted,Medium,In Progress,Org line G3,,us,G199 3rd,PROD97,POLAND
1408,,,,,,,,,,,,
1409,Accepted-In Progress,Value 341,19.106478302083353,Accepted,Medium,In Progress,Org line C,E_4,us,G88 2nd,PROD794,Sweden
1409,,,,,,,,,,,,
1410,Accepted-In Progress,Value 4,19.106872048401097,Accepted,Low,In Progress,Org line C,E_9,se,N12 2nd,PROD673,Sweden
1410,,,,,,,,,,,,
1410,Accepted-In Progress,Value 4,19.109397052681953,Accepted,Low,In Progress,Org line C,E_9,se,N12 2nd,PROD673,Sweden
1410,,,,,,,,,,,,
1411,Accepted-In Progress,Value 43,19.10670919134979,Accepted,Medium,In Progress,Org line G3,,us,G199 3rd,PROD96,POLAND
1411,,,,,,,,,,,,
1412,Accepted-In Progress,Value 43,19.10671741968349,Accepted,High,In Progress,Org line G3,,us,G199 3rd,PROD97,POLAND
1412,,,,,,,,,,,,
1413,Accepted-In Progress,Value 570,19.107278055878577,Accepted,Major,In Progress,Org line C,C_5,se,G120 3rd,PROD597,Sweden
1413,,,,,,,,,,,,
1413,Accepted-In Progress,Value 571,19.11770717049865,Accepted,Major,In Progress,Org line C,C_5,se,G120 3rd,PROD597,Sweden
1413,,,,,,,,,,,,
1413,Completed-Closed,Value 570,19.117707803039902,Completed,Major,Closed,Org line C,C_5,se,G120 3rd,PROD597,Sweden
1414,Accepted-In Progress,Value 229,19.107617877020253,Accepted,High,In Progress,Org line C,E_10,in,G271 2nd,PROD802,Sweden
1414,,,,,,,,,,,,
1414,Accepted-In Progress,Value 138,19.10763198425651,Accepted,High,In Progress,Org line C,E_10,in,G271 2nd,PROD802,Sweden
1414,,,,,,,,,,,,
1414,Accepted-In Progress,Value 44,19.10771056657399,Accepted,High,In Progress,Org line C,C_6,in,G273 3rd,PROD802,Sweden
1414,,,,,,,,,,,,
1414,Accepted-In Progress,Value 558,19.107711321175785,Accepted,High,In Progress,Org line C,E_10,in,G288 2nd,PROD802,Sweden
1414,,,,,,,,,,,,
1414,Accepted-In Progress,Value 108,19.11079592765184,Accepted,High,In Progress,Org line C,C_6,in,G290 3rd,PROD802,Sweden
1414,,,,,,,,,,,,
1414,Accepted-In Progress,Value 572,19.11079931790979,Accepted,High,In Progress,Org line C,E_10,in,G288 2nd,PROD802,Sweden
1414,,,,,,,,,,,,
1414,Completed-Closed,Value 558,19.1108406269788,Completed,High,Closed,Org line C,E_10,in,G288 2nd,PROD802,Sweden
1415,Accepted-In Progress,Value 229,19.107624120654002,Accepted,High,In Progress,Org line C,E_10,in,G271 2nd,PROD802,Sweden
1415,,,,,,,,,,,,
1415,Accepted-In Progress,Value 138,19.107631144066485,Accepted,High,In Progress,Org line C,E_10,in,G271 2nd,PROD802,Sweden
1415,,,,,,,,,,,,
1415,Accepted-In Progress,Value 44,19.107709530253263,Accepted,High,In Progress,Org line C,C_6,in,G273 3rd,PROD802,Sweden
1415,,,,,,,,,,,,
1415,Accepted-In Progress,Value 558,19.107711165224796,Accepted,High,In Progress,Org line C,E_10,in,G288 2nd,PROD802,Sweden
1415,,,,,,,,,,,,
1415,Accepted-In Progress,Value 108,19.11079723661374,Accepted,High,In Progress,Org line C,C_6,in,G290 3rd,PROD802,Sweden
1415,,,,,,,,,,,,
1415,Accepted-In Progress,Value 572,19.11079834998229,Accepted,High,In Progress,Org line C,E_10,in,G288 2nd,PROD802,Sweden
1415,,,,,,,,,,,,
1415,Completed-Closed,Value 558,19.11084078244251,Completed,High,Closed,Org line C,E_10,in,G288 2nd,PROD802,Sweden
1416,Accepted-In Progress,Value 383,19.107708503992843,Accepted,Medium,In Progress,Org line C,C_6,se,G269 3rd,PROD621,INDIA
1416,,,,,,,,,,,,
1417,Accepted-In Progress,Value 251,19.10776142043045,Accepted,High,In Progress,Org line G1,E_6,se,G358 2nd,PROD291,Sweden
1417,,,,,,,,,,,,
1418,Accepted-Assigned,Value 573,19.107831672874227,Accepted,High,Assigned,Org line A2,D_1,pl,W14 2nd,PROD782,POLAND
1418,,,,,,,,,,,,
1418,Completed-Closed,Value 573,19.118187627182742,Completed,High,Closed,Org line A2,D_1,pl,W14 2nd,PROD782,POLAND
1419,Queued-Awaiting Assignment,Value 387,19.108223911321648,Queued,High,Awaiting Assignment,Org line C,E_10,se,G288 2nd,PROD488,Sweden
1419,,,,,,,,,,,,
1419,Queued-Awaiting Assignment,Value 104,19.108329500848207,Queued,High,Awaiting Assignment,Org line C,C_6,se,G290 3rd,PROD488,Sweden
1419,,,,,,,,,,,,
1419,Completed-Closed,Value 13,19.10859127215074,Completed,High,Closed,Org line C,C_6,se,G290 3rd,PROD488,Sweden
1420,Queued-Awaiting Assignment,Value 77,19.108713141281388,Queued,Major,Awaiting Assignment,Org line C,E_1,fr,G55 2nd,PROD816,Belgium
1420,,,,,,,,,,,,
1420,Accepted-In Progress,Value 55,19.108715277175865,Accepted,Major,In Progress,Org line C,V3_3,fr,V42 2nd,PROD816,France
1420,,,,,,,,,,,,
1421,Accepted-In Progress,Value 380,19.108810573631978,Accepted,Low,In Progress,Org line B,E_3,br,S12 2nd,PROD120,Brazil
1421,,,,,,,,,,,,
1421,Completed-Closed,Value 380,19.118662927026683,Completed,Low,Closed,Org line B,E_3,br,S12 2nd,PROD120,Brazil
1422,Accepted-In Progress,Value 385,19.109076810825012,Accepted,Low,In Progress,Org line A2,A2_5,se,A10,PROD461,Sweden
1422,,,,,,,,,,,,
1423,Accepted-In Progress,Value 34,19.109119436962093,Accepted,High,In Progress,Org line A2,A2_4,0,G11 2nd,PROD604,Belgium
1423,,,,,,,,,,,,
1424,Accepted-In Progress,Value 129,19.109130267780618,Accepted,Major,In Progress,Org line A2,A2_3,se,S21 2nd,PROD673,Sweden
1424,,,,,,,,,,,,
1424,Queued-Awaiting Assignment,Value 77,19.10946624620803,Queued,Major,Awaiting Assignment,Org line C,E_7,se,G153 2nd,PROD673,Sweden
1424,,,,,,,,,,,,
1424,Accepted-In Progress,Value 77,19.111241186789158,Accepted,Major,In Progress,Org line C,E_7,se,G153 2nd,PROD673,Sweden
1424,,,,,,,,,,,,
1424,Queued-Awaiting Assignment,Value 44,19.112117076846694,Queued,Major,Awaiting Assignment,Org line C,C_6,se,G273 3rd,PROD673,Sweden
1424,,,,,,,,,,,,
1424,Completed-Closed,Value 360,19.114727339916985,Completed,Major,Closed,Org line C,C_6,se,G273 3rd,PROD673,Sweden
1424,,,,,,,,,,,,
1424,Completed-Closed,Value 360,19.120285449744298,Completed,Major,Closed,Org line C,C_6,se,G273 3rd,PROD673,Sweden
1425,Accepted-In Progress,Value 336,19.10944212092069,Accepted,Major,In Progress,Org line C,E_4,us,G88 2nd,PROD348,China
1425,,,,,,,,,,,,
1426,Accepted-In Progress,Value 237,19.109539296479337,Accepted,Major,In Progress,Org line C,C_6,us,N55 3rd,PROD785,USA
1426,,,,,,,,,,,,
1427,Accepted-In Progress,Value 62,19.110659530448746,Accepted,High,In Progress,Org line A2,A2_3,se,S35 2nd,PROD368,Sweden
1427,,,,,,,,,,,,
1427,Accepted-In Progress,Value 13,19.11084545637248,Accepted,High,In Progress,Org line A2,A2_3,se,S35 2nd,PROD368,Sweden
1427,,,,,,,,,,,,
1428,Accepted-In Progress,Value 574,19.11081712660564,Accepted,Major,In Progress,Org line A2,A2_1,se,D7,PROD238,Sweden
1428,,,,,,,,,,,,
1429,Accepted-In Progress,Value 77,19.11080789882198,Accepted,Major,In Progress,Org line A2,A2_5,cn,N18 2nd,PROD789,China
1429,,,,,,,,,,,,
1430,Accepted-In Progress,Value 219,19.110816474645457,Accepted,Low,In Progress,Org line C,C_1,us,G14 3rd,PROD398,France
1430,,,,,,,,,,,,
1431,Accepted-In Progress,Value 345,19.11090291082766,Accepted,High,In Progress,Org line C,C_6,se,G268 3rd,PROD805,Sweden
1431,,,,,,,,,,,,
1431,Accepted-Wait,Value 345,19.11124790913309,Accepted,High,Wait,Org line C,C_6,se,G268 3rd,PROD805,Sweden
1431,,,,,,,,,,,,
1431,Accepted-Wait,Value 345,19.11126313825816,Accepted,High,Wait,Org line C,C_6,se,G268 3rd,PROD805,Sweden
1431,,,,,,,,,,,,
1431,Accepted-In Progress,Value 45,19.11130601216292,Accepted,High,In Progress,Org line C,C_6,se,G268 3rd,PROD805,Sweden
1431,,,,,,,,,,,,
1432,Accepted-In Progress,Value 575,19.110899741566065,Accepted,Low,In Progress,Org line C,E_10,in,G266 2nd,PROD805,Sweden
1432,,,,,,,,,,,,
1432,Accepted-In Progress,Value 575,19.11124963357496,Accepted,Low,In Progress,Org line C,E_10,in,G266 2nd,PROD805,Sweden
1432,,,,,,,,,,,,
1432,Accepted-In Progress,Value 575,19.111306713930244,Accepted,Low,In Progress,Org line C,E_10,in,G266 2nd,PROD805,Sweden
1432,,,,,,,,,,,,
1433,Accepted-In Progress,Value 150,19.11090098520156,Accepted,High,In Progress,Org line C,,us,N6 2nd,PROD378,USA
1433,,,,,,,,,,,,
1433,Accepted-In Progress,Value 308,19.110902218806206,Accepted,High,In Progress,Org line C,,us,N6 2nd,PROD378,USA
1433,,,,,,,,,,,,
1434,Queued-Awaiting Assignment,Value 150,19.11120600528417,Queued,Major,Awaiting Assignment,Org line C,E_4,in,G88 2nd,PROD794,USA
1434,,,,,,,,,,,,
1434,Completed-Closed,Value 576,19.111228950102287,Completed,Major,Closed,Org line C,E_5,in,G92,PROD794,INDIA
1435,Accepted-In Progress,Value 150,19.111215896134425,Accepted,High,In Progress,Org line C,E_4,us,G88 2nd,PROD793,USA
1435,,,,,,,,,,,,
1435,Accepted-In Progress,Value 393,19.117315401189952,Accepted,High,In Progress,Org line C,E_4,us,G88 2nd,PROD793,Sweden
1435,,,,,,,,,,,,
1436,Accepted-In Progress,Value 88,19.11125923826073,Accepted,High,In Progress,Org line G4,,se,S30 2nd,PROD802,Sweden
1436,,,,,,,,,,,,
1436,Accepted-In Progress,Value 88,19.11507274440244,Accepted,High,In Progress,Org line G4,,se,S30 2nd,PROD802,Sweden
1436,,,,,,,,,,,,
1437,Accepted-In Progress,Value 43,19.11131237316442,Accepted,Low,In Progress,Org line G3,,us,G199 3rd,PROD428,POLAND
1437,,,,,,,,,,,,
1438,Completed-Closed,Value 68,19.111739149539957,Completed,Medium,Closed,Org line A2,A2_4,se,G118 2nd,PROD591,Sweden
1439,Accepted-In Progress,Value 380,19.111725606188948,Accepted,Medium,In Progress,Org line B,E_3,br,S12 2nd,PROD119,Brazil
1439,,,,,,,,,,,,
1439,Completed-Closed,Value 380,19.117363541844618,Completed,Medium,Closed,Org line B,E_3,br,S12 2nd,PROD119,Brazil
1440,Accepted-In Progress,Value 31,19.112161662067766,Accepted,Medium,In Progress,Org line C,C_4,se,G155 3rd,PROD673,Sweden
1440,,,,,,,,,,,,
1441,Accepted-In Progress,Value 228,19.112455097616536,Accepted,Medium,In Progress,Org line V2,,se,T2 2nd,PROD631,Sweden
1441,,,,,,,,,,,,
1442,Accepted-In Progress,Value 43,19.112515964268713,Accepted,High,In Progress,Org line G3,,us,G199 3rd,PROD98,POLAND
1442,,,,,,,,,,,,
1443,Accepted-In Progress,Value 577,19.1125374972691,Accepted,Medium,In Progress,Org line A2,A2_4,se,G47 2nd,PROD243,Sweden
1443,,,,,,,,,,,,
1444,Accepted-In Progress,Value 249,19.113207377012532,Accepted,High,In Progress,Org line C,E_4,in,G93 2nd,PROD701,INDIA
1444,,,,,,,,,,,,
1444,Accepted-In Progress,Value 119,19.114198580810775,Accepted,High,In Progress,Org line C,E_4,in,G93 2nd,PROD701,Sweden
1444,,,,,,,,,,,,
1445,Accepted-In Progress,Value 43,19.113469810397106,Accepted,High,In Progress,Org line G3,,us,G199 3rd,PROD98,POLAND
1445,,,,,,,,,,,,
1446,Accepted-In Progress,Value 43,19.113477353069324,Accepted,High,In Progress,Org line G3,,us,G199 3rd,PROD97,POLAND
1446,,,,,,,,,,,,
1447,Accepted-In Progress,Value 43,19.113811209372614,Accepted,High,In Progress,Org line G3,,us,G199 3rd,PROD98,POLAND
1447,,,,,,,,,,,,
1448,Accepted-In Progress,Value 387,19.113919175348826,Accepted,Medium,In Progress,Org line C,E_10,in,G288 2nd,PROD154,Sweden
1448,,,,,,,,,,,,
1449,Accepted-In Progress,Value 114,19.113836159478403,Accepted,Medium,In Progress,Org line C,E_7,se,G161 2nd,PROD671,Sweden
1449,,,,,,,,,,,,
1450,Accepted-In Progress,Value 43,19.11386062397768,Accepted,High,In Progress,Org line G3,,us,G199 3rd,PROD96,POLAND
1450,,,,,,,,,,,,
1451,Accepted-In Progress,Value 43,19.113870308614093,Accepted,Medium,In Progress,Org line G3,,us,G199 3rd,PROD97,POLAND
1451,,,,,,,,,,,,
1452,Accepted-In Progress,Value 515,19.11406400164391,Accepted,High,In Progress,Org line C,E_10,in,G288 2nd,PROD154,Sweden
1452,,,,,,,,,,,,
1453,Accepted-In Progress,Value 8,19.114201794614175,Accepted,High,In Progress,Org line C,C_1,be,G56 3rd,PROD795,Sweden
1453,,,,,,,,,,,,
1454,Accepted-In Progress,Value 43,19.114335415716862,Accepted,High,In Progress,Org line G3,,us,G199 3rd,PROD97,POLAND
1454,,,,,,,,,,,,
1455,Accepted-In Progress,Value 81,19.1143030616168,Accepted,Major,In Progress,Org line A2,D_1,se,L45 3rd,PROD617,Sweden
1455,,,,,,,,,,,,
1456,Accepted-In Progress,Value 578,19.114330633133157,Accepted,Major,In Progress,Org line V5,,se,V20 2nd,PROD221,INDIA
1456,,,,,,,,,,,,
1457,Accepted-In Progress,Value 515,19.11450869773363,Accepted,High,In Progress,Org line C,E_10,in,G288 2nd,PROD154,Sweden
1457,,,,,,,,,,,,
1458,Accepted-In Progress,Value 579,19.11465010143222,Accepted,High,In Progress,Org line A2,,kr,S60 2nd,PROD221,Korea
1458,,,,,,,,,,,,
1458,Accepted-In Progress,Value 579,19.114666477828184,Accepted,High,In Progress,Org line A2,,kr,S60 2nd,PROD221,Korea
1458,,,,,,,,,,,,
1458,Completed-Closed,Value 579,19.1211226630926,Completed,High,Closed,Org line A2,,kr,S60 2nd,PROD221,Korea
1459,Accepted-In Progress,Value 387,19.114667961582352,Accepted,High,In Progress,Org line C,E_10,in,G288 2nd,PROD154,Sweden
1459,,,,,,,,,,,,
1460,Accepted-In Progress,Value 276,19.1146916314101,Accepted,High,In Progress,Org line C,E_4,us,G88 2nd,PROD793,INDIA
1460,,,,,,,,,,,,
1461,Accepted-In Progress,Value 43,19.11476028472941,Accepted,Medium,In Progress,Org line G3,,us,G199 3rd,PROD96,POLAND
1461,,,,,,,,,,,,
1462,Accepted-In Progress,Value 192,19.11472493707622,Accepted,Medium,In Progress,Org line C,C_2,se,G58 3rd,PROD327,Belgium
1462,,,,,,,,,,,,
1462,Accepted-In Progress,Value 192,19.11472855382395,Accepted,Medium,In Progress,Org line C,E_2,se,G57 2nd,PROD327,Belgium
1462,,,,,,,,,,,,
1462,Accepted-Wait,Value 330,19.114777898144443,Accepted,Medium,Wait,Org line C,E_2,se,G57 2nd,PROD327,Belgium
1462,,,,,,,,,,,,
1463,Accepted-In Progress,Value 43,19.114774021821077,Accepted,Medium,In Progress,Org line G3,,us,G199 3rd,PROD96,POLAND
1463,,,,,,,,,,,,
1464,Accepted-In Progress,Value 43,19.11517639991055,Accepted,Medium,In Progress,Org line G3,,us,G199 3rd,PROD96,POLAND
1464,,,,,,,,,,,,
1465,Accepted-In Progress,Value 43,19.11518561243681,Accepted,High,In Progress,Org line G3,,us,G199 3rd,PROD98,POLAND
1465,,,,,,,,,,,,
1466,Accepted-In Progress,Value 43,19.11553847568512,Accepted,Medium,In Progress,Org line G3,,us,G199 3rd,PROD97,POLAND
1466,,,,,,,,,,,,
1467,Accepted-In Progress,Value 43,19.11554227916626,Accepted,Medium,In Progress,Org line G3,,us,G199 3rd,PROD96,POLAND
1467,,,,,,,,,,,,
1468,Accepted-In Progress,Value 580,19.115709877527312,Accepted,Low,In Progress,Org line G4,,se,S32 2nd,PROD633,Sweden
1468,,,,,,,,,,,,
1469,Accepted-In Progress,Value 390,19.116020958055426,Accepted,Low,In Progress,Org line C,E_10,in,G276 2nd,PROD631,Sweden
1469,,,,,,,,,,,,
1470,Accepted-In Progress,Value 2,19.116809834197248,Accepted,Medium,In Progress,Org line C,C_6,se,G250 3rd,PROD434,Sweden
1470,,,,,,,,,,,,
1470,Accepted-In Progress,Value 306,19.11681387711544,Accepted,Medium,In Progress,Org line C,C_6,se,G250 3rd,PROD434,Sweden
1470,,,,,,,,,,,,
1471,Accepted-In Progress,Value 375,19.11690758747848,Accepted,Medium,In Progress,Org line C,E_1,us,G13 2nd,PROD460,Sweden
1471,,,,,,,,,,,,
1472,Accepted-In Progress,Value 15,19.117079696765536,Accepted,High,In Progress,Org line G4,,se,S28 2nd,PROD343,Sweden
1472,,,,,,,,,,,,
1473,Accepted-In Progress,Value 522,19.117233339499073,Accepted,High,In Progress,Org line C,E_10,in,G288 2nd,PROD154,Sweden
1473,,,,,,,,,,,,
1474,Accepted-In Progress,Value 43,19.117252513906493,Accepted,High,In Progress,Org line G3,,us,G199 3rd,PROD98,POLAND
1474,,,,,,,,,,,,
1475,Accepted-In Progress,Value 43,19.11733915292865,Accepted,High,In Progress,Org line G3,,us,G199 3rd,PROD97,POLAND
1475,,,,,,,,,,,,
1476,Accepted-In Progress,Value 276,19.117617480067924,Accepted,High,In Progress,Org line C,E_4,us,G88 2nd,PROD166,INDIA
1476,,,,,,,,,,,,
1477,Accepted-In Progress,Value 272,19.117671613067948,Accepted,Medium,In Progress,Org line V2,,se,T10 2nd,PROD334,Sweden
1477,,,,,,,,,,,,
1477,Accepted-In Progress,Value 9,19.11989656798913,Accepted,Medium,In Progress,Org line V2,,se,T2 2nd,PROD334,Sweden
1477,,,,,,,,,,,,
1478,Accepted-In Progress,Value 43,19.118185267489963,Accepted,Medium,In Progress,Org line G3,,us,G199 3rd,PROD98,POLAND
1478,,,,,,,,,,,,
1479,Accepted-In Progress,Value 81,19.118517735138745,Accepted,Medium,In Progress,Org line V2,,se,T10 2nd,PROD615,Sweden
1479,,,,,,,,,,,,
1479,Accepted-In Progress,Value 68,19.120678311937542,Accepted,Medium,In Progress,Org line V2,,se,T10 2nd,PROD615,Sweden
1479,,,,,,,,,,,,
1480,Accepted-In Progress,Value 572,19.119897566908115,Accepted,Major,In Progress,Org line C,E_10,in,G288 2nd,PROD154,Sweden
1480,,,,,,,,,,,,
1481,Accepted-In Progress,Value 581,19.11990261118525,Accepted,Major,In Progress,Org line F,,se,G207 2nd,PROD186,Sweden
1481,,,,,,,,,,,,
1481,Accepted-In Progress,Value 581,19.121330266434565,Accepted,Major,In Progress,Org line F,,se,G207 2nd,PROD186,Sweden
1481,,,,,,,,,,,,
1481,Accepted-In Progress,Value 581,19.121331273847673,Accepted,Major,In Progress,Org line F,,se,G207 2nd,PROD186,Sweden
1481,,Value 582,,,,,,,,,,
1481,Accepted-In Progress,Value 581,19.121331517016205,Accepted,Major,In Progress,Org line C,E_6,se,U2 2nd,PROD186,Sweden
1481,,,,,,,,,,,,
1482,Accepted-In Progress,Value 43,19.12026065009733,Accepted,Medium,In Progress,Org line G3,,us,G199 3rd,PROD97,POLAND
1482,,,,,,,,,,,,
1483,Queued-Awaiting Assignment,Value 547,19.120371076329505,Queued,Major,Awaiting Assignment,Org line C,C_5,in,G120 3rd,PROD597,Sweden
1483,,,,,,,,,,,,
1483,Completed-Closed,Value 583,19.12044396516917,Completed,Major,Closed,Org line C,E_8,in,G119 2nd,PROD597,USA
1484,Accepted-In Progress,Value 31,19.120685934511442,Accepted,High,In Progress,Org line V2,,se,T2 2nd,PROD493,Sweden
1484,,,,,,,,,,,,
1484,Queued-Awaiting Assignment,Value 31,19.12074227023485,Queued,High,Awaiting Assignment,Org line V2,,se,T2 2nd,PROD493,Sweden
1484,,,,,,,,,,,,
1484,Completed-Closed,Value 584,19.120750369010054,Completed,High,Closed,Org line V2,,se,T2 2nd,PROD493,Sweden
1485,Accepted-In Progress,Value 585,19.120743725139214,Accepted,Medium,In Progress,Org line C,E_7,se,G161 2nd,PROD671,Sweden
1485,,,,,,,,,,,,
1486,Accepted-In Progress,Value 4,19.12111999264048,Accepted,Major,In Progress,Org line A2,A2_3,se,U6 2nd,PROD831,Sweden
1486,,,,,,,,,,,,
1487,Accepted-In Progress,Value 43,19.121265685662625,Accepted,High,In Progress,Org line G3,,us,G199 3rd,PROD97,POLAND
1487,Completed-Closed,Value 43,19.12126609262437,Completed,High,Closed,Org line G3,,us,G199 3rd,PROD97,POLAND
