CaseID,Activity,time:timestamp
1,,
1,Activity B,8.188966863648876
1,,
1,Activity D,9.287394001418473
1,,
1,Activity K,9.798182590890704
1,,
1,Activity M,9.798182590890704
1,,
1,Activity I,9.980494888896912
1,,
1,Activity N,9.980494888896912
1,,
1,Activity F,10.268165387743457
2,,
2,Activity B,8.188966863648876
2,,
2,Activity D,9.287394001418473
2,,
2,Activity M,9.798182590890704
2,,
2,Activity G,9.798182590890704
2,,
2,Activity L,9.980494888896912
2,,
2,Activity I,9.980494888896912
2,,
2,Activity F,10.268165387743457
3,,
3,Activity B,8.188966863648876
3,,
3,Activity D,9.287394001418473
3,,
3,Activity G,9.798182590890704
3,,
3,Activity K,9.798182590890704
3,,
3,Activity I,9.980494888896912
3,,
3,Activity L,9.980494888896912
3,,
3,Activity F,10.268165387743457
4,,
4,Activity B,8.188966863648876
4,,
4,Activity D,9.287394001418473
4,,
4,Activity G,9.798182590890704
4,,
4,Activity M,9.798182590890704
4,,
4,Activity J,9.980494888896912
4,,
4,Activity N,9.980494888896912
4,,
4,Activity F,10.268165387743457
5,,
5,Activity B,8.188966863648876
5,,
5,Activity D,9.287394001418473
5,,
5,Activity M,9.798182590890704
5,,
5,Activity G,9.798182590890704
5,,
5,Activity L,9.980494888896912
5,,
5,Activity J,9.980494888896912
5,,
5,Activity F,10.268165387743457
6,,
6,Activity B,8.188966863648876
6,,
6,Activity D,9.287394001418473
6,,
6,Activity M,9.798182590890704
6,,
6,Activity G,9.798182590890704
6,,
6,Activity L,9.980494888896912
6,,
6,Activity I,9.980494888896912
6,,
6,Activity F,10.268165387743457
7,,
7,Activity B,8.188966863648876
7,,
7,Activity D,9.287394001418473
7,,
7,Activity G,9.798182590890704
7,,
7,Activity K,9.798182590890704
7,,
7,Activity I,9.980494888896912
7,,
7,Activity L,9.980494888896912
7,,
7,Activity F,10.268165387743457
8,,
8,Activity B,8.188966863648876
8,,
8,Activity D,9.287394001418473
8,,
8,Activity K,9.798182590890704
8,,
8,Activity G,9.798182590890704
8,,
8,Activity N,9.980494888896912
8,,
8,Activity J,9.980494888896912
8,,
8,Activity F,10.268165387743457
9,,
9,Activity B,8.188966863648876
9,,
9,Activity D,9.287394001418473
9,,
9,Activity M,9.798182590890704
9,,
9,Activity G,9.798182590890704
9,,
9,Activity L,9.980494888896912
9,,
9,Activity I,9.980494888896912
9,,
9,Activity F,10.268165387743457
10,,
10,Activity B,8.188966863648876
10,,
10,Activity D,9.287394001418473
10,,
10,Activity K,9.798182590890704
10,,
10,Activity M,9.798182590890704
10,,
10,Activity I,9.980494888896912
10,,
10,Activity N,9.980494888896912
10,,
10,Activity F,10.268165387743457
11,,
11,Activity B,8.188966863648876
11,,
11,Activity D,9.287394001418473
11,,
11,Activity K,9.798182590890704
11,,
11,Activity G,9.798182590890704
11,,
11,Activity N,9.980494888896912
11,,
11,Activity J,9.980494888896912
11,,
11,Activity F,10.268165387743457
12,,
12,Activity B,8.188966863648876
12,,
12,Activity D,9.287394001418473
12,,
12,Activity K,9.798182590890704
12,,
12,Activity G,9.798182590890704
12,,
12,Activity N,9.980494888896912
12,,
12,Activity I,9.980494888896912
12,,
12,Activity F,10.268165387743457
13,,
13,Activity B,8.188966863648876
13,,
13,Activity D,9.287394001418473
13,,
13,Activity G,9.798182590890704
13,,
13,Activity M,9.798182590890704
13,,
13,Activity I,9.980494888896912
13,,
13,Activity N,9.980494888896912
13,,
13,Activity F,10.268165387743457
14,,
14,Activity B,8.188966863648876
14,,
14,Activity D,9.287394001418473
14,,
14,Activity G,9.798182590890704
14,,
14,Activity M,9.798182590890704
14,,
14,Activity I,9.980494888896912
14,,
14,Activity N,9.980494888896912
14,,
14,Activity F,10.268165387743457
15,,
15,Activity B,8.188966863648876
15,,
15,Activity D,9.287394001418473
15,,
15,Activity K,9.798182590890704
15,,
15,Activity M,9.798182590890704
15,,
15,Activity I,9.980494888896912
15,,
15,Activity N,9.980494888896912
15,,
15,Activity F,10.268165387743457
16,,
16,Activity B,8.188966863648876
16,,
16,Activity D,9.287394001418473
16,,
16,Activity M,9.798182590890704
16,,
16,Activity K,9.798182590890704
16,,
16,Activity I,9.980494888896912
16,,
16,Activity L,9.980494888896912
16,,
16,Activity F,10.268165387743457
17,,
17,Activity B,8.188966863648876
17,,
17,Activity D,9.287394001418473
17,,
17,Activity G,9.798182590890704
17,,
17,Activity M,9.798182590890704
17,,
17,Activity I,9.980494888896912
17,,
17,Activity N,9.980494888896912
17,,
17,Activity F,10.268165387743457
18,,
18,Activity B,8.188966863648876
18,,
18,Activity D,9.287394001418473
18,,
18,Activity G,9.798182590890704
18,,
18,Activity K,9.798182590890704
18,,
18,Activity I,9.980494888896912
18,,
18,Activity L,9.980494888896912
18,,
18,Activity F,10.268165387743457
19,,
19,Activity B,8.188966863648876
19,,
19,Activity D,9.287394001418473
19,,
19,Activity M,9.798182590890704
19,,
19,Activity G,9.798182590890704
19,,
19,Activity L,9.980494888896912
19,,
19,Activity I,9.980494888896912
19,,
19,Activity F,10.268165387743457
20,,
20,Activity B,8.188966863648876
20,,
20,Activity D,9.287394001418473
20,,
20,Activity G,9.798182590890704
20,,
20,Activity K,9.798182590890704
20,,
20,Activity I,9.980494888896912
20,,
20,Activity L,9.980494888896912
20,,
20,Activity F,10.268165387743457
21,,
21,Activity B,8.188966863648876
21,,
21,Activity D,9.287394001418473
21,,
21,Activity M,9.798182590890704
21,,
21,Activity G,9.798182590890704
21,,
21,Activity L,9.980494888896912
21,,
21,Activity J,9.980494888896912
21,,
21,Activity F,10.268165387743457
22,,
22,Activity B,8.188966863648876
22,,
22,Activity D,9.287394001418473
22,,
22,Activity K,9.798182590890704
22,,
22,Activity M,9.798182590890704
22,,
22,Activity I,9.980494888896912
22,,
22,Activity N,9.980494888896912
22,,
22,Activity F,10.268165387743457
23,,
23,Activity B,8.188966863648876
23,,
23,Activity D,9.287394001418473
23,,
23,Activity G,9.798182590890704
23,,
23,Activity K,9.798182590890704
23,,
23,Activity I,9.980494888896912
23,,
23,Activity L,9.980494888896912
23,,
23,Activity F,10.268165387743457
24,,
24,Activity B,8.188966863648876
24,,
24,Activity D,9.287394001418473
24,,
24,Activity G,9.798182590890704
24,,
24,Activity M,9.798182590890704
24,,
24,Activity I,9.980494888896912
24,,
24,Activity N,9.980494888896912
24,,
24,Activity F,10.268165387743457
25,,
25,Activity B,8.188966863648876
25,,
25,Activity D,9.287394001418473
25,,
25,Activity M,9.798182590890704
25,,
25,Activity K,9.798182590890704
25,,
25,Activity J,9.980494888896912
25,,
25,Activity L,9.980494888896912
25,,
25,Activity F,10.268165387743457
26,,
26,Activity B,8.188966863648876
26,,
26,Activity D,9.287394001418473
26,,
26,Activity K,9.798182590890704
26,,
26,Activity M,9.798182590890704
26,,
26,Activity J,9.980494888896912
26,,
26,Activity N,9.980494888896912
26,,
26,Activity F,10.268165387743457
27,,
27,Activity B,8.188966863648876
27,,
27,Activity D,9.287394001418473
27,,
27,Activity G,9.798182590890704
27,,
27,Activity M,9.798182590890704
27,,
27,Activity J,9.980494888896912
27,,
27,Activity N,9.980494888896912
27,,
27,Activity F,10.268165387743457
28,,
28,Activity B,8.188966863648876
28,,
28,Activity D,9.287394001418473
28,,
28,Activity K,9.798182590890704
28,,
28,Activity G,9.798182590890704
28,,
28,Activity N,9.980494888896912
28,,
28,Activity I,9.980494888896912
28,,
28,Activity F,10.268165387743457
29,,
29,Activity B,8.188966863648876
29,,
29,Activity D,9.287394001418473
29,,
29,Activity G,9.798182590890704
29,,
29,Activity K,9.798182590890704
29,,
29,Activity I,9.980494888896912
29,,
29,Activity L,9.980494888896912
29,,
29,Activity F,10.268165387743457
30,,
30,Activity B,8.188966863648876
30,,
30,Activity D,9.287394001418473
30,,
30,Activity G,9.798182590890704
30,,
30,Activity K,9.798182590890704
30,,
30,Activity J,9.980494888896912
30,,
30,Activity L,9.980494888896912
30,,
30,Activity F,10.268165387743457
31,,
31,Activity B,8.188966863648876
31,,
31,Activity D,9.287394001418473
31,,
31,Activity K,9.798182590890704
31,,
31,Activity M,9.798182590890704
31,,
31,Activity J,9.980494888896912
31,,
31,Activity N,9.980494888896912
31,,
31,Activity F,10.268165387743457
32,,
32,Activity B,8.188966863648876
32,,
32,Activity D,9.287394001418473
32,,
32,Activity K,9.798182590890704
32,,
32,Activity M,9.798182590890704
32,,
32,Activity I,9.980494888896912
32,,
32,Activity N,9.980494888896912
32,,
32,Activity F,10.268165387743457
33,,
33,Activity B,8.188966863648876
33,,
33,Activity D,9.287394001418473
33,,
33,Activity G,9.798182590890704
33,,
33,Activity K,9.798182590890704
33,,
33,Activity I,9.980494888896912
33,,
33,Activity L,9.980494888896912
33,,
33,Activity F,10.268165387743457
34,,
34,Activity B,8.188966863648876
34,,
34,Activity D,9.287394001418473
34,,
34,Activity G,9.798182590890704
34,,
34,Activity K,9.798182590890704
34,,
34,Activity I,9.980494888896912
34,,
34,Activity L,9.980494888896912
34,,
34,Activity F,10.268165387743457
35,,
35,Activity B,8.188966863648876
35,,
35,Activity D,9.287394001418473
35,,
35,Activity K,9.798182590890704
35,,
35,Activity G,9.798182590890704
35,,
35,Activity N,9.980494888896912
35,,
35,Activity J,9.980494888896912
35,,
35,Activity F,10.268165387743457
36,,
36,Activity B,8.188966863648876
36,,
36,Activity D,9.287394001418473
36,,
36,Activity M,9.798182590890704
36,,
36,Activity K,9.798182590890704
36,,
36,Activity I,9.980494888896912
36,,
36,Activity L,9.980494888896912
36,,
36,Activity F,10.268165387743457
37,,
37,Activity B,8.188966863648876
37,,
37,Activity D,9.287394001418473
37,,
37,Activity K,9.798182590890704
37,,
37,Activity G,9.798182590890704
37,,
37,Activity N,9.980494888896912
37,,
37,Activity J,9.980494888896912
37,,
37,Activity F,10.268165387743457
38,,
38,Activity B,8.188966863648876
38,,
38,Activity D,9.287394001418473
38,,
38,Activity M,9.798182590890704
38,,
38,Activity G,9.798182590890704
38,,
38,Activity L,9.980494888896912
38,,
38,Activity J,9.980494888896912
38,,
38,Activity F,10.268165387743457
39,,
39,Activity B,8.188966863648876
39,,
39,Activity D,9.287394001418473
39,,
39,Activity M,9.798182590890704
39,,
39,Activity G,9.798182590890704
39,,
39,Activity L,9.980494888896912
39,,
39,Activity I,9.980494888896912
39,,
39,Activity F,10.268165387743457
40,,
40,Activity B,8.188966863648876
40,,
40,Activity D,9.287394001418473
40,,
40,Activity K,9.798182590890704
40,,
40,Activity M,9.798182590890704
40,,
40,Activity J,9.980494888896912
40,,
40,Activity N,9.980494888896912
40,,
40,Activity F,10.268165387743457
41,,
41,Activity B,8.188966863648876
41,,
41,Activity D,9.287394001418473
41,,
41,Activity M,9.798182590890704
41,,
41,Activity G,9.798182590890704
41,,
41,Activity L,9.980494888896912
41,,
41,Activity J,9.980494888896912
41,,
41,Activity F,10.268165387743457
42,,
42,Activity B,8.188966863648876
42,,
42,Activity D,9.287394001418473
42,,
42,Activity G,9.798182590890704
42,,
42,Activity K,9.798182590890704
42,,
42,Activity I,9.980494888896912
42,,
42,Activity L,9.980494888896912
42,,
42,Activity F,10.268165387743457
43,,
43,Activity B,8.188966863648876
43,,
43,Activity D,9.287394001418473
43,,
43,Activity G,9.798182590890704
43,,
43,Activity K,9.798182590890704
43,,
43,Activity I,9.980494888896912
43,,
43,Activity L,9.980494888896912
43,,
43,Activity F,10.268165387743457
44,,
44,Activity B,8.188966863648876
44,,
44,Activity D,9.287394001418473
44,,
44,Activity M,9.798182590890704
44,,
44,Activity G,9.798182590890704
44,,
44,Activity L,9.980494888896912
44,,
44,Activity I,9.980494888896912
44,,
44,Activity F,10.268165387743457
45,,
45,Activity B,8.188966863648876
45,,
45,Activity D,9.287394001418473
45,,
45,Activity M,9.798182590890704
45,,
45,Activity K,9.798182590890704
45,,
45,Activity I,9.980494888896912
45,,
45,Activity L,9.980494888896912
45,,
45,Activity F,10.268165387743457
46,,
46,Activity B,8.188966863648876
46,,
46,Activity D,9.287394001418473
46,,
46,Activity K,9.798182590890704
46,,
46,Activity G,9.798182590890704
46,,
46,Activity N,9.980494888896912
46,,
46,Activity J,9.980494888896912
46,,
46,Activity F,10.268165387743457
47,,
47,Activity B,8.188966863648876
47,,
47,Activity D,9.287394001418473
47,,
47,Activity M,9.798182590890704
47,,
47,Activity K,9.798182590890704
47,,
47,Activity J,9.980494888896912
47,,
47,Activity L,9.980494888896912
47,,
47,Activity F,10.268165387743457
48,,
48,Activity B,8.188966863648876
48,,
48,Activity D,9.287394001418473
48,,
48,Activity M,9.798182590890704
48,,
48,Activity K,9.798182590890704
48,,
48,Activity I,9.980494888896912
48,,
48,Activity L,9.980494888896912
48,,
48,Activity F,10.268165387743457
49,,
49,Activity B,8.188966863648876
49,,
49,Activity D,9.287394001418473
49,,
49,Activity M,9.798182590890704
49,,
49,Activity G,9.798182590890704
49,,
49,Activity L,9.980494888896912
49,,
49,Activity J,9.980494888896912
49,,
49,Activity F,10.268165387743457
50,,
50,Activity B,8.188966863648876
50,,
50,Activity D,9.287394001418473
50,,
50,Activity G,9.798182590890704
50,,
50,Activity K,9.798182590890704
50,,
50,Activity I,9.980494888896912
50,,
50,Activity L,9.980494888896912
50,,
50,Activity F,10.268165387743457
51,,
51,Activity B,8.188966863648876
51,,
51,Activity D,9.287394001418473
51,,
51,Activity M,9.798182590890704
51,,
51,Activity G,9.798182590890704
51,,
51,Activity L,9.980494888896912
51,,
51,Activity I,9.980494888896912
51,,
51,Activity F,10.268165387743457
52,,
52,Activity B,8.188966863648876
52,,
52,Activity D,9.287394001418473
52,,
52,Activity G,9.798182590890704
52,,
52,Activity K,9.798182590890704
52,,
52,Activity I,9.980494888896912
52,,
52,Activity L,9.980494888896912
52,,
52,Activity F,10.268165387743457
53,,
53,Activity B,8.188966863648876
53,,
53,Activity D,9.287394001418473
53,,
53,Activity G,9.798182590890704
53,,
53,Activity K,9.798182590890704
53,,
53,Activity I,9.980494888896912
53,,
53,Activity L,9.980494888896912
53,,
53,Activity F,10.268165387743457
54,,
54,Activity B,8.188966863648876
54,,
54,Activity D,9.287394001418473
54,,
54,Activity M,9.798182590890704
54,,
54,Activity G,9.798182590890704
54,,
54,Activity L,9.980494888896912
54,,
54,Activity J,9.980494888896912
54,,
54,Activity F,10.268165387743457
55,,
55,Activity B,8.188966863648876
55,,
55,Activity D,9.287394001418473
55,,
55,Activity M,9.798182590890704
55,,
55,Activity K,9.798182590890704
55,,
55,Activity J,9.980494888896912
55,,
55,Activity L,9.980494888896912
55,,
55,Activity F,10.268165387743457
56,,
56,Activity B,8.188966863648876
56,,
56,Activity D,9.287394001418473
56,,
56,Activity G,9.798182590890704
56,,
56,Activity K,9.798182590890704
56,,
56,Activity I,9.980494888896912
56,,
56,Activity L,9.980494888896912
56,,
56,Activity F,10.268165387743457
57,,
57,Activity B,8.188966863648876
57,,
57,Activity D,9.287394001418473
57,,
57,Activity K,9.798182590890704
57,,
57,Activity G,9.798182590890704
57,,
57,Activity N,9.980494888896912
57,,
57,Activity J,9.980494888896912
57,,
57,Activity F,10.268165387743457
58,,
58,Activity B,8.188966863648876
58,,
58,Activity D,9.287394001418473
58,,
58,Activity K,9.798182590890704
58,,
58,Activity G,9.798182590890704
58,,
58,Activity N,9.980494888896912
58,,
58,Activity J,9.980494888896912
58,,
58,Activity F,10.268165387743457
59,,
59,Activity B,8.188966863648876
59,,
59,Activity D,9.287394001418473
59,,
59,Activity M,9.798182590890704
59,,
59,Activity K,9.798182590890704
59,,
59,Activity I,9.980494888896912
59,,
59,Activity L,9.980494888896912
59,,
59,Activity F,10.268165387743457
60,,
60,Activity B,8.188966863648876
60,,
60,Activity D,9.287394001418473
60,,
60,Activity K,9.798182590890704
60,,
60,Activity G,9.798182590890704
60,,
60,Activity N,9.980494888896912
60,,
60,Activity J,9.980494888896912
60,,
60,Activity F,10.268165387743457
61,,
61,Activity B,8.188966863648876
61,,
61,Activity D,9.287394001418473
61,,
61,Activity M,9.798182590890704
61,,
61,Activity G,9.798182590890704
61,,
61,Activity L,9.980494888896912
61,,
61,Activity J,9.980494888896912
61,,
61,Activity F,10.268165387743457
62,,
62,Activity B,8.188966863648876
62,,
62,Activity D,9.287394001418473
62,,
62,Activity K,9.798182590890704
62,,
62,Activity G,9.798182590890704
62,,
62,Activity N,9.980494888896912
62,,
62,Activity J,9.980494888896912
62,,
62,Activity F,10.268165387743457
63,,
63,Activity B,8.188966863648876
63,,
63,Activity D,9.287394001418473
63,,
63,Activity K,9.798182590890704
63,,
63,Activity G,9.798182590890704
63,,
63,Activity N,9.980494888896912
63,,
63,Activity J,9.980494888896912
63,,
63,Activity F,10.268165387743457
64,,
64,Activity B,8.188966863648876
64,,
64,Activity D,9.287394001418473
64,,
64,Activity M,9.798182590890704
64,,
64,Activity K,9.798182590890704
64,,
64,Activity J,9.980494888896912
64,,
64,Activity L,9.980494888896912
64,,
64,Activity F,10.268165387743457
65,,
65,Activity B,8.188966863648876
65,,
65,Activity D,9.287394001418473
65,,
65,Activity K,9.798182590890704
65,,
65,Activity M,9.798182590890704
65,,
65,Activity I,9.980494888896912
65,,
65,Activity N,9.980494888896912
65,,
65,Activity F,10.268165387743457
66,,
66,Activity B,8.188966863648876
66,,
66,Activity D,9.287394001418473
66,,
66,Activity K,9.798182590890704
66,,
66,Activity M,9.798182590890704
66,,
66,Activity J,9.980494888896912
66,,
66,Activity N,9.980494888896912
66,,
66,Activity F,10.268165387743457
67,,
67,Activity B,8.188966863648876
67,,
67,Activity D,9.287394001418473
67,,
67,Activity K,9.798182590890704
67,,
67,Activity M,9.798182590890704
67,,
67,Activity I,9.980494888896912
67,,
67,Activity N,9.980494888896912
67,,
67,Activity F,10.268165387743457
68,,
68,Activity B,8.188966863648876
68,,
68,Activity D,9.287394001418473
68,,
68,Activity K,9.798182590890704
68,,
68,Activity M,9.798182590890704
68,,
68,Activity J,9.980494888896912
68,,
68,Activity N,9.980494888896912
68,,
68,Activity F,10.268165387743457
69,,
69,Activity B,8.188966863648876
69,,
69,Activity D,9.287394001418473
69,,
69,Activity M,9.798182590890704
69,,
69,Activity G,9.798182590890704
69,,
69,Activity L,9.980494888896912
69,,
69,Activity I,9.980494888896912
69,,
69,Activity F,10.268165387743457
70,,
70,Activity B,8.188966863648876
70,,
70,Activity D,9.287394001418473
70,,
70,Activity K,9.798182590890704
70,,
70,Activity G,9.798182590890704
70,,
70,Activity N,9.980494888896912
70,,
70,Activity J,9.980494888896912
70,,
70,Activity F,10.268165387743457
71,,
71,Activity B,8.188966863648876
71,,
71,Activity D,9.287394001418473
71,,
71,Activity K,9.798182590890704
71,,
71,Activity M,9.798182590890704
71,,
71,Activity I,9.980494888896912
71,,
71,Activity N,9.980494888896912
71,,
71,Activity F,10.268165387743457
72,,
72,Activity B,8.188966863648876
72,,
72,Activity D,9.287394001418473
72,,
72,Activity G,9.798182590890704
72,,
72,Activity K,9.798182590890704
72,,
72,Activity J,9.980494888896912
72,,
72,Activity L,9.980494888896912
72,,
72,Activity F,10.268165387743457
73,,
73,Activity B,8.188966863648876
73,,
73,Activity D,9.287394001418473
73,,
73,Activity K,9.798182590890704
73,,
73,Activity G,9.798182590890704
73,,
73,Activity N,9.980494888896912
73,,
73,Activity I,9.980494888896912
73,,
73,Activity F,10.268165387743457
74,,
74,Activity B,8.188966863648876
74,,
74,Activity D,9.287394001418473
74,,
74,Activity G,9.798182590890704
74,,
74,Activity K,9.798182590890704
74,,
74,Activity I,9.980494888896912
74,,
74,Activity L,9.980494888896912
74,,
74,Activity F,10.268165387743457
75,,
75,Activity B,8.188966863648876
75,,
75,Activity D,9.287394001418473
75,,
75,Activity K,9.798182590890704
75,,
75,Activity G,9.798182590890704
75,,
75,Activity N,9.980494888896912
75,,
75,Activity I,9.980494888896912
75,,
75,Activity F,10.268165387743457
76,,
76,Activity B,8.188966863648876
76,,
76,Activity D,9.287394001418473
76,,
76,Activity G,9.798182590890704
76,,
76,Activity M,9.798182590890704
76,,
76,Activity I,9.980494888896912
76,,
76,Activity N,9.980494888896912
76,,
76,Activity F,10.268165387743457
77,,
77,Activity B,8.188966863648876
77,,
77,Activity D,9.287394001418473
77,,
77,Activity M,9.798182590890704
77,,
77,Activity K,9.798182590890704
77,,
77,Activity J,9.980494888896912
77,,
77,Activity L,9.980494888896912
77,,
77,Activity F,10.268165387743457
78,,
78,Activity B,8.188966863648876
78,,
78,Activity D,9.287394001418473
78,,
78,Activity K,9.798182590890704
78,,
78,Activity M,9.798182590890704
78,,
78,Activity J,9.980494888896912
78,,
78,Activity N,9.980494888896912
78,,
78,Activity F,10.268165387743457
79,,
79,Activity B,8.188966863648876
79,,
79,Activity D,9.287394001418473
79,,
79,Activity M,9.798182590890704
79,,
79,Activity K,9.798182590890704
79,,
79,Activity J,9.980494888896912
79,,
79,Activity L,9.980494888896912
79,,
79,Activity F,10.268165387743457
80,,
80,Activity B,8.188966863648876
80,,
80,Activity D,9.287394001418473
80,,
80,Activity M,9.798182590890704
80,,
80,Activity K,9.798182590890704
80,,
80,Activity I,9.980494888896912
80,,
80,Activity L,9.980494888896912
80,,
80,Activity F,10.268165387743457
81,,
81,Activity B,8.188966863648876
81,,
81,Activity D,9.287394001418473
81,,
81,Activity G,9.798182590890704
81,,
81,Activity M,9.798182590890704
81,,
81,Activity J,9.980494888896912
81,,
81,Activity N,9.980494888896912
81,,
81,Activity F,10.268165387743457
82,,
82,Activity B,8.188966863648876
82,,
82,Activity D,9.287394001418473
82,,
82,Activity G,9.798182590890704
82,,
82,Activity K,9.798182590890704
82,,
82,Activity J,9.980494888896912
82,,
82,Activity L,9.980494888896912
82,,
82,Activity F,10.268165387743457
83,,
83,Activity B,8.188966863648876
83,,
83,Activity D,9.287394001418473
83,,
83,Activity M,9.798182590890704
83,,
83,Activity G,9.798182590890704
83,,
83,Activity L,9.980494888896912
83,,
83,Activity J,9.980494888896912
83,,
83,Activity F,10.268165387743457
84,,
84,Activity B,8.188966863648876
84,,
84,Activity D,9.287394001418473
84,,
84,Activity G,9.798182590890704
84,,
84,Activity K,9.798182590890704
84,,
84,Activity I,9.980494888896912
84,,
84,Activity L,9.980494888896912
84,,
84,Activity F,10.268165387743457
85,,
85,Activity B,8.188966863648876
85,,
85,Activity D,9.287394001418473
85,,
85,Activity G,9.798182590890704
85,,
85,Activity K,9.798182590890704
85,,
85,Activity I,9.980494888896912
85,,
85,Activity L,9.980494888896912
85,,
85,Activity F,10.268165387743457
86,,
86,Activity B,8.188966863648876
86,,
86,Activity D,9.287394001418473
86,,
86,Activity M,9.798182590890704
86,,
86,Activity K,9.798182590890704
86,,
86,Activity I,9.980494888896912
86,,
86,Activity L,9.980494888896912
86,,
86,Activity F,10.268165387743457
87,,
87,Activity B,8.188966863648876
87,,
87,Activity D,9.287394001418473
87,,
87,Activity M,9.798182590890704
87,,
87,Activity G,9.798182590890704
87,,
87,Activity L,9.980494888896912
87,,
87,Activity J,9.980494888896912
87,,
87,Activity F,10.268165387743457
88,,
88,Activity B,8.188966863648876
88,,
88,Activity D,9.287394001418473
88,,
88,Activity K,9.798182590890704
88,,
88,Activity M,9.798182590890704
88,,
88,Activity J,9.980494888896912
88,,
88,Activity N,9.980494888896912
88,,
88,Activity F,10.268165387743457
89,,
89,Activity B,8.188966863648876
89,,
89,Activity D,9.287394001418473
89,,
89,Activity G,9.798182590890704
89,,
89,Activity M,9.798182590890704
89,,
89,Activity J,9.980494888896912
89,,
89,Activity N,9.980494888896912
89,,
89,Activity F,10.268165387743457
90,,
90,Activity B,8.188966863648876
90,,
90,Activity D,9.287394001418473
90,,
90,Activity K,9.798182590890704
90,,
90,Activity M,9.798182590890704
90,,
90,Activity I,9.980494888896912
90,,
90,Activity N,9.980494888896912
90,,
90,Activity F,10.268165387743457
91,,
91,Activity B,8.188966863648876
91,,
91,Activity D,9.287394001418473
91,,
91,Activity G,9.798182590890704
91,,
91,Activity K,9.798182590890704
91,,
91,Activity I,9.980494888896912
91,,
91,Activity L,9.980494888896912
91,,
91,Activity F,10.268165387743457
92,,
92,Activity B,8.188966863648876
92,,
92,Activity D,9.287394001418473
92,,
92,Activity K,9.798182590890704
92,,
92,Activity M,9.798182590890704
92,,
92,Activity J,9.980494888896912
92,,
92,Activity N,9.980494888896912
92,,
92,Activity F,10.268165387743457
93,,
93,Activity B,8.188966863648876
93,,
93,Activity D,9.287394001418473
93,,
93,Activity G,9.798182590890704
93,,
93,Activity K,9.798182590890704
93,,
93,Activity J,9.980494888896912
93,,
93,Activity L,9.980494888896912
93,,
93,Activity F,10.268165387743457
94,,
94,Activity B,8.188966863648876
94,,
94,Activity D,9.287394001418473
94,,
94,Activity K,9.798182590890704
94,,
94,Activity M,9.798182590890704
94,,
94,Activity J,9.980494888896912
94,,
94,Activity N,9.980494888896912
94,,
94,Activity F,10.268165387743457
95,,
95,Activity B,8.188966863648876
95,,
95,Activity D,9.287394001418473
95,,
95,Activity K,9.798182590890704
95,,
95,Activity G,9.798182590890704
95,,
95,Activity N,9.980494888896912
95,,
95,Activity J,9.980494888896912
95,,
95,Activity F,10.268165387743457
96,,
96,Activity B,8.188966863648876
96,,
96,Activity D,9.287394001418473
96,,
96,Activity K,9.798182590890704
96,,
96,Activity M,9.798182590890704
96,,
96,Activity J,9.980494888896912
96,,
96,Activity N,9.980494888896912
96,,
96,Activity F,10.268165387743457
97,,
97,Activity B,8.188966863648876
97,,
97,Activity D,9.287394001418473
97,,
97,Activity G,9.798182590890704
97,,
97,Activity K,9.798182590890704
97,,
97,Activity I,9.980494888896912
97,,
97,Activity L,9.980494888896912
97,,
97,Activity F,10.268165387743457
98,,
98,Activity B,8.188966863648876
98,,
98,Activity D,9.287394001418473
98,,
98,Activity M,9.798182590890704
98,,
98,Activity G,9.798182590890704
98,,
98,Activity L,9.980494888896912
98,,
98,Activity J,9.980494888896912
98,,
98,Activity F,10.268165387743457
99,,
99,Activity B,8.188966863648876
99,,
99,Activity D,9.287394001418473
99,,
99,Activity K,9.798182590890704
99,,
99,Activity G,9.798182590890704
99,,
99,Activity N,9.980494888896912
99,,
99,Activity I,9.980494888896912
99,,
99,Activity F,10.268165387743457
100,,
100,Activity B,8.188966863648876
100,,
100,Activity D,9.287394001418473
100,,
100,Activity G,9.798182590890704
100,,
100,Activity M,9.798182590890704
100,,
100,Activity J,9.980494888896912
100,,
100,Activity N,9.980494888896912
100,,
100,Activity F,10.268165387743457
101,,
101,Activity B,8.188966863648876
101,,
101,Activity D,9.287394001418473
101,,
101,Activity K,9.798182590890704
101,,
101,Activity G,9.798182590890704
101,,
101,Activity N,9.980494888896912
101,,
101,Activity J,9.980494888896912
101,,
101,Activity F,10.268165387743457
102,,
102,Activity B,8.188966863648876
102,,
102,Activity D,9.287394001418473
102,,
102,Activity M,9.798182590890704
102,,
102,Activity K,9.798182590890704
102,,
102,Activity J,9.980494888896912
102,,
102,Activity L,9.980494888896912
102,,
102,Activity F,10.268165387743457
103,,
103,Activity B,8.188966863648876
103,,
103,Activity D,9.287394001418473
103,,
103,Activity K,9.798182590890704
103,,
103,Activity G,9.798182590890704
103,,
103,Activity N,9.980494888896912
103,,
103,Activity I,9.980494888896912
103,,
103,Activity F,10.268165387743457
104,,
104,Activity B,8.188966863648876
104,,
104,Activity D,9.287394001418473
104,,
104,Activity M,9.798182590890704
104,,
104,Activity K,9.798182590890704
104,,
104,Activity J,9.980494888896912
104,,
104,Activity L,9.980494888896912
104,,
104,Activity F,10.268165387743457
105,,
105,Activity B,8.188966863648876
105,,
105,Activity D,9.287394001418473
105,,
105,Activity M,9.798182590890704
105,,
105,Activity G,9.798182590890704
105,,
105,Activity L,9.980494888896912
105,,
105,Activity J,9.980494888896912
105,,
105,Activity F,10.268165387743457
106,,
106,Activity B,8.188966863648876
106,,
106,Activity D,9.287394001418473
106,,
106,Activity G,9.798182590890704
106,,
106,Activity M,9.798182590890704
106,,
106,Activity J,9.980494888896912
106,,
106,Activity N,9.980494888896912
106,,
106,Activity F,10.268165387743457
107,,
107,Activity B,8.188966863648876
107,,
107,Activity D,9.287394001418473
107,,
107,Activity K,9.798182590890704
107,,
107,Activity G,9.798182590890704
107,,
107,Activity N,9.980494888896912
107,,
107,Activity I,9.980494888896912
107,,
107,Activity F,10.268165387743457
108,,
108,Activity B,8.188966863648876
108,,
108,Activity D,9.287394001418473
108,,
108,Activity K,9.798182590890704
108,,
108,Activity M,9.798182590890704
108,,
108,Activity I,9.980494888896912
108,,
108,Activity N,9.980494888896912
108,,
108,Activity F,10.268165387743457
109,,
109,Activity B,8.188966863648876
109,,
109,Activity D,9.287394001418473
109,,
109,Activity G,9.798182590890704
109,,
109,Activity M,9.798182590890704
109,,
109,Activity J,9.980494888896912
109,,
109,Activity N,9.980494888896912
109,,
109,Activity F,10.268165387743457
110,,
110,Activity B,8.188966863648876
110,,
110,Activity D,9.287394001418473
110,,
110,Activity K,9.798182590890704
110,,
110,Activity M,9.798182590890704
110,,
110,Activity I,9.980494888896912
110,,
110,Activity N,9.980494888896912
110,,
110,Activity F,10.268165387743457
111,,
111,Activity B,8.188966863648876
111,,
111,Activity D,9.287394001418473
111,,
111,Activity M,9.798182590890704
111,,
111,Activity G,9.798182590890704
111,,
111,Activity L,9.980494888896912
111,,
111,Activity I,9.980494888896912
111,,
111,Activity F,10.268165387743457
112,,
112,Activity B,8.188966863648876
112,,
112,Activity D,9.287394001418473
112,,
112,Activity G,9.798182590890704
112,,
112,Activity K,9.798182590890704
112,,
112,Activity I,9.980494888896912
112,,
112,Activity L,9.980494888896912
112,,
112,Activity F,10.268165387743457
113,,
113,Activity B,8.188966863648876
113,,
113,Activity D,9.287394001418473
113,,
113,Activity K,9.798182590890704
113,,
113,Activity M,9.798182590890704
113,,
113,Activity J,9.980494888896912
113,,
113,Activity N,9.980494888896912
113,,
113,Activity F,10.268165387743457
114,,
114,Activity B,8.188966863648876
114,,
114,Activity D,9.287394001418473
114,,
114,Activity K,9.798182590890704
114,,
114,Activity G,9.798182590890704
114,,
114,Activity N,9.980494888896912
114,,
114,Activity J,9.980494888896912
114,,
114,Activity F,10.268165387743457
115,,
115,Activity B,8.188966863648876
115,,
115,Activity D,9.287394001418473
115,,
115,Activity K,9.798182590890704
115,,
115,Activity M,9.798182590890704
115,,
115,Activity J,9.980494888896912
115,,
115,Activity N,9.980494888896912
115,,
115,Activity F,10.268165387743457
116,,
116,Activity B,8.188966863648876
116,,
116,Activity D,9.287394001418473
116,,
116,Activity K,9.798182590890704
116,,
116,Activity G,9.798182590890704
116,,
116,Activity N,9.980494888896912
116,,
116,Activity I,9.980494888896912
116,,
116,Activity F,10.268165387743457
117,,
117,Activity B,8.188966863648876
117,,
117,Activity D,9.287394001418473
117,,
117,Activity K,9.798182590890704
117,,
117,Activity M,9.798182590890704
117,,
117,Activity J,9.980494888896912
117,,
117,Activity N,9.980494888896912
117,,
117,Activity F,10.268165387743457
118,,
118,Activity B,8.188966863648876
118,,
118,Activity D,9.287394001418473
118,,
118,Activity G,9.798182590890704
118,,
118,Activity K,9.798182590890704
118,,
118,Activity J,9.980494888896912
118,,
118,Activity L,9.980494888896912
118,,
118,Activity F,10.268165387743457
119,,
119,Activity B,8.188966863648876
119,,
119,Activity D,9.287394001418473
119,,
119,Activity K,9.798182590890704
119,,
119,Activity G,9.798182590890704
119,,
119,Activity N,9.980494888896912
119,,
119,Activity I,9.980494888896912
119,,
119,Activity F,10.268165387743457
120,,
120,Activity B,8.188966863648876
120,,
120,Activity D,9.287394001418473
120,,
120,Activity G,9.798182590890704
120,,
120,Activity K,9.798182590890704
120,,
120,Activity I,9.980494888896912
120,,
120,Activity L,9.980494888896912
120,,
120,Activity F,10.268165387743457
121,,
121,Activity B,8.188966863648876
121,,
121,Activity D,9.287394001418473
121,,
121,Activity M,9.798182590890704
121,,
121,Activity K,9.798182590890704
121,,
121,Activity J,9.980494888896912
121,,
121,Activity L,9.980494888896912
121,,
121,Activity F,10.268165387743457
122,,
122,Activity B,8.188966863648876
122,,
122,Activity D,9.287394001418473
122,,
122,Activity K,9.798182590890704
122,,
122,Activity M,9.798182590890704
122,,
122,Activity J,9.980494888896912
122,,
122,Activity N,9.980494888896912
122,,
122,Activity F,10.268165387743457
123,,
123,Activity B,8.188966863648876
123,,
123,Activity D,9.287394001418473
123,,
123,Activity M,9.798182590890704
123,,
123,Activity G,9.798182590890704
123,,
123,Activity L,9.980494888896912
123,,
123,Activity I,9.980494888896912
123,,
123,Activity F,10.268165387743457
124,,
124,Activity B,8.188966863648876
124,,
124,Activity D,9.287394001418473
124,,
124,Activity G,9.798182590890704
124,,
124,Activity K,9.798182590890704
124,,
124,Activity I,9.980494888896912
124,,
124,Activity L,9.980494888896912
124,,
124,Activity F,10.268165387743457
125,,
125,Activity B,8.188966863648876
125,,
125,Activity D,9.287394001418473
125,,
125,Activity G,9.798182590890704
125,,
125,Activity M,9.798182590890704
125,,
125,Activity I,9.980494888896912
125,,
125,Activity N,9.980494888896912
125,,
125,Activity F,10.268165387743457
126,,
126,Activity B,8.188966863648876
126,,
126,Activity D,9.287394001418473
126,,
126,Activity K,9.798182590890704
126,,
126,Activity M,9.798182590890704
126,,
126,Activity I,9.980494888896912
126,,
126,Activity N,9.980494888896912
126,,
126,Activity F,10.268165387743457
127,,
127,Activity B,8.188966863648876
127,,
127,Activity D,9.287394001418473
127,,
127,Activity M,9.798182590890704
127,,
127,Activity K,9.798182590890704
127,,
127,Activity I,9.980494888896912
127,,
127,Activity L,9.980494888896912
127,,
127,Activity F,10.268165387743457
128,,
128,Activity B,8.188966863648876
128,,
128,Activity D,9.287394001418473
128,,
128,Activity M,9.798182590890704
128,,
128,Activity K,9.798182590890704
128,,
128,Activity I,9.980494888896912
128,,
128,Activity L,9.980494888896912
128,,
128,Activity F,10.268165387743457
129,,
129,Activity B,8.188966863648876
129,,
129,Activity D,9.287394001418473
129,,
129,Activity K,9.798182590890704
129,,
129,Activity M,9.798182590890704
129,,
129,Activity I,9.980494888896912
129,,
129,Activity N,9.980494888896912
129,,
129,Activity F,10.268165387743457
130,,
130,Activity B,8.188966863648876
130,,
130,Activity D,9.287394001418473
130,,
130,Activity M,9.798182590890704
130,,
130,Activity G,9.798182590890704
130,,
130,Activity L,9.980494888896912
130,,
130,Activity J,9.980494888896912
130,,
130,Activity F,10.268165387743457
131,,
131,Activity B,8.188966863648876
131,,
131,Activity D,9.287394001418473
131,,
131,Activity K,9.798182590890704
131,,
131,Activity M,9.798182590890704
131,,
131,Activity I,9.980494888896912
131,,
131,Activity N,9.980494888896912
131,,
131,Activity F,10.268165387743457
132,,
132,Activity B,8.188966863648876
132,,
132,Activity D,9.287394001418473
132,,
132,Activity K,9.798182590890704
132,,
132,Activity M,9.798182590890704
132,,
132,Activity J,9.980494888896912
132,,
132,Activity N,9.980494888896912
132,,
132,Activity F,10.268165387743457
133,,
133,Activity B,8.188966863648876
133,,
133,Activity D,9.287394001418473
133,,
133,Activity G,9.798182590890704
133,,
133,Activity M,9.798182590890704
133,,
133,Activity J,9.980494888896912
133,,
133,Activity N,9.980494888896912
133,,
133,Activity F,10.268165387743457
134,,
134,Activity B,8.188966863648876
134,,
134,Activity D,9.287394001418473
134,,
134,Activity M,9.798182590890704
134,,
134,Activity G,9.798182590890704
134,,
134,Activity L,9.980494888896912
134,,
134,Activity I,9.980494888896912
134,,
134,Activity F,10.268165387743457
135,,
135,Activity B,8.188966863648876
135,,
135,Activity D,9.287394001418473
135,,
135,Activity M,9.798182590890704
135,,
135,Activity G,9.798182590890704
135,,
135,Activity L,9.980494888896912
135,,
135,Activity J,9.980494888896912
135,,
135,Activity F,10.268165387743457
136,,
136,Activity B,8.188966863648876
136,,
136,Activity D,9.287394001418473
136,,
136,Activity M,9.798182590890704
136,,
136,Activity K,9.798182590890704
136,,
136,Activity I,9.980494888896912
136,,
136,Activity L,9.980494888896912
136,,
136,Activity F,10.268165387743457
137,,
137,Activity B,8.188966863648876
137,,
137,Activity D,9.287394001418473
137,,
137,Activity M,9.798182590890704
137,,
137,Activity K,9.798182590890704
137,,
137,Activity I,9.980494888896912
137,,
137,Activity L,9.980494888896912
137,,
137,Activity F,10.268165387743457
138,,
138,Activity B,8.188966863648876
138,,
138,Activity D,9.287394001418473
138,,
138,Activity M,9.798182590890704
138,,
138,Activity K,9.798182590890704
138,,
138,Activity J,9.980494888896912
138,,
138,Activity L,9.980494888896912
138,,
138,Activity F,10.268165387743457
139,,
139,Activity B,8.188966863648876
139,,
139,Activity D,9.287394001418473
139,,
139,Activity K,9.798182590890704
139,,
139,Activity G,9.798182590890704
139,,
139,Activity N,9.980494888896912
139,,
139,Activity J,9.980494888896912
139,,
139,Activity F,10.268165387743457
140,,
140,Activity B,8.188966863648876
140,,
140,Activity D,9.287394001418473
140,,
140,Activity G,9.798182590890704
140,,
140,Activity K,9.798182590890704
140,,
140,Activity J,9.980494888896912
140,,
140,Activity L,9.980494888896912
140,,
140,Activity F,10.268165387743457
141,,
141,Activity B,8.188966863648876
141,,
141,Activity D,9.287394001418473
141,,
141,Activity K,9.798182590890704
141,,
141,Activity G,9.798182590890704
141,,
141,Activity N,9.980494888896912
141,,
141,Activity J,9.980494888896912
141,,
141,Activity F,10.268165387743457
142,,
142,Activity B,8.188966863648876
142,,
142,Activity D,9.287394001418473
142,,
142,Activity K,9.798182590890704
142,,
142,Activity M,9.798182590890704
142,,
142,Activity I,9.980494888896912
142,,
142,Activity N,9.980494888896912
142,,
142,Activity F,10.268165387743457
143,,
143,Activity B,8.188966863648876
143,,
143,Activity D,9.287394001418473
143,,
143,Activity G,9.798182590890704
143,,
143,Activity K,9.798182590890704
143,,
143,Activity J,9.980494888896912
143,,
143,Activity L,9.980494888896912
143,,
143,Activity F,10.268165387743457
144,,
144,Activity B,8.188966863648876
144,,
144,Activity D,9.287394001418473
144,,
144,Activity G,9.798182590890704
144,,
144,Activity M,9.798182590890704
144,,
144,Activity I,9.980494888896912
144,,
144,Activity N,9.980494888896912
144,,
144,Activity F,10.268165387743457
145,,
145,Activity B,8.188966863648876
145,,
145,Activity D,9.287394001418473
145,,
145,Activity K,9.798182590890704
145,,
145,Activity M,9.798182590890704
145,,
145,Activity J,9.980494888896912
145,,
145,Activity N,9.980494888896912
145,,
145,Activity F,10.268165387743457
146,,
146,Activity B,8.188966863648876
146,,
146,Activity D,9.287394001418473
146,,
146,Activity M,9.798182590890704
146,,
146,Activity K,9.798182590890704
146,,
146,Activity J,9.980494888896912
146,,
146,Activity L,9.980494888896912
146,,
146,Activity F,10.268165387743457
147,,
147,Activity B,8.188966863648876
147,,
147,Activity D,9.287394001418473
147,,
147,Activity K,9.798182590890704
147,,
147,Activity M,9.798182590890704
147,,
147,Activity J,9.980494888896912
147,,
147,Activity N,9.980494888896912
147,,
147,Activity F,10.268165387743457
148,,
148,Activity B,8.188966863648876
148,,
148,Activity D,9.287394001418473
148,,
148,Activity G,9.798182590890704
148,,
148,Activity K,9.798182590890704
148,,
148,Activity I,9.980494888896912
148,,
148,Activity L,9.980494888896912
148,,
148,Activity F,10.268165387743457
149,,
149,Activity B,8.188966863648876
149,,
149,Activity D,9.287394001418473
149,,
149,Activity K,9.798182590890704
149,,
149,Activity G,9.798182590890704
149,,
149,Activity N,9.980494888896912
149,,
149,Activity I,9.980494888896912
149,,
149,Activity F,10.268165387743457
150,,
150,Activity B,8.188966863648876
150,,
150,Activity D,9.287394001418473
150,,
150,Activity M,9.798182590890704
150,,
150,Activity G,9.798182590890704
150,,
150,Activity L,9.980494888896912
150,,
150,Activity I,9.980494888896912
150,,
150,Activity F,10.268165387743457
151,,
151,Activity B,8.188966863648876
151,,
151,Activity D,9.287394001418473
151,,
151,Activity G,9.798182590890704
151,,
151,Activity K,9.798182590890704
151,,
151,Activity J,9.980494888896912
151,,
151,Activity L,9.980494888896912
151,,
151,Activity F,10.268165387743457
152,,
152,Activity B,8.188966863648876
152,,
152,Activity D,9.287394001418473
152,,
152,Activity K,9.798182590890704
152,,
152,Activity G,9.798182590890704
152,,
152,Activity N,9.980494888896912
152,,
152,Activity I,9.980494888896912
152,,
152,Activity F,10.268165387743457
153,,
153,Activity B,8.188966863648876
153,,
153,Activity D,9.287394001418473
153,,
153,Activity G,9.798182590890704
153,,
153,Activity K,9.798182590890704
153,,
153,Activity I,9.980494888896912
153,,
153,Activity L,9.980494888896912
153,,
153,Activity F,10.268165387743457
154,,
154,Activity B,8.188966863648876
154,,
154,Activity D,9.287394001418473
154,,
154,Activity K,9.798182590890704
154,,
154,Activity G,9.798182590890704
154,,
154,Activity N,9.980494888896912
154,,
154,Activity I,9.980494888896912
154,,
154,Activity F,10.268165387743457
155,,
155,Activity B,8.188966863648876
155,,
155,Activity D,9.287394001418473
155,,
155,Activity G,9.798182590890704
155,,
155,Activity M,9.798182590890704
155,,
155,Activity I,9.980494888896912
155,,
155,Activity N,9.980494888896912
155,,
155,Activity F,10.268165387743457
156,,
156,Activity B,8.188966863648876
156,,
156,Activity D,9.287394001418473
156,,
156,Activity M,9.798182590890704
156,,
156,Activity K,9.798182590890704
156,,
156,Activity I,9.980494888896912
156,,
156,Activity L,9.980494888896912
156,,
156,Activity F,10.268165387743457
157,,
157,Activity B,8.188966863648876
157,,
157,Activity D,9.287394001418473
157,,
157,Activity K,9.798182590890704
157,,
157,Activity M,9.798182590890704
157,,
157,Activity I,9.980494888896912
157,,
157,Activity N,9.980494888896912
157,,
157,Activity F,10.268165387743457
158,,
158,Activity B,8.188966863648876
158,,
158,Activity D,9.287394001418473
158,,
158,Activity M,9.798182590890704
158,,
158,Activity G,9.798182590890704
158,,
158,Activity L,9.980494888896912
158,,
158,Activity J,9.980494888896912
158,,
158,Activity F,10.268165387743457
159,,
159,Activity B,8.188966863648876
159,,
159,Activity D,9.287394001418473
159,,
159,Activity M,9.798182590890704
159,,
159,Activity K,9.798182590890704
159,,
159,Activity I,9.980494888896912
159,,
159,Activity L,9.980494888896912
159,,
159,Activity F,10.268165387743457
160,,
160,Activity B,8.188966863648876
160,,
160,Activity D,9.287394001418473
160,,
160,Activity K,9.798182590890704
160,,
160,Activity M,9.798182590890704
160,,
160,Activity J,9.980494888896912
160,,
160,Activity N,9.980494888896912
160,,
160,Activity F,10.268165387743457
161,,
161,Activity B,8.188966863648876
161,,
161,Activity D,9.287394001418473
161,,
161,Activity K,9.798182590890704
161,,
161,Activity M,9.798182590890704
161,,
161,Activity J,9.980494888896912
161,,
161,Activity N,9.980494888896912
161,,
161,Activity F,10.268165387743457
162,,
162,Activity B,8.188966863648876
162,,
162,Activity D,9.287394001418473
162,,
162,Activity K,9.798182590890704
162,,
162,Activity G,9.798182590890704
162,,
162,Activity N,9.980494888896912
162,,
162,Activity J,9.980494888896912
162,,
162,Activity F,10.268165387743457
163,,
163,Activity B,8.188966863648876
163,,
163,Activity D,9.287394001418473
163,,
163,Activity K,9.798182590890704
163,,
163,Activity G,9.798182590890704
163,,
163,Activity N,9.980494888896912
163,,
163,Activity J,9.980494888896912
163,,
163,Activity F,10.268165387743457
164,,
164,Activity B,8.188966863648876
164,,
164,Activity D,9.287394001418473
164,,
164,Activity K,9.798182590890704
164,,
164,Activity G,9.798182590890704
164,,
164,Activity N,9.980494888896912
164,,
164,Activity J,9.980494888896912
164,,
164,Activity F,10.268165387743457
165,,
165,Activity B,8.188966863648876
165,,
165,Activity D,9.287394001418473
165,,
165,Activity M,9.798182590890704
165,,
165,Activity G,9.798182590890704
165,,
165,Activity L,9.980494888896912
165,,
165,Activity J,9.980494888896912
165,,
165,Activity F,10.268165387743457
166,,
166,Activity B,8.188966863648876
166,,
166,Activity D,9.287394001418473
166,,
166,Activity K,9.798182590890704
166,,
166,Activity G,9.798182590890704
166,,
166,Activity N,9.980494888896912
166,,
166,Activity I,9.980494888896912
166,,
166,Activity F,10.268165387743457
167,,
167,Activity B,8.188966863648876
167,,
167,Activity D,9.287394001418473
167,,
167,Activity K,9.798182590890704
167,,
167,Activity G,9.798182590890704
167,,
167,Activity N,9.980494888896912
167,,
167,Activity J,9.980494888896912
167,,
167,Activity F,10.268165387743457
168,,
168,Activity B,8.188966863648876
168,,
168,Activity D,9.287394001418473
168,,
168,Activity G,9.798182590890704
168,,
168,Activity K,9.798182590890704
168,,
168,Activity I,9.980494888896912
168,,
168,Activity L,9.980494888896912
168,,
168,Activity F,10.268165387743457
169,,
169,Activity B,8.188966863648876
169,,
169,Activity D,9.287394001418473
169,,
169,Activity K,9.798182590890704
169,,
169,Activity G,9.798182590890704
169,,
169,Activity N,9.980494888896912
169,,
169,Activity I,9.980494888896912
169,,
169,Activity F,10.268165387743457
170,,
170,Activity B,8.188966863648876
170,,
170,Activity D,9.287394001418473
170,,
170,Activity M,9.798182590890704
170,,
170,Activity K,9.798182590890704
170,,
170,Activity I,9.980494888896912
170,,
170,Activity L,9.980494888896912
170,,
170,Activity F,10.268165387743457
171,,
171,Activity B,8.188966863648876
171,,
171,Activity D,9.287394001418473
171,,
171,Activity K,9.798182590890704
171,,
171,Activity G,9.798182590890704
171,,
171,Activity N,9.980494888896912
171,,
171,Activity J,9.980494888896912
171,,
171,Activity F,10.268165387743457
172,,
172,Activity B,8.188966863648876
172,,
172,Activity D,9.287394001418473
172,,
172,Activity G,9.798182590890704
172,,
172,Activity M,9.798182590890704
172,,
172,Activity I,9.980494888896912
172,,
172,Activity N,9.980494888896912
172,,
172,Activity F,10.268165387743457
173,,
173,Activity B,8.188966863648876
173,,
173,Activity D,9.287394001418473
173,,
173,Activity K,9.798182590890704
173,,
173,Activity M,9.798182590890704
173,,
173,Activity I,9.980494888896912
173,,
173,Activity N,9.980494888896912
173,,
173,Activity F,10.268165387743457
174,,
174,Activity B,8.188966863648876
174,,
174,Activity D,9.287394001418473
174,,
174,Activity G,9.798182590890704
174,,
174,Activity K,9.798182590890704
174,,
174,Activity J,9.980494888896912
174,,
174,Activity L,9.980494888896912
174,,
174,Activity F,10.268165387743457
175,,
175,Activity B,8.188966863648876
175,,
175,Activity D,9.287394001418473
175,,
175,Activity M,9.798182590890704
175,,
175,Activity G,9.798182590890704
175,,
175,Activity L,9.980494888896912
175,,
175,Activity I,9.980494888896912
175,,
175,Activity F,10.268165387743457
176,,
176,Activity B,8.188966863648876
176,,
176,Activity D,9.287394001418473
176,,
176,Activity K,9.798182590890704
176,,
176,Activity G,9.798182590890704
176,,
176,Activity N,9.980494888896912
176,,
176,Activity J,9.980494888896912
176,,
176,Activity F,10.268165387743457
177,,
177,Activity B,8.188966863648876
177,,
177,Activity D,9.287394001418473
177,,
177,Activity G,9.798182590890704
177,,
177,Activity M,9.798182590890704
177,,
177,Activity I,9.980494888896912
177,,
177,Activity N,9.980494888896912
177,,
177,Activity F,10.268165387743457
178,,
178,Activity B,8.188966863648876
178,,
178,Activity D,9.287394001418473
178,,
178,Activity G,9.798182590890704
178,,
178,Activity M,9.798182590890704
178,,
178,Activity I,9.980494888896912
178,,
178,Activity N,9.980494888896912
178,,
178,Activity F,10.268165387743457
179,,
179,Activity B,8.188966863648876
179,,
179,Activity D,9.287394001418473
179,,
179,Activity G,9.798182590890704
179,,
179,Activity M,9.798182590890704
179,,
179,Activity J,9.980494888896912
179,,
179,Activity N,9.980494888896912
179,,
179,Activity F,10.268165387743457
180,,
180,Activity B,8.188966863648876
180,,
180,Activity D,9.287394001418473
180,,
180,Activity G,9.798182590890704
180,,
180,Activity M,9.798182590890704
180,,
180,Activity J,9.980494888896912
180,,
180,Activity N,9.980494888896912
180,,
180,Activity F,10.268165387743457
181,,
181,Activity B,8.188966863648876
181,,
181,Activity D,9.287394001418473
181,,
181,Activity K,9.798182590890704
181,,
181,Activity G,9.798182590890704
181,,
181,Activity N,9.980494888896912
181,,
181,Activity J,9.980494888896912
181,,
181,Activity F,10.268165387743457
182,,
182,Activity B,8.188966863648876
182,,
182,Activity D,9.287394001418473
182,,
182,Activity G,9.798182590890704
182,,
182,Activity K,9.798182590890704
182,,
182,Activity I,9.980494888896912
182,,
182,Activity L,9.980494888896912
182,,
182,Activity F,10.268165387743457
183,,
183,Activity B,8.188966863648876
183,,
183,Activity D,9.287394001418473
183,,
183,Activity M,9.798182590890704
183,,
183,Activity G,9.798182590890704
183,,
183,Activity L,9.980494888896912
183,,
183,Activity I,9.980494888896912
183,,
183,Activity F,10.268165387743457
184,,
184,Activity B,8.188966863648876
184,,
184,Activity D,9.287394001418473
184,,
184,Activity K,9.798182590890704
184,,
184,Activity M,9.798182590890704
184,,
184,Activity J,9.980494888896912
184,,
184,Activity N,9.980494888896912
184,,
184,Activity F,10.268165387743457
185,,
185,Activity B,8.188966863648876
185,,
185,Activity D,9.287394001418473
185,,
185,Activity K,9.798182590890704
185,,
185,Activity M,9.798182590890704
185,,
185,Activity J,9.980494888896912
185,,
185,Activity N,9.980494888896912
185,,
185,Activity F,10.268165387743457
186,,
186,Activity B,8.188966863648876
186,,
186,Activity D,9.287394001418473
186,,
186,Activity K,9.798182590890704
186,,
186,Activity M,9.798182590890704
186,,
186,Activity J,9.980494888896912
186,,
186,Activity N,9.980494888896912
186,,
186,Activity F,10.268165387743457
187,,
187,Activity B,8.188966863648876
187,,
187,Activity D,9.287394001418473
187,,
187,Activity G,9.798182590890704
187,,
187,Activity K,9.798182590890704
187,,
187,Activity I,9.980494888896912
187,,
187,Activity L,9.980494888896912
187,,
187,Activity F,10.268165387743457
188,,
188,Activity B,8.188966863648876
188,,
188,Activity D,9.287394001418473
188,,
188,Activity K,9.798182590890704
188,,
188,Activity G,9.798182590890704
188,,
188,Activity N,9.980494888896912
188,,
188,Activity I,9.980494888896912
188,,
188,Activity F,10.268165387743457
189,,
189,Activity B,8.188966863648876
189,,
189,Activity D,9.287394001418473
189,,
189,Activity K,9.798182590890704
189,,
189,Activity M,9.798182590890704
189,,
189,Activity J,9.980494888896912
189,,
189,Activity N,9.980494888896912
189,,
189,Activity F,10.268165387743457
190,,
190,Activity B,8.188966863648876
190,,
190,Activity D,9.287394001418473
190,,
190,Activity M,9.798182590890704
190,,
190,Activity G,9.798182590890704
190,,
190,Activity L,9.980494888896912
190,,
190,Activity I,9.980494888896912
190,,
190,Activity F,10.268165387743457
191,,
191,Activity B,8.188966863648876
191,,
191,Activity D,9.287394001418473
191,,
191,Activity K,9.798182590890704
191,,
191,Activity G,9.798182590890704
191,,
191,Activity N,9.980494888896912
191,,
191,Activity I,9.980494888896912
191,,
191,Activity F,10.268165387743457
192,,
192,Activity B,8.188966863648876
192,,
192,Activity D,9.287394001418473
192,,
192,Activity M,9.798182590890704
192,,
192,Activity G,9.798182590890704
192,,
192,Activity L,9.980494888896912
192,,
192,Activity I,9.980494888896912
192,,
192,Activity F,10.268165387743457
193,,
193,Activity B,8.188966863648876
193,,
193,Activity D,9.287394001418473
193,,
193,Activity G,9.798182590890704
193,,
193,Activity M,9.798182590890704
193,,
193,Activity I,9.980494888896912
193,,
193,Activity N,9.980494888896912
193,,
193,Activity F,10.268165387743457
194,,
194,Activity B,8.188966863648876
194,,
194,Activity D,9.287394001418473
194,,
194,Activity K,9.798182590890704
194,,
194,Activity M,9.798182590890704
194,,
194,Activity J,9.980494888896912
194,,
194,Activity N,9.980494888896912
194,,
194,Activity F,10.268165387743457
195,,
195,Activity B,8.188966863648876
195,,
195,Activity D,9.287394001418473
195,,
195,Activity K,9.798182590890704
195,,
195,Activity G,9.798182590890704
195,,
195,Activity N,9.980494888896912
195,,
195,Activity I,9.980494888896912
195,,
195,Activity F,10.268165387743457
196,,
196,Activity B,8.188966863648876
196,,
196,Activity D,9.287394001418473
196,,
196,Activity G,9.798182590890704
196,,
196,Activity K,9.798182590890704
196,,
196,Activity I,9.980494888896912
196,,
196,Activity L,9.980494888896912
196,,
196,Activity F,10.268165387743457
197,,
197,Activity B,8.188966863648876
197,,
197,Activity D,9.287394001418473
197,,
197,Activity M,9.798182590890704
197,,
197,Activity G,9.798182590890704
197,,
197,Activity L,9.980494888896912
197,,
197,Activity J,9.980494888896912
197,,
197,Activity F,10.268165387743457
198,,
198,Activity B,8.188966863648876
198,,
198,Activity D,9.287394001418473
198,,
198,Activity M,9.798182590890704
198,,
198,Activity K,9.798182590890704
198,,
198,Activity J,9.980494888896912
198,,
198,Activity L,9.980494888896912
198,,
198,Activity F,10.268165387743457
199,,
199,Activity B,8.188966863648876
199,,
199,Activity D,9.287394001418473
199,,
199,Activity G,9.798182590890704
199,,
199,Activity K,9.798182590890704
199,,
199,Activity J,9.980494888896912
199,,
199,Activity L,9.980494888896912
199,,
199,Activity F,10.268165387743457
200,,
200,Activity B,8.188966863648876
200,,
200,Activity D,9.287394001418473
200,,
200,Activity G,9.798182590890704
200,,
200,Activity K,9.798182590890704
200,,
200,Activity J,9.980494888896912
200,,
200,Activity L,9.980494888896912
200,,
200,Activity F,10.268165387743457
201,,
201,Activity B,8.188966863648876
201,,
201,Activity D,9.287394001418473
201,,
201,Activity G,9.798182590890704
201,,
201,Activity M,9.798182590890704
201,,
201,Activity I,9.980494888896912
201,,
201,Activity N,9.980494888896912
201,,
201,Activity F,10.268165387743457
202,,
202,Activity B,8.188966863648876
202,,
202,Activity D,9.287394001418473
202,,
202,Activity K,9.798182590890704
202,,
202,Activity M,9.798182590890704
202,,
202,Activity I,9.980494888896912
202,,
202,Activity N,9.980494888896912
202,,
202,Activity F,10.268165387743457
203,,
203,Activity B,8.188966863648876
203,,
203,Activity D,9.287394001418473
203,,
203,Activity G,9.798182590890704
203,,
203,Activity K,9.798182590890704
203,,
203,Activity J,9.980494888896912
203,,
203,Activity L,9.980494888896912
203,,
203,Activity F,10.268165387743457
204,,
204,Activity B,8.188966863648876
204,,
204,Activity D,9.287394001418473
204,,
204,Activity M,9.798182590890704
204,,
204,Activity G,9.798182590890704
204,,
204,Activity L,9.980494888896912
204,,
204,Activity I,9.980494888896912
204,,
204,Activity F,10.268165387743457
205,,
205,Activity B,8.188966863648876
205,,
205,Activity D,9.287394001418473
205,,
205,Activity M,9.798182590890704
205,,
205,Activity G,9.798182590890704
205,,
205,Activity L,9.980494888896912
205,,
205,Activity I,9.980494888896912
205,,
205,Activity F,10.268165387743457
206,,
206,Activity B,8.188966863648876
206,,
206,Activity D,9.287394001418473
206,,
206,Activity G,9.798182590890704
206,,
206,Activity K,9.798182590890704
206,,
206,Activity I,9.980494888896912
206,,
206,Activity L,9.980494888896912
206,,
206,Activity F,10.268165387743457
207,,
207,Activity B,8.188966863648876
207,,
207,Activity D,9.287394001418473
207,,
207,Activity G,9.798182590890704
207,,
207,Activity K,9.798182590890704
207,,
207,Activity J,9.980494888896912
207,,
207,Activity L,9.980494888896912
207,,
207,Activity F,10.268165387743457
208,,
208,Activity B,8.188966863648876
208,,
208,Activity D,9.287394001418473
208,,
208,Activity K,9.798182590890704
208,,
208,Activity M,9.798182590890704
208,,
208,Activity I,9.980494888896912
208,,
208,Activity N,9.980494888896912
208,,
208,Activity F,10.268165387743457
209,,
209,Activity B,8.188966863648876
209,,
209,Activity D,9.287394001418473
209,,
209,Activity M,9.798182590890704
209,,
209,Activity G,9.798182590890704
209,,
209,Activity L,9.980494888896912
209,,
209,Activity J,9.980494888896912
209,,
209,Activity F,10.268165387743457
210,,
210,Activity B,8.188966863648876
210,,
210,Activity D,9.287394001418473
210,,
210,Activity M,9.798182590890704
210,,
210,Activity G,9.798182590890704
210,,
210,Activity L,9.980494888896912
210,,
210,Activity I,9.980494888896912
210,,
210,Activity F,10.268165387743457
211,,
211,Activity B,8.188966863648876
211,,
211,Activity D,9.287394001418473
211,,
211,Activity G,9.798182590890704
211,,
211,Activity K,9.798182590890704
211,,
211,Activity J,9.980494888896912
211,,
211,Activity L,9.980494888896912
211,,
211,Activity F,10.268165387743457
212,,
212,Activity B,8.188966863648876
212,,
212,Activity D,9.287394001418473
212,,
212,Activity M,9.798182590890704
212,,
212,Activity K,9.798182590890704
212,,
212,Activity J,9.980494888896912
212,,
212,Activity L,9.980494888896912
212,,
212,Activity F,10.268165387743457
213,,
213,Activity B,8.188966863648876
213,,
213,Activity D,9.287394001418473
213,,
213,Activity M,9.798182590890704
213,,
213,Activity K,9.798182590890704
213,,
213,Activity I,9.980494888896912
213,,
213,Activity L,9.980494888896912
213,,
213,Activity F,10.268165387743457
214,,
214,Activity B,8.188966863648876
214,,
214,Activity D,9.287394001418473
214,,
214,Activity K,9.798182590890704
214,,
214,Activity G,9.798182590890704
214,,
214,Activity N,9.980494888896912
214,,
214,Activity J,9.980494888896912
214,,
214,Activity F,10.268165387743457
215,,
215,Activity B,8.188966863648876
215,,
215,Activity D,9.287394001418473
215,,
215,Activity M,9.798182590890704
215,,
215,Activity K,9.798182590890704
215,,
215,Activity J,9.980494888896912
215,,
215,Activity L,9.980494888896912
215,,
215,Activity F,10.268165387743457
216,,
216,Activity B,8.188966863648876
216,,
216,Activity D,9.287394001418473
216,,
216,Activity M,9.798182590890704
216,,
216,Activity K,9.798182590890704
216,,
216,Activity J,9.980494888896912
216,,
216,Activity L,9.980494888896912
216,,
216,Activity F,10.268165387743457
217,,
217,Activity B,8.188966863648876
217,,
217,Activity D,9.287394001418473
217,,
217,Activity K,9.798182590890704
217,,
217,Activity M,9.798182590890704
217,,
217,Activity I,9.980494888896912
217,,
217,Activity N,9.980494888896912
217,,
217,Activity F,10.268165387743457
218,,
218,Activity B,8.188966863648876
218,,
218,Activity D,9.287394001418473
218,,
218,Activity M,9.798182590890704
218,,
218,Activity G,9.798182590890704
218,,
218,Activity L,9.980494888896912
218,,
218,Activity J,9.980494888896912
218,,
218,Activity F,10.268165387743457
219,,
219,Activity B,8.188966863648876
219,,
219,Activity D,9.287394001418473
219,,
219,Activity M,9.798182590890704
219,,
219,Activity K,9.798182590890704
219,,
219,Activity I,9.980494888896912
219,,
219,Activity L,9.980494888896912
219,,
219,Activity F,10.268165387743457
220,,
220,Activity B,8.188966863648876
220,,
220,Activity D,9.287394001418473
220,,
220,Activity G,9.798182590890704
220,,
220,Activity K,9.798182590890704
220,,
220,Activity I,9.980494888896912
220,,
220,Activity L,9.980494888896912
220,,
220,Activity F,10.268165387743457
221,,
221,Activity B,8.188966863648876
221,,
221,Activity D,9.287394001418473
221,,
221,Activity M,9.798182590890704
221,,
221,Activity G,9.798182590890704
221,,
221,Activity L,9.980494888896912
221,,
221,Activity I,9.980494888896912
221,,
221,Activity F,10.268165387743457
222,,
222,Activity B,8.188966863648876
222,,
222,Activity D,9.287394001418473
222,,
222,Activity G,9.798182590890704
222,,
222,Activity K,9.798182590890704
222,,
222,Activity J,9.980494888896912
222,,
222,Activity L,9.980494888896912
222,,
222,Activity F,10.268165387743457
223,,
223,Activity B,8.188966863648876
223,,
223,Activity D,9.287394001418473
223,,
223,Activity K,9.798182590890704
223,,
223,Activity G,9.798182590890704
223,,
223,Activity N,9.980494888896912
223,,
223,Activity I,9.980494888896912
223,,
223,Activity F,10.268165387743457
224,,
224,Activity B,8.188966863648876
224,,
224,Activity D,9.287394001418473
224,,
224,Activity M,9.798182590890704
224,,
224,Activity G,9.798182590890704
224,,
224,Activity L,9.980494888896912
224,,
224,Activity J,9.980494888896912
224,,
224,Activity F,10.268165387743457
225,,
225,Activity B,8.188966863648876
225,,
225,Activity D,9.287394001418473
225,,
225,Activity K,9.798182590890704
225,,
225,Activity M,9.798182590890704
225,,
225,Activity I,9.980494888896912
225,,
225,Activity N,9.980494888896912
225,,
225,Activity F,10.268165387743457
226,,
226,Activity B,8.188966863648876
226,,
226,Activity D,9.287394001418473
226,,
226,Activity K,9.798182590890704
226,,
226,Activity M,9.798182590890704
226,,
226,Activity J,9.980494888896912
226,,
226,Activity N,9.980494888896912
226,,
226,Activity F,10.268165387743457
227,,
227,Activity B,8.188966863648876
227,,
227,Activity D,9.287394001418473
227,,
227,Activity M,9.798182590890704
227,,
227,Activity G,9.798182590890704
227,,
227,Activity L,9.980494888896912
227,,
227,Activity I,9.980494888896912
227,,
227,Activity F,10.268165387743457
228,,
228,Activity B,8.188966863648876
228,,
228,Activity D,9.287394001418473
228,,
228,Activity K,9.798182590890704
228,,
228,Activity M,9.798182590890704
228,,
228,Activity I,9.980494888896912
228,,
228,Activity N,9.980494888896912
228,,
228,Activity F,10.268165387743457
229,,
229,Activity B,8.188966863648876
229,,
229,Activity D,9.287394001418473
229,,
229,Activity K,9.798182590890704
229,,
229,Activity G,9.798182590890704
229,,
229,Activity N,9.980494888896912
229,,
229,Activity I,9.980494888896912
229,,
229,Activity F,10.268165387743457
230,,
230,Activity B,8.188966863648876
230,,
230,Activity D,9.287394001418473
230,,
230,Activity G,9.798182590890704
230,,
230,Activity K,9.798182590890704
230,,
230,Activity J,9.980494888896912
230,,
230,Activity L,9.980494888896912
230,,
230,Activity F,10.268165387743457
231,,
231,Activity B,8.188966863648876
231,,
231,Activity D,9.287394001418473
231,,
231,Activity G,9.798182590890704
231,,
231,Activity M,9.798182590890704
231,,
231,Activity J,9.980494888896912
231,,
231,Activity N,9.980494888896912
231,,
231,Activity F,10.268165387743457
232,,
232,Activity B,8.188966863648876
232,,
232,Activity D,9.287394001418473
232,,
232,Activity G,9.798182590890704
232,,
232,Activity M,9.798182590890704
232,,
232,Activity J,9.980494888896912
232,,
232,Activity N,9.980494888896912
232,,
232,Activity F,10.268165387743457
233,,
233,Activity B,8.188966863648876
233,,
233,Activity D,9.287394001418473
233,,
233,Activity M,9.798182590890704
233,,
233,Activity G,9.798182590890704
233,,
233,Activity L,9.980494888896912
233,,
233,Activity I,9.980494888896912
233,,
233,Activity F,10.268165387743457
234,,
234,Activity B,8.188966863648876
234,,
234,Activity D,9.287394001418473
234,,
234,Activity K,9.798182590890704
234,,
234,Activity G,9.798182590890704
234,,
234,Activity N,9.980494888896912
234,,
234,Activity J,9.980494888896912
234,,
234,Activity F,10.268165387743457
235,,
235,Activity B,8.188966863648876
235,,
235,Activity D,9.287394001418473
235,,
235,Activity M,9.798182590890704
235,,
235,Activity K,9.798182590890704
235,,
235,Activity I,9.980494888896912
235,,
235,Activity L,9.980494888896912
235,,
235,Activity F,10.268165387743457
236,,
236,Activity B,8.188966863648876
236,,
236,Activity D,9.287394001418473
236,,
236,Activity G,9.798182590890704
236,,
236,Activity K,9.798182590890704
236,,
236,Activity J,9.980494888896912
236,,
236,Activity L,9.980494888896912
236,,
236,Activity F,10.268165387743457
237,,
237,Activity B,8.188966863648876
237,,
237,Activity D,9.287394001418473
237,,
237,Activity M,9.798182590890704
237,,
237,Activity G,9.798182590890704
237,,
237,Activity L,9.980494888896912
237,,
237,Activity I,9.980494888896912
237,,
237,Activity F,10.268165387743457
238,,
238,Activity B,8.188966863648876
238,,
238,Activity D,9.287394001418473
238,,
238,Activity M,9.798182590890704
238,,
238,Activity G,9.798182590890704
238,,
238,Activity L,9.980494888896912
238,,
238,Activity I,9.980494888896912
238,,
238,Activity F,10.268165387743457
239,,
239,Activity B,8.188966863648876
239,,
239,Activity D,9.287394001418473
239,,
239,Activity G,9.798182590890704
239,,
239,Activity M,9.798182590890704
239,,
239,Activity J,9.980494888896912
239,,
239,Activity N,9.980494888896912
239,,
239,Activity F,10.268165387743457
240,,
240,Activity B,8.188966863648876
240,,
240,Activity D,9.287394001418473
240,,
240,Activity G,9.798182590890704
240,,
240,Activity M,9.798182590890704
240,,
240,Activity I,9.980494888896912
240,,
240,Activity N,9.980494888896912
240,,
240,Activity F,10.268165387743457
241,,
241,Activity B,8.188966863648876
241,,
241,Activity D,9.287394001418473
241,,
241,Activity K,9.798182590890704
241,,
241,Activity G,9.798182590890704
241,,
241,Activity N,9.980494888896912
241,,
241,Activity J,9.980494888896912
241,,
241,Activity F,10.268165387743457
242,,
242,Activity B,8.188966863648876
242,,
242,Activity D,9.287394001418473
242,,
242,Activity K,9.798182590890704
242,,
242,Activity M,9.798182590890704
242,,
242,Activity J,9.980494888896912
242,,
242,Activity N,9.980494888896912
242,,
242,Activity F,10.268165387743457
243,,
243,Activity B,8.188966863648876
243,,
243,Activity D,9.287394001418473
243,,
243,Activity G,9.798182590890704
243,,
243,Activity M,9.798182590890704
243,,
243,Activity J,9.980494888896912
243,,
243,Activity N,9.980494888896912
243,,
243,Activity F,10.268165387743457
244,,
244,Activity B,8.188966863648876
244,,
244,Activity D,9.287394001418473
244,,
244,Activity K,9.798182590890704
244,,
244,Activity G,9.798182590890704
244,,
244,Activity N,9.980494888896912
244,,
244,Activity J,9.980494888896912
244,,
244,Activity F,10.268165387743457
245,,
245,Activity B,8.188966863648876
245,,
245,Activity D,9.287394001418473
245,,
245,Activity M,9.798182590890704
245,,
245,Activity G,9.798182590890704
245,,
245,Activity L,9.980494888896912
245,,
245,Activity I,9.980494888896912
245,,
245,Activity F,10.268165387743457
246,,
246,Activity B,8.188966863648876
246,,
246,Activity D,9.287394001418473
246,,
246,Activity M,9.798182590890704
246,,
246,Activity G,9.798182590890704
246,,
246,Activity L,9.980494888896912
246,,
246,Activity I,9.980494888896912
246,,
246,Activity F,10.268165387743457
247,,
247,Activity B,8.188966863648876
247,,
247,Activity D,9.287394001418473
247,,
247,Activity K,9.798182590890704
247,,
247,Activity G,9.798182590890704
247,,
247,Activity N,9.980494888896912
247,,
247,Activity I,9.980494888896912
247,,
247,Activity F,10.268165387743457
248,,
248,Activity B,8.188966863648876
248,,
248,Activity D,9.287394001418473
248,,
248,Activity G,9.798182590890704
248,,
248,Activity M,9.798182590890704
248,,
248,Activity I,9.980494888896912
248,,
248,Activity N,9.980494888896912
248,,
248,Activity F,10.268165387743457
249,,
249,Activity B,8.188966863648876
249,,
249,Activity D,9.287394001418473
249,,
249,Activity K,9.798182590890704
249,,
249,Activity M,9.798182590890704
249,,
249,Activity J,9.980494888896912
249,,
249,Activity N,9.980494888896912
249,,
249,Activity F,10.268165387743457
250,,
250,Activity B,8.188966863648876
250,,
250,Activity D,9.287394001418473
250,,
250,Activity G,9.798182590890704
250,,
250,Activity K,9.798182590890704
250,,
250,Activity J,9.980494888896912
250,,
250,Activity L,9.980494888896912
250,,
250,Activity F,10.268165387743457
251,,
251,Activity B,8.188966863648876
251,,
251,Activity D,9.287394001418473
251,,
251,Activity G,9.798182590890704
251,,
251,Activity M,9.798182590890704
251,,
251,Activity I,9.980494888896912
251,,
251,Activity N,9.980494888896912
251,,
251,Activity F,10.268165387743457
252,,
252,Activity B,8.188966863648876
252,,
252,Activity D,9.287394001418473
252,,
252,Activity K,9.798182590890704
252,,
252,Activity G,9.798182590890704
252,,
252,Activity N,9.980494888896912
252,,
252,Activity J,9.980494888896912
252,,
252,Activity F,10.268165387743457
253,,
253,Activity B,8.188966863648876
253,,
253,Activity D,9.287394001418473
253,,
253,Activity M,9.798182590890704
253,,
253,Activity K,9.798182590890704
253,,
253,Activity I,9.980494888896912
253,,
253,Activity L,9.980494888896912
253,,
253,Activity F,10.268165387743457
254,,
254,Activity B,8.188966863648876
254,,
254,Activity D,9.287394001418473
254,,
254,Activity G,9.798182590890704
254,,
254,Activity M,9.798182590890704
254,,
254,Activity J,9.980494888896912
254,,
254,Activity N,9.980494888896912
254,,
254,Activity F,10.268165387743457
255,,
255,Activity B,8.188966863648876
255,,
255,Activity D,9.287394001418473
255,,
255,Activity K,9.798182590890704
255,,
255,Activity M,9.798182590890704
255,,
255,Activity J,9.980494888896912
255,,
255,Activity N,9.980494888896912
255,,
255,Activity F,10.268165387743457
256,,
256,Activity B,8.188966863648876
256,,
256,Activity D,9.287394001418473
256,,
256,Activity K,9.798182590890704
256,,
256,Activity M,9.798182590890704
256,,
256,Activity I,9.980494888896912
256,,
256,Activity N,9.980494888896912
256,,
256,Activity F,10.268165387743457
257,,
257,Activity B,8.188966863648876
257,,
257,Activity D,9.287394001418473
257,,
257,Activity G,9.798182590890704
257,,
257,Activity M,9.798182590890704
257,,
257,Activity J,9.980494888896912
257,,
257,Activity N,9.980494888896912
257,,
257,Activity F,10.268165387743457
258,,
258,Activity B,8.188966863648876
258,,
258,Activity D,9.287394001418473
258,,
258,Activity M,9.798182590890704
258,,
258,Activity G,9.798182590890704
258,,
258,Activity L,9.980494888896912
258,,
258,Activity I,9.980494888896912
258,,
258,Activity F,10.268165387743457
259,,
259,Activity B,8.188966863648876
259,,
259,Activity D,9.287394001418473
259,,
259,Activity G,9.798182590890704
259,,
259,Activity K,9.798182590890704
259,,
259,Activity I,9.980494888896912
259,,
259,Activity L,9.980494888896912
259,,
259,Activity F,10.268165387743457
260,,
260,Activity B,8.188966863648876
260,,
260,Activity D,9.287394001418473
260,,
260,Activity M,9.798182590890704
260,,
260,Activity K,9.798182590890704
260,,
260,Activity J,9.980494888896912
260,,
260,Activity L,9.980494888896912
260,,
260,Activity F,10.268165387743457
261,,
261,Activity B,8.188966863648876
261,,
261,Activity D,9.287394001418473
261,,
261,Activity G,9.798182590890704
261,,
261,Activity M,9.798182590890704
261,,
261,Activity I,9.980494888896912
261,,
261,Activity N,9.980494888896912
261,,
261,Activity F,10.268165387743457
262,,
262,Activity B,8.188966863648876
262,,
262,Activity D,9.287394001418473
262,,
262,Activity G,9.798182590890704
262,,
262,Activity M,9.798182590890704
262,,
262,Activity I,9.980494888896912
262,,
262,Activity N,9.980494888896912
262,,
262,Activity F,10.268165387743457
263,,
263,Activity B,8.188966863648876
263,,
263,Activity D,9.287394001418473
263,,
263,Activity G,9.798182590890704
263,,
263,Activity K,9.798182590890704
263,,
263,Activity I,9.980494888896912
263,,
263,Activity L,9.980494888896912
263,,
263,Activity F,10.268165387743457
264,,
264,Activity B,8.188966863648876
264,,
264,Activity D,9.287394001418473
264,,
264,Activity K,9.798182590890704
264,,
264,Activity M,9.798182590890704
264,,
264,Activity I,9.980494888896912
264,,
264,Activity N,9.980494888896912
264,,
264,Activity F,10.268165387743457
265,,
265,Activity B,8.188966863648876
265,,
265,Activity D,9.287394001418473
265,,
265,Activity M,9.798182590890704
265,,
265,Activity G,9.798182590890704
265,,
265,Activity L,9.980494888896912
265,,
265,Activity I,9.980494888896912
265,,
265,Activity F,10.268165387743457
266,,
266,Activity B,8.188966863648876
266,,
266,Activity D,9.287394001418473
266,,
266,Activity G,9.798182590890704
266,,
266,Activity M,9.798182590890704
266,,
266,Activity J,9.980494888896912
266,,
266,Activity N,9.980494888896912
266,,
266,Activity F,10.268165387743457
267,,
267,Activity B,8.188966863648876
267,,
267,Activity D,9.287394001418473
267,,
267,Activity K,9.798182590890704
267,,
267,Activity M,9.798182590890704
267,,
267,Activity I,9.980494888896912
267,,
267,Activity N,9.980494888896912
267,,
267,Activity F,10.268165387743457
268,,
268,Activity B,8.188966863648876
268,,
268,Activity D,9.287394001418473
268,,
268,Activity G,9.798182590890704
268,,
268,Activity K,9.798182590890704
268,,
268,Activity I,9.980494888896912
268,,
268,Activity L,9.980494888896912
268,,
268,Activity F,10.268165387743457
269,,
269,Activity B,8.188966863648876
269,,
269,Activity D,9.287394001418473
269,,
269,Activity G,9.798182590890704
269,,
269,Activity M,9.798182590890704
269,,
269,Activity J,9.980494888896912
269,,
269,Activity N,9.980494888896912
269,,
269,Activity F,10.268165387743457
270,,
270,Activity B,8.188966863648876
270,,
270,Activity D,9.287394001418473
270,,
270,Activity K,9.798182590890704
270,,
270,Activity M,9.798182590890704
270,,
270,Activity I,9.980494888896912
270,,
270,Activity N,9.980494888896912
270,,
270,Activity F,10.268165387743457
271,,
271,Activity B,8.188966863648876
271,,
271,Activity D,9.287394001418473
271,,
271,Activity G,9.798182590890704
271,,
271,Activity M,9.798182590890704
271,,
271,Activity I,9.980494888896912
271,,
271,Activity N,9.980494888896912
271,,
271,Activity F,10.268165387743457
272,,
272,Activity B,8.188966863648876
272,,
272,Activity D,9.287394001418473
272,,
272,Activity K,9.798182590890704
272,,
272,Activity G,9.798182590890704
272,,
272,Activity N,9.980494888896912
272,,
272,Activity J,9.980494888896912
272,,
272,Activity F,10.268165387743457
273,,
273,Activity B,8.188966863648876
273,,
273,Activity D,9.287394001418473
273,,
273,Activity K,9.798182590890704
273,,
273,Activity G,9.798182590890704
273,,
273,Activity N,9.980494888896912
273,,
273,Activity J,9.980494888896912
273,,
273,Activity F,10.268165387743457
274,,
274,Activity B,8.188966863648876
274,,
274,Activity D,9.287394001418473
274,,
274,Activity K,9.798182590890704
274,,
274,Activity G,9.798182590890704
274,,
274,Activity N,9.980494888896912
274,,
274,Activity I,9.980494888896912
274,,
274,Activity F,10.268165387743457
275,,
275,Activity B,8.188966863648876
275,,
275,Activity D,9.287394001418473
275,,
275,Activity M,9.798182590890704
275,,
275,Activity G,9.798182590890704
275,,
275,Activity L,9.980494888896912
275,,
275,Activity I,9.980494888896912
275,,
275,Activity F,10.268165387743457
276,,
276,Activity B,8.188966863648876
276,,
276,Activity D,9.287394001418473
276,,
276,Activity K,9.798182590890704
276,,
276,Activity M,9.798182590890704
276,,
276,Activity J,9.980494888896912
276,,
276,Activity N,9.980494888896912
276,,
276,Activity F,10.268165387743457
277,,
277,Activity B,8.188966863648876
277,,
277,Activity D,9.287394001418473
277,,
277,Activity M,9.798182590890704
277,,
277,Activity K,9.798182590890704
277,,
277,Activity J,9.980494888896912
277,,
277,Activity L,9.980494888896912
277,,
277,Activity F,10.268165387743457
278,,
278,Activity B,8.188966863648876
278,,
278,Activity D,9.287394001418473
278,,
278,Activity K,9.798182590890704
278,,
278,Activity G,9.798182590890704
278,,
278,Activity N,9.980494888896912
278,,
278,Activity J,9.980494888896912
278,,
278,Activity F,10.268165387743457
279,,
279,Activity B,8.188966863648876
279,,
279,Activity D,9.287394001418473
279,,
279,Activity K,9.798182590890704
279,,
279,Activity M,9.798182590890704
279,,
279,Activity J,9.980494888896912
279,,
279,Activity N,9.980494888896912
279,,
279,Activity F,10.268165387743457
280,,
280,Activity B,8.188966863648876
280,,
280,Activity D,9.287394001418473
280,,
280,Activity M,9.798182590890704
280,,
280,Activity G,9.798182590890704
280,,
280,Activity L,9.980494888896912
280,,
280,Activity I,9.980494888896912
280,,
280,Activity F,10.268165387743457
281,,
281,Activity B,8.188966863648876
281,,
281,Activity D,9.287394001418473
281,,
281,Activity K,9.798182590890704
281,,
281,Activity G,9.798182590890704
281,,
281,Activity N,9.980494888896912
281,,
281,Activity I,9.980494888896912
281,,
281,Activity F,10.268165387743457
282,,
282,Activity B,8.188966863648876
282,,
282,Activity D,9.287394001418473
282,,
282,Activity K,9.798182590890704
282,,
282,Activity M,9.798182590890704
282,,
282,Activity J,9.980494888896912
282,,
282,Activity N,9.980494888896912
282,,
282,Activity F,10.268165387743457
283,,
283,Activity B,8.188966863648876
283,,
283,Activity D,9.287394001418473
283,,
283,Activity G,9.798182590890704
283,,
283,Activity K,9.798182590890704
283,,
283,Activity J,9.980494888896912
283,,
283,Activity L,9.980494888896912
283,,
283,Activity F,10.268165387743457
284,,
284,Activity B,8.188966863648876
284,,
284,Activity D,9.287394001418473
284,,
284,Activity M,9.798182590890704
284,,
284,Activity G,9.798182590890704
284,,
284,Activity L,9.980494888896912
284,,
284,Activity J,9.980494888896912
284,,
284,Activity F,10.268165387743457
285,,
285,Activity B,8.188966863648876
285,,
285,Activity D,9.287394001418473
285,,
285,Activity G,9.798182590890704
285,,
285,Activity K,9.798182590890704
285,,
285,Activity J,9.980494888896912
285,,
285,Activity L,9.980494888896912
285,,
285,Activity F,10.268165387743457
286,,
286,Activity B,8.188966863648876
286,,
286,Activity D,9.287394001418473
286,,
286,Activity M,9.798182590890704
286,,
286,Activity K,9.798182590890704
286,,
286,Activity J,9.980494888896912
286,,
286,Activity L,9.980494888896912
286,,
286,Activity F,10.268165387743457
287,,
287,Activity B,8.188966863648876
287,,
287,Activity D,9.287394001418473
287,,
287,Activity G,9.798182590890704
287,,
287,Activity K,9.798182590890704
287,,
287,Activity J,9.980494888896912
287,,
287,Activity L,9.980494888896912
287,,
287,Activity F,10.268165387743457
288,,
288,Activity B,8.188966863648876
288,,
288,Activity D,9.287394001418473
288,,
288,Activity M,9.798182590890704
288,,
288,Activity K,9.798182590890704
288,,
288,Activity I,9.980494888896912
288,,
288,Activity L,9.980494888896912
288,,
288,Activity F,10.268165387743457
289,,
289,Activity B,8.188966863648876
289,,
289,Activity D,9.287394001418473
289,,
289,Activity G,9.798182590890704
289,,
289,Activity M,9.798182590890704
289,,
289,Activity J,9.980494888896912
289,,
289,Activity N,9.980494888896912
289,,
289,Activity F,10.268165387743457
290,,
290,Activity B,8.188966863648876
290,,
290,Activity D,9.287394001418473
290,,
290,Activity G,9.798182590890704
290,,
290,Activity M,9.798182590890704
290,,
290,Activity J,9.980494888896912
290,,
290,Activity N,9.980494888896912
290,,
290,Activity F,10.268165387743457
291,,
291,Activity B,8.188966863648876
291,,
291,Activity D,9.287394001418473
291,,
291,Activity G,9.798182590890704
291,,
291,Activity M,9.798182590890704
291,,
291,Activity J,9.980494888896912
291,,
291,Activity N,9.980494888896912
291,,
291,Activity F,10.268165387743457
292,,
292,Activity B,8.188966863648876
292,,
292,Activity D,9.287394001418473
292,,
292,Activity K,9.798182590890704
292,,
292,Activity G,9.798182590890704
292,,
292,Activity N,9.980494888896912
292,,
292,Activity J,9.980494888896912
292,,
292,Activity F,10.268165387743457
293,,
293,Activity B,8.188966863648876
293,,
293,Activity D,9.287394001418473
293,,
293,Activity K,9.798182590890704
293,,
293,Activity G,9.798182590890704
293,,
293,Activity N,9.980494888896912
293,,
293,Activity J,9.980494888896912
293,,
293,Activity F,10.268165387743457
294,,
294,Activity B,8.188966863648876
294,,
294,Activity D,9.287394001418473
294,,
294,Activity K,9.798182590890704
294,,
294,Activity G,9.798182590890704
294,,
294,Activity N,9.980494888896912
294,,
294,Activity I,9.980494888896912
294,,
294,Activity F,10.268165387743457
295,,
295,Activity B,8.188966863648876
295,,
295,Activity D,9.287394001418473
295,,
295,Activity G,9.798182590890704
295,,
295,Activity M,9.798182590890704
295,,
295,Activity I,9.980494888896912
295,,
295,Activity N,9.980494888896912
295,,
295,Activity F,10.268165387743457
296,,
296,Activity B,8.188966863648876
296,,
296,Activity D,9.287394001418473
296,,
296,Activity G,9.798182590890704
296,,
296,Activity M,9.798182590890704
296,,
296,Activity I,9.980494888896912
296,,
296,Activity N,9.980494888896912
296,,
296,Activity F,10.268165387743457
297,,
297,Activity B,8.188966863648876
297,,
297,Activity D,9.287394001418473
297,,
297,Activity G,9.798182590890704
297,,
297,Activity M,9.798182590890704
297,,
297,Activity J,9.980494888896912
297,,
297,Activity N,9.980494888896912
297,,
297,Activity F,10.268165387743457
298,,
298,Activity B,8.188966863648876
298,,
298,Activity D,9.287394001418473
298,,
298,Activity M,9.798182590890704
298,,
298,Activity G,9.798182590890704
298,,
298,Activity L,9.980494888896912
298,,
298,Activity I,9.980494888896912
298,,
298,Activity F,10.268165387743457
299,,
299,Activity B,8.188966863648876
299,,
299,Activity D,9.287394001418473
299,,
299,Activity M,9.798182590890704
299,,
299,Activity G,9.798182590890704
299,,
299,Activity L,9.980494888896912
299,,
299,Activity I,9.980494888896912
299,,
299,Activity F,10.268165387743457
300,,
300,Activity B,8.188966863648876
300,,
300,Activity D,9.287394001418473
300,,
300,Activity G,9.798182590890704
300,,
300,Activity K,9.798182590890704
300,,
300,Activity J,9.980494888896912
300,,
300,Activity L,9.980494888896912
300,,
300,Activity F,10.268165387743457
301,,
301,Activity B,8.188966863648876
301,,
301,Activity D,9.287394001418473
301,,
301,Activity K,9.798182590890704
301,,
301,Activity M,9.798182590890704
301,,
301,Activity J,9.980494888896912
301,,
301,Activity N,9.980494888896912
301,,
301,Activity F,10.268165387743457
302,,
302,Activity B,8.188966863648876
302,,
302,Activity D,9.287394001418473
302,,
302,Activity M,9.798182590890704
302,,
302,Activity G,9.798182590890704
302,,
302,Activity L,9.980494888896912
302,,
302,Activity J,9.980494888896912
302,,
302,Activity F,10.268165387743457
303,,
303,Activity B,8.188966863648876
303,,
303,Activity D,9.287394001418473
303,,
303,Activity M,9.798182590890704
303,,
303,Activity G,9.798182590890704
303,,
303,Activity L,9.980494888896912
303,,
303,Activity J,9.980494888896912
303,,
303,Activity F,10.268165387743457
304,,
304,Activity B,8.188966863648876
304,,
304,Activity D,9.287394001418473
304,,
304,Activity G,9.798182590890704
304,,
304,Activity M,9.798182590890704
304,,
304,Activity I,9.980494888896912
304,,
304,Activity N,9.980494888896912
304,,
304,Activity F,10.268165387743457
305,,
305,Activity B,8.188966863648876
305,,
305,Activity D,9.287394001418473
305,,
305,Activity G,9.798182590890704
305,,
305,Activity K,9.798182590890704
305,,
305,Activity J,9.980494888896912
305,,
305,Activity L,9.980494888896912
305,,
305,Activity F,10.268165387743457
306,,
306,Activity B,8.188966863648876
306,,
306,Activity D,9.287394001418473
306,,
306,Activity M,9.798182590890704
306,,
306,Activity K,9.798182590890704
306,,
306,Activity I,9.980494888896912
306,,
306,Activity L,9.980494888896912
306,,
306,Activity F,10.268165387743457
307,,
307,Activity B,8.188966863648876
307,,
307,Activity D,9.287394001418473
307,,
307,Activity M,9.798182590890704
307,,
307,Activity G,9.798182590890704
307,,
307,Activity L,9.980494888896912
307,,
307,Activity J,9.980494888896912
307,,
307,Activity F,10.268165387743457
308,,
308,Activity B,8.188966863648876
308,,
308,Activity D,9.287394001418473
308,,
308,Activity K,9.798182590890704
308,,
308,Activity M,9.798182590890704
308,,
308,Activity J,9.980494888896912
308,,
308,Activity N,9.980494888896912
308,,
308,Activity F,10.268165387743457
309,,
309,Activity B,8.188966863648876
309,,
309,Activity D,9.287394001418473
309,,
309,Activity G,9.798182590890704
309,,
309,Activity K,9.798182590890704
309,,
309,Activity I,9.980494888896912
309,,
309,Activity L,9.980494888896912
309,,
309,Activity F,10.268165387743457
310,,
310,Activity B,8.188966863648876
310,,
310,Activity D,9.287394001418473
310,,
310,Activity M,9.798182590890704
310,,
310,Activity K,9.798182590890704
310,,
310,Activity J,9.980494888896912
310,,
310,Activity L,9.980494888896912
310,,
310,Activity F,10.268165387743457
311,,
311,Activity B,8.188966863648876
311,,
311,Activity D,9.287394001418473
311,,
311,Activity G,9.798182590890704
311,,
311,Activity K,9.798182590890704
311,,
311,Activity I,9.980494888896912
311,,
311,Activity L,9.980494888896912
311,,
311,Activity F,10.268165387743457
312,,
312,Activity B,8.188966863648876
312,,
312,Activity D,9.287394001418473
312,,
312,Activity G,9.798182590890704
312,,
312,Activity K,9.798182590890704
312,,
312,Activity I,9.980494888896912
312,,
312,Activity L,9.980494888896912
312,,
312,Activity F,10.268165387743457
313,,
313,Activity B,8.188966863648876
313,,
313,Activity D,9.287394001418473
313,,
313,Activity K,9.798182590890704
313,,
313,Activity M,9.798182590890704
313,,
313,Activity I,9.980494888896912
313,,
313,Activity N,9.980494888896912
313,,
313,Activity F,10.268165387743457
314,,
314,Activity B,8.188966863648876
314,,
314,Activity D,9.287394001418473
314,,
314,Activity G,9.798182590890704
314,,
314,Activity M,9.798182590890704
314,,
314,Activity J,9.980494888896912
314,,
314,Activity N,9.980494888896912
314,,
314,Activity F,10.268165387743457
315,,
315,Activity B,8.188966863648876
315,,
315,Activity D,9.287394001418473
315,,
315,Activity K,9.798182590890704
315,,
315,Activity M,9.798182590890704
315,,
315,Activity I,9.980494888896912
315,,
315,Activity N,9.980494888896912
315,,
315,Activity F,10.268165387743457
316,,
316,Activity B,8.188966863648876
316,,
316,Activity D,9.287394001418473
316,,
316,Activity M,9.798182590890704
316,,
316,Activity G,9.798182590890704
316,,
316,Activity L,9.980494888896912
316,,
316,Activity I,9.980494888896912
316,,
316,Activity F,10.268165387743457
317,,
317,Activity B,8.188966863648876
317,,
317,Activity D,9.287394001418473
317,,
317,Activity K,9.798182590890704
317,,
317,Activity M,9.798182590890704
317,,
317,Activity J,9.980494888896912
317,,
317,Activity N,9.980494888896912
317,,
317,Activity F,10.268165387743457
318,,
318,Activity B,8.188966863648876
318,,
318,Activity D,9.287394001418473
318,,
318,Activity G,9.798182590890704
318,,
318,Activity M,9.798182590890704
318,,
318,Activity J,9.980494888896912
318,,
318,Activity N,9.980494888896912
318,,
318,Activity F,10.268165387743457
319,,
319,Activity B,8.188966863648876
319,,
319,Activity D,9.287394001418473
319,,
319,Activity M,9.798182590890704
319,,
319,Activity G,9.798182590890704
319,,
319,Activity L,9.980494888896912
319,,
319,Activity J,9.980494888896912
319,,
319,Activity F,10.268165387743457
320,,
320,Activity B,8.188966863648876
320,,
320,Activity D,9.287394001418473
320,,
320,Activity M,9.798182590890704
320,,
320,Activity G,9.798182590890704
320,,
320,Activity L,9.980494888896912
320,,
320,Activity I,9.980494888896912
320,,
320,Activity F,10.268165387743457
321,,
321,Activity B,8.188966863648876
321,,
321,Activity D,9.287394001418473
321,,
321,Activity G,9.798182590890704
321,,
321,Activity K,9.798182590890704
321,,
321,Activity I,9.980494888896912
321,,
321,Activity L,9.980494888896912
321,,
321,Activity F,10.268165387743457
322,,
322,Activity B,8.188966863648876
322,,
322,Activity D,9.287394001418473
322,,
322,Activity M,9.798182590890704
322,,
322,Activity G,9.798182590890704
322,,
322,Activity L,9.980494888896912
322,,
322,Activity J,9.980494888896912
322,,
322,Activity F,10.268165387743457
323,,
323,Activity B,8.188966863648876
323,,
323,Activity D,9.287394001418473
323,,
323,Activity M,9.798182590890704
323,,
323,Activity G,9.798182590890704
323,,
323,Activity L,9.980494888896912
323,,
323,Activity J,9.980494888896912
323,,
323,Activity F,10.268165387743457
324,,
324,Activity B,8.188966863648876
324,,
324,Activity D,9.287394001418473
324,,
324,Activity G,9.798182590890704
324,,
324,Activity M,9.798182590890704
324,,
324,Activity J,9.980494888896912
324,,
324,Activity N,9.980494888896912
324,,
324,Activity F,10.268165387743457
325,,
325,Activity B,8.188966863648876
325,,
325,Activity D,9.287394001418473
325,,
325,Activity M,9.798182590890704
325,,
325,Activity K,9.798182590890704
325,,
325,Activity J,9.980494888896912
325,,
325,Activity L,9.980494888896912
325,,
325,Activity F,10.268165387743457
326,,
326,Activity B,8.188966863648876
326,,
326,Activity D,9.287394001418473
326,,
326,Activity M,9.798182590890704
326,,
326,Activity G,9.798182590890704
326,,
326,Activity L,9.980494888896912
326,,
326,Activity I,9.980494888896912
326,,
326,Activity F,10.268165387743457
327,,
327,Activity B,8.188966863648876
327,,
327,Activity D,9.287394001418473
327,,
327,Activity G,9.798182590890704
327,,
327,Activity K,9.798182590890704
327,,
327,Activity J,9.980494888896912
327,,
327,Activity L,9.980494888896912
327,,
327,Activity F,10.268165387743457
328,,
328,Activity B,8.188966863648876
328,,
328,Activity D,9.287394001418473
328,,
328,Activity M,9.798182590890704
328,,
328,Activity K,9.798182590890704
328,,
328,Activity I,9.980494888896912
328,,
328,Activity L,9.980494888896912
328,,
328,Activity F,10.268165387743457
329,,
329,Activity B,8.188966863648876
329,,
329,Activity D,9.287394001418473
329,,
329,Activity M,9.798182590890704
329,,
329,Activity G,9.798182590890704
329,,
329,Activity L,9.980494888896912
329,,
329,Activity I,9.980494888896912
329,,
329,Activity F,10.268165387743457
330,,
330,Activity B,8.188966863648876
330,,
330,Activity D,9.287394001418473
330,,
330,Activity K,9.798182590890704
330,,
330,Activity G,9.798182590890704
330,,
330,Activity N,9.980494888896912
330,,
330,Activity J,9.980494888896912
330,,
330,Activity F,10.268165387743457
331,,
331,Activity B,8.188966863648876
331,,
331,Activity D,9.287394001418473
331,,
331,Activity K,9.798182590890704
331,,
331,Activity G,9.798182590890704
331,,
331,Activity N,9.980494888896912
331,,
331,Activity I,9.980494888896912
331,,
331,Activity F,10.268165387743457
332,,
332,Activity B,8.188966863648876
332,,
332,Activity D,9.287394001418473
332,,
332,Activity K,9.798182590890704
332,,
332,Activity M,9.798182590890704
332,,
332,Activity I,9.980494888896912
332,,
332,Activity N,9.980494888896912
332,,
332,Activity F,10.268165387743457
333,,
333,Activity B,8.188966863648876
333,,
333,Activity D,9.287394001418473
333,,
333,Activity K,9.798182590890704
333,,
333,Activity M,9.798182590890704
333,,
333,Activity I,9.980494888896912
333,,
333,Activity N,9.980494888896912
333,,
333,Activity F,10.268165387743457
334,,
334,Activity B,8.188966863648876
334,,
334,Activity D,9.287394001418473
334,,
334,Activity K,9.798182590890704
334,,
334,Activity M,9.798182590890704
334,,
334,Activity I,9.980494888896912
334,,
334,Activity N,9.980494888896912
334,,
334,Activity F,10.268165387743457
335,,
335,Activity B,8.188966863648876
335,,
335,Activity D,9.287394001418473
335,,
335,Activity K,9.798182590890704
335,,
335,Activity M,9.798182590890704
335,,
335,Activity I,9.980494888896912
335,,
335,Activity N,9.980494888896912
335,,
335,Activity F,10.268165387743457
336,,
336,Activity B,8.188966863648876
336,,
336,Activity D,9.287394001418473
336,,
336,Activity K,9.798182590890704
336,,
336,Activity G,9.798182590890704
336,,
336,Activity N,9.980494888896912
336,,
336,Activity J,9.980494888896912
336,,
336,Activity F,10.268165387743457
337,,
337,Activity B,8.188966863648876
337,,
337,Activity D,9.287394001418473
337,,
337,Activity K,9.798182590890704
337,,
337,Activity G,9.798182590890704
337,,
337,Activity N,9.980494888896912
337,,
337,Activity I,9.980494888896912
337,,
337,Activity F,10.268165387743457
338,,
338,Activity B,8.188966863648876
338,,
338,Activity D,9.287394001418473
338,,
338,Activity M,9.798182590890704
338,,
338,Activity K,9.798182590890704
338,,
338,Activity I,9.980494888896912
338,,
338,Activity L,9.980494888896912
338,,
338,Activity F,10.268165387743457
339,,
339,Activity B,8.188966863648876
339,,
339,Activity D,9.287394001418473
339,,
339,Activity G,9.798182590890704
339,,
339,Activity K,9.798182590890704
339,,
339,Activity J,9.980494888896912
339,,
339,Activity L,9.980494888896912
339,,
339,Activity F,10.268165387743457
340,,
340,Activity B,8.188966863648876
340,,
340,Activity D,9.287394001418473
340,,
340,Activity K,9.798182590890704
340,,
340,Activity G,9.798182590890704
340,,
340,Activity N,9.980494888896912
340,,
340,Activity I,9.980494888896912
340,,
340,Activity F,10.268165387743457
341,,
341,Activity B,8.188966863648876
341,,
341,Activity D,9.287394001418473
341,,
341,Activity K,9.798182590890704
341,,
341,Activity M,9.798182590890704
341,,
341,Activity J,9.980494888896912
341,,
341,Activity N,9.980494888896912
341,,
341,Activity F,10.268165387743457
342,,
342,Activity B,8.188966863648876
342,,
342,Activity D,9.287394001418473
342,,
342,Activity M,9.798182590890704
342,,
342,Activity K,9.798182590890704
342,,
342,Activity J,9.980494888896912
342,,
342,Activity L,9.980494888896912
342,,
342,Activity F,10.268165387743457
343,,
343,Activity B,8.188966863648876
343,,
343,Activity D,9.287394001418473
343,,
343,Activity M,9.798182590890704
343,,
343,Activity G,9.798182590890704
343,,
343,Activity L,9.980494888896912
343,,
343,Activity J,9.980494888896912
343,,
343,Activity F,10.268165387743457
344,,
344,Activity B,8.188966863648876
344,,
344,Activity D,9.287394001418473
344,,
344,Activity M,9.798182590890704
344,,
344,Activity G,9.798182590890704
344,,
344,Activity L,9.980494888896912
344,,
344,Activity I,9.980494888896912
344,,
344,Activity F,10.268165387743457
345,,
345,Activity B,8.188966863648876
345,,
345,Activity D,9.287394001418473
345,,
345,Activity M,9.798182590890704
345,,
345,Activity K,9.798182590890704
345,,
345,Activity J,9.980494888896912
345,,
345,Activity L,9.980494888896912
345,,
345,Activity F,10.268165387743457
346,,
346,Activity B,8.188966863648876
346,,
346,Activity D,9.287394001418473
346,,
346,Activity M,9.798182590890704
346,,
346,Activity G,9.798182590890704
346,,
346,Activity L,9.980494888896912
346,,
346,Activity I,9.980494888896912
346,,
346,Activity F,10.268165387743457
347,,
347,Activity B,8.188966863648876
347,,
347,Activity D,9.287394001418473
347,,
347,Activity M,9.798182590890704
347,,
347,Activity K,9.798182590890704
347,,
347,Activity I,9.980494888896912
347,,
347,Activity L,9.980494888896912
347,,
347,Activity F,10.268165387743457
348,,
348,Activity B,8.188966863648876
348,,
348,Activity D,9.287394001418473
348,,
348,Activity G,9.798182590890704
348,,
348,Activity M,9.798182590890704
348,,
348,Activity J,9.980494888896912
348,,
348,Activity N,9.980494888896912
348,,
348,Activity F,10.268165387743457
349,,
349,Activity B,8.188966863648876
349,,
349,Activity D,9.287394001418473
349,,
349,Activity G,9.798182590890704
349,,
349,Activity M,9.798182590890704
349,,
349,Activity I,9.980494888896912
349,,
349,Activity N,9.980494888896912
349,,
349,Activity F,10.268165387743457
350,,
350,Activity B,8.188966863648876
350,,
350,Activity D,9.287394001418473
350,,
350,Activity M,9.798182590890704
350,,
350,Activity K,9.798182590890704
350,,
350,Activity I,9.980494888896912
350,,
350,Activity L,9.980494888896912
350,,
350,Activity F,10.268165387743457
351,,
351,Activity B,8.188966863648876
351,,
351,Activity D,9.287394001418473
351,,
351,Activity K,9.798182590890704
351,,
351,Activity M,9.798182590890704
351,,
351,Activity J,9.980494888896912
351,,
351,Activity N,9.980494888896912
351,,
351,Activity F,10.268165387743457
352,,
352,Activity B,8.188966863648876
352,,
352,Activity D,9.287394001418473
352,,
352,Activity K,9.798182590890704
352,,
352,Activity M,9.798182590890704
352,,
352,Activity I,9.980494888896912
352,,
352,Activity N,9.980494888896912
352,,
352,Activity F,10.268165387743457
353,,
353,Activity B,8.188966863648876
353,,
353,Activity D,9.287394001418473
353,,
353,Activity K,9.798182590890704
353,,
353,Activity M,9.798182590890704
353,,
353,Activity I,9.980494888896912
353,,
353,Activity N,9.980494888896912
353,,
353,Activity F,10.268165387743457
354,,
354,Activity B,8.188966863648876
354,,
354,Activity D,9.287394001418473
354,,
354,Activity K,9.798182590890704
354,,
354,Activity G,9.798182590890704
354,,
354,Activity N,9.980494888896912
354,,
354,Activity J,9.980494888896912
354,,
354,Activity F,10.268165387743457
355,,
355,Activity B,8.188966863648876
355,,
355,Activity D,9.287394001418473
355,,
355,Activity G,9.798182590890704
355,,
355,Activity K,9.798182590890704
355,,
355,Activity I,9.980494888896912
355,,
355,Activity L,9.980494888896912
355,,
355,Activity F,10.268165387743457
356,,
356,Activity B,8.188966863648876
356,,
356,Activity D,9.287394001418473
356,,
356,Activity M,9.798182590890704
356,,
356,Activity K,9.798182590890704
356,,
356,Activity J,9.980494888896912
356,,
356,Activity L,9.980494888896912
356,,
356,Activity F,10.268165387743457
357,,
357,Activity B,8.188966863648876
357,,
357,Activity D,9.287394001418473
357,,
357,Activity K,9.798182590890704
357,,
357,Activity G,9.798182590890704
357,,
357,Activity N,9.980494888896912
357,,
357,Activity I,9.980494888896912
357,,
357,Activity F,10.268165387743457
358,,
358,Activity B,8.188966863648876
358,,
358,Activity D,9.287394001418473
358,,
358,Activity G,9.798182590890704
358,,
358,Activity K,9.798182590890704
358,,
358,Activity I,9.980494888896912
358,,
358,Activity L,9.980494888896912
358,,
358,Activity F,10.268165387743457
359,,
359,Activity B,8.188966863648876
359,,
359,Activity D,9.287394001418473
359,,
359,Activity K,9.798182590890704
359,,
359,Activity G,9.798182590890704
359,,
359,Activity N,9.980494888896912
359,,
359,Activity I,9.980494888896912
359,,
359,Activity F,10.268165387743457
360,,
360,Activity B,8.188966863648876
360,,
360,Activity D,9.287394001418473
360,,
360,Activity M,9.798182590890704
360,,
360,Activity G,9.798182590890704
360,,
360,Activity L,9.980494888896912
360,,
360,Activity J,9.980494888896912
360,,
360,Activity F,10.268165387743457
361,,
361,Activity B,8.188966863648876
361,,
361,Activity D,9.287394001418473
361,,
361,Activity M,9.798182590890704
361,,
361,Activity K,9.798182590890704
361,,
361,Activity J,9.980494888896912
361,,
361,Activity L,9.980494888896912
361,,
361,Activity F,10.268165387743457
362,,
362,Activity B,8.188966863648876
362,,
362,Activity D,9.287394001418473
362,,
362,Activity M,9.798182590890704
362,,
362,Activity G,9.798182590890704
362,,
362,Activity L,9.980494888896912
362,,
362,Activity J,9.980494888896912
362,,
362,Activity F,10.268165387743457
363,,
363,Activity B,8.188966863648876
363,,
363,Activity D,9.287394001418473
363,,
363,Activity G,9.798182590890704
363,,
363,Activity M,9.798182590890704
363,,
363,Activity J,9.980494888896912
363,,
363,Activity N,9.980494888896912
363,,
363,Activity F,10.268165387743457
364,,
364,Activity B,8.188966863648876
364,,
364,Activity D,9.287394001418473
364,,
364,Activity M,9.798182590890704
364,,
364,Activity K,9.798182590890704
364,,
364,Activity I,9.980494888896912
364,,
364,Activity L,9.980494888896912
364,,
364,Activity F,10.268165387743457
365,,
365,Activity B,8.188966863648876
365,,
365,Activity D,9.287394001418473
365,,
365,Activity G,9.798182590890704
365,,
365,Activity K,9.798182590890704
365,,
365,Activity J,9.980494888896912
365,,
365,Activity L,9.980494888896912
365,,
365,Activity F,10.268165387743457
366,,
366,Activity B,8.188966863648876
366,,
366,Activity D,9.287394001418473
366,,
366,Activity M,9.798182590890704
366,,
366,Activity K,9.798182590890704
366,,
366,Activity I,9.980494888896912
366,,
366,Activity L,9.980494888896912
366,,
366,Activity F,10.268165387743457
367,,
367,Activity B,8.188966863648876
367,,
367,Activity D,9.287394001418473
367,,
367,Activity M,9.798182590890704
367,,
367,Activity G,9.798182590890704
367,,
367,Activity L,9.980494888896912
367,,
367,Activity J,9.980494888896912
367,,
367,Activity F,10.268165387743457
368,,
368,Activity B,8.188966863648876
368,,
368,Activity D,9.287394001418473
368,,
368,Activity K,9.798182590890704
368,,
368,Activity M,9.798182590890704
368,,
368,Activity I,9.980494888896912
368,,
368,Activity N,9.980494888896912
368,,
368,Activity F,10.268165387743457
369,,
369,Activity B,8.188966863648876
369,,
369,Activity D,9.287394001418473
369,,
369,Activity K,9.798182590890704
369,,
369,Activity M,9.798182590890704
369,,
369,Activity I,9.980494888896912
369,,
369,Activity N,9.980494888896912
369,,
369,Activity F,10.268165387743457
370,,
370,Activity B,8.188966863648876
370,,
370,Activity D,9.287394001418473
370,,
370,Activity G,9.798182590890704
370,,
370,Activity M,9.798182590890704
370,,
370,Activity J,9.980494888896912
370,,
370,Activity N,9.980494888896912
370,,
370,Activity F,10.268165387743457
371,,
371,Activity B,8.188966863648876
371,,
371,Activity D,9.287394001418473
371,,
371,Activity K,9.798182590890704
371,,
371,Activity G,9.798182590890704
371,,
371,Activity N,9.980494888896912
371,,
371,Activity I,9.980494888896912
371,,
371,Activity F,10.268165387743457
372,,
372,Activity B,8.188966863648876
372,,
372,Activity D,9.287394001418473
372,,
372,Activity K,9.798182590890704
372,,
372,Activity M,9.798182590890704
372,,
372,Activity J,9.980494888896912
372,,
372,Activity N,9.980494888896912
372,,
372,Activity F,10.268165387743457
373,,
373,Activity B,8.188966863648876
373,,
373,Activity D,9.287394001418473
373,,
373,Activity G,9.798182590890704
373,,
373,Activity K,9.798182590890704
373,,
373,Activity I,9.980494888896912
373,,
373,Activity L,9.980494888896912
373,,
373,Activity F,10.268165387743457
374,,
374,Activity B,8.188966863648876
374,,
374,Activity D,9.287394001418473
374,,
374,Activity G,9.798182590890704
374,,
374,Activity K,9.798182590890704
374,,
374,Activity I,9.980494888896912
374,,
374,Activity L,9.980494888896912
374,,
374,Activity F,10.268165387743457
375,,
375,Activity B,8.188966863648876
375,,
375,Activity D,9.287394001418473
375,,
375,Activity M,9.798182590890704
375,,
375,Activity K,9.798182590890704
375,,
375,Activity J,9.980494888896912
375,,
375,Activity L,9.980494888896912
375,,
375,Activity F,10.268165387743457
376,,
376,Activity B,8.188966863648876
376,,
376,Activity D,9.287394001418473
376,,
376,Activity M,9.798182590890704
376,,
376,Activity K,9.798182590890704
376,,
376,Activity I,9.980494888896912
376,,
376,Activity L,9.980494888896912
376,,
376,Activity F,10.268165387743457
377,,
377,Activity B,8.188966863648876
377,,
377,Activity D,9.287394001418473
377,,
377,Activity M,9.798182590890704
377,,
377,Activity K,9.798182590890704
377,,
377,Activity J,9.980494888896912
377,,
377,Activity L,9.980494888896912
377,,
377,Activity F,10.268165387743457
378,,
378,Activity B,8.188966863648876
378,,
378,Activity D,9.287394001418473
378,,
378,Activity G,9.798182590890704
378,,
378,Activity M,9.798182590890704
378,,
378,Activity I,9.980494888896912
378,,
378,Activity N,9.980494888896912
378,,
378,Activity F,10.268165387743457
379,,
379,Activity B,8.188966863648876
379,,
379,Activity D,9.287394001418473
379,,
379,Activity G,9.798182590890704
379,,
379,Activity K,9.798182590890704
379,,
379,Activity I,9.980494888896912
379,,
379,Activity L,9.980494888896912
379,,
379,Activity F,10.268165387743457
380,,
380,Activity B,8.188966863648876
380,,
380,Activity D,9.287394001418473
380,,
380,Activity M,9.798182590890704
380,,
380,Activity G,9.798182590890704
380,,
380,Activity L,9.980494888896912
380,,
380,Activity I,9.980494888896912
380,,
380,Activity F,10.268165387743457
381,,
381,Activity B,8.188966863648876
381,,
381,Activity D,9.287394001418473
381,,
381,Activity M,9.798182590890704
381,,
381,Activity G,9.798182590890704
381,,
381,Activity L,9.980494888896912
381,,
381,Activity I,9.980494888896912
381,,
381,Activity F,10.268165387743457
382,,
382,Activity B,8.188966863648876
382,,
382,Activity D,9.287394001418473
382,,
382,Activity G,9.798182590890704
382,,
382,Activity M,9.798182590890704
382,,
382,Activity J,9.980494888896912
382,,
382,Activity N,9.980494888896912
382,,
382,Activity F,10.268165387743457
383,,
383,Activity B,8.188966863648876
383,,
383,Activity D,9.287394001418473
383,,
383,Activity M,9.798182590890704
383,,
383,Activity G,9.798182590890704
383,,
383,Activity L,9.980494888896912
383,,
383,Activity I,9.980494888896912
383,,
383,Activity F,10.268165387743457
384,,
384,Activity B,8.188966863648876
384,,
384,Activity D,9.287394001418473
384,,
384,Activity G,9.798182590890704
384,,
384,Activity M,9.798182590890704
384,,
384,Activity J,9.980494888896912
384,,
384,Activity N,9.980494888896912
384,,
384,Activity F,10.268165387743457
385,,
385,Activity B,8.188966863648876
385,,
385,Activity D,9.287394001418473
385,,
385,Activity M,9.798182590890704
385,,
385,Activity G,9.798182590890704
385,,
385,Activity L,9.980494888896912
385,,
385,Activity I,9.980494888896912
385,,
385,Activity F,10.268165387743457
386,,
386,Activity B,8.188966863648876
386,,
386,Activity D,9.287394001418473
386,,
386,Activity G,9.798182590890704
386,,
386,Activity M,9.798182590890704
386,,
386,Activity I,9.980494888896912
386,,
386,Activity N,9.980494888896912
386,,
386,Activity F,10.268165387743457
387,,
387,Activity B,8.188966863648876
387,,
387,Activity D,9.287394001418473
387,,
387,Activity G,9.798182590890704
387,,
387,Activity K,9.798182590890704
387,,
387,Activity J,9.980494888896912
387,,
387,Activity L,9.980494888896912
387,,
387,Activity F,10.268165387743457
388,,
388,Activity B,8.188966863648876
388,,
388,Activity D,9.287394001418473
388,,
388,Activity K,9.798182590890704
388,,
388,Activity M,9.798182590890704
388,,
388,Activity J,9.980494888896912
388,,
388,Activity N,9.980494888896912
388,,
388,Activity F,10.268165387743457
389,,
389,Activity B,8.188966863648876
389,,
389,Activity D,9.287394001418473
389,,
389,Activity M,9.798182590890704
389,,
389,Activity K,9.798182590890704
389,,
389,Activity J,9.980494888896912
389,,
389,Activity L,9.980494888896912
389,,
389,Activity F,10.268165387743457
390,,
390,Activity B,8.188966863648876
390,,
390,Activity D,9.287394001418473
390,,
390,Activity M,9.798182590890704
390,,
390,Activity K,9.798182590890704
390,,
390,Activity J,9.980494888896912
390,,
390,Activity L,9.980494888896912
390,,
390,Activity F,10.268165387743457
391,,
391,Activity B,8.188966863648876
391,,
391,Activity D,9.287394001418473
391,,
391,Activity G,9.798182590890704
391,,
391,Activity M,9.798182590890704
391,,
391,Activity I,9.980494888896912
391,,
391,Activity N,9.980494888896912
391,,
391,Activity F,10.268165387743457
392,,
392,Activity B,8.188966863648876
392,,
392,Activity D,9.287394001418473
392,,
392,Activity M,9.798182590890704
392,,
392,Activity G,9.798182590890704
392,,
392,Activity L,9.980494888896912
392,,
392,Activity I,9.980494888896912
392,,
392,Activity F,10.268165387743457
393,,
393,Activity B,8.188966863648876
393,,
393,Activity D,9.287394001418473
393,,
393,Activity G,9.798182590890704
393,,
393,Activity K,9.798182590890704
393,,
393,Activity I,9.980494888896912
393,,
393,Activity L,9.980494888896912
393,,
393,Activity F,10.268165387743457
394,,
394,Activity B,8.188966863648876
394,,
394,Activity D,9.287394001418473
394,,
394,Activity K,9.798182590890704
394,,
394,Activity M,9.798182590890704
394,,
394,Activity J,9.980494888896912
394,,
394,Activity N,9.980494888896912
394,,
394,Activity F,10.268165387743457
395,,
395,Activity B,8.188966863648876
395,,
395,Activity D,9.287394001418473
395,,
395,Activity K,9.798182590890704
395,,
395,Activity M,9.798182590890704
395,,
395,Activity I,9.980494888896912
395,,
395,Activity N,9.980494888896912
395,,
395,Activity F,10.268165387743457
396,,
396,Activity B,8.188966863648876
396,,
396,Activity D,9.287394001418473
396,,
396,Activity G,9.798182590890704
396,,
396,Activity K,9.798182590890704
396,,
396,Activity J,9.980494888896912
396,,
396,Activity L,9.980494888896912
396,,
396,Activity F,10.268165387743457
397,,
397,Activity B,8.188966863648876
397,,
397,Activity D,9.287394001418473
397,,
397,Activity G,9.798182590890704
397,,
397,Activity M,9.798182590890704
397,,
397,Activity J,9.980494888896912
397,,
397,Activity N,9.980494888896912
397,,
397,Activity F,10.268165387743457
398,,
398,Activity B,8.188966863648876
398,,
398,Activity D,9.287394001418473
398,,
398,Activity G,9.798182590890704
398,,
398,Activity M,9.798182590890704
398,,
398,Activity J,9.980494888896912
398,,
398,Activity N,9.980494888896912
398,,
398,Activity F,10.268165387743457
399,,
399,Activity B,8.188966863648876
399,,
399,Activity D,9.287394001418473
399,,
399,Activity M,9.798182590890704
399,,
399,Activity K,9.798182590890704
399,,
399,Activity J,9.980494888896912
399,,
399,Activity L,9.980494888896912
399,,
399,Activity F,10.268165387743457
400,,
400,Activity B,8.188966863648876
400,,
400,Activity D,9.287394001418473
400,,
400,Activity M,9.798182590890704
400,,
400,Activity G,9.798182590890704
400,,
400,Activity L,9.980494888896912
400,,
400,Activity I,9.980494888896912
400,,
400,Activity F,10.268165387743457
401,,
401,Activity B,8.188966863648876
401,,
401,Activity D,9.287394001418473
401,,
401,Activity M,9.798182590890704
401,,
401,Activity G,9.798182590890704
401,,
401,Activity L,9.980494888896912
401,,
401,Activity J,9.980494888896912
401,,
401,Activity F,10.268165387743457
402,,
402,Activity B,8.188966863648876
402,,
402,Activity D,9.287394001418473
402,,
402,Activity G,9.798182590890704
402,,
402,Activity M,9.798182590890704
402,,
402,Activity J,9.980494888896912
402,,
402,Activity N,9.980494888896912
402,,
402,Activity F,10.268165387743457
403,,
403,Activity B,8.188966863648876
403,,
403,Activity D,9.287394001418473
403,,
403,Activity M,9.798182590890704
403,,
403,Activity K,9.798182590890704
403,,
403,Activity J,9.980494888896912
403,,
403,Activity L,9.980494888896912
403,,
403,Activity F,10.268165387743457
404,,
404,Activity B,8.188966863648876
404,,
404,Activity D,9.287394001418473
404,,
404,Activity M,9.798182590890704
404,,
404,Activity G,9.798182590890704
404,,
404,Activity L,9.980494888896912
404,,
404,Activity J,9.980494888896912
404,,
404,Activity F,10.268165387743457
405,,
405,Activity B,8.188966863648876
405,,
405,Activity D,9.287394001418473
405,,
405,Activity M,9.798182590890704
405,,
405,Activity K,9.798182590890704
405,,
405,Activity J,9.980494888896912
405,,
405,Activity L,9.980494888896912
405,,
405,Activity F,10.268165387743457
406,,
406,Activity B,8.188966863648876
406,,
406,Activity D,9.287394001418473
406,,
406,Activity M,9.798182590890704
406,,
406,Activity G,9.798182590890704
406,,
406,Activity L,9.980494888896912
406,,
406,Activity J,9.980494888896912
406,,
406,Activity F,10.268165387743457
407,,
407,Activity B,8.188966863648876
407,,
407,Activity D,9.287394001418473
407,,
407,Activity G,9.798182590890704
407,,
407,Activity M,9.798182590890704
407,,
407,Activity J,9.980494888896912
407,,
407,Activity N,9.980494888896912
407,,
407,Activity F,10.268165387743457
408,,
408,Activity B,8.188966863648876
408,,
408,Activity D,9.287394001418473
408,,
408,Activity M,9.798182590890704
408,,
408,Activity K,9.798182590890704
408,,
408,Activity J,9.980494888896912
408,,
408,Activity L,9.980494888896912
408,,
408,Activity F,10.268165387743457
409,,
409,Activity B,8.188966863648876
409,,
409,Activity D,9.287394001418473
409,,
409,Activity G,9.798182590890704
409,,
409,Activity M,9.798182590890704
409,,
409,Activity J,9.980494888896912
409,,
409,Activity N,9.980494888896912
409,,
409,Activity F,10.268165387743457
410,,
410,Activity B,8.188966863648876
410,,
410,Activity D,9.287394001418473
410,,
410,Activity K,9.798182590890704
410,,
410,Activity G,9.798182590890704
410,,
410,Activity N,9.980494888896912
410,,
410,Activity I,9.980494888896912
410,,
410,Activity F,10.268165387743457
411,,
411,Activity B,8.188966863648876
411,,
411,Activity D,9.287394001418473
411,,
411,Activity K,9.798182590890704
411,,
411,Activity M,9.798182590890704
411,,
411,Activity I,9.980494888896912
411,,
411,Activity N,9.980494888896912
411,,
411,Activity F,10.268165387743457
412,,
412,Activity B,8.188966863648876
412,,
412,Activity D,9.287394001418473
412,,
412,Activity K,9.798182590890704
412,,
412,Activity G,9.798182590890704
412,,
412,Activity N,9.980494888896912
412,,
412,Activity J,9.980494888896912
412,,
412,Activity F,10.268165387743457
413,,
413,Activity B,8.188966863648876
413,,
413,Activity D,9.287394001418473
413,,
413,Activity M,9.798182590890704
413,,
413,Activity K,9.798182590890704
413,,
413,Activity I,9.980494888896912
413,,
413,Activity L,9.980494888896912
413,,
413,Activity F,10.268165387743457
414,,
414,Activity B,8.188966863648876
414,,
414,Activity D,9.287394001418473
414,,
414,Activity G,9.798182590890704
414,,
414,Activity M,9.798182590890704
414,,
414,Activity I,9.980494888896912
414,,
414,Activity N,9.980494888896912
414,,
414,Activity F,10.268165387743457
415,,
415,Activity B,8.188966863648876
415,,
415,Activity D,9.287394001418473
415,,
415,Activity G,9.798182590890704
415,,
415,Activity M,9.798182590890704
415,,
415,Activity J,9.980494888896912
415,,
415,Activity N,9.980494888896912
415,,
415,Activity F,10.268165387743457
416,,
416,Activity B,8.188966863648876
416,,
416,Activity D,9.287394001418473
416,,
416,Activity K,9.798182590890704
416,,
416,Activity M,9.798182590890704
416,,
416,Activity J,9.980494888896912
416,,
416,Activity N,9.980494888896912
416,,
416,Activity F,10.268165387743457
417,,
417,Activity B,8.188966863648876
417,,
417,Activity D,9.287394001418473
417,,
417,Activity K,9.798182590890704
417,,
417,Activity G,9.798182590890704
417,,
417,Activity N,9.980494888896912
417,,
417,Activity I,9.980494888896912
417,,
417,Activity F,10.268165387743457
418,,
418,Activity B,8.188966863648876
418,,
418,Activity D,9.287394001418473
418,,
418,Activity G,9.798182590890704
418,,
418,Activity K,9.798182590890704
418,,
418,Activity J,9.980494888896912
418,,
418,Activity L,9.980494888896912
418,,
418,Activity F,10.268165387743457
419,,
419,Activity B,8.188966863648876
419,,
419,Activity D,9.287394001418473
419,,
419,Activity G,9.798182590890704
419,,
419,Activity M,9.798182590890704
419,,
419,Activity J,9.980494888896912
419,,
419,Activity N,9.980494888896912
419,,
419,Activity F,10.268165387743457
420,,
420,Activity B,8.188966863648876
420,,
420,Activity D,9.287394001418473
420,,
420,Activity M,9.798182590890704
420,,
420,Activity G,9.798182590890704
420,,
420,Activity L,9.980494888896912
420,,
420,Activity I,9.980494888896912
420,,
420,Activity F,10.268165387743457
421,,
421,Activity B,8.188966863648876
421,,
421,Activity D,9.287394001418473
421,,
421,Activity M,9.798182590890704
421,,
421,Activity G,9.798182590890704
421,,
421,Activity L,9.980494888896912
421,,
421,Activity I,9.980494888896912
421,,
421,Activity F,10.268165387743457
422,,
422,Activity B,8.188966863648876
422,,
422,Activity D,9.287394001418473
422,,
422,Activity K,9.798182590890704
422,,
422,Activity G,9.798182590890704
422,,
422,Activity N,9.980494888896912
422,,
422,Activity J,9.980494888896912
422,,
422,Activity F,10.268165387743457
423,,
423,Activity B,8.188966863648876
423,,
423,Activity D,9.287394001418473
423,,
423,Activity M,9.798182590890704
423,,
423,Activity G,9.798182590890704
423,,
423,Activity L,9.980494888896912
423,,
423,Activity J,9.980494888896912
423,,
423,Activity F,10.268165387743457
424,,
424,Activity B,8.188966863648876
424,,
424,Activity D,9.287394001418473
424,,
424,Activity M,9.798182590890704
424,,
424,Activity K,9.798182590890704
424,,
424,Activity J,9.980494888896912
424,,
424,Activity L,9.980494888896912
424,,
424,Activity F,10.268165387743457
425,,
425,Activity B,8.188966863648876
425,,
425,Activity D,9.287394001418473
425,,
425,Activity M,9.798182590890704
425,,
425,Activity K,9.798182590890704
425,,
425,Activity J,9.980494888896912
425,,
425,Activity L,9.980494888896912
425,,
425,Activity F,10.268165387743457
426,,
426,Activity B,8.188966863648876
426,,
426,Activity D,9.287394001418473
426,,
426,Activity M,9.798182590890704
426,,
426,Activity K,9.798182590890704
426,,
426,Activity I,9.980494888896912
426,,
426,Activity L,9.980494888896912
426,,
426,Activity F,10.268165387743457
427,,
427,Activity B,8.188966863648876
427,,
427,Activity D,9.287394001418473
427,,
427,Activity M,9.798182590890704
427,,
427,Activity G,9.798182590890704
427,,
427,Activity L,9.980494888896912
427,,
427,Activity I,9.980494888896912
427,,
427,Activity F,10.268165387743457
428,,
428,Activity B,8.188966863648876
428,,
428,Activity D,9.287394001418473
428,,
428,Activity G,9.798182590890704
428,,
428,Activity M,9.798182590890704
428,,
428,Activity J,9.980494888896912
428,,
428,Activity N,9.980494888896912
428,,
428,Activity F,10.268165387743457
429,,
429,Activity B,8.188966863648876
429,,
429,Activity D,9.287394001418473
429,,
429,Activity M,9.798182590890704
429,,
429,Activity G,9.798182590890704
429,,
429,Activity L,9.980494888896912
429,,
429,Activity I,9.980494888896912
429,,
429,Activity F,10.268165387743457
430,,
430,Activity B,8.188966863648876
430,,
430,Activity D,9.287394001418473
430,,
430,Activity M,9.798182590890704
430,,
430,Activity K,9.798182590890704
430,,
430,Activity J,9.980494888896912
430,,
430,Activity L,9.980494888896912
430,,
430,Activity F,10.268165387743457
431,,
431,Activity B,8.188966863648876
431,,
431,Activity D,9.287394001418473
431,,
431,Activity G,9.798182590890704
431,,
431,Activity M,9.798182590890704
431,,
431,Activity I,9.980494888896912
431,,
431,Activity N,9.980494888896912
431,,
431,Activity F,10.268165387743457
432,,
432,Activity B,8.188966863648876
432,,
432,Activity D,9.287394001418473
432,,
432,Activity M,9.798182590890704
432,,
432,Activity K,9.798182590890704
432,,
432,Activity J,9.980494888896912
432,,
432,Activity L,9.980494888896912
432,,
432,Activity F,10.268165387743457
433,,
433,Activity B,8.188966863648876
433,,
433,Activity D,9.287394001418473
433,,
433,Activity K,9.798182590890704
433,,
433,Activity G,9.798182590890704
433,,
433,Activity N,9.980494888896912
433,,
433,Activity I,9.980494888896912
433,,
433,Activity F,10.268165387743457
434,,
434,Activity B,8.188966863648876
434,,
434,Activity D,9.287394001418473
434,,
434,Activity K,9.798182590890704
434,,
434,Activity G,9.798182590890704
434,,
434,Activity N,9.980494888896912
434,,
434,Activity I,9.980494888896912
434,,
434,Activity F,10.268165387743457
435,,
435,Activity B,8.188966863648876
435,,
435,Activity D,9.287394001418473
435,,
435,Activity M,9.798182590890704
435,,
435,Activity K,9.798182590890704
435,,
435,Activity I,9.980494888896912
435,,
435,Activity L,9.980494888896912
435,,
435,Activity F,10.268165387743457
436,,
436,Activity B,8.188966863648876
436,,
436,Activity D,9.287394001418473
436,,
436,Activity G,9.798182590890704
436,,
436,Activity K,9.798182590890704
436,,
436,Activity J,9.980494888896912
436,,
436,Activity L,9.980494888896912
436,,
436,Activity F,10.268165387743457
437,,
437,Activity B,8.188966863648876
437,,
437,Activity D,9.287394001418473
437,,
437,Activity K,9.798182590890704
437,,
437,Activity G,9.798182590890704
437,,
437,Activity N,9.980494888896912
437,,
437,Activity J,9.980494888896912
437,,
437,Activity F,10.268165387743457
438,,
438,Activity B,8.188966863648876
438,,
438,Activity D,9.287394001418473
438,,
438,Activity G,9.798182590890704
438,,
438,Activity M,9.798182590890704
438,,
438,Activity J,9.980494888896912
438,,
438,Activity N,9.980494888896912
438,,
438,Activity F,10.268165387743457
439,,
439,Activity B,8.188966863648876
439,,
439,Activity D,9.287394001418473
439,,
439,Activity G,9.798182590890704
439,,
439,Activity M,9.798182590890704
439,,
439,Activity I,9.980494888896912
439,,
439,Activity N,9.980494888896912
439,,
439,Activity F,10.268165387743457
440,,
440,Activity B,8.188966863648876
440,,
440,Activity D,9.287394001418473
440,,
440,Activity K,9.798182590890704
440,,
440,Activity M,9.798182590890704
440,,
440,Activity I,9.980494888896912
440,,
440,Activity N,9.980494888896912
440,,
440,Activity F,10.268165387743457
441,,
441,Activity B,8.188966863648876
441,,
441,Activity D,9.287394001418473
441,,
441,Activity G,9.798182590890704
441,,
441,Activity M,9.798182590890704
441,,
441,Activity I,9.980494888896912
441,,
441,Activity N,9.980494888896912
441,,
441,Activity F,10.268165387743457
442,,
442,Activity B,8.188966863648876
442,,
442,Activity D,9.287394001418473
442,,
442,Activity M,9.798182590890704
442,,
442,Activity G,9.798182590890704
442,,
442,Activity L,9.980494888896912
442,,
442,Activity J,9.980494888896912
442,,
442,Activity F,10.268165387743457
443,,
443,Activity B,8.188966863648876
443,,
443,Activity D,9.287394001418473
443,,
443,Activity K,9.798182590890704
443,,
443,Activity G,9.798182590890704
443,,
443,Activity N,9.980494888896912
443,,
443,Activity J,9.980494888896912
443,,
443,Activity F,10.268165387743457
444,,
444,Activity B,8.188966863648876
444,,
444,Activity D,9.287394001418473
444,,
444,Activity G,9.798182590890704
444,,
444,Activity M,9.798182590890704
444,,
444,Activity J,9.980494888896912
444,,
444,Activity N,9.980494888896912
444,,
444,Activity F,10.268165387743457
445,,
445,Activity B,8.188966863648876
445,,
445,Activity D,9.287394001418473
445,,
445,Activity G,9.798182590890704
445,,
445,Activity M,9.798182590890704
445,,
445,Activity I,9.980494888896912
445,,
445,Activity N,9.980494888896912
445,,
445,Activity F,10.268165387743457
446,,
446,Activity B,8.188966863648876
446,,
446,Activity D,9.287394001418473
446,,
446,Activity M,9.798182590890704
446,,
446,Activity G,9.798182590890704
446,,
446,Activity L,9.980494888896912
446,,
446,Activity I,9.980494888896912
446,,
446,Activity F,10.268165387743457
447,,
447,Activity B,8.188966863648876
447,,
447,Activity D,9.287394001418473
447,,
447,Activity M,9.798182590890704
447,,
447,Activity G,9.798182590890704
447,,
447,Activity L,9.980494888896912
447,,
447,Activity I,9.980494888896912
447,,
447,Activity F,10.268165387743457
448,,
448,Activity B,8.188966863648876
448,,
448,Activity D,9.287394001418473
448,,
448,Activity M,9.798182590890704
448,,
448,Activity G,9.798182590890704
448,,
448,Activity L,9.980494888896912
448,,
448,Activity J,9.980494888896912
448,,
448,Activity F,10.268165387743457
449,,
449,Activity B,8.188966863648876
449,,
449,Activity D,9.287394001418473
449,,
449,Activity G,9.798182590890704
449,,
449,Activity M,9.798182590890704
449,,
449,Activity I,9.980494888896912
449,,
449,Activity N,9.980494888896912
449,,
449,Activity F,10.268165387743457
450,,
450,Activity B,8.188966863648876
450,,
450,Activity D,9.287394001418473
450,,
450,Activity G,9.798182590890704
450,,
450,Activity M,9.798182590890704
450,,
450,Activity I,9.980494888896912
450,,
450,Activity N,9.980494888896912
450,,
450,Activity F,10.268165387743457
451,,
451,Activity B,8.188966863648876
451,,
451,Activity D,9.287394001418473
451,,
451,Activity G,9.798182590890704
451,,
451,Activity K,9.798182590890704
451,,
451,Activity J,9.980494888896912
451,,
451,Activity L,9.980494888896912
451,,
451,Activity F,10.268165387743457
452,,
452,Activity B,8.188966863648876
452,,
452,Activity D,9.287394001418473
452,,
452,Activity G,9.798182590890704
452,,
452,Activity M,9.798182590890704
452,,
452,Activity J,9.980494888896912
452,,
452,Activity N,9.980494888896912
452,,
452,Activity F,10.268165387743457
453,,
453,Activity B,8.188966863648876
453,,
453,Activity D,9.287394001418473
453,,
453,Activity M,9.798182590890704
453,,
453,Activity K,9.798182590890704
453,,
453,Activity J,9.980494888896912
453,,
453,Activity L,9.980494888896912
453,,
453,Activity F,10.268165387743457
454,,
454,Activity B,8.188966863648876
454,,
454,Activity D,9.287394001418473
454,,
454,Activity M,9.798182590890704
454,,
454,Activity G,9.798182590890704
454,,
454,Activity L,9.980494888896912
454,,
454,Activity I,9.980494888896912
454,,
454,Activity F,10.268165387743457
455,,
455,Activity B,8.188966863648876
455,,
455,Activity D,9.287394001418473
455,,
455,Activity K,9.798182590890704
455,,
455,Activity M,9.798182590890704
455,,
455,Activity I,9.980494888896912
455,,
455,Activity N,9.980494888896912
455,,
455,Activity F,10.268165387743457
456,,
456,Activity B,8.188966863648876
456,,
456,Activity D,9.287394001418473
456,,
456,Activity G,9.798182590890704
456,,
456,Activity K,9.798182590890704
456,,
456,Activity J,9.980494888896912
456,,
456,Activity L,9.980494888896912
456,,
456,Activity F,10.268165387743457
457,,
457,Activity B,8.188966863648876
457,,
457,Activity D,9.287394001418473
457,,
457,Activity G,9.798182590890704
457,,
457,Activity K,9.798182590890704
457,,
457,Activity J,9.980494888896912
457,,
457,Activity L,9.980494888896912
457,,
457,Activity F,10.268165387743457
458,,
458,Activity B,8.188966863648876
458,,
458,Activity D,9.287394001418473
458,,
458,Activity G,9.798182590890704
458,,
458,Activity M,9.798182590890704
458,,
458,Activity J,9.980494888896912
458,,
458,Activity N,9.980494888896912
458,,
458,Activity F,10.268165387743457
459,,
459,Activity B,8.188966863648876
459,,
459,Activity D,9.287394001418473
459,,
459,Activity G,9.798182590890704
459,,
459,Activity K,9.798182590890704
459,,
459,Activity J,9.980494888896912
459,,
459,Activity L,9.980494888896912
459,,
459,Activity F,10.268165387743457
460,,
460,Activity B,8.188966863648876
460,,
460,Activity D,9.287394001418473
460,,
460,Activity M,9.798182590890704
460,,
460,Activity K,9.798182590890704
460,,
460,Activity J,9.980494888896912
460,,
460,Activity L,9.980494888896912
460,,
460,Activity F,10.268165387743457
461,,
461,Activity B,8.188966863648876
461,,
461,Activity D,9.287394001418473
461,,
461,Activity K,9.798182590890704
461,,
461,Activity M,9.798182590890704
461,,
461,Activity J,9.980494888896912
461,,
461,Activity N,9.980494888896912
461,,
461,Activity F,10.268165387743457
462,,
462,Activity B,8.188966863648876
462,,
462,Activity D,9.287394001418473
462,,
462,Activity M,9.798182590890704
462,,
462,Activity K,9.798182590890704
462,,
462,Activity J,9.980494888896912
462,,
462,Activity L,9.980494888896912
462,,
462,Activity F,10.268165387743457
463,,
463,Activity B,8.188966863648876
463,,
463,Activity D,9.287394001418473
463,,
463,Activity M,9.798182590890704
463,,
463,Activity G,9.798182590890704
463,,
463,Activity L,9.980494888896912
463,,
463,Activity I,9.980494888896912
463,,
463,Activity F,10.268165387743457
464,,
464,Activity B,8.188966863648876
464,,
464,Activity D,9.287394001418473
464,,
464,Activity K,9.798182590890704
464,,
464,Activity G,9.798182590890704
464,,
464,Activity N,9.980494888896912
464,,
464,Activity J,9.980494888896912
464,,
464,Activity F,10.268165387743457
465,,
465,Activity B,8.188966863648876
465,,
465,Activity D,9.287394001418473
465,,
465,Activity M,9.798182590890704
465,,
465,Activity K,9.798182590890704
465,,
465,Activity I,9.980494888896912
465,,
465,Activity L,9.980494888896912
465,,
465,Activity F,10.268165387743457
466,,
466,Activity B,8.188966863648876
466,,
466,Activity D,9.287394001418473
466,,
466,Activity M,9.798182590890704
466,,
466,Activity G,9.798182590890704
466,,
466,Activity L,9.980494888896912
466,,
466,Activity J,9.980494888896912
466,,
466,Activity F,10.268165387743457
467,,
467,Activity B,8.188966863648876
467,,
467,Activity D,9.287394001418473
467,,
467,Activity G,9.798182590890704
467,,
467,Activity K,9.798182590890704
467,,
467,Activity I,9.980494888896912
467,,
467,Activity L,9.980494888896912
467,,
467,Activity F,10.268165387743457
468,,
468,Activity B,8.188966863648876
468,,
468,Activity D,9.287394001418473
468,,
468,Activity G,9.798182590890704
468,,
468,Activity M,9.798182590890704
468,,
468,Activity I,9.980494888896912
468,,
468,Activity N,9.980494888896912
468,,
468,Activity F,10.268165387743457
469,,
469,Activity B,8.188966863648876
469,,
469,Activity D,9.287394001418473
469,,
469,Activity M,9.798182590890704
469,,
469,Activity K,9.798182590890704
469,,
469,Activity J,9.980494888896912
469,,
469,Activity L,9.980494888896912
469,,
469,Activity F,10.268165387743457
470,,
470,Activity B,8.188966863648876
470,,
470,Activity D,9.287394001418473
470,,
470,Activity G,9.798182590890704
470,,
470,Activity M,9.798182590890704
470,,
470,Activity I,9.980494888896912
470,,
470,Activity N,9.980494888896912
470,,
470,Activity F,10.268165387743457
471,,
471,Activity B,8.188966863648876
471,,
471,Activity D,9.287394001418473
471,,
471,Activity K,9.798182590890704
471,,
471,Activity G,9.798182590890704
471,,
471,Activity N,9.980494888896912
471,,
471,Activity J,9.980494888896912
471,,
471,Activity F,10.268165387743457
472,,
472,Activity B,8.188966863648876
472,,
472,Activity D,9.287394001418473
472,,
472,Activity K,9.798182590890704
472,,
472,Activity M,9.798182590890704
472,,
472,Activity J,9.980494888896912
472,,
472,Activity N,9.980494888896912
472,,
472,Activity F,10.268165387743457
473,,
473,Activity B,8.188966863648876
473,,
473,Activity D,9.287394001418473
473,,
473,Activity K,9.798182590890704
473,,
473,Activity M,9.798182590890704
473,,
473,Activity J,9.980494888896912
473,,
473,Activity N,9.980494888896912
473,,
473,Activity F,10.268165387743457
474,,
474,Activity B,8.188966863648876
474,,
474,Activity D,9.287394001418473
474,,
474,Activity G,9.798182590890704
474,,
474,Activity M,9.798182590890704
474,,
474,Activity I,9.980494888896912
474,,
474,Activity N,9.980494888896912
474,,
474,Activity F,10.268165387743457
475,,
475,Activity B,8.188966863648876
475,,
475,Activity D,9.287394001418473
475,,
475,Activity K,9.798182590890704
475,,
475,Activity G,9.798182590890704
475,,
475,Activity N,9.980494888896912
475,,
475,Activity I,9.980494888896912
475,,
475,Activity F,10.268165387743457
476,,
476,Activity B,8.188966863648876
476,,
476,Activity D,9.287394001418473
476,,
476,Activity M,9.798182590890704
476,,
476,Activity K,9.798182590890704
476,,
476,Activity I,9.980494888896912
476,,
476,Activity L,9.980494888896912
476,,
476,Activity F,10.268165387743457
477,,
477,Activity B,8.188966863648876
477,,
477,Activity D,9.287394001418473
477,,
477,Activity M,9.798182590890704
477,,
477,Activity K,9.798182590890704
477,,
477,Activity J,9.980494888896912
477,,
477,Activity L,9.980494888896912
477,,
477,Activity F,10.268165387743457
478,,
478,Activity B,8.188966863648876
478,,
478,Activity D,9.287394001418473
478,,
478,Activity K,9.798182590890704
478,,
478,Activity M,9.798182590890704
478,,
478,Activity I,9.980494888896912
478,,
478,Activity N,9.980494888896912
478,,
478,Activity F,10.268165387743457
479,,
479,Activity B,8.188966863648876
479,,
479,Activity D,9.287394001418473
479,,
479,Activity M,9.798182590890704
479,,
479,Activity G,9.798182590890704
479,,
479,Activity L,9.980494888896912
479,,
479,Activity J,9.980494888896912
479,,
479,Activity F,10.268165387743457
480,,
480,Activity B,8.188966863648876
480,,
480,Activity D,9.287394001418473
480,,
480,Activity K,9.798182590890704
480,,
480,Activity G,9.798182590890704
480,,
480,Activity N,9.980494888896912
480,,
480,Activity I,9.980494888896912
480,,
480,Activity F,10.268165387743457
481,,
481,Activity B,8.188966863648876
481,,
481,Activity D,9.287394001418473
481,,
481,Activity G,9.798182590890704
481,,
481,Activity K,9.798182590890704
481,,
481,Activity J,9.980494888896912
481,,
481,Activity L,9.980494888896912
481,,
481,Activity F,10.268165387743457
482,,
482,Activity B,8.188966863648876
482,,
482,Activity D,9.287394001418473
482,,
482,Activity M,9.798182590890704
482,,
482,Activity G,9.798182590890704
482,,
482,Activity L,9.980494888896912
482,,
482,Activity J,9.980494888896912
482,,
482,Activity F,10.268165387743457
483,,
483,Activity B,8.188966863648876
483,,
483,Activity D,9.287394001418473
483,,
483,Activity G,9.798182590890704
483,,
483,Activity K,9.798182590890704
483,,
483,Activity J,9.980494888896912
483,,
483,Activity L,9.980494888896912
483,,
483,Activity F,10.268165387743457
484,,
484,Activity B,8.188966863648876
484,,
484,Activity D,9.287394001418473
484,,
484,Activity G,9.798182590890704
484,,
484,Activity M,9.798182590890704
484,,
484,Activity J,9.980494888896912
484,,
484,Activity N,9.980494888896912
484,,
484,Activity F,10.268165387743457
485,,
485,Activity B,8.188966863648876
485,,
485,Activity D,9.287394001418473
485,,
485,Activity M,9.798182590890704
485,,
485,Activity G,9.798182590890704
485,,
485,Activity L,9.980494888896912
485,,
485,Activity J,9.980494888896912
485,,
485,Activity F,10.268165387743457
486,,
486,Activity B,8.188966863648876
486,,
486,Activity D,9.287394001418473
486,,
486,Activity K,9.798182590890704
486,,
486,Activity M,9.798182590890704
486,,
486,Activity I,9.980494888896912
486,,
486,Activity N,9.980494888896912
486,,
486,Activity F,10.268165387743457
487,,
487,Activity B,8.188966863648876
487,,
487,Activity D,9.287394001418473
487,,
487,Activity G,9.798182590890704
487,,
487,Activity K,9.798182590890704
487,,
487,Activity J,9.980494888896912
487,,
487,Activity L,9.980494888896912
487,,
487,Activity F,10.268165387743457
488,,
488,Activity B,8.188966863648876
488,,
488,Activity D,9.287394001418473
488,,
488,Activity K,9.798182590890704
488,,
488,Activity G,9.798182590890704
488,,
488,Activity N,9.980494888896912
488,,
488,Activity I,9.980494888896912
488,,
488,Activity F,10.268165387743457
489,,
489,Activity B,8.188966863648876
489,,
489,Activity D,9.287394001418473
489,,
489,Activity M,9.798182590890704
489,,
489,Activity K,9.798182590890704
489,,
489,Activity I,9.980494888896912
489,,
489,Activity L,9.980494888896912
489,,
489,Activity F,10.268165387743457
490,,
490,Activity B,8.188966863648876
490,,
490,Activity D,9.287394001418473
490,,
490,Activity M,9.798182590890704
490,,
490,Activity G,9.798182590890704
490,,
490,Activity L,9.980494888896912
490,,
490,Activity I,9.980494888896912
490,,
490,Activity F,10.268165387743457
491,,
491,Activity B,8.188966863648876
491,,
491,Activity D,9.287394001418473
491,,
491,Activity G,9.798182590890704
491,,
491,Activity M,9.798182590890704
491,,
491,Activity J,9.980494888896912
491,,
491,Activity N,9.980494888896912
491,,
491,Activity F,10.268165387743457
492,,
492,Activity B,8.188966863648876
492,,
492,Activity D,9.287394001418473
492,,
492,Activity K,9.798182590890704
492,,
492,Activity M,9.798182590890704
492,,
492,Activity I,9.980494888896912
492,,
492,Activity N,9.980494888896912
492,,
492,Activity F,10.268165387743457
493,,
493,Activity B,8.188966863648876
493,,
493,Activity D,9.287394001418473
493,,
493,Activity G,9.798182590890704
493,,
493,Activity K,9.798182590890704
493,,
493,Activity I,9.980494888896912
493,,
493,Activity L,9.980494888896912
493,,
493,Activity F,10.268165387743457
494,,
494,Activity B,8.188966863648876
494,,
494,Activity D,9.287394001418473
494,,
494,Activity G,9.798182590890704
494,,
494,Activity M,9.798182590890704
494,,
494,Activity I,9.980494888896912
494,,
494,Activity N,9.980494888896912
494,,
494,Activity F,10.268165387743457
495,,
495,Activity B,8.188966863648876
495,,
495,Activity D,9.287394001418473
495,,
495,Activity M,9.798182590890704
495,,
495,Activity G,9.798182590890704
495,,
495,Activity L,9.980494888896912
495,,
495,Activity I,9.980494888896912
495,,
495,Activity F,10.268165387743457
496,,
496,Activity B,8.188966863648876
496,,
496,Activity D,9.287394001418473
496,,
496,Activity K,9.798182590890704
496,,
496,Activity M,9.798182590890704
496,,
496,Activity J,9.980494888896912
496,,
496,Activity N,9.980494888896912
496,,
496,Activity F,10.268165387743457
497,,
497,Activity B,8.188966863648876
497,,
497,Activity D,9.287394001418473
497,,
497,Activity G,9.798182590890704
497,,
497,Activity M,9.798182590890704
497,,
497,Activity I,9.980494888896912
497,,
497,Activity N,9.980494888896912
497,,
497,Activity F,10.268165387743457
498,,
498,Activity B,8.188966863648876
498,,
498,Activity D,9.287394001418473
498,,
498,Activity M,9.798182590890704
498,,
498,Activity G,9.798182590890704
498,,
498,Activity L,9.980494888896912
498,,
498,Activity J,9.980494888896912
498,,
498,Activity F,10.268165387743457
499,,
499,Activity B,8.188966863648876
499,,
499,Activity D,9.287394001418473
499,,
499,Activity K,9.798182590890704
499,,
499,Activity M,9.798182590890704
499,,
499,Activity J,9.980494888896912
499,,
499,Activity N,9.980494888896912
499,,
499,Activity F,10.268165387743457
500,,
500,Activity B,8.188966863648876
500,,
500,Activity D,9.287394001418473
500,,
500,Activity G,9.798182590890704
500,,
500,Activity K,9.798182590890704
500,,
500,Activity J,9.980494888896912
500,,
500,Activity L,9.980494888896912
500,,
500,Activity F,10.268165387743457
501,,
501,Activity B,8.188966863648876
501,,
501,Activity D,9.287394001418473
501,,
501,Activity G,9.798182590890704
501,,
501,Activity M,9.798182590890704
501,,
501,Activity J,9.980494888896912
501,,
501,Activity N,9.980494888896912
501,,
501,Activity F,10.268165387743457
502,,
502,Activity B,8.188966863648876
502,,
502,Activity D,9.287394001418473
502,,
502,Activity M,9.798182590890704
502,,
502,Activity K,9.798182590890704
502,,
502,Activity J,9.980494888896912
502,,
502,Activity L,9.980494888896912
502,,
502,Activity F,10.268165387743457
503,,
503,Activity B,8.188966863648876
503,,
503,Activity D,9.287394001418473
503,,
503,Activity M,9.798182590890704
503,,
503,Activity G,9.798182590890704
503,,
503,Activity L,9.980494888896912
503,,
503,Activity J,9.980494888896912
503,,
503,Activity F,10.268165387743457
504,,
504,Activity B,8.188966863648876
504,,
504,Activity D,9.287394001418473
504,,
504,Activity M,9.798182590890704
504,,
504,Activity K,9.798182590890704
504,,
504,Activity J,9.980494888896912
504,,
504,Activity L,9.980494888896912
504,,
504,Activity F,10.268165387743457
505,,
505,Activity B,8.188966863648876
505,,
505,Activity D,9.287394001418473
505,,
505,Activity K,9.798182590890704
505,,
505,Activity G,9.798182590890704
505,,
505,Activity N,9.980494888896912
505,,
505,Activity I,9.980494888896912
505,,
505,Activity F,10.268165387743457
506,,
506,Activity B,8.188966863648876
506,,
506,Activity D,9.287394001418473
506,,
506,Activity G,9.798182590890704
506,,
506,Activity M,9.798182590890704
506,,
506,Activity I,9.980494888896912
506,,
506,Activity N,9.980494888896912
506,,
506,Activity F,10.268165387743457
507,,
507,Activity B,8.188966863648876
507,,
507,Activity D,9.287394001418473
507,,
507,Activity G,9.798182590890704
507,,
507,Activity M,9.798182590890704
507,,
507,Activity J,9.980494888896912
507,,
507,Activity N,9.980494888896912
507,,
507,Activity F,10.268165387743457
508,,
508,Activity B,8.188966863648876
508,,
508,Activity D,9.287394001418473
508,,
508,Activity K,9.798182590890704
508,,
508,Activity M,9.798182590890704
508,,
508,Activity I,9.980494888896912
508,,
508,Activity N,9.980494888896912
508,,
508,Activity F,10.268165387743457
509,,
509,Activity B,8.188966863648876
509,,
509,Activity D,9.287394001418473
509,,
509,Activity G,9.798182590890704
509,,
509,Activity K,9.798182590890704
509,,
509,Activity J,9.980494888896912
509,,
509,Activity L,9.980494888896912
509,,
509,Activity F,10.268165387743457
510,,
510,Activity B,8.188966863648876
510,,
510,Activity D,9.287394001418473
510,,
510,Activity M,9.798182590890704
510,,
510,Activity G,9.798182590890704
510,,
510,Activity L,9.980494888896912
510,,
510,Activity J,9.980494888896912
510,,
510,Activity F,10.268165387743457
511,,
511,Activity B,8.188966863648876
511,,
511,Activity D,9.287394001418473
511,,
511,Activity K,9.798182590890704
511,,
511,Activity G,9.798182590890704
511,,
511,Activity N,9.980494888896912
511,,
511,Activity I,9.980494888896912
511,,
511,Activity F,10.268165387743457
512,,
512,Activity B,8.188966863648876
512,,
512,Activity D,9.287394001418473
512,,
512,Activity M,9.798182590890704
512,,
512,Activity G,9.798182590890704
512,,
512,Activity L,9.980494888896912
512,,
512,Activity J,9.980494888896912
512,,
512,Activity F,10.268165387743457
513,,
513,Activity B,8.188966863648876
513,,
513,Activity D,9.287394001418473
513,,
513,Activity G,9.798182590890704
513,,
513,Activity K,9.798182590890704
513,,
513,Activity J,9.980494888896912
513,,
513,Activity L,9.980494888896912
513,,
513,Activity F,10.268165387743457
514,,
514,Activity B,8.188966863648876
514,,
514,Activity D,9.287394001418473
514,,
514,Activity G,9.798182590890704
514,,
514,Activity M,9.798182590890704
514,,
514,Activity I,9.980494888896912
514,,
514,Activity N,9.980494888896912
514,,
514,Activity F,10.268165387743457
515,,
515,Activity B,8.188966863648876
515,,
515,Activity D,9.287394001418473
515,,
515,Activity K,9.798182590890704
515,,
515,Activity G,9.798182590890704
515,,
515,Activity N,9.980494888896912
515,,
515,Activity I,9.980494888896912
515,,
515,Activity F,10.268165387743457
516,,
516,Activity B,8.188966863648876
516,,
516,Activity D,9.287394001418473
516,,
516,Activity G,9.798182590890704
516,,
516,Activity K,9.798182590890704
516,,
516,Activity I,9.980494888896912
516,,
516,Activity L,9.980494888896912
516,,
516,Activity F,10.268165387743457
517,,
517,Activity B,8.188966863648876
517,,
517,Activity D,9.287394001418473
517,,
517,Activity M,9.798182590890704
517,,
517,Activity G,9.798182590890704
517,,
517,Activity L,9.980494888896912
517,,
517,Activity J,9.980494888896912
517,,
517,Activity F,10.268165387743457
518,,
518,Activity B,8.188966863648876
518,,
518,Activity D,9.287394001418473
518,,
518,Activity K,9.798182590890704
518,,
518,Activity M,9.798182590890704
518,,
518,Activity J,9.980494888896912
518,,
518,Activity N,9.980494888896912
518,,
518,Activity F,10.268165387743457
519,,
519,Activity B,8.188966863648876
519,,
519,Activity D,9.287394001418473
519,,
519,Activity M,9.798182590890704
519,,
519,Activity G,9.798182590890704
519,,
519,Activity L,9.980494888896912
519,,
519,Activity J,9.980494888896912
519,,
519,Activity F,10.268165387743457
520,,
520,Activity B,8.188966863648876
520,,
520,Activity D,9.287394001418473
520,,
520,Activity M,9.798182590890704
520,,
520,Activity K,9.798182590890704
520,,
520,Activity I,9.980494888896912
520,,
520,Activity L,9.980494888896912
520,,
520,Activity F,10.268165387743457
521,,
521,Activity B,8.188966863648876
521,,
521,Activity D,9.287394001418473
521,,
521,Activity K,9.798182590890704
521,,
521,Activity M,9.798182590890704
521,,
521,Activity I,9.980494888896912
521,,
521,Activity N,9.980494888896912
521,,
521,Activity F,10.268165387743457
522,,
522,Activity B,8.188966863648876
522,,
522,Activity D,9.287394001418473
522,,
522,Activity G,9.798182590890704
522,,
522,Activity K,9.798182590890704
522,,
522,Activity I,9.980494888896912
522,,
522,Activity L,9.980494888896912
522,,
522,Activity F,10.268165387743457
523,,
523,Activity B,8.188966863648876
523,,
523,Activity D,9.287394001418473
523,,
523,Activity M,9.798182590890704
523,,
523,Activity G,9.798182590890704
523,,
523,Activity L,9.980494888896912
523,,
523,Activity J,9.980494888896912
523,,
523,Activity F,10.268165387743457
524,,
524,Activity B,8.188966863648876
524,,
524,Activity D,9.287394001418473
524,,
524,Activity K,9.798182590890704
524,,
524,Activity M,9.798182590890704
524,,
524,Activity J,9.980494888896912
524,,
524,Activity N,9.980494888896912
524,,
524,Activity F,10.268165387743457
525,,
525,Activity B,8.188966863648876
525,,
525,Activity D,9.287394001418473
525,,
525,Activity K,9.798182590890704
525,,
525,Activity G,9.798182590890704
525,,
525,Activity N,9.980494888896912
525,,
525,Activity J,9.980494888896912
525,,
525,Activity F,10.268165387743457
526,,
526,Activity B,8.188966863648876
526,,
526,Activity D,9.287394001418473
526,,
526,Activity K,9.798182590890704
526,,
526,Activity G,9.798182590890704
526,,
526,Activity N,9.980494888896912
526,,
526,Activity J,9.980494888896912
526,,
526,Activity F,10.268165387743457
527,,
527,Activity B,8.188966863648876
527,,
527,Activity D,9.287394001418473
527,,
527,Activity M,9.798182590890704
527,,
527,Activity G,9.798182590890704
527,,
527,Activity L,9.980494888896912
527,,
527,Activity I,9.980494888896912
527,,
527,Activity F,10.268165387743457
528,,
528,Activity B,8.188966863648876
528,,
528,Activity D,9.287394001418473
528,,
528,Activity G,9.798182590890704
528,,
528,Activity K,9.798182590890704
528,,
528,Activity I,9.980494888896912
528,,
528,Activity L,9.980494888896912
528,,
528,Activity F,10.268165387743457
529,,
529,Activity B,8.188966863648876
529,,
529,Activity D,9.287394001418473
529,,
529,Activity M,9.798182590890704
529,,
529,Activity G,9.798182590890704
529,,
529,Activity L,9.980494888896912
529,,
529,Activity J,9.980494888896912
529,,
529,Activity F,10.268165387743457
530,,
530,Activity B,8.188966863648876
530,,
530,Activity D,9.287394001418473
530,,
530,Activity K,9.798182590890704
530,,
530,Activity G,9.798182590890704
530,,
530,Activity N,9.980494888896912
530,,
530,Activity I,9.980494888896912
530,,
530,Activity F,10.268165387743457
531,,
531,Activity B,8.188966863648876
531,,
531,Activity D,9.287394001418473
531,,
531,Activity G,9.798182590890704
531,,
531,Activity K,9.798182590890704
531,,
531,Activity I,9.980494888896912
531,,
531,Activity L,9.980494888896912
531,,
531,Activity F,10.268165387743457
532,,
532,Activity B,8.188966863648876
532,,
532,Activity D,9.287394001418473
532,,
532,Activity M,9.798182590890704
532,,
532,Activity G,9.798182590890704
532,,
532,Activity L,9.980494888896912
532,,
532,Activity J,9.980494888896912
532,,
532,Activity F,10.268165387743457
533,,
533,Activity B,8.188966863648876
533,,
533,Activity D,9.287394001418473
533,,
533,Activity M,9.798182590890704
533,,
533,Activity G,9.798182590890704
533,,
533,Activity L,9.980494888896912
533,,
533,Activity J,9.980494888896912
533,,
533,Activity F,10.268165387743457
534,,
534,Activity B,8.188966863648876
534,,
534,Activity D,9.287394001418473
534,,
534,Activity K,9.798182590890704
534,,
534,Activity G,9.798182590890704
534,,
534,Activity N,9.980494888896912
534,,
534,Activity J,9.980494888896912
534,,
534,Activity F,10.268165387743457
535,,
535,Activity B,8.188966863648876
535,,
535,Activity D,9.287394001418473
535,,
535,Activity K,9.798182590890704
535,,
535,Activity G,9.798182590890704
535,,
535,Activity N,9.980494888896912
535,,
535,Activity J,9.980494888896912
535,,
535,Activity F,10.268165387743457
536,,
536,Activity B,8.188966863648876
536,,
536,Activity D,9.287394001418473
536,,
536,Activity G,9.798182590890704
536,,
536,Activity K,9.798182590890704
536,,
536,Activity I,9.980494888896912
536,,
536,Activity L,9.980494888896912
536,,
536,Activity F,10.268165387743457
537,,
537,Activity B,8.188966863648876
537,,
537,Activity D,9.287394001418473
537,,
537,Activity G,9.798182590890704
537,,
537,Activity M,9.798182590890704
537,,
537,Activity J,9.980494888896912
537,,
537,Activity N,9.980494888896912
537,,
537,Activity F,10.268165387743457
538,,
538,Activity B,8.188966863648876
538,,
538,Activity D,9.287394001418473
538,,
538,Activity M,9.798182590890704
538,,
538,Activity G,9.798182590890704
538,,
538,Activity L,9.980494888896912
538,,
538,Activity I,9.980494888896912
538,,
538,Activity F,10.268165387743457
539,,
539,Activity B,8.188966863648876
539,,
539,Activity D,9.287394001418473
539,,
539,Activity K,9.798182590890704
539,,
539,Activity M,9.798182590890704
539,,
539,Activity J,9.980494888896912
539,,
539,Activity N,9.980494888896912
539,,
539,Activity F,10.268165387743457
540,,
540,Activity B,8.188966863648876
540,,
540,Activity D,9.287394001418473
540,,
540,Activity M,9.798182590890704
540,,
540,Activity G,9.798182590890704
540,,
540,Activity L,9.980494888896912
540,,
540,Activity I,9.980494888896912
540,,
540,Activity F,10.268165387743457
541,,
541,Activity B,8.188966863648876
541,,
541,Activity D,9.287394001418473
541,,
541,Activity G,9.798182590890704
541,,
541,Activity K,9.798182590890704
541,,
541,Activity I,9.980494888896912
541,,
541,Activity L,9.980494888896912
541,,
541,Activity F,10.268165387743457
542,,
542,Activity B,8.188966863648876
542,,
542,Activity D,9.287394001418473
542,,
542,Activity M,9.798182590890704
542,,
542,Activity G,9.798182590890704
542,,
542,Activity L,9.980494888896912
542,,
542,Activity J,9.980494888896912
542,,
542,Activity F,10.268165387743457
543,,
543,Activity B,8.188966863648876
543,,
543,Activity D,9.287394001418473
543,,
543,Activity G,9.798182590890704
543,,
543,Activity M,9.798182590890704
543,,
543,Activity J,9.980494888896912
543,,
543,Activity N,9.980494888896912
543,,
543,Activity F,10.268165387743457
544,,
544,Activity B,8.188966863648876
544,,
544,Activity D,9.287394001418473
544,,
544,Activity K,9.798182590890704
544,,
544,Activity G,9.798182590890704
544,,
544,Activity N,9.980494888896912
544,,
544,Activity I,9.980494888896912
544,,
544,Activity F,10.268165387743457
545,,
545,Activity B,8.188966863648876
545,,
545,Activity D,9.287394001418473
545,,
545,Activity M,9.798182590890704
545,,
545,Activity K,9.798182590890704
545,,
545,Activity J,9.980494888896912
545,,
545,Activity L,9.980494888896912
545,,
545,Activity F,10.268165387743457
546,,
546,Activity B,8.188966863648876
546,,
546,Activity D,9.287394001418473
546,,
546,Activity M,9.798182590890704
546,,
546,Activity G,9.798182590890704
546,,
546,Activity L,9.980494888896912
546,,
546,Activity I,9.980494888896912
546,,
546,Activity F,10.268165387743457
547,,
547,Activity B,8.188966863648876
547,,
547,Activity D,9.287394001418473
547,,
547,Activity M,9.798182590890704
547,,
547,Activity G,9.798182590890704
547,,
547,Activity L,9.980494888896912
547,,
547,Activity J,9.980494888896912
547,,
547,Activity F,10.268165387743457
548,,
548,Activity B,8.188966863648876
548,,
548,Activity D,9.287394001418473
548,,
548,Activity M,9.798182590890704
548,,
548,Activity K,9.798182590890704
548,,
548,Activity J,9.980494888896912
548,,
548,Activity L,9.980494888896912
548,,
548,Activity F,10.268165387743457
549,,
549,Activity B,8.188966863648876
549,,
549,Activity D,9.287394001418473
549,,
549,Activity G,9.798182590890704
549,,
549,Activity K,9.798182590890704
549,,
549,Activity I,9.980494888896912
549,,
549,Activity L,9.980494888896912
549,,
549,Activity F,10.268165387743457
550,,
550,Activity B,8.188966863648876
550,,
550,Activity D,9.287394001418473
550,,
550,Activity K,9.798182590890704
550,,
550,Activity G,9.798182590890704
550,,
550,Activity N,9.980494888896912
550,,
550,Activity J,9.980494888896912
550,,
550,Activity F,10.268165387743457
551,,
551,Activity B,8.188966863648876
551,,
551,Activity D,9.287394001418473
551,,
551,Activity M,9.798182590890704
551,,
551,Activity G,9.798182590890704
551,,
551,Activity L,9.980494888896912
551,,
551,Activity I,9.980494888896912
551,,
551,Activity F,10.268165387743457
552,,
552,Activity B,8.188966863648876
552,,
552,Activity D,9.287394001418473
552,,
552,Activity M,9.798182590890704
552,,
552,Activity G,9.798182590890704
552,,
552,Activity L,9.980494888896912
552,,
552,Activity J,9.980494888896912
552,,
552,Activity F,10.268165387743457
553,,
553,Activity B,8.188966863648876
553,,
553,Activity D,9.287394001418473
553,,
553,Activity G,9.798182590890704
553,,
553,Activity K,9.798182590890704
553,,
553,Activity I,9.980494888896912
553,,
553,Activity L,9.980494888896912
553,,
553,Activity F,10.268165387743457
554,,
554,Activity B,8.188966863648876
554,,
554,Activity D,9.287394001418473
554,,
554,Activity M,9.798182590890704
554,,
554,Activity G,9.798182590890704
554,,
554,Activity L,9.980494888896912
554,,
554,Activity J,9.980494888896912
554,,
554,Activity F,10.268165387743457
555,,
555,Activity B,8.188966863648876
555,,
555,Activity D,9.287394001418473
555,,
555,Activity G,9.798182590890704
555,,
555,Activity K,9.798182590890704
555,,
555,Activity J,9.980494888896912
555,,
555,Activity L,9.980494888896912
555,,
555,Activity F,10.268165387743457
556,,
556,Activity B,8.188966863648876
556,,
556,Activity D,9.287394001418473
556,,
556,Activity K,9.798182590890704
556,,
556,Activity M,9.798182590890704
556,,
556,Activity J,9.980494888896912
556,,
556,Activity N,9.980494888896912
556,,
556,Activity F,10.268165387743457
557,,
557,Activity B,8.188966863648876
557,,
557,Activity D,9.287394001418473
557,,
557,Activity K,9.798182590890704
557,,
557,Activity G,9.798182590890704
557,,
557,Activity N,9.980494888896912
557,,
557,Activity J,9.980494888896912
557,,
557,Activity F,10.268165387743457
558,,
558,Activity B,8.188966863648876
558,,
558,Activity D,9.287394001418473
558,,
558,Activity M,9.798182590890704
558,,
558,Activity G,9.798182590890704
558,,
558,Activity L,9.980494888896912
558,,
558,Activity J,9.980494888896912
558,,
558,Activity F,10.268165387743457
559,,
559,Activity B,8.188966863648876
559,,
559,Activity D,9.287394001418473
559,,
559,Activity M,9.798182590890704
559,,
559,Activity G,9.798182590890704
559,,
559,Activity L,9.980494888896912
559,,
559,Activity J,9.980494888896912
559,,
559,Activity F,10.268165387743457
560,,
560,Activity B,8.188966863648876
560,,
560,Activity D,9.287394001418473
560,,
560,Activity K,9.798182590890704
560,,
560,Activity M,9.798182590890704
560,,
560,Activity J,9.980494888896912
560,,
560,Activity N,9.980494888896912
560,,
560,Activity F,10.268165387743457
561,,
561,Activity B,8.188966863648876
561,,
561,Activity D,9.287394001418473
561,,
561,Activity M,9.798182590890704
561,,
561,Activity K,9.798182590890704
561,,
561,Activity I,9.980494888896912
561,,
561,Activity L,9.980494888896912
561,,
561,Activity F,10.268165387743457
562,,
562,Activity B,8.188966863648876
562,,
562,Activity D,9.287394001418473
562,,
562,Activity M,9.798182590890704
562,,
562,Activity K,9.798182590890704
562,,
562,Activity I,9.980494888896912
562,,
562,Activity L,9.980494888896912
562,,
562,Activity F,10.268165387743457
563,,
563,Activity B,8.188966863648876
563,,
563,Activity D,9.287394001418473
563,,
563,Activity K,9.798182590890704
563,,
563,Activity G,9.798182590890704
563,,
563,Activity N,9.980494888896912
563,,
563,Activity I,9.980494888896912
563,,
563,Activity F,10.268165387743457
564,,
564,Activity B,8.188966863648876
564,,
564,Activity D,9.287394001418473
564,,
564,Activity K,9.798182590890704
564,,
564,Activity M,9.798182590890704
564,,
564,Activity I,9.980494888896912
564,,
564,Activity N,9.980494888896912
564,,
564,Activity F,10.268165387743457
565,,
565,Activity B,8.188966863648876
565,,
565,Activity D,9.287394001418473
565,,
565,Activity K,9.798182590890704
565,,
565,Activity G,9.798182590890704
565,,
565,Activity N,9.980494888896912
565,,
565,Activity J,9.980494888896912
565,,
565,Activity F,10.268165387743457
566,,
566,Activity B,8.188966863648876
566,,
566,Activity D,9.287394001418473
566,,
566,Activity M,9.798182590890704
566,,
566,Activity G,9.798182590890704
566,,
566,Activity L,9.980494888896912
566,,
566,Activity I,9.980494888896912
566,,
566,Activity F,10.268165387743457
567,,
567,Activity B,8.188966863648876
567,,
567,Activity D,9.287394001418473
567,,
567,Activity M,9.798182590890704
567,,
567,Activity K,9.798182590890704
567,,
567,Activity I,9.980494888896912
567,,
567,Activity L,9.980494888896912
567,,
567,Activity F,10.268165387743457
568,,
568,Activity B,8.188966863648876
568,,
568,Activity D,9.287394001418473
568,,
568,Activity M,9.798182590890704
568,,
568,Activity G,9.798182590890704
568,,
568,Activity L,9.980494888896912
568,,
568,Activity I,9.980494888896912
568,,
568,Activity F,10.268165387743457
569,,
569,Activity B,8.188966863648876
569,,
569,Activity D,9.287394001418473
569,,
569,Activity G,9.798182590890704
569,,
569,Activity K,9.798182590890704
569,,
569,Activity I,9.980494888896912
569,,
569,Activity L,9.980494888896912
569,,
569,Activity F,10.268165387743457
570,,
570,Activity B,8.188966863648876
570,,
570,Activity D,9.287394001418473
570,,
570,Activity K,9.798182590890704
570,,
570,Activity M,9.798182590890704
570,,
570,Activity J,9.980494888896912
570,,
570,Activity N,9.980494888896912
570,,
570,Activity F,10.268165387743457
571,,
571,Activity B,8.188966863648876
571,,
571,Activity D,9.287394001418473
571,,
571,Activity K,9.798182590890704
571,,
571,Activity G,9.798182590890704
571,,
571,Activity N,9.980494888896912
571,,
571,Activity J,9.980494888896912
571,,
571,Activity F,10.268165387743457
572,,
572,Activity B,8.188966863648876
572,,
572,Activity D,9.287394001418473
572,,
572,Activity K,9.798182590890704
572,,
572,Activity G,9.798182590890704
572,,
572,Activity N,9.980494888896912
572,,
572,Activity I,9.980494888896912
572,,
572,Activity F,10.268165387743457
573,,
573,Activity B,8.188966863648876
573,,
573,Activity D,9.287394001418473
573,,
573,Activity M,9.798182590890704
573,,
573,Activity K,9.798182590890704
573,,
573,Activity I,9.980494888896912
573,,
573,Activity L,9.980494888896912
573,,
573,Activity F,10.268165387743457
574,,
574,Activity B,8.188966863648876
574,,
574,Activity D,9.287394001418473
574,,
574,Activity M,9.798182590890704
574,,
574,Activity K,9.798182590890704
574,,
574,Activity I,9.980494888896912
574,,
574,Activity L,9.980494888896912
574,,
574,Activity F,10.268165387743457
575,,
575,Activity B,8.188966863648876
575,,
575,Activity D,9.287394001418473
575,,
575,Activity G,9.798182590890704
575,,
575,Activity M,9.798182590890704
575,,
575,Activity I,9.980494888896912
575,,
575,Activity N,9.980494888896912
575,,
575,Activity F,10.268165387743457
576,,
576,Activity B,8.188966863648876
576,,
576,Activity D,9.287394001418473
576,,
576,Activity K,9.798182590890704
576,,
576,Activity M,9.798182590890704
576,,
576,Activity I,9.980494888896912
576,,
576,Activity N,9.980494888896912
576,,
576,Activity F,10.268165387743457
577,,
577,Activity B,8.188966863648876
577,,
577,Activity D,9.287394001418473
577,,
577,Activity K,9.798182590890704
577,,
577,Activity G,9.798182590890704
577,,
577,Activity N,9.980494888896912
577,,
577,Activity J,9.980494888896912
577,,
577,Activity F,10.268165387743457
578,,
578,Activity B,8.188966863648876
578,,
578,Activity D,9.287394001418473
578,,
578,Activity K,9.798182590890704
578,,
578,Activity G,9.798182590890704
578,,
578,Activity N,9.980494888896912
578,,
578,Activity I,9.980494888896912
578,,
578,Activity F,10.268165387743457
579,,
579,Activity B,8.188966863648876
579,,
579,Activity D,9.287394001418473
579,,
579,Activity G,9.798182590890704
579,,
579,Activity M,9.798182590890704
579,,
579,Activity I,9.980494888896912
579,,
579,Activity N,9.980494888896912
579,,
579,Activity F,10.268165387743457
580,,
580,Activity B,8.188966863648876
580,,
580,Activity D,9.287394001418473
580,,
580,Activity G,9.798182590890704
580,,
580,Activity K,9.798182590890704
580,,
580,Activity I,9.980494888896912
580,,
580,Activity L,9.980494888896912
580,,
580,Activity F,10.268165387743457
581,,
581,Activity B,8.188966863648876
581,,
581,Activity D,9.287394001418473
581,,
581,Activity G,9.798182590890704
581,,
581,Activity M,9.798182590890704
581,,
581,Activity I,9.980494888896912
581,,
581,Activity N,9.980494888896912
581,,
581,Activity F,10.268165387743457
582,,
582,Activity B,8.188966863648876
582,,
582,Activity D,9.287394001418473
582,,
582,Activity G,9.798182590890704
582,,
582,Activity M,9.798182590890704
582,,
582,Activity J,9.980494888896912
582,,
582,Activity N,9.980494888896912
582,,
582,Activity F,10.268165387743457
583,,
583,Activity B,8.188966863648876
583,,
583,Activity D,9.287394001418473
583,,
583,Activity M,9.798182590890704
583,,
583,Activity G,9.798182590890704
583,,
583,Activity L,9.980494888896912
583,,
583,Activity J,9.980494888896912
583,,
583,Activity F,10.268165387743457
584,,
584,Activity B,8.188966863648876
584,,
584,Activity D,9.287394001418473
584,,
584,Activity M,9.798182590890704
584,,
584,Activity K,9.798182590890704
584,,
584,Activity J,9.980494888896912
584,,
584,Activity L,9.980494888896912
584,,
584,Activity F,10.268165387743457
585,,
585,Activity B,8.188966863648876
585,,
585,Activity D,9.287394001418473
585,,
585,Activity M,9.798182590890704
585,,
585,Activity K,9.798182590890704
585,,
585,Activity J,9.980494888896912
585,,
585,Activity L,9.980494888896912
585,,
585,Activity F,10.268165387743457
586,,
586,Activity B,8.188966863648876
586,,
586,Activity D,9.287394001418473
586,,
586,Activity M,9.798182590890704
586,,
586,Activity K,9.798182590890704
586,,
586,Activity I,9.980494888896912
586,,
586,Activity L,9.980494888896912
586,,
586,Activity F,10.268165387743457
587,,
587,Activity B,8.188966863648876
587,,
587,Activity D,9.287394001418473
587,,
587,Activity M,9.798182590890704
587,,
587,Activity G,9.798182590890704
587,,
587,Activity L,9.980494888896912
587,,
587,Activity I,9.980494888896912
587,,
587,Activity F,10.268165387743457
588,,
588,Activity B,8.188966863648876
588,,
588,Activity D,9.287394001418473
588,,
588,Activity K,9.798182590890704
588,,
588,Activity M,9.798182590890704
588,,
588,Activity I,9.980494888896912
588,,
588,Activity N,9.980494888896912
588,,
588,Activity F,10.268165387743457
589,,
589,Activity B,8.188966863648876
589,,
589,Activity D,9.287394001418473
589,,
589,Activity G,9.798182590890704
589,,
589,Activity K,9.798182590890704
589,,
589,Activity J,9.980494888896912
589,,
589,Activity L,9.980494888896912
589,,
589,Activity F,10.268165387743457
590,,
590,Activity B,8.188966863648876
590,,
590,Activity D,9.287394001418473
590,,
590,Activity G,9.798182590890704
590,,
590,Activity K,9.798182590890704
590,,
590,Activity I,9.980494888896912
590,,
590,Activity L,9.980494888896912
590,,
590,Activity F,10.268165387743457
591,,
591,Activity B,8.188966863648876
591,,
591,Activity D,9.287394001418473
591,,
591,Activity K,9.798182590890704
591,,
591,Activity G,9.798182590890704
591,,
591,Activity N,9.980494888896912
591,,
591,Activity I,9.980494888896912
591,,
591,Activity F,10.268165387743457
592,,
592,Activity B,8.188966863648876
592,,
592,Activity D,9.287394001418473
592,,
592,Activity G,9.798182590890704
592,,
592,Activity K,9.798182590890704
592,,
592,Activity I,9.980494888896912
592,,
592,Activity L,9.980494888896912
592,,
592,Activity F,10.268165387743457
593,,
593,Activity B,8.188966863648876
593,,
593,Activity D,9.287394001418473
593,,
593,Activity G,9.798182590890704
593,,
593,Activity K,9.798182590890704
593,,
593,Activity J,9.980494888896912
593,,
593,Activity L,9.980494888896912
593,,
593,Activity F,10.268165387743457
594,,
594,Activity B,8.188966863648876
594,,
594,Activity D,9.287394001418473
594,,
594,Activity G,9.798182590890704
594,,
594,Activity M,9.798182590890704
594,,
594,Activity J,9.980494888896912
594,,
594,Activity N,9.980494888896912
594,,
594,Activity F,10.268165387743457
595,,
595,Activity B,8.188966863648876
595,,
595,Activity D,9.287394001418473
595,,
595,Activity M,9.798182590890704
595,,
595,Activity K,9.798182590890704
595,,
595,Activity I,9.980494888896912
595,,
595,Activity L,9.980494888896912
595,,
595,Activity F,10.268165387743457
596,,
596,Activity B,8.188966863648876
596,,
596,Activity D,9.287394001418473
596,,
596,Activity K,9.798182590890704
596,,
596,Activity M,9.798182590890704
596,,
596,Activity J,9.980494888896912
596,,
596,Activity N,9.980494888896912
596,,
596,Activity F,10.268165387743457
597,,
597,Activity B,8.188966863648876
597,,
597,Activity D,9.287394001418473
597,,
597,Activity K,9.798182590890704
597,,
597,Activity G,9.798182590890704
597,,
597,Activity N,9.980494888896912
597,,
597,Activity I,9.980494888896912
597,,
597,Activity F,10.268165387743457
598,,
598,Activity B,8.188966863648876
598,,
598,Activity D,9.287394001418473
598,,
598,Activity G,9.798182590890704
598,,
598,Activity K,9.798182590890704
598,,
598,Activity I,9.980494888896912
598,,
598,Activity L,9.980494888896912
598,,
598,Activity F,10.268165387743457
599,,
599,Activity B,8.188966863648876
599,,
599,Activity D,9.287394001418473
599,,
599,Activity M,9.798182590890704
599,,
599,Activity G,9.798182590890704
599,,
599,Activity L,9.980494888896912
599,,
599,Activity J,9.980494888896912
599,,
599,Activity F,10.268165387743457
600,,
600,Activity B,8.188966863648876
600,,
600,Activity D,9.287394001418473
600,,
600,Activity K,9.798182590890704
600,,
600,Activity M,9.798182590890704
600,,
600,Activity I,9.980494888896912
600,,
600,Activity N,9.980494888896912
600,,
600,Activity F,10.268165387743457
601,,
601,Activity B,8.188966863648876
601,,
601,Activity D,9.287394001418473
601,,
601,Activity K,9.798182590890704
601,,
601,Activity G,9.798182590890704
601,,
601,Activity N,9.980494888896912
601,,
601,Activity J,9.980494888896912
601,,
601,Activity F,10.268165387743457
602,,
602,Activity B,8.188966863648876
602,,
602,Activity D,9.287394001418473
602,,
602,Activity K,9.798182590890704
602,,
602,Activity M,9.798182590890704
602,,
602,Activity I,9.980494888896912
602,,
602,Activity N,9.980494888896912
602,,
602,Activity F,10.268165387743457
603,,
603,Activity B,8.188966863648876
603,,
603,Activity D,9.287394001418473
603,,
603,Activity M,9.798182590890704
603,,
603,Activity G,9.798182590890704
603,,
603,Activity L,9.980494888896912
603,,
603,Activity I,9.980494888896912
603,,
603,Activity F,10.268165387743457
604,,
604,Activity B,8.188966863648876
604,,
604,Activity D,9.287394001418473
604,,
604,Activity K,9.798182590890704
604,,
604,Activity G,9.798182590890704
604,,
604,Activity N,9.980494888896912
604,,
604,Activity J,9.980494888896912
604,,
604,Activity F,10.268165387743457
605,,
605,Activity B,8.188966863648876
605,,
605,Activity D,9.287394001418473
605,,
605,Activity K,9.798182590890704
605,,
605,Activity M,9.798182590890704
605,,
605,Activity I,9.980494888896912
605,,
605,Activity N,9.980494888896912
605,,
605,Activity F,10.268165387743457
606,,
606,Activity B,8.188966863648876
606,,
606,Activity D,9.287394001418473
606,,
606,Activity M,9.798182590890704
606,,
606,Activity G,9.798182590890704
606,,
606,Activity L,9.980494888896912
606,,
606,Activity J,9.980494888896912
606,,
606,Activity F,10.268165387743457
607,,
607,Activity B,8.188966863648876
607,,
607,Activity D,9.287394001418473
607,,
607,Activity K,9.798182590890704
607,,
607,Activity M,9.798182590890704
607,,
607,Activity I,9.980494888896912
607,,
607,Activity N,9.980494888896912
607,,
607,Activity F,10.268165387743457
608,,
608,Activity B,8.188966863648876
608,,
608,Activity D,9.287394001418473
608,,
608,Activity G,9.798182590890704
608,,
608,Activity M,9.798182590890704
608,,
608,Activity J,9.980494888896912
608,,
608,Activity N,9.980494888896912
608,,
608,Activity F,10.268165387743457
609,,
609,Activity B,8.188966863648876
609,,
609,Activity D,9.287394001418473
609,,
609,Activity K,9.798182590890704
609,,
609,Activity M,9.798182590890704
609,,
609,Activity J,9.980494888896912
609,,
609,Activity N,9.980494888896912
609,,
609,Activity F,10.268165387743457
610,,
610,Activity B,8.188966863648876
610,,
610,Activity D,9.287394001418473
610,,
610,Activity G,9.798182590890704
610,,
610,Activity M,9.798182590890704
610,,
610,Activity I,9.980494888896912
610,,
610,Activity N,9.980494888896912
610,,
610,Activity F,10.268165387743457
611,,
611,Activity B,8.188966863648876
611,,
611,Activity D,9.287394001418473
611,,
611,Activity M,9.798182590890704
611,,
611,Activity G,9.798182590890704
611,,
611,Activity L,9.980494888896912
611,,
611,Activity J,9.980494888896912
611,,
611,Activity F,10.268165387743457
612,,
612,Activity B,8.188966863648876
612,,
612,Activity D,9.287394001418473
612,,
612,Activity K,9.798182590890704
612,,
612,Activity M,9.798182590890704
612,,
612,Activity J,9.980494888896912
612,,
612,Activity N,9.980494888896912
612,,
612,Activity F,10.268165387743457
613,,
613,Activity B,8.188966863648876
613,,
613,Activity D,9.287394001418473
613,,
613,Activity M,9.798182590890704
613,,
613,Activity K,9.798182590890704
613,,
613,Activity J,9.980494888896912
613,,
613,Activity L,9.980494888896912
613,,
613,Activity F,10.268165387743457
614,,
614,Activity B,8.188966863648876
614,,
614,Activity D,9.287394001418473
614,,
614,Activity K,9.798182590890704
614,,
614,Activity M,9.798182590890704
614,,
614,Activity J,9.980494888896912
614,,
614,Activity N,9.980494888896912
614,,
614,Activity F,10.268165387743457
615,,
615,Activity B,8.188966863648876
615,,
615,Activity D,9.287394001418473
615,,
615,Activity M,9.798182590890704
615,,
615,Activity G,9.798182590890704
615,,
615,Activity L,9.980494888896912
615,,
615,Activity J,9.980494888896912
615,,
615,Activity F,10.268165387743457
616,,
616,Activity B,8.188966863648876
616,,
616,Activity D,9.287394001418473
616,,
616,Activity G,9.798182590890704
616,,
616,Activity K,9.798182590890704
616,,
616,Activity I,9.980494888896912
616,,
616,Activity L,9.980494888896912
616,,
616,Activity F,10.268165387743457
617,,
617,Activity B,8.188966863648876
617,,
617,Activity D,9.287394001418473
617,,
617,Activity M,9.798182590890704
617,,
617,Activity G,9.798182590890704
617,,
617,Activity L,9.980494888896912
617,,
617,Activity J,9.980494888896912
617,,
617,Activity F,10.268165387743457
618,,
618,Activity B,8.188966863648876
618,,
618,Activity D,9.287394001418473
618,,
618,Activity M,9.798182590890704
618,,
618,Activity G,9.798182590890704
618,,
618,Activity L,9.980494888896912
618,,
618,Activity I,9.980494888896912
618,,
618,Activity F,10.268165387743457
619,,
619,Activity B,8.188966863648876
619,,
619,Activity D,9.287394001418473
619,,
619,Activity G,9.798182590890704
619,,
619,Activity K,9.798182590890704
619,,
619,Activity I,9.980494888896912
619,,
619,Activity L,9.980494888896912
619,,
619,Activity F,10.268165387743457
620,,
620,Activity B,8.188966863648876
620,,
620,Activity D,9.287394001418473
620,,
620,Activity K,9.798182590890704
620,,
620,Activity G,9.798182590890704
620,,
620,Activity N,9.980494888896912
620,,
620,Activity J,9.980494888896912
620,,
620,Activity F,10.268165387743457
621,,
621,Activity B,8.188966863648876
621,,
621,Activity D,9.287394001418473
621,,
621,Activity K,9.798182590890704
621,,
621,Activity G,9.798182590890704
621,,
621,Activity N,9.980494888896912
621,,
621,Activity I,9.980494888896912
621,,
621,Activity F,10.268165387743457
622,,
622,Activity B,8.188966863648876
622,,
622,Activity D,9.287394001418473
622,,
622,Activity K,9.798182590890704
622,,
622,Activity M,9.798182590890704
622,,
622,Activity I,9.980494888896912
622,,
622,Activity N,9.980494888896912
622,,
622,Activity F,10.268165387743457
623,,
623,Activity B,8.188966863648876
623,,
623,Activity D,9.287394001418473
623,,
623,Activity M,9.798182590890704
623,,
623,Activity K,9.798182590890704
623,,
623,Activity I,9.980494888896912
623,,
623,Activity L,9.980494888896912
623,,
623,Activity F,10.268165387743457
624,,
624,Activity B,8.188966863648876
624,,
624,Activity D,9.287394001418473
624,,
624,Activity K,9.798182590890704
624,,
624,Activity M,9.798182590890704
624,,
624,Activity I,9.980494888896912
624,,
624,Activity N,9.980494888896912
624,,
624,Activity F,10.268165387743457
625,,
625,Activity B,8.188966863648876
625,,
625,Activity D,9.287394001418473
625,,
625,Activity K,9.798182590890704
625,,
625,Activity G,9.798182590890704
625,,
625,Activity N,9.980494888896912
625,,
625,Activity I,9.980494888896912
625,,
625,Activity F,10.268165387743457
626,,
626,Activity B,8.188966863648876
626,,
626,Activity D,9.287394001418473
626,,
626,Activity G,9.798182590890704
626,,
626,Activity M,9.798182590890704
626,,
626,Activity I,9.980494888896912
626,,
626,Activity N,9.980494888896912
626,,
626,Activity F,10.268165387743457
627,,
627,Activity B,8.188966863648876
627,,
627,Activity D,9.287394001418473
627,,
627,Activity G,9.798182590890704
627,,
627,Activity M,9.798182590890704
627,,
627,Activity I,9.980494888896912
627,,
627,Activity N,9.980494888896912
627,,
627,Activity F,10.268165387743457
628,,
628,Activity B,8.188966863648876
628,,
628,Activity D,9.287394001418473
628,,
628,Activity M,9.798182590890704
628,,
628,Activity K,9.798182590890704
628,,
628,Activity J,9.980494888896912
628,,
628,Activity L,9.980494888896912
628,,
628,Activity F,10.268165387743457
629,,
629,Activity B,8.188966863648876
629,,
629,Activity D,9.287394001418473
629,,
629,Activity K,9.798182590890704
629,,
629,Activity M,9.798182590890704
629,,
629,Activity J,9.980494888896912
629,,
629,Activity N,9.980494888896912
629,,
629,Activity F,10.268165387743457
630,,
630,Activity B,8.188966863648876
630,,
630,Activity D,9.287394001418473
630,,
630,Activity G,9.798182590890704
630,,
630,Activity K,9.798182590890704
630,,
630,Activity J,9.980494888896912
630,,
630,Activity L,9.980494888896912
630,,
630,Activity F,10.268165387743457
631,,
631,Activity B,8.188966863648876
631,,
631,Activity D,9.287394001418473
631,,
631,Activity K,9.798182590890704
631,,
631,Activity G,9.798182590890704
631,,
631,Activity N,9.980494888896912
631,,
631,Activity I,9.980494888896912
631,,
631,Activity F,10.268165387743457
632,,
632,Activity B,8.188966863648876
632,,
632,Activity D,9.287394001418473
632,,
632,Activity M,9.798182590890704
632,,
632,Activity G,9.798182590890704
632,,
632,Activity L,9.980494888896912
632,,
632,Activity J,9.980494888896912
632,,
632,Activity F,10.268165387743457
633,,
633,Activity B,8.188966863648876
633,,
633,Activity D,9.287394001418473
633,,
633,Activity G,9.798182590890704
633,,
633,Activity K,9.798182590890704
633,,
633,Activity I,9.980494888896912
633,,
633,Activity L,9.980494888896912
633,,
633,Activity F,10.268165387743457
634,,
634,Activity B,8.188966863648876
634,,
634,Activity D,9.287394001418473
634,,
634,Activity G,9.798182590890704
634,,
634,Activity M,9.798182590890704
634,,
634,Activity J,9.980494888896912
634,,
634,Activity N,9.980494888896912
634,,
634,Activity F,10.268165387743457
635,,
635,Activity B,8.188966863648876
635,,
635,Activity D,9.287394001418473
635,,
635,Activity G,9.798182590890704
635,,
635,Activity M,9.798182590890704
635,,
635,Activity J,9.980494888896912
635,,
635,Activity N,9.980494888896912
635,,
635,Activity F,10.268165387743457
636,,
636,Activity B,8.188966863648876
636,,
636,Activity D,9.287394001418473
636,,
636,Activity K,9.798182590890704
636,,
636,Activity M,9.798182590890704
636,,
636,Activity J,9.980494888896912
636,,
636,Activity N,9.980494888896912
636,,
636,Activity F,10.268165387743457
637,,
637,Activity B,8.188966863648876
637,,
637,Activity D,9.287394001418473
637,,
637,Activity G,9.798182590890704
637,,
637,Activity K,9.798182590890704
637,,
637,Activity I,9.980494888896912
637,,
637,Activity L,9.980494888896912
637,,
637,Activity F,10.268165387743457
638,,
638,Activity B,8.188966863648876
638,,
638,Activity D,9.287394001418473
638,,
638,Activity M,9.798182590890704
638,,
638,Activity G,9.798182590890704
638,,
638,Activity L,9.980494888896912
638,,
638,Activity I,9.980494888896912
638,,
638,Activity F,10.268165387743457
639,,
639,Activity B,8.188966863648876
639,,
639,Activity D,9.287394001418473
639,,
639,Activity G,9.798182590890704
639,,
639,Activity K,9.798182590890704
639,,
639,Activity I,9.980494888896912
639,,
639,Activity L,9.980494888896912
639,,
639,Activity F,10.268165387743457
640,,
640,Activity B,8.188966863648876
640,,
640,Activity D,9.287394001418473
640,,
640,Activity G,9.798182590890704
640,,
640,Activity M,9.798182590890704
640,,
640,Activity J,9.980494888896912
640,,
640,Activity N,9.980494888896912
640,,
640,Activity F,10.268165387743457
641,,
641,Activity B,8.188966863648876
641,,
641,Activity D,9.287394001418473
641,,
641,Activity G,9.798182590890704
641,,
641,Activity K,9.798182590890704
641,,
641,Activity I,9.980494888896912
641,,
641,Activity L,9.980494888896912
641,,
641,Activity F,10.268165387743457
642,,
642,Activity B,8.188966863648876
642,,
642,Activity D,9.287394001418473
642,,
642,Activity G,9.798182590890704
642,,
642,Activity K,9.798182590890704
642,,
642,Activity I,9.980494888896912
642,,
642,Activity L,9.980494888896912
642,,
642,Activity F,10.268165387743457
643,,
643,Activity B,8.188966863648876
643,,
643,Activity D,9.287394001418473
643,,
643,Activity M,9.798182590890704
643,,
643,Activity G,9.798182590890704
643,,
643,Activity L,9.980494888896912
643,,
643,Activity I,9.980494888896912
643,,
643,Activity F,10.268165387743457
644,,
644,Activity B,8.188966863648876
644,,
644,Activity D,9.287394001418473
644,,
644,Activity K,9.798182590890704
644,,
644,Activity G,9.798182590890704
644,,
644,Activity N,9.980494888896912
644,,
644,Activity J,9.980494888896912
644,,
644,Activity F,10.268165387743457
645,,
645,Activity B,8.188966863648876
645,,
645,Activity D,9.287394001418473
645,,
645,Activity G,9.798182590890704
645,,
645,Activity K,9.798182590890704
645,,
645,Activity J,9.980494888896912
645,,
645,Activity L,9.980494888896912
645,,
645,Activity F,10.268165387743457
646,,
646,Activity B,8.188966863648876
646,,
646,Activity D,9.287394001418473
646,,
646,Activity G,9.798182590890704
646,,
646,Activity M,9.798182590890704
646,,
646,Activity I,9.980494888896912
646,,
646,Activity N,9.980494888896912
646,,
646,Activity F,10.268165387743457
647,,
647,Activity B,8.188966863648876
647,,
647,Activity D,9.287394001418473
647,,
647,Activity G,9.798182590890704
647,,
647,Activity K,9.798182590890704
647,,
647,Activity J,9.980494888896912
647,,
647,Activity L,9.980494888896912
647,,
647,Activity F,10.268165387743457
648,,
648,Activity B,8.188966863648876
648,,
648,Activity D,9.287394001418473
648,,
648,Activity M,9.798182590890704
648,,
648,Activity G,9.798182590890704
648,,
648,Activity L,9.980494888896912
648,,
648,Activity I,9.980494888896912
648,,
648,Activity F,10.268165387743457
649,,
649,Activity B,8.188966863648876
649,,
649,Activity D,9.287394001418473
649,,
649,Activity M,9.798182590890704
649,,
649,Activity G,9.798182590890704
649,,
649,Activity L,9.980494888896912
649,,
649,Activity J,9.980494888896912
649,,
649,Activity F,10.268165387743457
650,,
650,Activity B,8.188966863648876
650,,
650,Activity D,9.287394001418473
650,,
650,Activity G,9.798182590890704
650,,
650,Activity K,9.798182590890704
650,,
650,Activity J,9.980494888896912
650,,
650,Activity L,9.980494888896912
650,,
650,Activity F,10.268165387743457
651,,
651,Activity B,8.188966863648876
651,,
651,Activity D,9.287394001418473
651,,
651,Activity G,9.798182590890704
651,,
651,Activity M,9.798182590890704
651,,
651,Activity I,9.980494888896912
651,,
651,Activity N,9.980494888896912
651,,
651,Activity F,10.268165387743457
652,,
652,Activity B,8.188966863648876
652,,
652,Activity D,9.287394001418473
652,,
652,Activity G,9.798182590890704
652,,
652,Activity K,9.798182590890704
652,,
652,Activity I,9.980494888896912
652,,
652,Activity L,9.980494888896912
652,,
652,Activity F,10.268165387743457
653,,
653,Activity B,8.188966863648876
653,,
653,Activity D,9.287394001418473
653,,
653,Activity M,9.798182590890704
653,,
653,Activity G,9.798182590890704
653,,
653,Activity L,9.980494888896912
653,,
653,Activity I,9.980494888896912
653,,
653,Activity F,10.268165387743457
654,,
654,Activity B,8.188966863648876
654,,
654,Activity D,9.287394001418473
654,,
654,Activity M,9.798182590890704
654,,
654,Activity G,9.798182590890704
654,,
654,Activity L,9.980494888896912
654,,
654,Activity J,9.980494888896912
654,,
654,Activity F,10.268165387743457
655,,
655,Activity B,8.188966863648876
655,,
655,Activity D,9.287394001418473
655,,
655,Activity K,9.798182590890704
655,,
655,Activity G,9.798182590890704
655,,
655,Activity N,9.980494888896912
655,,
655,Activity J,9.980494888896912
655,,
655,Activity F,10.268165387743457
656,,
656,Activity B,8.188966863648876
656,,
656,Activity D,9.287394001418473
656,,
656,Activity K,9.798182590890704
656,,
656,Activity G,9.798182590890704
656,,
656,Activity N,9.980494888896912
656,,
656,Activity J,9.980494888896912
656,,
656,Activity F,10.268165387743457
657,,
657,Activity B,8.188966863648876
657,,
657,Activity D,9.287394001418473
657,,
657,Activity M,9.798182590890704
657,,
657,Activity K,9.798182590890704
657,,
657,Activity J,9.980494888896912
657,,
657,Activity L,9.980494888896912
657,,
657,Activity F,10.268165387743457
658,,
658,Activity B,8.188966863648876
658,,
658,Activity D,9.287394001418473
658,,
658,Activity G,9.798182590890704
658,,
658,Activity M,9.798182590890704
658,,
658,Activity J,9.980494888896912
658,,
658,Activity N,9.980494888896912
658,,
658,Activity F,10.268165387743457
659,,
659,Activity B,8.188966863648876
659,,
659,Activity D,9.287394001418473
659,,
659,Activity M,9.798182590890704
659,,
659,Activity K,9.798182590890704
659,,
659,Activity J,9.980494888896912
659,,
659,Activity L,9.980494888896912
659,,
659,Activity F,10.268165387743457
660,,
660,Activity B,8.188966863648876
660,,
660,Activity D,9.287394001418473
660,,
660,Activity K,9.798182590890704
660,,
660,Activity G,9.798182590890704
660,,
660,Activity N,9.980494888896912
660,,
660,Activity I,9.980494888896912
660,,
660,Activity F,10.268165387743457
661,,
661,Activity B,8.188966863648876
661,,
661,Activity D,9.287394001418473
661,,
661,Activity K,9.798182590890704
661,,
661,Activity G,9.798182590890704
661,,
661,Activity N,9.980494888896912
661,,
661,Activity J,9.980494888896912
661,,
661,Activity F,10.268165387743457
662,,
662,Activity B,8.188966863648876
662,,
662,Activity D,9.287394001418473
662,,
662,Activity G,9.798182590890704
662,,
662,Activity M,9.798182590890704
662,,
662,Activity I,9.980494888896912
662,,
662,Activity N,9.980494888896912
662,,
662,Activity F,10.268165387743457
663,,
663,Activity B,8.188966863648876
663,,
663,Activity D,9.287394001418473
663,,
663,Activity M,9.798182590890704
663,,
663,Activity G,9.798182590890704
663,,
663,Activity L,9.980494888896912
663,,
663,Activity J,9.980494888896912
663,,
663,Activity F,10.268165387743457
664,,
664,Activity B,8.188966863648876
664,,
664,Activity D,9.287394001418473
664,,
664,Activity G,9.798182590890704
664,,
664,Activity M,9.798182590890704
664,,
664,Activity J,9.980494888896912
664,,
664,Activity N,9.980494888896912
664,,
664,Activity F,10.268165387743457
665,,
665,Activity B,8.188966863648876
665,,
665,Activity D,9.287394001418473
665,,
665,Activity M,9.798182590890704
665,,
665,Activity K,9.798182590890704
665,,
665,Activity I,9.980494888896912
665,,
665,Activity L,9.980494888896912
665,,
665,Activity F,10.268165387743457
666,,
666,Activity B,8.188966863648876
666,,
666,Activity D,9.287394001418473
666,,
666,Activity M,9.798182590890704
666,,
666,Activity G,9.798182590890704
666,,
666,Activity L,9.980494888896912
666,,
666,Activity I,9.980494888896912
666,,
666,Activity F,10.268165387743457
667,,
667,Activity B,8.188966863648876
667,,
667,Activity D,9.287394001418473
667,,
667,Activity K,9.798182590890704
667,,
667,Activity G,9.798182590890704
667,,
667,Activity N,9.980494888896912
667,,
667,Activity I,9.980494888896912
667,,
667,Activity F,10.268165387743457
668,,
668,Activity B,8.188966863648876
668,,
668,Activity D,9.287394001418473
668,,
668,Activity K,9.798182590890704
668,,
668,Activity M,9.798182590890704
668,,
668,Activity J,9.980494888896912
668,,
668,Activity N,9.980494888896912
668,,
668,Activity F,10.268165387743457
669,,
669,Activity B,8.188966863648876
669,,
669,Activity D,9.287394001418473
669,,
669,Activity G,9.798182590890704
669,,
669,Activity M,9.798182590890704
669,,
669,Activity I,9.980494888896912
669,,
669,Activity N,9.980494888896912
669,,
669,Activity F,10.268165387743457
670,,
670,Activity B,8.188966863648876
670,,
670,Activity D,9.287394001418473
670,,
670,Activity G,9.798182590890704
670,,
670,Activity M,9.798182590890704
670,,
670,Activity I,9.980494888896912
670,,
670,Activity N,9.980494888896912
670,,
670,Activity F,10.268165387743457
671,,
671,Activity B,8.188966863648876
671,,
671,Activity D,9.287394001418473
671,,
671,Activity G,9.798182590890704
671,,
671,Activity M,9.798182590890704
671,,
671,Activity J,9.980494888896912
671,,
671,Activity N,9.980494888896912
671,,
671,Activity F,10.268165387743457
672,,
672,Activity B,8.188966863648876
672,,
672,Activity D,9.287394001418473
672,,
672,Activity K,9.798182590890704
672,,
672,Activity G,9.798182590890704
672,,
672,Activity N,9.980494888896912
672,,
672,Activity I,9.980494888896912
672,,
672,Activity F,10.268165387743457
673,,
673,Activity B,8.188966863648876
673,,
673,Activity D,9.287394001418473
673,,
673,Activity K,9.798182590890704
673,,
673,Activity M,9.798182590890704
673,,
673,Activity J,9.980494888896912
673,,
673,Activity N,9.980494888896912
673,,
673,Activity F,10.268165387743457
674,,
674,Activity B,8.188966863648876
674,,
674,Activity D,9.287394001418473
674,,
674,Activity K,9.798182590890704
674,,
674,Activity G,9.798182590890704
674,,
674,Activity N,9.980494888896912
674,,
674,Activity J,9.980494888896912
674,,
674,Activity F,10.268165387743457
675,,
675,Activity B,8.188966863648876
675,,
675,Activity D,9.287394001418473
675,,
675,Activity G,9.798182590890704
675,,
675,Activity K,9.798182590890704
675,,
675,Activity J,9.980494888896912
675,,
675,Activity L,9.980494888896912
675,,
675,Activity F,10.268165387743457
676,,
676,Activity B,8.188966863648876
676,,
676,Activity D,9.287394001418473
676,,
676,Activity G,9.798182590890704
676,,
676,Activity K,9.798182590890704
676,,
676,Activity J,9.980494888896912
676,,
676,Activity L,9.980494888896912
676,,
676,Activity F,10.268165387743457
677,,
677,Activity B,8.188966863648876
677,,
677,Activity D,9.287394001418473
677,,
677,Activity K,9.798182590890704
677,,
677,Activity G,9.798182590890704
677,,
677,Activity N,9.980494888896912
677,,
677,Activity I,9.980494888896912
677,,
677,Activity F,10.268165387743457
678,,
678,Activity B,8.188966863648876
678,,
678,Activity D,9.287394001418473
678,,
678,Activity G,9.798182590890704
678,,
678,Activity M,9.798182590890704
678,,
678,Activity I,9.980494888896912
678,,
678,Activity N,9.980494888896912
678,,
678,Activity F,10.268165387743457
679,,
679,Activity B,8.188966863648876
679,,
679,Activity D,9.287394001418473
679,,
679,Activity K,9.798182590890704
679,,
679,Activity M,9.798182590890704
679,,
679,Activity J,9.980494888896912
679,,
679,Activity N,9.980494888896912
679,,
679,Activity F,10.268165387743457
680,,
680,Activity B,8.188966863648876
680,,
680,Activity D,9.287394001418473
680,,
680,Activity K,9.798182590890704
680,,
680,Activity M,9.798182590890704
680,,
680,Activity I,9.980494888896912
680,,
680,Activity N,9.980494888896912
680,,
680,Activity F,10.268165387743457
681,,
681,Activity B,8.188966863648876
681,,
681,Activity D,9.287394001418473
681,,
681,Activity M,9.798182590890704
681,,
681,Activity K,9.798182590890704
681,,
681,Activity J,9.980494888896912
681,,
681,Activity L,9.980494888896912
681,,
681,Activity F,10.268165387743457
682,,
682,Activity B,8.188966863648876
682,,
682,Activity D,9.287394001418473
682,,
682,Activity M,9.798182590890704
682,,
682,Activity K,9.798182590890704
682,,
682,Activity J,9.980494888896912
682,,
682,Activity L,9.980494888896912
682,,
682,Activity F,10.268165387743457
683,,
683,Activity B,8.188966863648876
683,,
683,Activity D,9.287394001418473
683,,
683,Activity K,9.798182590890704
683,,
683,Activity G,9.798182590890704
683,,
683,Activity N,9.980494888896912
683,,
683,Activity I,9.980494888896912
683,,
683,Activity F,10.268165387743457
684,,
684,Activity B,8.188966863648876
684,,
684,Activity D,9.287394001418473
684,,
684,Activity M,9.798182590890704
684,,
684,Activity G,9.798182590890704
684,,
684,Activity L,9.980494888896912
684,,
684,Activity I,9.980494888896912
684,,
684,Activity F,10.268165387743457
685,,
685,Activity B,8.188966863648876
685,,
685,Activity D,9.287394001418473
685,,
685,Activity M,9.798182590890704
685,,
685,Activity G,9.798182590890704
685,,
685,Activity L,9.980494888896912
685,,
685,Activity I,9.980494888896912
685,,
685,Activity F,10.268165387743457
686,,
686,Activity B,8.188966863648876
686,,
686,Activity D,9.287394001418473
686,,
686,Activity G,9.798182590890704
686,,
686,Activity K,9.798182590890704
686,,
686,Activity I,9.980494888896912
686,,
686,Activity L,9.980494888896912
686,,
686,Activity F,10.268165387743457
687,,
687,Activity B,8.188966863648876
687,,
687,Activity D,9.287394001418473
687,,
687,Activity K,9.798182590890704
687,,
687,Activity M,9.798182590890704
687,,
687,Activity I,9.980494888896912
687,,
687,Activity N,9.980494888896912
687,,
687,Activity F,10.268165387743457
688,,
688,Activity B,8.188966863648876
688,,
688,Activity D,9.287394001418473
688,,
688,Activity G,9.798182590890704
688,,
688,Activity K,9.798182590890704
688,,
688,Activity I,9.980494888896912
688,,
688,Activity L,9.980494888896912
688,,
688,Activity F,10.268165387743457
689,,
689,Activity B,8.188966863648876
689,,
689,Activity D,9.287394001418473
689,,
689,Activity K,9.798182590890704
689,,
689,Activity M,9.798182590890704
689,,
689,Activity I,9.980494888896912
689,,
689,Activity N,9.980494888896912
689,,
689,Activity F,10.268165387743457
690,,
690,Activity B,8.188966863648876
690,,
690,Activity D,9.287394001418473
690,,
690,Activity K,9.798182590890704
690,,
690,Activity M,9.798182590890704
690,,
690,Activity J,9.980494888896912
690,,
690,Activity N,9.980494888896912
690,,
690,Activity F,10.268165387743457
691,,
691,Activity B,8.188966863648876
691,,
691,Activity D,9.287394001418473
691,,
691,Activity M,9.798182590890704
691,,
691,Activity K,9.798182590890704
691,,
691,Activity I,9.980494888896912
691,,
691,Activity L,9.980494888896912
691,,
691,Activity F,10.268165387743457
692,,
692,Activity B,8.188966863648876
692,,
692,Activity D,9.287394001418473
692,,
692,Activity M,9.798182590890704
692,,
692,Activity G,9.798182590890704
692,,
692,Activity L,9.980494888896912
692,,
692,Activity J,9.980494888896912
692,,
692,Activity F,10.268165387743457
693,,
693,Activity B,8.188966863648876
693,,
693,Activity D,9.287394001418473
693,,
693,Activity M,9.798182590890704
693,,
693,Activity G,9.798182590890704
693,,
693,Activity L,9.980494888896912
693,,
693,Activity I,9.980494888896912
693,,
693,Activity F,10.268165387743457
694,,
694,Activity B,8.188966863648876
694,,
694,Activity D,9.287394001418473
694,,
694,Activity G,9.798182590890704
694,,
694,Activity M,9.798182590890704
694,,
694,Activity I,9.980494888896912
694,,
694,Activity N,9.980494888896912
694,,
694,Activity F,10.268165387743457
695,,
695,Activity B,8.188966863648876
695,,
695,Activity D,9.287394001418473
695,,
695,Activity K,9.798182590890704
695,,
695,Activity G,9.798182590890704
695,,
695,Activity N,9.980494888896912
695,,
695,Activity J,9.980494888896912
695,,
695,Activity F,10.268165387743457
696,,
696,Activity B,8.188966863648876
696,,
696,Activity D,9.287394001418473
696,,
696,Activity G,9.798182590890704
696,,
696,Activity K,9.798182590890704
696,,
696,Activity J,9.980494888896912
696,,
696,Activity L,9.980494888896912
696,,
696,Activity F,10.268165387743457
697,,
697,Activity B,8.188966863648876
697,,
697,Activity D,9.287394001418473
697,,
697,Activity G,9.798182590890704
697,,
697,Activity M,9.798182590890704
697,,
697,Activity I,9.980494888896912
697,,
697,Activity N,9.980494888896912
697,,
697,Activity F,10.268165387743457
698,,
698,Activity B,8.188966863648876
698,,
698,Activity D,9.287394001418473
698,,
698,Activity G,9.798182590890704
698,,
698,Activity M,9.798182590890704
698,,
698,Activity I,9.980494888896912
698,,
698,Activity N,9.980494888896912
698,,
698,Activity F,10.268165387743457
699,,
699,Activity B,8.188966863648876
699,,
699,Activity D,9.287394001418473
699,,
699,Activity G,9.798182590890704
699,,
699,Activity M,9.798182590890704
699,,
699,Activity I,9.980494888896912
699,,
699,Activity N,9.980494888896912
699,,
699,Activity F,10.268165387743457
700,,
700,Activity B,8.188966863648876
700,,
700,Activity D,9.287394001418473
700,,
700,Activity G,9.798182590890704
700,,
700,Activity K,9.798182590890704
700,,
700,Activity J,9.980494888896912
700,,
700,Activity L,9.980494888896912
700,,
700,Activity F,10.268165387743457
701,,
701,Activity B,8.188966863648876
701,,
701,Activity D,9.287394001418473
701,,
701,Activity M,9.798182590890704
701,,
701,Activity K,9.798182590890704
701,,
701,Activity J,9.980494888896912
701,,
701,Activity L,9.980494888896912
701,,
701,Activity F,10.268165387743457
702,,
702,Activity B,8.188966863648876
702,,
702,Activity D,9.287394001418473
702,,
702,Activity K,9.798182590890704
702,,
702,Activity M,9.798182590890704
702,,
702,Activity I,9.980494888896912
702,,
702,Activity N,9.980494888896912
702,,
702,Activity F,10.268165387743457
703,,
703,Activity B,8.188966863648876
703,,
703,Activity D,9.287394001418473
703,,
703,Activity G,9.798182590890704
703,,
703,Activity K,9.798182590890704
703,,
703,Activity I,9.980494888896912
703,,
703,Activity L,9.980494888896912
703,,
703,Activity F,10.268165387743457
704,,
704,Activity B,8.188966863648876
704,,
704,Activity D,9.287394001418473
704,,
704,Activity K,9.798182590890704
704,,
704,Activity M,9.798182590890704
704,,
704,Activity I,9.980494888896912
704,,
704,Activity N,9.980494888896912
704,,
704,Activity F,10.268165387743457
705,,
705,Activity B,8.188966863648876
705,,
705,Activity D,9.287394001418473
705,,
705,Activity K,9.798182590890704
705,,
705,Activity G,9.798182590890704
705,,
705,Activity N,9.980494888896912
705,,
705,Activity J,9.980494888896912
705,,
705,Activity F,10.268165387743457
706,,
706,Activity B,8.188966863648876
706,,
706,Activity D,9.287394001418473
706,,
706,Activity G,9.798182590890704
706,,
706,Activity K,9.798182590890704
706,,
706,Activity I,9.980494888896912
706,,
706,Activity L,9.980494888896912
706,,
706,Activity F,10.268165387743457
707,,
707,Activity B,8.188966863648876
707,,
707,Activity D,9.287394001418473
707,,
707,Activity K,9.798182590890704
707,,
707,Activity M,9.798182590890704
707,,
707,Activity J,9.980494888896912
707,,
707,Activity N,9.980494888896912
707,,
707,Activity F,10.268165387743457
708,,
708,Activity B,8.188966863648876
708,,
708,Activity D,9.287394001418473
708,,
708,Activity M,9.798182590890704
708,,
708,Activity K,9.798182590890704
708,,
708,Activity I,9.980494888896912
708,,
708,Activity L,9.980494888896912
708,,
708,Activity F,10.268165387743457
709,,
709,Activity B,8.188966863648876
709,,
709,Activity D,9.287394001418473
709,,
709,Activity G,9.798182590890704
709,,
709,Activity K,9.798182590890704
709,,
709,Activity J,9.980494888896912
709,,
709,Activity L,9.980494888896912
709,,
709,Activity F,10.268165387743457
710,,
710,Activity B,8.188966863648876
710,,
710,Activity D,9.287394001418473
710,,
710,Activity M,9.798182590890704
710,,
710,Activity K,9.798182590890704
710,,
710,Activity J,9.980494888896912
710,,
710,Activity L,9.980494888896912
710,,
710,Activity F,10.268165387743457
711,,
711,Activity B,8.188966863648876
711,,
711,Activity D,9.287394001418473
711,,
711,Activity K,9.798182590890704
711,,
711,Activity M,9.798182590890704
711,,
711,Activity J,9.980494888896912
711,,
711,Activity N,9.980494888896912
711,,
711,Activity F,10.268165387743457
712,,
712,Activity B,8.188966863648876
712,,
712,Activity D,9.287394001418473
712,,
712,Activity K,9.798182590890704
712,,
712,Activity M,9.798182590890704
712,,
712,Activity J,9.980494888896912
712,,
712,Activity N,9.980494888896912
712,,
712,Activity F,10.268165387743457
713,,
713,Activity B,8.188966863648876
713,,
713,Activity D,9.287394001418473
713,,
713,Activity M,9.798182590890704
713,,
713,Activity G,9.798182590890704
713,,
713,Activity L,9.980494888896912
713,,
713,Activity I,9.980494888896912
713,,
713,Activity F,10.268165387743457
714,,
714,Activity B,8.188966863648876
714,,
714,Activity D,9.287394001418473
714,,
714,Activity M,9.798182590890704
714,,
714,Activity G,9.798182590890704
714,,
714,Activity L,9.980494888896912
714,,
714,Activity J,9.980494888896912
714,,
714,Activity F,10.268165387743457
715,,
715,Activity B,8.188966863648876
715,,
715,Activity D,9.287394001418473
715,,
715,Activity G,9.798182590890704
715,,
715,Activity M,9.798182590890704
715,,
715,Activity J,9.980494888896912
715,,
715,Activity N,9.980494888896912
715,,
715,Activity F,10.268165387743457
716,,
716,Activity B,8.188966863648876
716,,
716,Activity D,9.287394001418473
716,,
716,Activity K,9.798182590890704
716,,
716,Activity G,9.798182590890704
716,,
716,Activity N,9.980494888896912
716,,
716,Activity I,9.980494888896912
716,,
716,Activity F,10.268165387743457
717,,
717,Activity B,8.188966863648876
717,,
717,Activity D,9.287394001418473
717,,
717,Activity K,9.798182590890704
717,,
717,Activity M,9.798182590890704
717,,
717,Activity J,9.980494888896912
717,,
717,Activity N,9.980494888896912
717,,
717,Activity F,10.268165387743457
718,,
718,Activity B,8.188966863648876
718,,
718,Activity D,9.287394001418473
718,,
718,Activity G,9.798182590890704
718,,
718,Activity M,9.798182590890704
718,,
718,Activity J,9.980494888896912
718,,
718,Activity N,9.980494888896912
718,,
718,Activity F,10.268165387743457
719,,
719,Activity B,8.188966863648876
719,,
719,Activity D,9.287394001418473
719,,
719,Activity G,9.798182590890704
719,,
719,Activity K,9.798182590890704
719,,
719,Activity J,9.980494888896912
719,,
719,Activity L,9.980494888896912
719,,
719,Activity F,10.268165387743457
720,,
720,Activity B,8.188966863648876
720,,
720,Activity D,9.287394001418473
720,,
720,Activity G,9.798182590890704
720,,
720,Activity M,9.798182590890704
720,,
720,Activity J,9.980494888896912
720,,
720,Activity N,9.980494888896912
720,,
720,Activity F,10.268165387743457
721,,
721,Activity B,8.188966863648876
721,,
721,Activity D,9.287394001418473
721,,
721,Activity M,9.798182590890704
721,,
721,Activity K,9.798182590890704
721,,
721,Activity I,9.980494888896912
721,,
721,Activity L,9.980494888896912
721,,
721,Activity F,10.268165387743457
722,,
722,Activity B,8.188966863648876
722,,
722,Activity D,9.287394001418473
722,,
722,Activity K,9.798182590890704
722,,
722,Activity M,9.798182590890704
722,,
722,Activity J,9.980494888896912
722,,
722,Activity N,9.980494888896912
722,,
722,Activity F,10.268165387743457
723,,
723,Activity B,8.188966863648876
723,,
723,Activity D,9.287394001418473
723,,
723,Activity G,9.798182590890704
723,,
723,Activity K,9.798182590890704
723,,
723,Activity J,9.980494888896912
723,,
723,Activity L,9.980494888896912
723,,
723,Activity F,10.268165387743457
724,,
724,Activity B,8.188966863648876
724,,
724,Activity D,9.287394001418473
724,,
724,Activity G,9.798182590890704
724,,
724,Activity M,9.798182590890704
724,,
724,Activity J,9.980494888896912
724,,
724,Activity N,9.980494888896912
724,,
724,Activity F,10.268165387743457
725,,
725,Activity B,8.188966863648876
725,,
725,Activity D,9.287394001418473
725,,
725,Activity K,9.798182590890704
725,,
725,Activity G,9.798182590890704
725,,
725,Activity N,9.980494888896912
725,,
725,Activity I,9.980494888896912
725,,
725,Activity F,10.268165387743457
726,,
726,Activity B,8.188966863648876
726,,
726,Activity D,9.287394001418473
726,,
726,Activity K,9.798182590890704
726,,
726,Activity G,9.798182590890704
726,,
726,Activity N,9.980494888896912
726,,
726,Activity J,9.980494888896912
726,,
726,Activity F,10.268165387743457
727,,
727,Activity B,8.188966863648876
727,,
727,Activity D,9.287394001418473
727,,
727,Activity M,9.798182590890704
727,,
727,Activity K,9.798182590890704
727,,
727,Activity J,9.980494888896912
727,,
727,Activity L,9.980494888896912
727,,
727,Activity F,10.268165387743457
728,,
728,Activity B,8.188966863648876
728,,
728,Activity D,9.287394001418473
728,,
728,Activity G,9.798182590890704
728,,
728,Activity K,9.798182590890704
728,,
728,Activity J,9.980494888896912
728,,
728,Activity L,9.980494888896912
728,,
728,Activity F,10.268165387743457
729,,
729,Activity B,8.188966863648876
729,,
729,Activity D,9.287394001418473
729,,
729,Activity M,9.798182590890704
729,,
729,Activity K,9.798182590890704
729,,
729,Activity J,9.980494888896912
729,,
729,Activity L,9.980494888896912
729,,
729,Activity F,10.268165387743457
730,,
730,Activity B,8.188966863648876
730,,
730,Activity D,9.287394001418473
730,,
730,Activity G,9.798182590890704
730,,
730,Activity M,9.798182590890704
730,,
730,Activity J,9.980494888896912
730,,
730,Activity N,9.980494888896912
730,,
730,Activity F,10.268165387743457
731,,
731,Activity B,8.188966863648876
731,,
731,Activity D,9.287394001418473
731,,
731,Activity G,9.798182590890704
731,,
731,Activity K,9.798182590890704
731,,
731,Activity I,9.980494888896912
731,,
731,Activity L,9.980494888896912
731,,
731,Activity F,10.268165387743457
732,,
732,Activity B,8.188966863648876
732,,
732,Activity D,9.287394001418473
732,,
732,Activity G,9.798182590890704
732,,
732,Activity M,9.798182590890704
732,,
732,Activity I,9.980494888896912
732,,
732,Activity N,9.980494888896912
732,,
732,Activity F,10.268165387743457
733,,
733,Activity B,8.188966863648876
733,,
733,Activity D,9.287394001418473
733,,
733,Activity K,9.798182590890704
733,,
733,Activity M,9.798182590890704
733,,
733,Activity J,9.980494888896912
733,,
733,Activity N,9.980494888896912
733,,
733,Activity F,10.268165387743457
734,,
734,Activity B,8.188966863648876
734,,
734,Activity D,9.287394001418473
734,,
734,Activity K,9.798182590890704
734,,
734,Activity M,9.798182590890704
734,,
734,Activity J,9.980494888896912
734,,
734,Activity N,9.980494888896912
734,,
734,Activity F,10.268165387743457
735,,
735,Activity B,8.188966863648876
735,,
735,Activity D,9.287394001418473
735,,
735,Activity K,9.798182590890704
735,,
735,Activity G,9.798182590890704
735,,
735,Activity N,9.980494888896912
735,,
735,Activity I,9.980494888896912
735,,
735,Activity F,10.268165387743457
736,,
736,Activity B,8.188966863648876
736,,
736,Activity D,9.287394001418473
736,,
736,Activity K,9.798182590890704
736,,
736,Activity M,9.798182590890704
736,,
736,Activity I,9.980494888896912
736,,
736,Activity N,9.980494888896912
736,,
736,Activity F,10.268165387743457
737,,
737,Activity B,8.188966863648876
737,,
737,Activity D,9.287394001418473
737,,
737,Activity K,9.798182590890704
737,,
737,Activity G,9.798182590890704
737,,
737,Activity N,9.980494888896912
737,,
737,Activity I,9.980494888896912
737,,
737,Activity F,10.268165387743457
738,,
738,Activity B,8.188966863648876
738,,
738,Activity D,9.287394001418473
738,,
738,Activity G,9.798182590890704
738,,
738,Activity K,9.798182590890704
738,,
738,Activity I,9.980494888896912
738,,
738,Activity L,9.980494888896912
738,,
738,Activity F,10.268165387743457
739,,
739,Activity B,8.188966863648876
739,,
739,Activity D,9.287394001418473
739,,
739,Activity G,9.798182590890704
739,,
739,Activity M,9.798182590890704
739,,
739,Activity J,9.980494888896912
739,,
739,Activity N,9.980494888896912
739,,
739,Activity F,10.268165387743457
740,,
740,Activity B,8.188966863648876
740,,
740,Activity D,9.287394001418473
740,,
740,Activity M,9.798182590890704
740,,
740,Activity G,9.798182590890704
740,,
740,Activity L,9.980494888896912
740,,
740,Activity J,9.980494888896912
740,,
740,Activity F,10.268165387743457
741,,
741,Activity B,8.188966863648876
741,,
741,Activity D,9.287394001418473
741,,
741,Activity G,9.798182590890704
741,,
741,Activity M,9.798182590890704
741,,
741,Activity J,9.980494888896912
741,,
741,Activity N,9.980494888896912
741,,
741,Activity F,10.268165387743457
742,,
742,Activity B,8.188966863648876
742,,
742,Activity D,9.287394001418473
742,,
742,Activity M,9.798182590890704
742,,
742,Activity K,9.798182590890704
742,,
742,Activity J,9.980494888896912
742,,
742,Activity L,9.980494888896912
742,,
742,Activity F,10.268165387743457
743,,
743,Activity B,8.188966863648876
743,,
743,Activity D,9.287394001418473
743,,
743,Activity M,9.798182590890704
743,,
743,Activity K,9.798182590890704
743,,
743,Activity I,9.980494888896912
743,,
743,Activity L,9.980494888896912
743,,
743,Activity F,10.268165387743457
744,,
744,Activity B,8.188966863648876
744,,
744,Activity D,9.287394001418473
744,,
744,Activity M,9.798182590890704
744,,
744,Activity G,9.798182590890704
744,,
744,Activity L,9.980494888896912
744,,
744,Activity I,9.980494888896912
744,,
744,Activity F,10.268165387743457
745,,
745,Activity B,8.188966863648876
745,,
745,Activity D,9.287394001418473
745,,
745,Activity K,9.798182590890704
745,,
745,Activity G,9.798182590890704
745,,
745,Activity N,9.980494888896912
745,,
745,Activity J,9.980494888896912
745,,
745,Activity F,10.268165387743457
746,,
746,Activity B,8.188966863648876
746,,
746,Activity D,9.287394001418473
746,,
746,Activity G,9.798182590890704
746,,
746,Activity K,9.798182590890704
746,,
746,Activity I,9.980494888896912
746,,
746,Activity L,9.980494888896912
746,,
746,Activity F,10.268165387743457
747,,
747,Activity B,8.188966863648876
747,,
747,Activity D,9.287394001418473
747,,
747,Activity K,9.798182590890704
747,,
747,Activity M,9.798182590890704
747,,
747,Activity I,9.980494888896912
747,,
747,Activity N,9.980494888896912
747,,
747,Activity F,10.268165387743457
748,,
748,Activity B,8.188966863648876
748,,
748,Activity D,9.287394001418473
748,,
748,Activity K,9.798182590890704
748,,
748,Activity G,9.798182590890704
748,,
748,Activity N,9.980494888896912
748,,
748,Activity I,9.980494888896912
748,,
748,Activity F,10.268165387743457
749,,
749,Activity B,8.188966863648876
749,,
749,Activity D,9.287394001418473
749,,
749,Activity M,9.798182590890704
749,,
749,Activity G,9.798182590890704
749,,
749,Activity L,9.980494888896912
749,,
749,Activity I,9.980494888896912
749,,
749,Activity F,10.268165387743457
750,,
750,Activity B,8.188966863648876
750,,
750,Activity D,9.287394001418473
750,,
750,Activity M,9.798182590890704
750,,
750,Activity K,9.798182590890704
750,,
750,Activity I,9.980494888896912
750,,
750,Activity L,9.980494888896912
750,,
750,Activity F,10.268165387743457
751,,
751,Activity B,8.188966863648876
751,,
751,Activity D,9.287394001418473
751,,
751,Activity K,9.798182590890704
751,,
751,Activity M,9.798182590890704
751,,
751,Activity J,9.980494888896912
751,,
751,Activity N,9.980494888896912
751,,
751,Activity F,10.268165387743457
752,,
752,Activity B,8.188966863648876
752,,
752,Activity D,9.287394001418473
752,,
752,Activity K,9.798182590890704
752,,
752,Activity M,9.798182590890704
752,,
752,Activity I,9.980494888896912
752,,
752,Activity N,9.980494888896912
752,,
752,Activity F,10.268165387743457
753,,
753,Activity B,8.188966863648876
753,,
753,Activity D,9.287394001418473
753,,
753,Activity M,9.798182590890704
753,,
753,Activity G,9.798182590890704
753,,
753,Activity L,9.980494888896912
753,,
753,Activity J,9.980494888896912
753,,
753,Activity F,10.268165387743457
754,,
754,Activity B,8.188966863648876
754,,
754,Activity D,9.287394001418473
754,,
754,Activity K,9.798182590890704
754,,
754,Activity G,9.798182590890704
754,,
754,Activity N,9.980494888896912
754,,
754,Activity J,9.980494888896912
754,,
754,Activity F,10.268165387743457
755,,
755,Activity B,8.188966863648876
755,,
755,Activity D,9.287394001418473
755,,
755,Activity K,9.798182590890704
755,,
755,Activity G,9.798182590890704
755,,
755,Activity N,9.980494888896912
755,,
755,Activity J,9.980494888896912
755,,
755,Activity F,10.268165387743457
756,,
756,Activity B,8.188966863648876
756,,
756,Activity D,9.287394001418473
756,,
756,Activity G,9.798182590890704
756,,
756,Activity K,9.798182590890704
756,,
756,Activity J,9.980494888896912
756,,
756,Activity L,9.980494888896912
756,,
756,Activity F,10.268165387743457
757,,
757,Activity B,8.188966863648876
757,,
757,Activity D,9.287394001418473
757,,
757,Activity M,9.798182590890704
757,,
757,Activity G,9.798182590890704
757,,
757,Activity L,9.980494888896912
757,,
757,Activity I,9.980494888896912
757,,
757,Activity F,10.268165387743457
758,,
758,Activity B,8.188966863648876
758,,
758,Activity D,9.287394001418473
758,,
758,Activity K,9.798182590890704
758,,
758,Activity G,9.798182590890704
758,,
758,Activity N,9.980494888896912
758,,
758,Activity I,9.980494888896912
758,,
758,Activity F,10.268165387743457
759,,
759,Activity B,8.188966863648876
759,,
759,Activity D,9.287394001418473
759,,
759,Activity G,9.798182590890704
759,,
759,Activity M,9.798182590890704
759,,
759,Activity I,9.980494888896912
759,,
759,Activity N,9.980494888896912
759,,
759,Activity F,10.268165387743457
760,,
760,Activity B,8.188966863648876
760,,
760,Activity D,9.287394001418473
760,,
760,Activity G,9.798182590890704
760,,
760,Activity K,9.798182590890704
760,,
760,Activity J,9.980494888896912
760,,
760,Activity L,9.980494888896912
760,,
760,Activity F,10.268165387743457
761,,
761,Activity B,8.188966863648876
761,,
761,Activity D,9.287394001418473
761,,
761,Activity M,9.798182590890704
761,,
761,Activity K,9.798182590890704
761,,
761,Activity I,9.980494888896912
761,,
761,Activity L,9.980494888896912
761,,
761,Activity F,10.268165387743457
762,,
762,Activity B,8.188966863648876
762,,
762,Activity D,9.287394001418473
762,,
762,Activity K,9.798182590890704
762,,
762,Activity G,9.798182590890704
762,,
762,Activity N,9.980494888896912
762,,
762,Activity J,9.980494888896912
762,,
762,Activity F,10.268165387743457
763,,
763,Activity B,8.188966863648876
763,,
763,Activity D,9.287394001418473
763,,
763,Activity K,9.798182590890704
763,,
763,Activity G,9.798182590890704
763,,
763,Activity N,9.980494888896912
763,,
763,Activity I,9.980494888896912
763,,
763,Activity F,10.268165387743457
764,,
764,Activity B,8.188966863648876
764,,
764,Activity D,9.287394001418473
764,,
764,Activity G,9.798182590890704
764,,
764,Activity M,9.798182590890704
764,,
764,Activity I,9.980494888896912
764,,
764,Activity N,9.980494888896912
764,,
764,Activity F,10.268165387743457
765,,
765,Activity B,8.188966863648876
765,,
765,Activity D,9.287394001418473
765,,
765,Activity K,9.798182590890704
765,,
765,Activity G,9.798182590890704
765,,
765,Activity N,9.980494888896912
765,,
765,Activity J,9.980494888896912
765,,
765,Activity F,10.268165387743457
766,,
766,Activity B,8.188966863648876
766,,
766,Activity D,9.287394001418473
766,,
766,Activity M,9.798182590890704
766,,
766,Activity G,9.798182590890704
766,,
766,Activity L,9.980494888896912
766,,
766,Activity I,9.980494888896912
766,,
766,Activity F,10.268165387743457
767,,
767,Activity B,8.188966863648876
767,,
767,Activity D,9.287394001418473
767,,
767,Activity G,9.798182590890704
767,,
767,Activity M,9.798182590890704
767,,
767,Activity I,9.980494888896912
767,,
767,Activity N,9.980494888896912
767,,
767,Activity F,10.268165387743457
768,,
768,Activity B,8.188966863648876
768,,
768,Activity D,9.287394001418473
768,,
768,Activity G,9.798182590890704
768,,
768,Activity K,9.798182590890704
768,,
768,Activity J,9.980494888896912
768,,
768,Activity L,9.980494888896912
768,,
768,Activity F,10.268165387743457
769,,
769,Activity B,8.188966863648876
769,,
769,Activity D,9.287394001418473
769,,
769,Activity G,9.798182590890704
769,,
769,Activity M,9.798182590890704
769,,
769,Activity J,9.980494888896912
769,,
769,Activity N,9.980494888896912
769,,
769,Activity F,10.268165387743457
770,,
770,Activity B,8.188966863648876
770,,
770,Activity D,9.287394001418473
770,,
770,Activity G,9.798182590890704
770,,
770,Activity K,9.798182590890704
770,,
770,Activity J,9.980494888896912
770,,
770,Activity L,9.980494888896912
770,,
770,Activity F,10.268165387743457
771,,
771,Activity B,8.188966863648876
771,,
771,Activity D,9.287394001418473
771,,
771,Activity G,9.798182590890704
771,,
771,Activity M,9.798182590890704
771,,
771,Activity J,9.980494888896912
771,,
771,Activity N,9.980494888896912
771,,
771,Activity F,10.268165387743457
772,,
772,Activity B,8.188966863648876
772,,
772,Activity D,9.287394001418473
772,,
772,Activity G,9.798182590890704
772,,
772,Activity M,9.798182590890704
772,,
772,Activity I,9.980494888896912
772,,
772,Activity N,9.980494888896912
772,,
772,Activity F,10.268165387743457
773,,
773,Activity B,8.188966863648876
773,,
773,Activity D,9.287394001418473
773,,
773,Activity G,9.798182590890704
773,,
773,Activity K,9.798182590890704
773,,
773,Activity I,9.980494888896912
773,,
773,Activity L,9.980494888896912
773,,
773,Activity F,10.268165387743457
774,,
774,Activity B,8.188966863648876
774,,
774,Activity D,9.287394001418473
774,,
774,Activity G,9.798182590890704
774,,
774,Activity M,9.798182590890704
774,,
774,Activity J,9.980494888896912
774,,
774,Activity N,9.980494888896912
774,,
774,Activity F,10.268165387743457
775,,
775,Activity B,8.188966863648876
775,,
775,Activity D,9.287394001418473
775,,
775,Activity G,9.798182590890704
775,,
775,Activity K,9.798182590890704
775,,
775,Activity J,9.980494888896912
775,,
775,Activity L,9.980494888896912
775,,
775,Activity F,10.268165387743457
776,,
776,Activity B,8.188966863648876
776,,
776,Activity D,9.287394001418473
776,,
776,Activity M,9.798182590890704
776,,
776,Activity G,9.798182590890704
776,,
776,Activity L,9.980494888896912
776,,
776,Activity I,9.980494888896912
776,,
776,Activity F,10.268165387743457
777,,
777,Activity B,8.188966863648876
777,,
777,Activity D,9.287394001418473
777,,
777,Activity K,9.798182590890704
777,,
777,Activity G,9.798182590890704
777,,
777,Activity N,9.980494888896912
777,,
777,Activity I,9.980494888896912
777,,
777,Activity F,10.268165387743457
778,,
778,Activity B,8.188966863648876
778,,
778,Activity D,9.287394001418473
778,,
778,Activity M,9.798182590890704
778,,
778,Activity K,9.798182590890704
778,,
778,Activity I,9.980494888896912
778,,
778,Activity L,9.980494888896912
778,,
778,Activity F,10.268165387743457
779,,
779,Activity B,8.188966863648876
779,,
779,Activity D,9.287394001418473
779,,
779,Activity M,9.798182590890704
779,,
779,Activity G,9.798182590890704
779,,
779,Activity L,9.980494888896912
779,,
779,Activity J,9.980494888896912
779,,
779,Activity F,10.268165387743457
780,,
780,Activity B,8.188966863648876
780,,
780,Activity D,9.287394001418473
780,,
780,Activity G,9.798182590890704
780,,
780,Activity K,9.798182590890704
780,,
780,Activity J,9.980494888896912
780,,
780,Activity L,9.980494888896912
780,,
780,Activity F,10.268165387743457
781,,
781,Activity B,8.188966863648876
781,,
781,Activity D,9.287394001418473
781,,
781,Activity K,9.798182590890704
781,,
781,Activity M,9.798182590890704
781,,
781,Activity I,9.980494888896912
781,,
781,Activity N,9.980494888896912
781,,
781,Activity F,10.268165387743457
782,,
782,Activity B,8.188966863648876
782,,
782,Activity D,9.287394001418473
782,,
782,Activity G,9.798182590890704
782,,
782,Activity M,9.798182590890704
782,,
782,Activity I,9.980494888896912
782,,
782,Activity N,9.980494888896912
782,,
782,Activity F,10.268165387743457
783,,
783,Activity B,8.188966863648876
783,,
783,Activity D,9.287394001418473
783,,
783,Activity M,9.798182590890704
783,,
783,Activity K,9.798182590890704
783,,
783,Activity J,9.980494888896912
783,,
783,Activity L,9.980494888896912
783,,
783,Activity F,10.268165387743457
784,,
784,Activity B,8.188966863648876
784,,
784,Activity D,9.287394001418473
784,,
784,Activity M,9.798182590890704
784,,
784,Activity G,9.798182590890704
784,,
784,Activity L,9.980494888896912
784,,
784,Activity I,9.980494888896912
784,,
784,Activity F,10.268165387743457
785,,
785,Activity B,8.188966863648876
785,,
785,Activity D,9.287394001418473
785,,
785,Activity M,9.798182590890704
785,,
785,Activity K,9.798182590890704
785,,
785,Activity J,9.980494888896912
785,,
785,Activity L,9.980494888896912
785,,
785,Activity F,10.268165387743457
786,,
786,Activity B,8.188966863648876
786,,
786,Activity D,9.287394001418473
786,,
786,Activity G,9.798182590890704
786,,
786,Activity K,9.798182590890704
786,,
786,Activity I,9.980494888896912
786,,
786,Activity L,9.980494888896912
786,,
786,Activity F,10.268165387743457
787,,
787,Activity B,8.188966863648876
787,,
787,Activity D,9.287394001418473
787,,
787,Activity M,9.798182590890704
787,,
787,Activity G,9.798182590890704
787,,
787,Activity L,9.980494888896912
787,,
787,Activity J,9.980494888896912
787,,
787,Activity F,10.268165387743457
788,,
788,Activity B,8.188966863648876
788,,
788,Activity D,9.287394001418473
788,,
788,Activity G,9.798182590890704
788,,
788,Activity K,9.798182590890704
788,,
788,Activity J,9.980494888896912
788,,
788,Activity L,9.980494888896912
788,,
788,Activity F,10.268165387743457
789,,
789,Activity B,8.188966863648876
789,,
789,Activity D,9.287394001418473
789,,
789,Activity M,9.798182590890704
789,,
789,Activity K,9.798182590890704
789,,
789,Activity I,9.980494888896912
789,,
789,Activity L,9.980494888896912
789,,
789,Activity F,10.268165387743457
790,,
790,Activity B,8.188966863648876
790,,
790,Activity D,9.287394001418473
790,,
790,Activity M,9.798182590890704
790,,
790,Activity K,9.798182590890704
790,,
790,Activity J,9.980494888896912
790,,
790,Activity L,9.980494888896912
790,,
790,Activity F,10.268165387743457
791,,
791,Activity B,8.188966863648876
791,,
791,Activity D,9.287394001418473
791,,
791,Activity G,9.798182590890704
791,,
791,Activity M,9.798182590890704
791,,
791,Activity J,9.980494888896912
791,,
791,Activity N,9.980494888896912
791,,
791,Activity F,10.268165387743457
792,,
792,Activity B,8.188966863648876
792,,
792,Activity D,9.287394001418473
792,,
792,Activity G,9.798182590890704
792,,
792,Activity K,9.798182590890704
792,,
792,Activity J,9.980494888896912
792,,
792,Activity L,9.980494888896912
792,,
792,Activity F,10.268165387743457
793,,
793,Activity B,8.188966863648876
793,,
793,Activity D,9.287394001418473
793,,
793,Activity G,9.798182590890704
793,,
793,Activity M,9.798182590890704
793,,
793,Activity J,9.980494888896912
793,,
793,Activity N,9.980494888896912
793,,
793,Activity F,10.268165387743457
794,,
794,Activity B,8.188966863648876
794,,
794,Activity D,9.287394001418473
794,,
794,Activity G,9.798182590890704
794,,
794,Activity K,9.798182590890704
794,,
794,Activity J,9.980494888896912
794,,
794,Activity L,9.980494888896912
794,,
794,Activity F,10.268165387743457
795,,
795,Activity B,8.188966863648876
795,,
795,Activity D,9.287394001418473
795,,
795,Activity M,9.798182590890704
795,,
795,Activity K,9.798182590890704
795,,
795,Activity I,9.980494888896912
795,,
795,Activity L,9.980494888896912
795,,
795,Activity F,10.268165387743457
796,,
796,Activity B,8.188966863648876
796,,
796,Activity D,9.287394001418473
796,,
796,Activity G,9.798182590890704
796,,
796,Activity M,9.798182590890704
796,,
796,Activity I,9.980494888896912
796,,
796,Activity N,9.980494888896912
796,,
796,Activity F,10.268165387743457
797,,
797,Activity B,8.188966863648876
797,,
797,Activity D,9.287394001418473
797,,
797,Activity M,9.798182590890704
797,,
797,Activity K,9.798182590890704
797,,
797,Activity J,9.980494888896912
797,,
797,Activity L,9.980494888896912
797,,
797,Activity F,10.268165387743457
798,,
798,Activity B,8.188966863648876
798,,
798,Activity D,9.287394001418473
798,,
798,Activity M,9.798182590890704
798,,
798,Activity G,9.798182590890704
798,,
798,Activity L,9.980494888896912
798,,
798,Activity I,9.980494888896912
798,,
798,Activity F,10.268165387743457
799,,
799,Activity B,8.188966863648876
799,,
799,Activity D,9.287394001418473
799,,
799,Activity K,9.798182590890704
799,,
799,Activity M,9.798182590890704
799,,
799,Activity J,9.980494888896912
799,,
799,Activity N,9.980494888896912
799,,
799,Activity F,10.268165387743457
800,,
800,Activity B,8.188966863648876
800,,
800,Activity D,9.287394001418473
800,,
800,Activity M,9.798182590890704
800,,
800,Activity G,9.798182590890704
800,,
800,Activity L,9.980494888896912
800,,
800,Activity J,9.980494888896912
800,,
800,Activity F,10.268165387743457
801,,
801,Activity B,8.188966863648876
801,,
801,Activity D,9.287394001418473
801,,
801,Activity M,9.798182590890704
801,,
801,Activity K,9.798182590890704
801,,
801,Activity J,9.980494888896912
801,,
801,Activity L,9.980494888896912
801,,
801,Activity F,10.268165387743457
802,,
802,Activity B,8.188966863648876
802,,
802,Activity D,9.287394001418473
802,,
802,Activity M,9.798182590890704
802,,
802,Activity K,9.798182590890704
802,,
802,Activity I,9.980494888896912
802,,
802,Activity L,9.980494888896912
802,,
802,Activity F,10.268165387743457
803,,
803,Activity B,8.188966863648876
803,,
803,Activity D,9.287394001418473
803,,
803,Activity G,9.798182590890704
803,,
803,Activity M,9.798182590890704
803,,
803,Activity I,9.980494888896912
803,,
803,Activity N,9.980494888896912
803,,
803,Activity F,10.268165387743457
804,,
804,Activity B,8.188966863648876
804,,
804,Activity D,9.287394001418473
804,,
804,Activity M,9.798182590890704
804,,
804,Activity G,9.798182590890704
804,,
804,Activity L,9.980494888896912
804,,
804,Activity J,9.980494888896912
804,,
804,Activity F,10.268165387743457
805,,
805,Activity B,8.188966863648876
805,,
805,Activity D,9.287394001418473
805,,
805,Activity M,9.798182590890704
805,,
805,Activity K,9.798182590890704
805,,
805,Activity J,9.980494888896912
805,,
805,Activity L,9.980494888896912
805,,
805,Activity F,10.268165387743457
806,,
806,Activity B,8.188966863648876
806,,
806,Activity D,9.287394001418473
806,,
806,Activity K,9.798182590890704
806,,
806,Activity M,9.798182590890704
806,,
806,Activity I,9.980494888896912
806,,
806,Activity N,9.980494888896912
806,,
806,Activity F,10.268165387743457
807,,
807,Activity B,8.188966863648876
807,,
807,Activity D,9.287394001418473
807,,
807,Activity M,9.798182590890704
807,,
807,Activity G,9.798182590890704
807,,
807,Activity L,9.980494888896912
807,,
807,Activity I,9.980494888896912
807,,
807,Activity F,10.268165387743457
808,,
808,Activity B,8.188966863648876
808,,
808,Activity D,9.287394001418473
808,,
808,Activity K,9.798182590890704
808,,
808,Activity G,9.798182590890704
808,,
808,Activity N,9.980494888896912
808,,
808,Activity J,9.980494888896912
808,,
808,Activity F,10.268165387743457
809,,
809,Activity B,8.188966863648876
809,,
809,Activity D,9.287394001418473
809,,
809,Activity M,9.798182590890704
809,,
809,Activity G,9.798182590890704
809,,
809,Activity L,9.980494888896912
809,,
809,Activity I,9.980494888896912
809,,
809,Activity F,10.268165387743457
810,,
810,Activity B,8.188966863648876
810,,
810,Activity D,9.287394001418473
810,,
810,Activity K,9.798182590890704
810,,
810,Activity G,9.798182590890704
810,,
810,Activity N,9.980494888896912
810,,
810,Activity I,9.980494888896912
810,,
810,Activity F,10.268165387743457
811,,
811,Activity B,8.188966863648876
811,,
811,Activity D,9.287394001418473
811,,
811,Activity G,9.798182590890704
811,,
811,Activity M,9.798182590890704
811,,
811,Activity I,9.980494888896912
811,,
811,Activity N,9.980494888896912
811,,
811,Activity F,10.268165387743457
812,,
812,Activity B,8.188966863648876
812,,
812,Activity D,9.287394001418473
812,,
812,Activity G,9.798182590890704
812,,
812,Activity K,9.798182590890704
812,,
812,Activity I,9.980494888896912
812,,
812,Activity L,9.980494888896912
812,,
812,Activity F,10.268165387743457
813,,
813,Activity B,8.188966863648876
813,,
813,Activity D,9.287394001418473
813,,
813,Activity G,9.798182590890704
813,,
813,Activity K,9.798182590890704
813,,
813,Activity J,9.980494888896912
813,,
813,Activity L,9.980494888896912
813,,
813,Activity F,10.268165387743457
814,,
814,Activity B,8.188966863648876
814,,
814,Activity D,9.287394001418473
814,,
814,Activity G,9.798182590890704
814,,
814,Activity K,9.798182590890704
814,,
814,Activity J,9.980494888896912
814,,
814,Activity L,9.980494888896912
814,,
814,Activity F,10.268165387743457
815,,
815,Activity B,8.188966863648876
815,,
815,Activity D,9.287394001418473
815,,
815,Activity M,9.798182590890704
815,,
815,Activity G,9.798182590890704
815,,
815,Activity L,9.980494888896912
815,,
815,Activity I,9.980494888896912
815,,
815,Activity F,10.268165387743457
816,,
816,Activity B,8.188966863648876
816,,
816,Activity D,9.287394001418473
816,,
816,Activity K,9.798182590890704
816,,
816,Activity G,9.798182590890704
816,,
816,Activity N,9.980494888896912
816,,
816,Activity I,9.980494888896912
816,,
816,Activity F,10.268165387743457
817,,
817,Activity B,8.188966863648876
817,,
817,Activity D,9.287394001418473
817,,
817,Activity K,9.798182590890704
817,,
817,Activity G,9.798182590890704
817,,
817,Activity N,9.980494888896912
817,,
817,Activity I,9.980494888896912
817,,
817,Activity F,10.268165387743457
818,,
818,Activity B,8.188966863648876
818,,
818,Activity D,9.287394001418473
818,,
818,Activity K,9.798182590890704
818,,
818,Activity M,9.798182590890704
818,,
818,Activity J,9.980494888896912
818,,
818,Activity N,9.980494888896912
818,,
818,Activity F,10.268165387743457
819,,
819,Activity B,8.188966863648876
819,,
819,Activity D,9.287394001418473
819,,
819,Activity G,9.798182590890704
819,,
819,Activity M,9.798182590890704
819,,
819,Activity I,9.980494888896912
819,,
819,Activity N,9.980494888896912
819,,
819,Activity F,10.268165387743457
820,,
820,Activity B,8.188966863648876
820,,
820,Activity D,9.287394001418473
820,,
820,Activity M,9.798182590890704
820,,
820,Activity G,9.798182590890704
820,,
820,Activity L,9.980494888896912
820,,
820,Activity I,9.980494888896912
820,,
820,Activity F,10.268165387743457
821,,
821,Activity B,8.188966863648876
821,,
821,Activity D,9.287394001418473
821,,
821,Activity M,9.798182590890704
821,,
821,Activity K,9.798182590890704
821,,
821,Activity J,9.980494888896912
821,,
821,Activity L,9.980494888896912
821,,
821,Activity F,10.268165387743457
822,,
822,Activity B,8.188966863648876
822,,
822,Activity D,9.287394001418473
822,,
822,Activity K,9.798182590890704
822,,
822,Activity G,9.798182590890704
822,,
822,Activity N,9.980494888896912
822,,
822,Activity J,9.980494888896912
822,,
822,Activity F,10.268165387743457
823,,
823,Activity B,8.188966863648876
823,,
823,Activity D,9.287394001418473
823,,
823,Activity G,9.798182590890704
823,,
823,Activity K,9.798182590890704
823,,
823,Activity I,9.980494888896912
823,,
823,Activity L,9.980494888896912
823,,
823,Activity F,10.268165387743457
824,,
824,Activity B,8.188966863648876
824,,
824,Activity D,9.287394001418473
824,,
824,Activity G,9.798182590890704
824,,
824,Activity M,9.798182590890704
824,,
824,Activity J,9.980494888896912
824,,
824,Activity N,9.980494888896912
824,,
824,Activity F,10.268165387743457
825,,
825,Activity B,8.188966863648876
825,,
825,Activity D,9.287394001418473
825,,
825,Activity G,9.798182590890704
825,,
825,Activity M,9.798182590890704
825,,
825,Activity J,9.980494888896912
825,,
825,Activity N,9.980494888896912
825,,
825,Activity F,10.268165387743457
826,,
826,Activity B,8.188966863648876
826,,
826,Activity D,9.287394001418473
826,,
826,Activity G,9.798182590890704
826,,
826,Activity K,9.798182590890704
826,,
826,Activity I,9.980494888896912
826,,
826,Activity L,9.980494888896912
826,,
826,Activity F,10.268165387743457
827,,
827,Activity B,8.188966863648876
827,,
827,Activity D,9.287394001418473
827,,
827,Activity G,9.798182590890704
827,,
827,Activity M,9.798182590890704
827,,
827,Activity J,9.980494888896912
827,,
827,Activity N,9.980494888896912
827,,
827,Activity F,10.268165387743457
828,,
828,Activity B,8.188966863648876
828,,
828,Activity D,9.287394001418473
828,,
828,Activity M,9.798182590890704
828,,
828,Activity G,9.798182590890704
828,,
828,Activity L,9.980494888896912
828,,
828,Activity J,9.980494888896912
828,,
828,Activity F,10.268165387743457
829,,
829,Activity B,8.188966863648876
829,,
829,Activity D,9.287394001418473
829,,
829,Activity M,9.798182590890704
829,,
829,Activity G,9.798182590890704
829,,
829,Activity L,9.980494888896912
829,,
829,Activity J,9.980494888896912
829,,
829,Activity F,10.268165387743457
830,,
830,Activity B,8.188966863648876
830,,
830,Activity D,9.287394001418473
830,,
830,Activity M,9.798182590890704
830,,
830,Activity K,9.798182590890704
830,,
830,Activity J,9.980494888896912
830,,
830,Activity L,9.980494888896912
830,,
830,Activity F,10.268165387743457
831,,
831,Activity B,8.188966863648876
831,,
831,Activity D,9.287394001418473
831,,
831,Activity K,9.798182590890704
831,,
831,Activity G,9.798182590890704
831,,
831,Activity N,9.980494888896912
831,,
831,Activity J,9.980494888896912
831,,
831,Activity F,10.268165387743457
832,,
832,Activity B,8.188966863648876
832,,
832,Activity D,9.287394001418473
832,,
832,Activity M,9.798182590890704
832,,
832,Activity K,9.798182590890704
832,,
832,Activity I,9.980494888896912
832,,
832,Activity L,9.980494888896912
832,,
832,Activity F,10.268165387743457
833,,
833,Activity B,8.188966863648876
833,,
833,Activity D,9.287394001418473
833,,
833,Activity G,9.798182590890704
833,,
833,Activity M,9.798182590890704
833,,
833,Activity J,9.980494888896912
833,,
833,Activity N,9.980494888896912
833,,
833,Activity F,10.268165387743457
834,,
834,Activity B,8.188966863648876
834,,
834,Activity D,9.287394001418473
834,,
834,Activity M,9.798182590890704
834,,
834,Activity G,9.798182590890704
834,,
834,Activity L,9.980494888896912
834,,
834,Activity I,9.980494888896912
834,,
834,Activity F,10.268165387743457
835,,
835,Activity B,8.188966863648876
835,,
835,Activity D,9.287394001418473
835,,
835,Activity M,9.798182590890704
835,,
835,Activity G,9.798182590890704
835,,
835,Activity L,9.980494888896912
835,,
835,Activity J,9.980494888896912
835,,
835,Activity F,10.268165387743457
836,,
836,Activity B,8.188966863648876
836,,
836,Activity D,9.287394001418473
836,,
836,Activity G,9.798182590890704
836,,
836,Activity K,9.798182590890704
836,,
836,Activity I,9.980494888896912
836,,
836,Activity L,9.980494888896912
836,,
836,Activity F,10.268165387743457
837,,
837,Activity B,8.188966863648876
837,,
837,Activity D,9.287394001418473
837,,
837,Activity K,9.798182590890704
837,,
837,Activity G,9.798182590890704
837,,
837,Activity N,9.980494888896912
837,,
837,Activity I,9.980494888896912
837,,
837,Activity F,10.268165387743457
838,,
838,Activity B,8.188966863648876
838,,
838,Activity D,9.287394001418473
838,,
838,Activity G,9.798182590890704
838,,
838,Activity K,9.798182590890704
838,,
838,Activity J,9.980494888896912
838,,
838,Activity L,9.980494888896912
838,,
838,Activity F,10.268165387743457
839,,
839,Activity B,8.188966863648876
839,,
839,Activity D,9.287394001418473
839,,
839,Activity G,9.798182590890704
839,,
839,Activity K,9.798182590890704
839,,
839,Activity J,9.980494888896912
839,,
839,Activity L,9.980494888896912
839,,
839,Activity F,10.268165387743457
840,,
840,Activity B,8.188966863648876
840,,
840,Activity D,9.287394001418473
840,,
840,Activity G,9.798182590890704
840,,
840,Activity K,9.798182590890704
840,,
840,Activity J,9.980494888896912
840,,
840,Activity L,9.980494888896912
840,,
840,Activity F,10.268165387743457
841,,
841,Activity B,8.188966863648876
841,,
841,Activity D,9.287394001418473
841,,
841,Activity G,9.798182590890704
841,,
841,Activity M,9.798182590890704
841,,
841,Activity I,9.980494888896912
841,,
841,Activity N,9.980494888896912
841,,
841,Activity F,10.268165387743457
842,,
842,Activity B,8.188966863648876
842,,
842,Activity D,9.287394001418473
842,,
842,Activity K,9.798182590890704
842,,
842,Activity G,9.798182590890704
842,,
842,Activity N,9.980494888896912
842,,
842,Activity J,9.980494888896912
842,,
842,Activity F,10.268165387743457
843,,
843,Activity B,8.188966863648876
843,,
843,Activity D,9.287394001418473
843,,
843,Activity M,9.798182590890704
843,,
843,Activity G,9.798182590890704
843,,
843,Activity L,9.980494888896912
843,,
843,Activity I,9.980494888896912
843,,
843,Activity F,10.268165387743457
844,,
844,Activity B,8.188966863648876
844,,
844,Activity D,9.287394001418473
844,,
844,Activity G,9.798182590890704
844,,
844,Activity M,9.798182590890704
844,,
844,Activity I,9.980494888896912
844,,
844,Activity N,9.980494888896912
844,,
844,Activity F,10.268165387743457
845,,
845,Activity B,8.188966863648876
845,,
845,Activity D,9.287394001418473
845,,
845,Activity M,9.798182590890704
845,,
845,Activity K,9.798182590890704
845,,
845,Activity J,9.980494888896912
845,,
845,Activity L,9.980494888896912
845,,
845,Activity F,10.268165387743457
846,,
846,Activity B,8.188966863648876
846,,
846,Activity D,9.287394001418473
846,,
846,Activity M,9.798182590890704
846,,
846,Activity G,9.798182590890704
846,,
846,Activity L,9.980494888896912
846,,
846,Activity I,9.980494888896912
846,,
846,Activity F,10.268165387743457
847,,
847,Activity B,8.188966863648876
847,,
847,Activity D,9.287394001418473
847,,
847,Activity G,9.798182590890704
847,,
847,Activity K,9.798182590890704
847,,
847,Activity J,9.980494888896912
847,,
847,Activity L,9.980494888896912
847,,
847,Activity F,10.268165387743457
848,,
848,Activity B,8.188966863648876
848,,
848,Activity D,9.287394001418473
848,,
848,Activity K,9.798182590890704
848,,
848,Activity M,9.798182590890704
848,,
848,Activity I,9.980494888896912
848,,
848,Activity N,9.980494888896912
848,,
848,Activity F,10.268165387743457
849,,
849,Activity B,8.188966863648876
849,,
849,Activity D,9.287394001418473
849,,
849,Activity G,9.798182590890704
849,,
849,Activity K,9.798182590890704
849,,
849,Activity I,9.980494888896912
849,,
849,Activity L,9.980494888896912
849,,
849,Activity F,10.268165387743457
850,,
850,Activity B,8.188966863648876
850,,
850,Activity D,9.287394001418473
850,,
850,Activity M,9.798182590890704
850,,
850,Activity G,9.798182590890704
850,,
850,Activity L,9.980494888896912
850,,
850,Activity I,9.980494888896912
850,,
850,Activity F,10.268165387743457
851,,
851,Activity B,8.188966863648876
851,,
851,Activity D,9.287394001418473
851,,
851,Activity K,9.798182590890704
851,,
851,Activity G,9.798182590890704
851,,
851,Activity N,9.980494888896912
851,,
851,Activity I,9.980494888896912
851,,
851,Activity F,10.268165387743457
852,,
852,Activity B,8.188966863648876
852,,
852,Activity D,9.287394001418473
852,,
852,Activity K,9.798182590890704
852,,
852,Activity M,9.798182590890704
852,,
852,Activity J,9.980494888896912
852,,
852,Activity N,9.980494888896912
852,,
852,Activity F,10.268165387743457
853,,
853,Activity B,8.188966863648876
853,,
853,Activity D,9.287394001418473
853,,
853,Activity G,9.798182590890704
853,,
853,Activity M,9.798182590890704
853,,
853,Activity I,9.980494888896912
853,,
853,Activity N,9.980494888896912
853,,
853,Activity F,10.268165387743457
854,,
854,Activity B,8.188966863648876
854,,
854,Activity D,9.287394001418473
854,,
854,Activity M,9.798182590890704
854,,
854,Activity G,9.798182590890704
854,,
854,Activity L,9.980494888896912
854,,
854,Activity J,9.980494888896912
854,,
854,Activity F,10.268165387743457
855,,
855,Activity B,8.188966863648876
855,,
855,Activity D,9.287394001418473
855,,
855,Activity K,9.798182590890704
855,,
855,Activity M,9.798182590890704
855,,
855,Activity J,9.980494888896912
855,,
855,Activity N,9.980494888896912
855,,
855,Activity F,10.268165387743457
856,,
856,Activity B,8.188966863648876
856,,
856,Activity D,9.287394001418473
856,,
856,Activity K,9.798182590890704
856,,
856,Activity M,9.798182590890704
856,,
856,Activity J,9.980494888896912
856,,
856,Activity N,9.980494888896912
856,,
856,Activity F,10.268165387743457
857,,
857,Activity B,8.188966863648876
857,,
857,Activity D,9.287394001418473
857,,
857,Activity K,9.798182590890704
857,,
857,Activity G,9.798182590890704
857,,
857,Activity N,9.980494888896912
857,,
857,Activity J,9.980494888896912
857,,
857,Activity F,10.268165387743457
858,,
858,Activity B,8.188966863648876
858,,
858,Activity D,9.287394001418473
858,,
858,Activity K,9.798182590890704
858,,
858,Activity G,9.798182590890704
858,,
858,Activity N,9.980494888896912
858,,
858,Activity I,9.980494888896912
858,,
858,Activity F,10.268165387743457
859,,
859,Activity B,8.188966863648876
859,,
859,Activity D,9.287394001418473
859,,
859,Activity G,9.798182590890704
859,,
859,Activity M,9.798182590890704
859,,
859,Activity J,9.980494888896912
859,,
859,Activity N,9.980494888896912
859,,
859,Activity F,10.268165387743457
860,,
860,Activity B,8.188966863648876
860,,
860,Activity D,9.287394001418473
860,,
860,Activity K,9.798182590890704
860,,
860,Activity G,9.798182590890704
860,,
860,Activity N,9.980494888896912
860,,
860,Activity I,9.980494888896912
860,,
860,Activity F,10.268165387743457
861,,
861,Activity B,8.188966863648876
861,,
861,Activity D,9.287394001418473
861,,
861,Activity M,9.798182590890704
861,,
861,Activity G,9.798182590890704
861,,
861,Activity L,9.980494888896912
861,,
861,Activity J,9.980494888896912
861,,
861,Activity F,10.268165387743457
862,,
862,Activity B,8.188966863648876
862,,
862,Activity D,9.287394001418473
862,,
862,Activity M,9.798182590890704
862,,
862,Activity G,9.798182590890704
862,,
862,Activity L,9.980494888896912
862,,
862,Activity J,9.980494888896912
862,,
862,Activity F,10.268165387743457
863,,
863,Activity B,8.188966863648876
863,,
863,Activity D,9.287394001418473
863,,
863,Activity M,9.798182590890704
863,,
863,Activity K,9.798182590890704
863,,
863,Activity J,9.980494888896912
863,,
863,Activity L,9.980494888896912
863,,
863,Activity F,10.268165387743457
864,,
864,Activity B,8.188966863648876
864,,
864,Activity D,9.287394001418473
864,,
864,Activity G,9.798182590890704
864,,
864,Activity M,9.798182590890704
864,,
864,Activity I,9.980494888896912
864,,
864,Activity N,9.980494888896912
864,,
864,Activity F,10.268165387743457
865,,
865,Activity B,8.188966863648876
865,,
865,Activity D,9.287394001418473
865,,
865,Activity K,9.798182590890704
865,,
865,Activity M,9.798182590890704
865,,
865,Activity I,9.980494888896912
865,,
865,Activity N,9.980494888896912
865,,
865,Activity F,10.268165387743457
866,,
866,Activity B,8.188966863648876
866,,
866,Activity D,9.287394001418473
866,,
866,Activity G,9.798182590890704
866,,
866,Activity K,9.798182590890704
866,,
866,Activity I,9.980494888896912
866,,
866,Activity L,9.980494888896912
866,,
866,Activity F,10.268165387743457
867,,
867,Activity B,8.188966863648876
867,,
867,Activity D,9.287394001418473
867,,
867,Activity K,9.798182590890704
867,,
867,Activity G,9.798182590890704
867,,
867,Activity N,9.980494888896912
867,,
867,Activity I,9.980494888896912
867,,
867,Activity F,10.268165387743457
868,,
868,Activity B,8.188966863648876
868,,
868,Activity D,9.287394001418473
868,,
868,Activity G,9.798182590890704
868,,
868,Activity M,9.798182590890704
868,,
868,Activity J,9.980494888896912
868,,
868,Activity N,9.980494888896912
868,,
868,Activity F,10.268165387743457
869,,
869,Activity B,8.188966863648876
869,,
869,Activity D,9.287394001418473
869,,
869,Activity G,9.798182590890704
869,,
869,Activity K,9.798182590890704
869,,
869,Activity I,9.980494888896912
869,,
869,Activity L,9.980494888896912
869,,
869,Activity F,10.268165387743457
870,,
870,Activity B,8.188966863648876
870,,
870,Activity D,9.287394001418473
870,,
870,Activity K,9.798182590890704
870,,
870,Activity G,9.798182590890704
870,,
870,Activity N,9.980494888896912
870,,
870,Activity I,9.980494888896912
870,,
870,Activity F,10.268165387743457
871,,
871,Activity B,8.188966863648876
871,,
871,Activity D,9.287394001418473
871,,
871,Activity K,9.798182590890704
871,,
871,Activity G,9.798182590890704
871,,
871,Activity N,9.980494888896912
871,,
871,Activity I,9.980494888896912
871,,
871,Activity F,10.268165387743457
872,,
872,Activity B,8.188966863648876
872,,
872,Activity D,9.287394001418473
872,,
872,Activity M,9.798182590890704
872,,
872,Activity G,9.798182590890704
872,,
872,Activity L,9.980494888896912
872,,
872,Activity J,9.980494888896912
872,,
872,Activity F,10.268165387743457
873,,
873,Activity B,8.188966863648876
873,,
873,Activity D,9.287394001418473
873,,
873,Activity M,9.798182590890704
873,,
873,Activity G,9.798182590890704
873,,
873,Activity L,9.980494888896912
873,,
873,Activity I,9.980494888896912
873,,
873,Activity F,10.268165387743457
874,,
874,Activity B,8.188966863648876
874,,
874,Activity D,9.287394001418473
874,,
874,Activity K,9.798182590890704
874,,
874,Activity M,9.798182590890704
874,,
874,Activity J,9.980494888896912
874,,
874,Activity N,9.980494888896912
874,,
874,Activity F,10.268165387743457
875,,
875,Activity B,8.188966863648876
875,,
875,Activity D,9.287394001418473
875,,
875,Activity G,9.798182590890704
875,,
875,Activity M,9.798182590890704
875,,
875,Activity I,9.980494888896912
875,,
875,Activity N,9.980494888896912
875,,
875,Activity F,10.268165387743457
876,,
876,Activity B,8.188966863648876
876,,
876,Activity D,9.287394001418473
876,,
876,Activity G,9.798182590890704
876,,
876,Activity K,9.798182590890704
876,,
876,Activity I,9.980494888896912
876,,
876,Activity L,9.980494888896912
876,,
876,Activity F,10.268165387743457
877,,
877,Activity B,8.188966863648876
877,,
877,Activity D,9.287394001418473
877,,
877,Activity K,9.798182590890704
877,,
877,Activity G,9.798182590890704
877,,
877,Activity N,9.980494888896912
877,,
877,Activity J,9.980494888896912
877,,
877,Activity F,10.268165387743457
878,,
878,Activity B,8.188966863648876
878,,
878,Activity D,9.287394001418473
878,,
878,Activity G,9.798182590890704
878,,
878,Activity M,9.798182590890704
878,,
878,Activity I,9.980494888896912
878,,
878,Activity N,9.980494888896912
878,,
878,Activity F,10.268165387743457
879,,
879,Activity B,8.188966863648876
879,,
879,Activity D,9.287394001418473
879,,
879,Activity K,9.798182590890704
879,,
879,Activity G,9.798182590890704
879,,
879,Activity N,9.980494888896912
879,,
879,Activity J,9.980494888896912
879,,
879,Activity F,10.268165387743457
880,,
880,Activity B,8.188966863648876
880,,
880,Activity D,9.287394001418473
880,,
880,Activity G,9.798182590890704
880,,
880,Activity M,9.798182590890704
880,,
880,Activity J,9.980494888896912
880,,
880,Activity N,9.980494888896912
880,,
880,Activity F,10.268165387743457
881,,
881,Activity B,8.188966863648876
881,,
881,Activity D,9.287394001418473
881,,
881,Activity M,9.798182590890704
881,,
881,Activity G,9.798182590890704
881,,
881,Activity L,9.980494888896912
881,,
881,Activity I,9.980494888896912
881,,
881,Activity F,10.268165387743457
882,,
882,Activity B,8.188966863648876
882,,
882,Activity D,9.287394001418473
882,,
882,Activity G,9.798182590890704
882,,
882,Activity M,9.798182590890704
882,,
882,Activity I,9.980494888896912
882,,
882,Activity N,9.980494888896912
882,,
882,Activity F,10.268165387743457
883,,
883,Activity B,8.188966863648876
883,,
883,Activity D,9.287394001418473
883,,
883,Activity M,9.798182590890704
883,,
883,Activity G,9.798182590890704
883,,
883,Activity L,9.980494888896912
883,,
883,Activity I,9.980494888896912
883,,
883,Activity F,10.268165387743457
884,,
884,Activity B,8.188966863648876
884,,
884,Activity D,9.287394001418473
884,,
884,Activity K,9.798182590890704
884,,
884,Activity G,9.798182590890704
884,,
884,Activity N,9.980494888896912
884,,
884,Activity I,9.980494888896912
884,,
884,Activity F,10.268165387743457
885,,
885,Activity B,8.188966863648876
885,,
885,Activity D,9.287394001418473
885,,
885,Activity K,9.798182590890704
885,,
885,Activity M,9.798182590890704
885,,
885,Activity J,9.980494888896912
885,,
885,Activity N,9.980494888896912
885,,
885,Activity F,10.268165387743457
886,,
886,Activity B,8.188966863648876
886,,
886,Activity D,9.287394001418473
886,,
886,Activity G,9.798182590890704
886,,
886,Activity M,9.798182590890704
886,,
886,Activity I,9.980494888896912
886,,
886,Activity N,9.980494888896912
886,,
886,Activity F,10.268165387743457
887,,
887,Activity B,8.188966863648876
887,,
887,Activity D,9.287394001418473
887,,
887,Activity M,9.798182590890704
887,,
887,Activity G,9.798182590890704
887,,
887,Activity L,9.980494888896912
887,,
887,Activity I,9.980494888896912
887,,
887,Activity F,10.268165387743457
888,,
888,Activity B,8.188966863648876
888,,
888,Activity D,9.287394001418473
888,,
888,Activity K,9.798182590890704
888,,
888,Activity G,9.798182590890704
888,,
888,Activity N,9.980494888896912
888,,
888,Activity J,9.980494888896912
888,,
888,Activity F,10.268165387743457
889,,
889,Activity B,8.188966863648876
889,,
889,Activity D,9.287394001418473
889,,
889,Activity K,9.798182590890704
889,,
889,Activity M,9.798182590890704
889,,
889,Activity I,9.980494888896912
889,,
889,Activity N,9.980494888896912
889,,
889,Activity F,10.268165387743457
890,,
890,Activity B,8.188966863648876
890,,
890,Activity D,9.287394001418473
890,,
890,Activity M,9.798182590890704
890,,
890,Activity G,9.798182590890704
890,,
890,Activity L,9.980494888896912
890,,
890,Activity I,9.980494888896912
890,,
890,Activity F,10.268165387743457
891,,
891,Activity B,8.188966863648876
891,,
891,Activity D,9.287394001418473
891,,
891,Activity G,9.798182590890704
891,,
891,Activity K,9.798182590890704
891,,
891,Activity J,9.980494888896912
891,,
891,Activity L,9.980494888896912
891,,
891,Activity F,10.268165387743457
892,,
892,Activity B,8.188966863648876
892,,
892,Activity D,9.287394001418473
892,,
892,Activity G,9.798182590890704
892,,
892,Activity M,9.798182590890704
892,,
892,Activity J,9.980494888896912
892,,
892,Activity N,9.980494888896912
892,,
892,Activity F,10.268165387743457
893,,
893,Activity B,8.188966863648876
893,,
893,Activity D,9.287394001418473
893,,
893,Activity M,9.798182590890704
893,,
893,Activity K,9.798182590890704
893,,
893,Activity I,9.980494888896912
893,,
893,Activity L,9.980494888896912
893,,
893,Activity F,10.268165387743457
894,,
894,Activity B,8.188966863648876
894,,
894,Activity D,9.287394001418473
894,,
894,Activity M,9.798182590890704
894,,
894,Activity K,9.798182590890704
894,,
894,Activity J,9.980494888896912
894,,
894,Activity L,9.980494888896912
894,,
894,Activity F,10.268165387743457
895,,
895,Activity B,8.188966863648876
895,,
895,Activity D,9.287394001418473
895,,
895,Activity K,9.798182590890704
895,,
895,Activity M,9.798182590890704
895,,
895,Activity J,9.980494888896912
895,,
895,Activity N,9.980494888896912
895,,
895,Activity F,10.268165387743457
896,,
896,Activity B,8.188966863648876
896,,
896,Activity D,9.287394001418473
896,,
896,Activity G,9.798182590890704
896,,
896,Activity K,9.798182590890704
896,,
896,Activity I,9.980494888896912
896,,
896,Activity L,9.980494888896912
896,,
896,Activity F,10.268165387743457
897,,
897,Activity B,8.188966863648876
897,,
897,Activity D,9.287394001418473
897,,
897,Activity K,9.798182590890704
897,,
897,Activity M,9.798182590890704
897,,
897,Activity J,9.980494888896912
897,,
897,Activity N,9.980494888896912
897,,
897,Activity F,10.268165387743457
898,,
898,Activity B,8.188966863648876
898,,
898,Activity D,9.287394001418473
898,,
898,Activity G,9.798182590890704
898,,
898,Activity K,9.798182590890704
898,,
898,Activity I,9.980494888896912
898,,
898,Activity L,9.980494888896912
898,,
898,Activity F,10.268165387743457
899,,
899,Activity B,8.188966863648876
899,,
899,Activity D,9.287394001418473
899,,
899,Activity G,9.798182590890704
899,,
899,Activity M,9.798182590890704
899,,
899,Activity I,9.980494888896912
899,,
899,Activity N,9.980494888896912
899,,
899,Activity F,10.268165387743457
900,,
900,Activity B,8.188966863648876
900,,
900,Activity D,9.287394001418473
900,,
900,Activity M,9.798182590890704
900,,
900,Activity G,9.798182590890704
900,,
900,Activity L,9.980494888896912
900,,
900,Activity J,9.980494888896912
900,,
900,Activity F,10.268165387743457
901,,
901,Activity B,8.188966863648876
901,,
901,Activity D,9.287394001418473
901,,
901,Activity G,9.798182590890704
901,,
901,Activity M,9.798182590890704
901,,
901,Activity J,9.980494888896912
901,,
901,Activity N,9.980494888896912
901,,
901,Activity F,10.268165387743457
902,,
902,Activity B,8.188966863648876
902,,
902,Activity D,9.287394001418473
902,,
902,Activity M,9.798182590890704
902,,
902,Activity G,9.798182590890704
902,,
902,Activity L,9.980494888896912
902,,
902,Activity J,9.980494888896912
902,,
902,Activity F,10.268165387743457
903,,
903,Activity B,8.188966863648876
903,,
903,Activity D,9.287394001418473
903,,
903,Activity G,9.798182590890704
903,,
903,Activity M,9.798182590890704
903,,
903,Activity I,9.980494888896912
903,,
903,Activity N,9.980494888896912
903,,
903,Activity F,10.268165387743457
904,,
904,Activity B,8.188966863648876
904,,
904,Activity D,9.287394001418473
904,,
904,Activity K,9.798182590890704
904,,
904,Activity G,9.798182590890704
904,,
904,Activity N,9.980494888896912
904,,
904,Activity I,9.980494888896912
904,,
904,Activity F,10.268165387743457
905,,
905,Activity B,8.188966863648876
905,,
905,Activity D,9.287394001418473
905,,
905,Activity G,9.798182590890704
905,,
905,Activity M,9.798182590890704
905,,
905,Activity I,9.980494888896912
905,,
905,Activity N,9.980494888896912
905,,
905,Activity F,10.268165387743457
906,,
906,Activity B,8.188966863648876
906,,
906,Activity D,9.287394001418473
906,,
906,Activity K,9.798182590890704
906,,
906,Activity M,9.798182590890704
906,,
906,Activity I,9.980494888896912
906,,
906,Activity N,9.980494888896912
906,,
906,Activity F,10.268165387743457
907,,
907,Activity B,8.188966863648876
907,,
907,Activity D,9.287394001418473
907,,
907,Activity M,9.798182590890704
907,,
907,Activity K,9.798182590890704
907,,
907,Activity J,9.980494888896912
907,,
907,Activity L,9.980494888896912
907,,
907,Activity F,10.268165387743457
908,,
908,Activity B,8.188966863648876
908,,
908,Activity D,9.287394001418473
908,,
908,Activity M,9.798182590890704
908,,
908,Activity G,9.798182590890704
908,,
908,Activity L,9.980494888896912
908,,
908,Activity J,9.980494888896912
908,,
908,Activity F,10.268165387743457
909,,
909,Activity B,8.188966863648876
909,,
909,Activity D,9.287394001418473
909,,
909,Activity G,9.798182590890704
909,,
909,Activity M,9.798182590890704
909,,
909,Activity I,9.980494888896912
909,,
909,Activity N,9.980494888896912
909,,
909,Activity F,10.268165387743457
910,,
910,Activity B,8.188966863648876
910,,
910,Activity D,9.287394001418473
910,,
910,Activity G,9.798182590890704
910,,
910,Activity K,9.798182590890704
910,,
910,Activity I,9.980494888896912
910,,
910,Activity L,9.980494888896912
910,,
910,Activity F,10.268165387743457
911,,
911,Activity B,8.188966863648876
911,,
911,Activity D,9.287394001418473
911,,
911,Activity M,9.798182590890704
911,,
911,Activity G,9.798182590890704
911,,
911,Activity L,9.980494888896912
911,,
911,Activity I,9.980494888896912
911,,
911,Activity F,10.268165387743457
912,,
912,Activity B,8.188966863648876
912,,
912,Activity D,9.287394001418473
912,,
912,Activity G,9.798182590890704
912,,
912,Activity K,9.798182590890704
912,,
912,Activity J,9.980494888896912
912,,
912,Activity L,9.980494888896912
912,,
912,Activity F,10.268165387743457
913,,
913,Activity B,8.188966863648876
913,,
913,Activity D,9.287394001418473
913,,
913,Activity G,9.798182590890704
913,,
913,Activity K,9.798182590890704
913,,
913,Activity I,9.980494888896912
913,,
913,Activity L,9.980494888896912
913,,
913,Activity F,10.268165387743457
914,,
914,Activity B,8.188966863648876
914,,
914,Activity D,9.287394001418473
914,,
914,Activity K,9.798182590890704
914,,
914,Activity M,9.798182590890704
914,,
914,Activity I,9.980494888896912
914,,
914,Activity N,9.980494888896912
914,,
914,Activity F,10.268165387743457
915,,
915,Activity B,8.188966863648876
915,,
915,Activity D,9.287394001418473
915,,
915,Activity M,9.798182590890704
915,,
915,Activity G,9.798182590890704
915,,
915,Activity L,9.980494888896912
915,,
915,Activity J,9.980494888896912
915,,
915,Activity F,10.268165387743457
916,,
916,Activity B,8.188966863648876
916,,
916,Activity D,9.287394001418473
916,,
916,Activity G,9.798182590890704
916,,
916,Activity K,9.798182590890704
916,,
916,Activity J,9.980494888896912
916,,
916,Activity L,9.980494888896912
916,,
916,Activity F,10.268165387743457
917,,
917,Activity B,8.188966863648876
917,,
917,Activity D,9.287394001418473
917,,
917,Activity M,9.798182590890704
917,,
917,Activity G,9.798182590890704
917,,
917,Activity L,9.980494888896912
917,,
917,Activity J,9.980494888896912
917,,
917,Activity F,10.268165387743457
918,,
918,Activity B,8.188966863648876
918,,
918,Activity D,9.287394001418473
918,,
918,Activity G,9.798182590890704
918,,
918,Activity M,9.798182590890704
918,,
918,Activity J,9.980494888896912
918,,
918,Activity N,9.980494888896912
918,,
918,Activity F,10.268165387743457
919,,
919,Activity B,8.188966863648876
919,,
919,Activity D,9.287394001418473
919,,
919,Activity M,9.798182590890704
919,,
919,Activity G,9.798182590890704
919,,
919,Activity L,9.980494888896912
919,,
919,Activity J,9.980494888896912
919,,
919,Activity F,10.268165387743457
920,,
920,Activity B,8.188966863648876
920,,
920,Activity D,9.287394001418473
920,,
920,Activity M,9.798182590890704
920,,
920,Activity K,9.798182590890704
920,,
920,Activity J,9.980494888896912
920,,
920,Activity L,9.980494888896912
920,,
920,Activity F,10.268165387743457
921,,
921,Activity B,8.188966863648876
921,,
921,Activity D,9.287394001418473
921,,
921,Activity K,9.798182590890704
921,,
921,Activity G,9.798182590890704
921,,
921,Activity N,9.980494888896912
921,,
921,Activity J,9.980494888896912
921,,
921,Activity F,10.268165387743457
922,,
922,Activity B,8.188966863648876
922,,
922,Activity D,9.287394001418473
922,,
922,Activity K,9.798182590890704
922,,
922,Activity G,9.798182590890704
922,,
922,Activity N,9.980494888896912
922,,
922,Activity I,9.980494888896912
922,,
922,Activity F,10.268165387743457
923,,
923,Activity B,8.188966863648876
923,,
923,Activity D,9.287394001418473
923,,
923,Activity K,9.798182590890704
923,,
923,Activity G,9.798182590890704
923,,
923,Activity N,9.980494888896912
923,,
923,Activity J,9.980494888896912
923,,
923,Activity F,10.268165387743457
924,,
924,Activity B,8.188966863648876
924,,
924,Activity D,9.287394001418473
924,,
924,Activity M,9.798182590890704
924,,
924,Activity K,9.798182590890704
924,,
924,Activity I,9.980494888896912
924,,
924,Activity L,9.980494888896912
924,,
924,Activity F,10.268165387743457
925,,
925,Activity B,8.188966863648876
925,,
925,Activity D,9.287394001418473
925,,
925,Activity M,9.798182590890704
925,,
925,Activity G,9.798182590890704
925,,
925,Activity L,9.980494888896912
925,,
925,Activity J,9.980494888896912
925,,
925,Activity F,10.268165387743457
926,,
926,Activity B,8.188966863648876
926,,
926,Activity D,9.287394001418473
926,,
926,Activity M,9.798182590890704
926,,
926,Activity K,9.798182590890704
926,,
926,Activity J,9.980494888896912
926,,
926,Activity L,9.980494888896912
926,,
926,Activity F,10.268165387743457
927,,
927,Activity B,8.188966863648876
927,,
927,Activity D,9.287394001418473
927,,
927,Activity M,9.798182590890704
927,,
927,Activity K,9.798182590890704
927,,
927,Activity J,9.980494888896912
927,,
927,Activity L,9.980494888896912
927,,
927,Activity F,10.268165387743457
928,,
928,Activity B,8.188966863648876
928,,
928,Activity D,9.287394001418473
928,,
928,Activity M,9.798182590890704
928,,
928,Activity K,9.798182590890704
928,,
928,Activity I,9.980494888896912
928,,
928,Activity L,9.980494888896912
928,,
928,Activity F,10.268165387743457
929,,
929,Activity B,8.188966863648876
929,,
929,Activity D,9.287394001418473
929,,
929,Activity M,9.798182590890704
929,,
929,Activity K,9.798182590890704
929,,
929,Activity J,9.980494888896912
929,,
929,Activity L,9.980494888896912
929,,
929,Activity F,10.268165387743457
930,,
930,Activity B,8.188966863648876
930,,
930,Activity D,9.287394001418473
930,,
930,Activity G,9.798182590890704
930,,
930,Activity M,9.798182590890704
930,,
930,Activity J,9.980494888896912
930,,
930,Activity N,9.980494888896912
930,,
930,Activity F,10.268165387743457
931,,
931,Activity B,8.188966863648876
931,,
931,Activity D,9.287394001418473
931,,
931,Activity G,9.798182590890704
931,,
931,Activity M,9.798182590890704
931,,
931,Activity I,9.980494888896912
931,,
931,Activity N,9.980494888896912
931,,
931,Activity F,10.268165387743457
932,,
932,Activity B,8.188966863648876
932,,
932,Activity D,9.287394001418473
932,,
932,Activity G,9.798182590890704
932,,
932,Activity K,9.798182590890704
932,,
932,Activity J,9.980494888896912
932,,
932,Activity L,9.980494888896912
932,,
932,Activity F,10.268165387743457
933,,
933,Activity B,8.188966863648876
933,,
933,Activity D,9.287394001418473
933,,
933,Activity M,9.798182590890704
933,,
933,Activity G,9.798182590890704
933,,
933,Activity L,9.980494888896912
933,,
933,Activity I,9.980494888896912
933,,
933,Activity F,10.268165387743457
934,,
934,Activity B,8.188966863648876
934,,
934,Activity D,9.287394001418473
934,,
934,Activity M,9.798182590890704
934,,
934,Activity G,9.798182590890704
934,,
934,Activity L,9.980494888896912
934,,
934,Activity I,9.980494888896912
934,,
934,Activity F,10.268165387743457
935,,
935,Activity B,8.188966863648876
935,,
935,Activity D,9.287394001418473
935,,
935,Activity K,9.798182590890704
935,,
935,Activity M,9.798182590890704
935,,
935,Activity J,9.980494888896912
935,,
935,Activity N,9.980494888896912
935,,
935,Activity F,10.268165387743457
936,,
936,Activity B,8.188966863648876
936,,
936,Activity D,9.287394001418473
936,,
936,Activity K,9.798182590890704
936,,
936,Activity M,9.798182590890704
936,,
936,Activity J,9.980494888896912
936,,
936,Activity N,9.980494888896912
936,,
936,Activity F,10.268165387743457
937,,
937,Activity B,8.188966863648876
937,,
937,Activity D,9.287394001418473
937,,
937,Activity K,9.798182590890704
937,,
937,Activity G,9.798182590890704
937,,
937,Activity N,9.980494888896912
937,,
937,Activity I,9.980494888896912
937,,
937,Activity F,10.268165387743457
938,,
938,Activity B,8.188966863648876
938,,
938,Activity D,9.287394001418473
938,,
938,Activity M,9.798182590890704
938,,
938,Activity K,9.798182590890704
938,,
938,Activity I,9.980494888896912
938,,
938,Activity L,9.980494888896912
938,,
938,Activity F,10.268165387743457
939,,
939,Activity B,8.188966863648876
939,,
939,Activity D,9.287394001418473
939,,
939,Activity K,9.798182590890704
939,,
939,Activity M,9.798182590890704
939,,
939,Activity I,9.980494888896912
939,,
939,Activity N,9.980494888896912
939,,
939,Activity F,10.268165387743457
940,,
940,Activity B,8.188966863648876
940,,
940,Activity D,9.287394001418473
940,,
940,Activity K,9.798182590890704
940,,
940,Activity M,9.798182590890704
940,,
940,Activity I,9.980494888896912
940,,
940,Activity N,9.980494888896912
940,,
940,Activity F,10.268165387743457
941,,
941,Activity B,8.188966863648876
941,,
941,Activity D,9.287394001418473
941,,
941,Activity M,9.798182590890704
941,,
941,Activity G,9.798182590890704
941,,
941,Activity L,9.980494888896912
941,,
941,Activity I,9.980494888896912
941,,
941,Activity F,10.268165387743457
942,,
942,Activity B,8.188966863648876
942,,
942,Activity D,9.287394001418473
942,,
942,Activity G,9.798182590890704
942,,
942,Activity K,9.798182590890704
942,,
942,Activity I,9.980494888896912
942,,
942,Activity L,9.980494888896912
942,,
942,Activity F,10.268165387743457
943,,
943,Activity B,8.188966863648876
943,,
943,Activity D,9.287394001418473
943,,
943,Activity M,9.798182590890704
943,,
943,Activity G,9.798182590890704
943,,
943,Activity L,9.980494888896912
943,,
943,Activity I,9.980494888896912
943,,
943,Activity F,10.268165387743457
944,,
944,Activity B,8.188966863648876
944,,
944,Activity D,9.287394001418473
944,,
944,Activity G,9.798182590890704
944,,
944,Activity M,9.798182590890704
944,,
944,Activity I,9.980494888896912
944,,
944,Activity N,9.980494888896912
944,,
944,Activity F,10.268165387743457
945,,
945,Activity B,8.188966863648876
945,,
945,Activity D,9.287394001418473
945,,
945,Activity K,9.798182590890704
945,,
945,Activity G,9.798182590890704
945,,
945,Activity N,9.980494888896912
945,,
945,Activity I,9.980494888896912
945,,
945,Activity F,10.268165387743457
946,,
946,Activity B,8.188966863648876
946,,
946,Activity D,9.287394001418473
946,,
946,Activity M,9.798182590890704
946,,
946,Activity G,9.798182590890704
946,,
946,Activity L,9.980494888896912
946,,
946,Activity J,9.980494888896912
946,,
946,Activity F,10.268165387743457
947,,
947,Activity B,8.188966863648876
947,,
947,Activity D,9.287394001418473
947,,
947,Activity M,9.798182590890704
947,,
947,Activity K,9.798182590890704
947,,
947,Activity I,9.980494888896912
947,,
947,Activity L,9.980494888896912
947,,
947,Activity F,10.268165387743457
948,,
948,Activity B,8.188966863648876
948,,
948,Activity D,9.287394001418473
948,,
948,Activity K,9.798182590890704
948,,
948,Activity G,9.798182590890704
948,,
948,Activity N,9.980494888896912
948,,
948,Activity J,9.980494888896912
948,,
948,Activity F,10.268165387743457
949,,
949,Activity B,8.188966863648876
949,,
949,Activity D,9.287394001418473
949,,
949,Activity K,9.798182590890704
949,,
949,Activity M,9.798182590890704
949,,
949,Activity I,9.980494888896912
949,,
949,Activity N,9.980494888896912
949,,
949,Activity F,10.268165387743457
950,,
950,Activity B,8.188966863648876
950,,
950,Activity D,9.287394001418473
950,,
950,Activity M,9.798182590890704
950,,
950,Activity G,9.798182590890704
950,,
950,Activity L,9.980494888896912
950,,
950,Activity I,9.980494888896912
950,,
950,Activity F,10.268165387743457
951,,
951,Activity B,8.188966863648876
951,,
951,Activity D,9.287394001418473
951,,
951,Activity G,9.798182590890704
951,,
951,Activity K,9.798182590890704
951,,
951,Activity J,9.980494888896912
951,,
951,Activity L,9.980494888896912
951,,
951,Activity F,10.268165387743457
952,,
952,Activity B,8.188966863648876
952,,
952,Activity D,9.287394001418473
952,,
952,Activity K,9.798182590890704
952,,
952,Activity M,9.798182590890704
952,,
952,Activity J,9.980494888896912
952,,
952,Activity N,9.980494888896912
952,,
952,Activity F,10.268165387743457
953,,
953,Activity B,8.188966863648876
953,,
953,Activity D,9.287394001418473
953,,
953,Activity M,9.798182590890704
953,,
953,Activity G,9.798182590890704
953,,
953,Activity L,9.980494888896912
953,,
953,Activity J,9.980494888896912
953,,
953,Activity F,10.268165387743457
954,,
954,Activity B,8.188966863648876
954,,
954,Activity D,9.287394001418473
954,,
954,Activity G,9.798182590890704
954,,
954,Activity K,9.798182590890704
954,,
954,Activity I,9.980494888896912
954,,
954,Activity L,9.980494888896912
954,,
954,Activity F,10.268165387743457
955,,
955,Activity B,8.188966863648876
955,,
955,Activity D,9.287394001418473
955,,
955,Activity G,9.798182590890704
955,,
955,Activity M,9.798182590890704
955,,
955,Activity J,9.980494888896912
955,,
955,Activity N,9.980494888896912
955,,
955,Activity F,10.268165387743457
956,,
956,Activity B,8.188966863648876
956,,
956,Activity D,9.287394001418473
956,,
956,Activity G,9.798182590890704
956,,
956,Activity K,9.798182590890704
956,,
956,Activity I,9.980494888896912
956,,
956,Activity L,9.980494888896912
956,,
956,Activity F,10.268165387743457
957,,
957,Activity B,8.188966863648876
957,,
957,Activity D,9.287394001418473
957,,
957,Activity G,9.798182590890704
957,,
957,Activity M,9.798182590890704
957,,
957,Activity I,9.980494888896912
957,,
957,Activity N,9.980494888896912
957,,
957,Activity F,10.268165387743457
958,,
958,Activity B,8.188966863648876
958,,
958,Activity D,9.287394001418473
958,,
958,Activity G,9.798182590890704
958,,
958,Activity K,9.798182590890704
958,,
958,Activity J,9.980494888896912
958,,
958,Activity L,9.980494888896912
958,,
958,Activity F,10.268165387743457
959,,
959,Activity B,8.188966863648876
959,,
959,Activity D,9.287394001418473
959,,
959,Activity M,9.798182590890704
959,,
959,Activity G,9.798182590890704
959,,
959,Activity L,9.980494888896912
959,,
959,Activity J,9.980494888896912
959,,
959,Activity F,10.268165387743457
960,,
960,Activity B,8.188966863648876
960,,
960,Activity D,9.287394001418473
960,,
960,Activity K,9.798182590890704
960,,
960,Activity G,9.798182590890704
960,,
960,Activity N,9.980494888896912
960,,
960,Activity J,9.980494888896912
960,,
960,Activity F,10.268165387743457
961,,
961,Activity B,8.188966863648876
961,,
961,Activity D,9.287394001418473
961,,
961,Activity G,9.798182590890704
961,,
961,Activity K,9.798182590890704
961,,
961,Activity J,9.980494888896912
961,,
961,Activity L,9.980494888896912
961,,
961,Activity F,10.268165387743457
962,,
962,Activity B,8.188966863648876
962,,
962,Activity D,9.287394001418473
962,,
962,Activity G,9.798182590890704
962,,
962,Activity K,9.798182590890704
962,,
962,Activity J,9.980494888896912
962,,
962,Activity L,9.980494888896912
962,,
962,Activity F,10.268165387743457
963,,
963,Activity B,8.188966863648876
963,,
963,Activity D,9.287394001418473
963,,
963,Activity K,9.798182590890704
963,,
963,Activity M,9.798182590890704
963,,
963,Activity I,9.980494888896912
963,,
963,Activity N,9.980494888896912
963,,
963,Activity F,10.268165387743457
964,,
964,Activity B,8.188966863648876
964,,
964,Activity D,9.287394001418473
964,,
964,Activity G,9.798182590890704
964,,
964,Activity K,9.798182590890704
964,,
964,Activity I,9.980494888896912
964,,
964,Activity L,9.980494888896912
964,,
964,Activity F,10.268165387743457
965,,
965,Activity B,8.188966863648876
965,,
965,Activity D,9.287394001418473
965,,
965,Activity K,9.798182590890704
965,,
965,Activity G,9.798182590890704
965,,
965,Activity N,9.980494888896912
965,,
965,Activity I,9.980494888896912
965,,
965,Activity F,10.268165387743457
966,,
966,Activity B,8.188966863648876
966,,
966,Activity D,9.287394001418473
966,,
966,Activity K,9.798182590890704
966,,
966,Activity G,9.798182590890704
966,,
966,Activity N,9.980494888896912
966,,
966,Activity J,9.980494888896912
966,,
966,Activity F,10.268165387743457
967,,
967,Activity B,8.188966863648876
967,,
967,Activity D,9.287394001418473
967,,
967,Activity K,9.798182590890704
967,,
967,Activity M,9.798182590890704
967,,
967,Activity I,9.980494888896912
967,,
967,Activity N,9.980494888896912
967,,
967,Activity F,10.268165387743457
968,,
968,Activity B,8.188966863648876
968,,
968,Activity D,9.287394001418473
968,,
968,Activity M,9.798182590890704
968,,
968,Activity G,9.798182590890704
968,,
968,Activity L,9.980494888896912
968,,
968,Activity I,9.980494888896912
968,,
968,Activity F,10.268165387743457
969,,
969,Activity B,8.188966863648876
969,,
969,Activity D,9.287394001418473
969,,
969,Activity G,9.798182590890704
969,,
969,Activity M,9.798182590890704
969,,
969,Activity I,9.980494888896912
969,,
969,Activity N,9.980494888896912
969,,
969,Activity F,10.268165387743457
970,,
970,Activity B,8.188966863648876
970,,
970,Activity D,9.287394001418473
970,,
970,Activity G,9.798182590890704
970,,
970,Activity K,9.798182590890704
970,,
970,Activity J,9.980494888896912
970,,
970,Activity L,9.980494888896912
970,,
970,Activity F,10.268165387743457
971,,
971,Activity B,8.188966863648876
971,,
971,Activity D,9.287394001418473
971,,
971,Activity K,9.798182590890704
971,,
971,Activity M,9.798182590890704
971,,
971,Activity I,9.980494888896912
971,,
971,Activity N,9.980494888896912
971,,
971,Activity F,10.268165387743457
972,,
972,Activity B,8.188966863648876
972,,
972,Activity D,9.287394001418473
972,,
972,Activity K,9.798182590890704
972,,
972,Activity M,9.798182590890704
972,,
972,Activity I,9.980494888896912
972,,
972,Activity N,9.980494888896912
972,,
972,Activity F,10.268165387743457
973,,
973,Activity B,8.188966863648876
973,,
973,Activity D,9.287394001418473
973,,
973,Activity M,9.798182590890704
973,,
973,Activity K,9.798182590890704
973,,
973,Activity I,9.980494888896912
973,,
973,Activity L,9.980494888896912
973,,
973,Activity F,10.268165387743457
974,,
974,Activity B,8.188966863648876
974,,
974,Activity D,9.287394001418473
974,,
974,Activity M,9.798182590890704
974,,
974,Activity K,9.798182590890704
974,,
974,Activity J,9.980494888896912
974,,
974,Activity L,9.980494888896912
974,,
974,Activity F,10.268165387743457
975,,
975,Activity B,8.188966863648876
975,,
975,Activity D,9.287394001418473
975,,
975,Activity K,9.798182590890704
975,,
975,Activity M,9.798182590890704
975,,
975,Activity I,9.980494888896912
975,,
975,Activity N,9.980494888896912
975,,
975,Activity F,10.268165387743457
976,,
976,Activity B,8.188966863648876
976,,
976,Activity D,9.287394001418473
976,,
976,Activity M,9.798182590890704
976,,
976,Activity G,9.798182590890704
976,,
976,Activity L,9.980494888896912
976,,
976,Activity I,9.980494888896912
976,,
976,Activity F,10.268165387743457
977,,
977,Activity B,8.188966863648876
977,,
977,Activity D,9.287394001418473
977,,
977,Activity K,9.798182590890704
977,,
977,Activity M,9.798182590890704
977,,
977,Activity I,9.980494888896912
977,,
977,Activity N,9.980494888896912
977,,
977,Activity F,10.268165387743457
978,,
978,Activity B,8.188966863648876
978,,
978,Activity D,9.287394001418473
978,,
978,Activity K,9.798182590890704
978,,
978,Activity M,9.798182590890704
978,,
978,Activity J,9.980494888896912
978,,
978,Activity N,9.980494888896912
978,,
978,Activity F,10.268165387743457
979,,
979,Activity B,8.188966863648876
979,,
979,Activity D,9.287394001418473
979,,
979,Activity M,9.798182590890704
979,,
979,Activity K,9.798182590890704
979,,
979,Activity J,9.980494888896912
979,,
979,Activity L,9.980494888896912
979,,
979,Activity F,10.268165387743457
980,,
980,Activity B,8.188966863648876
980,,
980,Activity D,9.287394001418473
980,,
980,Activity G,9.798182590890704
980,,
980,Activity K,9.798182590890704
980,,
980,Activity J,9.980494888896912
980,,
980,Activity L,9.980494888896912
980,,
980,Activity F,10.268165387743457
981,,
981,Activity B,8.188966863648876
981,,
981,Activity D,9.287394001418473
981,,
981,Activity K,9.798182590890704
981,,
981,Activity G,9.798182590890704
981,,
981,Activity N,9.980494888896912
981,,
981,Activity J,9.980494888896912
981,,
981,Activity F,10.268165387743457
982,,
982,Activity B,8.188966863648876
982,,
982,Activity D,9.287394001418473
982,,
982,Activity G,9.798182590890704
982,,
982,Activity M,9.798182590890704
982,,
982,Activity J,9.980494888896912
982,,
982,Activity N,9.980494888896912
982,,
982,Activity F,10.268165387743457
983,,
983,Activity B,8.188966863648876
983,,
983,Activity D,9.287394001418473
983,,
983,Activity M,9.798182590890704
983,,
983,Activity G,9.798182590890704
983,,
983,Activity L,9.980494888896912
983,,
983,Activity I,9.980494888896912
983,,
983,Activity F,10.268165387743457
984,,
984,Activity B,8.188966863648876
984,,
984,Activity D,9.287394001418473
984,,
984,Activity M,9.798182590890704
984,,
984,Activity K,9.798182590890704
984,,
984,Activity I,9.980494888896912
984,,
984,Activity L,9.980494888896912
984,,
984,Activity F,10.268165387743457
985,,
985,Activity B,8.188966863648876
985,,
985,Activity D,9.287394001418473
985,,
985,Activity K,9.798182590890704
985,,
985,Activity M,9.798182590890704
985,,
985,Activity J,9.980494888896912
985,,
985,Activity N,9.980494888896912
985,,
985,Activity F,10.268165387743457
986,,
986,Activity B,8.188966863648876
986,,
986,Activity D,9.287394001418473
986,,
986,Activity M,9.798182590890704
986,,
986,Activity K,9.798182590890704
986,,
986,Activity I,9.980494888896912
986,,
986,Activity L,9.980494888896912
986,,
986,Activity F,10.268165387743457
987,,
987,Activity B,8.188966863648876
987,,
987,Activity D,9.287394001418473
987,,
987,Activity K,9.798182590890704
987,,
987,Activity G,9.798182590890704
987,,
987,Activity N,9.980494888896912
987,,
987,Activity I,9.980494888896912
987,,
987,Activity F,10.268165387743457
988,,
988,Activity B,8.188966863648876
988,,
988,Activity D,9.287394001418473
988,,
988,Activity G,9.798182590890704
988,,
988,Activity K,9.798182590890704
988,,
988,Activity I,9.980494888896912
988,,
988,Activity L,9.980494888896912
988,,
988,Activity F,10.268165387743457
989,,
989,Activity B,8.188966863648876
989,,
989,Activity D,9.287394001418473
989,,
989,Activity G,9.798182590890704
989,,
989,Activity M,9.798182590890704
989,,
989,Activity I,9.980494888896912
989,,
989,Activity N,9.980494888896912
989,,
989,Activity F,10.268165387743457
990,,
990,Activity B,8.188966863648876
990,,
990,Activity D,9.287394001418473
990,,
990,Activity G,9.798182590890704
990,,
990,Activity K,9.798182590890704
990,,
990,Activity I,9.980494888896912
990,,
990,Activity L,9.980494888896912
990,,
990,Activity F,10.268165387743457
991,,
991,Activity B,8.188966863648876
991,,
991,Activity D,9.287394001418473
991,,
991,Activity K,9.798182590890704
991,,
991,Activity M,9.798182590890704
991,,
991,Activity I,9.980494888896912
991,,
991,Activity N,9.980494888896912
991,,
991,Activity F,10.268165387743457
992,,
992,Activity B,8.188966863648876
992,,
992,Activity D,9.287394001418473
992,,
992,Activity M,9.798182590890704
992,,
992,Activity K,9.798182590890704
992,,
992,Activity I,9.980494888896912
992,,
992,Activity L,9.980494888896912
992,,
992,Activity F,10.268165387743457
993,,
993,Activity B,8.188966863648876
993,,
993,Activity D,9.287394001418473
993,,
993,Activity G,9.798182590890704
993,,
993,Activity M,9.798182590890704
993,,
993,Activity I,9.980494888896912
993,,
993,Activity N,9.980494888896912
993,,
993,Activity F,10.268165387743457
994,,
994,Activity B,8.188966863648876
994,,
994,Activity D,9.287394001418473
994,,
994,Activity K,9.798182590890704
994,,
994,Activity M,9.798182590890704
994,,
994,Activity I,9.980494888896912
994,,
994,Activity N,9.980494888896912
994,,
994,Activity F,10.268165387743457
995,,
995,Activity B,8.188966863648876
995,,
995,Activity D,9.287394001418473
995,,
995,Activity M,9.798182590890704
995,,
995,Activity K,9.798182590890704
995,,
995,Activity J,9.980494888896912
995,,
995,Activity L,9.980494888896912
995,,
995,Activity F,10.268165387743457
996,,
996,Activity B,8.188966863648876
996,,
996,Activity D,9.287394001418473
996,,
996,Activity M,9.798182590890704
996,,
996,Activity K,9.798182590890704
996,,
996,Activity J,9.980494888896912
996,,
996,Activity L,9.980494888896912
996,,
996,Activity F,10.268165387743457
997,,
997,Activity B,8.188966863648876
997,,
997,Activity D,9.287394001418473
997,,
997,Activity G,9.798182590890704
997,,
997,Activity M,9.798182590890704
997,,
997,Activity I,9.980494888896912
997,,
997,Activity N,9.980494888896912
997,,
997,Activity F,10.268165387743457
998,,
998,Activity B,8.188966863648876
998,,
998,Activity D,9.287394001418473
998,,
998,Activity K,9.798182590890704
998,,
998,Activity M,9.798182590890704
998,,
998,Activity I,9.980494888896912
998,,
998,Activity N,9.980494888896912
998,,
998,Activity F,10.268165387743457
999,,
999,Activity B,8.188966863648876
999,,
999,Activity D,9.287394001418473
999,,
999,Activity M,9.798182590890704
999,,
999,Activity K,9.798182590890704
999,,
999,Activity J,9.980494888896912
999,,
999,Activity L,9.980494888896912
999,,
999,Activity F,10.268165387743457
1000,,
1000,Activity B,8.188966863648876
1000,,
1000,Activity D,9.287394001418473
1000,,
1000,Activity K,9.798182590890704
1000,,
1000,Activity G,9.798182590890704
1000,,
1000,Activity N,9.980494888896912
1000,,
1000,Activity J,9.980494888896912
1000,,
1000,Activity F,10.268165387743457
1001,,
1001,Activity B,8.188966863648876
1001,,
1001,Activity D,9.287394001418473
1001,,
1001,Activity G,9.798182590890704
1001,,
1001,Activity K,9.798182590890704
1001,,
1001,Activity I,9.980494888896912
1001,,
1001,Activity L,9.980494888896912
1001,,
1001,Activity F,10.268165387743457
1002,,
1002,Activity B,8.188966863648876
1002,,
1002,Activity D,9.287394001418473
1002,,
1002,Activity G,9.798182590890704
1002,,
1002,Activity K,9.798182590890704
1002,,
1002,Activity J,9.980494888896912
1002,,
1002,Activity L,9.980494888896912
1002,,
1002,Activity F,10.268165387743457
1003,,
1003,Activity B,8.188966863648876
1003,,
1003,Activity D,9.287394001418473
1003,,
1003,Activity K,9.798182590890704
1003,,
1003,Activity G,9.798182590890704
1003,,
1003,Activity N,9.980494888896912
1003,,
1003,Activity I,9.980494888896912
1003,,
1003,Activity F,10.268165387743457
1004,,
1004,Activity B,8.188966863648876
1004,,
1004,Activity D,9.287394001418473
1004,,
1004,Activity K,9.798182590890704
1004,,
1004,Activity G,9.798182590890704
1004,,
1004,Activity N,9.980494888896912
1004,,
1004,Activity J,9.980494888896912
1004,,
1004,Activity F,10.268165387743457
1005,,
1005,Activity B,8.188966863648876
1005,,
1005,Activity D,9.287394001418473
1005,,
1005,Activity K,9.798182590890704
1005,,
1005,Activity G,9.798182590890704
1005,,
1005,Activity N,9.980494888896912
1005,,
1005,Activity J,9.980494888896912
1005,,
1005,Activity F,10.268165387743457
1006,,
1006,Activity B,8.188966863648876
1006,,
1006,Activity D,9.287394001418473
1006,,
1006,Activity M,9.798182590890704
1006,,
1006,Activity G,9.798182590890704
1006,,
1006,Activity L,9.980494888896912
1006,,
1006,Activity J,9.980494888896912
1006,,
1006,Activity F,10.268165387743457
1007,,
1007,Activity B,8.188966863648876
1007,,
1007,Activity D,9.287394001418473
1007,,
1007,Activity G,9.798182590890704
1007,,
1007,Activity M,9.798182590890704
1007,,
1007,Activity I,9.980494888896912
1007,,
1007,Activity N,9.980494888896912
1007,,
1007,Activity F,10.268165387743457
1008,,
1008,Activity B,8.188966863648876
1008,,
1008,Activity D,9.287394001418473
1008,,
1008,Activity G,9.798182590890704
1008,,
1008,Activity K,9.798182590890704
1008,,
1008,Activity J,9.980494888896912
1008,,
1008,Activity L,9.980494888896912
1008,,
1008,Activity F,10.268165387743457
1009,,
1009,Activity B,8.188966863648876
1009,,
1009,Activity D,9.287394001418473
1009,,
1009,Activity K,9.798182590890704
1009,,
1009,Activity M,9.798182590890704
1009,,
1009,Activity I,9.980494888896912
1009,,
1009,Activity N,9.980494888896912
1009,,
1009,Activity F,10.268165387743457
1010,,
1010,Activity B,8.188966863648876
1010,,
1010,Activity D,9.287394001418473
1010,,
1010,Activity K,9.798182590890704
1010,,
1010,Activity M,9.798182590890704
1010,,
1010,Activity J,9.980494888896912
1010,,
1010,Activity N,9.980494888896912
1010,,
1010,Activity F,10.268165387743457
1011,,
1011,Activity B,8.188966863648876
1011,,
1011,Activity D,9.287394001418473
1011,,
1011,Activity K,9.798182590890704
1011,,
1011,Activity G,9.798182590890704
1011,,
1011,Activity N,9.980494888896912
1011,,
1011,Activity I,9.980494888896912
1011,,
1011,Activity F,10.268165387743457
1012,,
1012,Activity B,8.188966863648876
1012,,
1012,Activity D,9.287394001418473
1012,,
1012,Activity M,9.798182590890704
1012,,
1012,Activity G,9.798182590890704
1012,,
1012,Activity L,9.980494888896912
1012,,
1012,Activity I,9.980494888896912
1012,,
1012,Activity F,10.268165387743457
1013,,
1013,Activity B,8.188966863648876
1013,,
1013,Activity D,9.287394001418473
1013,,
1013,Activity M,9.798182590890704
1013,,
1013,Activity K,9.798182590890704
1013,,
1013,Activity I,9.980494888896912
1013,,
1013,Activity L,9.980494888896912
1013,,
1013,Activity F,10.268165387743457
1014,,
1014,Activity B,8.188966863648876
1014,,
1014,Activity D,9.287394001418473
1014,,
1014,Activity K,9.798182590890704
1014,,
1014,Activity M,9.798182590890704
1014,,
1014,Activity I,9.980494888896912
1014,,
1014,Activity N,9.980494888896912
1014,,
1014,Activity F,10.268165387743457
1015,,
1015,Activity B,8.188966863648876
1015,,
1015,Activity D,9.287394001418473
1015,,
1015,Activity K,9.798182590890704
1015,,
1015,Activity G,9.798182590890704
1015,,
1015,Activity N,9.980494888896912
1015,,
1015,Activity J,9.980494888896912
1015,,
1015,Activity F,10.268165387743457
1016,,
1016,Activity B,8.188966863648876
1016,,
1016,Activity D,9.287394001418473
1016,,
1016,Activity K,9.798182590890704
1016,,
1016,Activity G,9.798182590890704
1016,,
1016,Activity N,9.980494888896912
1016,,
1016,Activity J,9.980494888896912
1016,,
1016,Activity F,10.268165387743457
1017,,
1017,Activity B,8.188966863648876
1017,,
1017,Activity D,9.287394001418473
1017,,
1017,Activity G,9.798182590890704
1017,,
1017,Activity M,9.798182590890704
1017,,
1017,Activity J,9.980494888896912
1017,,
1017,Activity N,9.980494888896912
1017,,
1017,Activity F,10.268165387743457
1018,,
1018,Activity B,8.188966863648876
1018,,
1018,Activity D,9.287394001418473
1018,,
1018,Activity G,9.798182590890704
1018,,
1018,Activity K,9.798182590890704
1018,,
1018,Activity I,9.980494888896912
1018,,
1018,Activity L,9.980494888896912
1018,,
1018,Activity F,10.268165387743457
1019,,
1019,Activity B,8.188966863648876
1019,,
1019,Activity D,9.287394001418473
1019,,
1019,Activity K,9.798182590890704
1019,,
1019,Activity M,9.798182590890704
1019,,
1019,Activity I,9.980494888896912
1019,,
1019,Activity N,9.980494888896912
1019,,
1019,Activity F,10.268165387743457
1020,,
1020,Activity B,8.188966863648876
1020,,
1020,Activity D,9.287394001418473
1020,,
1020,Activity M,9.798182590890704
1020,,
1020,Activity G,9.798182590890704
1020,,
1020,Activity L,9.980494888896912
1020,,
1020,Activity J,9.980494888896912
1020,,
1020,Activity F,10.268165387743457
1021,,
1021,Activity B,8.188966863648876
1021,,
1021,Activity D,9.287394001418473
1021,,
1021,Activity K,9.798182590890704
1021,,
1021,Activity M,9.798182590890704
1021,,
1021,Activity J,9.980494888896912
1021,,
1021,Activity N,9.980494888896912
1021,,
1021,Activity F,10.268165387743457
1022,,
1022,Activity B,8.188966863648876
1022,,
1022,Activity D,9.287394001418473
1022,,
1022,Activity M,9.798182590890704
1022,,
1022,Activity K,9.798182590890704
1022,,
1022,Activity I,9.980494888896912
1022,,
1022,Activity L,9.980494888896912
1022,,
1022,Activity F,10.268165387743457
1023,,
1023,Activity B,8.188966863648876
1023,,
1023,Activity D,9.287394001418473
1023,,
1023,Activity K,9.798182590890704
1023,,
1023,Activity M,9.798182590890704
1023,,
1023,Activity I,9.980494888896912
1023,,
1023,Activity N,9.980494888896912
1023,,
1023,Activity F,10.268165387743457
1024,,
1024,Activity B,8.188966863648876
1024,,
1024,Activity D,9.287394001418473
1024,,
1024,Activity K,9.798182590890704
1024,,
1024,Activity G,9.798182590890704
1024,,
1024,Activity N,9.980494888896912
1024,,
1024,Activity I,9.980494888896912
1024,,
1024,Activity F,10.268165387743457
1025,,
1025,Activity B,8.188966863648876
1025,,
1025,Activity D,9.287394001418473
1025,,
1025,Activity G,9.798182590890704
1025,,
1025,Activity K,9.798182590890704
1025,,
1025,Activity J,9.980494888896912
1025,,
1025,Activity L,9.980494888896912
1025,,
1025,Activity F,10.268165387743457
1026,,
1026,Activity B,8.188966863648876
1026,,
1026,Activity D,9.287394001418473
1026,,
1026,Activity M,9.798182590890704
1026,,
1026,Activity K,9.798182590890704
1026,,
1026,Activity J,9.980494888896912
1026,,
1026,Activity L,9.980494888896912
1026,,
1026,Activity F,10.268165387743457
1027,,
1027,Activity B,8.188966863648876
1027,,
1027,Activity D,9.287394001418473
1027,,
1027,Activity K,9.798182590890704
1027,,
1027,Activity M,9.798182590890704
1027,,
1027,Activity I,9.980494888896912
1027,,
1027,Activity N,9.980494888896912
1027,,
1027,Activity F,10.268165387743457
1028,,
1028,Activity B,8.188966863648876
1028,,
1028,Activity D,9.287394001418473
1028,,
1028,Activity K,9.798182590890704
1028,,
1028,Activity M,9.798182590890704
1028,,
1028,Activity J,9.980494888896912
1028,,
1028,Activity N,9.980494888896912
1028,,
1028,Activity F,10.268165387743457
1029,,
1029,Activity B,8.188966863648876
1029,,
1029,Activity D,9.287394001418473
1029,,
1029,Activity K,9.798182590890704
1029,,
1029,Activity G,9.798182590890704
1029,,
1029,Activity N,9.980494888896912
1029,,
1029,Activity J,9.980494888896912
1029,,
1029,Activity F,10.268165387743457
1030,,
1030,Activity B,8.188966863648876
1030,,
1030,Activity D,9.287394001418473
1030,,
1030,Activity M,9.798182590890704
1030,,
1030,Activity K,9.798182590890704
1030,,
1030,Activity J,9.980494888896912
1030,,
1030,Activity L,9.980494888896912
1030,,
1030,Activity F,10.268165387743457
1031,,
1031,Activity B,8.188966863648876
1031,,
1031,Activity D,9.287394001418473
1031,,
1031,Activity G,9.798182590890704
1031,,
1031,Activity K,9.798182590890704
1031,,
1031,Activity I,9.980494888896912
1031,,
1031,Activity L,9.980494888896912
1031,,
1031,Activity F,10.268165387743457
1032,,
1032,Activity B,8.188966863648876
1032,,
1032,Activity D,9.287394001418473
1032,,
1032,Activity M,9.798182590890704
1032,,
1032,Activity G,9.798182590890704
1032,,
1032,Activity L,9.980494888896912
1032,,
1032,Activity I,9.980494888896912
1032,,
1032,Activity F,10.268165387743457
1033,,
1033,Activity B,8.188966863648876
1033,,
1033,Activity D,9.287394001418473
1033,,
1033,Activity G,9.798182590890704
1033,,
1033,Activity M,9.798182590890704
1033,,
1033,Activity I,9.980494888896912
1033,,
1033,Activity N,9.980494888896912
1033,,
1033,Activity F,10.268165387743457
1034,,
1034,Activity B,8.188966863648876
1034,,
1034,Activity D,9.287394001418473
1034,,
1034,Activity M,9.798182590890704
1034,,
1034,Activity K,9.798182590890704
1034,,
1034,Activity J,9.980494888896912
1034,,
1034,Activity L,9.980494888896912
1034,,
1034,Activity F,10.268165387743457
1035,,
1035,Activity B,8.188966863648876
1035,,
1035,Activity D,9.287394001418473
1035,,
1035,Activity M,9.798182590890704
1035,,
1035,Activity G,9.798182590890704
1035,,
1035,Activity L,9.980494888896912
1035,,
1035,Activity J,9.980494888896912
1035,,
1035,Activity F,10.268165387743457
1036,,
1036,Activity B,8.188966863648876
1036,,
1036,Activity D,9.287394001418473
1036,,
1036,Activity K,9.798182590890704
1036,,
1036,Activity G,9.798182590890704
1036,,
1036,Activity N,9.980494888896912
1036,,
1036,Activity J,9.980494888896912
1036,,
1036,Activity F,10.268165387743457
1037,,
1037,Activity B,8.188966863648876
1037,,
1037,Activity D,9.287394001418473
1037,,
1037,Activity M,9.798182590890704
1037,,
1037,Activity G,9.798182590890704
1037,,
1037,Activity L,9.980494888896912
1037,,
1037,Activity J,9.980494888896912
1037,,
1037,Activity F,10.268165387743457
1038,,
1038,Activity B,8.188966863648876
1038,,
1038,Activity D,9.287394001418473
1038,,
1038,Activity K,9.798182590890704
1038,,
1038,Activity M,9.798182590890704
1038,,
1038,Activity J,9.980494888896912
1038,,
1038,Activity N,9.980494888896912
1038,,
1038,Activity F,10.268165387743457
1039,,
1039,Activity B,8.188966863648876
1039,,
1039,Activity D,9.287394001418473
1039,,
1039,Activity M,9.798182590890704
1039,,
1039,Activity K,9.798182590890704
1039,,
1039,Activity J,9.980494888896912
1039,,
1039,Activity L,9.980494888896912
1039,,
1039,Activity F,10.268165387743457
1040,,
1040,Activity B,8.188966863648876
1040,,
1040,Activity D,9.287394001418473
1040,,
1040,Activity K,9.798182590890704
1040,,
1040,Activity M,9.798182590890704
1040,,
1040,Activity J,9.980494888896912
1040,,
1040,Activity N,9.980494888896912
1040,,
1040,Activity F,10.268165387743457
1041,,
1041,Activity B,8.188966863648876
1041,,
1041,Activity D,9.287394001418473
1041,,
1041,Activity G,9.798182590890704
1041,,
1041,Activity K,9.798182590890704
1041,,
1041,Activity I,9.980494888896912
1041,,
1041,Activity L,9.980494888896912
1041,,
1041,Activity F,10.268165387743457
1042,,
1042,Activity B,8.188966863648876
1042,,
1042,Activity D,9.287394001418473
1042,,
1042,Activity G,9.798182590890704
1042,,
1042,Activity K,9.798182590890704
1042,,
1042,Activity J,9.980494888896912
1042,,
1042,Activity L,9.980494888896912
1042,,
1042,Activity F,10.268165387743457
1043,,
1043,Activity B,8.188966863648876
1043,,
1043,Activity D,9.287394001418473
1043,,
1043,Activity M,9.798182590890704
1043,,
1043,Activity K,9.798182590890704
1043,,
1043,Activity I,9.980494888896912
1043,,
1043,Activity L,9.980494888896912
1043,,
1043,Activity F,10.268165387743457
1044,,
1044,Activity B,8.188966863648876
1044,,
1044,Activity D,9.287394001418473
1044,,
1044,Activity M,9.798182590890704
1044,,
1044,Activity G,9.798182590890704
1044,,
1044,Activity L,9.980494888896912
1044,,
1044,Activity J,9.980494888896912
1044,,
1044,Activity F,10.268165387743457
1045,,
1045,Activity B,8.188966863648876
1045,,
1045,Activity D,9.287394001418473
1045,,
1045,Activity G,9.798182590890704
1045,,
1045,Activity M,9.798182590890704
1045,,
1045,Activity J,9.980494888896912
1045,,
1045,Activity N,9.980494888896912
1045,,
1045,Activity F,10.268165387743457
1046,,
1046,Activity B,8.188966863648876
1046,,
1046,Activity D,9.287394001418473
1046,,
1046,Activity K,9.798182590890704
1046,,
1046,Activity M,9.798182590890704
1046,,
1046,Activity J,9.980494888896912
1046,,
1046,Activity N,9.980494888896912
1046,,
1046,Activity F,10.268165387743457
1047,,
1047,Activity B,8.188966863648876
1047,,
1047,Activity D,9.287394001418473
1047,,
1047,Activity K,9.798182590890704
1047,,
1047,Activity G,9.798182590890704
1047,,
1047,Activity N,9.980494888896912
1047,,
1047,Activity J,9.980494888896912
1047,,
1047,Activity F,10.268165387743457
1048,,
1048,Activity B,8.188966863648876
1048,,
1048,Activity D,9.287394001418473
1048,,
1048,Activity K,9.798182590890704
1048,,
1048,Activity M,9.798182590890704
1048,,
1048,Activity J,9.980494888896912
1048,,
1048,Activity N,9.980494888896912
1048,,
1048,Activity F,10.268165387743457
1049,,
1049,Activity B,8.188966863648876
1049,,
1049,Activity D,9.287394001418473
1049,,
1049,Activity G,9.798182590890704
1049,,
1049,Activity K,9.798182590890704
1049,,
1049,Activity I,9.980494888896912
1049,,
1049,Activity L,9.980494888896912
1049,,
1049,Activity F,10.268165387743457
1050,,
1050,Activity B,8.188966863648876
1050,,
1050,Activity D,9.287394001418473
1050,,
1050,Activity M,9.798182590890704
1050,,
1050,Activity G,9.798182590890704
1050,,
1050,Activity L,9.980494888896912
1050,,
1050,Activity I,9.980494888896912
1050,,
1050,Activity F,10.268165387743457
1051,,
1051,Activity B,8.188966863648876
1051,,
1051,Activity D,9.287394001418473
1051,,
1051,Activity K,9.798182590890704
1051,,
1051,Activity M,9.798182590890704
1051,,
1051,Activity J,9.980494888896912
1051,,
1051,Activity N,9.980494888896912
1051,,
1051,Activity F,10.268165387743457
1052,,
1052,Activity B,8.188966863648876
1052,,
1052,Activity D,9.287394001418473
1052,,
1052,Activity K,9.798182590890704
1052,,
1052,Activity M,9.798182590890704
1052,,
1052,Activity J,9.980494888896912
1052,,
1052,Activity N,9.980494888896912
1052,,
1052,Activity F,10.268165387743457
1053,,
1053,Activity B,8.188966863648876
1053,,
1053,Activity D,9.287394001418473
1053,,
1053,Activity K,9.798182590890704
1053,,
1053,Activity M,9.798182590890704
1053,,
1053,Activity I,9.980494888896912
1053,,
1053,Activity N,9.980494888896912
1053,,
1053,Activity F,10.268165387743457
1054,,
1054,Activity B,8.188966863648876
1054,,
1054,Activity D,9.287394001418473
1054,,
1054,Activity M,9.798182590890704
1054,,
1054,Activity G,9.798182590890704
1054,,
1054,Activity L,9.980494888896912
1054,,
1054,Activity J,9.980494888896912
1054,,
1054,Activity F,10.268165387743457
1055,,
1055,Activity B,8.188966863648876
1055,,
1055,Activity D,9.287394001418473
1055,,
1055,Activity K,9.798182590890704
1055,,
1055,Activity G,9.798182590890704
1055,,
1055,Activity N,9.980494888896912
1055,,
1055,Activity I,9.980494888896912
1055,,
1055,Activity F,10.268165387743457
1056,,
1056,Activity B,8.188966863648876
1056,,
1056,Activity D,9.287394001418473
1056,,
1056,Activity M,9.798182590890704
1056,,
1056,Activity G,9.798182590890704
1056,,
1056,Activity L,9.980494888896912
1056,,
1056,Activity J,9.980494888896912
1056,,
1056,Activity F,10.268165387743457
1057,,
1057,Activity B,8.188966863648876
1057,,
1057,Activity D,9.287394001418473
1057,,
1057,Activity K,9.798182590890704
1057,,
1057,Activity G,9.798182590890704
1057,,
1057,Activity N,9.980494888896912
1057,,
1057,Activity I,9.980494888896912
1057,,
1057,Activity F,10.268165387743457
1058,,
1058,Activity B,8.188966863648876
1058,,
1058,Activity D,9.287394001418473
1058,,
1058,Activity M,9.798182590890704
1058,,
1058,Activity G,9.798182590890704
1058,,
1058,Activity L,9.980494888896912
1058,,
1058,Activity J,9.980494888896912
1058,,
1058,Activity F,10.268165387743457
1059,,
1059,Activity B,8.188966863648876
1059,,
1059,Activity D,9.287394001418473
1059,,
1059,Activity G,9.798182590890704
1059,,
1059,Activity M,9.798182590890704
1059,,
1059,Activity I,9.980494888896912
1059,,
1059,Activity N,9.980494888896912
1059,,
1059,Activity F,10.268165387743457
1060,,
1060,Activity B,8.188966863648876
1060,,
1060,Activity D,9.287394001418473
1060,,
1060,Activity G,9.798182590890704
1060,,
1060,Activity M,9.798182590890704
1060,,
1060,Activity I,9.980494888896912
1060,,
1060,Activity N,9.980494888896912
1060,,
1060,Activity F,10.268165387743457
1061,,
1061,Activity B,8.188966863648876
1061,,
1061,Activity D,9.287394001418473
1061,,
1061,Activity G,9.798182590890704
1061,,
1061,Activity M,9.798182590890704
1061,,
1061,Activity J,9.980494888896912
1061,,
1061,Activity N,9.980494888896912
1061,,
1061,Activity F,10.268165387743457
1062,,
1062,Activity B,8.188966863648876
1062,,
1062,Activity D,9.287394001418473
1062,,
1062,Activity G,9.798182590890704
1062,,
1062,Activity K,9.798182590890704
1062,,
1062,Activity I,9.980494888896912
1062,,
1062,Activity L,9.980494888896912
1062,,
1062,Activity F,10.268165387743457
1063,,
1063,Activity B,8.188966863648876
1063,,
1063,Activity D,9.287394001418473
1063,,
1063,Activity G,9.798182590890704
1063,,
1063,Activity K,9.798182590890704
1063,,
1063,Activity J,9.980494888896912
1063,,
1063,Activity L,9.980494888896912
1063,,
1063,Activity F,10.268165387743457
1064,,
1064,Activity B,8.188966863648876
1064,,
1064,Activity D,9.287394001418473
1064,,
1064,Activity G,9.798182590890704
1064,,
1064,Activity K,9.798182590890704
1064,,
1064,Activity J,9.980494888896912
1064,,
1064,Activity L,9.980494888896912
1064,,
1064,Activity F,10.268165387743457
1065,,
1065,Activity B,8.188966863648876
1065,,
1065,Activity D,9.287394001418473
1065,,
1065,Activity G,9.798182590890704
1065,,
1065,Activity M,9.798182590890704
1065,,
1065,Activity J,9.980494888896912
1065,,
1065,Activity N,9.980494888896912
1065,,
1065,Activity F,10.268165387743457
1066,,
1066,Activity B,8.188966863648876
1066,,
1066,Activity D,9.287394001418473
1066,,
1066,Activity M,9.798182590890704
1066,,
1066,Activity G,9.798182590890704
1066,,
1066,Activity L,9.980494888896912
1066,,
1066,Activity I,9.980494888896912
1066,,
1066,Activity F,10.268165387743457
1067,,
1067,Activity B,8.188966863648876
1067,,
1067,Activity D,9.287394001418473
1067,,
1067,Activity K,9.798182590890704
1067,,
1067,Activity G,9.798182590890704
1067,,
1067,Activity N,9.980494888896912
1067,,
1067,Activity I,9.980494888896912
1067,,
1067,Activity F,10.268165387743457
1068,,
1068,Activity B,8.188966863648876
1068,,
1068,Activity D,9.287394001418473
1068,,
1068,Activity M,9.798182590890704
1068,,
1068,Activity G,9.798182590890704
1068,,
1068,Activity L,9.980494888896912
1068,,
1068,Activity I,9.980494888896912
1068,,
1068,Activity F,10.268165387743457
1069,,
1069,Activity B,8.188966863648876
1069,,
1069,Activity D,9.287394001418473
1069,,
1069,Activity M,9.798182590890704
1069,,
1069,Activity G,9.798182590890704
1069,,
1069,Activity L,9.980494888896912
1069,,
1069,Activity J,9.980494888896912
1069,,
1069,Activity F,10.268165387743457
1070,,
1070,Activity B,8.188966863648876
1070,,
1070,Activity D,9.287394001418473
1070,,
1070,Activity K,9.798182590890704
1070,,
1070,Activity G,9.798182590890704
1070,,
1070,Activity N,9.980494888896912
1070,,
1070,Activity J,9.980494888896912
1070,,
1070,Activity F,10.268165387743457
1071,,
1071,Activity B,8.188966863648876
1071,,
1071,Activity D,9.287394001418473
1071,,
1071,Activity K,9.798182590890704
1071,,
1071,Activity M,9.798182590890704
1071,,
1071,Activity I,9.980494888896912
1071,,
1071,Activity N,9.980494888896912
1071,,
1071,Activity F,10.268165387743457
1072,,
1072,Activity B,8.188966863648876
1072,,
1072,Activity D,9.287394001418473
1072,,
1072,Activity G,9.798182590890704
1072,,
1072,Activity M,9.798182590890704
1072,,
1072,Activity I,9.980494888896912
1072,,
1072,Activity N,9.980494888896912
1072,,
1072,Activity F,10.268165387743457
1073,,
1073,Activity B,8.188966863648876
1073,,
1073,Activity D,9.287394001418473
1073,,
1073,Activity M,9.798182590890704
1073,,
1073,Activity G,9.798182590890704
1073,,
1073,Activity L,9.980494888896912
1073,,
1073,Activity J,9.980494888896912
1073,,
1073,Activity F,10.268165387743457
1074,,
1074,Activity B,8.188966863648876
1074,,
1074,Activity D,9.287394001418473
1074,,
1074,Activity M,9.798182590890704
1074,,
1074,Activity G,9.798182590890704
1074,,
1074,Activity L,9.980494888896912
1074,,
1074,Activity I,9.980494888896912
1074,,
1074,Activity F,10.268165387743457
1075,,
1075,Activity B,8.188966863648876
1075,,
1075,Activity D,9.287394001418473
1075,,
1075,Activity M,9.798182590890704
1075,,
1075,Activity G,9.798182590890704
1075,,
1075,Activity L,9.980494888896912
1075,,
1075,Activity I,9.980494888896912
1075,,
1075,Activity F,10.268165387743457
1076,,
1076,Activity B,8.188966863648876
1076,,
1076,Activity D,9.287394001418473
1076,,
1076,Activity K,9.798182590890704
1076,,
1076,Activity G,9.798182590890704
1076,,
1076,Activity N,9.980494888896912
1076,,
1076,Activity I,9.980494888896912
1076,,
1076,Activity F,10.268165387743457
1077,,
1077,Activity B,8.188966863648876
1077,,
1077,Activity D,9.287394001418473
1077,,
1077,Activity K,9.798182590890704
1077,,
1077,Activity M,9.798182590890704
1077,,
1077,Activity J,9.980494888896912
1077,,
1077,Activity N,9.980494888896912
1077,,
1077,Activity F,10.268165387743457
1078,,
1078,Activity B,8.188966863648876
1078,,
1078,Activity D,9.287394001418473
1078,,
1078,Activity M,9.798182590890704
1078,,
1078,Activity G,9.798182590890704
1078,,
1078,Activity L,9.980494888896912
1078,,
1078,Activity J,9.980494888896912
1078,,
1078,Activity F,10.268165387743457
1079,,
1079,Activity B,8.188966863648876
1079,,
1079,Activity D,9.287394001418473
1079,,
1079,Activity G,9.798182590890704
1079,,
1079,Activity K,9.798182590890704
1079,,
1079,Activity J,9.980494888896912
1079,,
1079,Activity L,9.980494888896912
1079,,
1079,Activity F,10.268165387743457
1080,,
1080,Activity B,8.188966863648876
1080,,
1080,Activity D,9.287394001418473
1080,,
1080,Activity M,9.798182590890704
1080,,
1080,Activity G,9.798182590890704
1080,,
1080,Activity L,9.980494888896912
1080,,
1080,Activity J,9.980494888896912
1080,,
1080,Activity F,10.268165387743457
1081,,
1081,Activity B,8.188966863648876
1081,,
1081,Activity D,9.287394001418473
1081,,
1081,Activity M,9.798182590890704
1081,,
1081,Activity K,9.798182590890704
1081,,
1081,Activity J,9.980494888896912
1081,,
1081,Activity L,9.980494888896912
1081,,
1081,Activity F,10.268165387743457
1082,,
1082,Activity B,8.188966863648876
1082,,
1082,Activity D,9.287394001418473
1082,,
1082,Activity K,9.798182590890704
1082,,
1082,Activity G,9.798182590890704
1082,,
1082,Activity N,9.980494888896912
1082,,
1082,Activity J,9.980494888896912
1082,,
1082,Activity F,10.268165387743457
1083,,
1083,Activity B,8.188966863648876
1083,,
1083,Activity D,9.287394001418473
1083,,
1083,Activity K,9.798182590890704
1083,,
1083,Activity M,9.798182590890704
1083,,
1083,Activity I,9.980494888896912
1083,,
1083,Activity N,9.980494888896912
1083,,
1083,Activity F,10.268165387743457
1084,,
1084,Activity B,8.188966863648876
1084,,
1084,Activity D,9.287394001418473
1084,,
1084,Activity M,9.798182590890704
1084,,
1084,Activity G,9.798182590890704
1084,,
1084,Activity L,9.980494888896912
1084,,
1084,Activity J,9.980494888896912
1084,,
1084,Activity F,10.268165387743457
1085,,
1085,Activity B,8.188966863648876
1085,,
1085,Activity D,9.287394001418473
1085,,
1085,Activity G,9.798182590890704
1085,,
1085,Activity K,9.798182590890704
1085,,
1085,Activity J,9.980494888896912
1085,,
1085,Activity L,9.980494888896912
1085,,
1085,Activity F,10.268165387743457
1086,,
1086,Activity B,8.188966863648876
1086,,
1086,Activity D,9.287394001418473
1086,,
1086,Activity M,9.798182590890704
1086,,
1086,Activity K,9.798182590890704
1086,,
1086,Activity J,9.980494888896912
1086,,
1086,Activity L,9.980494888896912
1086,,
1086,Activity F,10.268165387743457
1087,,
1087,Activity B,8.188966863648876
1087,,
1087,Activity D,9.287394001418473
1087,,
1087,Activity G,9.798182590890704
1087,,
1087,Activity M,9.798182590890704
1087,,
1087,Activity I,9.980494888896912
1087,,
1087,Activity N,9.980494888896912
1087,,
1087,Activity F,10.268165387743457
1088,,
1088,Activity B,8.188966863648876
1088,,
1088,Activity D,9.287394001418473
1088,,
1088,Activity G,9.798182590890704
1088,,
1088,Activity K,9.798182590890704
1088,,
1088,Activity I,9.980494888896912
1088,,
1088,Activity L,9.980494888896912
1088,,
1088,Activity F,10.268165387743457
1089,,
1089,Activity B,8.188966863648876
1089,,
1089,Activity D,9.287394001418473
1089,,
1089,Activity M,9.798182590890704
1089,,
1089,Activity K,9.798182590890704
1089,,
1089,Activity J,9.980494888896912
1089,,
1089,Activity L,9.980494888896912
1089,,
1089,Activity F,10.268165387743457
1090,,
1090,Activity B,8.188966863648876
1090,,
1090,Activity D,9.287394001418473
1090,,
1090,Activity K,9.798182590890704
1090,,
1090,Activity G,9.798182590890704
1090,,
1090,Activity N,9.980494888896912
1090,,
1090,Activity J,9.980494888896912
1090,,
1090,Activity F,10.268165387743457
1091,,
1091,Activity B,8.188966863648876
1091,,
1091,Activity D,9.287394001418473
1091,,
1091,Activity M,9.798182590890704
1091,,
1091,Activity K,9.798182590890704
1091,,
1091,Activity J,9.980494888896912
1091,,
1091,Activity L,9.980494888896912
1091,,
1091,Activity F,10.268165387743457
1092,,
1092,Activity B,8.188966863648876
1092,,
1092,Activity D,9.287394001418473
1092,,
1092,Activity M,9.798182590890704
1092,,
1092,Activity G,9.798182590890704
1092,,
1092,Activity L,9.980494888896912
1092,,
1092,Activity J,9.980494888896912
1092,,
1092,Activity F,10.268165387743457
1093,,
1093,Activity B,8.188966863648876
1093,,
1093,Activity D,9.287394001418473
1093,,
1093,Activity M,9.798182590890704
1093,,
1093,Activity K,9.798182590890704
1093,,
1093,Activity J,9.980494888896912
1093,,
1093,Activity L,9.980494888896912
1093,,
1093,Activity F,10.268165387743457
1094,,
1094,Activity B,8.188966863648876
1094,,
1094,Activity D,9.287394001418473
1094,,
1094,Activity G,9.798182590890704
1094,,
1094,Activity M,9.798182590890704
1094,,
1094,Activity I,9.980494888896912
1094,,
1094,Activity N,9.980494888896912
1094,,
1094,Activity F,10.268165387743457
1095,,
1095,Activity B,8.188966863648876
1095,,
1095,Activity D,9.287394001418473
1095,,
1095,Activity G,9.798182590890704
1095,,
1095,Activity M,9.798182590890704
1095,,
1095,Activity I,9.980494888896912
1095,,
1095,Activity N,9.980494888896912
1095,,
1095,Activity F,10.268165387743457
1096,,
1096,Activity B,8.188966863648876
1096,,
1096,Activity D,9.287394001418473
1096,,
1096,Activity K,9.798182590890704
1096,,
1096,Activity M,9.798182590890704
1096,,
1096,Activity J,9.980494888896912
1096,,
1096,Activity N,9.980494888896912
1096,,
1096,Activity F,10.268165387743457
1097,,
1097,Activity B,8.188966863648876
1097,,
1097,Activity D,9.287394001418473
1097,,
1097,Activity G,9.798182590890704
1097,,
1097,Activity K,9.798182590890704
1097,,
1097,Activity I,9.980494888896912
1097,,
1097,Activity L,9.980494888896912
1097,,
1097,Activity F,10.268165387743457
1098,,
1098,Activity B,8.188966863648876
1098,,
1098,Activity D,9.287394001418473
1098,,
1098,Activity K,9.798182590890704
1098,,
1098,Activity M,9.798182590890704
1098,,
1098,Activity I,9.980494888896912
1098,,
1098,Activity N,9.980494888896912
1098,,
1098,Activity F,10.268165387743457
1099,,
1099,Activity B,8.188966863648876
1099,,
1099,Activity D,9.287394001418473
1099,,
1099,Activity G,9.798182590890704
1099,,
1099,Activity M,9.798182590890704
1099,,
1099,Activity I,9.980494888896912
1099,,
1099,Activity N,9.980494888896912
1099,,
1099,Activity F,10.268165387743457
1100,,
1100,Activity B,8.188966863648876
1100,,
1100,Activity D,9.287394001418473
1100,,
1100,Activity G,9.798182590890704
1100,,
1100,Activity M,9.798182590890704
1100,,
1100,Activity J,9.980494888896912
1100,,
1100,Activity N,9.980494888896912
1100,,
1100,Activity F,10.268165387743457
1101,,
1101,Activity B,8.188966863648876
1101,,
1101,Activity D,9.287394001418473
1101,,
1101,Activity M,9.798182590890704
1101,,
1101,Activity G,9.798182590890704
1101,,
1101,Activity L,9.980494888896912
1101,,
1101,Activity J,9.980494888896912
1101,,
1101,Activity F,10.268165387743457
1102,,
1102,Activity B,8.188966863648876
1102,,
1102,Activity D,9.287394001418473
1102,,
1102,Activity K,9.798182590890704
1102,,
1102,Activity G,9.798182590890704
1102,,
1102,Activity N,9.980494888896912
1102,,
1102,Activity J,9.980494888896912
1102,,
1102,Activity F,10.268165387743457
1103,,
1103,Activity B,8.188966863648876
1103,,
1103,Activity D,9.287394001418473
1103,,
1103,Activity K,9.798182590890704
1103,,
1103,Activity M,9.798182590890704
1103,,
1103,Activity J,9.980494888896912
1103,,
1103,Activity N,9.980494888896912
1103,,
1103,Activity F,10.268165387743457
1104,,
1104,Activity B,8.188966863648876
1104,,
1104,Activity D,9.287394001418473
1104,,
1104,Activity G,9.798182590890704
1104,,
1104,Activity K,9.798182590890704
1104,,
1104,Activity J,9.980494888896912
1104,,
1104,Activity L,9.980494888896912
1104,,
1104,Activity F,10.268165387743457
1105,,
1105,Activity B,8.188966863648876
1105,,
1105,Activity D,9.287394001418473
1105,,
1105,Activity G,9.798182590890704
1105,,
1105,Activity M,9.798182590890704
1105,,
1105,Activity J,9.980494888896912
1105,,
1105,Activity N,9.980494888896912
1105,,
1105,Activity F,10.268165387743457
1106,,
1106,Activity B,8.188966863648876
1106,,
1106,Activity D,9.287394001418473
1106,,
1106,Activity K,9.798182590890704
1106,,
1106,Activity M,9.798182590890704
1106,,
1106,Activity J,9.980494888896912
1106,,
1106,Activity N,9.980494888896912
1106,,
1106,Activity F,10.268165387743457
1107,,
1107,Activity B,8.188966863648876
1107,,
1107,Activity D,9.287394001418473
1107,,
1107,Activity M,9.798182590890704
1107,,
1107,Activity K,9.798182590890704
1107,,
1107,Activity I,9.980494888896912
1107,,
1107,Activity L,9.980494888896912
1107,,
1107,Activity F,10.268165387743457
1108,,
1108,Activity B,8.188966863648876
1108,,
1108,Activity D,9.287394001418473
1108,,
1108,Activity G,9.798182590890704
1108,,
1108,Activity K,9.798182590890704
1108,,
1108,Activity J,9.980494888896912
1108,,
1108,Activity L,9.980494888896912
1108,,
1108,Activity F,10.268165387743457
1109,,
1109,Activity B,8.188966863648876
1109,,
1109,Activity D,9.287394001418473
1109,,
1109,Activity G,9.798182590890704
1109,,
1109,Activity K,9.798182590890704
1109,,
1109,Activity I,9.980494888896912
1109,,
1109,Activity L,9.980494888896912
1109,,
1109,Activity F,10.268165387743457
1110,,
1110,Activity B,8.188966863648876
1110,,
1110,Activity D,9.287394001418473
1110,,
1110,Activity M,9.798182590890704
1110,,
1110,Activity G,9.798182590890704
1110,,
1110,Activity L,9.980494888896912
1110,,
1110,Activity I,9.980494888896912
1110,,
1110,Activity F,10.268165387743457
1111,,
1111,Activity B,8.188966863648876
1111,,
1111,Activity D,9.287394001418473
1111,,
1111,Activity M,9.798182590890704
1111,,
1111,Activity K,9.798182590890704
1111,,
1111,Activity I,9.980494888896912
1111,,
1111,Activity L,9.980494888896912
1111,,
1111,Activity F,10.268165387743457
1112,,
1112,Activity B,8.188966863648876
1112,,
1112,Activity D,9.287394001418473
1112,,
1112,Activity G,9.798182590890704
1112,,
1112,Activity M,9.798182590890704
1112,,
1112,Activity I,9.980494888896912
1112,,
1112,Activity N,9.980494888896912
1112,,
1112,Activity F,10.268165387743457
1113,,
1113,Activity B,8.188966863648876
1113,,
1113,Activity D,9.287394001418473
1113,,
1113,Activity G,9.798182590890704
1113,,
1113,Activity K,9.798182590890704
1113,,
1113,Activity J,9.980494888896912
1113,,
1113,Activity L,9.980494888896912
1113,,
1113,Activity F,10.268165387743457
1114,,
1114,Activity B,8.188966863648876
1114,,
1114,Activity D,9.287394001418473
1114,,
1114,Activity M,9.798182590890704
1114,,
1114,Activity K,9.798182590890704
1114,,
1114,Activity I,9.980494888896912
1114,,
1114,Activity L,9.980494888896912
1114,,
1114,Activity F,10.268165387743457
1115,,
1115,Activity B,8.188966863648876
1115,,
1115,Activity D,9.287394001418473
1115,,
1115,Activity M,9.798182590890704
1115,,
1115,Activity K,9.798182590890704
1115,,
1115,Activity J,9.980494888896912
1115,,
1115,Activity L,9.980494888896912
1115,,
1115,Activity F,10.268165387743457
1116,,
1116,Activity B,8.188966863648876
1116,,
1116,Activity D,9.287394001418473
1116,,
1116,Activity G,9.798182590890704
1116,,
1116,Activity K,9.798182590890704
1116,,
1116,Activity I,9.980494888896912
1116,,
1116,Activity L,9.980494888896912
1116,,
1116,Activity F,10.268165387743457
1117,,
1117,Activity B,8.188966863648876
1117,,
1117,Activity D,9.287394001418473
1117,,
1117,Activity M,9.798182590890704
1117,,
1117,Activity K,9.798182590890704
1117,,
1117,Activity I,9.980494888896912
1117,,
1117,Activity L,9.980494888896912
1117,,
1117,Activity F,10.268165387743457
1118,,
1118,Activity B,8.188966863648876
1118,,
1118,Activity D,9.287394001418473
1118,,
1118,Activity M,9.798182590890704
1118,,
1118,Activity K,9.798182590890704
1118,,
1118,Activity I,9.980494888896912
1118,,
1118,Activity L,9.980494888896912
1118,,
1118,Activity F,10.268165387743457
1119,,
1119,Activity B,8.188966863648876
1119,,
1119,Activity D,9.287394001418473
1119,,
1119,Activity M,9.798182590890704
1119,,
1119,Activity G,9.798182590890704
1119,,
1119,Activity L,9.980494888896912
1119,,
1119,Activity J,9.980494888896912
1119,,
1119,Activity F,10.268165387743457
1120,,
1120,Activity B,8.188966863648876
1120,,
1120,Activity D,9.287394001418473
1120,,
1120,Activity G,9.798182590890704
1120,,
1120,Activity M,9.798182590890704
1120,,
1120,Activity I,9.980494888896912
1120,,
1120,Activity N,9.980494888896912
1120,,
1120,Activity F,10.268165387743457
1121,,
1121,Activity B,8.188966863648876
1121,,
1121,Activity D,9.287394001418473
1121,,
1121,Activity M,9.798182590890704
1121,,
1121,Activity K,9.798182590890704
1121,,
1121,Activity J,9.980494888896912
1121,,
1121,Activity L,9.980494888896912
1121,,
1121,Activity F,10.268165387743457
1122,,
1122,Activity B,8.188966863648876
1122,,
1122,Activity D,9.287394001418473
1122,,
1122,Activity M,9.798182590890704
1122,,
1122,Activity G,9.798182590890704
1122,,
1122,Activity L,9.980494888896912
1122,,
1122,Activity J,9.980494888896912
1122,,
1122,Activity F,10.268165387743457
1123,,
1123,Activity B,8.188966863648876
1123,,
1123,Activity D,9.287394001418473
1123,,
1123,Activity K,9.798182590890704
1123,,
1123,Activity G,9.798182590890704
1123,,
1123,Activity N,9.980494888896912
1123,,
1123,Activity J,9.980494888896912
1123,,
1123,Activity F,10.268165387743457
1124,,
1124,Activity B,8.188966863648876
1124,,
1124,Activity D,9.287394001418473
1124,,
1124,Activity G,9.798182590890704
1124,,
1124,Activity M,9.798182590890704
1124,,
1124,Activity I,9.980494888896912
1124,,
1124,Activity N,9.980494888896912
1124,,
1124,Activity F,10.268165387743457
1125,,
1125,Activity B,8.188966863648876
1125,,
1125,Activity D,9.287394001418473
1125,,
1125,Activity K,9.798182590890704
1125,,
1125,Activity M,9.798182590890704
1125,,
1125,Activity I,9.980494888896912
1125,,
1125,Activity N,9.980494888896912
1125,,
1125,Activity F,10.268165387743457
1126,,
1126,Activity B,8.188966863648876
1126,,
1126,Activity D,9.287394001418473
1126,,
1126,Activity K,9.798182590890704
1126,,
1126,Activity M,9.798182590890704
1126,,
1126,Activity I,9.980494888896912
1126,,
1126,Activity N,9.980494888896912
1126,,
1126,Activity F,10.268165387743457
1127,,
1127,Activity B,8.188966863648876
1127,,
1127,Activity D,9.287394001418473
1127,,
1127,Activity M,9.798182590890704
1127,,
1127,Activity K,9.798182590890704
1127,,
1127,Activity J,9.980494888896912
1127,,
1127,Activity L,9.980494888896912
1127,,
1127,Activity F,10.268165387743457
1128,,
1128,Activity B,8.188966863648876
1128,,
1128,Activity D,9.287394001418473
1128,,
1128,Activity M,9.798182590890704
1128,,
1128,Activity G,9.798182590890704
1128,,
1128,Activity L,9.980494888896912
1128,,
1128,Activity J,9.980494888896912
1128,,
1128,Activity F,10.268165387743457
1129,,
1129,Activity B,8.188966863648876
1129,,
1129,Activity D,9.287394001418473
1129,,
1129,Activity G,9.798182590890704
1129,,
1129,Activity K,9.798182590890704
1129,,
1129,Activity J,9.980494888896912
1129,,
1129,Activity L,9.980494888896912
1129,,
1129,Activity F,10.268165387743457
1130,,
1130,Activity B,8.188966863648876
1130,,
1130,Activity D,9.287394001418473
1130,,
1130,Activity K,9.798182590890704
1130,,
1130,Activity M,9.798182590890704
1130,,
1130,Activity I,9.980494888896912
1130,,
1130,Activity N,9.980494888896912
1130,,
1130,Activity F,10.268165387743457
1131,,
1131,Activity B,8.188966863648876
1131,,
1131,Activity D,9.287394001418473
1131,,
1131,Activity K,9.798182590890704
1131,,
1131,Activity M,9.798182590890704
1131,,
1131,Activity J,9.980494888896912
1131,,
1131,Activity N,9.980494888896912
1131,,
1131,Activity F,10.268165387743457
1132,,
1132,Activity B,8.188966863648876
1132,,
1132,Activity D,9.287394001418473
1132,,
1132,Activity K,9.798182590890704
1132,,
1132,Activity M,9.798182590890704
1132,,
1132,Activity I,9.980494888896912
1132,,
1132,Activity N,9.980494888896912
1132,,
1132,Activity F,10.268165387743457
1133,,
1133,Activity B,8.188966863648876
1133,,
1133,Activity D,9.287394001418473
1133,,
1133,Activity M,9.798182590890704
1133,,
1133,Activity K,9.798182590890704
1133,,
1133,Activity I,9.980494888896912
1133,,
1133,Activity L,9.980494888896912
1133,,
1133,Activity F,10.268165387743457
1134,,
1134,Activity B,8.188966863648876
1134,,
1134,Activity D,9.287394001418473
1134,,
1134,Activity K,9.798182590890704
1134,,
1134,Activity G,9.798182590890704
1134,,
1134,Activity N,9.980494888896912
1134,,
1134,Activity J,9.980494888896912
1134,,
1134,Activity F,10.268165387743457
1135,,
1135,Activity B,8.188966863648876
1135,,
1135,Activity D,9.287394001418473
1135,,
1135,Activity M,9.798182590890704
1135,,
1135,Activity G,9.798182590890704
1135,,
1135,Activity L,9.980494888896912
1135,,
1135,Activity I,9.980494888896912
1135,,
1135,Activity F,10.268165387743457
1136,,
1136,Activity B,8.188966863648876
1136,,
1136,Activity D,9.287394001418473
1136,,
1136,Activity K,9.798182590890704
1136,,
1136,Activity G,9.798182590890704
1136,,
1136,Activity N,9.980494888896912
1136,,
1136,Activity J,9.980494888896912
1136,,
1136,Activity F,10.268165387743457
1137,,
1137,Activity B,8.188966863648876
1137,,
1137,Activity D,9.287394001418473
1137,,
1137,Activity M,9.798182590890704
1137,,
1137,Activity G,9.798182590890704
1137,,
1137,Activity L,9.980494888896912
1137,,
1137,Activity I,9.980494888896912
1137,,
1137,Activity F,10.268165387743457
1138,,
1138,Activity B,8.188966863648876
1138,,
1138,Activity D,9.287394001418473
1138,,
1138,Activity M,9.798182590890704
1138,,
1138,Activity G,9.798182590890704
1138,,
1138,Activity L,9.980494888896912
1138,,
1138,Activity I,9.980494888896912
1138,,
1138,Activity F,10.268165387743457
1139,,
1139,Activity B,8.188966863648876
1139,,
1139,Activity D,9.287394001418473
1139,,
1139,Activity K,9.798182590890704
1139,,
1139,Activity M,9.798182590890704
1139,,
1139,Activity J,9.980494888896912
1139,,
1139,Activity N,9.980494888896912
1139,,
1139,Activity F,10.268165387743457
1140,,
1140,Activity B,8.188966863648876
1140,,
1140,Activity D,9.287394001418473
1140,,
1140,Activity M,9.798182590890704
1140,,
1140,Activity G,9.798182590890704
1140,,
1140,Activity L,9.980494888896912
1140,,
1140,Activity I,9.980494888896912
1140,,
1140,Activity F,10.268165387743457
1141,,
1141,Activity B,8.188966863648876
1141,,
1141,Activity D,9.287394001418473
1141,,
1141,Activity M,9.798182590890704
1141,,
1141,Activity G,9.798182590890704
1141,,
1141,Activity L,9.980494888896912
1141,,
1141,Activity I,9.980494888896912
1141,,
1141,Activity F,10.268165387743457
1142,,
1142,Activity B,8.188966863648876
1142,,
1142,Activity D,9.287394001418473
1142,,
1142,Activity M,9.798182590890704
1142,,
1142,Activity G,9.798182590890704
1142,,
1142,Activity L,9.980494888896912
1142,,
1142,Activity I,9.980494888896912
1142,,
1142,Activity F,10.268165387743457
1143,,
1143,Activity B,8.188966863648876
1143,,
1143,Activity D,9.287394001418473
1143,,
1143,Activity M,9.798182590890704
1143,,
1143,Activity K,9.798182590890704
1143,,
1143,Activity I,9.980494888896912
1143,,
1143,Activity L,9.980494888896912
1143,,
1143,Activity F,10.268165387743457
1144,,
1144,Activity B,8.188966863648876
1144,,
1144,Activity D,9.287394001418473
1144,,
1144,Activity G,9.798182590890704
1144,,
1144,Activity M,9.798182590890704
1144,,
1144,Activity J,9.980494888896912
1144,,
1144,Activity N,9.980494888896912
1144,,
1144,Activity F,10.268165387743457
1145,,
1145,Activity B,8.188966863648876
1145,,
1145,Activity D,9.287394001418473
1145,,
1145,Activity M,9.798182590890704
1145,,
1145,Activity K,9.798182590890704
1145,,
1145,Activity I,9.980494888896912
1145,,
1145,Activity L,9.980494888896912
1145,,
1145,Activity F,10.268165387743457
1146,,
1146,Activity B,8.188966863648876
1146,,
1146,Activity D,9.287394001418473
1146,,
1146,Activity M,9.798182590890704
1146,,
1146,Activity G,9.798182590890704
1146,,
1146,Activity L,9.980494888896912
1146,,
1146,Activity J,9.980494888896912
1146,,
1146,Activity F,10.268165387743457
1147,,
1147,Activity B,8.188966863648876
1147,,
1147,Activity D,9.287394001418473
1147,,
1147,Activity K,9.798182590890704
1147,,
1147,Activity G,9.798182590890704
1147,,
1147,Activity N,9.980494888896912
1147,,
1147,Activity I,9.980494888896912
1147,,
1147,Activity F,10.268165387743457
1148,,
1148,Activity B,8.188966863648876
1148,,
1148,Activity D,9.287394001418473
1148,,
1148,Activity K,9.798182590890704
1148,,
1148,Activity M,9.798182590890704
1148,,
1148,Activity J,9.980494888896912
1148,,
1148,Activity N,9.980494888896912
1148,,
1148,Activity F,10.268165387743457
1149,,
1149,Activity B,8.188966863648876
1149,,
1149,Activity D,9.287394001418473
1149,,
1149,Activity M,9.798182590890704
1149,,
1149,Activity G,9.798182590890704
1149,,
1149,Activity L,9.980494888896912
1149,,
1149,Activity J,9.980494888896912
1149,,
1149,Activity F,10.268165387743457
1150,,
1150,Activity B,8.188966863648876
1150,,
1150,Activity D,9.287394001418473
1150,,
1150,Activity K,9.798182590890704
1150,,
1150,Activity G,9.798182590890704
1150,,
1150,Activity N,9.980494888896912
1150,,
1150,Activity I,9.980494888896912
1150,,
1150,Activity F,10.268165387743457
1151,,
1151,Activity B,8.188966863648876
1151,,
1151,Activity D,9.287394001418473
1151,,
1151,Activity K,9.798182590890704
1151,,
1151,Activity M,9.798182590890704
1151,,
1151,Activity I,9.980494888896912
1151,,
1151,Activity N,9.980494888896912
1151,,
1151,Activity F,10.268165387743457
1152,,
1152,Activity B,8.188966863648876
1152,,
1152,Activity D,9.287394001418473
1152,,
1152,Activity G,9.798182590890704
1152,,
1152,Activity K,9.798182590890704
1152,,
1152,Activity I,9.980494888896912
1152,,
1152,Activity L,9.980494888896912
1152,,
1152,Activity F,10.268165387743457
1153,,
1153,Activity B,8.188966863648876
1153,,
1153,Activity D,9.287394001418473
1153,,
1153,Activity M,9.798182590890704
1153,,
1153,Activity K,9.798182590890704
1153,,
1153,Activity J,9.980494888896912
1153,,
1153,Activity L,9.980494888896912
1153,,
1153,Activity F,10.268165387743457
1154,,
1154,Activity B,8.188966863648876
1154,,
1154,Activity D,9.287394001418473
1154,,
1154,Activity M,9.798182590890704
1154,,
1154,Activity G,9.798182590890704
1154,,
1154,Activity L,9.980494888896912
1154,,
1154,Activity I,9.980494888896912
1154,,
1154,Activity F,10.268165387743457
1155,,
1155,Activity B,8.188966863648876
1155,,
1155,Activity D,9.287394001418473
1155,,
1155,Activity G,9.798182590890704
1155,,
1155,Activity M,9.798182590890704
1155,,
1155,Activity J,9.980494888896912
1155,,
1155,Activity N,9.980494888896912
1155,,
1155,Activity F,10.268165387743457
1156,,
1156,Activity B,8.188966863648876
1156,,
1156,Activity D,9.287394001418473
1156,,
1156,Activity K,9.798182590890704
1156,,
1156,Activity G,9.798182590890704
1156,,
1156,Activity N,9.980494888896912
1156,,
1156,Activity I,9.980494888896912
1156,,
1156,Activity F,10.268165387743457
1157,,
1157,Activity B,8.188966863648876
1157,,
1157,Activity D,9.287394001418473
1157,,
1157,Activity K,9.798182590890704
1157,,
1157,Activity M,9.798182590890704
1157,,
1157,Activity J,9.980494888896912
1157,,
1157,Activity N,9.980494888896912
1157,,
1157,Activity F,10.268165387743457
1158,,
1158,Activity B,8.188966863648876
1158,,
1158,Activity D,9.287394001418473
1158,,
1158,Activity M,9.798182590890704
1158,,
1158,Activity G,9.798182590890704
1158,,
1158,Activity L,9.980494888896912
1158,,
1158,Activity I,9.980494888896912
1158,,
1158,Activity F,10.268165387743457
1159,,
1159,Activity B,8.188966863648876
1159,,
1159,Activity D,9.287394001418473
1159,,
1159,Activity K,9.798182590890704
1159,,
1159,Activity M,9.798182590890704
1159,,
1159,Activity J,9.980494888896912
1159,,
1159,Activity N,9.980494888896912
1159,,
1159,Activity F,10.268165387743457
1160,,
1160,Activity B,8.188966863648876
1160,,
1160,Activity D,9.287394001418473
1160,,
1160,Activity M,9.798182590890704
1160,,
1160,Activity G,9.798182590890704
1160,,
1160,Activity L,9.980494888896912
1160,,
1160,Activity I,9.980494888896912
1160,,
1160,Activity F,10.268165387743457
1161,,
1161,Activity B,8.188966863648876
1161,,
1161,Activity D,9.287394001418473
1161,,
1161,Activity K,9.798182590890704
1161,,
1161,Activity M,9.798182590890704
1161,,
1161,Activity J,9.980494888896912
1161,,
1161,Activity N,9.980494888896912
1161,,
1161,Activity F,10.268165387743457
1162,,
1162,Activity B,8.188966863648876
1162,,
1162,Activity D,9.287394001418473
1162,,
1162,Activity K,9.798182590890704
1162,,
1162,Activity M,9.798182590890704
1162,,
1162,Activity I,9.980494888896912
1162,,
1162,Activity N,9.980494888896912
1162,,
1162,Activity F,10.268165387743457
1163,,
1163,Activity B,8.188966863648876
1163,,
1163,Activity D,9.287394001418473
1163,,
1163,Activity G,9.798182590890704
1163,,
1163,Activity M,9.798182590890704
1163,,
1163,Activity J,9.980494888896912
1163,,
1163,Activity N,9.980494888896912
1163,,
1163,Activity F,10.268165387743457
1164,,
1164,Activity B,8.188966863648876
1164,,
1164,Activity D,9.287394001418473
1164,,
1164,Activity K,9.798182590890704
1164,,
1164,Activity M,9.798182590890704
1164,,
1164,Activity I,9.980494888896912
1164,,
1164,Activity N,9.980494888896912
1164,,
1164,Activity F,10.268165387743457
1165,,
1165,Activity B,8.188966863648876
1165,,
1165,Activity D,9.287394001418473
1165,,
1165,Activity M,9.798182590890704
1165,,
1165,Activity G,9.798182590890704
1165,,
1165,Activity L,9.980494888896912
1165,,
1165,Activity I,9.980494888896912
1165,,
1165,Activity F,10.268165387743457
1166,,
1166,Activity B,8.188966863648876
1166,,
1166,Activity D,9.287394001418473
1166,,
1166,Activity K,9.798182590890704
1166,,
1166,Activity G,9.798182590890704
1166,,
1166,Activity N,9.980494888896912
1166,,
1166,Activity J,9.980494888896912
1166,,
1166,Activity F,10.268165387743457
1167,,
1167,Activity B,8.188966863648876
1167,,
1167,Activity D,9.287394001418473
1167,,
1167,Activity G,9.798182590890704
1167,,
1167,Activity K,9.798182590890704
1167,,
1167,Activity J,9.980494888896912
1167,,
1167,Activity L,9.980494888896912
1167,,
1167,Activity F,10.268165387743457
1168,,
1168,Activity B,8.188966863648876
1168,,
1168,Activity D,9.287394001418473
1168,,
1168,Activity K,9.798182590890704
1168,,
1168,Activity G,9.798182590890704
1168,,
1168,Activity N,9.980494888896912
1168,,
1168,Activity J,9.980494888896912
1168,,
1168,Activity F,10.268165387743457
1169,,
1169,Activity B,8.188966863648876
1169,,
1169,Activity D,9.287394001418473
1169,,
1169,Activity M,9.798182590890704
1169,,
1169,Activity G,9.798182590890704
1169,,
1169,Activity L,9.980494888896912
1169,,
1169,Activity I,9.980494888896912
1169,,
1169,Activity F,10.268165387743457
1170,,
1170,Activity B,8.188966863648876
1170,,
1170,Activity D,9.287394001418473
1170,,
1170,Activity G,9.798182590890704
1170,,
1170,Activity K,9.798182590890704
1170,,
1170,Activity J,9.980494888896912
1170,,
1170,Activity L,9.980494888896912
1170,,
1170,Activity F,10.268165387743457
1171,,
1171,Activity B,8.188966863648876
1171,,
1171,Activity D,9.287394001418473
1171,,
1171,Activity K,9.798182590890704
1171,,
1171,Activity G,9.798182590890704
1171,,
1171,Activity N,9.980494888896912
1171,,
1171,Activity J,9.980494888896912
1171,,
1171,Activity F,10.268165387743457
1172,,
1172,Activity B,8.188966863648876
1172,,
1172,Activity D,9.287394001418473
1172,,
1172,Activity G,9.798182590890704
1172,,
1172,Activity K,9.798182590890704
1172,,
1172,Activity I,9.980494888896912
1172,,
1172,Activity L,9.980494888896912
1172,,
1172,Activity F,10.268165387743457
1173,,
1173,Activity B,8.188966863648876
1173,,
1173,Activity D,9.287394001418473
1173,,
1173,Activity K,9.798182590890704
1173,,
1173,Activity M,9.798182590890704
1173,,
1173,Activity I,9.980494888896912
1173,,
1173,Activity N,9.980494888896912
1173,,
1173,Activity F,10.268165387743457
1174,,
1174,Activity B,8.188966863648876
1174,,
1174,Activity D,9.287394001418473
1174,,
1174,Activity K,9.798182590890704
1174,,
1174,Activity M,9.798182590890704
1174,,
1174,Activity I,9.980494888896912
1174,,
1174,Activity N,9.980494888896912
1174,,
1174,Activity F,10.268165387743457
1175,,
1175,Activity B,8.188966863648876
1175,,
1175,Activity D,9.287394001418473
1175,,
1175,Activity G,9.798182590890704
1175,,
1175,Activity K,9.798182590890704
1175,,
1175,Activity I,9.980494888896912
1175,,
1175,Activity L,9.980494888896912
1175,,
1175,Activity F,10.268165387743457
1176,,
1176,Activity B,8.188966863648876
1176,,
1176,Activity D,9.287394001418473
1176,,
1176,Activity M,9.798182590890704
1176,,
1176,Activity G,9.798182590890704
1176,,
1176,Activity L,9.980494888896912
1176,,
1176,Activity I,9.980494888896912
1176,,
1176,Activity F,10.268165387743457
1177,,
1177,Activity B,8.188966863648876
1177,,
1177,Activity D,9.287394001418473
1177,,
1177,Activity G,9.798182590890704
1177,,
1177,Activity K,9.798182590890704
1177,,
1177,Activity J,9.980494888896912
1177,,
1177,Activity L,9.980494888896912
1177,,
1177,Activity F,10.268165387743457
1178,,
1178,Activity B,8.188966863648876
1178,,
1178,Activity D,9.287394001418473
1178,,
1178,Activity K,9.798182590890704
1178,,
1178,Activity M,9.798182590890704
1178,,
1178,Activity I,9.980494888896912
1178,,
1178,Activity N,9.980494888896912
1178,,
1178,Activity F,10.268165387743457
1179,,
1179,Activity B,8.188966863648876
1179,,
1179,Activity D,9.287394001418473
1179,,
1179,Activity K,9.798182590890704
1179,,
1179,Activity M,9.798182590890704
1179,,
1179,Activity I,9.980494888896912
1179,,
1179,Activity N,9.980494888896912
1179,,
1179,Activity F,10.268165387743457
1180,,
1180,Activity B,8.188966863648876
1180,,
1180,Activity D,9.287394001418473
1180,,
1180,Activity M,9.798182590890704
1180,,
1180,Activity K,9.798182590890704
1180,,
1180,Activity J,9.980494888896912
1180,,
1180,Activity L,9.980494888896912
1180,,
1180,Activity F,10.268165387743457
1181,,
1181,Activity B,8.188966863648876
1181,,
1181,Activity D,9.287394001418473
1181,,
1181,Activity G,9.798182590890704
1181,,
1181,Activity K,9.798182590890704
1181,,
1181,Activity I,9.980494888896912
1181,,
1181,Activity L,9.980494888896912
1181,,
1181,Activity F,10.268165387743457
1182,,
1182,Activity B,8.188966863648876
1182,,
1182,Activity D,9.287394001418473
1182,,
1182,Activity K,9.798182590890704
1182,,
1182,Activity G,9.798182590890704
1182,,
1182,Activity N,9.980494888896912
1182,,
1182,Activity I,9.980494888896912
1182,,
1182,Activity F,10.268165387743457
1183,,
1183,Activity B,8.188966863648876
1183,,
1183,Activity D,9.287394001418473
1183,,
1183,Activity M,9.798182590890704
1183,,
1183,Activity G,9.798182590890704
1183,,
1183,Activity L,9.980494888896912
1183,,
1183,Activity I,9.980494888896912
1183,,
1183,Activity F,10.268165387743457
1184,,
1184,Activity B,8.188966863648876
1184,,
1184,Activity D,9.287394001418473
1184,,
1184,Activity M,9.798182590890704
1184,,
1184,Activity G,9.798182590890704
1184,,
1184,Activity L,9.980494888896912
1184,,
1184,Activity I,9.980494888896912
1184,,
1184,Activity F,10.268165387743457
1185,,
1185,Activity B,8.188966863648876
1185,,
1185,Activity D,9.287394001418473
1185,,
1185,Activity K,9.798182590890704
1185,,
1185,Activity G,9.798182590890704
1185,,
1185,Activity N,9.980494888896912
1185,,
1185,Activity J,9.980494888896912
1185,,
1185,Activity F,10.268165387743457
1186,,
1186,Activity B,8.188966863648876
1186,,
1186,Activity D,9.287394001418473
1186,,
1186,Activity G,9.798182590890704
1186,,
1186,Activity K,9.798182590890704
1186,,
1186,Activity J,9.980494888896912
1186,,
1186,Activity L,9.980494888896912
1186,,
1186,Activity F,10.268165387743457
1187,,
1187,Activity B,8.188966863648876
1187,,
1187,Activity D,9.287394001418473
1187,,
1187,Activity G,9.798182590890704
1187,,
1187,Activity K,9.798182590890704
1187,,
1187,Activity J,9.980494888896912
1187,,
1187,Activity L,9.980494888896912
1187,,
1187,Activity F,10.268165387743457
1188,,
1188,Activity B,8.188966863648876
1188,,
1188,Activity D,9.287394001418473
1188,,
1188,Activity G,9.798182590890704
1188,,
1188,Activity K,9.798182590890704
1188,,
1188,Activity I,9.980494888896912
1188,,
1188,Activity L,9.980494888896912
1188,,
1188,Activity F,10.268165387743457
1189,,
1189,Activity B,8.188966863648876
1189,,
1189,Activity D,9.287394001418473
1189,,
1189,Activity M,9.798182590890704
1189,,
1189,Activity G,9.798182590890704
1189,,
1189,Activity L,9.980494888896912
1189,,
1189,Activity J,9.980494888896912
1189,,
1189,Activity F,10.268165387743457
1190,,
1190,Activity B,8.188966863648876
1190,,
1190,Activity D,9.287394001418473
1190,,
1190,Activity G,9.798182590890704
1190,,
1190,Activity M,9.798182590890704
1190,,
1190,Activity I,9.980494888896912
1190,,
1190,Activity N,9.980494888896912
1190,,
1190,Activity F,10.268165387743457
1191,,
1191,Activity B,8.188966863648876
1191,,
1191,Activity D,9.287394001418473
1191,,
1191,Activity K,9.798182590890704
1191,,
1191,Activity M,9.798182590890704
1191,,
1191,Activity J,9.980494888896912
1191,,
1191,Activity N,9.980494888896912
1191,,
1191,Activity F,10.268165387743457
1192,,
1192,Activity B,8.188966863648876
1192,,
1192,Activity D,9.287394001418473
1192,,
1192,Activity K,9.798182590890704
1192,,
1192,Activity M,9.798182590890704
1192,,
1192,Activity I,9.980494888896912
1192,,
1192,Activity N,9.980494888896912
1192,,
1192,Activity F,10.268165387743457
1193,,
1193,Activity B,8.188966863648876
1193,,
1193,Activity D,9.287394001418473
1193,,
1193,Activity G,9.798182590890704
1193,,
1193,Activity K,9.798182590890704
1193,,
1193,Activity I,9.980494888896912
1193,,
1193,Activity L,9.980494888896912
1193,,
1193,Activity F,10.268165387743457
1194,,
1194,Activity B,8.188966863648876
1194,,
1194,Activity D,9.287394001418473
1194,,
1194,Activity G,9.798182590890704
1194,,
1194,Activity K,9.798182590890704
1194,,
1194,Activity I,9.980494888896912
1194,,
1194,Activity L,9.980494888896912
1194,,
1194,Activity F,10.268165387743457
1195,,
1195,Activity B,8.188966863648876
1195,,
1195,Activity D,9.287394001418473
1195,,
1195,Activity K,9.798182590890704
1195,,
1195,Activity G,9.798182590890704
1195,,
1195,Activity N,9.980494888896912
1195,,
1195,Activity J,9.980494888896912
1195,,
1195,Activity F,10.268165387743457
1196,,
1196,Activity B,8.188966863648876
1196,,
1196,Activity D,9.287394001418473
1196,,
1196,Activity K,9.798182590890704
1196,,
1196,Activity M,9.798182590890704
1196,,
1196,Activity I,9.980494888896912
1196,,
1196,Activity N,9.980494888896912
1196,,
1196,Activity F,10.268165387743457
1197,,
1197,Activity B,8.188966863648876
1197,,
1197,Activity D,9.287394001418473
1197,,
1197,Activity G,9.798182590890704
1197,,
1197,Activity K,9.798182590890704
1197,,
1197,Activity J,9.980494888896912
1197,,
1197,Activity L,9.980494888896912
1197,,
1197,Activity F,10.268165387743457
1198,,
1198,Activity B,8.188966863648876
1198,,
1198,Activity D,9.287394001418473
1198,,
1198,Activity M,9.798182590890704
1198,,
1198,Activity K,9.798182590890704
1198,,
1198,Activity I,9.980494888896912
1198,,
1198,Activity L,9.980494888896912
1198,,
1198,Activity F,10.268165387743457
1199,,
1199,Activity B,8.188966863648876
1199,,
1199,Activity D,9.287394001418473
1199,,
1199,Activity G,9.798182590890704
1199,,
1199,Activity M,9.798182590890704
1199,,
1199,Activity I,9.980494888896912
1199,,
1199,Activity N,9.980494888896912
1199,,
1199,Activity F,10.268165387743457
1200,,
1200,Activity B,8.188966863648876
1200,,
1200,Activity D,9.287394001418473
1200,,
1200,Activity G,9.798182590890704
1200,,
1200,Activity M,9.798182590890704
1200,,
1200,Activity I,9.980494888896912
1200,,
1200,Activity N,9.980494888896912
1200,,
1200,Activity F,10.268165387743457
1201,,
1201,Activity B,8.188966863648876
1201,,
1201,Activity D,9.287394001418473
1201,,
1201,Activity G,9.798182590890704
1201,,
1201,Activity M,9.798182590890704
1201,,
1201,Activity I,9.980494888896912
1201,,
1201,Activity N,9.980494888896912
1201,,
1201,Activity F,10.268165387743457
1202,,
1202,Activity B,8.188966863648876
1202,,
1202,Activity D,9.287394001418473
1202,,
1202,Activity M,9.798182590890704
1202,,
1202,Activity G,9.798182590890704
1202,,
1202,Activity L,9.980494888896912
1202,,
1202,Activity I,9.980494888896912
1202,,
1202,Activity F,10.268165387743457
1203,,
1203,Activity B,8.188966863648876
1203,,
1203,Activity D,9.287394001418473
1203,,
1203,Activity M,9.798182590890704
1203,,
1203,Activity K,9.798182590890704
1203,,
1203,Activity J,9.980494888896912
1203,,
1203,Activity L,9.980494888896912
1203,,
1203,Activity F,10.268165387743457
1204,,
1204,Activity B,8.188966863648876
1204,,
1204,Activity D,9.287394001418473
1204,,
1204,Activity M,9.798182590890704
1204,,
1204,Activity K,9.798182590890704
1204,,
1204,Activity I,9.980494888896912
1204,,
1204,Activity L,9.980494888896912
1204,,
1204,Activity F,10.268165387743457
1205,,
1205,Activity B,8.188966863648876
1205,,
1205,Activity D,9.287394001418473
1205,,
1205,Activity G,9.798182590890704
1205,,
1205,Activity K,9.798182590890704
1205,,
1205,Activity J,9.980494888896912
1205,,
1205,Activity L,9.980494888896912
1205,,
1205,Activity F,10.268165387743457
1206,,
1206,Activity B,8.188966863648876
1206,,
1206,Activity D,9.287394001418473
1206,,
1206,Activity K,9.798182590890704
1206,,
1206,Activity M,9.798182590890704
1206,,
1206,Activity J,9.980494888896912
1206,,
1206,Activity N,9.980494888896912
1206,,
1206,Activity F,10.268165387743457
1207,,
1207,Activity B,8.188966863648876
1207,,
1207,Activity D,9.287394001418473
1207,,
1207,Activity M,9.798182590890704
1207,,
1207,Activity K,9.798182590890704
1207,,
1207,Activity J,9.980494888896912
1207,,
1207,Activity L,9.980494888896912
1207,,
1207,Activity F,10.268165387743457
1208,,
1208,Activity B,8.188966863648876
1208,,
1208,Activity D,9.287394001418473
1208,,
1208,Activity K,9.798182590890704
1208,,
1208,Activity G,9.798182590890704
1208,,
1208,Activity N,9.980494888896912
1208,,
1208,Activity J,9.980494888896912
1208,,
1208,Activity F,10.268165387743457
1209,,
1209,Activity B,8.188966863648876
1209,,
1209,Activity D,9.287394001418473
1209,,
1209,Activity G,9.798182590890704
1209,,
1209,Activity K,9.798182590890704
1209,,
1209,Activity I,9.980494888896912
1209,,
1209,Activity L,9.980494888896912
1209,,
1209,Activity F,10.268165387743457
1210,,
1210,Activity B,8.188966863648876
1210,,
1210,Activity D,9.287394001418473
1210,,
1210,Activity M,9.798182590890704
1210,,
1210,Activity K,9.798182590890704
1210,,
1210,Activity I,9.980494888896912
1210,,
1210,Activity L,9.980494888896912
1210,,
1210,Activity F,10.268165387743457
1211,,
1211,Activity B,8.188966863648876
1211,,
1211,Activity D,9.287394001418473
1211,,
1211,Activity K,9.798182590890704
1211,,
1211,Activity M,9.798182590890704
1211,,
1211,Activity J,9.980494888896912
1211,,
1211,Activity N,9.980494888896912
1211,,
1211,Activity F,10.268165387743457
1212,,
1212,Activity B,8.188966863648876
1212,,
1212,Activity D,9.287394001418473
1212,,
1212,Activity G,9.798182590890704
1212,,
1212,Activity K,9.798182590890704
1212,,
1212,Activity J,9.980494888896912
1212,,
1212,Activity L,9.980494888896912
1212,,
1212,Activity F,10.268165387743457
1213,,
1213,Activity B,8.188966863648876
1213,,
1213,Activity D,9.287394001418473
1213,,
1213,Activity K,9.798182590890704
1213,,
1213,Activity G,9.798182590890704
1213,,
1213,Activity N,9.980494888896912
1213,,
1213,Activity I,9.980494888896912
1213,,
1213,Activity F,10.268165387743457
1214,,
1214,Activity B,8.188966863648876
1214,,
1214,Activity D,9.287394001418473
1214,,
1214,Activity M,9.798182590890704
1214,,
1214,Activity K,9.798182590890704
1214,,
1214,Activity I,9.980494888896912
1214,,
1214,Activity L,9.980494888896912
1214,,
1214,Activity F,10.268165387743457
1215,,
1215,Activity B,8.188966863648876
1215,,
1215,Activity D,9.287394001418473
1215,,
1215,Activity K,9.798182590890704
1215,,
1215,Activity M,9.798182590890704
1215,,
1215,Activity J,9.980494888896912
1215,,
1215,Activity N,9.980494888896912
1215,,
1215,Activity F,10.268165387743457
1216,,
1216,Activity B,8.188966863648876
1216,,
1216,Activity D,9.287394001418473
1216,,
1216,Activity K,9.798182590890704
1216,,
1216,Activity G,9.798182590890704
1216,,
1216,Activity N,9.980494888896912
1216,,
1216,Activity J,9.980494888896912
1216,,
1216,Activity F,10.268165387743457
1217,,
1217,Activity B,8.188966863648876
1217,,
1217,Activity D,9.287394001418473
1217,,
1217,Activity G,9.798182590890704
1217,,
1217,Activity K,9.798182590890704
1217,,
1217,Activity I,9.980494888896912
1217,,
1217,Activity L,9.980494888896912
1217,,
1217,Activity F,10.268165387743457
1218,,
1218,Activity B,8.188966863648876
1218,,
1218,Activity D,9.287394001418473
1218,,
1218,Activity M,9.798182590890704
1218,,
1218,Activity G,9.798182590890704
1218,,
1218,Activity L,9.980494888896912
1218,,
1218,Activity I,9.980494888896912
1218,,
1218,Activity F,10.268165387743457
1219,,
1219,Activity B,8.188966863648876
1219,,
1219,Activity D,9.287394001418473
1219,,
1219,Activity K,9.798182590890704
1219,,
1219,Activity M,9.798182590890704
1219,,
1219,Activity J,9.980494888896912
1219,,
1219,Activity N,9.980494888896912
1219,,
1219,Activity F,10.268165387743457
1220,,
1220,Activity B,8.188966863648876
1220,,
1220,Activity D,9.287394001418473
1220,,
1220,Activity K,9.798182590890704
1220,,
1220,Activity M,9.798182590890704
1220,,
1220,Activity J,9.980494888896912
1220,,
1220,Activity N,9.980494888896912
1220,,
1220,Activity F,10.268165387743457
1221,,
1221,Activity B,8.188966863648876
1221,,
1221,Activity D,9.287394001418473
1221,,
1221,Activity G,9.798182590890704
1221,,
1221,Activity M,9.798182590890704
1221,,
1221,Activity J,9.980494888896912
1221,,
1221,Activity N,9.980494888896912
1221,,
1221,Activity F,10.268165387743457
1222,,
1222,Activity B,8.188966863648876
1222,,
1222,Activity D,9.287394001418473
1222,,
1222,Activity M,9.798182590890704
1222,,
1222,Activity G,9.798182590890704
1222,,
1222,Activity L,9.980494888896912
1222,,
1222,Activity I,9.980494888896912
1222,,
1222,Activity F,10.268165387743457
1223,,
1223,Activity B,8.188966863648876
1223,,
1223,Activity D,9.287394001418473
1223,,
1223,Activity M,9.798182590890704
1223,,
1223,Activity G,9.798182590890704
1223,,
1223,Activity L,9.980494888896912
1223,,
1223,Activity J,9.980494888896912
1223,,
1223,Activity F,10.268165387743457
1224,,
1224,Activity B,8.188966863648876
1224,,
1224,Activity D,9.287394001418473
1224,,
1224,Activity M,9.798182590890704
1224,,
1224,Activity K,9.798182590890704
1224,,
1224,Activity J,9.980494888896912
1224,,
1224,Activity L,9.980494888896912
1224,,
1224,Activity F,10.268165387743457
1225,,
1225,Activity B,8.188966863648876
1225,,
1225,Activity D,9.287394001418473
1225,,
1225,Activity K,9.798182590890704
1225,,
1225,Activity G,9.798182590890704
1225,,
1225,Activity N,9.980494888896912
1225,,
1225,Activity I,9.980494888896912
1225,,
1225,Activity F,10.268165387743457
1226,,
1226,Activity B,8.188966863648876
1226,,
1226,Activity D,9.287394001418473
1226,,
1226,Activity M,9.798182590890704
1226,,
1226,Activity K,9.798182590890704
1226,,
1226,Activity J,9.980494888896912
1226,,
1226,Activity L,9.980494888896912
1226,,
1226,Activity F,10.268165387743457
1227,,
1227,Activity B,8.188966863648876
1227,,
1227,Activity D,9.287394001418473
1227,,
1227,Activity G,9.798182590890704
1227,,
1227,Activity K,9.798182590890704
1227,,
1227,Activity I,9.980494888896912
1227,,
1227,Activity L,9.980494888896912
1227,,
1227,Activity F,10.268165387743457
1228,,
1228,Activity B,8.188966863648876
1228,,
1228,Activity D,9.287394001418473
1228,,
1228,Activity K,9.798182590890704
1228,,
1228,Activity G,9.798182590890704
1228,,
1228,Activity N,9.980494888896912
1228,,
1228,Activity I,9.980494888896912
1228,,
1228,Activity F,10.268165387743457
1229,,
1229,Activity B,8.188966863648876
1229,,
1229,Activity D,9.287394001418473
1229,,
1229,Activity M,9.798182590890704
1229,,
1229,Activity G,9.798182590890704
1229,,
1229,Activity L,9.980494888896912
1229,,
1229,Activity I,9.980494888896912
1229,,
1229,Activity F,10.268165387743457
1230,,
1230,Activity B,8.188966863648876
1230,,
1230,Activity D,9.287394001418473
1230,,
1230,Activity M,9.798182590890704
1230,,
1230,Activity K,9.798182590890704
1230,,
1230,Activity I,9.980494888896912
1230,,
1230,Activity L,9.980494888896912
1230,,
1230,Activity F,10.268165387743457
1231,,
1231,Activity B,8.188966863648876
1231,,
1231,Activity D,9.287394001418473
1231,,
1231,Activity G,9.798182590890704
1231,,
1231,Activity K,9.798182590890704
1231,,
1231,Activity I,9.980494888896912
1231,,
1231,Activity L,9.980494888896912
1231,,
1231,Activity F,10.268165387743457
1232,,
1232,Activity B,8.188966863648876
1232,,
1232,Activity D,9.287394001418473
1232,,
1232,Activity M,9.798182590890704
1232,,
1232,Activity K,9.798182590890704
1232,,
1232,Activity I,9.980494888896912
1232,,
1232,Activity L,9.980494888896912
1232,,
1232,Activity F,10.268165387743457
1233,,
1233,Activity B,8.188966863648876
1233,,
1233,Activity D,9.287394001418473
1233,,
1233,Activity G,9.798182590890704
1233,,
1233,Activity M,9.798182590890704
1233,,
1233,Activity I,9.980494888896912
1233,,
1233,Activity N,9.980494888896912
1233,,
1233,Activity F,10.268165387743457
1234,,
1234,Activity B,8.188966863648876
1234,,
1234,Activity D,9.287394001418473
1234,,
1234,Activity K,9.798182590890704
1234,,
1234,Activity M,9.798182590890704
1234,,
1234,Activity I,9.980494888896912
1234,,
1234,Activity N,9.980494888896912
1234,,
1234,Activity F,10.268165387743457
1235,,
1235,Activity B,8.188966863648876
1235,,
1235,Activity D,9.287394001418473
1235,,
1235,Activity K,9.798182590890704
1235,,
1235,Activity G,9.798182590890704
1235,,
1235,Activity N,9.980494888896912
1235,,
1235,Activity J,9.980494888896912
1235,,
1235,Activity F,10.268165387743457
1236,,
1236,Activity B,8.188966863648876
1236,,
1236,Activity D,9.287394001418473
1236,,
1236,Activity G,9.798182590890704
1236,,
1236,Activity M,9.798182590890704
1236,,
1236,Activity J,9.980494888896912
1236,,
1236,Activity N,9.980494888896912
1236,,
1236,Activity F,10.268165387743457
1237,,
1237,Activity B,8.188966863648876
1237,,
1237,Activity D,9.287394001418473
1237,,
1237,Activity K,9.798182590890704
1237,,
1237,Activity M,9.798182590890704
1237,,
1237,Activity I,9.980494888896912
1237,,
1237,Activity N,9.980494888896912
1237,,
1237,Activity F,10.268165387743457
1238,,
1238,Activity B,8.188966863648876
1238,,
1238,Activity D,9.287394001418473
1238,,
1238,Activity M,9.798182590890704
1238,,
1238,Activity G,9.798182590890704
1238,,
1238,Activity L,9.980494888896912
1238,,
1238,Activity J,9.980494888896912
1238,,
1238,Activity F,10.268165387743457
1239,,
1239,Activity B,8.188966863648876
1239,,
1239,Activity D,9.287394001418473
1239,,
1239,Activity K,9.798182590890704
1239,,
1239,Activity M,9.798182590890704
1239,,
1239,Activity I,9.980494888896912
1239,,
1239,Activity N,9.980494888896912
1239,,
1239,Activity F,10.268165387743457
1240,,
1240,Activity B,8.188966863648876
1240,,
1240,Activity D,9.287394001418473
1240,,
1240,Activity M,9.798182590890704
1240,,
1240,Activity K,9.798182590890704
1240,,
1240,Activity I,9.980494888896912
1240,,
1240,Activity L,9.980494888896912
1240,,
1240,Activity F,10.268165387743457
1241,,
1241,Activity B,8.188966863648876
1241,,
1241,Activity D,9.287394001418473
1241,,
1241,Activity K,9.798182590890704
1241,,
1241,Activity G,9.798182590890704
1241,,
1241,Activity N,9.980494888896912
1241,,
1241,Activity I,9.980494888896912
1241,,
1241,Activity F,10.268165387743457
1242,,
1242,Activity B,8.188966863648876
1242,,
1242,Activity D,9.287394001418473
1242,,
1242,Activity M,9.798182590890704
1242,,
1242,Activity G,9.798182590890704
1242,,
1242,Activity L,9.980494888896912
1242,,
1242,Activity I,9.980494888896912
1242,,
1242,Activity F,10.268165387743457
1243,,
1243,Activity B,8.188966863648876
1243,,
1243,Activity D,9.287394001418473
1243,,
1243,Activity K,9.798182590890704
1243,,
1243,Activity G,9.798182590890704
1243,,
1243,Activity N,9.980494888896912
1243,,
1243,Activity I,9.980494888896912
1243,,
1243,Activity F,10.268165387743457
1244,,
1244,Activity B,8.188966863648876
1244,,
1244,Activity D,9.287394001418473
1244,,
1244,Activity M,9.798182590890704
1244,,
1244,Activity K,9.798182590890704
1244,,
1244,Activity I,9.980494888896912
1244,,
1244,Activity L,9.980494888896912
1244,,
1244,Activity F,10.268165387743457
1245,,
1245,Activity B,8.188966863648876
1245,,
1245,Activity D,9.287394001418473
1245,,
1245,Activity G,9.798182590890704
1245,,
1245,Activity K,9.798182590890704
1245,,
1245,Activity I,9.980494888896912
1245,,
1245,Activity L,9.980494888896912
1245,,
1245,Activity F,10.268165387743457
1246,,
1246,Activity B,8.188966863648876
1246,,
1246,Activity D,9.287394001418473
1246,,
1246,Activity G,9.798182590890704
1246,,
1246,Activity K,9.798182590890704
1246,,
1246,Activity I,9.980494888896912
1246,,
1246,Activity L,9.980494888896912
1246,,
1246,Activity F,10.268165387743457
1247,,
1247,Activity B,8.188966863648876
1247,,
1247,Activity D,9.287394001418473
1247,,
1247,Activity M,9.798182590890704
1247,,
1247,Activity K,9.798182590890704
1247,,
1247,Activity J,9.980494888896912
1247,,
1247,Activity L,9.980494888896912
1247,,
1247,Activity F,10.268165387743457
1248,,
1248,Activity B,8.188966863648876
1248,,
1248,Activity D,9.287394001418473
1248,,
1248,Activity K,9.798182590890704
1248,,
1248,Activity G,9.798182590890704
1248,,
1248,Activity N,9.980494888896912
1248,,
1248,Activity I,9.980494888896912
1248,,
1248,Activity F,10.268165387743457
1249,,
1249,Activity B,8.188966863648876
1249,,
1249,Activity D,9.287394001418473
1249,,
1249,Activity K,9.798182590890704
1249,,
1249,Activity G,9.798182590890704
1249,,
1249,Activity N,9.980494888896912
1249,,
1249,Activity I,9.980494888896912
1249,,
1249,Activity F,10.268165387743457
1250,,
1250,Activity B,8.188966863648876
1250,,
1250,Activity D,9.287394001418473
1250,,
1250,Activity K,9.798182590890704
1250,,
1250,Activity M,9.798182590890704
1250,,
1250,Activity J,9.980494888896912
1250,,
1250,Activity N,9.980494888896912
1250,,
1250,Activity F,10.268165387743457
1251,,
1251,Activity B,8.188966863648876
1251,,
1251,Activity D,9.287394001418473
1251,,
1251,Activity G,9.798182590890704
1251,,
1251,Activity K,9.798182590890704
1251,,
1251,Activity J,9.980494888896912
1251,,
1251,Activity L,9.980494888896912
1251,,
1251,Activity F,10.268165387743457
1252,,
1252,Activity B,8.188966863648876
1252,,
1252,Activity D,9.287394001418473
1252,,
1252,Activity G,9.798182590890704
1252,,
1252,Activity K,9.798182590890704
1252,,
1252,Activity J,9.980494888896912
1252,,
1252,Activity L,9.980494888896912
1252,,
1252,Activity F,10.268165387743457
1253,,
1253,Activity B,8.188966863648876
1253,,
1253,Activity D,9.287394001418473
1253,,
1253,Activity G,9.798182590890704
1253,,
1253,Activity M,9.798182590890704
1253,,
1253,Activity J,9.980494888896912
1253,,
1253,Activity N,9.980494888896912
1253,,
1253,Activity F,10.268165387743457
1254,,
1254,Activity B,8.188966863648876
1254,,
1254,Activity D,9.287394001418473
1254,,
1254,Activity M,9.798182590890704
1254,,
1254,Activity K,9.798182590890704
1254,,
1254,Activity J,9.980494888896912
1254,,
1254,Activity L,9.980494888896912
1254,,
1254,Activity F,10.268165387743457
1255,,
1255,Activity B,8.188966863648876
1255,,
1255,Activity D,9.287394001418473
1255,,
1255,Activity K,9.798182590890704
1255,,
1255,Activity G,9.798182590890704
1255,,
1255,Activity N,9.980494888896912
1255,,
1255,Activity J,9.980494888896912
1255,,
1255,Activity F,10.268165387743457
1256,,
1256,Activity B,8.188966863648876
1256,,
1256,Activity D,9.287394001418473
1256,,
1256,Activity K,9.798182590890704
1256,,
1256,Activity M,9.798182590890704
1256,,
1256,Activity I,9.980494888896912
1256,,
1256,Activity N,9.980494888896912
1256,,
1256,Activity F,10.268165387743457
1257,,
1257,Activity B,8.188966863648876
1257,,
1257,Activity D,9.287394001418473
1257,,
1257,Activity M,9.798182590890704
1257,,
1257,Activity G,9.798182590890704
1257,,
1257,Activity L,9.980494888896912
1257,,
1257,Activity I,9.980494888896912
1257,,
1257,Activity F,10.268165387743457
1258,,
1258,Activity B,8.188966863648876
1258,,
1258,Activity D,9.287394001418473
1258,,
1258,Activity M,9.798182590890704
1258,,
1258,Activity G,9.798182590890704
1258,,
1258,Activity L,9.980494888896912
1258,,
1258,Activity I,9.980494888896912
1258,,
1258,Activity F,10.268165387743457
1259,,
1259,Activity B,8.188966863648876
1259,,
1259,Activity D,9.287394001418473
1259,,
1259,Activity G,9.798182590890704
1259,,
1259,Activity K,9.798182590890704
1259,,
1259,Activity I,9.980494888896912
1259,,
1259,Activity L,9.980494888896912
1259,,
1259,Activity F,10.268165387743457
1260,,
1260,Activity B,8.188966863648876
1260,,
1260,Activity D,9.287394001418473
1260,,
1260,Activity G,9.798182590890704
1260,,
1260,Activity M,9.798182590890704
1260,,
1260,Activity J,9.980494888896912
1260,,
1260,Activity N,9.980494888896912
1260,,
1260,Activity F,10.268165387743457
1261,,
1261,Activity B,8.188966863648876
1261,,
1261,Activity D,9.287394001418473
1261,,
1261,Activity M,9.798182590890704
1261,,
1261,Activity G,9.798182590890704
1261,,
1261,Activity L,9.980494888896912
1261,,
1261,Activity J,9.980494888896912
1261,,
1261,Activity F,10.268165387743457
1262,,
1262,Activity B,8.188966863648876
1262,,
1262,Activity D,9.287394001418473
1262,,
1262,Activity G,9.798182590890704
1262,,
1262,Activity K,9.798182590890704
1262,,
1262,Activity J,9.980494888896912
1262,,
1262,Activity L,9.980494888896912
1262,,
1262,Activity F,10.268165387743457
1263,,
1263,Activity B,8.188966863648876
1263,,
1263,Activity D,9.287394001418473
1263,,
1263,Activity K,9.798182590890704
1263,,
1263,Activity G,9.798182590890704
1263,,
1263,Activity N,9.980494888896912
1263,,
1263,Activity J,9.980494888896912
1263,,
1263,Activity F,10.268165387743457
1264,,
1264,Activity B,8.188966863648876
1264,,
1264,Activity D,9.287394001418473
1264,,
1264,Activity K,9.798182590890704
1264,,
1264,Activity M,9.798182590890704
1264,,
1264,Activity J,9.980494888896912
1264,,
1264,Activity N,9.980494888896912
1264,,
1264,Activity F,10.268165387743457
1265,,
1265,Activity B,8.188966863648876
1265,,
1265,Activity D,9.287394001418473
1265,,
1265,Activity K,9.798182590890704
1265,,
1265,Activity G,9.798182590890704
1265,,
1265,Activity N,9.980494888896912
1265,,
1265,Activity J,9.980494888896912
1265,,
1265,Activity F,10.268165387743457
1266,,
1266,Activity B,8.188966863648876
1266,,
1266,Activity D,9.287394001418473
1266,,
1266,Activity K,9.798182590890704
1266,,
1266,Activity G,9.798182590890704
1266,,
1266,Activity N,9.980494888896912
1266,,
1266,Activity J,9.980494888896912
1266,,
1266,Activity F,10.268165387743457
1267,,
1267,Activity B,8.188966863648876
1267,,
1267,Activity D,9.287394001418473
1267,,
1267,Activity M,9.798182590890704
1267,,
1267,Activity G,9.798182590890704
1267,,
1267,Activity L,9.980494888896912
1267,,
1267,Activity I,9.980494888896912
1267,,
1267,Activity F,10.268165387743457
1268,,
1268,Activity B,8.188966863648876
1268,,
1268,Activity D,9.287394001418473
1268,,
1268,Activity M,9.798182590890704
1268,,
1268,Activity K,9.798182590890704
1268,,
1268,Activity I,9.980494888896912
1268,,
1268,Activity L,9.980494888896912
1268,,
1268,Activity F,10.268165387743457
1269,,
1269,Activity B,8.188966863648876
1269,,
1269,Activity D,9.287394001418473
1269,,
1269,Activity M,9.798182590890704
1269,,
1269,Activity K,9.798182590890704
1269,,
1269,Activity I,9.980494888896912
1269,,
1269,Activity L,9.980494888896912
1269,,
1269,Activity F,10.268165387743457
1270,,
1270,Activity B,8.188966863648876
1270,,
1270,Activity D,9.287394001418473
1270,,
1270,Activity M,9.798182590890704
1270,,
1270,Activity G,9.798182590890704
1270,,
1270,Activity L,9.980494888896912
1270,,
1270,Activity I,9.980494888896912
1270,,
1270,Activity F,10.268165387743457
1271,,
1271,Activity B,8.188966863648876
1271,,
1271,Activity D,9.287394001418473
1271,,
1271,Activity K,9.798182590890704
1271,,
1271,Activity G,9.798182590890704
1271,,
1271,Activity N,9.980494888896912
1271,,
1271,Activity J,9.980494888896912
1271,,
1271,Activity F,10.268165387743457
1272,,
1272,Activity B,8.188966863648876
1272,,
1272,Activity D,9.287394001418473
1272,,
1272,Activity K,9.798182590890704
1272,,
1272,Activity G,9.798182590890704
1272,,
1272,Activity N,9.980494888896912
1272,,
1272,Activity I,9.980494888896912
1272,,
1272,Activity F,10.268165387743457
1273,,
1273,Activity B,8.188966863648876
1273,,
1273,Activity D,9.287394001418473
1273,,
1273,Activity G,9.798182590890704
1273,,
1273,Activity K,9.798182590890704
1273,,
1273,Activity I,9.980494888896912
1273,,
1273,Activity L,9.980494888896912
1273,,
1273,Activity F,10.268165387743457
1274,,
1274,Activity B,8.188966863648876
1274,,
1274,Activity D,9.287394001418473
1274,,
1274,Activity M,9.798182590890704
1274,,
1274,Activity G,9.798182590890704
1274,,
1274,Activity L,9.980494888896912
1274,,
1274,Activity J,9.980494888896912
1274,,
1274,Activity F,10.268165387743457
1275,,
1275,Activity B,8.188966863648876
1275,,
1275,Activity D,9.287394001418473
1275,,
1275,Activity M,9.798182590890704
1275,,
1275,Activity K,9.798182590890704
1275,,
1275,Activity I,9.980494888896912
1275,,
1275,Activity L,9.980494888896912
1275,,
1275,Activity F,10.268165387743457
1276,,
1276,Activity B,8.188966863648876
1276,,
1276,Activity D,9.287394001418473
1276,,
1276,Activity K,9.798182590890704
1276,,
1276,Activity M,9.798182590890704
1276,,
1276,Activity I,9.980494888896912
1276,,
1276,Activity N,9.980494888896912
1276,,
1276,Activity F,10.268165387743457
1277,,
1277,Activity B,8.188966863648876
1277,,
1277,Activity D,9.287394001418473
1277,,
1277,Activity K,9.798182590890704
1277,,
1277,Activity G,9.798182590890704
1277,,
1277,Activity N,9.980494888896912
1277,,
1277,Activity J,9.980494888896912
1277,,
1277,Activity F,10.268165387743457
1278,,
1278,Activity B,8.188966863648876
1278,,
1278,Activity D,9.287394001418473
1278,,
1278,Activity G,9.798182590890704
1278,,
1278,Activity M,9.798182590890704
1278,,
1278,Activity I,9.980494888896912
1278,,
1278,Activity N,9.980494888896912
1278,,
1278,Activity F,10.268165387743457
1279,,
1279,Activity B,8.188966863648876
1279,,
1279,Activity D,9.287394001418473
1279,,
1279,Activity G,9.798182590890704
1279,,
1279,Activity K,9.798182590890704
1279,,
1279,Activity I,9.980494888896912
1279,,
1279,Activity L,9.980494888896912
1279,,
1279,Activity F,10.268165387743457
1280,,
1280,Activity B,8.188966863648876
1280,,
1280,Activity D,9.287394001418473
1280,,
1280,Activity G,9.798182590890704
1280,,
1280,Activity M,9.798182590890704
1280,,
1280,Activity J,9.980494888896912
1280,,
1280,Activity N,9.980494888896912
1280,,
1280,Activity F,10.268165387743457
1281,,
1281,Activity B,8.188966863648876
1281,,
1281,Activity D,9.287394001418473
1281,,
1281,Activity M,9.798182590890704
1281,,
1281,Activity K,9.798182590890704
1281,,
1281,Activity I,9.980494888896912
1281,,
1281,Activity L,9.980494888896912
1281,,
1281,Activity F,10.268165387743457
1282,,
1282,Activity B,8.188966863648876
1282,,
1282,Activity D,9.287394001418473
1282,,
1282,Activity G,9.798182590890704
1282,,
1282,Activity M,9.798182590890704
1282,,
1282,Activity I,9.980494888896912
1282,,
1282,Activity N,9.980494888896912
1282,,
1282,Activity F,10.268165387743457
1283,,
1283,Activity B,8.188966863648876
1283,,
1283,Activity D,9.287394001418473
1283,,
1283,Activity K,9.798182590890704
1283,,
1283,Activity M,9.798182590890704
1283,,
1283,Activity I,9.980494888896912
1283,,
1283,Activity N,9.980494888896912
1283,,
1283,Activity F,10.268165387743457
1284,,
1284,Activity B,8.188966863648876
1284,,
1284,Activity D,9.287394001418473
1284,,
1284,Activity G,9.798182590890704
1284,,
1284,Activity K,9.798182590890704
1284,,
1284,Activity J,9.980494888896912
1284,,
1284,Activity L,9.980494888896912
1284,,
1284,Activity F,10.268165387743457
1285,,
1285,Activity B,8.188966863648876
1285,,
1285,Activity D,9.287394001418473
1285,,
1285,Activity M,9.798182590890704
1285,,
1285,Activity G,9.798182590890704
1285,,
1285,Activity L,9.980494888896912
1285,,
1285,Activity J,9.980494888896912
1285,,
1285,Activity F,10.268165387743457
1286,,
1286,Activity B,8.188966863648876
1286,,
1286,Activity D,9.287394001418473
1286,,
1286,Activity M,9.798182590890704
1286,,
1286,Activity K,9.798182590890704
1286,,
1286,Activity I,9.980494888896912
1286,,
1286,Activity L,9.980494888896912
1286,,
1286,Activity F,10.268165387743457
1287,,
1287,Activity B,8.188966863648876
1287,,
1287,Activity D,9.287394001418473
1287,,
1287,Activity K,9.798182590890704
1287,,
1287,Activity G,9.798182590890704
1287,,
1287,Activity N,9.980494888896912
1287,,
1287,Activity I,9.980494888896912
1287,,
1287,Activity F,10.268165387743457
1288,,
1288,Activity B,8.188966863648876
1288,,
1288,Activity D,9.287394001418473
1288,,
1288,Activity K,9.798182590890704
1288,,
1288,Activity M,9.798182590890704
1288,,
1288,Activity I,9.980494888896912
1288,,
1288,Activity N,9.980494888896912
1288,,
1288,Activity F,10.268165387743457
1289,,
1289,Activity B,8.188966863648876
1289,,
1289,Activity D,9.287394001418473
1289,,
1289,Activity K,9.798182590890704
1289,,
1289,Activity M,9.798182590890704
1289,,
1289,Activity I,9.980494888896912
1289,,
1289,Activity N,9.980494888896912
1289,,
1289,Activity F,10.268165387743457
1290,,
1290,Activity B,8.188966863648876
1290,,
1290,Activity D,9.287394001418473
1290,,
1290,Activity M,9.798182590890704
1290,,
1290,Activity G,9.798182590890704
1290,,
1290,Activity L,9.980494888896912
1290,,
1290,Activity J,9.980494888896912
1290,,
1290,Activity F,10.268165387743457
1291,,
1291,Activity B,8.188966863648876
1291,,
1291,Activity D,9.287394001418473
1291,,
1291,Activity K,9.798182590890704
1291,,
1291,Activity M,9.798182590890704
1291,,
1291,Activity I,9.980494888896912
1291,,
1291,Activity N,9.980494888896912
1291,,
1291,Activity F,10.268165387743457
1292,,
1292,Activity B,8.188966863648876
1292,,
1292,Activity D,9.287394001418473
1292,,
1292,Activity G,9.798182590890704
1292,,
1292,Activity K,9.798182590890704
1292,,
1292,Activity I,9.980494888896912
1292,,
1292,Activity L,9.980494888896912
1292,,
1292,Activity F,10.268165387743457
1293,,
1293,Activity B,8.188966863648876
1293,,
1293,Activity D,9.287394001418473
1293,,
1293,Activity M,9.798182590890704
1293,,
1293,Activity K,9.798182590890704
1293,,
1293,Activity I,9.980494888896912
1293,,
1293,Activity L,9.980494888896912
1293,,
1293,Activity F,10.268165387743457
1294,,
1294,Activity B,8.188966863648876
1294,,
1294,Activity D,9.287394001418473
1294,,
1294,Activity G,9.798182590890704
1294,,
1294,Activity K,9.798182590890704
1294,,
1294,Activity I,9.980494888896912
1294,,
1294,Activity L,9.980494888896912
1294,,
1294,Activity F,10.268165387743457
1295,,
1295,Activity B,8.188966863648876
1295,,
1295,Activity D,9.287394001418473
1295,,
1295,Activity K,9.798182590890704
1295,,
1295,Activity G,9.798182590890704
1295,,
1295,Activity N,9.980494888896912
1295,,
1295,Activity J,9.980494888896912
1295,,
1295,Activity F,10.268165387743457
1296,,
1296,Activity B,8.188966863648876
1296,,
1296,Activity D,9.287394001418473
1296,,
1296,Activity G,9.798182590890704
1296,,
1296,Activity K,9.798182590890704
1296,,
1296,Activity J,9.980494888896912
1296,,
1296,Activity L,9.980494888896912
1296,,
1296,Activity F,10.268165387743457
1297,,
1297,Activity B,8.188966863648876
1297,,
1297,Activity D,9.287394001418473
1297,,
1297,Activity G,9.798182590890704
1297,,
1297,Activity K,9.798182590890704
1297,,
1297,Activity J,9.980494888896912
1297,,
1297,Activity L,9.980494888896912
1297,,
1297,Activity F,10.268165387743457
1298,,
1298,Activity B,8.188966863648876
1298,,
1298,Activity D,9.287394001418473
1298,,
1298,Activity K,9.798182590890704
1298,,
1298,Activity G,9.798182590890704
1298,,
1298,Activity N,9.980494888896912
1298,,
1298,Activity I,9.980494888896912
1298,,
1298,Activity F,10.268165387743457
1299,,
1299,Activity B,8.188966863648876
1299,,
1299,Activity D,9.287394001418473
1299,,
1299,Activity M,9.798182590890704
1299,,
1299,Activity K,9.798182590890704
1299,,
1299,Activity I,9.980494888896912
1299,,
1299,Activity L,9.980494888896912
1299,,
1299,Activity F,10.268165387743457
1300,,
1300,Activity B,8.188966863648876
1300,,
1300,Activity D,9.287394001418473
1300,,
1300,Activity K,9.798182590890704
1300,,
1300,Activity M,9.798182590890704
1300,,
1300,Activity J,9.980494888896912
1300,,
1300,Activity N,9.980494888896912
1300,,
1300,Activity F,10.268165387743457
1301,,
1301,Activity B,8.188966863648876
1301,,
1301,Activity D,9.287394001418473
1301,,
1301,Activity G,9.798182590890704
1301,,
1301,Activity M,9.798182590890704
1301,,
1301,Activity J,9.980494888896912
1301,,
1301,Activity N,9.980494888896912
1301,,
1301,Activity F,10.268165387743457
1302,,
1302,Activity B,8.188966863648876
1302,,
1302,Activity D,9.287394001418473
1302,,
1302,Activity K,9.798182590890704
1302,,
1302,Activity M,9.798182590890704
1302,,
1302,Activity J,9.980494888896912
1302,,
1302,Activity N,9.980494888896912
1302,,
1302,Activity F,10.268165387743457
1303,,
1303,Activity B,8.188966863648876
1303,,
1303,Activity D,9.287394001418473
1303,,
1303,Activity K,9.798182590890704
1303,,
1303,Activity G,9.798182590890704
1303,,
1303,Activity N,9.980494888896912
1303,,
1303,Activity J,9.980494888896912
1303,,
1303,Activity F,10.268165387743457
1304,,
1304,Activity B,8.188966863648876
1304,,
1304,Activity D,9.287394001418473
1304,,
1304,Activity G,9.798182590890704
1304,,
1304,Activity M,9.798182590890704
1304,,
1304,Activity I,9.980494888896912
1304,,
1304,Activity N,9.980494888896912
1304,,
1304,Activity F,10.268165387743457
1305,,
1305,Activity B,8.188966863648876
1305,,
1305,Activity D,9.287394001418473
1305,,
1305,Activity M,9.798182590890704
1305,,
1305,Activity G,9.798182590890704
1305,,
1305,Activity L,9.980494888896912
1305,,
1305,Activity I,9.980494888896912
1305,,
1305,Activity F,10.268165387743457
1306,,
1306,Activity B,8.188966863648876
1306,,
1306,Activity D,9.287394001418473
1306,,
1306,Activity K,9.798182590890704
1306,,
1306,Activity G,9.798182590890704
1306,,
1306,Activity N,9.980494888896912
1306,,
1306,Activity I,9.980494888896912
1306,,
1306,Activity F,10.268165387743457
1307,,
1307,Activity B,8.188966863648876
1307,,
1307,Activity D,9.287394001418473
1307,,
1307,Activity G,9.798182590890704
1307,,
1307,Activity M,9.798182590890704
1307,,
1307,Activity I,9.980494888896912
1307,,
1307,Activity N,9.980494888896912
1307,,
1307,Activity F,10.268165387743457
1308,,
1308,Activity B,8.188966863648876
1308,,
1308,Activity D,9.287394001418473
1308,,
1308,Activity M,9.798182590890704
1308,,
1308,Activity K,9.798182590890704
1308,,
1308,Activity I,9.980494888896912
1308,,
1308,Activity L,9.980494888896912
1308,,
1308,Activity F,10.268165387743457
1309,,
1309,Activity B,8.188966863648876
1309,,
1309,Activity D,9.287394001418473
1309,,
1309,Activity M,9.798182590890704
1309,,
1309,Activity K,9.798182590890704
1309,,
1309,Activity J,9.980494888896912
1309,,
1309,Activity L,9.980494888896912
1309,,
1309,Activity F,10.268165387743457
1310,,
1310,Activity B,8.188966863648876
1310,,
1310,Activity D,9.287394001418473
1310,,
1310,Activity G,9.798182590890704
1310,,
1310,Activity M,9.798182590890704
1310,,
1310,Activity I,9.980494888896912
1310,,
1310,Activity N,9.980494888896912
1310,,
1310,Activity F,10.268165387743457
1311,,
1311,Activity B,8.188966863648876
1311,,
1311,Activity D,9.287394001418473
1311,,
1311,Activity K,9.798182590890704
1311,,
1311,Activity M,9.798182590890704
1311,,
1311,Activity J,9.980494888896912
1311,,
1311,Activity N,9.980494888896912
1311,,
1311,Activity F,10.268165387743457
1312,,
1312,Activity B,8.188966863648876
1312,,
1312,Activity D,9.287394001418473
1312,,
1312,Activity G,9.798182590890704
1312,,
1312,Activity M,9.798182590890704
1312,,
1312,Activity I,9.980494888896912
1312,,
1312,Activity N,9.980494888896912
1312,,
1312,Activity F,10.268165387743457
1313,,
1313,Activity B,8.188966863648876
1313,,
1313,Activity D,9.287394001418473
1313,,
1313,Activity K,9.798182590890704
1313,,
1313,Activity G,9.798182590890704
1313,,
1313,Activity N,9.980494888896912
1313,,
1313,Activity J,9.980494888896912
1313,,
1313,Activity F,10.268165387743457
1314,,
1314,Activity B,8.188966863648876
1314,,
1314,Activity D,9.287394001418473
1314,,
1314,Activity M,9.798182590890704
1314,,
1314,Activity G,9.798182590890704
1314,,
1314,Activity L,9.980494888896912
1314,,
1314,Activity J,9.980494888896912
1314,,
1314,Activity F,10.268165387743457
1315,,
1315,Activity B,8.188966863648876
1315,,
1315,Activity D,9.287394001418473
1315,,
1315,Activity K,9.798182590890704
1315,,
1315,Activity M,9.798182590890704
1315,,
1315,Activity I,9.980494888896912
1315,,
1315,Activity N,9.980494888896912
1315,,
1315,Activity F,10.268165387743457
1316,,
1316,Activity B,8.188966863648876
1316,,
1316,Activity D,9.287394001418473
1316,,
1316,Activity G,9.798182590890704
1316,,
1316,Activity M,9.798182590890704
1316,,
1316,Activity I,9.980494888896912
1316,,
1316,Activity N,9.980494888896912
1316,,
1316,Activity F,10.268165387743457
1317,,
1317,Activity B,8.188966863648876
1317,,
1317,Activity D,9.287394001418473
1317,,
1317,Activity G,9.798182590890704
1317,,
1317,Activity M,9.798182590890704
1317,,
1317,Activity I,9.980494888896912
1317,,
1317,Activity N,9.980494888896912
1317,,
1317,Activity F,10.268165387743457
1318,,
1318,Activity B,8.188966863648876
1318,,
1318,Activity D,9.287394001418473
1318,,
1318,Activity M,9.798182590890704
1318,,
1318,Activity K,9.798182590890704
1318,,
1318,Activity J,9.980494888896912
1318,,
1318,Activity L,9.980494888896912
1318,,
1318,Activity F,10.268165387743457
1319,,
1319,Activity B,8.188966863648876
1319,,
1319,Activity D,9.287394001418473
1319,,
1319,Activity M,9.798182590890704
1319,,
1319,Activity G,9.798182590890704
1319,,
1319,Activity L,9.980494888896912
1319,,
1319,Activity I,9.980494888896912
1319,,
1319,Activity F,10.268165387743457
1320,,
1320,Activity B,8.188966863648876
1320,,
1320,Activity D,9.287394001418473
1320,,
1320,Activity K,9.798182590890704
1320,,
1320,Activity M,9.798182590890704
1320,,
1320,Activity J,9.980494888896912
1320,,
1320,Activity N,9.980494888896912
1320,,
1320,Activity F,10.268165387743457
1321,,
1321,Activity B,8.188966863648876
1321,,
1321,Activity D,9.287394001418473
1321,,
1321,Activity K,9.798182590890704
1321,,
1321,Activity G,9.798182590890704
1321,,
1321,Activity N,9.980494888896912
1321,,
1321,Activity I,9.980494888896912
1321,,
1321,Activity F,10.268165387743457
1322,,
1322,Activity B,8.188966863648876
1322,,
1322,Activity D,9.287394001418473
1322,,
1322,Activity G,9.798182590890704
1322,,
1322,Activity K,9.798182590890704
1322,,
1322,Activity I,9.980494888896912
1322,,
1322,Activity L,9.980494888896912
1322,,
1322,Activity F,10.268165387743457
1323,,
1323,Activity B,8.188966863648876
1323,,
1323,Activity D,9.287394001418473
1323,,
1323,Activity K,9.798182590890704
1323,,
1323,Activity G,9.798182590890704
1323,,
1323,Activity N,9.980494888896912
1323,,
1323,Activity J,9.980494888896912
1323,,
1323,Activity F,10.268165387743457
1324,,
1324,Activity B,8.188966863648876
1324,,
1324,Activity D,9.287394001418473
1324,,
1324,Activity G,9.798182590890704
1324,,
1324,Activity K,9.798182590890704
1324,,
1324,Activity J,9.980494888896912
1324,,
1324,Activity L,9.980494888896912
1324,,
1324,Activity F,10.268165387743457
1325,,
1325,Activity B,8.188966863648876
1325,,
1325,Activity D,9.287394001418473
1325,,
1325,Activity M,9.798182590890704
1325,,
1325,Activity K,9.798182590890704
1325,,
1325,Activity I,9.980494888896912
1325,,
1325,Activity L,9.980494888896912
1325,,
1325,Activity F,10.268165387743457
1326,,
1326,Activity B,8.188966863648876
1326,,
1326,Activity D,9.287394001418473
1326,,
1326,Activity M,9.798182590890704
1326,,
1326,Activity K,9.798182590890704
1326,,
1326,Activity I,9.980494888896912
1326,,
1326,Activity L,9.980494888896912
1326,,
1326,Activity F,10.268165387743457
1327,,
1327,Activity B,8.188966863648876
1327,,
1327,Activity D,9.287394001418473
1327,,
1327,Activity G,9.798182590890704
1327,,
1327,Activity K,9.798182590890704
1327,,
1327,Activity J,9.980494888896912
1327,,
1327,Activity L,9.980494888896912
1327,,
1327,Activity F,10.268165387743457
1328,,
1328,Activity B,8.188966863648876
1328,,
1328,Activity D,9.287394001418473
1328,,
1328,Activity G,9.798182590890704
1328,,
1328,Activity M,9.798182590890704
1328,,
1328,Activity I,9.980494888896912
1328,,
1328,Activity N,9.980494888896912
1328,,
1328,Activity F,10.268165387743457
1329,,
1329,Activity B,8.188966863648876
1329,,
1329,Activity D,9.287394001418473
1329,,
1329,Activity M,9.798182590890704
1329,,
1329,Activity K,9.798182590890704
1329,,
1329,Activity I,9.980494888896912
1329,,
1329,Activity L,9.980494888896912
1329,,
1329,Activity F,10.268165387743457
1330,,
1330,Activity B,8.188966863648876
1330,,
1330,Activity D,9.287394001418473
1330,,
1330,Activity K,9.798182590890704
1330,,
1330,Activity M,9.798182590890704
1330,,
1330,Activity I,9.980494888896912
1330,,
1330,Activity N,9.980494888896912
1330,,
1330,Activity F,10.268165387743457
1331,,
1331,Activity B,8.188966863648876
1331,,
1331,Activity D,9.287394001418473
1331,,
1331,Activity K,9.798182590890704
1331,,
1331,Activity M,9.798182590890704
1331,,
1331,Activity I,9.980494888896912
1331,,
1331,Activity N,9.980494888896912
1331,,
1331,Activity F,10.268165387743457
1332,,
1332,Activity B,8.188966863648876
1332,,
1332,Activity D,9.287394001418473
1332,,
1332,Activity M,9.798182590890704
1332,,
1332,Activity K,9.798182590890704
1332,,
1332,Activity I,9.980494888896912
1332,,
1332,Activity L,9.980494888896912
1332,,
1332,Activity F,10.268165387743457
1333,,
1333,Activity B,8.188966863648876
1333,,
1333,Activity D,9.287394001418473
1333,,
1333,Activity K,9.798182590890704
1333,,
1333,Activity G,9.798182590890704
1333,,
1333,Activity N,9.980494888896912
1333,,
1333,Activity J,9.980494888896912
1333,,
1333,Activity F,10.268165387743457
1334,,
1334,Activity B,8.188966863648876
1334,,
1334,Activity D,9.287394001418473
1334,,
1334,Activity G,9.798182590890704
1334,,
1334,Activity M,9.798182590890704
1334,,
1334,Activity J,9.980494888896912
1334,,
1334,Activity N,9.980494888896912
1334,,
1334,Activity F,10.268165387743457
1335,,
1335,Activity B,8.188966863648876
1335,,
1335,Activity D,9.287394001418473
1335,,
1335,Activity M,9.798182590890704
1335,,
1335,Activity K,9.798182590890704
1335,,
1335,Activity I,9.980494888896912
1335,,
1335,Activity L,9.980494888896912
1335,,
1335,Activity F,10.268165387743457
1336,,
1336,Activity B,8.188966863648876
1336,,
1336,Activity D,9.287394001418473
1336,,
1336,Activity M,9.798182590890704
1336,,
1336,Activity G,9.798182590890704
1336,,
1336,Activity L,9.980494888896912
1336,,
1336,Activity I,9.980494888896912
1336,,
1336,Activity F,10.268165387743457
1337,,
1337,Activity B,8.188966863648876
1337,,
1337,Activity D,9.287394001418473
1337,,
1337,Activity G,9.798182590890704
1337,,
1337,Activity K,9.798182590890704
1337,,
1337,Activity I,9.980494888896912
1337,,
1337,Activity L,9.980494888896912
1337,,
1337,Activity F,10.268165387743457
1338,,
1338,Activity B,8.188966863648876
1338,,
1338,Activity D,9.287394001418473
1338,,
1338,Activity M,9.798182590890704
1338,,
1338,Activity G,9.798182590890704
1338,,
1338,Activity L,9.980494888896912
1338,,
1338,Activity J,9.980494888896912
1338,,
1338,Activity F,10.268165387743457
1339,,
1339,Activity B,8.188966863648876
1339,,
1339,Activity D,9.287394001418473
1339,,
1339,Activity K,9.798182590890704
1339,,
1339,Activity M,9.798182590890704
1339,,
1339,Activity J,9.980494888896912
1339,,
1339,Activity N,9.980494888896912
1339,,
1339,Activity F,10.268165387743457
1340,,
1340,Activity B,8.188966863648876
1340,,
1340,Activity D,9.287394001418473
1340,,
1340,Activity K,9.798182590890704
1340,,
1340,Activity G,9.798182590890704
1340,,
1340,Activity N,9.980494888896912
1340,,
1340,Activity J,9.980494888896912
1340,,
1340,Activity F,10.268165387743457
1341,,
1341,Activity B,8.188966863648876
1341,,
1341,Activity D,9.287394001418473
1341,,
1341,Activity G,9.798182590890704
1341,,
1341,Activity K,9.798182590890704
1341,,
1341,Activity J,9.980494888896912
1341,,
1341,Activity L,9.980494888896912
1341,,
1341,Activity F,10.268165387743457
1342,,
1342,Activity B,8.188966863648876
1342,,
1342,Activity D,9.287394001418473
1342,,
1342,Activity K,9.798182590890704
1342,,
1342,Activity M,9.798182590890704
1342,,
1342,Activity I,9.980494888896912
1342,,
1342,Activity N,9.980494888896912
1342,,
1342,Activity F,10.268165387743457
1343,,
1343,Activity B,8.188966863648876
1343,,
1343,Activity D,9.287394001418473
1343,,
1343,Activity G,9.798182590890704
1343,,
1343,Activity M,9.798182590890704
1343,,
1343,Activity I,9.980494888896912
1343,,
1343,Activity N,9.980494888896912
1343,,
1343,Activity F,10.268165387743457
1344,,
1344,Activity B,8.188966863648876
1344,,
1344,Activity D,9.287394001418473
1344,,
1344,Activity G,9.798182590890704
1344,,
1344,Activity K,9.798182590890704
1344,,
1344,Activity I,9.980494888896912
1344,,
1344,Activity L,9.980494888896912
1344,,
1344,Activity F,10.268165387743457
1345,,
1345,Activity B,8.188966863648876
1345,,
1345,Activity D,9.287394001418473
1345,,
1345,Activity M,9.798182590890704
1345,,
1345,Activity G,9.798182590890704
1345,,
1345,Activity L,9.980494888896912
1345,,
1345,Activity I,9.980494888896912
1345,,
1345,Activity F,10.268165387743457
1346,,
1346,Activity B,8.188966863648876
1346,,
1346,Activity D,9.287394001418473
1346,,
1346,Activity M,9.798182590890704
1346,,
1346,Activity K,9.798182590890704
1346,,
1346,Activity I,9.980494888896912
1346,,
1346,Activity L,9.980494888896912
1346,,
1346,Activity F,10.268165387743457
1347,,
1347,Activity B,8.188966863648876
1347,,
1347,Activity D,9.287394001418473
1347,,
1347,Activity M,9.798182590890704
1347,,
1347,Activity G,9.798182590890704
1347,,
1347,Activity L,9.980494888896912
1347,,
1347,Activity I,9.980494888896912
1347,,
1347,Activity F,10.268165387743457
1348,,
1348,Activity B,8.188966863648876
1348,,
1348,Activity D,9.287394001418473
1348,,
1348,Activity M,9.798182590890704
1348,,
1348,Activity K,9.798182590890704
1348,,
1348,Activity J,9.980494888896912
1348,,
1348,Activity L,9.980494888896912
1348,,
1348,Activity F,10.268165387743457
1349,,
1349,Activity B,8.188966863648876
1349,,
1349,Activity D,9.287394001418473
1349,,
1349,Activity G,9.798182590890704
1349,,
1349,Activity K,9.798182590890704
1349,,
1349,Activity J,9.980494888896912
1349,,
1349,Activity L,9.980494888896912
1349,,
1349,Activity F,10.268165387743457
1350,,
1350,Activity B,8.188966863648876
1350,,
1350,Activity D,9.287394001418473
1350,,
1350,Activity K,9.798182590890704
1350,,
1350,Activity M,9.798182590890704
1350,,
1350,Activity I,9.980494888896912
1350,,
1350,Activity N,9.980494888896912
1350,,
1350,Activity F,10.268165387743457
1351,,
1351,Activity B,8.188966863648876
1351,,
1351,Activity D,9.287394001418473
1351,,
1351,Activity K,9.798182590890704
1351,,
1351,Activity M,9.798182590890704
1351,,
1351,Activity I,9.980494888896912
1351,,
1351,Activity N,9.980494888896912
1351,,
1351,Activity F,10.268165387743457
1352,,
1352,Activity B,8.188966863648876
1352,,
1352,Activity D,9.287394001418473
1352,,
1352,Activity M,9.798182590890704
1352,,
1352,Activity G,9.798182590890704
1352,,
1352,Activity L,9.980494888896912
1352,,
1352,Activity I,9.980494888896912
1352,,
1352,Activity F,10.268165387743457
1353,,
1353,Activity B,8.188966863648876
1353,,
1353,Activity D,9.287394001418473
1353,,
1353,Activity G,9.798182590890704
1353,,
1353,Activity K,9.798182590890704
1353,,
1353,Activity J,9.980494888896912
1353,,
1353,Activity L,9.980494888896912
1353,,
1353,Activity F,10.268165387743457
1354,,
1354,Activity B,8.188966863648876
1354,,
1354,Activity D,9.287394001418473
1354,,
1354,Activity M,9.798182590890704
1354,,
1354,Activity G,9.798182590890704
1354,,
1354,Activity L,9.980494888896912
1354,,
1354,Activity I,9.980494888896912
1354,,
1354,Activity F,10.268165387743457
1355,,
1355,Activity B,8.188966863648876
1355,,
1355,Activity D,9.287394001418473
1355,,
1355,Activity K,9.798182590890704
1355,,
1355,Activity G,9.798182590890704
1355,,
1355,Activity N,9.980494888896912
1355,,
1355,Activity I,9.980494888896912
1355,,
1355,Activity F,10.268165387743457
1356,,
1356,Activity B,8.188966863648876
1356,,
1356,Activity D,9.287394001418473
1356,,
1356,Activity K,9.798182590890704
1356,,
1356,Activity G,9.798182590890704
1356,,
1356,Activity N,9.980494888896912
1356,,
1356,Activity J,9.980494888896912
1356,,
1356,Activity F,10.268165387743457
1357,,
1357,Activity B,8.188966863648876
1357,,
1357,Activity D,9.287394001418473
1357,,
1357,Activity K,9.798182590890704
1357,,
1357,Activity M,9.798182590890704
1357,,
1357,Activity J,9.980494888896912
1357,,
1357,Activity N,9.980494888896912
1357,,
1357,Activity F,10.268165387743457
1358,,
1358,Activity B,8.188966863648876
1358,,
1358,Activity D,9.287394001418473
1358,,
1358,Activity G,9.798182590890704
1358,,
1358,Activity K,9.798182590890704
1358,,
1358,Activity I,9.980494888896912
1358,,
1358,Activity L,9.980494888896912
1358,,
1358,Activity F,10.268165387743457
1359,,
1359,Activity B,8.188966863648876
1359,,
1359,Activity D,9.287394001418473
1359,,
1359,Activity M,9.798182590890704
1359,,
1359,Activity K,9.798182590890704
1359,,
1359,Activity I,9.980494888896912
1359,,
1359,Activity L,9.980494888896912
1359,,
1359,Activity F,10.268165387743457
1360,,
1360,Activity B,8.188966863648876
1360,,
1360,Activity D,9.287394001418473
1360,,
1360,Activity K,9.798182590890704
1360,,
1360,Activity M,9.798182590890704
1360,,
1360,Activity I,9.980494888896912
1360,,
1360,Activity N,9.980494888896912
1360,,
1360,Activity F,10.268165387743457
1361,,
1361,Activity B,8.188966863648876
1361,,
1361,Activity D,9.287394001418473
1361,,
1361,Activity K,9.798182590890704
1361,,
1361,Activity G,9.798182590890704
1361,,
1361,Activity N,9.980494888896912
1361,,
1361,Activity I,9.980494888896912
1361,,
1361,Activity F,10.268165387743457
1362,,
1362,Activity B,8.188966863648876
1362,,
1362,Activity D,9.287394001418473
1362,,
1362,Activity M,9.798182590890704
1362,,
1362,Activity G,9.798182590890704
1362,,
1362,Activity L,9.980494888896912
1362,,
1362,Activity J,9.980494888896912
1362,,
1362,Activity F,10.268165387743457
1363,,
1363,Activity B,8.188966863648876
1363,,
1363,Activity D,9.287394001418473
1363,,
1363,Activity G,9.798182590890704
1363,,
1363,Activity M,9.798182590890704
1363,,
1363,Activity I,9.980494888896912
1363,,
1363,Activity N,9.980494888896912
1363,,
1363,Activity F,10.268165387743457
1364,,
1364,Activity B,8.188966863648876
1364,,
1364,Activity D,9.287394001418473
1364,,
1364,Activity K,9.798182590890704
1364,,
1364,Activity G,9.798182590890704
1364,,
1364,Activity N,9.980494888896912
1364,,
1364,Activity I,9.980494888896912
1364,,
1364,Activity F,10.268165387743457
1365,,
1365,Activity B,8.188966863648876
1365,,
1365,Activity D,9.287394001418473
1365,,
1365,Activity G,9.798182590890704
1365,,
1365,Activity M,9.798182590890704
1365,,
1365,Activity J,9.980494888896912
1365,,
1365,Activity N,9.980494888896912
1365,,
1365,Activity F,10.268165387743457
1366,,
1366,Activity B,8.188966863648876
1366,,
1366,Activity D,9.287394001418473
1366,,
1366,Activity G,9.798182590890704
1366,,
1366,Activity K,9.798182590890704
1366,,
1366,Activity I,9.980494888896912
1366,,
1366,Activity L,9.980494888896912
1366,,
1366,Activity F,10.268165387743457
1367,,
1367,Activity B,8.188966863648876
1367,,
1367,Activity D,9.287394001418473
1367,,
1367,Activity G,9.798182590890704
1367,,
1367,Activity M,9.798182590890704
1367,,
1367,Activity I,9.980494888896912
1367,,
1367,Activity N,9.980494888896912
1367,,
1367,Activity F,10.268165387743457
1368,,
1368,Activity B,8.188966863648876
1368,,
1368,Activity D,9.287394001418473
1368,,
1368,Activity K,9.798182590890704
1368,,
1368,Activity G,9.798182590890704
1368,,
1368,Activity N,9.980494888896912
1368,,
1368,Activity I,9.980494888896912
1368,,
1368,Activity F,10.268165387743457
1369,,
1369,Activity B,8.188966863648876
1369,,
1369,Activity D,9.287394001418473
1369,,
1369,Activity G,9.798182590890704
1369,,
1369,Activity M,9.798182590890704
1369,,
1369,Activity I,9.980494888896912
1369,,
1369,Activity N,9.980494888896912
1369,,
1369,Activity F,10.268165387743457
1370,,
1370,Activity B,8.188966863648876
1370,,
1370,Activity D,9.287394001418473
1370,,
1370,Activity K,9.798182590890704
1370,,
1370,Activity G,9.798182590890704
1370,,
1370,Activity N,9.980494888896912
1370,,
1370,Activity I,9.980494888896912
1370,,
1370,Activity F,10.268165387743457
1371,,
1371,Activity B,8.188966863648876
1371,,
1371,Activity D,9.287394001418473
1371,,
1371,Activity G,9.798182590890704
1371,,
1371,Activity M,9.798182590890704
1371,,
1371,Activity I,9.980494888896912
1371,,
1371,Activity N,9.980494888896912
1371,,
1371,Activity F,10.268165387743457
1372,,
1372,Activity B,8.188966863648876
1372,,
1372,Activity D,9.287394001418473
1372,,
1372,Activity K,9.798182590890704
1372,,
1372,Activity M,9.798182590890704
1372,,
1372,Activity I,9.980494888896912
1372,,
1372,Activity N,9.980494888896912
1372,,
1372,Activity F,10.268165387743457
1373,,
1373,Activity B,8.188966863648876
1373,,
1373,Activity D,9.287394001418473
1373,,
1373,Activity G,9.798182590890704
1373,,
1373,Activity K,9.798182590890704
1373,,
1373,Activity I,9.980494888896912
1373,,
1373,Activity L,9.980494888896912
1373,,
1373,Activity F,10.268165387743457
1374,,
1374,Activity B,8.188966863648876
1374,,
1374,Activity D,9.287394001418473
1374,,
1374,Activity M,9.798182590890704
1374,,
1374,Activity G,9.798182590890704
1374,,
1374,Activity L,9.980494888896912
1374,,
1374,Activity I,9.980494888896912
1374,,
1374,Activity F,10.268165387743457
1375,,
1375,Activity B,8.188966863648876
1375,,
1375,Activity D,9.287394001418473
1375,,
1375,Activity G,9.798182590890704
1375,,
1375,Activity M,9.798182590890704
1375,,
1375,Activity I,9.980494888896912
1375,,
1375,Activity N,9.980494888896912
1375,,
1375,Activity F,10.268165387743457
1376,,
1376,Activity B,8.188966863648876
1376,,
1376,Activity D,9.287394001418473
1376,,
1376,Activity K,9.798182590890704
1376,,
1376,Activity M,9.798182590890704
1376,,
1376,Activity I,9.980494888896912
1376,,
1376,Activity N,9.980494888896912
1376,,
1376,Activity F,10.268165387743457
1377,,
1377,Activity B,8.188966863648876
1377,,
1377,Activity D,9.287394001418473
1377,,
1377,Activity G,9.798182590890704
1377,,
1377,Activity K,9.798182590890704
1377,,
1377,Activity I,9.980494888896912
1377,,
1377,Activity L,9.980494888896912
1377,,
1377,Activity F,10.268165387743457
1378,,
1378,Activity B,8.188966863648876
1378,,
1378,Activity D,9.287394001418473
1378,,
1378,Activity M,9.798182590890704
1378,,
1378,Activity K,9.798182590890704
1378,,
1378,Activity J,9.980494888896912
1378,,
1378,Activity L,9.980494888896912
1378,,
1378,Activity F,10.268165387743457
1379,,
1379,Activity B,8.188966863648876
1379,,
1379,Activity D,9.287394001418473
1379,,
1379,Activity G,9.798182590890704
1379,,
1379,Activity M,9.798182590890704
1379,,
1379,Activity I,9.980494888896912
1379,,
1379,Activity N,9.980494888896912
1379,,
1379,Activity F,10.268165387743457
1380,,
1380,Activity B,8.188966863648876
1380,,
1380,Activity D,9.287394001418473
1380,,
1380,Activity K,9.798182590890704
1380,,
1380,Activity M,9.798182590890704
1380,,
1380,Activity J,9.980494888896912
1380,,
1380,Activity N,9.980494888896912
1380,,
1380,Activity F,10.268165387743457
1381,,
1381,Activity B,8.188966863648876
1381,,
1381,Activity D,9.287394001418473
1381,,
1381,Activity G,9.798182590890704
1381,,
1381,Activity M,9.798182590890704
1381,,
1381,Activity J,9.980494888896912
1381,,
1381,Activity N,9.980494888896912
1381,,
1381,Activity F,10.268165387743457
1382,,
1382,Activity B,8.188966863648876
1382,,
1382,Activity D,9.287394001418473
1382,,
1382,Activity M,9.798182590890704
1382,,
1382,Activity K,9.798182590890704
1382,,
1382,Activity J,9.980494888896912
1382,,
1382,Activity L,9.980494888896912
1382,,
1382,Activity F,10.268165387743457
1383,,
1383,Activity B,8.188966863648876
1383,,
1383,Activity D,9.287394001418473
1383,,
1383,Activity M,9.798182590890704
1383,,
1383,Activity G,9.798182590890704
1383,,
1383,Activity L,9.980494888896912
1383,,
1383,Activity I,9.980494888896912
1383,,
1383,Activity F,10.268165387743457
1384,,
1384,Activity B,8.188966863648876
1384,,
1384,Activity D,9.287394001418473
1384,,
1384,Activity M,9.798182590890704
1384,,
1384,Activity G,9.798182590890704
1384,,
1384,Activity L,9.980494888896912
1384,,
1384,Activity J,9.980494888896912
1384,,
1384,Activity F,10.268165387743457
1385,,
1385,Activity B,8.188966863648876
1385,,
1385,Activity D,9.287394001418473
1385,,
1385,Activity G,9.798182590890704
1385,,
1385,Activity K,9.798182590890704
1385,,
1385,Activity I,9.980494888896912
1385,,
1385,Activity L,9.980494888896912
1385,,
1385,Activity F,10.268165387743457
1386,,
1386,Activity B,8.188966863648876
1386,,
1386,Activity D,9.287394001418473
1386,,
1386,Activity G,9.798182590890704
1386,,
1386,Activity K,9.798182590890704
1386,,
1386,Activity J,9.980494888896912
1386,,
1386,Activity L,9.980494888896912
1386,,
1386,Activity F,10.268165387743457
1387,,
1387,Activity B,8.188966863648876
1387,,
1387,Activity D,9.287394001418473
1387,,
1387,Activity K,9.798182590890704
1387,,
1387,Activity G,9.798182590890704
1387,,
1387,Activity N,9.980494888896912
1387,,
1387,Activity J,9.980494888896912
1387,,
1387,Activity F,10.268165387743457
1388,,
1388,Activity B,8.188966863648876
1388,,
1388,Activity D,9.287394001418473
1388,,
1388,Activity G,9.798182590890704
1388,,
1388,Activity K,9.798182590890704
1388,,
1388,Activity J,9.980494888896912
1388,,
1388,Activity L,9.980494888896912
1388,,
1388,Activity F,10.268165387743457
1389,,
1389,Activity B,8.188966863648876
1389,,
1389,Activity D,9.287394001418473
1389,,
1389,Activity G,9.798182590890704
1389,,
1389,Activity K,9.798182590890704
1389,,
1389,Activity J,9.980494888896912
1389,,
1389,Activity L,9.980494888896912
1389,,
1389,Activity F,10.268165387743457
1390,,
1390,Activity B,8.188966863648876
1390,,
1390,Activity D,9.287394001418473
1390,,
1390,Activity G,9.798182590890704
1390,,
1390,Activity M,9.798182590890704
1390,,
1390,Activity I,9.980494888896912
1390,,
1390,Activity N,9.980494888896912
1390,,
1390,Activity F,10.268165387743457
1391,,
1391,Activity B,8.188966863648876
1391,,
1391,Activity D,9.287394001418473
1391,,
1391,Activity K,9.798182590890704
1391,,
1391,Activity M,9.798182590890704
1391,,
1391,Activity I,9.980494888896912
1391,,
1391,Activity N,9.980494888896912
1391,,
1391,Activity F,10.268165387743457
1392,,
1392,Activity B,8.188966863648876
1392,,
1392,Activity D,9.287394001418473
1392,,
1392,Activity M,9.798182590890704
1392,,
1392,Activity K,9.798182590890704
1392,,
1392,Activity I,9.980494888896912
1392,,
1392,Activity L,9.980494888896912
1392,,
1392,Activity F,10.268165387743457
1393,,
1393,Activity B,8.188966863648876
1393,,
1393,Activity D,9.287394001418473
1393,,
1393,Activity G,9.798182590890704
1393,,
1393,Activity M,9.798182590890704
1393,,
1393,Activity J,9.980494888896912
1393,,
1393,Activity N,9.980494888896912
1393,,
1393,Activity F,10.268165387743457
1394,,
1394,Activity B,8.188966863648876
1394,,
1394,Activity D,9.287394001418473
1394,,
1394,Activity G,9.798182590890704
1394,,
1394,Activity K,9.798182590890704
1394,,
1394,Activity I,9.980494888896912
1394,,
1394,Activity L,9.980494888896912
1394,,
1394,Activity F,10.268165387743457
1395,,
1395,Activity B,8.188966863648876
1395,,
1395,Activity D,9.287394001418473
1395,,
1395,Activity K,9.798182590890704
1395,,
1395,Activity M,9.798182590890704
1395,,
1395,Activity I,9.980494888896912
1395,,
1395,Activity N,9.980494888896912
1395,,
1395,Activity F,10.268165387743457
1396,,
1396,Activity B,8.188966863648876
1396,,
1396,Activity D,9.287394001418473
1396,,
1396,Activity M,9.798182590890704
1396,,
1396,Activity K,9.798182590890704
1396,,
1396,Activity I,9.980494888896912
1396,,
1396,Activity L,9.980494888896912
1396,,
1396,Activity F,10.268165387743457
1397,,
1397,Activity B,8.188966863648876
1397,,
1397,Activity D,9.287394001418473
1397,,
1397,Activity G,9.798182590890704
1397,,
1397,Activity M,9.798182590890704
1397,,
1397,Activity I,9.980494888896912
1397,,
1397,Activity N,9.980494888896912
1397,,
1397,Activity F,10.268165387743457
1398,,
1398,Activity B,8.188966863648876
1398,,
1398,Activity D,9.287394001418473
1398,,
1398,Activity K,9.798182590890704
1398,,
1398,Activity G,9.798182590890704
1398,,
1398,Activity N,9.980494888896912
1398,,
1398,Activity J,9.980494888896912
1398,,
1398,Activity F,10.268165387743457
1399,,
1399,Activity B,8.188966863648876
1399,,
1399,Activity D,9.287394001418473
1399,,
1399,Activity M,9.798182590890704
1399,,
1399,Activity G,9.798182590890704
1399,,
1399,Activity L,9.980494888896912
1399,,
1399,Activity I,9.980494888896912
1399,,
1399,Activity F,10.268165387743457
1400,,
1400,Activity B,8.188966863648876
1400,,
1400,Activity D,9.287394001418473
1400,,
1400,Activity M,9.798182590890704
1400,,
1400,Activity G,9.798182590890704
1400,,
1400,Activity L,9.980494888896912
1400,,
1400,Activity I,9.980494888896912
1400,,
1400,Activity F,10.268165387743457
1401,,
1401,Activity B,8.188966863648876
1401,,
1401,Activity D,9.287394001418473
1401,,
1401,Activity G,9.798182590890704
1401,,
1401,Activity M,9.798182590890704
1401,,
1401,Activity J,9.980494888896912
1401,,
1401,Activity N,9.980494888896912
1401,,
1401,Activity F,10.268165387743457
1402,,
1402,Activity B,8.188966863648876
1402,,
1402,Activity D,9.287394001418473
1402,,
1402,Activity M,9.798182590890704
1402,,
1402,Activity G,9.798182590890704
1402,,
1402,Activity L,9.980494888896912
1402,,
1402,Activity J,9.980494888896912
1402,,
1402,Activity F,10.268165387743457
1403,,
1403,Activity B,8.188966863648876
1403,,
1403,Activity D,9.287394001418473
1403,,
1403,Activity G,9.798182590890704
1403,,
1403,Activity K,9.798182590890704
1403,,
1403,Activity I,9.980494888896912
1403,,
1403,Activity L,9.980494888896912
1403,,
1403,Activity F,10.268165387743457
1404,,
1404,Activity B,8.188966863648876
1404,,
1404,Activity D,9.287394001418473
1404,,
1404,Activity K,9.798182590890704
1404,,
1404,Activity G,9.798182590890704
1404,,
1404,Activity N,9.980494888896912
1404,,
1404,Activity J,9.980494888896912
1404,,
1404,Activity F,10.268165387743457
1405,,
1405,Activity B,8.188966863648876
1405,,
1405,Activity D,9.287394001418473
1405,,
1405,Activity K,9.798182590890704
1405,,
1405,Activity G,9.798182590890704
1405,,
1405,Activity N,9.980494888896912
1405,,
1405,Activity J,9.980494888896912
1405,,
1405,Activity F,10.268165387743457
1406,,
1406,Activity B,8.188966863648876
1406,,
1406,Activity D,9.287394001418473
1406,,
1406,Activity G,9.798182590890704
1406,,
1406,Activity M,9.798182590890704
1406,,
1406,Activity I,9.980494888896912
1406,,
1406,Activity N,9.980494888896912
1406,,
1406,Activity F,10.268165387743457
1407,,
1407,Activity B,8.188966863648876
1407,,
1407,Activity D,9.287394001418473
1407,,
1407,Activity M,9.798182590890704
1407,,
1407,Activity K,9.798182590890704
1407,,
1407,Activity J,9.980494888896912
1407,,
1407,Activity L,9.980494888896912
1407,,
1407,Activity F,10.268165387743457
1408,,
1408,Activity B,8.188966863648876
1408,,
1408,Activity D,9.287394001418473
1408,,
1408,Activity M,9.798182590890704
1408,,
1408,Activity K,9.798182590890704
1408,,
1408,Activity I,9.980494888896912
1408,,
1408,Activity L,9.980494888896912
1408,,
1408,Activity F,10.268165387743457
1409,,
1409,Activity B,8.188966863648876
1409,,
1409,Activity D,9.287394001418473
1409,,
1409,Activity M,9.798182590890704
1409,,
1409,Activity K,9.798182590890704
1409,,
1409,Activity I,9.980494888896912
1409,,
1409,Activity L,9.980494888896912
1409,,
1409,Activity F,10.268165387743457
1410,,
1410,Activity B,8.188966863648876
1410,,
1410,Activity D,9.287394001418473
1410,,
1410,Activity M,9.798182590890704
1410,,
1410,Activity K,9.798182590890704
1410,,
1410,Activity I,9.980494888896912
1410,,
1410,Activity L,9.980494888896912
1410,,
1410,Activity F,10.268165387743457
1411,,
1411,Activity B,8.188966863648876
1411,,
1411,Activity D,9.287394001418473
1411,,
1411,Activity M,9.798182590890704
1411,,
1411,Activity G,9.798182590890704
1411,,
1411,Activity L,9.980494888896912
1411,,
1411,Activity I,9.980494888896912
1411,,
1411,Activity F,10.268165387743457
1412,,
1412,Activity B,8.188966863648876
1412,,
1412,Activity D,9.287394001418473
1412,,
1412,Activity G,9.798182590890704
1412,,
1412,Activity M,9.798182590890704
1412,,
1412,Activity I,9.980494888896912
1412,,
1412,Activity N,9.980494888896912
1412,,
1412,Activity F,10.268165387743457
1413,,
1413,Activity B,8.188966863648876
1413,,
1413,Activity D,9.287394001418473
1413,,
1413,Activity M,9.798182590890704
1413,,
1413,Activity K,9.798182590890704
1413,,
1413,Activity I,9.980494888896912
1413,,
1413,Activity L,9.980494888896912
1413,,
1413,Activity F,10.268165387743457
1414,,
1414,Activity B,8.188966863648876
1414,,
1414,Activity D,9.287394001418473
1414,,
1414,Activity K,9.798182590890704
1414,,
1414,Activity M,9.798182590890704
1414,,
1414,Activity I,9.980494888896912
1414,,
1414,Activity N,9.980494888896912
1414,,
1414,Activity F,10.268165387743457
1415,,
1415,Activity B,8.188966863648876
1415,,
1415,Activity D,9.287394001418473
1415,,
1415,Activity M,9.798182590890704
1415,,
1415,Activity K,9.798182590890704
1415,,
1415,Activity J,9.980494888896912
1415,,
1415,Activity L,9.980494888896912
1415,,
1415,Activity F,10.268165387743457
1416,,
1416,Activity B,8.188966863648876
1416,,
1416,Activity D,9.287394001418473
1416,,
1416,Activity K,9.798182590890704
1416,,
1416,Activity G,9.798182590890704
1416,,
1416,Activity N,9.980494888896912
1416,,
1416,Activity I,9.980494888896912
1416,,
1416,Activity F,10.268165387743457
1417,,
1417,Activity B,8.188966863648876
1417,,
1417,Activity D,9.287394001418473
1417,,
1417,Activity M,9.798182590890704
1417,,
1417,Activity K,9.798182590890704
1417,,
1417,Activity J,9.980494888896912
1417,,
1417,Activity L,9.980494888896912
1417,,
1417,Activity F,10.268165387743457
1418,,
1418,Activity B,8.188966863648876
1418,,
1418,Activity D,9.287394001418473
1418,,
1418,Activity K,9.798182590890704
1418,,
1418,Activity G,9.798182590890704
1418,,
1418,Activity N,9.980494888896912
1418,,
1418,Activity J,9.980494888896912
1418,,
1418,Activity F,10.268165387743457
1419,,
1419,Activity B,8.188966863648876
1419,,
1419,Activity D,9.287394001418473
1419,,
1419,Activity G,9.798182590890704
1419,,
1419,Activity M,9.798182590890704
1419,,
1419,Activity I,9.980494888896912
1419,,
1419,Activity N,9.980494888896912
1419,,
1419,Activity F,10.268165387743457
1420,,
1420,Activity B,8.188966863648876
1420,,
1420,Activity D,9.287394001418473
1420,,
1420,Activity G,9.798182590890704
1420,,
1420,Activity K,9.798182590890704
1420,,
1420,Activity I,9.980494888896912
1420,,
1420,Activity L,9.980494888896912
1420,,
1420,Activity F,10.268165387743457
1421,,
1421,Activity B,8.188966863648876
1421,,
1421,Activity D,9.287394001418473
1421,,
1421,Activity K,9.798182590890704
1421,,
1421,Activity G,9.798182590890704
1421,,
1421,Activity N,9.980494888896912
1421,,
1421,Activity J,9.980494888896912
1421,,
1421,Activity F,10.268165387743457
1422,,
1422,Activity B,8.188966863648876
1422,,
1422,Activity D,9.287394001418473
1422,,
1422,Activity G,9.798182590890704
1422,,
1422,Activity M,9.798182590890704
1422,,
1422,Activity I,9.980494888896912
1422,,
1422,Activity N,9.980494888896912
1422,,
1422,Activity F,10.268165387743457
1423,,
1423,Activity B,8.188966863648876
1423,,
1423,Activity D,9.287394001418473
1423,,
1423,Activity K,9.798182590890704
1423,,
1423,Activity G,9.798182590890704
1423,,
1423,Activity N,9.980494888896912
1423,,
1423,Activity I,9.980494888896912
1423,,
1423,Activity F,10.268165387743457
1424,,
1424,Activity B,8.188966863648876
1424,,
1424,Activity D,9.287394001418473
1424,,
1424,Activity G,9.798182590890704
1424,,
1424,Activity M,9.798182590890704
1424,,
1424,Activity J,9.980494888896912
1424,,
1424,Activity N,9.980494888896912
1424,,
1424,Activity F,10.268165387743457
1425,,
1425,Activity B,8.188966863648876
1425,,
1425,Activity D,9.287394001418473
1425,,
1425,Activity M,9.798182590890704
1425,,
1425,Activity K,9.798182590890704
1425,,
1425,Activity J,9.980494888896912
1425,,
1425,Activity L,9.980494888896912
1425,,
1425,Activity F,10.268165387743457
1426,,
1426,Activity B,8.188966863648876
1426,,
1426,Activity D,9.287394001418473
1426,,
1426,Activity K,9.798182590890704
1426,,
1426,Activity G,9.798182590890704
1426,,
1426,Activity N,9.980494888896912
1426,,
1426,Activity J,9.980494888896912
1426,,
1426,Activity F,10.268165387743457
1427,,
1427,Activity B,8.188966863648876
1427,,
1427,Activity D,9.287394001418473
1427,,
1427,Activity G,9.798182590890704
1427,,
1427,Activity M,9.798182590890704
1427,,
1427,Activity J,9.980494888896912
1427,,
1427,Activity N,9.980494888896912
1427,,
1427,Activity F,10.268165387743457
1428,,
1428,Activity B,8.188966863648876
1428,,
1428,Activity D,9.287394001418473
1428,,
1428,Activity G,9.798182590890704
1428,,
1428,Activity K,9.798182590890704
1428,,
1428,Activity I,9.980494888896912
1428,,
1428,Activity L,9.980494888896912
1428,,
1428,Activity F,10.268165387743457
1429,,
1429,Activity B,8.188966863648876
1429,,
1429,Activity D,9.287394001418473
1429,,
1429,Activity M,9.798182590890704
1429,,
1429,Activity G,9.798182590890704
1429,,
1429,Activity L,9.980494888896912
1429,,
1429,Activity J,9.980494888896912
1429,,
1429,Activity F,10.268165387743457
1430,,
1430,Activity B,8.188966863648876
1430,,
1430,Activity D,9.287394001418473
1430,,
1430,Activity M,9.798182590890704
1430,,
1430,Activity K,9.798182590890704
1430,,
1430,Activity I,9.980494888896912
1430,,
1430,Activity L,9.980494888896912
1430,,
1430,Activity F,10.268165387743457
1431,,
1431,Activity B,8.188966863648876
1431,,
1431,Activity D,9.287394001418473
1431,,
1431,Activity K,9.798182590890704
1431,,
1431,Activity G,9.798182590890704
1431,,
1431,Activity N,9.980494888896912
1431,,
1431,Activity I,9.980494888896912
1431,,
1431,Activity F,10.268165387743457
1432,,
1432,Activity B,8.188966863648876
1432,,
1432,Activity D,9.287394001418473
1432,,
1432,Activity K,9.798182590890704
1432,,
1432,Activity M,9.798182590890704
1432,,
1432,Activity I,9.980494888896912
1432,,
1432,Activity N,9.980494888896912
1432,,
1432,Activity F,10.268165387743457
1433,,
1433,Activity B,8.188966863648876
1433,,
1433,Activity D,9.287394001418473
1433,,
1433,Activity G,9.798182590890704
1433,,
1433,Activity K,9.798182590890704
1433,,
1433,Activity I,9.980494888896912
1433,,
1433,Activity L,9.980494888896912
1433,,
1433,Activity F,10.268165387743457
1434,,
1434,Activity B,8.188966863648876
1434,,
1434,Activity D,9.287394001418473
1434,,
1434,Activity M,9.798182590890704
1434,,
1434,Activity K,9.798182590890704
1434,,
1434,Activity J,9.980494888896912
1434,,
1434,Activity L,9.980494888896912
1434,,
1434,Activity F,10.268165387743457
1435,,
1435,Activity B,8.188966863648876
1435,,
1435,Activity D,9.287394001418473
1435,,
1435,Activity G,9.798182590890704
1435,,
1435,Activity K,9.798182590890704
1435,,
1435,Activity J,9.980494888896912
1435,,
1435,Activity L,9.980494888896912
1435,,
1435,Activity F,10.268165387743457
1436,,
1436,Activity B,8.188966863648876
1436,,
1436,Activity D,9.287394001418473
1436,,
1436,Activity K,9.798182590890704
1436,,
1436,Activity M,9.798182590890704
1436,,
1436,Activity I,9.980494888896912
1436,,
1436,Activity N,9.980494888896912
1436,,
1436,Activity F,10.268165387743457
1437,,
1437,Activity B,8.188966863648876
1437,,
1437,Activity D,9.287394001418473
1437,,
1437,Activity M,9.798182590890704
1437,,
1437,Activity G,9.798182590890704
1437,,
1437,Activity L,9.980494888896912
1437,,
1437,Activity J,9.980494888896912
1437,,
1437,Activity F,10.268165387743457
1438,,
1438,Activity B,8.188966863648876
1438,,
1438,Activity D,9.287394001418473
1438,,
1438,Activity G,9.798182590890704
1438,,
1438,Activity M,9.798182590890704
1438,,
1438,Activity I,9.980494888896912
1438,,
1438,Activity N,9.980494888896912
1438,,
1438,Activity F,10.268165387743457
1439,,
1439,Activity B,8.188966863648876
1439,,
1439,Activity D,9.287394001418473
1439,,
1439,Activity M,9.798182590890704
1439,,
1439,Activity G,9.798182590890704
1439,,
1439,Activity L,9.980494888896912
1439,,
1439,Activity I,9.980494888896912
1439,,
1439,Activity F,10.268165387743457
1440,,
1440,Activity B,8.188966863648876
1440,,
1440,Activity D,9.287394001418473
1440,,
1440,Activity G,9.798182590890704
1440,,
1440,Activity M,9.798182590890704
1440,,
1440,Activity J,9.980494888896912
1440,,
1440,Activity N,9.980494888896912
1440,,
1440,Activity F,10.268165387743457
1441,,
1441,Activity B,8.188966863648876
1441,,
1441,Activity D,9.287394001418473
1441,,
1441,Activity G,9.798182590890704
1441,,
1441,Activity M,9.798182590890704
1441,,
1441,Activity J,9.980494888896912
1441,,
1441,Activity N,9.980494888896912
1441,,
1441,Activity F,10.268165387743457
1442,,
1442,Activity B,8.188966863648876
1442,,
1442,Activity D,9.287394001418473
1442,,
1442,Activity G,9.798182590890704
1442,,
1442,Activity M,9.798182590890704
1442,,
1442,Activity J,9.980494888896912
1442,,
1442,Activity N,9.980494888896912
1442,,
1442,Activity F,10.268165387743457
1443,,
1443,Activity B,8.188966863648876
1443,,
1443,Activity D,9.287394001418473
1443,,
1443,Activity G,9.798182590890704
1443,,
1443,Activity K,9.798182590890704
1443,,
1443,Activity I,9.980494888896912
1443,,
1443,Activity L,9.980494888896912
1443,,
1443,Activity F,10.268165387743457
1444,,
1444,Activity B,8.188966863648876
1444,,
1444,Activity D,9.287394001418473
1444,,
1444,Activity G,9.798182590890704
1444,,
1444,Activity M,9.798182590890704
1444,,
1444,Activity J,9.980494888896912
1444,,
1444,Activity N,9.980494888896912
1444,,
1444,Activity F,10.268165387743457
1445,,
1445,Activity B,8.188966863648876
1445,,
1445,Activity D,9.287394001418473
1445,,
1445,Activity G,9.798182590890704
1445,,
1445,Activity K,9.798182590890704
1445,,
1445,Activity J,9.980494888896912
1445,,
1445,Activity L,9.980494888896912
1445,,
1445,Activity F,10.268165387743457
1446,,
1446,Activity B,8.188966863648876
1446,,
1446,Activity D,9.287394001418473
1446,,
1446,Activity M,9.798182590890704
1446,,
1446,Activity K,9.798182590890704
1446,,
1446,Activity J,9.980494888896912
1446,,
1446,Activity L,9.980494888896912
1446,,
1446,Activity F,10.268165387743457
1447,,
1447,Activity B,8.188966863648876
1447,,
1447,Activity D,9.287394001418473
1447,,
1447,Activity G,9.798182590890704
1447,,
1447,Activity M,9.798182590890704
1447,,
1447,Activity I,9.980494888896912
1447,,
1447,Activity N,9.980494888896912
1447,,
1447,Activity F,10.268165387743457
1448,,
1448,Activity B,8.188966863648876
1448,,
1448,Activity D,9.287394001418473
1448,,
1448,Activity M,9.798182590890704
1448,,
1448,Activity G,9.798182590890704
1448,,
1448,Activity L,9.980494888896912
1448,,
1448,Activity J,9.980494888896912
1448,,
1448,Activity F,10.268165387743457
1449,,
1449,Activity B,8.188966863648876
1449,,
1449,Activity D,9.287394001418473
1449,,
1449,Activity K,9.798182590890704
1449,,
1449,Activity G,9.798182590890704
1449,,
1449,Activity N,9.980494888896912
1449,,
1449,Activity J,9.980494888896912
1449,,
1449,Activity F,10.268165387743457
1450,,
1450,Activity B,8.188966863648876
1450,,
1450,Activity D,9.287394001418473
1450,,
1450,Activity G,9.798182590890704
1450,,
1450,Activity M,9.798182590890704
1450,,
1450,Activity I,9.980494888896912
1450,,
1450,Activity N,9.980494888896912
1450,,
1450,Activity F,10.268165387743457
1451,,
1451,Activity B,8.188966863648876
1451,,
1451,Activity D,9.287394001418473
1451,,
1451,Activity M,9.798182590890704
1451,,
1451,Activity K,9.798182590890704
1451,,
1451,Activity I,9.980494888896912
1451,,
1451,Activity L,9.980494888896912
1451,,
1451,Activity F,10.268165387743457
1452,,
1452,Activity B,8.188966863648876
1452,,
1452,Activity D,9.287394001418473
1452,,
1452,Activity K,9.798182590890704
1452,,
1452,Activity G,9.798182590890704
1452,,
1452,Activity N,9.980494888896912
1452,,
1452,Activity I,9.980494888896912
1452,,
1452,Activity F,10.268165387743457
1453,,
1453,Activity B,8.188966863648876
1453,,
1453,Activity D,9.287394001418473
1453,,
1453,Activity M,9.798182590890704
1453,,
1453,Activity K,9.798182590890704
1453,,
1453,Activity I,9.980494888896912
1453,,
1453,Activity L,9.980494888896912
1453,,
1453,Activity F,10.268165387743457
1454,,
1454,Activity B,8.188966863648876
1454,,
1454,Activity D,9.287394001418473
1454,,
1454,Activity K,9.798182590890704
1454,,
1454,Activity G,9.798182590890704
1454,,
1454,Activity N,9.980494888896912
1454,,
1454,Activity J,9.980494888896912
1454,,
1454,Activity F,10.268165387743457
1455,,
1455,Activity B,8.188966863648876
1455,,
1455,Activity D,9.287394001418473
1455,,
1455,Activity K,9.798182590890704
1455,,
1455,Activity G,9.798182590890704
1455,,
1455,Activity N,9.980494888896912
1455,,
1455,Activity J,9.980494888896912
1455,,
1455,Activity F,10.268165387743457
1456,,
1456,Activity B,8.188966863648876
1456,,
1456,Activity D,9.287394001418473
1456,,
1456,Activity K,9.798182590890704
1456,,
1456,Activity G,9.798182590890704
1456,,
1456,Activity N,9.980494888896912
1456,,
1456,Activity I,9.980494888896912
1456,,
1456,Activity F,10.268165387743457
1457,,
1457,Activity B,8.188966863648876
1457,,
1457,Activity D,9.287394001418473
1457,,
1457,Activity G,9.798182590890704
1457,,
1457,Activity M,9.798182590890704
1457,,
1457,Activity J,9.980494888896912
1457,,
1457,Activity N,9.980494888896912
1457,,
1457,Activity F,10.268165387743457
1458,,
1458,Activity B,8.188966863648876
1458,,
1458,Activity D,9.287394001418473
1458,,
1458,Activity G,9.798182590890704
1458,,
1458,Activity M,9.798182590890704
1458,,
1458,Activity I,9.980494888896912
1458,,
1458,Activity N,9.980494888896912
1458,,
1458,Activity F,10.268165387743457
1459,,
1459,Activity B,8.188966863648876
1459,,
1459,Activity D,9.287394001418473
1459,,
1459,Activity M,9.798182590890704
1459,,
1459,Activity K,9.798182590890704
1459,,
1459,Activity I,9.980494888896912
1459,,
1459,Activity L,9.980494888896912
1459,,
1459,Activity F,10.268165387743457
1460,,
1460,Activity B,8.188966863648876
1460,,
1460,Activity D,9.287394001418473
1460,,
1460,Activity K,9.798182590890704
1460,,
1460,Activity G,9.798182590890704
1460,,
1460,Activity N,9.980494888896912
1460,,
1460,Activity J,9.980494888896912
1460,,
1460,Activity F,10.268165387743457
1461,,
1461,Activity B,8.188966863648876
1461,,
1461,Activity D,9.287394001418473
1461,,
1461,Activity K,9.798182590890704
1461,,
1461,Activity M,9.798182590890704
1461,,
1461,Activity J,9.980494888896912
1461,,
1461,Activity N,9.980494888896912
1461,,
1461,Activity F,10.268165387743457
1462,,
1462,Activity B,8.188966863648876
1462,,
1462,Activity D,9.287394001418473
1462,,
1462,Activity G,9.798182590890704
1462,,
1462,Activity K,9.798182590890704
1462,,
1462,Activity I,9.980494888896912
1462,,
1462,Activity L,9.980494888896912
1462,,
1462,Activity F,10.268165387743457
1463,,
1463,Activity B,8.188966863648876
1463,,
1463,Activity D,9.287394001418473
1463,,
1463,Activity M,9.798182590890704
1463,,
1463,Activity G,9.798182590890704
1463,,
1463,Activity L,9.980494888896912
1463,,
1463,Activity I,9.980494888896912
1463,,
1463,Activity F,10.268165387743457
1464,,
1464,Activity B,8.188966863648876
1464,,
1464,Activity D,9.287394001418473
1464,,
1464,Activity K,9.798182590890704
1464,,
1464,Activity G,9.798182590890704
1464,,
1464,Activity N,9.980494888896912
1464,,
1464,Activity I,9.980494888896912
1464,,
1464,Activity F,10.268165387743457
1465,,
1465,Activity B,8.188966863648876
1465,,
1465,Activity D,9.287394001418473
1465,,
1465,Activity M,9.798182590890704
1465,,
1465,Activity K,9.798182590890704
1465,,
1465,Activity J,9.980494888896912
1465,,
1465,Activity L,9.980494888896912
1465,,
1465,Activity F,10.268165387743457
1466,,
1466,Activity B,8.188966863648876
1466,,
1466,Activity D,9.287394001418473
1466,,
1466,Activity M,9.798182590890704
1466,,
1466,Activity G,9.798182590890704
1466,,
1466,Activity L,9.980494888896912
1466,,
1466,Activity I,9.980494888896912
1466,,
1466,Activity F,10.268165387743457
1467,,
1467,Activity B,8.188966863648876
1467,,
1467,Activity D,9.287394001418473
1467,,
1467,Activity K,9.798182590890704
1467,,
1467,Activity M,9.798182590890704
1467,,
1467,Activity J,9.980494888896912
1467,,
1467,Activity N,9.980494888896912
1467,,
1467,Activity F,10.268165387743457
1468,,
1468,Activity B,8.188966863648876
1468,,
1468,Activity D,9.287394001418473
1468,,
1468,Activity K,9.798182590890704
1468,,
1468,Activity G,9.798182590890704
1468,,
1468,Activity N,9.980494888896912
1468,,
1468,Activity J,9.980494888896912
1468,,
1468,Activity F,10.268165387743457
1469,,
1469,Activity B,8.188966863648876
1469,,
1469,Activity D,9.287394001418473
1469,,
1469,Activity M,9.798182590890704
1469,,
1469,Activity K,9.798182590890704
1469,,
1469,Activity J,9.980494888896912
1469,,
1469,Activity L,9.980494888896912
1469,,
1469,Activity F,10.268165387743457
1470,,
1470,Activity B,8.188966863648876
1470,,
1470,Activity D,9.287394001418473
1470,,
1470,Activity G,9.798182590890704
1470,,
1470,Activity K,9.798182590890704
1470,,
1470,Activity I,9.980494888896912
1470,,
1470,Activity L,9.980494888896912
1470,,
1470,Activity F,10.268165387743457
1471,,
1471,Activity B,8.188966863648876
1471,,
1471,Activity D,9.287394001418473
1471,,
1471,Activity G,9.798182590890704
1471,,
1471,Activity K,9.798182590890704
1471,,
1471,Activity I,9.980494888896912
1471,,
1471,Activity L,9.980494888896912
1471,,
1471,Activity F,10.268165387743457
1472,,
1472,Activity B,8.188966863648876
1472,,
1472,Activity D,9.287394001418473
1472,,
1472,Activity M,9.798182590890704
1472,,
1472,Activity G,9.798182590890704
1472,,
1472,Activity L,9.980494888896912
1472,,
1472,Activity J,9.980494888896912
1472,,
1472,Activity F,10.268165387743457
1473,,
1473,Activity B,8.188966863648876
1473,,
1473,Activity D,9.287394001418473
1473,,
1473,Activity K,9.798182590890704
1473,,
1473,Activity G,9.798182590890704
1473,,
1473,Activity N,9.980494888896912
1473,,
1473,Activity I,9.980494888896912
1473,,
1473,Activity F,10.268165387743457
1474,,
1474,Activity B,8.188966863648876
1474,,
1474,Activity D,9.287394001418473
1474,,
1474,Activity G,9.798182590890704
1474,,
1474,Activity M,9.798182590890704
1474,,
1474,Activity J,9.980494888896912
1474,,
1474,Activity N,9.980494888896912
1474,,
1474,Activity F,10.268165387743457
1475,,
1475,Activity B,8.188966863648876
1475,,
1475,Activity D,9.287394001418473
1475,,
1475,Activity M,9.798182590890704
1475,,
1475,Activity K,9.798182590890704
1475,,
1475,Activity I,9.980494888896912
1475,,
1475,Activity L,9.980494888896912
1475,,
1475,Activity F,10.268165387743457
1476,,
1476,Activity B,8.188966863648876
1476,,
1476,Activity D,9.287394001418473
1476,,
1476,Activity K,9.798182590890704
1476,,
1476,Activity M,9.798182590890704
1476,,
1476,Activity I,9.980494888896912
1476,,
1476,Activity N,9.980494888896912
1476,,
1476,Activity F,10.268165387743457
1477,,
1477,Activity B,8.188966863648876
1477,,
1477,Activity D,9.287394001418473
1477,,
1477,Activity G,9.798182590890704
1477,,
1477,Activity K,9.798182590890704
1477,,
1477,Activity J,9.980494888896912
1477,,
1477,Activity L,9.980494888896912
1477,,
1477,Activity F,10.268165387743457
1478,,
1478,Activity B,8.188966863648876
1478,,
1478,Activity D,9.287394001418473
1478,,
1478,Activity K,9.798182590890704
1478,,
1478,Activity G,9.798182590890704
1478,,
1478,Activity N,9.980494888896912
1478,,
1478,Activity J,9.980494888896912
1478,,
1478,Activity F,10.268165387743457
1479,,
1479,Activity B,8.188966863648876
1479,,
1479,Activity D,9.287394001418473
1479,,
1479,Activity K,9.798182590890704
1479,,
1479,Activity G,9.798182590890704
1479,,
1479,Activity N,9.980494888896912
1479,,
1479,Activity I,9.980494888896912
1479,,
1479,Activity F,10.268165387743457
1480,,
1480,Activity B,8.188966863648876
1480,,
1480,Activity D,9.287394001418473
1480,,
1480,Activity G,9.798182590890704
1480,,
1480,Activity K,9.798182590890704
1480,,
1480,Activity I,9.980494888896912
1480,,
1480,Activity L,9.980494888896912
1480,,
1480,Activity F,10.268165387743457
1481,,
1481,Activity B,8.188966863648876
1481,,
1481,Activity D,9.287394001418473
1481,,
1481,Activity K,9.798182590890704
1481,,
1481,Activity G,9.798182590890704
1481,,
1481,Activity N,9.980494888896912
1481,,
1481,Activity I,9.980494888896912
1481,,
1481,Activity F,10.268165387743457
1482,,
1482,Activity B,8.188966863648876
1482,,
1482,Activity D,9.287394001418473
1482,,
1482,Activity M,9.798182590890704
1482,,
1482,Activity G,9.798182590890704
1482,,
1482,Activity L,9.980494888896912
1482,,
1482,Activity J,9.980494888896912
1482,,
1482,Activity F,10.268165387743457
1483,,
1483,Activity B,8.188966863648876
1483,,
1483,Activity D,9.287394001418473
1483,,
1483,Activity K,9.798182590890704
1483,,
1483,Activity M,9.798182590890704
1483,,
1483,Activity I,9.980494888896912
1483,,
1483,Activity N,9.980494888896912
1483,,
1483,Activity F,10.268165387743457
1484,,
1484,Activity B,8.188966863648876
1484,,
1484,Activity D,9.287394001418473
1484,,
1484,Activity K,9.798182590890704
1484,,
1484,Activity M,9.798182590890704
1484,,
1484,Activity I,9.980494888896912
1484,,
1484,Activity N,9.980494888896912
1484,,
1484,Activity F,10.268165387743457
1485,,
1485,Activity B,8.188966863648876
1485,,
1485,Activity D,9.287394001418473
1485,,
1485,Activity K,9.798182590890704
1485,,
1485,Activity G,9.798182590890704
1485,,
1485,Activity N,9.980494888896912
1485,,
1485,Activity J,9.980494888896912
1485,,
1485,Activity F,10.268165387743457
1486,,
1486,Activity B,8.188966863648876
1486,,
1486,Activity D,9.287394001418473
1486,,
1486,Activity G,9.798182590890704
1486,,
1486,Activity K,9.798182590890704
1486,,
1486,Activity J,9.980494888896912
1486,,
1486,Activity L,9.980494888896912
1486,,
1486,Activity F,10.268165387743457
1487,,
1487,Activity B,8.188966863648876
1487,,
1487,Activity D,9.287394001418473
1487,,
1487,Activity G,9.798182590890704
1487,,
1487,Activity K,9.798182590890704
1487,,
1487,Activity I,9.980494888896912
1487,,
1487,Activity L,9.980494888896912
1487,,
1487,Activity F,10.268165387743457
1488,,
1488,Activity B,8.188966863648876
1488,,
1488,Activity D,9.287394001418473
1488,,
1488,Activity M,9.798182590890704
1488,,
1488,Activity G,9.798182590890704
1488,,
1488,Activity L,9.980494888896912
1488,,
1488,Activity I,9.980494888896912
1488,,
1488,Activity F,10.268165387743457
1489,,
1489,Activity B,8.188966863648876
1489,,
1489,Activity D,9.287394001418473
1489,,
1489,Activity M,9.798182590890704
1489,,
1489,Activity K,9.798182590890704
1489,,
1489,Activity I,9.980494888896912
1489,,
1489,Activity L,9.980494888896912
1489,,
1489,Activity F,10.268165387743457
1490,,
1490,Activity B,8.188966863648876
1490,,
1490,Activity D,9.287394001418473
1490,,
1490,Activity G,9.798182590890704
1490,,
1490,Activity K,9.798182590890704
1490,,
1490,Activity I,9.980494888896912
1490,,
1490,Activity L,9.980494888896912
1490,,
1490,Activity F,10.268165387743457
1491,,
1491,Activity B,8.188966863648876
1491,,
1491,Activity D,9.287394001418473
1491,,
1491,Activity G,9.798182590890704
1491,,
1491,Activity M,9.798182590890704
1491,,
1491,Activity I,9.980494888896912
1491,,
1491,Activity N,9.980494888896912
1491,,
1491,Activity F,10.268165387743457
1492,,
1492,Activity B,8.188966863648876
1492,,
1492,Activity D,9.287394001418473
1492,,
1492,Activity M,9.798182590890704
1492,,
1492,Activity K,9.798182590890704
1492,,
1492,Activity I,9.980494888896912
1492,,
1492,Activity L,9.980494888896912
1492,,
1492,Activity F,10.268165387743457
1493,,
1493,Activity B,8.188966863648876
1493,,
1493,Activity D,9.287394001418473
1493,,
1493,Activity M,9.798182590890704
1493,,
1493,Activity K,9.798182590890704
1493,,
1493,Activity J,9.980494888896912
1493,,
1493,Activity L,9.980494888896912
1493,,
1493,Activity F,10.268165387743457
1494,,
1494,Activity B,8.188966863648876
1494,,
1494,Activity D,9.287394001418473
1494,,
1494,Activity K,9.798182590890704
1494,,
1494,Activity G,9.798182590890704
1494,,
1494,Activity N,9.980494888896912
1494,,
1494,Activity J,9.980494888896912
1494,,
1494,Activity F,10.268165387743457
1495,,
1495,Activity B,8.188966863648876
1495,,
1495,Activity D,9.287394001418473
1495,,
1495,Activity M,9.798182590890704
1495,,
1495,Activity K,9.798182590890704
1495,,
1495,Activity J,9.980494888896912
1495,,
1495,Activity L,9.980494888896912
1495,,
1495,Activity F,10.268165387743457
1496,,
1496,Activity B,8.188966863648876
1496,,
1496,Activity D,9.287394001418473
1496,,
1496,Activity M,9.798182590890704
1496,,
1496,Activity G,9.798182590890704
1496,,
1496,Activity L,9.980494888896912
1496,,
1496,Activity J,9.980494888896912
1496,,
1496,Activity F,10.268165387743457
1497,,
1497,Activity B,8.188966863648876
1497,,
1497,Activity D,9.287394001418473
1497,,
1497,Activity M,9.798182590890704
1497,,
1497,Activity K,9.798182590890704
1497,,
1497,Activity J,9.980494888896912
1497,,
1497,Activity L,9.980494888896912
1497,,
1497,Activity F,10.268165387743457
1498,,
1498,Activity B,8.188966863648876
1498,,
1498,Activity D,9.287394001418473
1498,,
1498,Activity M,9.798182590890704
1498,,
1498,Activity K,9.798182590890704
1498,,
1498,Activity I,9.980494888896912
1498,,
1498,Activity L,9.980494888896912
1498,,
1498,Activity F,10.268165387743457
1499,,
1499,Activity B,8.188966863648876
1499,,
1499,Activity D,9.287394001418473
1499,,
1499,Activity G,9.798182590890704
1499,,
1499,Activity M,9.798182590890704
1499,,
1499,Activity I,9.980494888896912
1499,,
1499,Activity N,9.980494888896912
1499,,
1499,Activity F,10.268165387743457
1500,,
1500,Activity B,8.188966863648876
1500,,
1500,Activity D,9.287394001418473
1500,,
1500,Activity M,9.798182590890704
1500,,
1500,Activity G,9.798182590890704
1500,,
1500,Activity L,9.980494888896912
1500,,
1500,Activity I,9.980494888896912
1500,,
1500,Activity F,10.268165387743457
1501,,
1501,Activity B,8.188966863648876
1501,,
1501,Activity D,9.287394001418473
1501,,
1501,Activity G,9.798182590890704
1501,,
1501,Activity M,9.798182590890704
1501,,
1501,Activity I,9.980494888896912
1501,,
1501,Activity N,9.980494888896912
1501,,
1501,Activity F,10.268165387743457
1502,,
1502,Activity B,8.188966863648876
1502,,
1502,Activity D,9.287394001418473
1502,,
1502,Activity G,9.798182590890704
1502,,
1502,Activity M,9.798182590890704
1502,,
1502,Activity I,9.980494888896912
1502,,
1502,Activity N,9.980494888896912
1502,,
1502,Activity F,10.268165387743457
1503,,
1503,Activity B,8.188966863648876
1503,,
1503,Activity D,9.287394001418473
1503,,
1503,Activity M,9.798182590890704
1503,,
1503,Activity K,9.798182590890704
1503,,
1503,Activity J,9.980494888896912
1503,,
1503,Activity L,9.980494888896912
1503,,
1503,Activity F,10.268165387743457
1504,,
1504,Activity B,8.188966863648876
1504,,
1504,Activity D,9.287394001418473
1504,,
1504,Activity G,9.798182590890704
1504,,
1504,Activity K,9.798182590890704
1504,,
1504,Activity J,9.980494888896912
1504,,
1504,Activity L,9.980494888896912
1504,,
1504,Activity F,10.268165387743457
1505,,
1505,Activity B,8.188966863648876
1505,,
1505,Activity D,9.287394001418473
1505,,
1505,Activity K,9.798182590890704
1505,,
1505,Activity M,9.798182590890704
1505,,
1505,Activity I,9.980494888896912
1505,,
1505,Activity N,9.980494888896912
1505,,
1505,Activity F,10.268165387743457
1506,,
1506,Activity B,8.188966863648876
1506,,
1506,Activity D,9.287394001418473
1506,,
1506,Activity K,9.798182590890704
1506,,
1506,Activity G,9.798182590890704
1506,,
1506,Activity N,9.980494888896912
1506,,
1506,Activity I,9.980494888896912
1506,,
1506,Activity F,10.268165387743457
1507,,
1507,Activity B,8.188966863648876
1507,,
1507,Activity D,9.287394001418473
1507,,
1507,Activity G,9.798182590890704
1507,,
1507,Activity M,9.798182590890704
1507,,
1507,Activity I,9.980494888896912
1507,,
1507,Activity N,9.980494888896912
1507,,
1507,Activity F,10.268165387743457
1508,,
1508,Activity B,8.188966863648876
1508,,
1508,Activity D,9.287394001418473
1508,,
1508,Activity M,9.798182590890704
1508,,
1508,Activity G,9.798182590890704
1508,,
1508,Activity L,9.980494888896912
1508,,
1508,Activity J,9.980494888896912
1508,,
1508,Activity F,10.268165387743457
1509,,
1509,Activity B,8.188966863648876
1509,,
1509,Activity D,9.287394001418473
1509,,
1509,Activity M,9.798182590890704
1509,,
1509,Activity G,9.798182590890704
1509,,
1509,Activity L,9.980494888896912
1509,,
1509,Activity J,9.980494888896912
1509,,
1509,Activity F,10.268165387743457
1510,,
1510,Activity B,8.188966863648876
1510,,
1510,Activity D,9.287394001418473
1510,,
1510,Activity M,9.798182590890704
1510,,
1510,Activity G,9.798182590890704
1510,,
1510,Activity L,9.980494888896912
1510,,
1510,Activity I,9.980494888896912
1510,,
1510,Activity F,10.268165387743457
1511,,
1511,Activity B,8.188966863648876
1511,,
1511,Activity D,9.287394001418473
1511,,
1511,Activity M,9.798182590890704
1511,,
1511,Activity G,9.798182590890704
1511,,
1511,Activity L,9.980494888896912
1511,,
1511,Activity I,9.980494888896912
1511,,
1511,Activity F,10.268165387743457
1512,,
1512,Activity B,8.188966863648876
1512,,
1512,Activity D,9.287394001418473
1512,,
1512,Activity M,9.798182590890704
1512,,
1512,Activity G,9.798182590890704
1512,,
1512,Activity L,9.980494888896912
1512,,
1512,Activity J,9.980494888896912
1512,,
1512,Activity F,10.268165387743457
1513,,
1513,Activity B,8.188966863648876
1513,,
1513,Activity D,9.287394001418473
1513,,
1513,Activity G,9.798182590890704
1513,,
1513,Activity M,9.798182590890704
1513,,
1513,Activity J,9.980494888896912
1513,,
1513,Activity N,9.980494888896912
1513,,
1513,Activity F,10.268165387743457
1514,,
1514,Activity B,8.188966863648876
1514,,
1514,Activity D,9.287394001418473
1514,,
1514,Activity K,9.798182590890704
1514,,
1514,Activity M,9.798182590890704
1514,,
1514,Activity J,9.980494888896912
1514,,
1514,Activity N,9.980494888896912
1514,,
1514,Activity F,10.268165387743457
1515,,
1515,Activity B,8.188966863648876
1515,,
1515,Activity D,9.287394001418473
1515,,
1515,Activity M,9.798182590890704
1515,,
1515,Activity G,9.798182590890704
1515,,
1515,Activity L,9.980494888896912
1515,,
1515,Activity I,9.980494888896912
1515,,
1515,Activity F,10.268165387743457
1516,,
1516,Activity B,8.188966863648876
1516,,
1516,Activity D,9.287394001418473
1516,,
1516,Activity G,9.798182590890704
1516,,
1516,Activity K,9.798182590890704
1516,,
1516,Activity I,9.980494888896912
1516,,
1516,Activity L,9.980494888896912
1516,,
1516,Activity F,10.268165387743457
1517,,
1517,Activity B,8.188966863648876
1517,,
1517,Activity D,9.287394001418473
1517,,
1517,Activity G,9.798182590890704
1517,,
1517,Activity M,9.798182590890704
1517,,
1517,Activity I,9.980494888896912
1517,,
1517,Activity N,9.980494888896912
1517,,
1517,Activity F,10.268165387743457
1518,,
1518,Activity B,8.188966863648876
1518,,
1518,Activity D,9.287394001418473
1518,,
1518,Activity K,9.798182590890704
1518,,
1518,Activity M,9.798182590890704
1518,,
1518,Activity J,9.980494888896912
1518,,
1518,Activity N,9.980494888896912
1518,,
1518,Activity F,10.268165387743457
1519,,
1519,Activity B,8.188966863648876
1519,,
1519,Activity D,9.287394001418473
1519,,
1519,Activity K,9.798182590890704
1519,,
1519,Activity M,9.798182590890704
1519,,
1519,Activity I,9.980494888896912
1519,,
1519,Activity N,9.980494888896912
1519,,
1519,Activity F,10.268165387743457
1520,,
1520,Activity B,8.188966863648876
1520,,
1520,Activity D,9.287394001418473
1520,,
1520,Activity M,9.798182590890704
1520,,
1520,Activity K,9.798182590890704
1520,,
1520,Activity I,9.980494888896912
1520,,
1520,Activity L,9.980494888896912
1520,,
1520,Activity F,10.268165387743457
1521,,
1521,Activity B,8.188966863648876
1521,,
1521,Activity D,9.287394001418473
1521,,
1521,Activity M,9.798182590890704
1521,,
1521,Activity G,9.798182590890704
1521,,
1521,Activity L,9.980494888896912
1521,,
1521,Activity I,9.980494888896912
1521,,
1521,Activity F,10.268165387743457
1522,,
1522,Activity B,8.188966863648876
1522,,
1522,Activity D,9.287394001418473
1522,,
1522,Activity M,9.798182590890704
1522,,
1522,Activity G,9.798182590890704
1522,,
1522,Activity L,9.980494888896912
1522,,
1522,Activity I,9.980494888896912
1522,,
1522,Activity F,10.268165387743457
1523,,
1523,Activity B,8.188966863648876
1523,,
1523,Activity D,9.287394001418473
1523,,
1523,Activity G,9.798182590890704
1523,,
1523,Activity K,9.798182590890704
1523,,
1523,Activity I,9.980494888896912
1523,,
1523,Activity L,9.980494888896912
1523,,
1523,Activity F,10.268165387743457
1524,,
1524,Activity B,8.188966863648876
1524,,
1524,Activity D,9.287394001418473
1524,,
1524,Activity G,9.798182590890704
1524,,
1524,Activity K,9.798182590890704
1524,,
1524,Activity J,9.980494888896912
1524,,
1524,Activity L,9.980494888896912
1524,,
1524,Activity F,10.268165387743457
1525,,
1525,Activity B,8.188966863648876
1525,,
1525,Activity D,9.287394001418473
1525,,
1525,Activity K,9.798182590890704
1525,,
1525,Activity G,9.798182590890704
1525,,
1525,Activity N,9.980494888896912
1525,,
1525,Activity I,9.980494888896912
1525,,
1525,Activity F,10.268165387743457
1526,,
1526,Activity B,8.188966863648876
1526,,
1526,Activity D,9.287394001418473
1526,,
1526,Activity M,9.798182590890704
1526,,
1526,Activity G,9.798182590890704
1526,,
1526,Activity L,9.980494888896912
1526,,
1526,Activity J,9.980494888896912
1526,,
1526,Activity F,10.268165387743457
1527,,
1527,Activity B,8.188966863648876
1527,,
1527,Activity D,9.287394001418473
1527,,
1527,Activity G,9.798182590890704
1527,,
1527,Activity K,9.798182590890704
1527,,
1527,Activity J,9.980494888896912
1527,,
1527,Activity L,9.980494888896912
1527,,
1527,Activity F,10.268165387743457
1528,,
1528,Activity B,8.188966863648876
1528,,
1528,Activity D,9.287394001418473
1528,,
1528,Activity M,9.798182590890704
1528,,
1528,Activity K,9.798182590890704
1528,,
1528,Activity I,9.980494888896912
1528,,
1528,Activity L,9.980494888896912
1528,,
1528,Activity F,10.268165387743457
1529,,
1529,Activity B,8.188966863648876
1529,,
1529,Activity D,9.287394001418473
1529,,
1529,Activity G,9.798182590890704
1529,,
1529,Activity M,9.798182590890704
1529,,
1529,Activity I,9.980494888896912
1529,,
1529,Activity N,9.980494888896912
1529,,
1529,Activity F,10.268165387743457
1530,,
1530,Activity B,8.188966863648876
1530,,
1530,Activity D,9.287394001418473
1530,,
1530,Activity K,9.798182590890704
1530,,
1530,Activity M,9.798182590890704
1530,,
1530,Activity I,9.980494888896912
1530,,
1530,Activity N,9.980494888896912
1530,,
1530,Activity F,10.268165387743457
1531,,
1531,Activity B,8.188966863648876
1531,,
1531,Activity D,9.287394001418473
1531,,
1531,Activity G,9.798182590890704
1531,,
1531,Activity M,9.798182590890704
1531,,
1531,Activity I,9.980494888896912
1531,,
1531,Activity N,9.980494888896912
1531,,
1531,Activity F,10.268165387743457
1532,,
1532,Activity B,8.188966863648876
1532,,
1532,Activity D,9.287394001418473
1532,,
1532,Activity M,9.798182590890704
1532,,
1532,Activity K,9.798182590890704
1532,,
1532,Activity J,9.980494888896912
1532,,
1532,Activity L,9.980494888896912
1532,,
1532,Activity F,10.268165387743457
1533,,
1533,Activity B,8.188966863648876
1533,,
1533,Activity D,9.287394001418473
1533,,
1533,Activity M,9.798182590890704
1533,,
1533,Activity G,9.798182590890704
1533,,
1533,Activity L,9.980494888896912
1533,,
1533,Activity I,9.980494888896912
1533,,
1533,Activity F,10.268165387743457
1534,,
1534,Activity B,8.188966863648876
1534,,
1534,Activity D,9.287394001418473
1534,,
1534,Activity M,9.798182590890704
1534,,
1534,Activity G,9.798182590890704
1534,,
1534,Activity L,9.980494888896912
1534,,
1534,Activity J,9.980494888896912
1534,,
1534,Activity F,10.268165387743457
1535,,
1535,Activity B,8.188966863648876
1535,,
1535,Activity D,9.287394001418473
1535,,
1535,Activity M,9.798182590890704
1535,,
1535,Activity G,9.798182590890704
1535,,
1535,Activity L,9.980494888896912
1535,,
1535,Activity J,9.980494888896912
1535,,
1535,Activity F,10.268165387743457
1536,,
1536,Activity B,8.188966863648876
1536,,
1536,Activity D,9.287394001418473
1536,,
1536,Activity G,9.798182590890704
1536,,
1536,Activity K,9.798182590890704
1536,,
1536,Activity I,9.980494888896912
1536,,
1536,Activity L,9.980494888896912
1536,,
1536,Activity F,10.268165387743457
1537,,
1537,Activity B,8.188966863648876
1537,,
1537,Activity D,9.287394001418473
1537,,
1537,Activity M,9.798182590890704
1537,,
1537,Activity K,9.798182590890704
1537,,
1537,Activity I,9.980494888896912
1537,,
1537,Activity L,9.980494888896912
1537,,
1537,Activity F,10.268165387743457
1538,,
1538,Activity B,8.188966863648876
1538,,
1538,Activity D,9.287394001418473
1538,,
1538,Activity G,9.798182590890704
1538,,
1538,Activity K,9.798182590890704
1538,,
1538,Activity I,9.980494888896912
1538,,
1538,Activity L,9.980494888896912
1538,,
1538,Activity F,10.268165387743457
1539,,
1539,Activity B,8.188966863648876
1539,,
1539,Activity D,9.287394001418473
1539,,
1539,Activity G,9.798182590890704
1539,,
1539,Activity K,9.798182590890704
1539,,
1539,Activity I,9.980494888896912
1539,,
1539,Activity L,9.980494888896912
1539,,
1539,Activity F,10.268165387743457
1540,,
1540,Activity B,8.188966863648876
1540,,
1540,Activity D,9.287394001418473
1540,,
1540,Activity K,9.798182590890704
1540,,
1540,Activity G,9.798182590890704
1540,,
1540,Activity N,9.980494888896912
1540,,
1540,Activity J,9.980494888896912
1540,,
1540,Activity F,10.268165387743457
1541,,
1541,Activity B,8.188966863648876
1541,,
1541,Activity D,9.287394001418473
1541,,
1541,Activity G,9.798182590890704
1541,,
1541,Activity K,9.798182590890704
1541,,
1541,Activity I,9.980494888896912
1541,,
1541,Activity L,9.980494888896912
1541,,
1541,Activity F,10.268165387743457
1542,,
1542,Activity B,8.188966863648876
1542,,
1542,Activity D,9.287394001418473
1542,,
1542,Activity K,9.798182590890704
1542,,
1542,Activity M,9.798182590890704
1542,,
1542,Activity J,9.980494888896912
1542,,
1542,Activity N,9.980494888896912
1542,,
1542,Activity F,10.268165387743457
1543,,
1543,Activity B,8.188966863648876
1543,,
1543,Activity D,9.287394001418473
1543,,
1543,Activity K,9.798182590890704
1543,,
1543,Activity M,9.798182590890704
1543,,
1543,Activity I,9.980494888896912
1543,,
1543,Activity N,9.980494888896912
1543,,
1543,Activity F,10.268165387743457
1544,,
1544,Activity B,8.188966863648876
1544,,
1544,Activity D,9.287394001418473
1544,,
1544,Activity G,9.798182590890704
1544,,
1544,Activity K,9.798182590890704
1544,,
1544,Activity J,9.980494888896912
1544,,
1544,Activity L,9.980494888896912
1544,,
1544,Activity F,10.268165387743457
1545,,
1545,Activity B,8.188966863648876
1545,,
1545,Activity D,9.287394001418473
1545,,
1545,Activity G,9.798182590890704
1545,,
1545,Activity M,9.798182590890704
1545,,
1545,Activity J,9.980494888896912
1545,,
1545,Activity N,9.980494888896912
1545,,
1545,Activity F,10.268165387743457
1546,,
1546,Activity B,8.188966863648876
1546,,
1546,Activity D,9.287394001418473
1546,,
1546,Activity G,9.798182590890704
1546,,
1546,Activity M,9.798182590890704
1546,,
1546,Activity I,9.980494888896912
1546,,
1546,Activity N,9.980494888896912
1546,,
1546,Activity F,10.268165387743457
1547,,
1547,Activity B,8.188966863648876
1547,,
1547,Activity D,9.287394001418473
1547,,
1547,Activity K,9.798182590890704
1547,,
1547,Activity M,9.798182590890704
1547,,
1547,Activity J,9.980494888896912
1547,,
1547,Activity N,9.980494888896912
1547,,
1547,Activity F,10.268165387743457
1548,,
1548,Activity B,8.188966863648876
1548,,
1548,Activity D,9.287394001418473
1548,,
1548,Activity G,9.798182590890704
1548,,
1548,Activity K,9.798182590890704
1548,,
1548,Activity J,9.980494888896912
1548,,
1548,Activity L,9.980494888896912
1548,,
1548,Activity F,10.268165387743457
1549,,
1549,Activity B,8.188966863648876
1549,,
1549,Activity D,9.287394001418473
1549,,
1549,Activity M,9.798182590890704
1549,,
1549,Activity G,9.798182590890704
1549,,
1549,Activity L,9.980494888896912
1549,,
1549,Activity J,9.980494888896912
1549,,
1549,Activity F,10.268165387743457
1550,,
1550,Activity B,8.188966863648876
1550,,
1550,Activity D,9.287394001418473
1550,,
1550,Activity K,9.798182590890704
1550,,
1550,Activity M,9.798182590890704
1550,,
1550,Activity I,9.980494888896912
1550,,
1550,Activity N,9.980494888896912
1550,,
1550,Activity F,10.268165387743457
1551,,
1551,Activity B,8.188966863648876
1551,,
1551,Activity D,9.287394001418473
1551,,
1551,Activity M,9.798182590890704
1551,,
1551,Activity G,9.798182590890704
1551,,
1551,Activity L,9.980494888896912
1551,,
1551,Activity I,9.980494888896912
1551,,
1551,Activity F,10.268165387743457
1552,,
1552,Activity B,8.188966863648876
1552,,
1552,Activity D,9.287394001418473
1552,,
1552,Activity M,9.798182590890704
1552,,
1552,Activity G,9.798182590890704
1552,,
1552,Activity L,9.980494888896912
1552,,
1552,Activity I,9.980494888896912
1552,,
1552,Activity F,10.268165387743457
1553,,
1553,Activity B,8.188966863648876
1553,,
1553,Activity D,9.287394001418473
1553,,
1553,Activity K,9.798182590890704
1553,,
1553,Activity M,9.798182590890704
1553,,
1553,Activity J,9.980494888896912
1553,,
1553,Activity N,9.980494888896912
1553,,
1553,Activity F,10.268165387743457
1554,,
1554,Activity B,8.188966863648876
1554,,
1554,Activity D,9.287394001418473
1554,,
1554,Activity M,9.798182590890704
1554,,
1554,Activity G,9.798182590890704
1554,,
1554,Activity L,9.980494888896912
1554,,
1554,Activity J,9.980494888896912
1554,,
1554,Activity F,10.268165387743457
1555,,
1555,Activity B,8.188966863648876
1555,,
1555,Activity D,9.287394001418473
1555,,
1555,Activity M,9.798182590890704
1555,,
1555,Activity G,9.798182590890704
1555,,
1555,Activity L,9.980494888896912
1555,,
1555,Activity J,9.980494888896912
1555,,
1555,Activity F,10.268165387743457
1556,,
1556,Activity B,8.188966863648876
1556,,
1556,Activity D,9.287394001418473
1556,,
1556,Activity K,9.798182590890704
1556,,
1556,Activity G,9.798182590890704
1556,,
1556,Activity N,9.980494888896912
1556,,
1556,Activity J,9.980494888896912
1556,,
1556,Activity F,10.268165387743457
1557,,
1557,Activity B,8.188966863648876
1557,,
1557,Activity D,9.287394001418473
1557,,
1557,Activity M,9.798182590890704
1557,,
1557,Activity K,9.798182590890704
1557,,
1557,Activity I,9.980494888896912
1557,,
1557,Activity L,9.980494888896912
1557,,
1557,Activity F,10.268165387743457
1558,,
1558,Activity B,8.188966863648876
1558,,
1558,Activity D,9.287394001418473
1558,,
1558,Activity G,9.798182590890704
1558,,
1558,Activity K,9.798182590890704
1558,,
1558,Activity J,9.980494888896912
1558,,
1558,Activity L,9.980494888896912
1558,,
1558,Activity F,10.268165387743457
1559,,
1559,Activity B,8.188966863648876
1559,,
1559,Activity D,9.287394001418473
1559,,
1559,Activity M,9.798182590890704
1559,,
1559,Activity K,9.798182590890704
1559,,
1559,Activity J,9.980494888896912
1559,,
1559,Activity L,9.980494888896912
1559,,
1559,Activity F,10.268165387743457
1560,,
1560,Activity B,8.188966863648876
1560,,
1560,Activity D,9.287394001418473
1560,,
1560,Activity K,9.798182590890704
1560,,
1560,Activity G,9.798182590890704
1560,,
1560,Activity N,9.980494888896912
1560,,
1560,Activity J,9.980494888896912
1560,,
1560,Activity F,10.268165387743457
1561,,
1561,Activity B,8.188966863648876
1561,,
1561,Activity D,9.287394001418473
1561,,
1561,Activity K,9.798182590890704
1561,,
1561,Activity G,9.798182590890704
1561,,
1561,Activity N,9.980494888896912
1561,,
1561,Activity J,9.980494888896912
1561,,
1561,Activity F,10.268165387743457
1562,,
1562,Activity B,8.188966863648876
1562,,
1562,Activity D,9.287394001418473
1562,,
1562,Activity M,9.798182590890704
1562,,
1562,Activity K,9.798182590890704
1562,,
1562,Activity J,9.980494888896912
1562,,
1562,Activity L,9.980494888896912
1562,,
1562,Activity F,10.268165387743457
1563,,
1563,Activity B,8.188966863648876
1563,,
1563,Activity D,9.287394001418473
1563,,
1563,Activity G,9.798182590890704
1563,,
1563,Activity M,9.798182590890704
1563,,
1563,Activity I,9.980494888896912
1563,,
1563,Activity N,9.980494888896912
1563,,
1563,Activity F,10.268165387743457
1564,,
1564,Activity B,8.188966863648876
1564,,
1564,Activity D,9.287394001418473
1564,,
1564,Activity G,9.798182590890704
1564,,
1564,Activity K,9.798182590890704
1564,,
1564,Activity J,9.980494888896912
1564,,
1564,Activity L,9.980494888896912
1564,,
1564,Activity F,10.268165387743457
1565,,
1565,Activity B,8.188966863648876
1565,,
1565,Activity D,9.287394001418473
1565,,
1565,Activity M,9.798182590890704
1565,,
1565,Activity K,9.798182590890704
1565,,
1565,Activity J,9.980494888896912
1565,,
1565,Activity L,9.980494888896912
1565,,
1565,Activity F,10.268165387743457
1566,,
1566,Activity B,8.188966863648876
1566,,
1566,Activity D,9.287394001418473
1566,,
1566,Activity M,9.798182590890704
1566,,
1566,Activity K,9.798182590890704
1566,,
1566,Activity I,9.980494888896912
1566,,
1566,Activity L,9.980494888896912
1566,,
1566,Activity F,10.268165387743457
1567,,
1567,Activity B,8.188966863648876
1567,,
1567,Activity D,9.287394001418473
1567,,
1567,Activity M,9.798182590890704
1567,,
1567,Activity G,9.798182590890704
1567,,
1567,Activity L,9.980494888896912
1567,,
1567,Activity I,9.980494888896912
1567,,
1567,Activity F,10.268165387743457
1568,,
1568,Activity B,8.188966863648876
1568,,
1568,Activity D,9.287394001418473
1568,,
1568,Activity M,9.798182590890704
1568,,
1568,Activity G,9.798182590890704
1568,,
1568,Activity L,9.980494888896912
1568,,
1568,Activity J,9.980494888896912
1568,,
1568,Activity F,10.268165387743457
1569,,
1569,Activity B,8.188966863648876
1569,,
1569,Activity D,9.287394001418473
1569,,
1569,Activity M,9.798182590890704
1569,,
1569,Activity K,9.798182590890704
1569,,
1569,Activity J,9.980494888896912
1569,,
1569,Activity L,9.980494888896912
1569,,
1569,Activity F,10.268165387743457
1570,,
1570,Activity B,8.188966863648876
1570,,
1570,Activity D,9.287394001418473
1570,,
1570,Activity M,9.798182590890704
1570,,
1570,Activity K,9.798182590890704
1570,,
1570,Activity J,9.980494888896912
1570,,
1570,Activity L,9.980494888896912
1570,,
1570,Activity F,10.268165387743457
1571,,
1571,Activity B,8.188966863648876
1571,,
1571,Activity D,9.287394001418473
1571,,
1571,Activity G,9.798182590890704
1571,,
1571,Activity M,9.798182590890704
1571,,
1571,Activity I,9.980494888896912
1571,,
1571,Activity N,9.980494888896912
1571,,
1571,Activity F,10.268165387743457
1572,,
1572,Activity B,8.188966863648876
1572,,
1572,Activity D,9.287394001418473
1572,,
1572,Activity K,9.798182590890704
1572,,
1572,Activity G,9.798182590890704
1572,,
1572,Activity N,9.980494888896912
1572,,
1572,Activity J,9.980494888896912
1572,,
1572,Activity F,10.268165387743457
1573,,
1573,Activity B,8.188966863648876
1573,,
1573,Activity D,9.287394001418473
1573,,
1573,Activity G,9.798182590890704
1573,,
1573,Activity K,9.798182590890704
1573,,
1573,Activity J,9.980494888896912
1573,,
1573,Activity L,9.980494888896912
1573,,
1573,Activity F,10.268165387743457
1574,,
1574,Activity B,8.188966863648876
1574,,
1574,Activity D,9.287394001418473
1574,,
1574,Activity G,9.798182590890704
1574,,
1574,Activity K,9.798182590890704
1574,,
1574,Activity I,9.980494888896912
1574,,
1574,Activity L,9.980494888896912
1574,,
1574,Activity F,10.268165387743457
1575,,
1575,Activity B,8.188966863648876
1575,,
1575,Activity D,9.287394001418473
1575,,
1575,Activity M,9.798182590890704
1575,,
1575,Activity K,9.798182590890704
1575,,
1575,Activity I,9.980494888896912
1575,,
1575,Activity L,9.980494888896912
1575,,
1575,Activity F,10.268165387743457
1576,,
1576,Activity B,8.188966863648876
1576,,
1576,Activity D,9.287394001418473
1576,,
1576,Activity G,9.798182590890704
1576,,
1576,Activity K,9.798182590890704
1576,,
1576,Activity I,9.980494888896912
1576,,
1576,Activity L,9.980494888896912
1576,,
1576,Activity F,10.268165387743457
1577,,
1577,Activity B,8.188966863648876
1577,,
1577,Activity D,9.287394001418473
1577,,
1577,Activity G,9.798182590890704
1577,,
1577,Activity M,9.798182590890704
1577,,
1577,Activity J,9.980494888896912
1577,,
1577,Activity N,9.980494888896912
1577,,
1577,Activity F,10.268165387743457
1578,,
1578,Activity B,8.188966863648876
1578,,
1578,Activity D,9.287394001418473
1578,,
1578,Activity G,9.798182590890704
1578,,
1578,Activity K,9.798182590890704
1578,,
1578,Activity J,9.980494888896912
1578,,
1578,Activity L,9.980494888896912
1578,,
1578,Activity F,10.268165387743457
1579,,
1579,Activity B,8.188966863648876
1579,,
1579,Activity D,9.287394001418473
1579,,
1579,Activity M,9.798182590890704
1579,,
1579,Activity K,9.798182590890704
1579,,
1579,Activity J,9.980494888896912
1579,,
1579,Activity L,9.980494888896912
1579,,
1579,Activity F,10.268165387743457
1580,,
1580,Activity B,8.188966863648876
1580,,
1580,Activity D,9.287394001418473
1580,,
1580,Activity K,9.798182590890704
1580,,
1580,Activity M,9.798182590890704
1580,,
1580,Activity I,9.980494888896912
1580,,
1580,Activity N,9.980494888896912
1580,,
1580,Activity F,10.268165387743457
1581,,
1581,Activity B,8.188966863648876
1581,,
1581,Activity D,9.287394001418473
1581,,
1581,Activity M,9.798182590890704
1581,,
1581,Activity G,9.798182590890704
1581,,
1581,Activity L,9.980494888896912
1581,,
1581,Activity J,9.980494888896912
1581,,
1581,Activity F,10.268165387743457
1582,,
1582,Activity B,8.188966863648876
1582,,
1582,Activity D,9.287394001418473
1582,,
1582,Activity M,9.798182590890704
1582,,
1582,Activity G,9.798182590890704
1582,,
1582,Activity L,9.980494888896912
1582,,
1582,Activity J,9.980494888896912
1582,,
1582,Activity F,10.268165387743457
1583,,
1583,Activity B,8.188966863648876
1583,,
1583,Activity D,9.287394001418473
1583,,
1583,Activity K,9.798182590890704
1583,,
1583,Activity G,9.798182590890704
1583,,
1583,Activity N,9.980494888896912
1583,,
1583,Activity J,9.980494888896912
1583,,
1583,Activity F,10.268165387743457
1584,,
1584,Activity B,8.188966863648876
1584,,
1584,Activity D,9.287394001418473
1584,,
1584,Activity G,9.798182590890704
1584,,
1584,Activity K,9.798182590890704
1584,,
1584,Activity J,9.980494888896912
1584,,
1584,Activity L,9.980494888896912
1584,,
1584,Activity F,10.268165387743457
1585,,
1585,Activity B,8.188966863648876
1585,,
1585,Activity D,9.287394001418473
1585,,
1585,Activity G,9.798182590890704
1585,,
1585,Activity M,9.798182590890704
1585,,
1585,Activity I,9.980494888896912
1585,,
1585,Activity N,9.980494888896912
1585,,
1585,Activity F,10.268165387743457
1586,,
1586,Activity B,8.188966863648876
1586,,
1586,Activity D,9.287394001418473
1586,,
1586,Activity M,9.798182590890704
1586,,
1586,Activity G,9.798182590890704
1586,,
1586,Activity L,9.980494888896912
1586,,
1586,Activity I,9.980494888896912
1586,,
1586,Activity F,10.268165387743457
1587,,
1587,Activity B,8.188966863648876
1587,,
1587,Activity D,9.287394001418473
1587,,
1587,Activity K,9.798182590890704
1587,,
1587,Activity G,9.798182590890704
1587,,
1587,Activity N,9.980494888896912
1587,,
1587,Activity J,9.980494888896912
1587,,
1587,Activity F,10.268165387743457
1588,,
1588,Activity B,8.188966863648876
1588,,
1588,Activity D,9.287394001418473
1588,,
1588,Activity K,9.798182590890704
1588,,
1588,Activity M,9.798182590890704
1588,,
1588,Activity J,9.980494888896912
1588,,
1588,Activity N,9.980494888896912
1588,,
1588,Activity F,10.268165387743457
1589,,
1589,Activity B,8.188966863648876
1589,,
1589,Activity D,9.287394001418473
1589,,
1589,Activity G,9.798182590890704
1589,,
1589,Activity K,9.798182590890704
1589,,
1589,Activity J,9.980494888896912
1589,,
1589,Activity L,9.980494888896912
1589,,
1589,Activity F,10.268165387743457
1590,,
1590,Activity B,8.188966863648876
1590,,
1590,Activity D,9.287394001418473
1590,,
1590,Activity G,9.798182590890704
1590,,
1590,Activity K,9.798182590890704
1590,,
1590,Activity J,9.980494888896912
1590,,
1590,Activity L,9.980494888896912
1590,,
1590,Activity F,10.268165387743457
1591,,
1591,Activity B,8.188966863648876
1591,,
1591,Activity D,9.287394001418473
1591,,
1591,Activity G,9.798182590890704
1591,,
1591,Activity K,9.798182590890704
1591,,
1591,Activity J,9.980494888896912
1591,,
1591,Activity L,9.980494888896912
1591,,
1591,Activity F,10.268165387743457
1592,,
1592,Activity B,8.188966863648876
1592,,
1592,Activity D,9.287394001418473
1592,,
1592,Activity M,9.798182590890704
1592,,
1592,Activity G,9.798182590890704
1592,,
1592,Activity L,9.980494888896912
1592,,
1592,Activity I,9.980494888896912
1592,,
1592,Activity F,10.268165387743457
1593,,
1593,Activity B,8.188966863648876
1593,,
1593,Activity D,9.287394001418473
1593,,
1593,Activity K,9.798182590890704
1593,,
1593,Activity G,9.798182590890704
1593,,
1593,Activity N,9.980494888896912
1593,,
1593,Activity J,9.980494888896912
1593,,
1593,Activity F,10.268165387743457
1594,,
1594,Activity B,8.188966863648876
1594,,
1594,Activity D,9.287394001418473
1594,,
1594,Activity M,9.798182590890704
1594,,
1594,Activity K,9.798182590890704
1594,,
1594,Activity J,9.980494888896912
1594,,
1594,Activity L,9.980494888896912
1594,,
1594,Activity F,10.268165387743457
1595,,
1595,Activity B,8.188966863648876
1595,,
1595,Activity D,9.287394001418473
1595,,
1595,Activity K,9.798182590890704
1595,,
1595,Activity M,9.798182590890704
1595,,
1595,Activity I,9.980494888896912
1595,,
1595,Activity N,9.980494888896912
1595,,
1595,Activity F,10.268165387743457
1596,,
1596,Activity B,8.188966863648876
1596,,
1596,Activity D,9.287394001418473
1596,,
1596,Activity K,9.798182590890704
1596,,
1596,Activity M,9.798182590890704
1596,,
1596,Activity I,9.980494888896912
1596,,
1596,Activity N,9.980494888896912
1596,,
1596,Activity F,10.268165387743457
1597,,
1597,Activity B,8.188966863648876
1597,,
1597,Activity D,9.287394001418473
1597,,
1597,Activity K,9.798182590890704
1597,,
1597,Activity G,9.798182590890704
1597,,
1597,Activity N,9.980494888896912
1597,,
1597,Activity I,9.980494888896912
1597,,
1597,Activity F,10.268165387743457
1598,,
1598,Activity B,8.188966863648876
1598,,
1598,Activity D,9.287394001418473
1598,,
1598,Activity M,9.798182590890704
1598,,
1598,Activity G,9.798182590890704
1598,,
1598,Activity L,9.980494888896912
1598,,
1598,Activity I,9.980494888896912
1598,,
1598,Activity F,10.268165387743457
1599,,
1599,Activity B,8.188966863648876
1599,,
1599,Activity D,9.287394001418473
1599,,
1599,Activity M,9.798182590890704
1599,,
1599,Activity K,9.798182590890704
1599,,
1599,Activity J,9.980494888896912
1599,,
1599,Activity L,9.980494888896912
1599,,
1599,Activity F,10.268165387743457
1600,,
1600,Activity B,8.188966863648876
1600,,
1600,Activity D,9.287394001418473
1600,,
1600,Activity G,9.798182590890704
1600,,
1600,Activity K,9.798182590890704
1600,,
1600,Activity J,9.980494888896912
1600,,
1600,Activity L,9.980494888896912
1600,,
1600,Activity F,10.268165387743457
1601,,
1601,Activity B,8.188966863648876
1601,,
1601,Activity D,9.287394001418473
1601,,
1601,Activity G,9.798182590890704
1601,,
1601,Activity K,9.798182590890704
1601,,
1601,Activity J,9.980494888896912
1601,,
1601,Activity L,9.980494888896912
1601,,
1601,Activity F,10.268165387743457
1602,,
1602,Activity B,8.188966863648876
1602,,
1602,Activity D,9.287394001418473
1602,,
1602,Activity K,9.798182590890704
1602,,
1602,Activity M,9.798182590890704
1602,,
1602,Activity J,9.980494888896912
1602,,
1602,Activity N,9.980494888896912
1602,,
1602,Activity F,10.268165387743457
1603,,
1603,Activity B,8.188966863648876
1603,,
1603,Activity D,9.287394001418473
1603,,
1603,Activity G,9.798182590890704
1603,,
1603,Activity M,9.798182590890704
1603,,
1603,Activity I,9.980494888896912
1603,,
1603,Activity N,9.980494888896912
1603,,
1603,Activity F,10.268165387743457
1604,,
1604,Activity B,8.188966863648876
1604,,
1604,Activity D,9.287394001418473
1604,,
1604,Activity K,9.798182590890704
1604,,
1604,Activity G,9.798182590890704
1604,,
1604,Activity N,9.980494888896912
1604,,
1604,Activity J,9.980494888896912
1604,,
1604,Activity F,10.268165387743457
1605,,
1605,Activity B,8.188966863648876
1605,,
1605,Activity D,9.287394001418473
1605,,
1605,Activity M,9.798182590890704
1605,,
1605,Activity K,9.798182590890704
1605,,
1605,Activity I,9.980494888896912
1605,,
1605,Activity L,9.980494888896912
1605,,
1605,Activity F,10.268165387743457
1606,,
1606,Activity B,8.188966863648876
1606,,
1606,Activity D,9.287394001418473
1606,,
1606,Activity M,9.798182590890704
1606,,
1606,Activity G,9.798182590890704
1606,,
1606,Activity L,9.980494888896912
1606,,
1606,Activity I,9.980494888896912
1606,,
1606,Activity F,10.268165387743457
1607,,
1607,Activity B,8.188966863648876
1607,,
1607,Activity D,9.287394001418473
1607,,
1607,Activity G,9.798182590890704
1607,,
1607,Activity K,9.798182590890704
1607,,
1607,Activity I,9.980494888896912
1607,,
1607,Activity L,9.980494888896912
1607,,
1607,Activity F,10.268165387743457
1608,,
1608,Activity B,8.188966863648876
1608,,
1608,Activity D,9.287394001418473
1608,,
1608,Activity K,9.798182590890704
1608,,
1608,Activity G,9.798182590890704
1608,,
1608,Activity N,9.980494888896912
1608,,
1608,Activity J,9.980494888896912
1608,,
1608,Activity F,10.268165387743457
1609,,
1609,Activity B,8.188966863648876
1609,,
1609,Activity D,9.287394001418473
1609,,
1609,Activity G,9.798182590890704
1609,,
1609,Activity K,9.798182590890704
1609,,
1609,Activity J,9.980494888896912
1609,,
1609,Activity L,9.980494888896912
1609,,
1609,Activity F,10.268165387743457
1610,,
1610,Activity B,8.188966863648876
1610,,
1610,Activity D,9.287394001418473
1610,,
1610,Activity K,9.798182590890704
1610,,
1610,Activity G,9.798182590890704
1610,,
1610,Activity N,9.980494888896912
1610,,
1610,Activity I,9.980494888896912
1610,,
1610,Activity F,10.268165387743457
1611,,
1611,Activity B,8.188966863648876
1611,,
1611,Activity D,9.287394001418473
1611,,
1611,Activity K,9.798182590890704
1611,,
1611,Activity G,9.798182590890704
1611,,
1611,Activity N,9.980494888896912
1611,,
1611,Activity I,9.980494888896912
1611,,
1611,Activity F,10.268165387743457
1612,,
1612,Activity B,8.188966863648876
1612,,
1612,Activity D,9.287394001418473
1612,,
1612,Activity M,9.798182590890704
1612,,
1612,Activity G,9.798182590890704
1612,,
1612,Activity L,9.980494888896912
1612,,
1612,Activity J,9.980494888896912
1612,,
1612,Activity F,10.268165387743457
1613,,
1613,Activity B,8.188966863648876
1613,,
1613,Activity D,9.287394001418473
1613,,
1613,Activity K,9.798182590890704
1613,,
1613,Activity G,9.798182590890704
1613,,
1613,Activity N,9.980494888896912
1613,,
1613,Activity J,9.980494888896912
1613,,
1613,Activity F,10.268165387743457
1614,,
1614,Activity B,8.188966863648876
1614,,
1614,Activity D,9.287394001418473
1614,,
1614,Activity K,9.798182590890704
1614,,
1614,Activity G,9.798182590890704
1614,,
1614,Activity N,9.980494888896912
1614,,
1614,Activity J,9.980494888896912
1614,,
1614,Activity F,10.268165387743457
1615,,
1615,Activity B,8.188966863648876
1615,,
1615,Activity D,9.287394001418473
1615,,
1615,Activity G,9.798182590890704
1615,,
1615,Activity K,9.798182590890704
1615,,
1615,Activity J,9.980494888896912
1615,,
1615,Activity L,9.980494888896912
1615,,
1615,Activity F,10.268165387743457
1616,,
1616,Activity B,8.188966863648876
1616,,
1616,Activity D,9.287394001418473
1616,,
1616,Activity G,9.798182590890704
1616,,
1616,Activity M,9.798182590890704
1616,,
1616,Activity I,9.980494888896912
1616,,
1616,Activity N,9.980494888896912
1616,,
1616,Activity F,10.268165387743457
1617,,
1617,Activity B,8.188966863648876
1617,,
1617,Activity D,9.287394001418473
1617,,
1617,Activity M,9.798182590890704
1617,,
1617,Activity G,9.798182590890704
1617,,
1617,Activity L,9.980494888896912
1617,,
1617,Activity I,9.980494888896912
1617,,
1617,Activity F,10.268165387743457
1618,,
1618,Activity B,8.188966863648876
1618,,
1618,Activity D,9.287394001418473
1618,,
1618,Activity K,9.798182590890704
1618,,
1618,Activity G,9.798182590890704
1618,,
1618,Activity N,9.980494888896912
1618,,
1618,Activity I,9.980494888896912
1618,,
1618,Activity F,10.268165387743457
1619,,
1619,Activity B,8.188966863648876
1619,,
1619,Activity D,9.287394001418473
1619,,
1619,Activity G,9.798182590890704
1619,,
1619,Activity K,9.798182590890704
1619,,
1619,Activity J,9.980494888896912
1619,,
1619,Activity L,9.980494888896912
1619,,
1619,Activity F,10.268165387743457
1620,,
1620,Activity B,8.188966863648876
1620,,
1620,Activity D,9.287394001418473
1620,,
1620,Activity G,9.798182590890704
1620,,
1620,Activity K,9.798182590890704
1620,,
1620,Activity I,9.980494888896912
1620,,
1620,Activity L,9.980494888896912
1620,,
1620,Activity F,10.268165387743457
1621,,
1621,Activity B,8.188966863648876
1621,,
1621,Activity D,9.287394001418473
1621,,
1621,Activity G,9.798182590890704
1621,,
1621,Activity K,9.798182590890704
1621,,
1621,Activity J,9.980494888896912
1621,,
1621,Activity L,9.980494888896912
1621,,
1621,Activity F,10.268165387743457
1622,,
1622,Activity B,8.188966863648876
1622,,
1622,Activity D,9.287394001418473
1622,,
1622,Activity K,9.798182590890704
1622,,
1622,Activity G,9.798182590890704
1622,,
1622,Activity N,9.980494888896912
1622,,
1622,Activity J,9.980494888896912
1622,,
1622,Activity F,10.268165387743457
1623,,
1623,Activity B,8.188966863648876
1623,,
1623,Activity D,9.287394001418473
1623,,
1623,Activity K,9.798182590890704
1623,,
1623,Activity M,9.798182590890704
1623,,
1623,Activity J,9.980494888896912
1623,,
1623,Activity N,9.980494888896912
1623,,
1623,Activity F,10.268165387743457
1624,,
1624,Activity B,8.188966863648876
1624,,
1624,Activity D,9.287394001418473
1624,,
1624,Activity K,9.798182590890704
1624,,
1624,Activity M,9.798182590890704
1624,,
1624,Activity J,9.980494888896912
1624,,
1624,Activity N,9.980494888896912
1624,,
1624,Activity F,10.268165387743457
1625,,
1625,Activity B,8.188966863648876
1625,,
1625,Activity D,9.287394001418473
1625,,
1625,Activity K,9.798182590890704
1625,,
1625,Activity M,9.798182590890704
1625,,
1625,Activity I,9.980494888896912
1625,,
1625,Activity N,9.980494888896912
1625,,
1625,Activity F,10.268165387743457
1626,,
1626,Activity B,8.188966863648876
1626,,
1626,Activity D,9.287394001418473
1626,,
1626,Activity M,9.798182590890704
1626,,
1626,Activity K,9.798182590890704
1626,,
1626,Activity I,9.980494888896912
1626,,
1626,Activity L,9.980494888896912
1626,,
1626,Activity F,10.268165387743457
1627,,
1627,Activity B,8.188966863648876
1627,,
1627,Activity D,9.287394001418473
1627,,
1627,Activity M,9.798182590890704
1627,,
1627,Activity K,9.798182590890704
1627,,
1627,Activity J,9.980494888896912
1627,,
1627,Activity L,9.980494888896912
1627,,
1627,Activity F,10.268165387743457
1628,,
1628,Activity B,8.188966863648876
1628,,
1628,Activity D,9.287394001418473
1628,,
1628,Activity M,9.798182590890704
1628,,
1628,Activity G,9.798182590890704
1628,,
1628,Activity L,9.980494888896912
1628,,
1628,Activity I,9.980494888896912
1628,,
1628,Activity F,10.268165387743457
1629,,
1629,Activity B,8.188966863648876
1629,,
1629,Activity D,9.287394001418473
1629,,
1629,Activity M,9.798182590890704
1629,,
1629,Activity G,9.798182590890704
1629,,
1629,Activity L,9.980494888896912
1629,,
1629,Activity J,9.980494888896912
1629,,
1629,Activity F,10.268165387743457
1630,,
1630,Activity B,8.188966863648876
1630,,
1630,Activity D,9.287394001418473
1630,,
1630,Activity K,9.798182590890704
1630,,
1630,Activity G,9.798182590890704
1630,,
1630,Activity N,9.980494888896912
1630,,
1630,Activity I,9.980494888896912
1630,,
1630,Activity F,10.268165387743457
1631,,
1631,Activity B,8.188966863648876
1631,,
1631,Activity D,9.287394001418473
1631,,
1631,Activity M,9.798182590890704
1631,,
1631,Activity K,9.798182590890704
1631,,
1631,Activity I,9.980494888896912
1631,,
1631,Activity L,9.980494888896912
1631,,
1631,Activity F,10.268165387743457
1632,,
1632,Activity B,8.188966863648876
1632,,
1632,Activity D,9.287394001418473
1632,,
1632,Activity K,9.798182590890704
1632,,
1632,Activity M,9.798182590890704
1632,,
1632,Activity I,9.980494888896912
1632,,
1632,Activity N,9.980494888896912
1632,,
1632,Activity F,10.268165387743457
1633,,
1633,Activity B,8.188966863648876
1633,,
1633,Activity D,9.287394001418473
1633,,
1633,Activity K,9.798182590890704
1633,,
1633,Activity G,9.798182590890704
1633,,
1633,Activity N,9.980494888896912
1633,,
1633,Activity J,9.980494888896912
1633,,
1633,Activity F,10.268165387743457
1634,,
1634,Activity B,8.188966863648876
1634,,
1634,Activity D,9.287394001418473
1634,,
1634,Activity M,9.798182590890704
1634,,
1634,Activity G,9.798182590890704
1634,,
1634,Activity L,9.980494888896912
1634,,
1634,Activity J,9.980494888896912
1634,,
1634,Activity F,10.268165387743457
1635,,
1635,Activity B,8.188966863648876
1635,,
1635,Activity D,9.287394001418473
1635,,
1635,Activity K,9.798182590890704
1635,,
1635,Activity G,9.798182590890704
1635,,
1635,Activity N,9.980494888896912
1635,,
1635,Activity I,9.980494888896912
1635,,
1635,Activity F,10.268165387743457
1636,,
1636,Activity B,8.188966863648876
1636,,
1636,Activity D,9.287394001418473
1636,,
1636,Activity G,9.798182590890704
1636,,
1636,Activity K,9.798182590890704
1636,,
1636,Activity J,9.980494888896912
1636,,
1636,Activity L,9.980494888896912
1636,,
1636,Activity F,10.268165387743457
1637,,
1637,Activity B,8.188966863648876
1637,,
1637,Activity D,9.287394001418473
1637,,
1637,Activity G,9.798182590890704
1637,,
1637,Activity K,9.798182590890704
1637,,
1637,Activity I,9.980494888896912
1637,,
1637,Activity L,9.980494888896912
1637,,
1637,Activity F,10.268165387743457
1638,,
1638,Activity B,8.188966863648876
1638,,
1638,Activity D,9.287394001418473
1638,,
1638,Activity K,9.798182590890704
1638,,
1638,Activity M,9.798182590890704
1638,,
1638,Activity J,9.980494888896912
1638,,
1638,Activity N,9.980494888896912
1638,,
1638,Activity F,10.268165387743457
1639,,
1639,Activity B,8.188966863648876
1639,,
1639,Activity D,9.287394001418473
1639,,
1639,Activity M,9.798182590890704
1639,,
1639,Activity G,9.798182590890704
1639,,
1639,Activity L,9.980494888896912
1639,,
1639,Activity J,9.980494888896912
1639,,
1639,Activity F,10.268165387743457
1640,,
1640,Activity B,8.188966863648876
1640,,
1640,Activity D,9.287394001418473
1640,,
1640,Activity K,9.798182590890704
1640,,
1640,Activity M,9.798182590890704
1640,,
1640,Activity J,9.980494888896912
1640,,
1640,Activity N,9.980494888896912
1640,,
1640,Activity F,10.268165387743457
1641,,
1641,Activity B,8.188966863648876
1641,,
1641,Activity D,9.287394001418473
1641,,
1641,Activity K,9.798182590890704
1641,,
1641,Activity M,9.798182590890704
1641,,
1641,Activity I,9.980494888896912
1641,,
1641,Activity N,9.980494888896912
1641,,
1641,Activity F,10.268165387743457
1642,,
1642,Activity B,8.188966863648876
1642,,
1642,Activity D,9.287394001418473
1642,,
1642,Activity G,9.798182590890704
1642,,
1642,Activity M,9.798182590890704
1642,,
1642,Activity J,9.980494888896912
1642,,
1642,Activity N,9.980494888896912
1642,,
1642,Activity F,10.268165387743457
1643,,
1643,Activity B,8.188966863648876
1643,,
1643,Activity D,9.287394001418473
1643,,
1643,Activity M,9.798182590890704
1643,,
1643,Activity G,9.798182590890704
1643,,
1643,Activity L,9.980494888896912
1643,,
1643,Activity J,9.980494888896912
1643,,
1643,Activity F,10.268165387743457
1644,,
1644,Activity B,8.188966863648876
1644,,
1644,Activity D,9.287394001418473
1644,,
1644,Activity M,9.798182590890704
1644,,
1644,Activity K,9.798182590890704
1644,,
1644,Activity J,9.980494888896912
1644,,
1644,Activity L,9.980494888896912
1644,,
1644,Activity F,10.268165387743457
1645,,
1645,Activity B,8.188966863648876
1645,,
1645,Activity D,9.287394001418473
1645,,
1645,Activity M,9.798182590890704
1645,,
1645,Activity K,9.798182590890704
1645,,
1645,Activity I,9.980494888896912
1645,,
1645,Activity L,9.980494888896912
1645,,
1645,Activity F,10.268165387743457
1646,,
1646,Activity B,8.188966863648876
1646,,
1646,Activity D,9.287394001418473
1646,,
1646,Activity G,9.798182590890704
1646,,
1646,Activity K,9.798182590890704
1646,,
1646,Activity I,9.980494888896912
1646,,
1646,Activity L,9.980494888896912
1646,,
1646,Activity F,10.268165387743457
1647,,
1647,Activity B,8.188966863648876
1647,,
1647,Activity D,9.287394001418473
1647,,
1647,Activity K,9.798182590890704
1647,,
1647,Activity G,9.798182590890704
1647,,
1647,Activity N,9.980494888896912
1647,,
1647,Activity I,9.980494888896912
1647,,
1647,Activity F,10.268165387743457
1648,,
1648,Activity B,8.188966863648876
1648,,
1648,Activity D,9.287394001418473
1648,,
1648,Activity G,9.798182590890704
1648,,
1648,Activity M,9.798182590890704
1648,,
1648,Activity J,9.980494888896912
1648,,
1648,Activity N,9.980494888896912
1648,,
1648,Activity F,10.268165387743457
1649,,
1649,Activity B,8.188966863648876
1649,,
1649,Activity D,9.287394001418473
1649,,
1649,Activity G,9.798182590890704
1649,,
1649,Activity M,9.798182590890704
1649,,
1649,Activity I,9.980494888896912
1649,,
1649,Activity N,9.980494888896912
1649,,
1649,Activity F,10.268165387743457
1650,,
1650,Activity B,8.188966863648876
1650,,
1650,Activity D,9.287394001418473
1650,,
1650,Activity M,9.798182590890704
1650,,
1650,Activity G,9.798182590890704
1650,,
1650,Activity L,9.980494888896912
1650,,
1650,Activity I,9.980494888896912
1650,,
1650,Activity F,10.268165387743457
1651,,
1651,Activity B,8.188966863648876
1651,,
1651,Activity D,9.287394001418473
1651,,
1651,Activity K,9.798182590890704
1651,,
1651,Activity M,9.798182590890704
1651,,
1651,Activity I,9.980494888896912
1651,,
1651,Activity N,9.980494888896912
1651,,
1651,Activity F,10.268165387743457
1652,,
1652,Activity B,8.188966863648876
1652,,
1652,Activity D,9.287394001418473
1652,,
1652,Activity M,9.798182590890704
1652,,
1652,Activity G,9.798182590890704
1652,,
1652,Activity L,9.980494888896912
1652,,
1652,Activity J,9.980494888896912
1652,,
1652,Activity F,10.268165387743457
1653,,
1653,Activity B,8.188966863648876
1653,,
1653,Activity D,9.287394001418473
1653,,
1653,Activity M,9.798182590890704
1653,,
1653,Activity K,9.798182590890704
1653,,
1653,Activity J,9.980494888896912
1653,,
1653,Activity L,9.980494888896912
1653,,
1653,Activity F,10.268165387743457
1654,,
1654,Activity B,8.188966863648876
1654,,
1654,Activity D,9.287394001418473
1654,,
1654,Activity M,9.798182590890704
1654,,
1654,Activity G,9.798182590890704
1654,,
1654,Activity L,9.980494888896912
1654,,
1654,Activity I,9.980494888896912
1654,,
1654,Activity F,10.268165387743457
1655,,
1655,Activity B,8.188966863648876
1655,,
1655,Activity D,9.287394001418473
1655,,
1655,Activity G,9.798182590890704
1655,,
1655,Activity M,9.798182590890704
1655,,
1655,Activity J,9.980494888896912
1655,,
1655,Activity N,9.980494888896912
1655,,
1655,Activity F,10.268165387743457
1656,,
1656,Activity B,8.188966863648876
1656,,
1656,Activity D,9.287394001418473
1656,,
1656,Activity K,9.798182590890704
1656,,
1656,Activity G,9.798182590890704
1656,,
1656,Activity N,9.980494888896912
1656,,
1656,Activity J,9.980494888896912
1656,,
1656,Activity F,10.268165387743457
1657,,
1657,Activity B,8.188966863648876
1657,,
1657,Activity D,9.287394001418473
1657,,
1657,Activity K,9.798182590890704
1657,,
1657,Activity G,9.798182590890704
1657,,
1657,Activity N,9.980494888896912
1657,,
1657,Activity I,9.980494888896912
1657,,
1657,Activity F,10.268165387743457
1658,,
1658,Activity B,8.188966863648876
1658,,
1658,Activity D,9.287394001418473
1658,,
1658,Activity M,9.798182590890704
1658,,
1658,Activity G,9.798182590890704
1658,,
1658,Activity L,9.980494888896912
1658,,
1658,Activity I,9.980494888896912
1658,,
1658,Activity F,10.268165387743457
1659,,
1659,Activity B,8.188966863648876
1659,,
1659,Activity D,9.287394001418473
1659,,
1659,Activity K,9.798182590890704
1659,,
1659,Activity G,9.798182590890704
1659,,
1659,Activity N,9.980494888896912
1659,,
1659,Activity J,9.980494888896912
1659,,
1659,Activity F,10.268165387743457
1660,,
1660,Activity B,8.188966863648876
1660,,
1660,Activity D,9.287394001418473
1660,,
1660,Activity G,9.798182590890704
1660,,
1660,Activity K,9.798182590890704
1660,,
1660,Activity J,9.980494888896912
1660,,
1660,Activity L,9.980494888896912
1660,,
1660,Activity F,10.268165387743457
1661,,
1661,Activity B,8.188966863648876
1661,,
1661,Activity D,9.287394001418473
1661,,
1661,Activity G,9.798182590890704
1661,,
1661,Activity K,9.798182590890704
1661,,
1661,Activity I,9.980494888896912
1661,,
1661,Activity L,9.980494888896912
1661,,
1661,Activity F,10.268165387743457
1662,,
1662,Activity B,8.188966863648876
1662,,
1662,Activity D,9.287394001418473
1662,,
1662,Activity K,9.798182590890704
1662,,
1662,Activity G,9.798182590890704
1662,,
1662,Activity N,9.980494888896912
1662,,
1662,Activity I,9.980494888896912
1662,,
1662,Activity F,10.268165387743457
1663,,
1663,Activity B,8.188966863648876
1663,,
1663,Activity D,9.287394001418473
1663,,
1663,Activity K,9.798182590890704
1663,,
1663,Activity G,9.798182590890704
1663,,
1663,Activity N,9.980494888896912
1663,,
1663,Activity I,9.980494888896912
1663,,
1663,Activity F,10.268165387743457
1664,,
1664,Activity B,8.188966863648876
1664,,
1664,Activity D,9.287394001418473
1664,,
1664,Activity G,9.798182590890704
1664,,
1664,Activity M,9.798182590890704
1664,,
1664,Activity J,9.980494888896912
1664,,
1664,Activity N,9.980494888896912
1664,,
1664,Activity F,10.268165387743457
1665,,
1665,Activity B,8.188966863648876
1665,,
1665,Activity D,9.287394001418473
1665,,
1665,Activity M,9.798182590890704
1665,,
1665,Activity K,9.798182590890704
1665,,
1665,Activity I,9.980494888896912
1665,,
1665,Activity L,9.980494888896912
1665,,
1665,Activity F,10.268165387743457
1666,,
1666,Activity B,8.188966863648876
1666,,
1666,Activity D,9.287394001418473
1666,,
1666,Activity G,9.798182590890704
1666,,
1666,Activity M,9.798182590890704
1666,,
1666,Activity J,9.980494888896912
1666,,
1666,Activity N,9.980494888896912
1666,,
1666,Activity F,10.268165387743457
1667,,
1667,Activity B,8.188966863648876
1667,,
1667,Activity D,9.287394001418473
1667,,
1667,Activity G,9.798182590890704
1667,,
1667,Activity K,9.798182590890704
1667,,
1667,Activity I,9.980494888896912
1667,,
1667,Activity L,9.980494888896912
1667,,
1667,Activity F,10.268165387743457
1668,,
1668,Activity B,8.188966863648876
1668,,
1668,Activity D,9.287394001418473
1668,,
1668,Activity G,9.798182590890704
1668,,
1668,Activity M,9.798182590890704
1668,,
1668,Activity J,9.980494888896912
1668,,
1668,Activity N,9.980494888896912
1668,,
1668,Activity F,10.268165387743457
1669,,
1669,Activity B,8.188966863648876
1669,,
1669,Activity D,9.287394001418473
1669,,
1669,Activity G,9.798182590890704
1669,,
1669,Activity M,9.798182590890704
1669,,
1669,Activity I,9.980494888896912
1669,,
1669,Activity N,9.980494888896912
1669,,
1669,Activity F,10.268165387743457
1670,,
1670,Activity B,8.188966863648876
1670,,
1670,Activity D,9.287394001418473
1670,,
1670,Activity M,9.798182590890704
1670,,
1670,Activity G,9.798182590890704
1670,,
1670,Activity L,9.980494888896912
1670,,
1670,Activity J,9.980494888896912
1670,,
1670,Activity F,10.268165387743457
1671,,
1671,Activity B,8.188966863648876
1671,,
1671,Activity D,9.287394001418473
1671,,
1671,Activity M,9.798182590890704
1671,,
1671,Activity K,9.798182590890704
1671,,
1671,Activity J,9.980494888896912
1671,,
1671,Activity L,9.980494888896912
1671,,
1671,Activity F,10.268165387743457
1672,,
1672,Activity B,8.188966863648876
1672,,
1672,Activity D,9.287394001418473
1672,,
1672,Activity M,9.798182590890704
1672,,
1672,Activity G,9.798182590890704
1672,,
1672,Activity L,9.980494888896912
1672,,
1672,Activity J,9.980494888896912
1672,,
1672,Activity F,10.268165387743457
1673,,
1673,Activity B,8.188966863648876
1673,,
1673,Activity D,9.287394001418473
1673,,
1673,Activity K,9.798182590890704
1673,,
1673,Activity M,9.798182590890704
1673,,
1673,Activity I,9.980494888896912
1673,,
1673,Activity N,9.980494888896912
1673,,
1673,Activity F,10.268165387743457
1674,,
1674,Activity B,8.188966863648876
1674,,
1674,Activity D,9.287394001418473
1674,,
1674,Activity K,9.798182590890704
1674,,
1674,Activity G,9.798182590890704
1674,,
1674,Activity N,9.980494888896912
1674,,
1674,Activity I,9.980494888896912
1674,,
1674,Activity F,10.268165387743457
1675,,
1675,Activity B,8.188966863648876
1675,,
1675,Activity D,9.287394001418473
1675,,
1675,Activity G,9.798182590890704
1675,,
1675,Activity M,9.798182590890704
1675,,
1675,Activity I,9.980494888896912
1675,,
1675,Activity N,9.980494888896912
1675,,
1675,Activity F,10.268165387743457
1676,,
1676,Activity B,8.188966863648876
1676,,
1676,Activity D,9.287394001418473
1676,,
1676,Activity K,9.798182590890704
1676,,
1676,Activity G,9.798182590890704
1676,,
1676,Activity N,9.980494888896912
1676,,
1676,Activity J,9.980494888896912
1676,,
1676,Activity F,10.268165387743457
1677,,
1677,Activity B,8.188966863648876
1677,,
1677,Activity D,9.287394001418473
1677,,
1677,Activity K,9.798182590890704
1677,,
1677,Activity G,9.798182590890704
1677,,
1677,Activity N,9.980494888896912
1677,,
1677,Activity I,9.980494888896912
1677,,
1677,Activity F,10.268165387743457
1678,,
1678,Activity B,8.188966863648876
1678,,
1678,Activity D,9.287394001418473
1678,,
1678,Activity G,9.798182590890704
1678,,
1678,Activity M,9.798182590890704
1678,,
1678,Activity J,9.980494888896912
1678,,
1678,Activity N,9.980494888896912
1678,,
1678,Activity F,10.268165387743457
1679,,
1679,Activity B,8.188966863648876
1679,,
1679,Activity D,9.287394001418473
1679,,
1679,Activity G,9.798182590890704
1679,,
1679,Activity K,9.798182590890704
1679,,
1679,Activity J,9.980494888896912
1679,,
1679,Activity L,9.980494888896912
1679,,
1679,Activity F,10.268165387743457
1680,,
1680,Activity B,8.188966863648876
1680,,
1680,Activity D,9.287394001418473
1680,,
1680,Activity K,9.798182590890704
1680,,
1680,Activity G,9.798182590890704
1680,,
1680,Activity N,9.980494888896912
1680,,
1680,Activity J,9.980494888896912
1680,,
1680,Activity F,10.268165387743457
1681,,
1681,Activity B,8.188966863648876
1681,,
1681,Activity D,9.287394001418473
1681,,
1681,Activity M,9.798182590890704
1681,,
1681,Activity G,9.798182590890704
1681,,
1681,Activity L,9.980494888896912
1681,,
1681,Activity I,9.980494888896912
1681,,
1681,Activity F,10.268165387743457
1682,,
1682,Activity B,8.188966863648876
1682,,
1682,Activity D,9.287394001418473
1682,,
1682,Activity G,9.798182590890704
1682,,
1682,Activity M,9.798182590890704
1682,,
1682,Activity J,9.980494888896912
1682,,
1682,Activity N,9.980494888896912
1682,,
1682,Activity F,10.268165387743457
1683,,
1683,Activity B,8.188966863648876
1683,,
1683,Activity D,9.287394001418473
1683,,
1683,Activity K,9.798182590890704
1683,,
1683,Activity G,9.798182590890704
1683,,
1683,Activity N,9.980494888896912
1683,,
1683,Activity J,9.980494888896912
1683,,
1683,Activity F,10.268165387743457
1684,,
1684,Activity B,8.188966863648876
1684,,
1684,Activity D,9.287394001418473
1684,,
1684,Activity M,9.798182590890704
1684,,
1684,Activity G,9.798182590890704
1684,,
1684,Activity L,9.980494888896912
1684,,
1684,Activity J,9.980494888896912
1684,,
1684,Activity F,10.268165387743457
1685,,
1685,Activity B,8.188966863648876
1685,,
1685,Activity D,9.287394001418473
1685,,
1685,Activity G,9.798182590890704
1685,,
1685,Activity M,9.798182590890704
1685,,
1685,Activity J,9.980494888896912
1685,,
1685,Activity N,9.980494888896912
1685,,
1685,Activity F,10.268165387743457
1686,,
1686,Activity B,8.188966863648876
1686,,
1686,Activity D,9.287394001418473
1686,,
1686,Activity M,9.798182590890704
1686,,
1686,Activity G,9.798182590890704
1686,,
1686,Activity L,9.980494888896912
1686,,
1686,Activity J,9.980494888896912
1686,,
1686,Activity F,10.268165387743457
1687,,
1687,Activity B,8.188966863648876
1687,,
1687,Activity D,9.287394001418473
1687,,
1687,Activity M,9.798182590890704
1687,,
1687,Activity K,9.798182590890704
1687,,
1687,Activity J,9.980494888896912
1687,,
1687,Activity L,9.980494888896912
1687,,
1687,Activity F,10.268165387743457
1688,,
1688,Activity B,8.188966863648876
1688,,
1688,Activity D,9.287394001418473
1688,,
1688,Activity K,9.798182590890704
1688,,
1688,Activity G,9.798182590890704
1688,,
1688,Activity N,9.980494888896912
1688,,
1688,Activity I,9.980494888896912
1688,,
1688,Activity F,10.268165387743457
1689,,
1689,Activity B,8.188966863648876
1689,,
1689,Activity D,9.287394001418473
1689,,
1689,Activity G,9.798182590890704
1689,,
1689,Activity K,9.798182590890704
1689,,
1689,Activity J,9.980494888896912
1689,,
1689,Activity L,9.980494888896912
1689,,
1689,Activity F,10.268165387743457
1690,,
1690,Activity B,8.188966863648876
1690,,
1690,Activity D,9.287394001418473
1690,,
1690,Activity M,9.798182590890704
1690,,
1690,Activity G,9.798182590890704
1690,,
1690,Activity L,9.980494888896912
1690,,
1690,Activity I,9.980494888896912
1690,,
1690,Activity F,10.268165387743457
1691,,
1691,Activity B,8.188966863648876
1691,,
1691,Activity D,9.287394001418473
1691,,
1691,Activity M,9.798182590890704
1691,,
1691,Activity K,9.798182590890704
1691,,
1691,Activity J,9.980494888896912
1691,,
1691,Activity L,9.980494888896912
1691,,
1691,Activity F,10.268165387743457
1692,,
1692,Activity B,8.188966863648876
1692,,
1692,Activity D,9.287394001418473
1692,,
1692,Activity G,9.798182590890704
1692,,
1692,Activity K,9.798182590890704
1692,,
1692,Activity J,9.980494888896912
1692,,
1692,Activity L,9.980494888896912
1692,,
1692,Activity F,10.268165387743457
1693,,
1693,Activity B,8.188966863648876
1693,,
1693,Activity D,9.287394001418473
1693,,
1693,Activity G,9.798182590890704
1693,,
1693,Activity K,9.798182590890704
1693,,
1693,Activity J,9.980494888896912
1693,,
1693,Activity L,9.980494888896912
1693,,
1693,Activity F,10.268165387743457
1694,,
1694,Activity B,8.188966863648876
1694,,
1694,Activity D,9.287394001418473
1694,,
1694,Activity M,9.798182590890704
1694,,
1694,Activity G,9.798182590890704
1694,,
1694,Activity L,9.980494888896912
1694,,
1694,Activity I,9.980494888896912
1694,,
1694,Activity F,10.268165387743457
1695,,
1695,Activity B,8.188966863648876
1695,,
1695,Activity D,9.287394001418473
1695,,
1695,Activity G,9.798182590890704
1695,,
1695,Activity K,9.798182590890704
1695,,
1695,Activity J,9.980494888896912
1695,,
1695,Activity L,9.980494888896912
1695,,
1695,Activity F,10.268165387743457
1696,,
1696,Activity B,8.188966863648876
1696,,
1696,Activity D,9.287394001418473
1696,,
1696,Activity K,9.798182590890704
1696,,
1696,Activity G,9.798182590890704
1696,,
1696,Activity N,9.980494888896912
1696,,
1696,Activity J,9.980494888896912
1696,,
1696,Activity F,10.268165387743457
1697,,
1697,Activity B,8.188966863648876
1697,,
1697,Activity D,9.287394001418473
1697,,
1697,Activity M,9.798182590890704
1697,,
1697,Activity G,9.798182590890704
1697,,
1697,Activity L,9.980494888896912
1697,,
1697,Activity I,9.980494888896912
1697,,
1697,Activity F,10.268165387743457
1698,,
1698,Activity B,8.188966863648876
1698,,
1698,Activity D,9.287394001418473
1698,,
1698,Activity G,9.798182590890704
1698,,
1698,Activity M,9.798182590890704
1698,,
1698,Activity J,9.980494888896912
1698,,
1698,Activity N,9.980494888896912
1698,,
1698,Activity F,10.268165387743457
1699,,
1699,Activity B,8.188966863648876
1699,,
1699,Activity D,9.287394001418473
1699,,
1699,Activity M,9.798182590890704
1699,,
1699,Activity K,9.798182590890704
1699,,
1699,Activity J,9.980494888896912
1699,,
1699,Activity L,9.980494888896912
1699,,
1699,Activity F,10.268165387743457
1700,,
1700,Activity B,8.188966863648876
1700,,
1700,Activity D,9.287394001418473
1700,,
1700,Activity K,9.798182590890704
1700,,
1700,Activity G,9.798182590890704
1700,,
1700,Activity N,9.980494888896912
1700,,
1700,Activity I,9.980494888896912
1700,,
1700,Activity F,10.268165387743457
1701,,
1701,Activity B,8.188966863648876
1701,,
1701,Activity D,9.287394001418473
1701,,
1701,Activity K,9.798182590890704
1701,,
1701,Activity G,9.798182590890704
1701,,
1701,Activity N,9.980494888896912
1701,,
1701,Activity J,9.980494888896912
1701,,
1701,Activity F,10.268165387743457
1702,,
1702,Activity B,8.188966863648876
1702,,
1702,Activity D,9.287394001418473
1702,,
1702,Activity K,9.798182590890704
1702,,
1702,Activity G,9.798182590890704
1702,,
1702,Activity N,9.980494888896912
1702,,
1702,Activity J,9.980494888896912
1702,,
1702,Activity F,10.268165387743457
1703,,
1703,Activity B,8.188966863648876
1703,,
1703,Activity D,9.287394001418473
1703,,
1703,Activity M,9.798182590890704
1703,,
1703,Activity K,9.798182590890704
1703,,
1703,Activity I,9.980494888896912
1703,,
1703,Activity L,9.980494888896912
1703,,
1703,Activity F,10.268165387743457
1704,,
1704,Activity B,8.188966863648876
1704,,
1704,Activity D,9.287394001418473
1704,,
1704,Activity G,9.798182590890704
1704,,
1704,Activity K,9.798182590890704
1704,,
1704,Activity I,9.980494888896912
1704,,
1704,Activity L,9.980494888896912
1704,,
1704,Activity F,10.268165387743457
1705,,
1705,Activity B,8.188966863648876
1705,,
1705,Activity D,9.287394001418473
1705,,
1705,Activity K,9.798182590890704
1705,,
1705,Activity G,9.798182590890704
1705,,
1705,Activity N,9.980494888896912
1705,,
1705,Activity I,9.980494888896912
1705,,
1705,Activity F,10.268165387743457
1706,,
1706,Activity B,8.188966863648876
1706,,
1706,Activity D,9.287394001418473
1706,,
1706,Activity G,9.798182590890704
1706,,
1706,Activity K,9.798182590890704
1706,,
1706,Activity J,9.980494888896912
1706,,
1706,Activity L,9.980494888896912
1706,,
1706,Activity F,10.268165387743457
1707,,
1707,Activity B,8.188966863648876
1707,,
1707,Activity D,9.287394001418473
1707,,
1707,Activity G,9.798182590890704
1707,,
1707,Activity K,9.798182590890704
1707,,
1707,Activity I,9.980494888896912
1707,,
1707,Activity L,9.980494888896912
1707,,
1707,Activity F,10.268165387743457
1708,,
1708,Activity B,8.188966863648876
1708,,
1708,Activity D,9.287394001418473
1708,,
1708,Activity M,9.798182590890704
1708,,
1708,Activity K,9.798182590890704
1708,,
1708,Activity I,9.980494888896912
1708,,
1708,Activity L,9.980494888896912
1708,,
1708,Activity F,10.268165387743457
1709,,
1709,Activity B,8.188966863648876
1709,,
1709,Activity D,9.287394001418473
1709,,
1709,Activity K,9.798182590890704
1709,,
1709,Activity M,9.798182590890704
1709,,
1709,Activity I,9.980494888896912
1709,,
1709,Activity N,9.980494888896912
1709,,
1709,Activity F,10.268165387743457
1710,,
1710,Activity B,8.188966863648876
1710,,
1710,Activity D,9.287394001418473
1710,,
1710,Activity K,9.798182590890704
1710,,
1710,Activity G,9.798182590890704
1710,,
1710,Activity N,9.980494888896912
1710,,
1710,Activity I,9.980494888896912
1710,,
1710,Activity F,10.268165387743457
1711,,
1711,Activity B,8.188966863648876
1711,,
1711,Activity D,9.287394001418473
1711,,
1711,Activity M,9.798182590890704
1711,,
1711,Activity G,9.798182590890704
1711,,
1711,Activity L,9.980494888896912
1711,,
1711,Activity I,9.980494888896912
1711,,
1711,Activity F,10.268165387743457
1712,,
1712,Activity B,8.188966863648876
1712,,
1712,Activity D,9.287394001418473
1712,,
1712,Activity G,9.798182590890704
1712,,
1712,Activity M,9.798182590890704
1712,,
1712,Activity J,9.980494888896912
1712,,
1712,Activity N,9.980494888896912
1712,,
1712,Activity F,10.268165387743457
1713,,
1713,Activity B,8.188966863648876
1713,,
1713,Activity D,9.287394001418473
1713,,
1713,Activity K,9.798182590890704
1713,,
1713,Activity G,9.798182590890704
1713,,
1713,Activity N,9.980494888896912
1713,,
1713,Activity J,9.980494888896912
1713,,
1713,Activity F,10.268165387743457
1714,,
1714,Activity B,8.188966863648876
1714,,
1714,Activity D,9.287394001418473
1714,,
1714,Activity G,9.798182590890704
1714,,
1714,Activity M,9.798182590890704
1714,,
1714,Activity J,9.980494888896912
1714,,
1714,Activity N,9.980494888896912
1714,,
1714,Activity F,10.268165387743457
1715,,
1715,Activity B,8.188966863648876
1715,,
1715,Activity D,9.287394001418473
1715,,
1715,Activity M,9.798182590890704
1715,,
1715,Activity K,9.798182590890704
1715,,
1715,Activity J,9.980494888896912
1715,,
1715,Activity L,9.980494888896912
1715,,
1715,Activity F,10.268165387743457
1716,,
1716,Activity B,8.188966863648876
1716,,
1716,Activity D,9.287394001418473
1716,,
1716,Activity G,9.798182590890704
1716,,
1716,Activity M,9.798182590890704
1716,,
1716,Activity I,9.980494888896912
1716,,
1716,Activity N,9.980494888896912
1716,,
1716,Activity F,10.268165387743457
1717,,
1717,Activity B,8.188966863648876
1717,,
1717,Activity D,9.287394001418473
1717,,
1717,Activity G,9.798182590890704
1717,,
1717,Activity K,9.798182590890704
1717,,
1717,Activity J,9.980494888896912
1717,,
1717,Activity L,9.980494888896912
1717,,
1717,Activity F,10.268165387743457
1718,,
1718,Activity B,8.188966863648876
1718,,
1718,Activity D,9.287394001418473
1718,,
1718,Activity G,9.798182590890704
1718,,
1718,Activity K,9.798182590890704
1718,,
1718,Activity J,9.980494888896912
1718,,
1718,Activity L,9.980494888896912
1718,,
1718,Activity F,10.268165387743457
1719,,
1719,Activity B,8.188966863648876
1719,,
1719,Activity D,9.287394001418473
1719,,
1719,Activity M,9.798182590890704
1719,,
1719,Activity K,9.798182590890704
1719,,
1719,Activity J,9.980494888896912
1719,,
1719,Activity L,9.980494888896912
1719,,
1719,Activity F,10.268165387743457
1720,,
1720,Activity B,8.188966863648876
1720,,
1720,Activity D,9.287394001418473
1720,,
1720,Activity G,9.798182590890704
1720,,
1720,Activity M,9.798182590890704
1720,,
1720,Activity I,9.980494888896912
1720,,
1720,Activity N,9.980494888896912
1720,,
1720,Activity F,10.268165387743457
1721,,
1721,Activity B,8.188966863648876
1721,,
1721,Activity D,9.287394001418473
1721,,
1721,Activity M,9.798182590890704
1721,,
1721,Activity G,9.798182590890704
1721,,
1721,Activity L,9.980494888896912
1721,,
1721,Activity J,9.980494888896912
1721,,
1721,Activity F,10.268165387743457
1722,,
1722,Activity B,8.188966863648876
1722,,
1722,Activity D,9.287394001418473
1722,,
1722,Activity M,9.798182590890704
1722,,
1722,Activity K,9.798182590890704
1722,,
1722,Activity I,9.980494888896912
1722,,
1722,Activity L,9.980494888896912
1722,,
1722,Activity F,10.268165387743457
1723,,
1723,Activity B,8.188966863648876
1723,,
1723,Activity D,9.287394001418473
1723,,
1723,Activity M,9.798182590890704
1723,,
1723,Activity K,9.798182590890704
1723,,
1723,Activity I,9.980494888896912
1723,,
1723,Activity L,9.980494888896912
1723,,
1723,Activity F,10.268165387743457
1724,,
1724,Activity B,8.188966863648876
1724,,
1724,Activity D,9.287394001418473
1724,,
1724,Activity K,9.798182590890704
1724,,
1724,Activity G,9.798182590890704
1724,,
1724,Activity N,9.980494888896912
1724,,
1724,Activity I,9.980494888896912
1724,,
1724,Activity F,10.268165387743457
1725,,
1725,Activity B,8.188966863648876
1725,,
1725,Activity D,9.287394001418473
1725,,
1725,Activity M,9.798182590890704
1725,,
1725,Activity K,9.798182590890704
1725,,
1725,Activity I,9.980494888896912
1725,,
1725,Activity L,9.980494888896912
1725,,
1725,Activity F,10.268165387743457
1726,,
1726,Activity B,8.188966863648876
1726,,
1726,Activity D,9.287394001418473
1726,,
1726,Activity K,9.798182590890704
1726,,
1726,Activity M,9.798182590890704
1726,,
1726,Activity J,9.980494888896912
1726,,
1726,Activity N,9.980494888896912
1726,,
1726,Activity F,10.268165387743457
1727,,
1727,Activity B,8.188966863648876
1727,,
1727,Activity D,9.287394001418473
1727,,
1727,Activity G,9.798182590890704
1727,,
1727,Activity K,9.798182590890704
1727,,
1727,Activity I,9.980494888896912
1727,,
1727,Activity L,9.980494888896912
1727,,
1727,Activity F,10.268165387743457
1728,,
1728,Activity B,8.188966863648876
1728,,
1728,Activity D,9.287394001418473
1728,,
1728,Activity M,9.798182590890704
1728,,
1728,Activity G,9.798182590890704
1728,,
1728,Activity L,9.980494888896912
1728,,
1728,Activity J,9.980494888896912
1728,,
1728,Activity F,10.268165387743457
1729,,
1729,Activity B,8.188966863648876
1729,,
1729,Activity D,9.287394001418473
1729,,
1729,Activity M,9.798182590890704
1729,,
1729,Activity G,9.798182590890704
1729,,
1729,Activity L,9.980494888896912
1729,,
1729,Activity J,9.980494888896912
1729,,
1729,Activity F,10.268165387743457
1730,,
1730,Activity B,8.188966863648876
1730,,
1730,Activity D,9.287394001418473
1730,,
1730,Activity G,9.798182590890704
1730,,
1730,Activity K,9.798182590890704
1730,,
1730,Activity J,9.980494888896912
1730,,
1730,Activity L,9.980494888896912
1730,,
1730,Activity F,10.268165387743457
1731,,
1731,Activity B,8.188966863648876
1731,,
1731,Activity D,9.287394001418473
1731,,
1731,Activity G,9.798182590890704
1731,,
1731,Activity M,9.798182590890704
1731,,
1731,Activity I,9.980494888896912
1731,,
1731,Activity N,9.980494888896912
1731,,
1731,Activity F,10.268165387743457
1732,,
1732,Activity B,8.188966863648876
1732,,
1732,Activity D,9.287394001418473
1732,,
1732,Activity K,9.798182590890704
1732,,
1732,Activity G,9.798182590890704
1732,,
1732,Activity N,9.980494888896912
1732,,
1732,Activity J,9.980494888896912
1732,,
1732,Activity F,10.268165387743457
1733,,
1733,Activity B,8.188966863648876
1733,,
1733,Activity D,9.287394001418473
1733,,
1733,Activity M,9.798182590890704
1733,,
1733,Activity K,9.798182590890704
1733,,
1733,Activity I,9.980494888896912
1733,,
1733,Activity L,9.980494888896912
1733,,
1733,Activity F,10.268165387743457
1734,,
1734,Activity B,8.188966863648876
1734,,
1734,Activity D,9.287394001418473
1734,,
1734,Activity K,9.798182590890704
1734,,
1734,Activity M,9.798182590890704
1734,,
1734,Activity I,9.980494888896912
1734,,
1734,Activity N,9.980494888896912
1734,,
1734,Activity F,10.268165387743457
1735,,
1735,Activity B,8.188966863648876
1735,,
1735,Activity D,9.287394001418473
1735,,
1735,Activity K,9.798182590890704
1735,,
1735,Activity M,9.798182590890704
1735,,
1735,Activity I,9.980494888896912
1735,,
1735,Activity N,9.980494888896912
1735,,
1735,Activity F,10.268165387743457
1736,,
1736,Activity B,8.188966863648876
1736,,
1736,Activity D,9.287394001418473
1736,,
1736,Activity M,9.798182590890704
1736,,
1736,Activity G,9.798182590890704
1736,,
1736,Activity L,9.980494888896912
1736,,
1736,Activity I,9.980494888896912
1736,,
1736,Activity F,10.268165387743457
1737,,
1737,Activity B,8.188966863648876
1737,,
1737,Activity D,9.287394001418473
1737,,
1737,Activity G,9.798182590890704
1737,,
1737,Activity M,9.798182590890704
1737,,
1737,Activity J,9.980494888896912
1737,,
1737,Activity N,9.980494888896912
1737,,
1737,Activity F,10.268165387743457
1738,,
1738,Activity B,8.188966863648876
1738,,
1738,Activity D,9.287394001418473
1738,,
1738,Activity M,9.798182590890704
1738,,
1738,Activity K,9.798182590890704
1738,,
1738,Activity J,9.980494888896912
1738,,
1738,Activity L,9.980494888896912
1738,,
1738,Activity F,10.268165387743457
1739,,
1739,Activity B,8.188966863648876
1739,,
1739,Activity D,9.287394001418473
1739,,
1739,Activity M,9.798182590890704
1739,,
1739,Activity K,9.798182590890704
1739,,
1739,Activity J,9.980494888896912
1739,,
1739,Activity L,9.980494888896912
1739,,
1739,Activity F,10.268165387743457
1740,,
1740,Activity B,8.188966863648876
1740,,
1740,Activity D,9.287394001418473
1740,,
1740,Activity K,9.798182590890704
1740,,
1740,Activity G,9.798182590890704
1740,,
1740,Activity N,9.980494888896912
1740,,
1740,Activity J,9.980494888896912
1740,,
1740,Activity F,10.268165387743457
1741,,
1741,Activity B,8.188966863648876
1741,,
1741,Activity D,9.287394001418473
1741,,
1741,Activity M,9.798182590890704
1741,,
1741,Activity G,9.798182590890704
1741,,
1741,Activity L,9.980494888896912
1741,,
1741,Activity I,9.980494888896912
1741,,
1741,Activity F,10.268165387743457
1742,,
1742,Activity B,8.188966863648876
1742,,
1742,Activity D,9.287394001418473
1742,,
1742,Activity M,9.798182590890704
1742,,
1742,Activity K,9.798182590890704
1742,,
1742,Activity I,9.980494888896912
1742,,
1742,Activity L,9.980494888896912
1742,,
1742,Activity F,10.268165387743457
1743,,
1743,Activity B,8.188966863648876
1743,,
1743,Activity D,9.287394001418473
1743,,
1743,Activity G,9.798182590890704
1743,,
1743,Activity K,9.798182590890704
1743,,
1743,Activity I,9.980494888896912
1743,,
1743,Activity L,9.980494888896912
1743,,
1743,Activity F,10.268165387743457
1744,,
1744,Activity B,8.188966863648876
1744,,
1744,Activity D,9.287394001418473
1744,,
1744,Activity M,9.798182590890704
1744,,
1744,Activity G,9.798182590890704
1744,,
1744,Activity L,9.980494888896912
1744,,
1744,Activity J,9.980494888896912
1744,,
1744,Activity F,10.268165387743457
1745,,
1745,Activity B,8.188966863648876
1745,,
1745,Activity D,9.287394001418473
1745,,
1745,Activity G,9.798182590890704
1745,,
1745,Activity M,9.798182590890704
1745,,
1745,Activity J,9.980494888896912
1745,,
1745,Activity N,9.980494888896912
1745,,
1745,Activity F,10.268165387743457
1746,,
1746,Activity B,8.188966863648876
1746,,
1746,Activity D,9.287394001418473
1746,,
1746,Activity K,9.798182590890704
1746,,
1746,Activity G,9.798182590890704
1746,,
1746,Activity N,9.980494888896912
1746,,
1746,Activity I,9.980494888896912
1746,,
1746,Activity F,10.268165387743457
1747,,
1747,Activity B,8.188966863648876
1747,,
1747,Activity D,9.287394001418473
1747,,
1747,Activity M,9.798182590890704
1747,,
1747,Activity K,9.798182590890704
1747,,
1747,Activity J,9.980494888896912
1747,,
1747,Activity L,9.980494888896912
1747,,
1747,Activity F,10.268165387743457
1748,,
1748,Activity B,8.188966863648876
1748,,
1748,Activity D,9.287394001418473
1748,,
1748,Activity G,9.798182590890704
1748,,
1748,Activity M,9.798182590890704
1748,,
1748,Activity J,9.980494888896912
1748,,
1748,Activity N,9.980494888896912
1748,,
1748,Activity F,10.268165387743457
1749,,
1749,Activity B,8.188966863648876
1749,,
1749,Activity D,9.287394001418473
1749,,
1749,Activity K,9.798182590890704
1749,,
1749,Activity G,9.798182590890704
1749,,
1749,Activity N,9.980494888896912
1749,,
1749,Activity J,9.980494888896912
1749,,
1749,Activity F,10.268165387743457
1750,,
1750,Activity B,8.188966863648876
1750,,
1750,Activity D,9.287394001418473
1750,,
1750,Activity G,9.798182590890704
1750,,
1750,Activity K,9.798182590890704
1750,,
1750,Activity I,9.980494888896912
1750,,
1750,Activity L,9.980494888896912
1750,,
1750,Activity F,10.268165387743457
1751,,
1751,Activity B,8.188966863648876
1751,,
1751,Activity D,9.287394001418473
1751,,
1751,Activity M,9.798182590890704
1751,,
1751,Activity K,9.798182590890704
1751,,
1751,Activity J,9.980494888896912
1751,,
1751,Activity L,9.980494888896912
1751,,
1751,Activity F,10.268165387743457
1752,,
1752,Activity B,8.188966863648876
1752,,
1752,Activity D,9.287394001418473
1752,,
1752,Activity M,9.798182590890704
1752,,
1752,Activity G,9.798182590890704
1752,,
1752,Activity L,9.980494888896912
1752,,
1752,Activity I,9.980494888896912
1752,,
1752,Activity F,10.268165387743457
1753,,
1753,Activity B,8.188966863648876
1753,,
1753,Activity D,9.287394001418473
1753,,
1753,Activity M,9.798182590890704
1753,,
1753,Activity K,9.798182590890704
1753,,
1753,Activity I,9.980494888896912
1753,,
1753,Activity L,9.980494888896912
1753,,
1753,Activity F,10.268165387743457
1754,,
1754,Activity B,8.188966863648876
1754,,
1754,Activity D,9.287394001418473
1754,,
1754,Activity G,9.798182590890704
1754,,
1754,Activity M,9.798182590890704
1754,,
1754,Activity J,9.980494888896912
1754,,
1754,Activity N,9.980494888896912
1754,,
1754,Activity F,10.268165387743457
1755,,
1755,Activity B,8.188966863648876
1755,,
1755,Activity D,9.287394001418473
1755,,
1755,Activity G,9.798182590890704
1755,,
1755,Activity M,9.798182590890704
1755,,
1755,Activity I,9.980494888896912
1755,,
1755,Activity N,9.980494888896912
1755,,
1755,Activity F,10.268165387743457
1756,,
1756,Activity B,8.188966863648876
1756,,
1756,Activity D,9.287394001418473
1756,,
1756,Activity K,9.798182590890704
1756,,
1756,Activity M,9.798182590890704
1756,,
1756,Activity I,9.980494888896912
1756,,
1756,Activity N,9.980494888896912
1756,,
1756,Activity F,10.268165387743457
1757,,
1757,Activity B,8.188966863648876
1757,,
1757,Activity D,9.287394001418473
1757,,
1757,Activity G,9.798182590890704
1757,,
1757,Activity M,9.798182590890704
1757,,
1757,Activity I,9.980494888896912
1757,,
1757,Activity N,9.980494888896912
1757,,
1757,Activity F,10.268165387743457
1758,,
1758,Activity B,8.188966863648876
1758,,
1758,Activity D,9.287394001418473
1758,,
1758,Activity M,9.798182590890704
1758,,
1758,Activity G,9.798182590890704
1758,,
1758,Activity L,9.980494888896912
1758,,
1758,Activity I,9.980494888896912
1758,,
1758,Activity F,10.268165387743457
1759,,
1759,Activity B,8.188966863648876
1759,,
1759,Activity D,9.287394001418473
1759,,
1759,Activity K,9.798182590890704
1759,,
1759,Activity M,9.798182590890704
1759,,
1759,Activity J,9.980494888896912
1759,,
1759,Activity N,9.980494888896912
1759,,
1759,Activity F,10.268165387743457
1760,,
1760,Activity B,8.188966863648876
1760,,
1760,Activity D,9.287394001418473
1760,,
1760,Activity M,9.798182590890704
1760,,
1760,Activity G,9.798182590890704
1760,,
1760,Activity L,9.980494888896912
1760,,
1760,Activity J,9.980494888896912
1760,,
1760,Activity F,10.268165387743457
1761,,
1761,Activity B,8.188966863648876
1761,,
1761,Activity D,9.287394001418473
1761,,
1761,Activity M,9.798182590890704
1761,,
1761,Activity G,9.798182590890704
1761,,
1761,Activity L,9.980494888896912
1761,,
1761,Activity I,9.980494888896912
1761,,
1761,Activity F,10.268165387743457
1762,,
1762,Activity B,8.188966863648876
1762,,
1762,Activity D,9.287394001418473
1762,,
1762,Activity G,9.798182590890704
1762,,
1762,Activity K,9.798182590890704
1762,,
1762,Activity I,9.980494888896912
1762,,
1762,Activity L,9.980494888896912
1762,,
1762,Activity F,10.268165387743457
1763,,
1763,Activity B,8.188966863648876
1763,,
1763,Activity D,9.287394001418473
1763,,
1763,Activity K,9.798182590890704
1763,,
1763,Activity G,9.798182590890704
1763,,
1763,Activity N,9.980494888896912
1763,,
1763,Activity J,9.980494888896912
1763,,
1763,Activity F,10.268165387743457
1764,,
1764,Activity B,8.188966863648876
1764,,
1764,Activity D,9.287394001418473
1764,,
1764,Activity K,9.798182590890704
1764,,
1764,Activity M,9.798182590890704
1764,,
1764,Activity I,9.980494888896912
1764,,
1764,Activity N,9.980494888896912
1764,,
1764,Activity F,10.268165387743457
1765,,
1765,Activity B,8.188966863648876
1765,,
1765,Activity D,9.287394001418473
1765,,
1765,Activity K,9.798182590890704
1765,,
1765,Activity G,9.798182590890704
1765,,
1765,Activity N,9.980494888896912
1765,,
1765,Activity J,9.980494888896912
1765,,
1765,Activity F,10.268165387743457
1766,,
1766,Activity B,8.188966863648876
1766,,
1766,Activity D,9.287394001418473
1766,,
1766,Activity M,9.798182590890704
1766,,
1766,Activity G,9.798182590890704
1766,,
1766,Activity L,9.980494888896912
1766,,
1766,Activity J,9.980494888896912
1766,,
1766,Activity F,10.268165387743457
1767,,
1767,Activity B,8.188966863648876
1767,,
1767,Activity D,9.287394001418473
1767,,
1767,Activity K,9.798182590890704
1767,,
1767,Activity G,9.798182590890704
1767,,
1767,Activity N,9.980494888896912
1767,,
1767,Activity J,9.980494888896912
1767,,
1767,Activity F,10.268165387743457
1768,,
1768,Activity B,8.188966863648876
1768,,
1768,Activity D,9.287394001418473
1768,,
1768,Activity M,9.798182590890704
1768,,
1768,Activity G,9.798182590890704
1768,,
1768,Activity L,9.980494888896912
1768,,
1768,Activity J,9.980494888896912
1768,,
1768,Activity F,10.268165387743457
1769,,
1769,Activity B,8.188966863648876
1769,,
1769,Activity D,9.287394001418473
1769,,
1769,Activity M,9.798182590890704
1769,,
1769,Activity G,9.798182590890704
1769,,
1769,Activity L,9.980494888896912
1769,,
1769,Activity I,9.980494888896912
1769,,
1769,Activity F,10.268165387743457
1770,,
1770,Activity B,8.188966863648876
1770,,
1770,Activity D,9.287394001418473
1770,,
1770,Activity G,9.798182590890704
1770,,
1770,Activity M,9.798182590890704
1770,,
1770,Activity I,9.980494888896912
1770,,
1770,Activity N,9.980494888896912
1770,,
1770,Activity F,10.268165387743457
1771,,
1771,Activity B,8.188966863648876
1771,,
1771,Activity D,9.287394001418473
1771,,
1771,Activity K,9.798182590890704
1771,,
1771,Activity M,9.798182590890704
1771,,
1771,Activity J,9.980494888896912
1771,,
1771,Activity N,9.980494888896912
1771,,
1771,Activity F,10.268165387743457
1772,,
1772,Activity B,8.188966863648876
1772,,
1772,Activity D,9.287394001418473
1772,,
1772,Activity M,9.798182590890704
1772,,
1772,Activity K,9.798182590890704
1772,,
1772,Activity J,9.980494888896912
1772,,
1772,Activity L,9.980494888896912
1772,,
1772,Activity F,10.268165387743457
1773,,
1773,Activity B,8.188966863648876
1773,,
1773,Activity D,9.287394001418473
1773,,
1773,Activity G,9.798182590890704
1773,,
1773,Activity K,9.798182590890704
1773,,
1773,Activity J,9.980494888896912
1773,,
1773,Activity L,9.980494888896912
1773,,
1773,Activity F,10.268165387743457
1774,,
1774,Activity B,8.188966863648876
1774,,
1774,Activity D,9.287394001418473
1774,,
1774,Activity M,9.798182590890704
1774,,
1774,Activity K,9.798182590890704
1774,,
1774,Activity I,9.980494888896912
1774,,
1774,Activity L,9.980494888896912
1774,,
1774,Activity F,10.268165387743457
1775,,
1775,Activity B,8.188966863648876
1775,,
1775,Activity D,9.287394001418473
1775,,
1775,Activity M,9.798182590890704
1775,,
1775,Activity K,9.798182590890704
1775,,
1775,Activity I,9.980494888896912
1775,,
1775,Activity L,9.980494888896912
1775,,
1775,Activity F,10.268165387743457
1776,,
1776,Activity B,8.188966863648876
1776,,
1776,Activity D,9.287394001418473
1776,,
1776,Activity K,9.798182590890704
1776,,
1776,Activity M,9.798182590890704
1776,,
1776,Activity I,9.980494888896912
1776,,
1776,Activity N,9.980494888896912
1776,,
1776,Activity F,10.268165387743457
1777,,
1777,Activity B,8.188966863648876
1777,,
1777,Activity D,9.287394001418473
1777,,
1777,Activity G,9.798182590890704
1777,,
1777,Activity K,9.798182590890704
1777,,
1777,Activity I,9.980494888896912
1777,,
1777,Activity L,9.980494888896912
1777,,
1777,Activity F,10.268165387743457
1778,,
1778,Activity B,8.188966863648876
1778,,
1778,Activity D,9.287394001418473
1778,,
1778,Activity M,9.798182590890704
1778,,
1778,Activity K,9.798182590890704
1778,,
1778,Activity I,9.980494888896912
1778,,
1778,Activity L,9.980494888896912
1778,,
1778,Activity F,10.268165387743457
1779,,
1779,Activity B,8.188966863648876
1779,,
1779,Activity D,9.287394001418473
1779,,
1779,Activity G,9.798182590890704
1779,,
1779,Activity K,9.798182590890704
1779,,
1779,Activity J,9.980494888896912
1779,,
1779,Activity L,9.980494888896912
1779,,
1779,Activity F,10.268165387743457
1780,,
1780,Activity B,8.188966863648876
1780,,
1780,Activity D,9.287394001418473
1780,,
1780,Activity K,9.798182590890704
1780,,
1780,Activity M,9.798182590890704
1780,,
1780,Activity J,9.980494888896912
1780,,
1780,Activity N,9.980494888896912
1780,,
1780,Activity F,10.268165387743457
1781,,
1781,Activity B,8.188966863648876
1781,,
1781,Activity D,9.287394001418473
1781,,
1781,Activity K,9.798182590890704
1781,,
1781,Activity G,9.798182590890704
1781,,
1781,Activity N,9.980494888896912
1781,,
1781,Activity I,9.980494888896912
1781,,
1781,Activity F,10.268165387743457
1782,,
1782,Activity B,8.188966863648876
1782,,
1782,Activity D,9.287394001418473
1782,,
1782,Activity K,9.798182590890704
1782,,
1782,Activity G,9.798182590890704
1782,,
1782,Activity N,9.980494888896912
1782,,
1782,Activity I,9.980494888896912
1782,,
1782,Activity F,10.268165387743457
1783,,
1783,Activity B,8.188966863648876
1783,,
1783,Activity D,9.287394001418473
1783,,
1783,Activity M,9.798182590890704
1783,,
1783,Activity K,9.798182590890704
1783,,
1783,Activity I,9.980494888896912
1783,,
1783,Activity L,9.980494888896912
1783,,
1783,Activity F,10.268165387743457
1784,,
1784,Activity B,8.188966863648876
1784,,
1784,Activity D,9.287394001418473
1784,,
1784,Activity G,9.798182590890704
1784,,
1784,Activity K,9.798182590890704
1784,,
1784,Activity J,9.980494888896912
1784,,
1784,Activity L,9.980494888896912
1784,,
1784,Activity F,10.268165387743457
1785,,
1785,Activity B,8.188966863648876
1785,,
1785,Activity D,9.287394001418473
1785,,
1785,Activity K,9.798182590890704
1785,,
1785,Activity M,9.798182590890704
1785,,
1785,Activity I,9.980494888896912
1785,,
1785,Activity N,9.980494888896912
1785,,
1785,Activity F,10.268165387743457
1786,,
1786,Activity B,8.188966863648876
1786,,
1786,Activity D,9.287394001418473
1786,,
1786,Activity K,9.798182590890704
1786,,
1786,Activity G,9.798182590890704
1786,,
1786,Activity N,9.980494888896912
1786,,
1786,Activity I,9.980494888896912
1786,,
1786,Activity F,10.268165387743457
1787,,
1787,Activity B,8.188966863648876
1787,,
1787,Activity D,9.287394001418473
1787,,
1787,Activity K,9.798182590890704
1787,,
1787,Activity G,9.798182590890704
1787,,
1787,Activity N,9.980494888896912
1787,,
1787,Activity I,9.980494888896912
1787,,
1787,Activity F,10.268165387743457
1788,,
1788,Activity B,8.188966863648876
1788,,
1788,Activity D,9.287394001418473
1788,,
1788,Activity M,9.798182590890704
1788,,
1788,Activity G,9.798182590890704
1788,,
1788,Activity L,9.980494888896912
1788,,
1788,Activity J,9.980494888896912
1788,,
1788,Activity F,10.268165387743457
1789,,
1789,Activity B,8.188966863648876
1789,,
1789,Activity D,9.287394001418473
1789,,
1789,Activity M,9.798182590890704
1789,,
1789,Activity K,9.798182590890704
1789,,
1789,Activity I,9.980494888896912
1789,,
1789,Activity L,9.980494888896912
1789,,
1789,Activity F,10.268165387743457
1790,,
1790,Activity B,8.188966863648876
1790,,
1790,Activity D,9.287394001418473
1790,,
1790,Activity K,9.798182590890704
1790,,
1790,Activity M,9.798182590890704
1790,,
1790,Activity I,9.980494888896912
1790,,
1790,Activity N,9.980494888896912
1790,,
1790,Activity F,10.268165387743457
1791,,
1791,Activity B,8.188966863648876
1791,,
1791,Activity D,9.287394001418473
1791,,
1791,Activity M,9.798182590890704
1791,,
1791,Activity K,9.798182590890704
1791,,
1791,Activity I,9.980494888896912
1791,,
1791,Activity L,9.980494888896912
1791,,
1791,Activity F,10.268165387743457
1792,,
1792,Activity B,8.188966863648876
1792,,
1792,Activity D,9.287394001418473
1792,,
1792,Activity M,9.798182590890704
1792,,
1792,Activity G,9.798182590890704
1792,,
1792,Activity L,9.980494888896912
1792,,
1792,Activity J,9.980494888896912
1792,,
1792,Activity F,10.268165387743457
1793,,
1793,Activity B,8.188966863648876
1793,,
1793,Activity D,9.287394001418473
1793,,
1793,Activity K,9.798182590890704
1793,,
1793,Activity G,9.798182590890704
1793,,
1793,Activity N,9.980494888896912
1793,,
1793,Activity I,9.980494888896912
1793,,
1793,Activity F,10.268165387743457
1794,,
1794,Activity B,8.188966863648876
1794,,
1794,Activity D,9.287394001418473
1794,,
1794,Activity K,9.798182590890704
1794,,
1794,Activity M,9.798182590890704
1794,,
1794,Activity J,9.980494888896912
1794,,
1794,Activity N,9.980494888896912
1794,,
1794,Activity F,10.268165387743457
1795,,
1795,Activity B,8.188966863648876
1795,,
1795,Activity D,9.287394001418473
1795,,
1795,Activity G,9.798182590890704
1795,,
1795,Activity K,9.798182590890704
1795,,
1795,Activity J,9.980494888896912
1795,,
1795,Activity L,9.980494888896912
1795,,
1795,Activity F,10.268165387743457
1796,,
1796,Activity B,8.188966863648876
1796,,
1796,Activity D,9.287394001418473
1796,,
1796,Activity K,9.798182590890704
1796,,
1796,Activity M,9.798182590890704
1796,,
1796,Activity J,9.980494888896912
1796,,
1796,Activity N,9.980494888896912
1796,,
1796,Activity F,10.268165387743457
1797,,
1797,Activity B,8.188966863648876
1797,,
1797,Activity D,9.287394001418473
1797,,
1797,Activity G,9.798182590890704
1797,,
1797,Activity K,9.798182590890704
1797,,
1797,Activity J,9.980494888896912
1797,,
1797,Activity L,9.980494888896912
1797,,
1797,Activity F,10.268165387743457
1798,,
1798,Activity B,8.188966863648876
1798,,
1798,Activity D,9.287394001418473
1798,,
1798,Activity M,9.798182590890704
1798,,
1798,Activity K,9.798182590890704
1798,,
1798,Activity J,9.980494888896912
1798,,
1798,Activity L,9.980494888896912
1798,,
1798,Activity F,10.268165387743457
1799,,
1799,Activity B,8.188966863648876
1799,,
1799,Activity D,9.287394001418473
1799,,
1799,Activity M,9.798182590890704
1799,,
1799,Activity K,9.798182590890704
1799,,
1799,Activity J,9.980494888896912
1799,,
1799,Activity L,9.980494888896912
1799,,
1799,Activity F,10.268165387743457
1800,,
1800,Activity B,8.188966863648876
1800,,
1800,Activity D,9.287394001418473
1800,,
1800,Activity K,9.798182590890704
1800,,
1800,Activity M,9.798182590890704
1800,,
1800,Activity J,9.980494888896912
1800,,
1800,Activity N,9.980494888896912
1800,,
1800,Activity F,10.268165387743457
1801,,
1801,Activity B,8.188966863648876
1801,,
1801,Activity D,9.287394001418473
1801,,
1801,Activity G,9.798182590890704
1801,,
1801,Activity M,9.798182590890704
1801,,
1801,Activity J,9.980494888896912
1801,,
1801,Activity N,9.980494888896912
1801,,
1801,Activity F,10.268165387743457
1802,,
1802,Activity B,8.188966863648876
1802,,
1802,Activity D,9.287394001418473
1802,,
1802,Activity M,9.798182590890704
1802,,
1802,Activity K,9.798182590890704
1802,,
1802,Activity J,9.980494888896912
1802,,
1802,Activity L,9.980494888896912
1802,,
1802,Activity F,10.268165387743457
1803,,
1803,Activity B,8.188966863648876
1803,,
1803,Activity D,9.287394001418473
1803,,
1803,Activity G,9.798182590890704
1803,,
1803,Activity K,9.798182590890704
1803,,
1803,Activity J,9.980494888896912
1803,,
1803,Activity L,9.980494888896912
1803,,
1803,Activity F,10.268165387743457
1804,,
1804,Activity B,8.188966863648876
1804,,
1804,Activity D,9.287394001418473
1804,,
1804,Activity K,9.798182590890704
1804,,
1804,Activity G,9.798182590890704
1804,,
1804,Activity N,9.980494888896912
1804,,
1804,Activity I,9.980494888896912
1804,,
1804,Activity F,10.268165387743457
1805,,
1805,Activity B,8.188966863648876
1805,,
1805,Activity D,9.287394001418473
1805,,
1805,Activity K,9.798182590890704
1805,,
1805,Activity G,9.798182590890704
1805,,
1805,Activity N,9.980494888896912
1805,,
1805,Activity J,9.980494888896912
1805,,
1805,Activity F,10.268165387743457
1806,,
1806,Activity B,8.188966863648876
1806,,
1806,Activity D,9.287394001418473
1806,,
1806,Activity K,9.798182590890704
1806,,
1806,Activity G,9.798182590890704
1806,,
1806,Activity N,9.980494888896912
1806,,
1806,Activity I,9.980494888896912
1806,,
1806,Activity F,10.268165387743457
1807,,
1807,Activity B,8.188966863648876
1807,,
1807,Activity D,9.287394001418473
1807,,
1807,Activity K,9.798182590890704
1807,,
1807,Activity G,9.798182590890704
1807,,
1807,Activity N,9.980494888896912
1807,,
1807,Activity J,9.980494888896912
1807,,
1807,Activity F,10.268165387743457
1808,,
1808,Activity B,8.188966863648876
1808,,
1808,Activity D,9.287394001418473
1808,,
1808,Activity M,9.798182590890704
1808,,
1808,Activity K,9.798182590890704
1808,,
1808,Activity J,9.980494888896912
1808,,
1808,Activity L,9.980494888896912
1808,,
1808,Activity F,10.268165387743457
1809,,
1809,Activity B,8.188966863648876
1809,,
1809,Activity D,9.287394001418473
1809,,
1809,Activity G,9.798182590890704
1809,,
1809,Activity K,9.798182590890704
1809,,
1809,Activity I,9.980494888896912
1809,,
1809,Activity L,9.980494888896912
1809,,
1809,Activity F,10.268165387743457
1810,,
1810,Activity B,8.188966863648876
1810,,
1810,Activity D,9.287394001418473
1810,,
1810,Activity G,9.798182590890704
1810,,
1810,Activity K,9.798182590890704
1810,,
1810,Activity I,9.980494888896912
1810,,
1810,Activity L,9.980494888896912
1810,,
1810,Activity F,10.268165387743457
1811,,
1811,Activity B,8.188966863648876
1811,,
1811,Activity D,9.287394001418473
1811,,
1811,Activity K,9.798182590890704
1811,,
1811,Activity M,9.798182590890704
1811,,
1811,Activity I,9.980494888896912
1811,,
1811,Activity N,9.980494888896912
1811,,
1811,Activity F,10.268165387743457
1812,,
1812,Activity B,8.188966863648876
1812,,
1812,Activity D,9.287394001418473
1812,,
1812,Activity G,9.798182590890704
1812,,
1812,Activity M,9.798182590890704
1812,,
1812,Activity I,9.980494888896912
1812,,
1812,Activity N,9.980494888896912
1812,,
1812,Activity F,10.268165387743457
1813,,
1813,Activity B,8.188966863648876
1813,,
1813,Activity D,9.287394001418473
1813,,
1813,Activity M,9.798182590890704
1813,,
1813,Activity K,9.798182590890704
1813,,
1813,Activity J,9.980494888896912
1813,,
1813,Activity L,9.980494888896912
1813,,
1813,Activity F,10.268165387743457
1814,,
1814,Activity B,8.188966863648876
1814,,
1814,Activity D,9.287394001418473
1814,,
1814,Activity K,9.798182590890704
1814,,
1814,Activity M,9.798182590890704
1814,,
1814,Activity I,9.980494888896912
1814,,
1814,Activity N,9.980494888896912
1814,,
1814,Activity F,10.268165387743457
1815,,
1815,Activity B,8.188966863648876
1815,,
1815,Activity D,9.287394001418473
1815,,
1815,Activity K,9.798182590890704
1815,,
1815,Activity G,9.798182590890704
1815,,
1815,Activity N,9.980494888896912
1815,,
1815,Activity I,9.980494888896912
1815,,
1815,Activity F,10.268165387743457
1816,,
1816,Activity B,8.188966863648876
1816,,
1816,Activity D,9.287394001418473
1816,,
1816,Activity M,9.798182590890704
1816,,
1816,Activity G,9.798182590890704
1816,,
1816,Activity L,9.980494888896912
1816,,
1816,Activity I,9.980494888896912
1816,,
1816,Activity F,10.268165387743457
1817,,
1817,Activity B,8.188966863648876
1817,,
1817,Activity D,9.287394001418473
1817,,
1817,Activity K,9.798182590890704
1817,,
1817,Activity G,9.798182590890704
1817,,
1817,Activity N,9.980494888896912
1817,,
1817,Activity J,9.980494888896912
1817,,
1817,Activity F,10.268165387743457
1818,,
1818,Activity B,8.188966863648876
1818,,
1818,Activity D,9.287394001418473
1818,,
1818,Activity K,9.798182590890704
1818,,
1818,Activity G,9.798182590890704
1818,,
1818,Activity N,9.980494888896912
1818,,
1818,Activity I,9.980494888896912
1818,,
1818,Activity F,10.268165387743457
1819,,
1819,Activity B,8.188966863648876
1819,,
1819,Activity D,9.287394001418473
1819,,
1819,Activity M,9.798182590890704
1819,,
1819,Activity K,9.798182590890704
1819,,
1819,Activity I,9.980494888896912
1819,,
1819,Activity L,9.980494888896912
1819,,
1819,Activity F,10.268165387743457
1820,,
1820,Activity B,8.188966863648876
1820,,
1820,Activity D,9.287394001418473
1820,,
1820,Activity G,9.798182590890704
1820,,
1820,Activity K,9.798182590890704
1820,,
1820,Activity J,9.980494888896912
1820,,
1820,Activity L,9.980494888896912
1820,,
1820,Activity F,10.268165387743457
1821,,
1821,Activity B,8.188966863648876
1821,,
1821,Activity D,9.287394001418473
1821,,
1821,Activity M,9.798182590890704
1821,,
1821,Activity K,9.798182590890704
1821,,
1821,Activity J,9.980494888896912
1821,,
1821,Activity L,9.980494888896912
1821,,
1821,Activity F,10.268165387743457
1822,,
1822,Activity B,8.188966863648876
1822,,
1822,Activity D,9.287394001418473
1822,,
1822,Activity M,9.798182590890704
1822,,
1822,Activity G,9.798182590890704
1822,,
1822,Activity L,9.980494888896912
1822,,
1822,Activity J,9.980494888896912
1822,,
1822,Activity F,10.268165387743457
1823,,
1823,Activity B,8.188966863648876
1823,,
1823,Activity D,9.287394001418473
1823,,
1823,Activity M,9.798182590890704
1823,,
1823,Activity K,9.798182590890704
1823,,
1823,Activity I,9.980494888896912
1823,,
1823,Activity L,9.980494888896912
1823,,
1823,Activity F,10.268165387743457
1824,,
1824,Activity B,8.188966863648876
1824,,
1824,Activity D,9.287394001418473
1824,,
1824,Activity M,9.798182590890704
1824,,
1824,Activity K,9.798182590890704
1824,,
1824,Activity I,9.980494888896912
1824,,
1824,Activity L,9.980494888896912
1824,,
1824,Activity F,10.268165387743457
1825,,
1825,Activity B,8.188966863648876
1825,,
1825,Activity D,9.287394001418473
1825,,
1825,Activity K,9.798182590890704
1825,,
1825,Activity M,9.798182590890704
1825,,
1825,Activity J,9.980494888896912
1825,,
1825,Activity N,9.980494888896912
1825,,
1825,Activity F,10.268165387743457
1826,,
1826,Activity B,8.188966863648876
1826,,
1826,Activity D,9.287394001418473
1826,,
1826,Activity K,9.798182590890704
1826,,
1826,Activity G,9.798182590890704
1826,,
1826,Activity N,9.980494888896912
1826,,
1826,Activity J,9.980494888896912
1826,,
1826,Activity F,10.268165387743457
1827,,
1827,Activity B,8.188966863648876
1827,,
1827,Activity D,9.287394001418473
1827,,
1827,Activity M,9.798182590890704
1827,,
1827,Activity G,9.798182590890704
1827,,
1827,Activity L,9.980494888896912
1827,,
1827,Activity I,9.980494888896912
1827,,
1827,Activity F,10.268165387743457
1828,,
1828,Activity B,8.188966863648876
1828,,
1828,Activity D,9.287394001418473
1828,,
1828,Activity K,9.798182590890704
1828,,
1828,Activity M,9.798182590890704
1828,,
1828,Activity J,9.980494888896912
1828,,
1828,Activity N,9.980494888896912
1828,,
1828,Activity F,10.268165387743457
1829,,
1829,Activity B,8.188966863648876
1829,,
1829,Activity D,9.287394001418473
1829,,
1829,Activity K,9.798182590890704
1829,,
1829,Activity G,9.798182590890704
1829,,
1829,Activity N,9.980494888896912
1829,,
1829,Activity I,9.980494888896912
1829,,
1829,Activity F,10.268165387743457
1830,,
1830,Activity B,8.188966863648876
1830,,
1830,Activity D,9.287394001418473
1830,,
1830,Activity M,9.798182590890704
1830,,
1830,Activity G,9.798182590890704
1830,,
1830,Activity L,9.980494888896912
1830,,
1830,Activity I,9.980494888896912
1830,,
1830,Activity F,10.268165387743457
1831,,
1831,Activity B,8.188966863648876
1831,,
1831,Activity D,9.287394001418473
1831,,
1831,Activity G,9.798182590890704
1831,,
1831,Activity K,9.798182590890704
1831,,
1831,Activity I,9.980494888896912
1831,,
1831,Activity L,9.980494888896912
1831,,
1831,Activity F,10.268165387743457
1832,,
1832,Activity B,8.188966863648876
1832,,
1832,Activity D,9.287394001418473
1832,,
1832,Activity G,9.798182590890704
1832,,
1832,Activity K,9.798182590890704
1832,,
1832,Activity J,9.980494888896912
1832,,
1832,Activity L,9.980494888896912
1832,,
1832,Activity F,10.268165387743457
1833,,
1833,Activity B,8.188966863648876
1833,,
1833,Activity D,9.287394001418473
1833,,
1833,Activity G,9.798182590890704
1833,,
1833,Activity M,9.798182590890704
1833,,
1833,Activity I,9.980494888896912
1833,,
1833,Activity N,9.980494888896912
1833,,
1833,Activity F,10.268165387743457
1834,,
1834,Activity B,8.188966863648876
1834,,
1834,Activity D,9.287394001418473
1834,,
1834,Activity M,9.798182590890704
1834,,
1834,Activity K,9.798182590890704
1834,,
1834,Activity I,9.980494888896912
1834,,
1834,Activity L,9.980494888896912
1834,,
1834,Activity F,10.268165387743457
1835,,
1835,Activity B,8.188966863648876
1835,,
1835,Activity D,9.287394001418473
1835,,
1835,Activity M,9.798182590890704
1835,,
1835,Activity K,9.798182590890704
1835,,
1835,Activity J,9.980494888896912
1835,,
1835,Activity L,9.980494888896912
1835,,
1835,Activity F,10.268165387743457
1836,,
1836,Activity B,8.188966863648876
1836,,
1836,Activity D,9.287394001418473
1836,,
1836,Activity G,9.798182590890704
1836,,
1836,Activity K,9.798182590890704
1836,,
1836,Activity J,9.980494888896912
1836,,
1836,Activity L,9.980494888896912
1836,,
1836,Activity F,10.268165387743457
1837,,
1837,Activity B,8.188966863648876
1837,,
1837,Activity D,9.287394001418473
1837,,
1837,Activity M,9.798182590890704
1837,,
1837,Activity G,9.798182590890704
1837,,
1837,Activity L,9.980494888896912
1837,,
1837,Activity J,9.980494888896912
1837,,
1837,Activity F,10.268165387743457
1838,,
1838,Activity B,8.188966863648876
1838,,
1838,Activity D,9.287394001418473
1838,,
1838,Activity G,9.798182590890704
1838,,
1838,Activity K,9.798182590890704
1838,,
1838,Activity I,9.980494888896912
1838,,
1838,Activity L,9.980494888896912
1838,,
1838,Activity F,10.268165387743457
1839,,
1839,Activity B,8.188966863648876
1839,,
1839,Activity D,9.287394001418473
1839,,
1839,Activity G,9.798182590890704
1839,,
1839,Activity M,9.798182590890704
1839,,
1839,Activity I,9.980494888896912
1839,,
1839,Activity N,9.980494888896912
1839,,
1839,Activity F,10.268165387743457
1840,,
1840,Activity B,8.188966863648876
1840,,
1840,Activity D,9.287394001418473
1840,,
1840,Activity M,9.798182590890704
1840,,
1840,Activity G,9.798182590890704
1840,,
1840,Activity L,9.980494888896912
1840,,
1840,Activity I,9.980494888896912
1840,,
1840,Activity F,10.268165387743457
1841,,
1841,Activity B,8.188966863648876
1841,,
1841,Activity D,9.287394001418473
1841,,
1841,Activity G,9.798182590890704
1841,,
1841,Activity M,9.798182590890704
1841,,
1841,Activity I,9.980494888896912
1841,,
1841,Activity N,9.980494888896912
1841,,
1841,Activity F,10.268165387743457
1842,,
1842,Activity B,8.188966863648876
1842,,
1842,Activity D,9.287394001418473
1842,,
1842,Activity G,9.798182590890704
1842,,
1842,Activity K,9.798182590890704
1842,,
1842,Activity I,9.980494888896912
1842,,
1842,Activity L,9.980494888896912
1842,,
1842,Activity F,10.268165387743457
1843,,
1843,Activity B,8.188966863648876
1843,,
1843,Activity D,9.287394001418473
1843,,
1843,Activity K,9.798182590890704
1843,,
1843,Activity M,9.798182590890704
1843,,
1843,Activity I,9.980494888896912
1843,,
1843,Activity N,9.980494888896912
1843,,
1843,Activity F,10.268165387743457
1844,,
1844,Activity B,8.188966863648876
1844,,
1844,Activity D,9.287394001418473
1844,,
1844,Activity M,9.798182590890704
1844,,
1844,Activity K,9.798182590890704
1844,,
1844,Activity J,9.980494888896912
1844,,
1844,Activity L,9.980494888896912
1844,,
1844,Activity F,10.268165387743457
1845,,
1845,Activity B,8.188966863648876
1845,,
1845,Activity D,9.287394001418473
1845,,
1845,Activity G,9.798182590890704
1845,,
1845,Activity K,9.798182590890704
1845,,
1845,Activity I,9.980494888896912
1845,,
1845,Activity L,9.980494888896912
1845,,
1845,Activity F,10.268165387743457
1846,,
1846,Activity B,8.188966863648876
1846,,
1846,Activity D,9.287394001418473
1846,,
1846,Activity M,9.798182590890704
1846,,
1846,Activity G,9.798182590890704
1846,,
1846,Activity L,9.980494888896912
1846,,
1846,Activity J,9.980494888896912
1846,,
1846,Activity F,10.268165387743457
1847,,
1847,Activity B,8.188966863648876
1847,,
1847,Activity D,9.287394001418473
1847,,
1847,Activity K,9.798182590890704
1847,,
1847,Activity G,9.798182590890704
1847,,
1847,Activity N,9.980494888896912
1847,,
1847,Activity I,9.980494888896912
1847,,
1847,Activity F,10.268165387743457
1848,,
1848,Activity B,8.188966863648876
1848,,
1848,Activity D,9.287394001418473
1848,,
1848,Activity K,9.798182590890704
1848,,
1848,Activity G,9.798182590890704
1848,,
1848,Activity N,9.980494888896912
1848,,
1848,Activity J,9.980494888896912
1848,,
1848,Activity F,10.268165387743457
1849,,
1849,Activity B,8.188966863648876
1849,,
1849,Activity D,9.287394001418473
1849,,
1849,Activity G,9.798182590890704
1849,,
1849,Activity M,9.798182590890704
1849,,
1849,Activity I,9.980494888896912
1849,,
1849,Activity N,9.980494888896912
1849,,
1849,Activity F,10.268165387743457
1850,,
1850,Activity B,8.188966863648876
1850,,
1850,Activity D,9.287394001418473
1850,,
1850,Activity G,9.798182590890704
1850,,
1850,Activity K,9.798182590890704
1850,,
1850,Activity I,9.980494888896912
1850,,
1850,Activity L,9.980494888896912
1850,,
1850,Activity F,10.268165387743457
1851,,
1851,Activity B,8.188966863648876
1851,,
1851,Activity D,9.287394001418473
1851,,
1851,Activity K,9.798182590890704
1851,,
1851,Activity M,9.798182590890704
1851,,
1851,Activity I,9.980494888896912
1851,,
1851,Activity N,9.980494888896912
1851,,
1851,Activity F,10.268165387743457
1852,,
1852,Activity B,8.188966863648876
1852,,
1852,Activity D,9.287394001418473
1852,,
1852,Activity M,9.798182590890704
1852,,
1852,Activity G,9.798182590890704
1852,,
1852,Activity L,9.980494888896912
1852,,
1852,Activity I,9.980494888896912
1852,,
1852,Activity F,10.268165387743457
1853,,
1853,Activity B,8.188966863648876
1853,,
1853,Activity D,9.287394001418473
1853,,
1853,Activity K,9.798182590890704
1853,,
1853,Activity M,9.798182590890704
1853,,
1853,Activity I,9.980494888896912
1853,,
1853,Activity N,9.980494888896912
1853,,
1853,Activity F,10.268165387743457
1854,,
1854,Activity B,8.188966863648876
1854,,
1854,Activity D,9.287394001418473
1854,,
1854,Activity M,9.798182590890704
1854,,
1854,Activity G,9.798182590890704
1854,,
1854,Activity L,9.980494888896912
1854,,
1854,Activity J,9.980494888896912
1854,,
1854,Activity F,10.268165387743457
1855,,
1855,Activity B,8.188966863648876
1855,,
1855,Activity D,9.287394001418473
1855,,
1855,Activity G,9.798182590890704
1855,,
1855,Activity K,9.798182590890704
1855,,
1855,Activity J,9.980494888896912
1855,,
1855,Activity L,9.980494888896912
1855,,
1855,Activity F,10.268165387743457
1856,,
1856,Activity B,8.188966863648876
1856,,
1856,Activity D,9.287394001418473
1856,,
1856,Activity M,9.798182590890704
1856,,
1856,Activity K,9.798182590890704
1856,,
1856,Activity J,9.980494888896912
1856,,
1856,Activity L,9.980494888896912
1856,,
1856,Activity F,10.268165387743457
1857,,
1857,Activity B,8.188966863648876
1857,,
1857,Activity D,9.287394001418473
1857,,
1857,Activity M,9.798182590890704
1857,,
1857,Activity G,9.798182590890704
1857,,
1857,Activity L,9.980494888896912
1857,,
1857,Activity J,9.980494888896912
1857,,
1857,Activity F,10.268165387743457
1858,,
1858,Activity B,8.188966863648876
1858,,
1858,Activity D,9.287394001418473
1858,,
1858,Activity G,9.798182590890704
1858,,
1858,Activity M,9.798182590890704
1858,,
1858,Activity I,9.980494888896912
1858,,
1858,Activity N,9.980494888896912
1858,,
1858,Activity F,10.268165387743457
1859,,
1859,Activity B,8.188966863648876
1859,,
1859,Activity D,9.287394001418473
1859,,
1859,Activity G,9.798182590890704
1859,,
1859,Activity K,9.798182590890704
1859,,
1859,Activity I,9.980494888896912
1859,,
1859,Activity L,9.980494888896912
1859,,
1859,Activity F,10.268165387743457
1860,,
1860,Activity B,8.188966863648876
1860,,
1860,Activity D,9.287394001418473
1860,,
1860,Activity M,9.798182590890704
1860,,
1860,Activity G,9.798182590890704
1860,,
1860,Activity L,9.980494888896912
1860,,
1860,Activity I,9.980494888896912
1860,,
1860,Activity F,10.268165387743457
1861,,
1861,Activity B,8.188966863648876
1861,,
1861,Activity D,9.287394001418473
1861,,
1861,Activity M,9.798182590890704
1861,,
1861,Activity G,9.798182590890704
1861,,
1861,Activity L,9.980494888896912
1861,,
1861,Activity J,9.980494888896912
1861,,
1861,Activity F,10.268165387743457
1862,,
1862,Activity B,8.188966863648876
1862,,
1862,Activity D,9.287394001418473
1862,,
1862,Activity K,9.798182590890704
1862,,
1862,Activity M,9.798182590890704
1862,,
1862,Activity J,9.980494888896912
1862,,
1862,Activity N,9.980494888896912
1862,,
1862,Activity F,10.268165387743457
1863,,
1863,Activity B,8.188966863648876
1863,,
1863,Activity D,9.287394001418473
1863,,
1863,Activity M,9.798182590890704
1863,,
1863,Activity K,9.798182590890704
1863,,
1863,Activity I,9.980494888896912
1863,,
1863,Activity L,9.980494888896912
1863,,
1863,Activity F,10.268165387743457
1864,,
1864,Activity B,8.188966863648876
1864,,
1864,Activity D,9.287394001418473
1864,,
1864,Activity K,9.798182590890704
1864,,
1864,Activity M,9.798182590890704
1864,,
1864,Activity I,9.980494888896912
1864,,
1864,Activity N,9.980494888896912
1864,,
1864,Activity F,10.268165387743457
1865,,
1865,Activity B,8.188966863648876
1865,,
1865,Activity D,9.287394001418473
1865,,
1865,Activity G,9.798182590890704
1865,,
1865,Activity M,9.798182590890704
1865,,
1865,Activity J,9.980494888896912
1865,,
1865,Activity N,9.980494888896912
1865,,
1865,Activity F,10.268165387743457
1866,,
1866,Activity B,8.188966863648876
1866,,
1866,Activity D,9.287394001418473
1866,,
1866,Activity K,9.798182590890704
1866,,
1866,Activity M,9.798182590890704
1866,,
1866,Activity I,9.980494888896912
1866,,
1866,Activity N,9.980494888896912
1866,,
1866,Activity F,10.268165387743457
1867,,
1867,Activity B,8.188966863648876
1867,,
1867,Activity D,9.287394001418473
1867,,
1867,Activity G,9.798182590890704
1867,,
1867,Activity K,9.798182590890704
1867,,
1867,Activity I,9.980494888896912
1867,,
1867,Activity L,9.980494888896912
1867,,
1867,Activity F,10.268165387743457
1868,,
1868,Activity B,8.188966863648876
1868,,
1868,Activity D,9.287394001418473
1868,,
1868,Activity K,9.798182590890704
1868,,
1868,Activity G,9.798182590890704
1868,,
1868,Activity N,9.980494888896912
1868,,
1868,Activity J,9.980494888896912
1868,,
1868,Activity F,10.268165387743457
1869,,
1869,Activity B,8.188966863648876
1869,,
1869,Activity D,9.287394001418473
1869,,
1869,Activity M,9.798182590890704
1869,,
1869,Activity G,9.798182590890704
1869,,
1869,Activity L,9.980494888896912
1869,,
1869,Activity I,9.980494888896912
1869,,
1869,Activity F,10.268165387743457
1870,,
1870,Activity B,8.188966863648876
1870,,
1870,Activity D,9.287394001418473
1870,,
1870,Activity K,9.798182590890704
1870,,
1870,Activity G,9.798182590890704
1870,,
1870,Activity N,9.980494888896912
1870,,
1870,Activity I,9.980494888896912
1870,,
1870,Activity F,10.268165387743457
1871,,
1871,Activity B,8.188966863648876
1871,,
1871,Activity D,9.287394001418473
1871,,
1871,Activity K,9.798182590890704
1871,,
1871,Activity M,9.798182590890704
1871,,
1871,Activity I,9.980494888896912
1871,,
1871,Activity N,9.980494888896912
1871,,
1871,Activity F,10.268165387743457
1872,,
1872,Activity B,8.188966863648876
1872,,
1872,Activity D,9.287394001418473
1872,,
1872,Activity G,9.798182590890704
1872,,
1872,Activity M,9.798182590890704
1872,,
1872,Activity J,9.980494888896912
1872,,
1872,Activity N,9.980494888896912
1872,,
1872,Activity F,10.268165387743457
1873,,
1873,Activity B,8.188966863648876
1873,,
1873,Activity D,9.287394001418473
1873,,
1873,Activity G,9.798182590890704
1873,,
1873,Activity K,9.798182590890704
1873,,
1873,Activity I,9.980494888896912
1873,,
1873,Activity L,9.980494888896912
1873,,
1873,Activity F,10.268165387743457
1874,,
1874,Activity B,8.188966863648876
1874,,
1874,Activity D,9.287394001418473
1874,,
1874,Activity K,9.798182590890704
1874,,
1874,Activity M,9.798182590890704
1874,,
1874,Activity I,9.980494888896912
1874,,
1874,Activity N,9.980494888896912
1874,,
1874,Activity F,10.268165387743457
1875,,
1875,Activity B,8.188966863648876
1875,,
1875,Activity D,9.287394001418473
1875,,
1875,Activity K,9.798182590890704
1875,,
1875,Activity M,9.798182590890704
1875,,
1875,Activity J,9.980494888896912
1875,,
1875,Activity N,9.980494888896912
1875,,
1875,Activity F,10.268165387743457
1876,,
1876,Activity B,8.188966863648876
1876,,
1876,Activity D,9.287394001418473
1876,,
1876,Activity G,9.798182590890704
1876,,
1876,Activity M,9.798182590890704
1876,,
1876,Activity J,9.980494888896912
1876,,
1876,Activity N,9.980494888896912
1876,,
1876,Activity F,10.268165387743457
1877,,
1877,Activity B,8.188966863648876
1877,,
1877,Activity D,9.287394001418473
1877,,
1877,Activity M,9.798182590890704
1877,,
1877,Activity K,9.798182590890704
1877,,
1877,Activity I,9.980494888896912
1877,,
1877,Activity L,9.980494888896912
1877,,
1877,Activity F,10.268165387743457
1878,,
1878,Activity B,8.188966863648876
1878,,
1878,Activity D,9.287394001418473
1878,,
1878,Activity M,9.798182590890704
1878,,
1878,Activity K,9.798182590890704
1878,,
1878,Activity J,9.980494888896912
1878,,
1878,Activity L,9.980494888896912
1878,,
1878,Activity F,10.268165387743457
1879,,
1879,Activity B,8.188966863648876
1879,,
1879,Activity D,9.287394001418473
1879,,
1879,Activity M,9.798182590890704
1879,,
1879,Activity K,9.798182590890704
1879,,
1879,Activity J,9.980494888896912
1879,,
1879,Activity L,9.980494888896912
1879,,
1879,Activity F,10.268165387743457
1880,,
1880,Activity B,8.188966863648876
1880,,
1880,Activity D,9.287394001418473
1880,,
1880,Activity G,9.798182590890704
1880,,
1880,Activity K,9.798182590890704
1880,,
1880,Activity I,9.980494888896912
1880,,
1880,Activity L,9.980494888896912
1880,,
1880,Activity F,10.268165387743457
1881,,
1881,Activity B,8.188966863648876
1881,,
1881,Activity D,9.287394001418473
1881,,
1881,Activity M,9.798182590890704
1881,,
1881,Activity G,9.798182590890704
1881,,
1881,Activity L,9.980494888896912
1881,,
1881,Activity I,9.980494888896912
1881,,
1881,Activity F,10.268165387743457
1882,,
1882,Activity B,8.188966863648876
1882,,
1882,Activity D,9.287394001418473
1882,,
1882,Activity M,9.798182590890704
1882,,
1882,Activity K,9.798182590890704
1882,,
1882,Activity J,9.980494888896912
1882,,
1882,Activity L,9.980494888896912
1882,,
1882,Activity F,10.268165387743457
1883,,
1883,Activity B,8.188966863648876
1883,,
1883,Activity D,9.287394001418473
1883,,
1883,Activity M,9.798182590890704
1883,,
1883,Activity G,9.798182590890704
1883,,
1883,Activity L,9.980494888896912
1883,,
1883,Activity J,9.980494888896912
1883,,
1883,Activity F,10.268165387743457
1884,,
1884,Activity B,8.188966863648876
1884,,
1884,Activity D,9.287394001418473
1884,,
1884,Activity K,9.798182590890704
1884,,
1884,Activity G,9.798182590890704
1884,,
1884,Activity N,9.980494888896912
1884,,
1884,Activity I,9.980494888896912
1884,,
1884,Activity F,10.268165387743457
1885,,
1885,Activity B,8.188966863648876
1885,,
1885,Activity D,9.287394001418473
1885,,
1885,Activity M,9.798182590890704
1885,,
1885,Activity G,9.798182590890704
1885,,
1885,Activity L,9.980494888896912
1885,,
1885,Activity I,9.980494888896912
1885,,
1885,Activity F,10.268165387743457
1886,,
1886,Activity B,8.188966863648876
1886,,
1886,Activity D,9.287394001418473
1886,,
1886,Activity G,9.798182590890704
1886,,
1886,Activity M,9.798182590890704
1886,,
1886,Activity I,9.980494888896912
1886,,
1886,Activity N,9.980494888896912
1886,,
1886,Activity F,10.268165387743457
1887,,
1887,Activity B,8.188966863648876
1887,,
1887,Activity D,9.287394001418473
1887,,
1887,Activity G,9.798182590890704
1887,,
1887,Activity K,9.798182590890704
1887,,
1887,Activity J,9.980494888896912
1887,,
1887,Activity L,9.980494888896912
1887,,
1887,Activity F,10.268165387743457
1888,,
1888,Activity B,8.188966863648876
1888,,
1888,Activity D,9.287394001418473
1888,,
1888,Activity M,9.798182590890704
1888,,
1888,Activity G,9.798182590890704
1888,,
1888,Activity L,9.980494888896912
1888,,
1888,Activity I,9.980494888896912
1888,,
1888,Activity F,10.268165387743457
1889,,
1889,Activity B,8.188966863648876
1889,,
1889,Activity D,9.287394001418473
1889,,
1889,Activity K,9.798182590890704
1889,,
1889,Activity G,9.798182590890704
1889,,
1889,Activity N,9.980494888896912
1889,,
1889,Activity I,9.980494888896912
1889,,
1889,Activity F,10.268165387743457
1890,,
1890,Activity B,8.188966863648876
1890,,
1890,Activity D,9.287394001418473
1890,,
1890,Activity M,9.798182590890704
1890,,
1890,Activity G,9.798182590890704
1890,,
1890,Activity L,9.980494888896912
1890,,
1890,Activity J,9.980494888896912
1890,,
1890,Activity F,10.268165387743457
1891,,
1891,Activity B,8.188966863648876
1891,,
1891,Activity D,9.287394001418473
1891,,
1891,Activity M,9.798182590890704
1891,,
1891,Activity G,9.798182590890704
1891,,
1891,Activity L,9.980494888896912
1891,,
1891,Activity I,9.980494888896912
1891,,
1891,Activity F,10.268165387743457
1892,,
1892,Activity B,8.188966863648876
1892,,
1892,Activity D,9.287394001418473
1892,,
1892,Activity K,9.798182590890704
1892,,
1892,Activity M,9.798182590890704
1892,,
1892,Activity I,9.980494888896912
1892,,
1892,Activity N,9.980494888896912
1892,,
1892,Activity F,10.268165387743457
1893,,
1893,Activity B,8.188966863648876
1893,,
1893,Activity D,9.287394001418473
1893,,
1893,Activity G,9.798182590890704
1893,,
1893,Activity M,9.798182590890704
1893,,
1893,Activity J,9.980494888896912
1893,,
1893,Activity N,9.980494888896912
1893,,
1893,Activity F,10.268165387743457
1894,,
1894,Activity B,8.188966863648876
1894,,
1894,Activity D,9.287394001418473
1894,,
1894,Activity M,9.798182590890704
1894,,
1894,Activity G,9.798182590890704
1894,,
1894,Activity L,9.980494888896912
1894,,
1894,Activity J,9.980494888896912
1894,,
1894,Activity F,10.268165387743457
1895,,
1895,Activity B,8.188966863648876
1895,,
1895,Activity D,9.287394001418473
1895,,
1895,Activity K,9.798182590890704
1895,,
1895,Activity G,9.798182590890704
1895,,
1895,Activity N,9.980494888896912
1895,,
1895,Activity J,9.980494888896912
1895,,
1895,Activity F,10.268165387743457
1896,,
1896,Activity B,8.188966863648876
1896,,
1896,Activity D,9.287394001418473
1896,,
1896,Activity M,9.798182590890704
1896,,
1896,Activity G,9.798182590890704
1896,,
1896,Activity L,9.980494888896912
1896,,
1896,Activity I,9.980494888896912
1896,,
1896,Activity F,10.268165387743457
1897,,
1897,Activity B,8.188966863648876
1897,,
1897,Activity D,9.287394001418473
1897,,
1897,Activity M,9.798182590890704
1897,,
1897,Activity K,9.798182590890704
1897,,
1897,Activity I,9.980494888896912
1897,,
1897,Activity L,9.980494888896912
1897,,
1897,Activity F,10.268165387743457
1898,,
1898,Activity B,8.188966863648876
1898,,
1898,Activity D,9.287394001418473
1898,,
1898,Activity K,9.798182590890704
1898,,
1898,Activity G,9.798182590890704
1898,,
1898,Activity N,9.980494888896912
1898,,
1898,Activity J,9.980494888896912
1898,,
1898,Activity F,10.268165387743457
1899,,
1899,Activity B,8.188966863648876
1899,,
1899,Activity D,9.287394001418473
1899,,
1899,Activity K,9.798182590890704
1899,,
1899,Activity G,9.798182590890704
1899,,
1899,Activity N,9.980494888896912
1899,,
1899,Activity I,9.980494888896912
1899,,
1899,Activity F,10.268165387743457
1900,,
1900,Activity B,8.188966863648876
1900,,
1900,Activity D,9.287394001418473
1900,,
1900,Activity K,9.798182590890704
1900,,
1900,Activity M,9.798182590890704
1900,,
1900,Activity J,9.980494888896912
1900,,
1900,Activity N,9.980494888896912
1900,,
1900,Activity F,10.268165387743457
1901,,
1901,Activity B,8.188966863648876
1901,,
1901,Activity D,9.287394001418473
1901,,
1901,Activity K,9.798182590890704
1901,,
1901,Activity G,9.798182590890704
1901,,
1901,Activity N,9.980494888896912
1901,,
1901,Activity J,9.980494888896912
1901,,
1901,Activity F,10.268165387743457
1902,,
1902,Activity B,8.188966863648876
1902,,
1902,Activity D,9.287394001418473
1902,,
1902,Activity K,9.798182590890704
1902,,
1902,Activity M,9.798182590890704
1902,,
1902,Activity J,9.980494888896912
1902,,
1902,Activity N,9.980494888896912
1902,,
1902,Activity F,10.268165387743457
1903,,
1903,Activity B,8.188966863648876
1903,,
1903,Activity D,9.287394001418473
1903,,
1903,Activity K,9.798182590890704
1903,,
1903,Activity G,9.798182590890704
1903,,
1903,Activity N,9.980494888896912
1903,,
1903,Activity I,9.980494888896912
1903,,
1903,Activity F,10.268165387743457
1904,,
1904,Activity B,8.188966863648876
1904,,
1904,Activity D,9.287394001418473
1904,,
1904,Activity G,9.798182590890704
1904,,
1904,Activity M,9.798182590890704
1904,,
1904,Activity I,9.980494888896912
1904,,
1904,Activity N,9.980494888896912
1904,,
1904,Activity F,10.268165387743457
1905,,
1905,Activity B,8.188966863648876
1905,,
1905,Activity D,9.287394001418473
1905,,
1905,Activity G,9.798182590890704
1905,,
1905,Activity K,9.798182590890704
1905,,
1905,Activity J,9.980494888896912
1905,,
1905,Activity L,9.980494888896912
1905,,
1905,Activity F,10.268165387743457
1906,,
1906,Activity B,8.188966863648876
1906,,
1906,Activity D,9.287394001418473
1906,,
1906,Activity G,9.798182590890704
1906,,
1906,Activity K,9.798182590890704
1906,,
1906,Activity J,9.980494888896912
1906,,
1906,Activity L,9.980494888896912
1906,,
1906,Activity F,10.268165387743457
1907,,
1907,Activity B,8.188966863648876
1907,,
1907,Activity D,9.287394001418473
1907,,
1907,Activity M,9.798182590890704
1907,,
1907,Activity K,9.798182590890704
1907,,
1907,Activity J,9.980494888896912
1907,,
1907,Activity L,9.980494888896912
1907,,
1907,Activity F,10.268165387743457
1908,,
1908,Activity B,8.188966863648876
1908,,
1908,Activity D,9.287394001418473
1908,,
1908,Activity K,9.798182590890704
1908,,
1908,Activity G,9.798182590890704
1908,,
1908,Activity N,9.980494888896912
1908,,
1908,Activity I,9.980494888896912
1908,,
1908,Activity F,10.268165387743457
1909,,
1909,Activity B,8.188966863648876
1909,,
1909,Activity D,9.287394001418473
1909,,
1909,Activity M,9.798182590890704
1909,,
1909,Activity G,9.798182590890704
1909,,
1909,Activity L,9.980494888896912
1909,,
1909,Activity J,9.980494888896912
1909,,
1909,Activity F,10.268165387743457
1910,,
1910,Activity B,8.188966863648876
1910,,
1910,Activity D,9.287394001418473
1910,,
1910,Activity G,9.798182590890704
1910,,
1910,Activity M,9.798182590890704
1910,,
1910,Activity I,9.980494888896912
1910,,
1910,Activity N,9.980494888896912
1910,,
1910,Activity F,10.268165387743457
1911,,
1911,Activity B,8.188966863648876
1911,,
1911,Activity D,9.287394001418473
1911,,
1911,Activity K,9.798182590890704
1911,,
1911,Activity G,9.798182590890704
1911,,
1911,Activity N,9.980494888896912
1911,,
1911,Activity J,9.980494888896912
1911,,
1911,Activity F,10.268165387743457
1912,,
1912,Activity B,8.188966863648876
1912,,
1912,Activity D,9.287394001418473
1912,,
1912,Activity G,9.798182590890704
1912,,
1912,Activity K,9.798182590890704
1912,,
1912,Activity I,9.980494888896912
1912,,
1912,Activity L,9.980494888896912
1912,,
1912,Activity F,10.268165387743457
1913,,
1913,Activity B,8.188966863648876
1913,,
1913,Activity D,9.287394001418473
1913,,
1913,Activity G,9.798182590890704
1913,,
1913,Activity K,9.798182590890704
1913,,
1913,Activity J,9.980494888896912
1913,,
1913,Activity L,9.980494888896912
1913,,
1913,Activity F,10.268165387743457
1914,,
1914,Activity B,8.188966863648876
1914,,
1914,Activity D,9.287394001418473
1914,,
1914,Activity G,9.798182590890704
1914,,
1914,Activity M,9.798182590890704
1914,,
1914,Activity J,9.980494888896912
1914,,
1914,Activity N,9.980494888896912
1914,,
1914,Activity F,10.268165387743457
1915,,
1915,Activity B,8.188966863648876
1915,,
1915,Activity D,9.287394001418473
1915,,
1915,Activity G,9.798182590890704
1915,,
1915,Activity K,9.798182590890704
1915,,
1915,Activity I,9.980494888896912
1915,,
1915,Activity L,9.980494888896912
1915,,
1915,Activity F,10.268165387743457
1916,,
1916,Activity B,8.188966863648876
1916,,
1916,Activity D,9.287394001418473
1916,,
1916,Activity K,9.798182590890704
1916,,
1916,Activity G,9.798182590890704
1916,,
1916,Activity N,9.980494888896912
1916,,
1916,Activity J,9.980494888896912
1916,,
1916,Activity F,10.268165387743457
1917,,
1917,Activity B,8.188966863648876
1917,,
1917,Activity D,9.287394001418473
1917,,
1917,Activity K,9.798182590890704
1917,,
1917,Activity G,9.798182590890704
1917,,
1917,Activity N,9.980494888896912
1917,,
1917,Activity J,9.980494888896912
1917,,
1917,Activity F,10.268165387743457
1918,,
1918,Activity B,8.188966863648876
1918,,
1918,Activity D,9.287394001418473
1918,,
1918,Activity K,9.798182590890704
1918,,
1918,Activity M,9.798182590890704
1918,,
1918,Activity I,9.980494888896912
1918,,
1918,Activity N,9.980494888896912
1918,,
1918,Activity F,10.268165387743457
1919,,
1919,Activity B,8.188966863648876
1919,,
1919,Activity D,9.287394001418473
1919,,
1919,Activity M,9.798182590890704
1919,,
1919,Activity K,9.798182590890704
1919,,
1919,Activity J,9.980494888896912
1919,,
1919,Activity L,9.980494888896912
1919,,
1919,Activity F,10.268165387743457
1920,,
1920,Activity B,8.188966863648876
1920,,
1920,Activity D,9.287394001418473
1920,,
1920,Activity G,9.798182590890704
1920,,
1920,Activity M,9.798182590890704
1920,,
1920,Activity J,9.980494888896912
1920,,
1920,Activity N,9.980494888896912
1920,,
1920,Activity F,10.268165387743457
1921,,
1921,Activity B,8.188966863648876
1921,,
1921,Activity D,9.287394001418473
1921,,
1921,Activity G,9.798182590890704
1921,,
1921,Activity K,9.798182590890704
1921,,
1921,Activity J,9.980494888896912
1921,,
1921,Activity L,9.980494888896912
1921,,
1921,Activity F,10.268165387743457
1922,,
1922,Activity B,8.188966863648876
1922,,
1922,Activity D,9.287394001418473
1922,,
1922,Activity K,9.798182590890704
1922,,
1922,Activity G,9.798182590890704
1922,,
1922,Activity N,9.980494888896912
1922,,
1922,Activity J,9.980494888896912
1922,,
1922,Activity F,10.268165387743457
1923,,
1923,Activity B,8.188966863648876
1923,,
1923,Activity D,9.287394001418473
1923,,
1923,Activity M,9.798182590890704
1923,,
1923,Activity G,9.798182590890704
1923,,
1923,Activity L,9.980494888896912
1923,,
1923,Activity J,9.980494888896912
1923,,
1923,Activity F,10.268165387743457
1924,,
1924,Activity B,8.188966863648876
1924,,
1924,Activity D,9.287394001418473
1924,,
1924,Activity K,9.798182590890704
1924,,
1924,Activity G,9.798182590890704
1924,,
1924,Activity N,9.980494888896912
1924,,
1924,Activity J,9.980494888896912
1924,,
1924,Activity F,10.268165387743457
1925,,
1925,Activity B,8.188966863648876
1925,,
1925,Activity D,9.287394001418473
1925,,
1925,Activity G,9.798182590890704
1925,,
1925,Activity K,9.798182590890704
1925,,
1925,Activity I,9.980494888896912
1925,,
1925,Activity L,9.980494888896912
1925,,
1925,Activity F,10.268165387743457
1926,,
1926,Activity B,8.188966863648876
1926,,
1926,Activity D,9.287394001418473
1926,,
1926,Activity G,9.798182590890704
1926,,
1926,Activity M,9.798182590890704
1926,,
1926,Activity J,9.980494888896912
1926,,
1926,Activity N,9.980494888896912
1926,,
1926,Activity F,10.268165387743457
1927,,
1927,Activity B,8.188966863648876
1927,,
1927,Activity D,9.287394001418473
1927,,
1927,Activity M,9.798182590890704
1927,,
1927,Activity G,9.798182590890704
1927,,
1927,Activity L,9.980494888896912
1927,,
1927,Activity J,9.980494888896912
1927,,
1927,Activity F,10.268165387743457
1928,,
1928,Activity B,8.188966863648876
1928,,
1928,Activity D,9.287394001418473
1928,,
1928,Activity M,9.798182590890704
1928,,
1928,Activity K,9.798182590890704
1928,,
1928,Activity J,9.980494888896912
1928,,
1928,Activity L,9.980494888896912
1928,,
1928,Activity F,10.268165387743457
1929,,
1929,Activity B,8.188966863648876
1929,,
1929,Activity D,9.287394001418473
1929,,
1929,Activity K,9.798182590890704
1929,,
1929,Activity G,9.798182590890704
1929,,
1929,Activity N,9.980494888896912
1929,,
1929,Activity I,9.980494888896912
1929,,
1929,Activity F,10.268165387743457
1930,,
1930,Activity B,8.188966863648876
1930,,
1930,Activity D,9.287394001418473
1930,,
1930,Activity G,9.798182590890704
1930,,
1930,Activity K,9.798182590890704
1930,,
1930,Activity J,9.980494888896912
1930,,
1930,Activity L,9.980494888896912
1930,,
1930,Activity F,10.268165387743457
1931,,
1931,Activity B,8.188966863648876
1931,,
1931,Activity D,9.287394001418473
1931,,
1931,Activity K,9.798182590890704
1931,,
1931,Activity M,9.798182590890704
1931,,
1931,Activity J,9.980494888896912
1931,,
1931,Activity N,9.980494888896912
1931,,
1931,Activity F,10.268165387743457
1932,,
1932,Activity B,8.188966863648876
1932,,
1932,Activity D,9.287394001418473
1932,,
1932,Activity M,9.798182590890704
1932,,
1932,Activity K,9.798182590890704
1932,,
1932,Activity I,9.980494888896912
1932,,
1932,Activity L,9.980494888896912
1932,,
1932,Activity F,10.268165387743457
1933,,
1933,Activity B,8.188966863648876
1933,,
1933,Activity D,9.287394001418473
1933,,
1933,Activity K,9.798182590890704
1933,,
1933,Activity M,9.798182590890704
1933,,
1933,Activity J,9.980494888896912
1933,,
1933,Activity N,9.980494888896912
1933,,
1933,Activity F,10.268165387743457
1934,,
1934,Activity B,8.188966863648876
1934,,
1934,Activity D,9.287394001418473
1934,,
1934,Activity M,9.798182590890704
1934,,
1934,Activity K,9.798182590890704
1934,,
1934,Activity J,9.980494888896912
1934,,
1934,Activity L,9.980494888896912
1934,,
1934,Activity F,10.268165387743457
1935,,
1935,Activity B,8.188966863648876
1935,,
1935,Activity D,9.287394001418473
1935,,
1935,Activity K,9.798182590890704
1935,,
1935,Activity M,9.798182590890704
1935,,
1935,Activity J,9.980494888896912
1935,,
1935,Activity N,9.980494888896912
1935,,
1935,Activity F,10.268165387743457
1936,,
1936,Activity B,8.188966863648876
1936,,
1936,Activity D,9.287394001418473
1936,,
1936,Activity G,9.798182590890704
1936,,
1936,Activity M,9.798182590890704
1936,,
1936,Activity I,9.980494888896912
1936,,
1936,Activity N,9.980494888896912
1936,,
1936,Activity F,10.268165387743457
1937,,
1937,Activity B,8.188966863648876
1937,,
1937,Activity D,9.287394001418473
1937,,
1937,Activity M,9.798182590890704
1937,,
1937,Activity G,9.798182590890704
1937,,
1937,Activity L,9.980494888896912
1937,,
1937,Activity J,9.980494888896912
1937,,
1937,Activity F,10.268165387743457
1938,,
1938,Activity B,8.188966863648876
1938,,
1938,Activity D,9.287394001418473
1938,,
1938,Activity K,9.798182590890704
1938,,
1938,Activity G,9.798182590890704
1938,,
1938,Activity N,9.980494888896912
1938,,
1938,Activity I,9.980494888896912
1938,,
1938,Activity F,10.268165387743457
1939,,
1939,Activity B,8.188966863648876
1939,,
1939,Activity D,9.287394001418473
1939,,
1939,Activity G,9.798182590890704
1939,,
1939,Activity K,9.798182590890704
1939,,
1939,Activity J,9.980494888896912
1939,,
1939,Activity L,9.980494888896912
1939,,
1939,Activity F,10.268165387743457
1940,,
1940,Activity B,8.188966863648876
1940,,
1940,Activity D,9.287394001418473
1940,,
1940,Activity M,9.798182590890704
1940,,
1940,Activity K,9.798182590890704
1940,,
1940,Activity I,9.980494888896912
1940,,
1940,Activity L,9.980494888896912
1940,,
1940,Activity F,10.268165387743457
1941,,
1941,Activity B,8.188966863648876
1941,,
1941,Activity D,9.287394001418473
1941,,
1941,Activity M,9.798182590890704
1941,,
1941,Activity K,9.798182590890704
1941,,
1941,Activity I,9.980494888896912
1941,,
1941,Activity L,9.980494888896912
1941,,
1941,Activity F,10.268165387743457
1942,,
1942,Activity B,8.188966863648876
1942,,
1942,Activity D,9.287394001418473
1942,,
1942,Activity K,9.798182590890704
1942,,
1942,Activity M,9.798182590890704
1942,,
1942,Activity I,9.980494888896912
1942,,
1942,Activity N,9.980494888896912
1942,,
1942,Activity F,10.268165387743457
1943,,
1943,Activity B,8.188966863648876
1943,,
1943,Activity D,9.287394001418473
1943,,
1943,Activity G,9.798182590890704
1943,,
1943,Activity M,9.798182590890704
1943,,
1943,Activity I,9.980494888896912
1943,,
1943,Activity N,9.980494888896912
1943,,
1943,Activity F,10.268165387743457
1944,,
1944,Activity B,8.188966863648876
1944,,
1944,Activity D,9.287394001418473
1944,,
1944,Activity G,9.798182590890704
1944,,
1944,Activity M,9.798182590890704
1944,,
1944,Activity I,9.980494888896912
1944,,
1944,Activity N,9.980494888896912
1944,,
1944,Activity F,10.268165387743457
1945,,
1945,Activity B,8.188966863648876
1945,,
1945,Activity D,9.287394001418473
1945,,
1945,Activity K,9.798182590890704
1945,,
1945,Activity M,9.798182590890704
1945,,
1945,Activity J,9.980494888896912
1945,,
1945,Activity N,9.980494888896912
1945,,
1945,Activity F,10.268165387743457
1946,,
1946,Activity B,8.188966863648876
1946,,
1946,Activity D,9.287394001418473
1946,,
1946,Activity K,9.798182590890704
1946,,
1946,Activity M,9.798182590890704
1946,,
1946,Activity J,9.980494888896912
1946,,
1946,Activity N,9.980494888896912
1946,,
1946,Activity F,10.268165387743457
1947,,
1947,Activity B,8.188966863648876
1947,,
1947,Activity D,9.287394001418473
1947,,
1947,Activity K,9.798182590890704
1947,,
1947,Activity M,9.798182590890704
1947,,
1947,Activity J,9.980494888896912
1947,,
1947,Activity N,9.980494888896912
1947,,
1947,Activity F,10.268165387743457
1948,,
1948,Activity B,8.188966863648876
1948,,
1948,Activity D,9.287394001418473
1948,,
1948,Activity M,9.798182590890704
1948,,
1948,Activity G,9.798182590890704
1948,,
1948,Activity L,9.980494888896912
1948,,
1948,Activity J,9.980494888896912
1948,,
1948,Activity F,10.268165387743457
1949,,
1949,Activity B,8.188966863648876
1949,,
1949,Activity D,9.287394001418473
1949,,
1949,Activity G,9.798182590890704
1949,,
1949,Activity K,9.798182590890704
1949,,
1949,Activity J,9.980494888896912
1949,,
1949,Activity L,9.980494888896912
1949,,
1949,Activity F,10.268165387743457
1950,,
1950,Activity B,8.188966863648876
1950,,
1950,Activity D,9.287394001418473
1950,,
1950,Activity M,9.798182590890704
1950,,
1950,Activity K,9.798182590890704
1950,,
1950,Activity I,9.980494888896912
1950,,
1950,Activity L,9.980494888896912
1950,,
1950,Activity F,10.268165387743457
1951,,
1951,Activity B,8.188966863648876
1951,,
1951,Activity D,9.287394001418473
1951,,
1951,Activity M,9.798182590890704
1951,,
1951,Activity K,9.798182590890704
1951,,
1951,Activity J,9.980494888896912
1951,,
1951,Activity L,9.980494888896912
1951,,
1951,Activity F,10.268165387743457
1952,,
1952,Activity B,8.188966863648876
1952,,
1952,Activity D,9.287394001418473
1952,,
1952,Activity M,9.798182590890704
1952,,
1952,Activity K,9.798182590890704
1952,,
1952,Activity J,9.980494888896912
1952,,
1952,Activity L,9.980494888896912
1952,,
1952,Activity F,10.268165387743457
1953,,
1953,Activity B,8.188966863648876
1953,,
1953,Activity D,9.287394001418473
1953,,
1953,Activity K,9.798182590890704
1953,,
1953,Activity G,9.798182590890704
1953,,
1953,Activity N,9.980494888896912
1953,,
1953,Activity J,9.980494888896912
1953,,
1953,Activity F,10.268165387743457
1954,,
1954,Activity B,8.188966863648876
1954,,
1954,Activity D,9.287394001418473
1954,,
1954,Activity K,9.798182590890704
1954,,
1954,Activity M,9.798182590890704
1954,,
1954,Activity I,9.980494888896912
1954,,
1954,Activity N,9.980494888896912
1954,,
1954,Activity F,10.268165387743457
1955,,
1955,Activity B,8.188966863648876
1955,,
1955,Activity D,9.287394001418473
1955,,
1955,Activity K,9.798182590890704
1955,,
1955,Activity M,9.798182590890704
1955,,
1955,Activity I,9.980494888896912
1955,,
1955,Activity N,9.980494888896912
1955,,
1955,Activity F,10.268165387743457
1956,,
1956,Activity B,8.188966863648876
1956,,
1956,Activity D,9.287394001418473
1956,,
1956,Activity G,9.798182590890704
1956,,
1956,Activity M,9.798182590890704
1956,,
1956,Activity I,9.980494888896912
1956,,
1956,Activity N,9.980494888896912
1956,,
1956,Activity F,10.268165387743457
1957,,
1957,Activity B,8.188966863648876
1957,,
1957,Activity D,9.287394001418473
1957,,
1957,Activity G,9.798182590890704
1957,,
1957,Activity M,9.798182590890704
1957,,
1957,Activity I,9.980494888896912
1957,,
1957,Activity N,9.980494888896912
1957,,
1957,Activity F,10.268165387743457
1958,,
1958,Activity B,8.188966863648876
1958,,
1958,Activity D,9.287394001418473
1958,,
1958,Activity M,9.798182590890704
1958,,
1958,Activity K,9.798182590890704
1958,,
1958,Activity J,9.980494888896912
1958,,
1958,Activity L,9.980494888896912
1958,,
1958,Activity F,10.268165387743457
1959,,
1959,Activity B,8.188966863648876
1959,,
1959,Activity D,9.287394001418473
1959,,
1959,Activity M,9.798182590890704
1959,,
1959,Activity K,9.798182590890704
1959,,
1959,Activity I,9.980494888896912
1959,,
1959,Activity L,9.980494888896912
1959,,
1959,Activity F,10.268165387743457
1960,,
1960,Activity B,8.188966863648876
1960,,
1960,Activity D,9.287394001418473
1960,,
1960,Activity K,9.798182590890704
1960,,
1960,Activity M,9.798182590890704
1960,,
1960,Activity J,9.980494888896912
1960,,
1960,Activity N,9.980494888896912
1960,,
1960,Activity F,10.268165387743457
1961,,
1961,Activity B,8.188966863648876
1961,,
1961,Activity D,9.287394001418473
1961,,
1961,Activity K,9.798182590890704
1961,,
1961,Activity M,9.798182590890704
1961,,
1961,Activity J,9.980494888896912
1961,,
1961,Activity N,9.980494888896912
1961,,
1961,Activity F,10.268165387743457
1962,,
1962,Activity B,8.188966863648876
1962,,
1962,Activity D,9.287394001418473
1962,,
1962,Activity G,9.798182590890704
1962,,
1962,Activity K,9.798182590890704
1962,,
1962,Activity I,9.980494888896912
1962,,
1962,Activity L,9.980494888896912
1962,,
1962,Activity F,10.268165387743457
1963,,
1963,Activity B,8.188966863648876
1963,,
1963,Activity D,9.287394001418473
1963,,
1963,Activity G,9.798182590890704
1963,,
1963,Activity K,9.798182590890704
1963,,
1963,Activity I,9.980494888896912
1963,,
1963,Activity L,9.980494888896912
1963,,
1963,Activity F,10.268165387743457
1964,,
1964,Activity B,8.188966863648876
1964,,
1964,Activity D,9.287394001418473
1964,,
1964,Activity G,9.798182590890704
1964,,
1964,Activity M,9.798182590890704
1964,,
1964,Activity I,9.980494888896912
1964,,
1964,Activity N,9.980494888896912
1964,,
1964,Activity F,10.268165387743457
1965,,
1965,Activity B,8.188966863648876
1965,,
1965,Activity D,9.287394001418473
1965,,
1965,Activity M,9.798182590890704
1965,,
1965,Activity K,9.798182590890704
1965,,
1965,Activity I,9.980494888896912
1965,,
1965,Activity L,9.980494888896912
1965,,
1965,Activity F,10.268165387743457
1966,,
1966,Activity B,8.188966863648876
1966,,
1966,Activity D,9.287394001418473
1966,,
1966,Activity G,9.798182590890704
1966,,
1966,Activity M,9.798182590890704
1966,,
1966,Activity I,9.980494888896912
1966,,
1966,Activity N,9.980494888896912
1966,,
1966,Activity F,10.268165387743457
1967,,
1967,Activity B,8.188966863648876
1967,,
1967,Activity D,9.287394001418473
1967,,
1967,Activity K,9.798182590890704
1967,,
1967,Activity G,9.798182590890704
1967,,
1967,Activity N,9.980494888896912
1967,,
1967,Activity J,9.980494888896912
1967,,
1967,Activity F,10.268165387743457
1968,,
1968,Activity B,8.188966863648876
1968,,
1968,Activity D,9.287394001418473
1968,,
1968,Activity K,9.798182590890704
1968,,
1968,Activity M,9.798182590890704
1968,,
1968,Activity J,9.980494888896912
1968,,
1968,Activity N,9.980494888896912
1968,,
1968,Activity F,10.268165387743457
1969,,
1969,Activity B,8.188966863648876
1969,,
1969,Activity D,9.287394001418473
1969,,
1969,Activity K,9.798182590890704
1969,,
1969,Activity M,9.798182590890704
1969,,
1969,Activity J,9.980494888896912
1969,,
1969,Activity N,9.980494888896912
1969,,
1969,Activity F,10.268165387743457
1970,,
1970,Activity B,8.188966863648876
1970,,
1970,Activity D,9.287394001418473
1970,,
1970,Activity K,9.798182590890704
1970,,
1970,Activity G,9.798182590890704
1970,,
1970,Activity N,9.980494888896912
1970,,
1970,Activity I,9.980494888896912
1970,,
1970,Activity F,10.268165387743457
1971,,
1971,Activity B,8.188966863648876
1971,,
1971,Activity D,9.287394001418473
1971,,
1971,Activity G,9.798182590890704
1971,,
1971,Activity M,9.798182590890704
1971,,
1971,Activity I,9.980494888896912
1971,,
1971,Activity N,9.980494888896912
1971,,
1971,Activity F,10.268165387743457
1972,,
1972,Activity B,8.188966863648876
1972,,
1972,Activity D,9.287394001418473
1972,,
1972,Activity G,9.798182590890704
1972,,
1972,Activity M,9.798182590890704
1972,,
1972,Activity J,9.980494888896912
1972,,
1972,Activity N,9.980494888896912
1972,,
1972,Activity F,10.268165387743457
1973,,
1973,Activity B,8.188966863648876
1973,,
1973,Activity D,9.287394001418473
1973,,
1973,Activity G,9.798182590890704
1973,,
1973,Activity M,9.798182590890704
1973,,
1973,Activity J,9.980494888896912
1973,,
1973,Activity N,9.980494888896912
1973,,
1973,Activity F,10.268165387743457
1974,,
1974,Activity B,8.188966863648876
1974,,
1974,Activity D,9.287394001418473
1974,,
1974,Activity M,9.798182590890704
1974,,
1974,Activity G,9.798182590890704
1974,,
1974,Activity L,9.980494888896912
1974,,
1974,Activity J,9.980494888896912
1974,,
1974,Activity F,10.268165387743457
1975,,
1975,Activity B,8.188966863648876
1975,,
1975,Activity D,9.287394001418473
1975,,
1975,Activity M,9.798182590890704
1975,,
1975,Activity K,9.798182590890704
1975,,
1975,Activity J,9.980494888896912
1975,,
1975,Activity L,9.980494888896912
1975,,
1975,Activity F,10.268165387743457
1976,,
1976,Activity B,8.188966863648876
1976,,
1976,Activity D,9.287394001418473
1976,,
1976,Activity M,9.798182590890704
1976,,
1976,Activity K,9.798182590890704
1976,,
1976,Activity I,9.980494888896912
1976,,
1976,Activity L,9.980494888896912
1976,,
1976,Activity F,10.268165387743457
1977,,
1977,Activity B,8.188966863648876
1977,,
1977,Activity D,9.287394001418473
1977,,
1977,Activity K,9.798182590890704
1977,,
1977,Activity M,9.798182590890704
1977,,
1977,Activity J,9.980494888896912
1977,,
1977,Activity N,9.980494888896912
1977,,
1977,Activity F,10.268165387743457
1978,,
1978,Activity B,8.188966863648876
1978,,
1978,Activity D,9.287394001418473
1978,,
1978,Activity K,9.798182590890704
1978,,
1978,Activity G,9.798182590890704
1978,,
1978,Activity N,9.980494888896912
1978,,
1978,Activity I,9.980494888896912
1978,,
1978,Activity F,10.268165387743457
1979,,
1979,Activity B,8.188966863648876
1979,,
1979,Activity D,9.287394001418473
1979,,
1979,Activity G,9.798182590890704
1979,,
1979,Activity K,9.798182590890704
1979,,
1979,Activity I,9.980494888896912
1979,,
1979,Activity L,9.980494888896912
1979,,
1979,Activity F,10.268165387743457
1980,,
1980,Activity B,8.188966863648876
1980,,
1980,Activity D,9.287394001418473
1980,,
1980,Activity G,9.798182590890704
1980,,
1980,Activity M,9.798182590890704
1980,,
1980,Activity J,9.980494888896912
1980,,
1980,Activity N,9.980494888896912
1980,,
1980,Activity F,10.268165387743457
1981,,
1981,Activity B,8.188966863648876
1981,,
1981,Activity D,9.287394001418473
1981,,
1981,Activity M,9.798182590890704
1981,,
1981,Activity K,9.798182590890704
1981,,
1981,Activity J,9.980494888896912
1981,,
1981,Activity L,9.980494888896912
1981,,
1981,Activity F,10.268165387743457
1982,,
1982,Activity B,8.188966863648876
1982,,
1982,Activity D,9.287394001418473
1982,,
1982,Activity K,9.798182590890704
1982,,
1982,Activity M,9.798182590890704
1982,,
1982,Activity I,9.980494888896912
1982,,
1982,Activity N,9.980494888896912
1982,,
1982,Activity F,10.268165387743457
1983,,
1983,Activity B,8.188966863648876
1983,,
1983,Activity D,9.287394001418473
1983,,
1983,Activity K,9.798182590890704
1983,,
1983,Activity G,9.798182590890704
1983,,
1983,Activity N,9.980494888896912
1983,,
1983,Activity I,9.980494888896912
1983,,
1983,Activity F,10.268165387743457
1984,,
1984,Activity B,8.188966863648876
1984,,
1984,Activity D,9.287394001418473
1984,,
1984,Activity G,9.798182590890704
1984,,
1984,Activity K,9.798182590890704
1984,,
1984,Activity I,9.980494888896912
1984,,
1984,Activity L,9.980494888896912
1984,,
1984,Activity F,10.268165387743457
1985,,
1985,Activity B,8.188966863648876
1985,,
1985,Activity D,9.287394001418473
1985,,
1985,Activity M,9.798182590890704
1985,,
1985,Activity G,9.798182590890704
1985,,
1985,Activity L,9.980494888896912
1985,,
1985,Activity J,9.980494888896912
1985,,
1985,Activity F,10.268165387743457
1986,,
1986,Activity B,8.188966863648876
1986,,
1986,Activity D,9.287394001418473
1986,,
1986,Activity K,9.798182590890704
1986,,
1986,Activity G,9.798182590890704
1986,,
1986,Activity N,9.980494888896912
1986,,
1986,Activity J,9.980494888896912
1986,,
1986,Activity F,10.268165387743457
1987,,
1987,Activity B,8.188966863648876
1987,,
1987,Activity D,9.287394001418473
1987,,
1987,Activity M,9.798182590890704
1987,,
1987,Activity K,9.798182590890704
1987,,
1987,Activity I,9.980494888896912
1987,,
1987,Activity L,9.980494888896912
1987,,
1987,Activity F,10.268165387743457
1988,,
1988,Activity B,8.188966863648876
1988,,
1988,Activity D,9.287394001418473
1988,,
1988,Activity M,9.798182590890704
1988,,
1988,Activity G,9.798182590890704
1988,,
1988,Activity L,9.980494888896912
1988,,
1988,Activity J,9.980494888896912
1988,,
1988,Activity F,10.268165387743457
1989,,
1989,Activity B,8.188966863648876
1989,,
1989,Activity D,9.287394001418473
1989,,
1989,Activity M,9.798182590890704
1989,,
1989,Activity K,9.798182590890704
1989,,
1989,Activity J,9.980494888896912
1989,,
1989,Activity L,9.980494888896912
1989,,
1989,Activity F,10.268165387743457
1990,,
1990,Activity B,8.188966863648876
1990,,
1990,Activity D,9.287394001418473
1990,,
1990,Activity K,9.798182590890704
1990,,
1990,Activity M,9.798182590890704
1990,,
1990,Activity I,9.980494888896912
1990,,
1990,Activity N,9.980494888896912
1990,,
1990,Activity F,10.268165387743457
1991,,
1991,Activity B,8.188966863648876
1991,,
1991,Activity D,9.287394001418473
1991,,
1991,Activity G,9.798182590890704
1991,,
1991,Activity M,9.798182590890704
1991,,
1991,Activity J,9.980494888896912
1991,,
1991,Activity N,9.980494888896912
1991,,
1991,Activity F,10.268165387743457
1992,,
1992,Activity B,8.188966863648876
1992,,
1992,Activity D,9.287394001418473
1992,,
1992,Activity G,9.798182590890704
1992,,
1992,Activity M,9.798182590890704
1992,,
1992,Activity J,9.980494888896912
1992,,
1992,Activity N,9.980494888896912
1992,,
1992,Activity F,10.268165387743457
1993,,
1993,Activity B,8.188966863648876
1993,,
1993,Activity D,9.287394001418473
1993,,
1993,Activity K,9.798182590890704
1993,,
1993,Activity G,9.798182590890704
1993,,
1993,Activity N,9.980494888896912
1993,,
1993,Activity J,9.980494888896912
1993,,
1993,Activity F,10.268165387743457
1994,,
1994,Activity B,8.188966863648876
1994,,
1994,Activity D,9.287394001418473
1994,,
1994,Activity M,9.798182590890704
1994,,
1994,Activity K,9.798182590890704
1994,,
1994,Activity I,9.980494888896912
1994,,
1994,Activity L,9.980494888896912
1994,,
1994,Activity F,10.268165387743457
1995,,
1995,Activity B,8.188966863648876
1995,,
1995,Activity D,9.287394001418473
1995,,
1995,Activity K,9.798182590890704
1995,,
1995,Activity G,9.798182590890704
1995,,
1995,Activity N,9.980494888896912
1995,,
1995,Activity I,9.980494888896912
1995,,
1995,Activity F,10.268165387743457
1996,,
1996,Activity B,8.188966863648876
1996,,
1996,Activity D,9.287394001418473
1996,,
1996,Activity M,9.798182590890704
1996,,
1996,Activity K,9.798182590890704
1996,,
1996,Activity I,9.980494888896912
1996,,
1996,Activity L,9.980494888896912
1996,,
1996,Activity F,10.268165387743457
1997,,
1997,Activity B,8.188966863648876
1997,,
1997,Activity D,9.287394001418473
1997,,
1997,Activity K,9.798182590890704
1997,,
1997,Activity G,9.798182590890704
1997,,
1997,Activity N,9.980494888896912
1997,,
1997,Activity I,9.980494888896912
1997,,
1997,Activity F,10.268165387743457
1998,,
1998,Activity B,8.188966863648876
1998,,
1998,Activity D,9.287394001418473
1998,,
1998,Activity G,9.798182590890704
1998,,
1998,Activity M,9.798182590890704
1998,,
1998,Activity J,9.980494888896912
1998,,
1998,Activity N,9.980494888896912
1998,,
1998,Activity F,10.268165387743457
1999,,
1999,Activity B,8.188966863648876
1999,,
1999,Activity D,9.287394001418473
1999,,
1999,Activity G,9.798182590890704
1999,,
1999,Activity K,9.798182590890704
1999,,
1999,Activity J,9.980494888896912
1999,,
1999,Activity L,9.980494888896912
1999,,
1999,Activity F,10.268165387743457
2000,Activity A,0.0
2000,Activity B,8.188966863648876
2000,Activity C,8.881975184248867
2000,Activity D,9.287394001418473
2000,Activity E,9.575052927597383
2000,Activity G,9.798182590890704
2000,Activity M,9.798182590890704
2000,Activity K,9.798182590890704
2000,Activity J,9.980494888896912
2000,Activity I,9.980494888896912
2000,Activity N,9.980494888896912
2000,Activity L,9.980494888896912
2000,Activity H,10.134638955251866
2000,Activity F,10.268165387743457
