CaseID,Activity,time:timestamp
1,Activity A,0.0
1,Activity B,8.188966863648876
1,Activity C,8.881975184248867
1,Activity D,9.287394001418473
1,Activity E,9.575052927597383
1,,
1,,
1,,
1,,
1,Activity I,9.980494888896912
1,Activity J,9.980494888896912
1,Activity N,9.980494888896912
1,Activity H,10.134638955251866
1,,
2,,
2,,
2,Activity C,8.881975184248867
2,Activity D,9.287394001418473
2,Activity E,9.575052927597383
2,Activity M,9.798182590890704
2,Activity K,9.798182590890704
2,Activity G,9.798182590890704
2,,
2,Activity L,9.980494888896912
2,Activity J,9.980494888896912
2,,
2,,
2,Activity F,10.268165387743457
3,,
3,,
3,Activity C,8.881975184248867
3,Activity D,9.287394001418473
3,,
3,,
3,Activity M,9.798182590890704
3,Activity K,9.798182590890704
3,Activity J,9.980494888896912
3,,
3,,
3,,
3,,
3,,
4,,
4,Activity B,8.188966863648876
4,,
4,,
4,,
4,,
4,Activity K,9.798182590890704
4,,
4,,
4,,
4,Activity L,9.980494888896912
4,Activity N,9.980494888896912
4,Activity H,10.134638955251866
4,Activity F,10.268165387743457
5,,
5,,
5,,
5,,
5,,
5,,
5,,
5,Activity G,9.798182590890704
5,,
5,Activity L,9.980494888896912
5,,
5,,
5,,
5,Activity F,10.268165387743457
6,,
6,,
6,,
6,Activity D,9.287394001418473
6,,
6,Activity M,9.798182590890704
6,Activity K,9.798182590890704
6,,
6,Activity N,9.980494888896912
6,,
6,,
6,,
6,Activity H,10.134638955251866
6,Activity F,10.268165387743457
7,Activity A,0.0
7,Activity B,8.188966863648876
7,,
7,Activity D,9.287394001418473
7,Activity E,9.575052927597383
7,Activity G,9.798182590890704
7,Activity M,9.798182590890704
7,Activity K,9.798182590890704
7,Activity J,9.980494888896912
7,Activity I,9.980494888896912
7,,
7,,
7,Activity H,10.134638955251866
7,,
8,Activity A,0.0
8,,
8,,
8,Activity D,9.287394001418473
8,Activity E,9.575052927597383
8,Activity K,9.798182590890704
8,Activity M,9.798182590890704
8,Activity G,9.798182590890704
8,,
8,,
8,Activity I,9.980494888896912
8,Activity J,9.980494888896912
8,,
8,Activity F,10.268165387743457
9,,
9,Activity B,8.188966863648876
9,Activity C,8.881975184248867
9,Activity D,9.287394001418473
9,,
9,Activity M,9.798182590890704
9,,
9,Activity G,9.798182590890704
9,Activity N,9.980494888896912
9,,
9,,
9,Activity I,9.980494888896912
9,,
9,,
10,Activity A,0.0
10,,
10,Activity C,8.881975184248867
10,,
10,Activity E,9.575052927597383
10,Activity K,9.798182590890704
10,Activity G,9.798182590890704
10,Activity M,9.798182590890704
10,,
10,,
10,Activity J,9.980494888896912
10,,
10,Activity H,10.134638955251866
10,Activity F,10.268165387743457
11,Activity A,0.0
11,,
11,,
11,,
11,,
11,Activity K,9.798182590890704
11,Activity M,9.798182590890704
11,Activity G,9.798182590890704
11,Activity L,9.980494888896912
11,,
11,,
11,,
11,,
11,Activity F,10.268165387743457
12,Activity A,0.0
12,Activity B,8.188966863648876
12,,
12,,
12,,
12,Activity K,9.798182590890704
12,Activity M,9.798182590890704
12,,
12,Activity L,9.980494888896912
12,,
12,Activity J,9.980494888896912
12,,
12,Activity H,10.134638955251866
12,,
13,Activity A,0.0
13,,
13,Activity C,8.881975184248867
13,,
13,Activity E,9.575052927597383
13,Activity G,9.798182590890704
13,Activity K,9.798182590890704
13,,
13,Activity J,9.980494888896912
13,,
13,Activity L,9.980494888896912
13,,
13,Activity H,10.134638955251866
13,,
14,,
14,,
14,,
14,,
14,Activity E,9.575052927597383
14,,
14,,
14,,
14,Activity J,9.980494888896912
14,Activity I,9.980494888896912
14,,
14,Activity N,9.980494888896912
14,Activity H,10.134638955251866
14,Activity F,10.268165387743457
15,,
15,Activity B,8.188966863648876
15,,
15,,
15,Activity E,9.575052927597383
15,,
15,Activity G,9.798182590890704
15,,
15,,
15,,
15,,
15,,
15,Activity H,10.134638955251866
15,,
16,Activity A,0.0
16,Activity B,8.188966863648876
16,,
16,,
16,Activity E,9.575052927597383
16,,
16,Activity G,9.798182590890704
16,Activity K,9.798182590890704
16,Activity N,9.980494888896912
16,Activity I,9.980494888896912
16,Activity J,9.980494888896912
16,Activity L,9.980494888896912
16,Activity H,10.134638955251866
16,,
17,Activity A,0.0
17,Activity B,8.188966863648876
17,Activity C,8.881975184248867
17,,
17,,
17,,
17,Activity K,9.798182590890704
17,,
17,,
17,Activity I,9.980494888896912
17,Activity L,9.980494888896912
17,Activity N,9.980494888896912
17,Activity H,10.134638955251866
17,Activity F,10.268165387743457
18,,
18,,
18,,
18,Activity D,9.287394001418473
18,,
18,Activity G,9.798182590890704
18,,
18,Activity K,9.798182590890704
18,Activity J,9.980494888896912
18,,
18,,
18,Activity L,9.980494888896912
18,Activity H,10.134638955251866
18,Activity F,10.268165387743457
19,Activity A,0.0
19,,
19,,
19,Activity D,9.287394001418473
19,,
19,,
19,Activity K,9.798182590890704
19,Activity G,9.798182590890704
19,,
19,Activity L,9.980494888896912
19,Activity J,9.980494888896912
19,Activity I,9.980494888896912
19,Activity H,10.134638955251866
19,Activity F,10.268165387743457
20,,
20,,
20,Activity C,8.881975184248867
20,Activity D,9.287394001418473
20,Activity E,9.575052927597383
20,,
20,,
20,,
20,Activity J,9.980494888896912
20,Activity I,9.980494888896912
20,,
20,,
20,,
20,Activity F,10.268165387743457
21,Activity A,0.0
21,Activity B,8.188966863648876
21,Activity C,8.881975184248867
21,Activity D,9.287394001418473
21,Activity E,9.575052927597383
21,,
21,Activity K,9.798182590890704
21,,
21,,
21,,
21,Activity I,9.980494888896912
21,Activity J,9.980494888896912
21,Activity H,10.134638955251866
21,,
22,Activity A,0.0
22,,
22,Activity C,8.881975184248867
22,Activity D,9.287394001418473
22,,
22,,
22,,
22,,
22,Activity L,9.980494888896912
22,Activity I,9.980494888896912
22,,
22,,
22,,
22,,
23,Activity A,0.0
23,,
23,Activity C,8.881975184248867
23,,
23,Activity E,9.575052927597383
23,,
23,,
23,,
23,,
23,,
23,,
23,Activity L,9.980494888896912
23,Activity H,10.134638955251866
23,,
24,Activity A,0.0
24,Activity B,8.188966863648876
24,,
24,Activity D,9.287394001418473
24,Activity E,9.575052927597383
24,Activity G,9.798182590890704
24,,
24,,
24,,
24,Activity I,9.980494888896912
24,Activity L,9.980494888896912
24,Activity N,9.980494888896912
24,Activity H,10.134638955251866
24,,
25,,
25,,
25,Activity C,8.881975184248867
25,Activity D,9.287394001418473
25,,
25,Activity M,9.798182590890704
25,,
25,,
25,,
25,,
25,,
25,,
25,Activity H,10.134638955251866
25,Activity F,10.268165387743457
26,,
26,Activity B,8.188966863648876
26,,
26,Activity D,9.287394001418473
26,,
26,Activity K,9.798182590890704
26,Activity G,9.798182590890704
26,,
26,,
26,Activity J,9.980494888896912
26,,
26,Activity N,9.980494888896912
26,,
26,,
27,,
27,Activity B,8.188966863648876
27,,
27,Activity D,9.287394001418473
27,Activity E,9.575052927597383
27,,
27,Activity K,9.798182590890704
27,,
27,,
27,Activity J,9.980494888896912
27,,
27,Activity N,9.980494888896912
27,Activity H,10.134638955251866
27,,
28,,
28,,
28,,
28,Activity D,9.287394001418473
28,Activity E,9.575052927597383
28,,
28,Activity M,9.798182590890704
28,,
28,,
28,,
28,Activity J,9.980494888896912
28,Activity I,9.980494888896912
28,Activity H,10.134638955251866
28,Activity F,10.268165387743457
29,,
29,,
29,,
29,Activity D,9.287394001418473
29,Activity E,9.575052927597383
29,,
29,,
29,Activity K,9.798182590890704
29,,
29,Activity I,9.980494888896912
29,Activity N,9.980494888896912
29,Activity L,9.980494888896912
29,Activity H,10.134638955251866
29,,
30,,
30,,
30,,
30,Activity D,9.287394001418473
30,,
30,,
30,Activity M,9.798182590890704
30,Activity K,9.798182590890704
30,,
30,,
30,Activity N,9.980494888896912
30,Activity L,9.980494888896912
30,,
30,,
31,Activity A,0.0
31,,
31,Activity C,8.881975184248867
31,Activity D,9.287394001418473
31,,
31,,
31,Activity G,9.798182590890704
31,,
31,,
31,Activity J,9.980494888896912
31,Activity I,9.980494888896912
31,,
31,,
31,,
32,Activity A,0.0
32,,
32,Activity C,8.881975184248867
32,,
32,Activity E,9.575052927597383
32,,
32,,
32,,
32,Activity L,9.980494888896912
32,,
32,Activity J,9.980494888896912
32,,
32,Activity H,10.134638955251866
32,Activity F,10.268165387743457
33,Activity A,0.0
33,Activity B,8.188966863648876
33,Activity C,8.881975184248867
33,Activity D,9.287394001418473
33,Activity E,9.575052927597383
33,Activity G,9.798182590890704
33,,
33,Activity K,9.798182590890704
33,Activity J,9.980494888896912
33,,
33,Activity N,9.980494888896912
33,Activity L,9.980494888896912
33,,
33,,
34,,
34,,
34,,
34,,
34,,
34,,
34,Activity M,9.798182590890704
34,,
34,Activity J,9.980494888896912
34,Activity I,9.980494888896912
34,Activity N,9.980494888896912
34,,
34,,
34,Activity F,10.268165387743457
35,Activity A,0.0
35,Activity B,8.188966863648876
35,,
35,Activity D,9.287394001418473
35,,
35,Activity K,9.798182590890704
35,Activity M,9.798182590890704
35,,
35,Activity L,9.980494888896912
35,Activity N,9.980494888896912
35,,
35,,
35,,
35,Activity F,10.268165387743457
36,Activity A,0.0
36,Activity B,8.188966863648876
36,Activity C,8.881975184248867
36,,
36,,
36,,
36,Activity G,9.798182590890704
36,Activity K,9.798182590890704
36,Activity N,9.980494888896912
36,,
36,Activity J,9.980494888896912
36,Activity L,9.980494888896912
36,Activity H,10.134638955251866
36,Activity F,10.268165387743457
37,,
37,Activity B,8.188966863648876
37,Activity C,8.881975184248867
37,,
37,Activity E,9.575052927597383
37,,
37,Activity M,9.798182590890704
37,,
37,Activity L,9.980494888896912
37,,
37,Activity I,9.980494888896912
37,Activity J,9.980494888896912
37,Activity H,10.134638955251866
37,,
38,Activity A,0.0
38,Activity B,8.188966863648876
38,,
38,,
38,Activity E,9.575052927597383
38,Activity M,9.798182590890704
38,,
38,,
38,,
38,Activity L,9.980494888896912
38,,
38,,
38,,
38,Activity F,10.268165387743457
39,,
39,Activity B,8.188966863648876
39,Activity C,8.881975184248867
39,Activity D,9.287394001418473
39,Activity E,9.575052927597383
39,Activity M,9.798182590890704
39,Activity K,9.798182590890704
39,Activity G,9.798182590890704
39,,
39,Activity L,9.980494888896912
39,,
39,Activity I,9.980494888896912
39,Activity H,10.134638955251866
39,,
40,Activity A,0.0
40,Activity B,8.188966863648876
40,Activity C,8.881975184248867
40,,
40,,
40,,
40,Activity G,9.798182590890704
40,,
40,Activity L,9.980494888896912
40,,
40,,
40,,
40,Activity H,10.134638955251866
40,Activity F,10.268165387743457
41,Activity A,0.0
41,Activity B,8.188966863648876
41,,
41,,
41,Activity E,9.575052927597383
41,Activity M,9.798182590890704
41,Activity K,9.798182590890704
41,Activity G,9.798182590890704
41,Activity N,9.980494888896912
41,Activity L,9.980494888896912
41,,
41,Activity J,9.980494888896912
41,,
41,Activity F,10.268165387743457
42,Activity A,0.0
42,Activity B,8.188966863648876
42,Activity C,8.881975184248867
42,Activity D,9.287394001418473
42,,
42,Activity G,9.798182590890704
42,Activity M,9.798182590890704
42,,
42,,
42,Activity I,9.980494888896912
42,,
42,Activity L,9.980494888896912
42,,
42,,
43,,
43,Activity B,8.188966863648876
43,Activity C,8.881975184248867
43,,
43,,
43,,
43,Activity M,9.798182590890704
43,,
43,Activity J,9.980494888896912
43,,
43,,
43,,
43,Activity H,10.134638955251866
43,,
44,Activity A,0.0
44,,
44,,
44,,
44,Activity E,9.575052927597383
44,,
44,,
44,Activity G,9.798182590890704
44,Activity N,9.980494888896912
44,,
44,Activity J,9.980494888896912
44,,
44,,
44,Activity F,10.268165387743457
45,,
45,,
45,,
45,Activity D,9.287394001418473
45,Activity E,9.575052927597383
45,Activity M,9.798182590890704
45,,
45,Activity K,9.798182590890704
45,,
45,Activity I,9.980494888896912
45,,
45,,
45,,
45,Activity F,10.268165387743457
46,Activity A,0.0
46,Activity B,8.188966863648876
46,,
46,Activity D,9.287394001418473
46,Activity E,9.575052927597383
46,,
46,Activity M,9.798182590890704
46,Activity G,9.798182590890704
46,,
46,,
46,,
46,,
46,Activity H,10.134638955251866
46,,
47,Activity A,0.0
47,,
47,,
47,Activity D,9.287394001418473
47,Activity E,9.575052927597383
47,,
47,Activity G,9.798182590890704
47,Activity K,9.798182590890704
47,,
47,Activity J,9.980494888896912
47,Activity I,9.980494888896912
47,Activity L,9.980494888896912
47,Activity H,10.134638955251866
47,Activity F,10.268165387743457
48,,
48,,
48,Activity C,8.881975184248867
48,Activity D,9.287394001418473
48,Activity E,9.575052927597383
48,,
48,Activity G,9.798182590890704
48,Activity K,9.798182590890704
48,Activity N,9.980494888896912
48,,
48,,
48,Activity L,9.980494888896912
48,Activity H,10.134638955251866
48,,
49,Activity A,0.0
49,,
49,,
49,Activity D,9.287394001418473
49,,
49,Activity M,9.798182590890704
49,Activity K,9.798182590890704
49,Activity G,9.798182590890704
49,,
49,,
49,,
49,,
49,,
49,,
50,,
50,,
50,,
50,Activity D,9.287394001418473
50,,
50,Activity G,9.798182590890704
50,Activity M,9.798182590890704
50,,
50,Activity J,9.980494888896912
50,,
50,Activity N,9.980494888896912
50,Activity L,9.980494888896912
50,Activity H,10.134638955251866
50,Activity F,10.268165387743457
51,,
51,Activity B,8.188966863648876
51,Activity C,8.881975184248867
51,Activity D,9.287394001418473
51,,
51,,
51,Activity K,9.798182590890704
51,Activity G,9.798182590890704
51,Activity N,9.980494888896912
51,Activity L,9.980494888896912
51,Activity J,9.980494888896912
51,Activity I,9.980494888896912
51,Activity H,10.134638955251866
51,,
52,Activity A,0.0
52,Activity B,8.188966863648876
52,Activity C,8.881975184248867
52,,
52,Activity E,9.575052927597383
52,Activity G,9.798182590890704
52,Activity M,9.798182590890704
52,,
52,Activity J,9.980494888896912
52,Activity I,9.980494888896912
52,,
52,Activity L,9.980494888896912
52,,
52,Activity F,10.268165387743457
53,,
53,,
53,,
53,Activity D,9.287394001418473
53,Activity E,9.575052927597383
53,Activity G,9.798182590890704
53,Activity M,9.798182590890704
53,,
53,Activity J,9.980494888896912
53,,
53,,
53,,
53,Activity H,10.134638955251866
53,,
54,Activity A,0.0
54,Activity B,8.188966863648876
54,,
54,,
54,,
54,Activity M,9.798182590890704
54,Activity K,9.798182590890704
54,,
54,,
54,Activity L,9.980494888896912
54,,
54,Activity J,9.980494888896912
54,Activity H,10.134638955251866
54,,
55,,
55,Activity B,8.188966863648876
55,Activity C,8.881975184248867
55,Activity D,9.287394001418473
55,Activity E,9.575052927597383
55,,
55,,
55,Activity K,9.798182590890704
55,Activity N,9.980494888896912
55,,
55,Activity I,9.980494888896912
55,,
55,Activity H,10.134638955251866
55,Activity F,10.268165387743457
56,Activity A,0.0
56,Activity B,8.188966863648876
56,Activity C,8.881975184248867
56,Activity D,9.287394001418473
56,,
56,Activity G,9.798182590890704
56,Activity M,9.798182590890704
56,Activity K,9.798182590890704
56,,
56,,
56,,
56,,
56,,
56,Activity F,10.268165387743457
57,Activity A,0.0
57,Activity B,8.188966863648876
57,,
57,,
57,,
57,Activity K,9.798182590890704
57,Activity M,9.798182590890704
57,Activity G,9.798182590890704
57,Activity L,9.980494888896912
57,Activity N,9.980494888896912
57,Activity I,9.980494888896912
57,Activity J,9.980494888896912
57,,
57,Activity F,10.268165387743457
58,Activity A,0.0
58,,
58,Activity C,8.881975184248867
58,Activity D,9.287394001418473
58,Activity E,9.575052927597383
58,,
58,Activity M,9.798182590890704
58,,
58,Activity L,9.980494888896912
58,,
58,Activity I,9.980494888896912
58,Activity J,9.980494888896912
58,,
58,,
59,,
59,,
59,Activity C,8.881975184248867
59,,
59,,
59,Activity M,9.798182590890704
59,,
59,Activity K,9.798182590890704
59,,
59,,
59,,
59,,
59,,
59,,
60,Activity A,0.0
60,,
60,,
60,Activity D,9.287394001418473
60,Activity E,9.575052927597383
60,Activity K,9.798182590890704
60,Activity M,9.798182590890704
60,Activity G,9.798182590890704
60,,
60,Activity N,9.980494888896912
60,Activity I,9.980494888896912
60,Activity J,9.980494888896912
60,Activity H,10.134638955251866
60,Activity F,10.268165387743457
61,Activity A,0.0
61,,
61,Activity C,8.881975184248867
61,Activity D,9.287394001418473
61,,
61,Activity M,9.798182590890704
61,,
61,Activity G,9.798182590890704
61,Activity N,9.980494888896912
61,Activity L,9.980494888896912
61,Activity I,9.980494888896912
61,Activity J,9.980494888896912
61,,
61,,
62,Activity A,0.0
62,Activity B,8.188966863648876
62,Activity C,8.881975184248867
62,,
62,,
62,,
62,,
62,Activity G,9.798182590890704
62,Activity L,9.980494888896912
62,,
62,,
62,,
62,,
62,Activity F,10.268165387743457
63,,
63,Activity B,8.188966863648876
63,Activity C,8.881975184248867
63,,
63,,
63,Activity K,9.798182590890704
63,,
63,,
63,Activity L,9.980494888896912
63,Activity N,9.980494888896912
63,,
63,,
63,Activity H,10.134638955251866
63,Activity F,10.268165387743457
64,,
64,,
64,,
64,,
64,Activity E,9.575052927597383
64,Activity M,9.798182590890704
64,,
64,,
64,Activity N,9.980494888896912
64,Activity J,9.980494888896912
64,Activity I,9.980494888896912
64,Activity L,9.980494888896912
64,Activity H,10.134638955251866
64,,
65,,
65,,
65,Activity C,8.881975184248867
65,,
65,Activity E,9.575052927597383
65,Activity K,9.798182590890704
65,Activity G,9.798182590890704
65,Activity M,9.798182590890704
65,,
65,,
65,,
65,,
65,Activity H,10.134638955251866
65,,
66,,
66,Activity B,8.188966863648876
66,Activity C,8.881975184248867
66,Activity D,9.287394001418473
66,,
66,Activity K,9.798182590890704
66,Activity G,9.798182590890704
66,Activity M,9.798182590890704
66,,
66,,
66,,
66,Activity N,9.980494888896912
66,,
66,Activity F,10.268165387743457
67,,
67,Activity B,8.188966863648876
67,,
67,,
67,,
67,Activity K,9.798182590890704
67,Activity G,9.798182590890704
67,,
67,Activity L,9.980494888896912
67,,
67,,
67,Activity N,9.980494888896912
67,Activity H,10.134638955251866
67,,
68,Activity A,0.0
68,,
68,,
68,,
68,Activity E,9.575052927597383
68,Activity K,9.798182590890704
68,,
68,,
68,Activity L,9.980494888896912
68,,
68,,
68,,
68,,
68,,
69,Activity A,0.0
69,Activity B,8.188966863648876
69,Activity C,8.881975184248867
69,Activity D,9.287394001418473
69,Activity E,9.575052927597383
69,,
69,,
69,,
69,,
69,Activity L,9.980494888896912
69,Activity J,9.980494888896912
69,,
69,Activity H,10.134638955251866
69,Activity F,10.268165387743457
70,Activity A,0.0
70,Activity B,8.188966863648876
70,Activity C,8.881975184248867
70,Activity D,9.287394001418473
70,,
70,Activity K,9.798182590890704
70,Activity M,9.798182590890704
70,Activity G,9.798182590890704
70,,
70,Activity N,9.980494888896912
70,,
70,Activity J,9.980494888896912
70,,
70,,
71,Activity A,0.0
71,,
71,Activity C,8.881975184248867
71,,
71,Activity E,9.575052927597383
71,,
71,Activity G,9.798182590890704
71,,
71,Activity L,9.980494888896912
71,Activity I,9.980494888896912
71,Activity J,9.980494888896912
71,Activity N,9.980494888896912
71,,
71,,
72,,
72,Activity B,8.188966863648876
72,Activity C,8.881975184248867
72,,
72,Activity E,9.575052927597383
72,Activity G,9.798182590890704
72,Activity M,9.798182590890704
72,Activity K,9.798182590890704
72,,
72,,
72,,
72,Activity L,9.980494888896912
72,,
72,Activity F,10.268165387743457
73,,
73,,
73,Activity C,8.881975184248867
73,,
73,Activity E,9.575052927597383
73,,
73,Activity M,9.798182590890704
73,Activity G,9.798182590890704
73,,
73,Activity N,9.980494888896912
73,Activity J,9.980494888896912
73,,
73,Activity H,10.134638955251866
73,,
74,,
74,Activity B,8.188966863648876
74,Activity C,8.881975184248867
74,,
74,Activity E,9.575052927597383
74,,
74,,
74,,
74,,
74,,
74,Activity N,9.980494888896912
74,,
74,Activity H,10.134638955251866
74,Activity F,10.268165387743457
75,Activity A,0.0
75,Activity B,8.188966863648876
75,,
75,,
75,Activity E,9.575052927597383
75,Activity K,9.798182590890704
75,Activity M,9.798182590890704
75,Activity G,9.798182590890704
75,,
75,,
75,,
75,,
75,,
75,Activity F,10.268165387743457
76,,
76,,
76,Activity C,8.881975184248867
76,Activity D,9.287394001418473
76,,
76,,
76,,
76,Activity M,9.798182590890704
76,Activity J,9.980494888896912
76,Activity I,9.980494888896912
76,Activity L,9.980494888896912
76,,
76,,
76,Activity F,10.268165387743457
77,,
77,Activity B,8.188966863648876
77,Activity C,8.881975184248867
77,Activity D,9.287394001418473
77,,
77,Activity M,9.798182590890704
77,,
77,Activity K,9.798182590890704
77,,
77,Activity J,9.980494888896912
77,Activity I,9.980494888896912
77,,
77,Activity H,10.134638955251866
77,Activity F,10.268165387743457
78,Activity A,0.0
78,,
78,Activity C,8.881975184248867
78,Activity D,9.287394001418473
78,Activity E,9.575052927597383
78,Activity K,9.798182590890704
78,Activity G,9.798182590890704
78,,
78,,
78,Activity J,9.980494888896912
78,,
78,,
78,Activity H,10.134638955251866
78,,
79,,
79,Activity B,8.188966863648876
79,Activity C,8.881975184248867
79,Activity D,9.287394001418473
79,Activity E,9.575052927597383
79,,
79,Activity G,9.798182590890704
79,,
79,Activity N,9.980494888896912
79,,
79,,
79,Activity L,9.980494888896912
79,,
79,Activity F,10.268165387743457
80,,
80,,
80,,
80,,
80,Activity E,9.575052927597383
80,,
80,,
80,,
80,Activity N,9.980494888896912
80,,
80,Activity J,9.980494888896912
80,,
80,,
80,Activity F,10.268165387743457
81,Activity A,0.0
81,Activity B,8.188966863648876
81,Activity C,8.881975184248867
81,Activity D,9.287394001418473
81,,
81,,
81,,
81,,
81,,
81,,
81,,
81,Activity N,9.980494888896912
81,,
81,,
82,Activity A,0.0
82,Activity B,8.188966863648876
82,Activity C,8.881975184248867
82,,
82,Activity E,9.575052927597383
82,,
82,,
82,Activity K,9.798182590890704
82,,
82,,
82,Activity N,9.980494888896912
82,,
82,Activity H,10.134638955251866
82,,
83,,
83,,
83,Activity C,8.881975184248867
83,Activity D,9.287394001418473
83,Activity E,9.575052927597383
83,,
83,,
83,Activity G,9.798182590890704
83,,
83,,
83,Activity I,9.980494888896912
83,,
83,,
83,Activity F,10.268165387743457
84,Activity A,0.0
84,,
84,,
84,,
84,,
84,Activity G,9.798182590890704
84,Activity M,9.798182590890704
84,,
84,,
84,,
84,Activity N,9.980494888896912
84,,
84,Activity H,10.134638955251866
84,Activity F,10.268165387743457
85,Activity A,0.0
85,Activity B,8.188966863648876
85,Activity C,8.881975184248867
85,Activity D,9.287394001418473
85,Activity E,9.575052927597383
85,,
85,Activity M,9.798182590890704
85,Activity K,9.798182590890704
85,Activity J,9.980494888896912
85,,
85,,
85,,
85,Activity H,10.134638955251866
85,Activity F,10.268165387743457
86,,
86,,
86,Activity C,8.881975184248867
86,Activity D,9.287394001418473
86,Activity E,9.575052927597383
86,,
86,,
86,,
86,,
86,Activity I,9.980494888896912
86,Activity J,9.980494888896912
86,,
86,,
86,Activity F,10.268165387743457
87,,
87,,
87,,
87,,
87,Activity E,9.575052927597383
87,Activity M,9.798182590890704
87,,
87,,
87,Activity N,9.980494888896912
87,Activity L,9.980494888896912
87,,
87,,
87,Activity H,10.134638955251866
87,,
88,Activity A,0.0
88,Activity B,8.188966863648876
88,,
88,,
88,,
88,,
88,Activity G,9.798182590890704
88,,
88,,
88,,
88,Activity I,9.980494888896912
88,Activity N,9.980494888896912
88,,
88,Activity F,10.268165387743457
89,Activity A,0.0
89,,
89,,
89,Activity D,9.287394001418473
89,,
89,,
89,,
89,,
89,,
89,Activity J,9.980494888896912
89,,
89,,
89,,
89,,
90,Activity A,0.0
90,,
90,,
90,Activity D,9.287394001418473
90,,
90,Activity K,9.798182590890704
90,,
90,Activity M,9.798182590890704
90,Activity L,9.980494888896912
90,Activity I,9.980494888896912
90,,
90,Activity N,9.980494888896912
90,,
90,Activity F,10.268165387743457
91,Activity A,0.0
91,Activity B,8.188966863648876
91,Activity C,8.881975184248867
91,,
91,Activity E,9.575052927597383
91,,
91,Activity M,9.798182590890704
91,Activity K,9.798182590890704
91,Activity J,9.980494888896912
91,Activity I,9.980494888896912
91,Activity N,9.980494888896912
91,Activity L,9.980494888896912
91,,
91,Activity F,10.268165387743457
92,Activity A,0.0
92,Activity B,8.188966863648876
92,Activity C,8.881975184248867
92,,
92,Activity E,9.575052927597383
92,Activity K,9.798182590890704
92,Activity G,9.798182590890704
92,,
92,Activity L,9.980494888896912
92,,
92,Activity I,9.980494888896912
92,Activity N,9.980494888896912
92,Activity H,10.134638955251866
92,,
93,Activity A,0.0
93,Activity B,8.188966863648876
93,,
93,,
93,Activity E,9.575052927597383
93,,
93,Activity M,9.798182590890704
93,,
93,Activity I,9.980494888896912
93,,
93,Activity N,9.980494888896912
93,Activity L,9.980494888896912
93,,
93,,
94,,
94,,
94,Activity C,8.881975184248867
94,Activity D,9.287394001418473
94,,
94,Activity K,9.798182590890704
94,Activity G,9.798182590890704
94,,
94,,
94,Activity J,9.980494888896912
94,,
94,,
94,,
94,Activity F,10.268165387743457
95,,
95,,
95,,
95,Activity D,9.287394001418473
95,Activity E,9.575052927597383
95,,
95,,
95,Activity G,9.798182590890704
95,,
95,,
95,,
95,Activity J,9.980494888896912
95,,
95,Activity F,10.268165387743457
96,,
96,Activity B,8.188966863648876
96,,
96,,
96,Activity E,9.575052927597383
96,,
96,Activity G,9.798182590890704
96,Activity M,9.798182590890704
96,,
96,,
96,,
96,Activity N,9.980494888896912
96,Activity H,10.134638955251866
96,Activity F,10.268165387743457
97,Activity A,0.0
97,,
97,Activity C,8.881975184248867
97,Activity D,9.287394001418473
97,Activity E,9.575052927597383
97,Activity G,9.798182590890704
97,Activity M,9.798182590890704
97,,
97,Activity J,9.980494888896912
97,Activity I,9.980494888896912
97,Activity N,9.980494888896912
97,,
97,,
97,Activity F,10.268165387743457
98,,
98,Activity B,8.188966863648876
98,,
98,Activity D,9.287394001418473
98,,
98,Activity M,9.798182590890704
98,,
98,Activity G,9.798182590890704
98,Activity N,9.980494888896912
98,Activity L,9.980494888896912
98,,
98,,
98,,
98,Activity F,10.268165387743457
99,,
99,Activity B,8.188966863648876
99,Activity C,8.881975184248867
99,,
99,Activity E,9.575052927597383
99,,
99,,
99,,
99,Activity L,9.980494888896912
99,,
99,,
99,Activity I,9.980494888896912
99,Activity H,10.134638955251866
99,Activity F,10.268165387743457
100,Activity A,0.0
100,,
100,,
100,,
100,,
100,,
100,Activity K,9.798182590890704
100,,
100,Activity I,9.980494888896912
100,,
100,,
100,Activity N,9.980494888896912
100,Activity H,10.134638955251866
100,,
101,,
101,,
101,Activity C,8.881975184248867
101,,
101,Activity E,9.575052927597383
101,Activity K,9.798182590890704
101,Activity M,9.798182590890704
101,,
101,Activity L,9.980494888896912
101,,
101,Activity I,9.980494888896912
101,,
101,Activity H,10.134638955251866
101,Activity F,10.268165387743457
102,,
102,Activity B,8.188966863648876
102,Activity C,8.881975184248867
102,,
102,Activity E,9.575052927597383
102,Activity M,9.798182590890704
102,Activity G,9.798182590890704
102,Activity K,9.798182590890704
102,,
102,,
102,,
102,Activity L,9.980494888896912
102,Activity H,10.134638955251866
102,,
103,,
103,,
103,,
103,,
103,Activity E,9.575052927597383
103,Activity K,9.798182590890704
103,Activity M,9.798182590890704
103,Activity G,9.798182590890704
103,Activity L,9.980494888896912
103,,
103,,
103,Activity I,9.980494888896912
103,,
103,Activity F,10.268165387743457
104,,
104,Activity B,8.188966863648876
104,Activity C,8.881975184248867
104,Activity D,9.287394001418473
104,,
104,,
104,,
104,,
104,Activity N,9.980494888896912
104,Activity J,9.980494888896912
104,Activity I,9.980494888896912
104,Activity L,9.980494888896912
104,Activity H,10.134638955251866
104,Activity F,10.268165387743457
105,Activity A,0.0
105,,
105,Activity C,8.881975184248867
105,Activity D,9.287394001418473
105,Activity E,9.575052927597383
105,Activity M,9.798182590890704
105,Activity K,9.798182590890704
105,,
105,Activity N,9.980494888896912
105,,
105,,
105,Activity J,9.980494888896912
105,,
105,Activity F,10.268165387743457
106,,
106,Activity B,8.188966863648876
106,Activity C,8.881975184248867
106,Activity D,9.287394001418473
106,Activity E,9.575052927597383
106,,
106,Activity K,9.798182590890704
106,,
106,,
106,,
106,Activity L,9.980494888896912
106,,
106,Activity H,10.134638955251866
106,,
107,,
107,Activity B,8.188966863648876
107,Activity C,8.881975184248867
107,Activity D,9.287394001418473
107,Activity E,9.575052927597383
107,,
107,,
107,,
107,,
107,Activity N,9.980494888896912
107,Activity J,9.980494888896912
107,Activity I,9.980494888896912
107,,
107,Activity F,10.268165387743457
108,Activity A,0.0
108,,
108,Activity C,8.881975184248867
108,Activity D,9.287394001418473
108,Activity E,9.575052927597383
108,Activity K,9.798182590890704
108,Activity G,9.798182590890704
108,,
108,,
108,Activity I,9.980494888896912
108,Activity J,9.980494888896912
108,Activity N,9.980494888896912
108,,
108,Activity F,10.268165387743457
109,,
109,,
109,Activity C,8.881975184248867
109,Activity D,9.287394001418473
109,,
109,,
109,,
109,Activity M,9.798182590890704
109,,
109,Activity J,9.980494888896912
109,Activity L,9.980494888896912
109,Activity N,9.980494888896912
109,Activity H,10.134638955251866
109,Activity F,10.268165387743457
110,,
110,,
110,,
110,,
110,Activity E,9.575052927597383
110,,
110,,
110,Activity M,9.798182590890704
110,Activity L,9.980494888896912
110,,
110,,
110,,
110,Activity H,10.134638955251866
110,,
111,,
111,,
111,Activity C,8.881975184248867
111,Activity D,9.287394001418473
111,,
111,Activity M,9.798182590890704
111,,
111,Activity G,9.798182590890704
111,Activity N,9.980494888896912
111,Activity L,9.980494888896912
111,Activity J,9.980494888896912
111,,
111,,
111,,
112,,
112,Activity B,8.188966863648876
112,,
112,Activity D,9.287394001418473
112,Activity E,9.575052927597383
112,,
112,,
112,Activity K,9.798182590890704
112,Activity J,9.980494888896912
112,,
112,,
112,,
112,Activity H,10.134638955251866
112,Activity F,10.268165387743457
113,,
113,,
113,,
113,Activity D,9.287394001418473
113,,
113,,
113,,
113,Activity M,9.798182590890704
113,,
113,,
113,Activity I,9.980494888896912
113,Activity N,9.980494888896912
113,,
113,Activity F,10.268165387743457
114,,
114,Activity B,8.188966863648876
114,,
114,Activity D,9.287394001418473
114,,
114,Activity K,9.798182590890704
114,,
114,,
114,Activity L,9.980494888896912
114,Activity N,9.980494888896912
114,,
114,Activity J,9.980494888896912
114,,
114,Activity F,10.268165387743457
115,,
115,Activity B,8.188966863648876
115,Activity C,8.881975184248867
115,Activity D,9.287394001418473
115,Activity E,9.575052927597383
115,,
115,,
115,,
115,Activity L,9.980494888896912
115,,
115,Activity I,9.980494888896912
115,Activity N,9.980494888896912
115,Activity H,10.134638955251866
115,Activity F,10.268165387743457
116,,
116,,
116,Activity C,8.881975184248867
116,Activity D,9.287394001418473
116,Activity E,9.575052927597383
116,,
116,,
116,Activity G,9.798182590890704
116,,
116,,
116,,
116,Activity I,9.980494888896912
116,,
116,,
117,,
117,Activity B,8.188966863648876
117,,
117,Activity D,9.287394001418473
117,,
117,,
117,Activity G,9.798182590890704
117,,
117,,
117,Activity J,9.980494888896912
117,,
117,Activity N,9.980494888896912
117,Activity H,10.134638955251866
117,Activity F,10.268165387743457
118,Activity A,0.0
118,,
118,,
118,Activity D,9.287394001418473
118,,
118,Activity G,9.798182590890704
118,Activity M,9.798182590890704
118,,
118,Activity I,9.980494888896912
118,Activity J,9.980494888896912
118,,
118,Activity L,9.980494888896912
118,Activity H,10.134638955251866
118,,
119,,
119,Activity B,8.188966863648876
119,,
119,,
119,Activity E,9.575052927597383
119,Activity K,9.798182590890704
119,,
119,Activity G,9.798182590890704
119,,
119,Activity N,9.980494888896912
119,,
119,,
119,Activity H,10.134638955251866
119,,
120,Activity A,0.0
120,,
120,,
120,,
120,,
120,,
120,Activity M,9.798182590890704
120,Activity K,9.798182590890704
120,,
120,,
120,Activity N,9.980494888896912
120,,
120,,
120,,
121,,
121,Activity B,8.188966863648876
121,,
121,Activity D,9.287394001418473
121,Activity E,9.575052927597383
121,Activity M,9.798182590890704
121,,
121,Activity K,9.798182590890704
121,,
121,,
121,,
121,Activity L,9.980494888896912
121,Activity H,10.134638955251866
121,,
122,Activity A,0.0
122,Activity B,8.188966863648876
122,,
122,,
122,Activity E,9.575052927597383
122,Activity K,9.798182590890704
122,Activity G,9.798182590890704
122,Activity M,9.798182590890704
122,Activity L,9.980494888896912
122,,
122,,
122,Activity N,9.980494888896912
122,Activity H,10.134638955251866
122,,
123,Activity A,0.0
123,Activity B,8.188966863648876
123,,
123,Activity D,9.287394001418473
123,Activity E,9.575052927597383
123,,
123,Activity K,9.798182590890704
123,Activity G,9.798182590890704
123,,
123,,
123,Activity J,9.980494888896912
123,Activity I,9.980494888896912
123,Activity H,10.134638955251866
123,,
124,,
124,,
124,,
124,,
124,,
124,Activity G,9.798182590890704
124,,
124,,
124,Activity J,9.980494888896912
124,Activity I,9.980494888896912
124,,
124,,
124,Activity H,10.134638955251866
124,,
125,Activity A,0.0
125,,
125,,
125,Activity D,9.287394001418473
125,,
125,,
125,Activity K,9.798182590890704
125,Activity M,9.798182590890704
125,Activity J,9.980494888896912
125,Activity I,9.980494888896912
125,,
125,Activity N,9.980494888896912
125,,
125,Activity F,10.268165387743457
126,,
126,Activity B,8.188966863648876
126,Activity C,8.881975184248867
126,,
126,,
126,Activity K,9.798182590890704
126,,
126,,
126,,
126,Activity I,9.980494888896912
126,Activity J,9.980494888896912
126,,
126,Activity H,10.134638955251866
126,,
127,Activity A,0.0
127,,
127,,
127,,
127,Activity E,9.575052927597383
127,Activity M,9.798182590890704
127,,
127,,
127,,
127,,
127,Activity J,9.980494888896912
127,,
127,Activity H,10.134638955251866
127,Activity F,10.268165387743457
128,,
128,,
128,,
128,Activity D,9.287394001418473
128,Activity E,9.575052927597383
128,,
128,,
128,Activity K,9.798182590890704
128,Activity N,9.980494888896912
128,,
128,Activity J,9.980494888896912
128,,
128,,
128,,
129,,
129,,
129,Activity C,8.881975184248867
129,Activity D,9.287394001418473
129,,
129,Activity K,9.798182590890704
129,Activity G,9.798182590890704
129,Activity M,9.798182590890704
129,,
129,Activity I,9.980494888896912
129,,
129,,
129,Activity H,10.134638955251866
129,Activity F,10.268165387743457
130,,
130,Activity B,8.188966863648876
130,,
130,,
130,,
130,Activity M,9.798182590890704
130,,
130,Activity G,9.798182590890704
130,Activity N,9.980494888896912
130,,
130,,
130,Activity J,9.980494888896912
130,Activity H,10.134638955251866
130,,
131,Activity A,0.0
131,Activity B,8.188966863648876
131,Activity C,8.881975184248867
131,Activity D,9.287394001418473
131,,
131,Activity K,9.798182590890704
131,,
131,,
131,,
131,Activity I,9.980494888896912
131,Activity J,9.980494888896912
131,Activity N,9.980494888896912
131,Activity H,10.134638955251866
131,,
132,,
132,,
132,,
132,,
132,Activity E,9.575052927597383
132,Activity K,9.798182590890704
132,Activity G,9.798182590890704
132,Activity M,9.798182590890704
132,Activity L,9.980494888896912
132,,
132,Activity I,9.980494888896912
132,,
132,,
132,Activity F,10.268165387743457
133,Activity A,0.0
133,Activity B,8.188966863648876
133,Activity C,8.881975184248867
133,Activity D,9.287394001418473
133,Activity E,9.575052927597383
133,Activity G,9.798182590890704
133,,
133,Activity M,9.798182590890704
133,Activity I,9.980494888896912
133,Activity J,9.980494888896912
133,,
133,Activity N,9.980494888896912
133,,
133,Activity F,10.268165387743457
134,Activity A,0.0
134,Activity B,8.188966863648876
134,,
134,Activity D,9.287394001418473
134,Activity E,9.575052927597383
134,,
134,Activity K,9.798182590890704
134,Activity G,9.798182590890704
134,Activity N,9.980494888896912
134,Activity L,9.980494888896912
134,Activity J,9.980494888896912
134,,
134,Activity H,10.134638955251866
134,Activity F,10.268165387743457
135,Activity A,0.0
135,,
135,Activity C,8.881975184248867
135,,
135,Activity E,9.575052927597383
135,,
135,Activity K,9.798182590890704
135,Activity G,9.798182590890704
135,,
135,Activity L,9.980494888896912
135,,
135,Activity J,9.980494888896912
135,,
135,,
136,,
136,,
136,Activity C,8.881975184248867
136,Activity D,9.287394001418473
136,,
136,,
136,,
136,,
136,Activity N,9.980494888896912
136,,
136,Activity J,9.980494888896912
136,,
136,Activity H,10.134638955251866
136,,
137,Activity A,0.0
137,Activity B,8.188966863648876
137,,
137,Activity D,9.287394001418473
137,Activity E,9.575052927597383
137,Activity M,9.798182590890704
137,Activity G,9.798182590890704
137,,
137,Activity N,9.980494888896912
137,Activity I,9.980494888896912
137,Activity J,9.980494888896912
137,,
137,,
137,Activity F,10.268165387743457
138,,
138,,
138,Activity C,8.881975184248867
138,Activity D,9.287394001418473
138,,
138,Activity M,9.798182590890704
138,,
138,Activity K,9.798182590890704
138,,
138,,
138,Activity I,9.980494888896912
138,,
138,,
138,Activity F,10.268165387743457
139,Activity A,0.0
139,,
139,Activity C,8.881975184248867
139,Activity D,9.287394001418473
139,Activity E,9.575052927597383
139,Activity K,9.798182590890704
139,Activity M,9.798182590890704
139,,
139,Activity L,9.980494888896912
139,Activity N,9.980494888896912
139,Activity I,9.980494888896912
139,Activity J,9.980494888896912
139,,
139,Activity F,10.268165387743457
140,,
140,,
140,Activity C,8.881975184248867
140,Activity D,9.287394001418473
140,Activity E,9.575052927597383
140,,
140,,
140,Activity K,9.798182590890704
140,,
140,Activity J,9.980494888896912
140,Activity N,9.980494888896912
140,Activity L,9.980494888896912
140,,
140,Activity F,10.268165387743457
141,Activity A,0.0
141,Activity B,8.188966863648876
141,,
141,,
141,Activity E,9.575052927597383
141,,
141,Activity M,9.798182590890704
141,Activity G,9.798182590890704
141,Activity L,9.980494888896912
141,Activity N,9.980494888896912
141,,
141,Activity J,9.980494888896912
141,,
141,Activity F,10.268165387743457
142,Activity A,0.0
142,,
142,,
142,Activity D,9.287394001418473
142,Activity E,9.575052927597383
142,,
142,,
142,Activity M,9.798182590890704
142,,
142,,
142,Activity J,9.980494888896912
142,Activity N,9.980494888896912
142,Activity H,10.134638955251866
142,,
143,,
143,,
143,,
143,,
143,Activity E,9.575052927597383
143,Activity G,9.798182590890704
143,,
143,,
143,Activity I,9.980494888896912
143,,
143,,
143,,
143,,
143,Activity F,10.268165387743457
144,,
144,,
144,,
144,,
144,,
144,Activity G,9.798182590890704
144,,
144,,
144,,
144,Activity I,9.980494888896912
144,Activity L,9.980494888896912
144,,
144,,
144,Activity F,10.268165387743457
145,,
145,Activity B,8.188966863648876
145,,
145,,
145,,
145,,
145,,
145,Activity M,9.798182590890704
145,,
145,Activity J,9.980494888896912
145,Activity I,9.980494888896912
145,,
145,Activity H,10.134638955251866
145,Activity F,10.268165387743457
146,Activity A,0.0
146,Activity B,8.188966863648876
146,,
146,Activity D,9.287394001418473
146,Activity E,9.575052927597383
146,Activity M,9.798182590890704
146,Activity G,9.798182590890704
146,Activity K,9.798182590890704
146,Activity N,9.980494888896912
146,,
146,Activity I,9.980494888896912
146,,
146,,
146,Activity F,10.268165387743457
147,,
147,,
147,Activity C,8.881975184248867
147,,
147,Activity E,9.575052927597383
147,,
147,Activity G,9.798182590890704
147,Activity M,9.798182590890704
147,Activity L,9.980494888896912
147,Activity J,9.980494888896912
147,,
147,,
147,Activity H,10.134638955251866
147,Activity F,10.268165387743457
148,Activity A,0.0
148,Activity B,8.188966863648876
148,Activity C,8.881975184248867
148,Activity D,9.287394001418473
148,Activity E,9.575052927597383
148,Activity G,9.798182590890704
148,,
148,,
148,Activity J,9.980494888896912
148,Activity I,9.980494888896912
148,,
148,,
148,Activity H,10.134638955251866
148,Activity F,10.268165387743457
149,Activity A,0.0
149,,
149,Activity C,8.881975184248867
149,Activity D,9.287394001418473
149,,
149,Activity K,9.798182590890704
149,,
149,,
149,Activity L,9.980494888896912
149,Activity N,9.980494888896912
149,,
149,,
149,Activity H,10.134638955251866
149,,
150,Activity A,0.0
150,,
150,Activity C,8.881975184248867
150,,
150,Activity E,9.575052927597383
150,,
150,,
150,,
150,Activity N,9.980494888896912
150,Activity L,9.980494888896912
150,Activity J,9.980494888896912
150,Activity I,9.980494888896912
150,,
150,,
151,,
151,Activity B,8.188966863648876
151,Activity C,8.881975184248867
151,Activity D,9.287394001418473
151,Activity E,9.575052927597383
151,,
151,Activity M,9.798182590890704
151,,
151,Activity I,9.980494888896912
151,,
151,Activity N,9.980494888896912
151,,
151,Activity H,10.134638955251866
151,,
152,Activity A,0.0
152,Activity B,8.188966863648876
152,Activity C,8.881975184248867
152,Activity D,9.287394001418473
152,Activity E,9.575052927597383
152,,
152,Activity M,9.798182590890704
152,Activity G,9.798182590890704
152,,
152,,
152,Activity J,9.980494888896912
152,Activity I,9.980494888896912
152,,
152,,
153,Activity A,0.0
153,,
153,,
153,,
153,Activity E,9.575052927597383
153,Activity G,9.798182590890704
153,,
153,,
153,Activity J,9.980494888896912
153,,
153,Activity N,9.980494888896912
153,Activity L,9.980494888896912
153,,
153,,
154,,
154,,
154,Activity C,8.881975184248867
154,Activity D,9.287394001418473
154,,
154,Activity K,9.798182590890704
154,,
154,,
154,,
154,,
154,,
154,,
154,Activity H,10.134638955251866
154,,
155,Activity A,0.0
155,,
155,Activity C,8.881975184248867
155,Activity D,9.287394001418473
155,Activity E,9.575052927597383
155,Activity G,9.798182590890704
155,,
155,,
155,,
155,,
155,,
155,Activity N,9.980494888896912
155,Activity H,10.134638955251866
155,,
156,Activity A,0.0
156,,
156,,
156,,
156,Activity E,9.575052927597383
156,,
156,Activity G,9.798182590890704
156,Activity K,9.798182590890704
156,,
156,Activity I,9.980494888896912
156,,
156,,
156,,
156,,
157,,
157,,
157,Activity C,8.881975184248867
157,Activity D,9.287394001418473
157,Activity E,9.575052927597383
157,,
157,,
157,Activity M,9.798182590890704
157,Activity L,9.980494888896912
157,Activity I,9.980494888896912
157,,
157,Activity N,9.980494888896912
157,Activity H,10.134638955251866
157,Activity F,10.268165387743457
158,Activity A,0.0
158,,
158,Activity C,8.881975184248867
158,,
158,,
158,Activity M,9.798182590890704
158,Activity K,9.798182590890704
158,,
158,,
158,Activity L,9.980494888896912
158,,
158,Activity J,9.980494888896912
158,Activity H,10.134638955251866
158,Activity F,10.268165387743457
159,Activity A,0.0
159,Activity B,8.188966863648876
159,,
159,Activity D,9.287394001418473
159,Activity E,9.575052927597383
159,,
159,Activity G,9.798182590890704
159,Activity K,9.798182590890704
159,,
159,Activity I,9.980494888896912
159,,
159,Activity L,9.980494888896912
159,,
159,Activity F,10.268165387743457
160,Activity A,0.0
160,,
160,,
160,Activity D,9.287394001418473
160,Activity E,9.575052927597383
160,Activity K,9.798182590890704
160,Activity G,9.798182590890704
160,Activity M,9.798182590890704
160,Activity L,9.980494888896912
160,Activity J,9.980494888896912
160,Activity I,9.980494888896912
160,,
160,Activity H,10.134638955251866
160,,
161,Activity A,0.0
161,Activity B,8.188966863648876
161,Activity C,8.881975184248867
161,,
161,Activity E,9.575052927597383
161,Activity K,9.798182590890704
161,,
161,Activity M,9.798182590890704
161,,
161,Activity J,9.980494888896912
161,,
161,Activity N,9.980494888896912
161,,
161,,
162,Activity A,0.0
162,,
162,Activity C,8.881975184248867
162,Activity D,9.287394001418473
162,,
162,Activity K,9.798182590890704
162,Activity M,9.798182590890704
162,Activity G,9.798182590890704
162,,
162,,
162,Activity I,9.980494888896912
162,Activity J,9.980494888896912
162,Activity H,10.134638955251866
162,Activity F,10.268165387743457
163,,
163,,
163,,
163,,
163,,
163,Activity K,9.798182590890704
163,,
163,Activity G,9.798182590890704
163,,
163,,
163,Activity I,9.980494888896912
163,,
163,,
163,Activity F,10.268165387743457
164,,
164,,
164,,
164,Activity D,9.287394001418473
164,,
164,Activity K,9.798182590890704
164,Activity M,9.798182590890704
164,,
164,,
164,,
164,Activity I,9.980494888896912
164,,
164,Activity H,10.134638955251866
164,,
165,Activity A,0.0
165,Activity B,8.188966863648876
165,Activity C,8.881975184248867
165,,
165,,
165,Activity M,9.798182590890704
165,Activity K,9.798182590890704
165,,
165,,
165,,
165,Activity I,9.980494888896912
165,,
165,Activity H,10.134638955251866
165,,
166,Activity A,0.0
166,Activity B,8.188966863648876
166,Activity C,8.881975184248867
166,Activity D,9.287394001418473
166,,
166,Activity K,9.798182590890704
166,,
166,,
166,,
166,,
166,,
166,Activity I,9.980494888896912
166,,
166,Activity F,10.268165387743457
167,Activity A,0.0
167,Activity B,8.188966863648876
167,Activity C,8.881975184248867
167,,
167,Activity E,9.575052927597383
167,Activity K,9.798182590890704
167,,
167,Activity G,9.798182590890704
167,Activity L,9.980494888896912
167,,
167,Activity I,9.980494888896912
167,Activity J,9.980494888896912
167,,
167,Activity F,10.268165387743457
168,,
168,Activity B,8.188966863648876
168,Activity C,8.881975184248867
168,Activity D,9.287394001418473
168,,
168,,
168,,
168,Activity K,9.798182590890704
168,,
168,Activity I,9.980494888896912
168,,
168,,
168,Activity H,10.134638955251866
168,,
169,Activity A,0.0
169,,
169,,
169,,
169,Activity E,9.575052927597383
169,Activity K,9.798182590890704
169,Activity M,9.798182590890704
169,Activity G,9.798182590890704
169,,
169,,
169,Activity J,9.980494888896912
169,,
169,Activity H,10.134638955251866
169,Activity F,10.268165387743457
170,Activity A,0.0
170,,
170,,
170,,
170,,
170,Activity M,9.798182590890704
170,Activity G,9.798182590890704
170,,
170,Activity N,9.980494888896912
170,,
170,,
170,Activity L,9.980494888896912
170,Activity H,10.134638955251866
170,Activity F,10.268165387743457
171,,
171,,
171,Activity C,8.881975184248867
171,Activity D,9.287394001418473
171,,
171,,
171,Activity M,9.798182590890704
171,,
171,Activity L,9.980494888896912
171,,
171,Activity I,9.980494888896912
171,Activity J,9.980494888896912
171,Activity H,10.134638955251866
171,,
172,Activity A,0.0
172,,
172,,
172,,
172,,
172,Activity G,9.798182590890704
172,,
172,,
172,Activity J,9.980494888896912
172,Activity I,9.980494888896912
172,Activity L,9.980494888896912
172,Activity N,9.980494888896912
172,,
172,,
173,,
173,,
173,Activity C,8.881975184248867
173,Activity D,9.287394001418473
173,,
173,Activity K,9.798182590890704
173,Activity G,9.798182590890704
173,,
173,,
173,,
173,,
173,Activity N,9.980494888896912
173,,
173,Activity F,10.268165387743457
174,,
174,,
174,,
174,Activity D,9.287394001418473
174,Activity E,9.575052927597383
174,Activity G,9.798182590890704
174,,
174,Activity K,9.798182590890704
174,,
174,,
174,Activity N,9.980494888896912
174,Activity L,9.980494888896912
174,Activity H,10.134638955251866
174,Activity F,10.268165387743457
175,,
175,Activity B,8.188966863648876
175,,
175,Activity D,9.287394001418473
175,,
175,Activity M,9.798182590890704
175,Activity K,9.798182590890704
175,,
175,,
175,Activity L,9.980494888896912
175,,
175,Activity I,9.980494888896912
175,Activity H,10.134638955251866
175,Activity F,10.268165387743457
176,Activity A,0.0
176,Activity B,8.188966863648876
176,Activity C,8.881975184248867
176,,
176,,
176,Activity K,9.798182590890704
176,,
176,,
176,Activity L,9.980494888896912
176,Activity N,9.980494888896912
176,,
176,,
176,Activity H,10.134638955251866
176,,
177,,
177,Activity B,8.188966863648876
177,,
177,Activity D,9.287394001418473
177,Activity E,9.575052927597383
177,Activity G,9.798182590890704
177,Activity K,9.798182590890704
177,,
177,,
177,,
177,,
177,Activity N,9.980494888896912
177,,
177,,
178,Activity A,0.0
178,,
178,,
178,,
178,Activity E,9.575052927597383
178,Activity G,9.798182590890704
178,,
178,,
178,,
178,,
178,,
178,Activity N,9.980494888896912
178,,
178,,
179,,
179,Activity B,8.188966863648876
179,,
179,,
179,,
179,,
179,Activity K,9.798182590890704
179,Activity M,9.798182590890704
179,,
179,,
179,Activity L,9.980494888896912
179,,
179,,
179,Activity F,10.268165387743457
180,,
180,Activity B,8.188966863648876
180,Activity C,8.881975184248867
180,,
180,Activity E,9.575052927597383
180,Activity G,9.798182590890704
180,Activity K,9.798182590890704
180,Activity M,9.798182590890704
180,Activity I,9.980494888896912
180,,
180,Activity L,9.980494888896912
180,Activity N,9.980494888896912
180,Activity H,10.134638955251866
180,Activity F,10.268165387743457
181,Activity A,0.0
181,,
181,Activity C,8.881975184248867
181,,
181,Activity E,9.575052927597383
181,,
181,,
181,Activity G,9.798182590890704
181,,
181,,
181,Activity I,9.980494888896912
181,Activity J,9.980494888896912
181,Activity H,10.134638955251866
181,Activity F,10.268165387743457
182,,
182,,
182,,
182,Activity D,9.287394001418473
182,Activity E,9.575052927597383
182,Activity G,9.798182590890704
182,,
182,,
182,Activity J,9.980494888896912
182,Activity I,9.980494888896912
182,,
182,Activity L,9.980494888896912
182,,
182,,
183,Activity A,0.0
183,Activity B,8.188966863648876
183,Activity C,8.881975184248867
183,,
183,,
183,,
183,Activity K,9.798182590890704
183,,
183,Activity N,9.980494888896912
183,Activity L,9.980494888896912
183,Activity J,9.980494888896912
183,Activity I,9.980494888896912
183,Activity H,10.134638955251866
183,Activity F,10.268165387743457
184,,
184,,
184,Activity C,8.881975184248867
184,Activity D,9.287394001418473
184,,
184,,
184,Activity G,9.798182590890704
184,,
184,Activity L,9.980494888896912
184,Activity J,9.980494888896912
184,Activity I,9.980494888896912
184,,
184,,
184,,
185,Activity A,0.0
185,Activity B,8.188966863648876
185,,
185,,
185,Activity E,9.575052927597383
185,Activity K,9.798182590890704
185,Activity G,9.798182590890704
185,Activity M,9.798182590890704
185,,
185,,
185,,
185,Activity N,9.980494888896912
185,Activity H,10.134638955251866
185,,
186,,
186,,
186,Activity C,8.881975184248867
186,,
186,Activity E,9.575052927597383
186,,
186,Activity G,9.798182590890704
186,,
186,,
186,Activity J,9.980494888896912
186,Activity I,9.980494888896912
186,,
186,Activity H,10.134638955251866
186,,
187,Activity A,0.0
187,Activity B,8.188966863648876
187,,
187,,
187,Activity E,9.575052927597383
187,,
187,,
187,Activity K,9.798182590890704
187,,
187,Activity I,9.980494888896912
187,,
187,Activity L,9.980494888896912
187,,
187,Activity F,10.268165387743457
188,Activity A,0.0
188,Activity B,8.188966863648876
188,Activity C,8.881975184248867
188,Activity D,9.287394001418473
188,Activity E,9.575052927597383
188,,
188,Activity M,9.798182590890704
188,Activity G,9.798182590890704
188,,
188,Activity N,9.980494888896912
188,Activity J,9.980494888896912
188,Activity I,9.980494888896912
188,,
188,,
189,,
189,,
189,Activity C,8.881975184248867
189,Activity D,9.287394001418473
189,,
189,Activity K,9.798182590890704
189,Activity G,9.798182590890704
189,,
189,,
189,Activity J,9.980494888896912
189,Activity I,9.980494888896912
189,,
189,,
189,,
190,,
190,,
190,,
190,,
190,,
190,,
190,,
190,,
190,,
190,,
190,Activity J,9.980494888896912
190,,
190,,
190,Activity F,10.268165387743457
191,Activity A,0.0
191,,
191,,
191,Activity D,9.287394001418473
191,,
191,,
191,Activity M,9.798182590890704
191,,
191,Activity L,9.980494888896912
191,Activity N,9.980494888896912
191,Activity J,9.980494888896912
191,,
191,,
191,,
192,Activity A,0.0
192,,
192,,
192,,
192,Activity E,9.575052927597383
192,Activity M,9.798182590890704
192,,
192,,
192,Activity N,9.980494888896912
192,,
192,,
192,,
192,Activity H,10.134638955251866
192,Activity F,10.268165387743457
193,Activity A,0.0
193,Activity B,8.188966863648876
193,Activity C,8.881975184248867
193,Activity D,9.287394001418473
193,,
193,Activity G,9.798182590890704
193,Activity K,9.798182590890704
193,,
193,,
193,Activity I,9.980494888896912
193,Activity L,9.980494888896912
193,,
193,Activity H,10.134638955251866
193,Activity F,10.268165387743457
194,Activity A,0.0
194,Activity B,8.188966863648876
194,Activity C,8.881975184248867
194,Activity D,9.287394001418473
194,Activity E,9.575052927597383
194,,
194,,
194,,
194,,
194,Activity J,9.980494888896912
194,,
194,Activity N,9.980494888896912
194,,
194,,
195,Activity A,0.0
195,Activity B,8.188966863648876
195,,
195,Activity D,9.287394001418473
195,,
195,,
195,Activity M,9.798182590890704
195,,
195,Activity L,9.980494888896912
195,Activity N,9.980494888896912
195,,
195,Activity I,9.980494888896912
195,,
195,Activity F,10.268165387743457
196,,
196,,
196,Activity C,8.881975184248867
196,Activity D,9.287394001418473
196,Activity E,9.575052927597383
196,,
196,Activity M,9.798182590890704
196,,
196,,
196,,
196,,
196,,
196,,
196,,
197,,
197,,
197,,
197,Activity D,9.287394001418473
197,,
197,Activity M,9.798182590890704
197,,
197,,
197,Activity N,9.980494888896912
197,Activity L,9.980494888896912
197,,
197,,
197,Activity H,10.134638955251866
197,,
198,,
198,Activity B,8.188966863648876
198,Activity C,8.881975184248867
198,Activity D,9.287394001418473
198,Activity E,9.575052927597383
198,Activity M,9.798182590890704
198,Activity G,9.798182590890704
198,Activity K,9.798182590890704
198,Activity N,9.980494888896912
198,Activity J,9.980494888896912
198,Activity I,9.980494888896912
198,Activity L,9.980494888896912
198,Activity H,10.134638955251866
198,Activity F,10.268165387743457
199,Activity A,0.0
199,,
199,,
199,,
199,Activity E,9.575052927597383
199,Activity G,9.798182590890704
199,Activity M,9.798182590890704
199,,
199,,
199,Activity J,9.980494888896912
199,Activity N,9.980494888896912
199,Activity L,9.980494888896912
199,Activity H,10.134638955251866
199,Activity F,10.268165387743457
200,,
200,,
200,,
200,,
200,Activity E,9.575052927597383
200,,
200,Activity M,9.798182590890704
200,,
200,Activity I,9.980494888896912
200,,
200,,
200,,
200,Activity H,10.134638955251866
200,Activity F,10.268165387743457
201,Activity A,0.0
201,Activity B,8.188966863648876
201,Activity C,8.881975184248867
201,Activity D,9.287394001418473
201,Activity E,9.575052927597383
201,Activity G,9.798182590890704
201,Activity K,9.798182590890704
201,,
201,Activity J,9.980494888896912
201,,
201,,
201,,
201,,
201,Activity F,10.268165387743457
202,,
202,,
202,Activity C,8.881975184248867
202,Activity D,9.287394001418473
202,Activity E,9.575052927597383
202,Activity K,9.798182590890704
202,Activity G,9.798182590890704
202,Activity M,9.798182590890704
202,,
202,Activity I,9.980494888896912
202,Activity J,9.980494888896912
202,,
202,,
202,Activity F,10.268165387743457
203,Activity A,0.0
203,Activity B,8.188966863648876
203,,
203,,
203,Activity E,9.575052927597383
203,,
203,Activity M,9.798182590890704
203,Activity K,9.798182590890704
203,,
203,,
203,,
203,,
203,Activity H,10.134638955251866
203,,
204,,
204,,
204,Activity C,8.881975184248867
204,,
204,,
204,,
204,,
204,,
204,Activity N,9.980494888896912
204,,
204,,
204,,
204,,
204,Activity F,10.268165387743457
205,Activity A,0.0
205,Activity B,8.188966863648876
205,,
205,Activity D,9.287394001418473
205,Activity E,9.575052927597383
205,,
205,,
205,Activity G,9.798182590890704
205,Activity N,9.980494888896912
205,,
205,,
205,Activity I,9.980494888896912
205,,
205,,
206,Activity A,0.0
206,Activity B,8.188966863648876
206,Activity C,8.881975184248867
206,Activity D,9.287394001418473
206,,
206,,
206,,
206,,
206,,
206,Activity I,9.980494888896912
206,,
206,,
206,,
206,,
207,Activity A,0.0
207,Activity B,8.188966863648876
207,,
207,Activity D,9.287394001418473
207,Activity E,9.575052927597383
207,Activity G,9.798182590890704
207,,
207,Activity K,9.798182590890704
207,,
207,,
207,,
207,Activity L,9.980494888896912
207,,
207,,
208,,
208,,
208,,
208,,
208,Activity E,9.575052927597383
208,Activity K,9.798182590890704
208,Activity G,9.798182590890704
208,,
208,Activity L,9.980494888896912
208,,
208,Activity J,9.980494888896912
208,,
208,Activity H,10.134638955251866
208,,
209,Activity A,0.0
209,Activity B,8.188966863648876
209,,
209,Activity D,9.287394001418473
209,,
209,,
209,,
209,Activity G,9.798182590890704
209,,
209,Activity L,9.980494888896912
209,,
209,,
209,Activity H,10.134638955251866
209,,
210,,
210,,
210,Activity C,8.881975184248867
210,,
210,,
210,Activity M,9.798182590890704
210,Activity K,9.798182590890704
210,,
210,,
210,,
210,,
210,,
210,Activity H,10.134638955251866
210,,
211,,
211,,
211,Activity C,8.881975184248867
211,Activity D,9.287394001418473
211,Activity E,9.575052927597383
211,Activity G,9.798182590890704
211,,
211,Activity K,9.798182590890704
211,,
211,Activity J,9.980494888896912
211,Activity N,9.980494888896912
211,Activity L,9.980494888896912
211,Activity H,10.134638955251866
211,Activity F,10.268165387743457
212,Activity A,0.0
212,,
212,Activity C,8.881975184248867
212,Activity D,9.287394001418473
212,,
212,,
212,,
212,Activity K,9.798182590890704
212,,
212,,
212,Activity I,9.980494888896912
212,Activity L,9.980494888896912
212,Activity H,10.134638955251866
212,,
213,Activity A,0.0
213,,
213,,
213,Activity D,9.287394001418473
213,,
213,,
213,Activity G,9.798182590890704
213,Activity K,9.798182590890704
213,,
213,Activity I,9.980494888896912
213,Activity J,9.980494888896912
213,,
213,Activity H,10.134638955251866
213,,
214,Activity A,0.0
214,Activity B,8.188966863648876
214,,
214,Activity D,9.287394001418473
214,Activity E,9.575052927597383
214,Activity K,9.798182590890704
214,Activity M,9.798182590890704
214,,
214,,
214,Activity N,9.980494888896912
214,Activity I,9.980494888896912
214,,
214,,
214,Activity F,10.268165387743457
215,Activity A,0.0
215,Activity B,8.188966863648876
215,,
215,Activity D,9.287394001418473
215,,
215,Activity M,9.798182590890704
215,,
215,,
215,,
215,Activity J,9.980494888896912
215,,
215,,
215,,
215,,
216,Activity A,0.0
216,,
216,,
216,Activity D,9.287394001418473
216,,
216,Activity M,9.798182590890704
216,,
216,,
216,Activity N,9.980494888896912
216,Activity J,9.980494888896912
216,,
216,,
216,Activity H,10.134638955251866
216,,
217,Activity A,0.0
217,Activity B,8.188966863648876
217,Activity C,8.881975184248867
217,Activity D,9.287394001418473
217,Activity E,9.575052927597383
217,,
217,Activity G,9.798182590890704
217,Activity M,9.798182590890704
217,Activity L,9.980494888896912
217,,
217,Activity J,9.980494888896912
217,Activity N,9.980494888896912
217,Activity H,10.134638955251866
217,,
218,,
218,Activity B,8.188966863648876
218,Activity C,8.881975184248867
218,Activity D,9.287394001418473
218,Activity E,9.575052927597383
218,,
218,,
218,,
218,Activity N,9.980494888896912
218,Activity L,9.980494888896912
218,,
218,,
218,Activity H,10.134638955251866
218,,
219,,
219,,
219,Activity C,8.881975184248867
219,Activity D,9.287394001418473
219,,
219,,
219,Activity G,9.798182590890704
219,,
219,,
219,Activity I,9.980494888896912
219,,
219,,
219,,
219,Activity F,10.268165387743457
220,,
220,,
220,Activity C,8.881975184248867
220,,
220,,
220,,
220,,
220,,
220,,
220,,
220,Activity N,9.980494888896912
220,Activity L,9.980494888896912
220,Activity H,10.134638955251866
220,Activity F,10.268165387743457
221,Activity A,0.0
221,Activity B,8.188966863648876
221,,
221,Activity D,9.287394001418473
221,Activity E,9.575052927597383
221,Activity M,9.798182590890704
221,,
221,Activity G,9.798182590890704
221,Activity N,9.980494888896912
221,,
221,Activity J,9.980494888896912
221,Activity I,9.980494888896912
221,,
221,Activity F,10.268165387743457
222,Activity A,0.0
222,,
222,Activity C,8.881975184248867
222,Activity D,9.287394001418473
222,Activity E,9.575052927597383
222,Activity G,9.798182590890704
222,Activity M,9.798182590890704
222,,
222,Activity I,9.980494888896912
222,,
222,,
222,Activity L,9.980494888896912
222,Activity H,10.134638955251866
222,,
223,,
223,,
223,Activity C,8.881975184248867
223,Activity D,9.287394001418473
223,Activity E,9.575052927597383
223,Activity K,9.798182590890704
223,Activity M,9.798182590890704
223,Activity G,9.798182590890704
223,,
223,Activity N,9.980494888896912
223,Activity J,9.980494888896912
223,,
223,Activity H,10.134638955251866
223,,
224,,
224,,
224,,
224,Activity D,9.287394001418473
224,,
224,Activity M,9.798182590890704
224,Activity K,9.798182590890704
224,,
224,Activity N,9.980494888896912
224,,
224,Activity I,9.980494888896912
224,,
224,Activity H,10.134638955251866
224,,
225,,
225,Activity B,8.188966863648876
225,Activity C,8.881975184248867
225,,
225,,
225,Activity K,9.798182590890704
225,,
225,Activity M,9.798182590890704
225,Activity L,9.980494888896912
225,Activity I,9.980494888896912
225,Activity J,9.980494888896912
225,Activity N,9.980494888896912
225,,
225,Activity F,10.268165387743457
226,Activity A,0.0
226,Activity B,8.188966863648876
226,Activity C,8.881975184248867
226,Activity D,9.287394001418473
226,Activity E,9.575052927597383
226,Activity K,9.798182590890704
226,Activity G,9.798182590890704
226,,
226,Activity L,9.980494888896912
226,Activity J,9.980494888896912
226,Activity I,9.980494888896912
226,,
226,Activity H,10.134638955251866
226,,
227,,
227,Activity B,8.188966863648876
227,Activity C,8.881975184248867
227,Activity D,9.287394001418473
227,Activity E,9.575052927597383
227,,
227,Activity K,9.798182590890704
227,,
227,,
227,Activity L,9.980494888896912
227,,
227,,
227,,
227,,
228,Activity A,0.0
228,Activity B,8.188966863648876
228,,
228,Activity D,9.287394001418473
228,Activity E,9.575052927597383
228,Activity K,9.798182590890704
228,,
228,,
228,Activity L,9.980494888896912
228,,
228,,
228,Activity N,9.980494888896912
228,,
228,,
229,Activity A,0.0
229,,
229,,
229,Activity D,9.287394001418473
229,,
229,,
229,,
229,,
229,Activity L,9.980494888896912
229,,
229,,
229,Activity I,9.980494888896912
229,,
229,Activity F,10.268165387743457
230,,
230,Activity B,8.188966863648876
230,,
230,Activity D,9.287394001418473
230,,
230,Activity G,9.798182590890704
230,,
230,Activity K,9.798182590890704
230,,
230,Activity J,9.980494888896912
230,Activity N,9.980494888896912
230,Activity L,9.980494888896912
230,Activity H,10.134638955251866
230,,
231,Activity A,0.0
231,Activity B,8.188966863648876
231,Activity C,8.881975184248867
231,,
231,Activity E,9.575052927597383
231,,
231,,
231,,
231,Activity I,9.980494888896912
231,,
231,Activity L,9.980494888896912
231,,
231,,
231,Activity F,10.268165387743457
232,,
232,Activity B,8.188966863648876
232,,
232,Activity D,9.287394001418473
232,,
232,,
232,Activity K,9.798182590890704
232,,
232,,
232,,
232,,
232,Activity N,9.980494888896912
232,Activity H,10.134638955251866
232,,
233,Activity A,0.0
233,Activity B,8.188966863648876
233,,
233,Activity D,9.287394001418473
233,Activity E,9.575052927597383
233,Activity M,9.798182590890704
233,Activity K,9.798182590890704
233,Activity G,9.798182590890704
233,,
233,Activity L,9.980494888896912
233,Activity J,9.980494888896912
233,,
233,Activity H,10.134638955251866
233,Activity F,10.268165387743457
234,Activity A,0.0
234,,
234,Activity C,8.881975184248867
234,,
234,,
234,,
234,Activity M,9.798182590890704
234,Activity G,9.798182590890704
234,Activity L,9.980494888896912
234,Activity N,9.980494888896912
234,,
234,,
234,Activity H,10.134638955251866
234,,
235,Activity A,0.0
235,Activity B,8.188966863648876
235,Activity C,8.881975184248867
235,,
235,,
235,Activity M,9.798182590890704
235,,
235,,
235,,
235,,
235,Activity J,9.980494888896912
235,,
235,Activity H,10.134638955251866
235,Activity F,10.268165387743457
236,Activity A,0.0
236,,
236,,
236,Activity D,9.287394001418473
236,,
236,,
236,Activity M,9.798182590890704
236,,
236,,
236,Activity J,9.980494888896912
236,Activity N,9.980494888896912
236,Activity L,9.980494888896912
236,Activity H,10.134638955251866
236,Activity F,10.268165387743457
237,Activity A,0.0
237,Activity B,8.188966863648876
237,Activity C,8.881975184248867
237,,
237,Activity E,9.575052927597383
237,Activity M,9.798182590890704
237,Activity K,9.798182590890704
237,,
237,Activity N,9.980494888896912
237,Activity L,9.980494888896912
237,,
237,Activity I,9.980494888896912
237,Activity H,10.134638955251866
237,Activity F,10.268165387743457
238,Activity A,0.0
238,,
238,,
238,,
238,,
238,Activity M,9.798182590890704
238,,
238,Activity G,9.798182590890704
238,Activity N,9.980494888896912
238,Activity L,9.980494888896912
238,Activity J,9.980494888896912
238,Activity I,9.980494888896912
238,,
238,,
239,,
239,,
239,Activity C,8.881975184248867
239,,
239,Activity E,9.575052927597383
239,,
239,,
239,,
239,,
239,Activity J,9.980494888896912
239,,
239,Activity N,9.980494888896912
239,Activity H,10.134638955251866
239,,
240,Activity A,0.0
240,Activity B,8.188966863648876
240,Activity C,8.881975184248867
240,Activity D,9.287394001418473
240,Activity E,9.575052927597383
240,Activity G,9.798182590890704
240,,
240,,
240,Activity J,9.980494888896912
240,Activity I,9.980494888896912
240,,
240,Activity N,9.980494888896912
240,Activity H,10.134638955251866
240,Activity F,10.268165387743457
241,Activity A,0.0
241,Activity B,8.188966863648876
241,,
241,,
241,,
241,,
241,,
241,,
241,,
241,Activity N,9.980494888896912
241,,
241,,
241,,
241,,
242,,
242,,
242,Activity C,8.881975184248867
242,,
242,,
242,Activity K,9.798182590890704
242,,
242,,
242,Activity L,9.980494888896912
242,Activity J,9.980494888896912
242,Activity I,9.980494888896912
242,,
242,,
242,,
243,Activity A,0.0
243,,
243,Activity C,8.881975184248867
243,Activity D,9.287394001418473
243,,
243,,
243,,
243,,
243,,
243,Activity J,9.980494888896912
243,Activity L,9.980494888896912
243,,
243,Activity H,10.134638955251866
243,,
244,Activity A,0.0
244,,
244,Activity C,8.881975184248867
244,Activity D,9.287394001418473
244,,
244,Activity K,9.798182590890704
244,Activity M,9.798182590890704
244,,
244,Activity L,9.980494888896912
244,,
244,Activity I,9.980494888896912
244,Activity J,9.980494888896912
244,Activity H,10.134638955251866
244,Activity F,10.268165387743457
245,,
245,,
245,,
245,,
245,Activity E,9.575052927597383
245,,
245,Activity K,9.798182590890704
245,,
245,Activity N,9.980494888896912
245,,
245,,
245,Activity I,9.980494888896912
245,Activity H,10.134638955251866
245,,
246,Activity A,0.0
246,Activity B,8.188966863648876
246,,
246,,
246,,
246,,
246,Activity K,9.798182590890704
246,,
246,,
246,Activity L,9.980494888896912
246,,
246,,
246,Activity H,10.134638955251866
246,Activity F,10.268165387743457
247,,
247,Activity B,8.188966863648876
247,,
247,,
247,,
247,Activity K,9.798182590890704
247,,
247,,
247,Activity L,9.980494888896912
247,,
247,Activity J,9.980494888896912
247,,
247,,
247,Activity F,10.268165387743457
248,Activity A,0.0
248,Activity B,8.188966863648876
248,Activity C,8.881975184248867
248,,
248,Activity E,9.575052927597383
248,,
248,,
248,,
248,Activity J,9.980494888896912
248,,
248,,
248,,
248,,
248,Activity F,10.268165387743457
249,Activity A,0.0
249,,
249,Activity C,8.881975184248867
249,Activity D,9.287394001418473
249,Activity E,9.575052927597383
249,Activity K,9.798182590890704
249,Activity G,9.798182590890704
249,,
249,,
249,,
249,Activity I,9.980494888896912
249,,
249,Activity H,10.134638955251866
249,Activity F,10.268165387743457
250,,
250,,
250,,
250,Activity D,9.287394001418473
250,Activity E,9.575052927597383
250,,
250,Activity M,9.798182590890704
250,Activity K,9.798182590890704
250,Activity I,9.980494888896912
250,,
250,,
250,,
250,Activity H,10.134638955251866
250,Activity F,10.268165387743457
251,,
251,Activity B,8.188966863648876
251,Activity C,8.881975184248867
251,,
251,,
251,,
251,Activity K,9.798182590890704
251,,
251,Activity J,9.980494888896912
251,Activity I,9.980494888896912
251,Activity L,9.980494888896912
251,Activity N,9.980494888896912
251,Activity H,10.134638955251866
251,,
252,Activity A,0.0
252,,
252,,
252,,
252,,
252,,
252,,
252,Activity G,9.798182590890704
252,Activity L,9.980494888896912
252,Activity N,9.980494888896912
252,Activity I,9.980494888896912
252,,
252,Activity H,10.134638955251866
252,,
253,Activity A,0.0
253,Activity B,8.188966863648876
253,Activity C,8.881975184248867
253,Activity D,9.287394001418473
253,Activity E,9.575052927597383
253,Activity M,9.798182590890704
253,Activity G,9.798182590890704
253,,
253,Activity N,9.980494888896912
253,Activity I,9.980494888896912
253,Activity J,9.980494888896912
253,,
253,,
253,,
254,Activity A,0.0
254,Activity B,8.188966863648876
254,,
254,,
254,,
254,,
254,,
254,Activity M,9.798182590890704
254,Activity I,9.980494888896912
254,,
254,,
254,,
254,,
254,,
255,Activity A,0.0
255,,
255,,
255,Activity D,9.287394001418473
255,,
255,,
255,,
255,,
255,,
255,,
255,,
255,,
255,Activity H,10.134638955251866
255,,
256,,
256,,
256,,
256,,
256,,
256,,
256,,
256,,
256,,
256,Activity I,9.980494888896912
256,Activity J,9.980494888896912
256,Activity N,9.980494888896912
256,Activity H,10.134638955251866
256,,
257,,
257,,
257,Activity C,8.881975184248867
257,Activity D,9.287394001418473
257,Activity E,9.575052927597383
257,,
257,,
257,Activity M,9.798182590890704
257,,
257,,
257,,
257,,
257,Activity H,10.134638955251866
257,,
258,,
258,Activity B,8.188966863648876
258,,
258,Activity D,9.287394001418473
258,,
258,,
258,Activity K,9.798182590890704
258,Activity G,9.798182590890704
258,Activity N,9.980494888896912
258,Activity L,9.980494888896912
258,,
258,,
258,Activity H,10.134638955251866
258,Activity F,10.268165387743457
259,,
259,Activity B,8.188966863648876
259,Activity C,8.881975184248867
259,,
259,,
259,Activity G,9.798182590890704
259,,
259,Activity K,9.798182590890704
259,Activity J,9.980494888896912
259,,
259,Activity N,9.980494888896912
259,,
259,Activity H,10.134638955251866
259,Activity F,10.268165387743457
260,Activity A,0.0
260,,
260,,
260,Activity D,9.287394001418473
260,Activity E,9.575052927597383
260,Activity M,9.798182590890704
260,Activity G,9.798182590890704
260,Activity K,9.798182590890704
260,,
260,,
260,,
260,,
260,,
260,,
261,,
261,Activity B,8.188966863648876
261,,
261,Activity D,9.287394001418473
261,Activity E,9.575052927597383
261,Activity G,9.798182590890704
261,Activity K,9.798182590890704
261,,
261,Activity J,9.980494888896912
261,,
261,Activity L,9.980494888896912
261,,
261,Activity H,10.134638955251866
261,,
262,Activity A,0.0
262,Activity B,8.188966863648876
262,Activity C,8.881975184248867
262,Activity D,9.287394001418473
262,,
262,Activity G,9.798182590890704
262,Activity K,9.798182590890704
262,Activity M,9.798182590890704
262,Activity J,9.980494888896912
262,Activity I,9.980494888896912
262,Activity L,9.980494888896912
262,,
262,Activity H,10.134638955251866
262,Activity F,10.268165387743457
263,Activity A,0.0
263,Activity B,8.188966863648876
263,Activity C,8.881975184248867
263,Activity D,9.287394001418473
263,Activity E,9.575052927597383
263,,
263,Activity M,9.798182590890704
263,Activity K,9.798182590890704
263,Activity J,9.980494888896912
263,Activity I,9.980494888896912
263,,
263,,
263,Activity H,10.134638955251866
263,Activity F,10.268165387743457
264,Activity A,0.0
264,,
264,Activity C,8.881975184248867
264,Activity D,9.287394001418473
264,,
264,,
264,,
264,Activity M,9.798182590890704
264,,
264,Activity I,9.980494888896912
264,,
264,Activity N,9.980494888896912
264,Activity H,10.134638955251866
264,,
265,,
265,Activity B,8.188966863648876
265,,
265,,
265,,
265,,
265,,
265,Activity G,9.798182590890704
265,Activity N,9.980494888896912
265,Activity L,9.980494888896912
265,,
265,,
265,,
265,Activity F,10.268165387743457
266,,
266,Activity B,8.188966863648876
266,,
266,,
266,,
266,,
266,,
266,Activity M,9.798182590890704
266,,
266,,
266,Activity L,9.980494888896912
266,,
266,Activity H,10.134638955251866
266,,
267,,
267,Activity B,8.188966863648876
267,,
267,,
267,Activity E,9.575052927597383
267,Activity K,9.798182590890704
267,Activity G,9.798182590890704
267,,
267,Activity L,9.980494888896912
267,,
267,Activity J,9.980494888896912
267,Activity N,9.980494888896912
267,,
267,,
268,Activity A,0.0
268,Activity B,8.188966863648876
268,Activity C,8.881975184248867
268,,
268,,
268,,
268,,
268,Activity K,9.798182590890704
268,Activity J,9.980494888896912
268,,
268,Activity N,9.980494888896912
268,Activity L,9.980494888896912
268,Activity H,10.134638955251866
268,,
269,,
269,,
269,,
269,Activity D,9.287394001418473
269,Activity E,9.575052927597383
269,,
269,Activity K,9.798182590890704
269,,
269,Activity I,9.980494888896912
269,Activity J,9.980494888896912
269,Activity L,9.980494888896912
269,Activity N,9.980494888896912
269,Activity H,10.134638955251866
269,,
270,Activity A,0.0
270,Activity B,8.188966863648876
270,Activity C,8.881975184248867
270,,
270,,
270,,
270,Activity G,9.798182590890704
270,Activity M,9.798182590890704
270,,
270,,
270,,
270,Activity N,9.980494888896912
270,,
270,Activity F,10.268165387743457
271,Activity A,0.0
271,,
271,Activity C,8.881975184248867
271,Activity D,9.287394001418473
271,,
271,Activity G,9.798182590890704
271,Activity K,9.798182590890704
271,,
271,,
271,Activity I,9.980494888896912
271,,
271,Activity N,9.980494888896912
271,Activity H,10.134638955251866
271,,
272,Activity A,0.0
272,,
272,Activity C,8.881975184248867
272,,
272,Activity E,9.575052927597383
272,Activity K,9.798182590890704
272,,
272,Activity G,9.798182590890704
272,Activity L,9.980494888896912
272,Activity N,9.980494888896912
272,,
272,,
272,Activity H,10.134638955251866
272,Activity F,10.268165387743457
273,Activity A,0.0
273,,
273,,
273,,
273,Activity E,9.575052927597383
273,Activity K,9.798182590890704
273,,
273,,
273,,
273,,
273,Activity I,9.980494888896912
273,Activity J,9.980494888896912
273,Activity H,10.134638955251866
273,Activity F,10.268165387743457
274,Activity A,0.0
274,,
274,Activity C,8.881975184248867
274,Activity D,9.287394001418473
274,,
274,Activity K,9.798182590890704
274,Activity M,9.798182590890704
274,,
274,Activity L,9.980494888896912
274,,
274,,
274,Activity I,9.980494888896912
274,Activity H,10.134638955251866
274,Activity F,10.268165387743457
275,,
275,,
275,,
275,,
275,Activity E,9.575052927597383
275,Activity M,9.798182590890704
275,,
275,,
275,Activity N,9.980494888896912
275,,
275,Activity J,9.980494888896912
275,,
275,,
275,,
276,Activity A,0.0
276,Activity B,8.188966863648876
276,Activity C,8.881975184248867
276,Activity D,9.287394001418473
276,Activity E,9.575052927597383
276,,
276,,
276,,
276,Activity L,9.980494888896912
276,Activity J,9.980494888896912
276,Activity I,9.980494888896912
276,Activity N,9.980494888896912
276,Activity H,10.134638955251866
276,Activity F,10.268165387743457
277,Activity A,0.0
277,,
277,Activity C,8.881975184248867
277,,
277,,
277,,
277,,
277,,
277,Activity N,9.980494888896912
277,,
277,,
277,,
277,Activity H,10.134638955251866
277,,
278,Activity A,0.0
278,,
278,Activity C,8.881975184248867
278,Activity D,9.287394001418473
278,,
278,,
278,,
278,,
278,,
278,Activity N,9.980494888896912
278,,
278,,
278,,
278,Activity F,10.268165387743457
279,,
279,Activity B,8.188966863648876
279,Activity C,8.881975184248867
279,,
279,Activity E,9.575052927597383
279,,
279,,
279,Activity M,9.798182590890704
279,Activity L,9.980494888896912
279,Activity J,9.980494888896912
279,Activity I,9.980494888896912
279,,
279,Activity H,10.134638955251866
279,Activity F,10.268165387743457
280,Activity A,0.0
280,Activity B,8.188966863648876
280,Activity C,8.881975184248867
280,Activity D,9.287394001418473
280,Activity E,9.575052927597383
280,,
280,Activity K,9.798182590890704
280,,
280,Activity N,9.980494888896912
280,Activity L,9.980494888896912
280,Activity J,9.980494888896912
280,,
280,,
280,Activity F,10.268165387743457
281,Activity A,0.0
281,,
281,Activity C,8.881975184248867
281,Activity D,9.287394001418473
281,,
281,Activity K,9.798182590890704
281,Activity M,9.798182590890704
281,Activity G,9.798182590890704
281,Activity L,9.980494888896912
281,,
281,,
281,Activity I,9.980494888896912
281,,
281,,
282,Activity A,0.0
282,Activity B,8.188966863648876
282,Activity C,8.881975184248867
282,,
282,Activity E,9.575052927597383
282,Activity K,9.798182590890704
282,,
282,,
282,,
282,Activity J,9.980494888896912
282,Activity I,9.980494888896912
282,,
282,,
282,Activity F,10.268165387743457
283,Activity A,0.0
283,,
283,Activity C,8.881975184248867
283,,
283,,
283,Activity G,9.798182590890704
283,Activity M,9.798182590890704
283,,
283,,
283,Activity J,9.980494888896912
283,Activity N,9.980494888896912
283,Activity L,9.980494888896912
283,Activity H,10.134638955251866
283,Activity F,10.268165387743457
284,,
284,Activity B,8.188966863648876
284,Activity C,8.881975184248867
284,,
284,,
284,,
284,,
284,,
284,,
284,Activity L,9.980494888896912
284,,
284,,
284,,
284,,
285,,
285,Activity B,8.188966863648876
285,,
285,,
285,Activity E,9.575052927597383
285,Activity G,9.798182590890704
285,Activity M,9.798182590890704
285,Activity K,9.798182590890704
285,Activity I,9.980494888896912
285,,
285,,
285,Activity L,9.980494888896912
285,Activity H,10.134638955251866
285,Activity F,10.268165387743457
286,,
286,,
286,Activity C,8.881975184248867
286,,
286,Activity E,9.575052927597383
286,,
286,Activity G,9.798182590890704
286,,
286,,
286,,
286,Activity I,9.980494888896912
286,,
286,Activity H,10.134638955251866
286,Activity F,10.268165387743457
287,Activity A,0.0
287,Activity B,8.188966863648876
287,Activity C,8.881975184248867
287,,
287,,
287,Activity G,9.798182590890704
287,Activity M,9.798182590890704
287,,
287,,
287,Activity J,9.980494888896912
287,,
287,Activity L,9.980494888896912
287,Activity H,10.134638955251866
287,Activity F,10.268165387743457
288,Activity A,0.0
288,,
288,,
288,Activity D,9.287394001418473
288,,
288,,
288,Activity G,9.798182590890704
288,,
288,Activity N,9.980494888896912
288,,
288,Activity J,9.980494888896912
288,,
288,Activity H,10.134638955251866
288,,
289,,
289,Activity B,8.188966863648876
289,,
289,Activity D,9.287394001418473
289,,
289,,
289,Activity K,9.798182590890704
289,Activity M,9.798182590890704
289,Activity I,9.980494888896912
289,Activity J,9.980494888896912
289,Activity L,9.980494888896912
289,,
289,,
289,Activity F,10.268165387743457
290,Activity A,0.0
290,,
290,Activity C,8.881975184248867
290,Activity D,9.287394001418473
290,Activity E,9.575052927597383
290,Activity G,9.798182590890704
290,Activity K,9.798182590890704
290,Activity M,9.798182590890704
290,Activity I,9.980494888896912
290,,
290,,
290,,
290,Activity H,10.134638955251866
290,,
291,,
291,,
291,,
291,,
291,,
291,,
291,,
291,,
291,,
291,Activity J,9.980494888896912
291,,
291,Activity N,9.980494888896912
291,Activity H,10.134638955251866
291,Activity F,10.268165387743457
292,,
292,Activity B,8.188966863648876
292,,
292,,
292,Activity E,9.575052927597383
292,,
292,,
292,Activity G,9.798182590890704
292,Activity L,9.980494888896912
292,,
292,Activity I,9.980494888896912
292,,
292,,
292,,
293,,
293,,
293,Activity C,8.881975184248867
293,,
293,Activity E,9.575052927597383
293,,
293,,
293,,
293,Activity L,9.980494888896912
293,,
293,Activity I,9.980494888896912
293,,
293,Activity H,10.134638955251866
293,,
294,Activity A,0.0
294,Activity B,8.188966863648876
294,Activity C,8.881975184248867
294,Activity D,9.287394001418473
294,,
294,,
294,Activity M,9.798182590890704
294,,
294,Activity L,9.980494888896912
294,,
294,,
294,Activity I,9.980494888896912
294,,
294,,
295,Activity A,0.0
295,Activity B,8.188966863648876
295,Activity C,8.881975184248867
295,,
295,,
295,,
295,Activity K,9.798182590890704
295,,
295,Activity J,9.980494888896912
295,Activity I,9.980494888896912
295,,
295,Activity N,9.980494888896912
295,Activity H,10.134638955251866
295,Activity F,10.268165387743457
296,Activity A,0.0
296,Activity B,8.188966863648876
296,,
296,,
296,Activity E,9.575052927597383
296,,
296,,
296,,
296,Activity J,9.980494888896912
296,,
296,Activity L,9.980494888896912
296,Activity N,9.980494888896912
296,,
296,,
297,Activity A,0.0
297,,
297,Activity C,8.881975184248867
297,,
297,Activity E,9.575052927597383
297,,
297,Activity K,9.798182590890704
297,Activity M,9.798182590890704
297,,
297,Activity J,9.980494888896912
297,,
297,Activity N,9.980494888896912
297,,
297,Activity F,10.268165387743457
298,Activity A,0.0
298,,
298,Activity C,8.881975184248867
298,,
298,,
298,,
298,,
298,Activity G,9.798182590890704
298,,
298,,
298,Activity J,9.980494888896912
298,,
298,,
298,,
299,Activity A,0.0
299,Activity B,8.188966863648876
299,,
299,Activity D,9.287394001418473
299,,
299,Activity M,9.798182590890704
299,Activity K,9.798182590890704
299,,
299,Activity N,9.980494888896912
299,Activity L,9.980494888896912
299,Activity J,9.980494888896912
299,Activity I,9.980494888896912
299,,
299,,
300,Activity A,0.0
300,,
300,,
300,Activity D,9.287394001418473
300,,
300,Activity G,9.798182590890704
300,,
300,Activity K,9.798182590890704
300,,
300,Activity J,9.980494888896912
300,,
300,Activity L,9.980494888896912
300,Activity H,10.134638955251866
300,Activity F,10.268165387743457
301,Activity A,0.0
301,Activity B,8.188966863648876
301,Activity C,8.881975184248867
301,Activity D,9.287394001418473
301,Activity E,9.575052927597383
301,,
301,,
301,,
301,Activity L,9.980494888896912
301,Activity J,9.980494888896912
301,Activity I,9.980494888896912
301,,
301,Activity H,10.134638955251866
301,Activity F,10.268165387743457
302,,
302,,
302,Activity C,8.881975184248867
302,,
302,,
302,,
302,,
302,,
302,,
302,Activity L,9.980494888896912
302,,
302,Activity J,9.980494888896912
302,Activity H,10.134638955251866
302,Activity F,10.268165387743457
303,,
303,Activity B,8.188966863648876
303,,
303,,
303,Activity E,9.575052927597383
303,,
303,,
303,,
303,,
303,Activity L,9.980494888896912
303,,
303,Activity J,9.980494888896912
303,,
303,Activity F,10.268165387743457
304,,
304,Activity B,8.188966863648876
304,Activity C,8.881975184248867
304,Activity D,9.287394001418473
304,,
304,,
304,,
304,,
304,Activity J,9.980494888896912
304,,
304,Activity L,9.980494888896912
304,Activity N,9.980494888896912
304,Activity H,10.134638955251866
304,Activity F,10.268165387743457
305,,
305,Activity B,8.188966863648876
305,,
305,,
305,,
305,,
305,,
305,Activity K,9.798182590890704
305,,
305,Activity J,9.980494888896912
305,,
305,Activity L,9.980494888896912
305,Activity H,10.134638955251866
305,,
306,,
306,,
306,,
306,,
306,,
306,,
306,Activity G,9.798182590890704
306,Activity K,9.798182590890704
306,,
306,,
306,,
306,Activity L,9.980494888896912
306,Activity H,10.134638955251866
306,Activity F,10.268165387743457
307,,
307,Activity B,8.188966863648876
307,,
307,,
307,Activity E,9.575052927597383
307,Activity M,9.798182590890704
307,Activity K,9.798182590890704
307,Activity G,9.798182590890704
307,Activity N,9.980494888896912
307,,
307,,
307,,
307,,
307,Activity F,10.268165387743457
308,,
308,Activity B,8.188966863648876
308,Activity C,8.881975184248867
308,,
308,,
308,,
308,,
308,Activity M,9.798182590890704
308,,
308,,
308,Activity I,9.980494888896912
308,,
308,,
308,Activity F,10.268165387743457
309,,
309,Activity B,8.188966863648876
309,,
309,,
309,Activity E,9.575052927597383
309,,
309,Activity M,9.798182590890704
309,,
309,Activity J,9.980494888896912
309,,
309,,
309,Activity L,9.980494888896912
309,,
309,,
310,Activity A,0.0
310,,
310,Activity C,8.881975184248867
310,,
310,,
310,,
310,Activity G,9.798182590890704
310,Activity K,9.798182590890704
310,Activity N,9.980494888896912
310,,
310,Activity I,9.980494888896912
310,Activity L,9.980494888896912
310,Activity H,10.134638955251866
310,,
311,Activity A,0.0
311,Activity B,8.188966863648876
311,,
311,,
311,,
311,Activity G,9.798182590890704
311,,
311,Activity K,9.798182590890704
311,Activity J,9.980494888896912
311,,
311,,
311,Activity L,9.980494888896912
311,,
311,Activity F,10.268165387743457
312,,
312,,
312,Activity C,8.881975184248867
312,Activity D,9.287394001418473
312,,
312,,
312,,
312,,
312,,
312,Activity I,9.980494888896912
312,,
312,Activity L,9.980494888896912
312,,
312,,
313,Activity A,0.0
313,,
313,,
313,,
313,,
313,,
313,,
313,,
313,Activity L,9.980494888896912
313,Activity I,9.980494888896912
313,Activity J,9.980494888896912
313,,
313,Activity H,10.134638955251866
313,Activity F,10.268165387743457
314,,
314,Activity B,8.188966863648876
314,,
314,Activity D,9.287394001418473
314,Activity E,9.575052927597383
314,Activity G,9.798182590890704
314,,
314,Activity M,9.798182590890704
314,,
314,Activity J,9.980494888896912
314,,
314,,
314,Activity H,10.134638955251866
314,,
315,Activity A,0.0
315,Activity B,8.188966863648876
315,Activity C,8.881975184248867
315,,
315,Activity E,9.575052927597383
315,,
315,,
315,,
315,,
315,Activity I,9.980494888896912
315,,
315,Activity N,9.980494888896912
315,Activity H,10.134638955251866
315,,
316,,
316,,
316,Activity C,8.881975184248867
316,Activity D,9.287394001418473
316,Activity E,9.575052927597383
316,,
316,Activity K,9.798182590890704
316,,
316,Activity N,9.980494888896912
316,Activity L,9.980494888896912
316,,
316,Activity I,9.980494888896912
316,Activity H,10.134638955251866
316,Activity F,10.268165387743457
317,,
317,Activity B,8.188966863648876
317,Activity C,8.881975184248867
317,,
317,Activity E,9.575052927597383
317,Activity K,9.798182590890704
317,,
317,Activity M,9.798182590890704
317,,
317,,
317,Activity I,9.980494888896912
317,Activity N,9.980494888896912
317,,
317,,
318,Activity A,0.0
318,,
318,,
318,,
318,,
318,Activity G,9.798182590890704
318,Activity K,9.798182590890704
318,Activity M,9.798182590890704
318,,
318,,
318,Activity L,9.980494888896912
318,Activity N,9.980494888896912
318,Activity H,10.134638955251866
318,Activity F,10.268165387743457
319,Activity A,0.0
319,,
319,Activity C,8.881975184248867
319,,
319,,
319,,
319,Activity K,9.798182590890704
319,Activity G,9.798182590890704
319,,
319,Activity L,9.980494888896912
319,,
319,Activity J,9.980494888896912
319,,
319,Activity F,10.268165387743457
320,Activity A,0.0
320,,
320,Activity C,8.881975184248867
320,Activity D,9.287394001418473
320,,
320,,
320,Activity K,9.798182590890704
320,Activity G,9.798182590890704
320,,
320,,
320,Activity J,9.980494888896912
320,,
320,,
320,Activity F,10.268165387743457
321,,
321,Activity B,8.188966863648876
321,,
321,Activity D,9.287394001418473
321,Activity E,9.575052927597383
321,,
321,,
321,Activity K,9.798182590890704
321,Activity J,9.980494888896912
321,Activity I,9.980494888896912
321,Activity N,9.980494888896912
321,Activity L,9.980494888896912
321,Activity H,10.134638955251866
321,,
322,,
322,Activity B,8.188966863648876
322,,
322,,
322,,
322,Activity M,9.798182590890704
322,,
322,Activity G,9.798182590890704
322,Activity N,9.980494888896912
322,Activity L,9.980494888896912
322,Activity I,9.980494888896912
322,,
322,Activity H,10.134638955251866
322,Activity F,10.268165387743457
323,Activity A,0.0
323,Activity B,8.188966863648876
323,Activity C,8.881975184248867
323,Activity D,9.287394001418473
323,,
323,,
323,Activity K,9.798182590890704
323,Activity G,9.798182590890704
323,Activity N,9.980494888896912
323,,
323,Activity I,9.980494888896912
323,Activity J,9.980494888896912
323,,
323,,
324,Activity A,0.0
324,Activity B,8.188966863648876
324,,
324,Activity D,9.287394001418473
324,,
324,,
324,,
324,,
324,Activity I,9.980494888896912
324,Activity J,9.980494888896912
324,,
324,Activity N,9.980494888896912
324,,
324,Activity F,10.268165387743457
325,Activity A,0.0
325,,
325,,
325,,
325,Activity E,9.575052927597383
325,Activity M,9.798182590890704
325,,
325,Activity K,9.798182590890704
325,,
325,Activity J,9.980494888896912
325,,
325,Activity L,9.980494888896912
325,,
325,Activity F,10.268165387743457
326,Activity A,0.0
326,,
326,,
326,,
326,Activity E,9.575052927597383
326,,
326,,
326,Activity G,9.798182590890704
326,Activity N,9.980494888896912
326,,
326,,
326,Activity I,9.980494888896912
326,,
326,,
327,,
327,,
327,Activity C,8.881975184248867
327,Activity D,9.287394001418473
327,,
327,,
327,,
327,,
327,Activity I,9.980494888896912
327,,
327,,
327,,
327,Activity H,10.134638955251866
327,Activity F,10.268165387743457
328,Activity A,0.0
328,Activity B,8.188966863648876
328,Activity C,8.881975184248867
328,,
328,Activity E,9.575052927597383
328,,
328,Activity G,9.798182590890704
328,Activity K,9.798182590890704
328,,
328,,
328,,
328,Activity L,9.980494888896912
328,Activity H,10.134638955251866
328,Activity F,10.268165387743457
329,,
329,,
329,Activity C,8.881975184248867
329,Activity D,9.287394001418473
329,Activity E,9.575052927597383
329,,
329,,
329,Activity G,9.798182590890704
329,,
329,Activity L,9.980494888896912
329,,
329,Activity I,9.980494888896912
329,,
329,Activity F,10.268165387743457
330,,
330,,
330,,
330,Activity D,9.287394001418473
330,Activity E,9.575052927597383
330,,
330,,
330,Activity G,9.798182590890704
330,Activity L,9.980494888896912
330,,
330,Activity I,9.980494888896912
330,,
330,Activity H,10.134638955251866
330,,
331,Activity A,0.0
331,,
331,Activity C,8.881975184248867
331,Activity D,9.287394001418473
331,Activity E,9.575052927597383
331,,
331,Activity M,9.798182590890704
331,Activity G,9.798182590890704
331,Activity L,9.980494888896912
331,,
331,,
331,,
331,,
331,,
332,Activity A,0.0
332,,
332,,
332,,
332,Activity E,9.575052927597383
332,,
332,,
332,Activity M,9.798182590890704
332,Activity L,9.980494888896912
332,Activity I,9.980494888896912
332,,
332,Activity N,9.980494888896912
332,,
332,Activity F,10.268165387743457
333,Activity A,0.0
333,Activity B,8.188966863648876
333,Activity C,8.881975184248867
333,Activity D,9.287394001418473
333,,
333,Activity K,9.798182590890704
333,Activity G,9.798182590890704
333,,
333,,
333,,
333,,
333,Activity N,9.980494888896912
333,Activity H,10.134638955251866
333,,
334,,
334,,
334,Activity C,8.881975184248867
334,Activity D,9.287394001418473
334,Activity E,9.575052927597383
334,Activity K,9.798182590890704
334,,
334,,
334,Activity L,9.980494888896912
334,,
334,,
334,,
334,,
334,Activity F,10.268165387743457
335,Activity A,0.0
335,Activity B,8.188966863648876
335,Activity C,8.881975184248867
335,,
335,Activity E,9.575052927597383
335,Activity K,9.798182590890704
335,Activity G,9.798182590890704
335,,
335,,
335,Activity I,9.980494888896912
335,Activity J,9.980494888896912
335,Activity N,9.980494888896912
335,Activity H,10.134638955251866
335,,
336,,
336,,
336,,
336,Activity D,9.287394001418473
336,,
336,,
336,,
336,,
336,,
336,,
336,Activity I,9.980494888896912
336,,
336,,
336,Activity F,10.268165387743457
337,Activity A,0.0
337,,
337,,
337,Activity D,9.287394001418473
337,Activity E,9.575052927597383
337,,
337,,
337,Activity G,9.798182590890704
337,,
337,Activity N,9.980494888896912
337,Activity J,9.980494888896912
337,Activity I,9.980494888896912
337,Activity H,10.134638955251866
337,,
338,,
338,Activity B,8.188966863648876
338,Activity C,8.881975184248867
338,,
338,Activity E,9.575052927597383
338,Activity M,9.798182590890704
338,,
338,,
338,,
338,,
338,,
338,,
338,Activity H,10.134638955251866
338,,
339,Activity A,0.0
339,,
339,Activity C,8.881975184248867
339,Activity D,9.287394001418473
339,,
339,,
339,Activity M,9.798182590890704
339,Activity K,9.798182590890704
339,,
339,,
339,,
339,Activity L,9.980494888896912
339,Activity H,10.134638955251866
339,,
340,Activity A,0.0
340,,
340,Activity C,8.881975184248867
340,Activity D,9.287394001418473
340,Activity E,9.575052927597383
340,Activity K,9.798182590890704
340,Activity M,9.798182590890704
340,,
340,,
340,,
340,,
340,Activity I,9.980494888896912
340,Activity H,10.134638955251866
340,Activity F,10.268165387743457
341,Activity A,0.0
341,,
341,Activity C,8.881975184248867
341,Activity D,9.287394001418473
341,,
341,,
341,Activity G,9.798182590890704
341,Activity M,9.798182590890704
341,,
341,Activity J,9.980494888896912
341,,
341,,
341,,
341,,
342,,
342,,
342,Activity C,8.881975184248867
342,,
342,Activity E,9.575052927597383
342,Activity M,9.798182590890704
342,Activity G,9.798182590890704
342,Activity K,9.798182590890704
342,Activity N,9.980494888896912
342,,
342,,
342,,
342,,
342,,
343,,
343,Activity B,8.188966863648876
343,,
343,,
343,Activity E,9.575052927597383
343,Activity M,9.798182590890704
343,,
343,Activity G,9.798182590890704
343,,
343,,
343,,
343,Activity J,9.980494888896912
343,Activity H,10.134638955251866
343,,
344,Activity A,0.0
344,,
344,Activity C,8.881975184248867
344,Activity D,9.287394001418473
344,,
344,Activity M,9.798182590890704
344,,
344,Activity G,9.798182590890704
344,Activity N,9.980494888896912
344,,
344,Activity J,9.980494888896912
344,Activity I,9.980494888896912
344,,
344,,
345,Activity A,0.0
345,Activity B,8.188966863648876
345,Activity C,8.881975184248867
345,,
345,Activity E,9.575052927597383
345,Activity M,9.798182590890704
345,,
345,,
345,,
345,Activity J,9.980494888896912
345,Activity I,9.980494888896912
345,,
345,Activity H,10.134638955251866
345,,
346,Activity A,0.0
346,Activity B,8.188966863648876
346,,
346,,
346,Activity E,9.575052927597383
346,Activity M,9.798182590890704
346,Activity K,9.798182590890704
346,Activity G,9.798182590890704
346,,
346,Activity L,9.980494888896912
346,,
346,,
346,,
346,,
347,Activity A,0.0
347,Activity B,8.188966863648876
347,Activity C,8.881975184248867
347,,
347,Activity E,9.575052927597383
347,Activity M,9.798182590890704
347,,
347,Activity K,9.798182590890704
347,Activity N,9.980494888896912
347,Activity I,9.980494888896912
347,,
347,,
347,,
347,Activity F,10.268165387743457
348,Activity A,0.0
348,,
348,,
348,Activity D,9.287394001418473
348,,
348,,
348,Activity K,9.798182590890704
348,,
348,,
348,Activity J,9.980494888896912
348,Activity L,9.980494888896912
348,Activity N,9.980494888896912
348,Activity H,10.134638955251866
348,Activity F,10.268165387743457
349,Activity A,0.0
349,,
349,,
349,,
349,Activity E,9.575052927597383
349,,
349,,
349,,
349,Activity J,9.980494888896912
349,Activity I,9.980494888896912
349,Activity L,9.980494888896912
349,Activity N,9.980494888896912
349,,
349,Activity F,10.268165387743457
350,,
350,,
350,,
350,Activity D,9.287394001418473
350,,
350,,
350,,
350,,
350,,
350,Activity I,9.980494888896912
350,Activity J,9.980494888896912
350,,
350,Activity H,10.134638955251866
350,,
351,Activity A,0.0
351,,
351,,
351,Activity D,9.287394001418473
351,Activity E,9.575052927597383
351,,
351,,
351,,
351,Activity L,9.980494888896912
351,Activity J,9.980494888896912
351,,
351,,
351,Activity H,10.134638955251866
351,Activity F,10.268165387743457
352,Activity A,0.0
352,,
352,Activity C,8.881975184248867
352,Activity D,9.287394001418473
352,,
352,Activity K,9.798182590890704
352,Activity G,9.798182590890704
352,,
352,,
352,,
352,,
352,,
352,,
352,Activity F,10.268165387743457
353,,
353,,
353,,
353,,
353,,
353,,
353,Activity G,9.798182590890704
353,,
353,,
353,Activity I,9.980494888896912
353,Activity J,9.980494888896912
353,,
353,Activity H,10.134638955251866
353,,
354,,
354,,
354,,
354,Activity D,9.287394001418473
354,,
354,,
354,Activity M,9.798182590890704
354,,
354,,
354,,
354,,
354,Activity J,9.980494888896912
354,Activity H,10.134638955251866
354,Activity F,10.268165387743457
355,,
355,,
355,Activity C,8.881975184248867
355,,
355,Activity E,9.575052927597383
355,,
355,,
355,Activity K,9.798182590890704
355,,
355,Activity I,9.980494888896912
355,,
355,,
355,Activity H,10.134638955251866
355,Activity F,10.268165387743457
356,Activity A,0.0
356,,
356,Activity C,8.881975184248867
356,,
356,Activity E,9.575052927597383
356,,
356,,
356,,
356,,
356,,
356,Activity I,9.980494888896912
356,Activity L,9.980494888896912
356,,
356,Activity F,10.268165387743457
357,,
357,,
357,Activity C,8.881975184248867
357,Activity D,9.287394001418473
357,Activity E,9.575052927597383
357,Activity K,9.798182590890704
357,Activity M,9.798182590890704
357,Activity G,9.798182590890704
357,Activity L,9.980494888896912
357,Activity N,9.980494888896912
357,,
357,,
357,Activity H,10.134638955251866
357,Activity F,10.268165387743457
358,,
358,Activity B,8.188966863648876
358,Activity C,8.881975184248867
358,Activity D,9.287394001418473
358,,
358,,
358,,
358,,
358,Activity J,9.980494888896912
358,Activity I,9.980494888896912
358,Activity N,9.980494888896912
358,,
358,,
358,,
359,Activity A,0.0
359,,
359,Activity C,8.881975184248867
359,Activity D,9.287394001418473
359,Activity E,9.575052927597383
359,,
359,Activity M,9.798182590890704
359,,
359,,
359,Activity N,9.980494888896912
359,Activity J,9.980494888896912
359,,
359,,
359,,
360,Activity A,0.0
360,,
360,Activity C,8.881975184248867
360,,
360,,
360,Activity M,9.798182590890704
360,,
360,Activity G,9.798182590890704
360,Activity N,9.980494888896912
360,Activity L,9.980494888896912
360,Activity I,9.980494888896912
360,,
360,Activity H,10.134638955251866
360,Activity F,10.268165387743457
361,,
361,,
361,Activity C,8.881975184248867
361,Activity D,9.287394001418473
361,,
361,Activity M,9.798182590890704
361,Activity G,9.798182590890704
361,Activity K,9.798182590890704
361,,
361,,
361,,
361,Activity L,9.980494888896912
361,,
361,Activity F,10.268165387743457
362,Activity A,0.0
362,,
362,,
362,Activity D,9.287394001418473
362,Activity E,9.575052927597383
362,,
362,,
362,,
362,,
362,Activity L,9.980494888896912
362,Activity I,9.980494888896912
362,,
362,Activity H,10.134638955251866
362,Activity F,10.268165387743457
363,Activity A,0.0
363,Activity B,8.188966863648876
363,Activity C,8.881975184248867
363,Activity D,9.287394001418473
363,Activity E,9.575052927597383
363,Activity G,9.798182590890704
363,Activity K,9.798182590890704
363,,
363,Activity I,9.980494888896912
363,Activity J,9.980494888896912
363,Activity L,9.980494888896912
363,,
363,,
363,,
364,Activity A,0.0
364,Activity B,8.188966863648876
364,Activity C,8.881975184248867
364,Activity D,9.287394001418473
364,Activity E,9.575052927597383
364,,
364,Activity G,9.798182590890704
364,Activity K,9.798182590890704
364,,
364,Activity I,9.980494888896912
364,Activity J,9.980494888896912
364,,
364,,
364,,
365,Activity A,0.0
365,,
365,,
365,,
365,,
365,Activity G,9.798182590890704
365,Activity M,9.798182590890704
365,,
365,Activity I,9.980494888896912
365,Activity J,9.980494888896912
365,,
365,,
365,,
365,Activity F,10.268165387743457
366,,
366,Activity B,8.188966863648876
366,,
366,Activity D,9.287394001418473
366,Activity E,9.575052927597383
366,,
366,,
366,Activity K,9.798182590890704
366,,
366,,
366,Activity J,9.980494888896912
366,Activity L,9.980494888896912
366,Activity H,10.134638955251866
366,,
367,Activity A,0.0
367,Activity B,8.188966863648876
367,Activity C,8.881975184248867
367,Activity D,9.287394001418473
367,,
367,Activity M,9.798182590890704
367,,
367,Activity G,9.798182590890704
367,Activity N,9.980494888896912
367,Activity L,9.980494888896912
367,Activity I,9.980494888896912
367,,
367,Activity H,10.134638955251866
367,,
368,Activity A,0.0
368,,
368,Activity C,8.881975184248867
368,,
368,,
368,Activity K,9.798182590890704
368,Activity G,9.798182590890704
368,,
368,,
368,,
368,Activity J,9.980494888896912
368,Activity N,9.980494888896912
368,,
368,Activity F,10.268165387743457
369,Activity A,0.0
369,Activity B,8.188966863648876
369,,
369,Activity D,9.287394001418473
369,Activity E,9.575052927597383
369,Activity K,9.798182590890704
369,,
369,Activity M,9.798182590890704
369,,
369,,
369,Activity J,9.980494888896912
369,,
369,,
369,Activity F,10.268165387743457
370,Activity A,0.0
370,,
370,,
370,Activity D,9.287394001418473
370,Activity E,9.575052927597383
370,,
370,,
370,,
370,Activity I,9.980494888896912
370,,
370,Activity L,9.980494888896912
370,Activity N,9.980494888896912
370,Activity H,10.134638955251866
370,,
371,Activity A,0.0
371,Activity B,8.188966863648876
371,,
371,,
371,,
371,Activity K,9.798182590890704
371,,
371,,
371,Activity L,9.980494888896912
371,,
371,,
371,,
371,,
371,Activity F,10.268165387743457
372,,
372,Activity B,8.188966863648876
372,,
372,Activity D,9.287394001418473
372,,
372,,
372,,
372,,
372,,
372,Activity J,9.980494888896912
372,Activity I,9.980494888896912
372,Activity N,9.980494888896912
372,,
372,,
373,Activity A,0.0
373,,
373,Activity C,8.881975184248867
373,Activity D,9.287394001418473
373,Activity E,9.575052927597383
373,Activity G,9.798182590890704
373,,
373,,
373,Activity J,9.980494888896912
373,Activity I,9.980494888896912
373,Activity N,9.980494888896912
373,Activity L,9.980494888896912
373,Activity H,10.134638955251866
373,Activity F,10.268165387743457
374,Activity A,0.0
374,Activity B,8.188966863648876
374,Activity C,8.881975184248867
374,,
374,,
374,,
374,Activity M,9.798182590890704
374,,
374,Activity J,9.980494888896912
374,,
374,Activity N,9.980494888896912
374,,
374,,
374,Activity F,10.268165387743457
375,Activity A,0.0
375,Activity B,8.188966863648876
375,,
375,,
375,Activity E,9.575052927597383
375,,
375,Activity G,9.798182590890704
375,,
375,,
375,,
375,,
375,,
375,Activity H,10.134638955251866
375,Activity F,10.268165387743457
376,,
376,Activity B,8.188966863648876
376,Activity C,8.881975184248867
376,,
376,Activity E,9.575052927597383
376,,
376,Activity G,9.798182590890704
376,Activity K,9.798182590890704
376,Activity N,9.980494888896912
376,,
376,,
376,Activity L,9.980494888896912
376,,
376,,
377,Activity A,0.0
377,Activity B,8.188966863648876
377,Activity C,8.881975184248867
377,,
377,Activity E,9.575052927597383
377,,
377,Activity G,9.798182590890704
377,,
377,Activity N,9.980494888896912
377,Activity J,9.980494888896912
377,Activity I,9.980494888896912
377,Activity L,9.980494888896912
377,,
377,,
378,Activity A,0.0
378,,
378,Activity C,8.881975184248867
378,,
378,Activity E,9.575052927597383
378,Activity G,9.798182590890704
378,,
378,Activity M,9.798182590890704
378,,
378,Activity I,9.980494888896912
378,Activity L,9.980494888896912
378,,
378,Activity H,10.134638955251866
378,,
379,,
379,,
379,,
379,Activity D,9.287394001418473
379,,
379,,
379,Activity M,9.798182590890704
379,Activity K,9.798182590890704
379,Activity J,9.980494888896912
379,Activity I,9.980494888896912
379,Activity N,9.980494888896912
379,Activity L,9.980494888896912
379,,
379,,
380,Activity A,0.0
380,Activity B,8.188966863648876
380,,
380,,
380,Activity E,9.575052927597383
380,,
380,,
380,,
380,,
380,,
380,,
380,Activity I,9.980494888896912
380,Activity H,10.134638955251866
380,Activity F,10.268165387743457
381,,
381,Activity B,8.188966863648876
381,Activity C,8.881975184248867
381,,
381,Activity E,9.575052927597383
381,,
381,,
381,,
381,Activity N,9.980494888896912
381,Activity L,9.980494888896912
381,Activity J,9.980494888896912
381,Activity I,9.980494888896912
381,,
381,,
382,,
382,,
382,Activity C,8.881975184248867
382,,
382,Activity E,9.575052927597383
382,Activity G,9.798182590890704
382,,
382,Activity M,9.798182590890704
382,Activity I,9.980494888896912
382,Activity J,9.980494888896912
382,,
382,,
382,Activity H,10.134638955251866
382,,
383,Activity A,0.0
383,Activity B,8.188966863648876
383,Activity C,8.881975184248867
383,,
383,Activity E,9.575052927597383
383,,
383,,
383,,
383,Activity N,9.980494888896912
383,Activity L,9.980494888896912
383,Activity J,9.980494888896912
383,,
383,Activity H,10.134638955251866
383,Activity F,10.268165387743457
384,Activity A,0.0
384,,
384,,
384,Activity D,9.287394001418473
384,,
384,Activity G,9.798182590890704
384,,
384,Activity M,9.798182590890704
384,,
384,Activity J,9.980494888896912
384,,
384,Activity N,9.980494888896912
384,,
384,Activity F,10.268165387743457
385,,
385,Activity B,8.188966863648876
385,,
385,,
385,,
385,,
385,Activity K,9.798182590890704
385,,
385,Activity N,9.980494888896912
385,Activity L,9.980494888896912
385,,
385,,
385,Activity H,10.134638955251866
385,,
386,,
386,Activity B,8.188966863648876
386,Activity C,8.881975184248867
386,Activity D,9.287394001418473
386,,
386,,
386,Activity K,9.798182590890704
386,,
386,,
386,Activity I,9.980494888896912
386,,
386,Activity N,9.980494888896912
386,,
386,,
387,Activity A,0.0
387,Activity B,8.188966863648876
387,Activity C,8.881975184248867
387,Activity D,9.287394001418473
387,,
387,Activity G,9.798182590890704
387,,
387,Activity K,9.798182590890704
387,,
387,Activity J,9.980494888896912
387,,
387,,
387,Activity H,10.134638955251866
387,Activity F,10.268165387743457
388,,
388,Activity B,8.188966863648876
388,Activity C,8.881975184248867
388,,
388,,
388,Activity K,9.798182590890704
388,,
388,Activity M,9.798182590890704
388,,
388,,
388,,
388,,
388,Activity H,10.134638955251866
388,Activity F,10.268165387743457
389,Activity A,0.0
389,,
389,,
389,Activity D,9.287394001418473
389,Activity E,9.575052927597383
389,Activity M,9.798182590890704
389,,
389,,
389,Activity N,9.980494888896912
389,Activity J,9.980494888896912
389,Activity I,9.980494888896912
389,Activity L,9.980494888896912
389,Activity H,10.134638955251866
389,,
390,Activity A,0.0
390,Activity B,8.188966863648876
390,,
390,,
390,Activity E,9.575052927597383
390,Activity M,9.798182590890704
390,,
390,Activity K,9.798182590890704
390,Activity N,9.980494888896912
390,,
390,Activity I,9.980494888896912
390,,
390,Activity H,10.134638955251866
390,,
391,,
391,,
391,,
391,Activity D,9.287394001418473
391,Activity E,9.575052927597383
391,,
391,Activity K,9.798182590890704
391,Activity M,9.798182590890704
391,,
391,,
391,Activity L,9.980494888896912
391,,
391,Activity H,10.134638955251866
391,Activity F,10.268165387743457
392,,
392,Activity B,8.188966863648876
392,,
392,,
392,,
392,,
392,Activity K,9.798182590890704
392,Activity G,9.798182590890704
392,,
392,Activity L,9.980494888896912
392,Activity J,9.980494888896912
392,Activity I,9.980494888896912
392,,
392,Activity F,10.268165387743457
393,Activity A,0.0
393,,
393,,
393,Activity D,9.287394001418473
393,,
393,Activity G,9.798182590890704
393,,
393,,
393,,
393,,
393,,
393,,
393,Activity H,10.134638955251866
393,,
394,,
394,,
394,Activity C,8.881975184248867
394,Activity D,9.287394001418473
394,Activity E,9.575052927597383
394,Activity K,9.798182590890704
394,,
394,Activity M,9.798182590890704
394,Activity L,9.980494888896912
394,Activity J,9.980494888896912
394,Activity I,9.980494888896912
394,Activity N,9.980494888896912
394,,
394,,
395,Activity A,0.0
395,Activity B,8.188966863648876
395,,
395,,
395,,
395,,
395,,
395,Activity M,9.798182590890704
395,,
395,,
395,,
395,Activity N,9.980494888896912
395,,
395,,
396,Activity A,0.0
396,,
396,,
396,,
396,Activity E,9.575052927597383
396,Activity G,9.798182590890704
396,,
396,,
396,Activity I,9.980494888896912
396,Activity J,9.980494888896912
396,Activity N,9.980494888896912
396,,
396,,
396,,
397,,
397,Activity B,8.188966863648876
397,Activity C,8.881975184248867
397,Activity D,9.287394001418473
397,,
397,Activity G,9.798182590890704
397,Activity K,9.798182590890704
397,Activity M,9.798182590890704
397,Activity I,9.980494888896912
397,,
397,,
397,,
397,Activity H,10.134638955251866
397,Activity F,10.268165387743457
398,,
398,,
398,,
398,Activity D,9.287394001418473
398,Activity E,9.575052927597383
398,,
398,,
398,,
398,Activity I,9.980494888896912
398,Activity J,9.980494888896912
398,Activity L,9.980494888896912
398,Activity N,9.980494888896912
398,Activity H,10.134638955251866
398,,
399,,
399,,
399,,
399,Activity D,9.287394001418473
399,Activity E,9.575052927597383
399,Activity M,9.798182590890704
399,,
399,Activity K,9.798182590890704
399,Activity N,9.980494888896912
399,,
399,Activity I,9.980494888896912
399,Activity L,9.980494888896912
399,,
399,,
400,,
400,,
400,,
400,Activity D,9.287394001418473
400,,
400,,
400,,
400,Activity G,9.798182590890704
400,Activity N,9.980494888896912
400,Activity L,9.980494888896912
400,Activity J,9.980494888896912
400,Activity I,9.980494888896912
400,Activity H,10.134638955251866
400,,
401,Activity A,0.0
401,,
401,,
401,Activity D,9.287394001418473
401,,
401,,
401,,
401,Activity G,9.798182590890704
401,Activity N,9.980494888896912
401,,
401,Activity I,9.980494888896912
401,Activity J,9.980494888896912
401,,
401,Activity F,10.268165387743457
402,,
402,Activity B,8.188966863648876
402,Activity C,8.881975184248867
402,Activity D,9.287394001418473
402,Activity E,9.575052927597383
402,,
402,,
402,,
402,Activity I,9.980494888896912
402,Activity J,9.980494888896912
402,,
402,Activity N,9.980494888896912
402,,
402,Activity F,10.268165387743457
403,Activity A,0.0
403,Activity B,8.188966863648876
403,,
403,Activity D,9.287394001418473
403,Activity E,9.575052927597383
403,,
403,Activity G,9.798182590890704
403,,
403,,
403,Activity J,9.980494888896912
403,,
403,,
403,,
403,Activity F,10.268165387743457
404,,
404,,
404,,
404,Activity D,9.287394001418473
404,,
404,,
404,Activity K,9.798182590890704
404,,
404,Activity N,9.980494888896912
404,,
404,Activity I,9.980494888896912
404,Activity J,9.980494888896912
404,Activity H,10.134638955251866
404,,
405,Activity A,0.0
405,,
405,,
405,Activity D,9.287394001418473
405,,
405,Activity M,9.798182590890704
405,,
405,,
405,Activity N,9.980494888896912
405,,
405,,
405,,
405,Activity H,10.134638955251866
405,Activity F,10.268165387743457
406,Activity A,0.0
406,Activity B,8.188966863648876
406,,
406,Activity D,9.287394001418473
406,,
406,Activity M,9.798182590890704
406,Activity K,9.798182590890704
406,,
406,,
406,,
406,,
406,,
406,Activity H,10.134638955251866
406,Activity F,10.268165387743457
407,Activity A,0.0
407,,
407,,
407,,
407,,
407,,
407,Activity K,9.798182590890704
407,Activity M,9.798182590890704
407,,
407,,
407,,
407,Activity N,9.980494888896912
407,,
407,Activity F,10.268165387743457
408,Activity A,0.0
408,,
408,,
408,,
408,Activity E,9.575052927597383
408,,
408,Activity G,9.798182590890704
408,Activity K,9.798182590890704
408,,
408,Activity J,9.980494888896912
408,,
408,Activity L,9.980494888896912
408,Activity H,10.134638955251866
408,Activity F,10.268165387743457
409,,
409,Activity B,8.188966863648876
409,,
409,,
409,Activity E,9.575052927597383
409,Activity G,9.798182590890704
409,Activity K,9.798182590890704
409,Activity M,9.798182590890704
409,,
409,Activity J,9.980494888896912
409,Activity L,9.980494888896912
409,Activity N,9.980494888896912
409,Activity H,10.134638955251866
409,Activity F,10.268165387743457
410,,
410,,
410,,
410,Activity D,9.287394001418473
410,Activity E,9.575052927597383
410,Activity K,9.798182590890704
410,,
410,,
410,,
410,Activity N,9.980494888896912
410,Activity J,9.980494888896912
410,,
410,,
410,,
411,,
411,,
411,,
411,Activity D,9.287394001418473
411,Activity E,9.575052927597383
411,,
411,,
411,,
411,,
411,Activity I,9.980494888896912
411,Activity J,9.980494888896912
411,,
411,,
411,,
412,,
412,,
412,Activity C,8.881975184248867
412,,
412,,
412,Activity K,9.798182590890704
412,Activity M,9.798182590890704
412,Activity G,9.798182590890704
412,,
412,,
412,,
412,,
412,Activity H,10.134638955251866
412,,
413,Activity A,0.0
413,Activity B,8.188966863648876
413,,
413,,
413,Activity E,9.575052927597383
413,Activity M,9.798182590890704
413,Activity G,9.798182590890704
413,,
413,,
413,,
413,Activity J,9.980494888896912
413,Activity L,9.980494888896912
413,,
413,Activity F,10.268165387743457
414,,
414,Activity B,8.188966863648876
414,Activity C,8.881975184248867
414,Activity D,9.287394001418473
414,,
414,Activity G,9.798182590890704
414,Activity K,9.798182590890704
414,Activity M,9.798182590890704
414,Activity J,9.980494888896912
414,Activity I,9.980494888896912
414,,
414,Activity N,9.980494888896912
414,Activity H,10.134638955251866
414,,
415,Activity A,0.0
415,,
415,,
415,,
415,Activity E,9.575052927597383
415,,
415,Activity K,9.798182590890704
415,Activity M,9.798182590890704
415,,
415,,
415,Activity L,9.980494888896912
415,,
415,Activity H,10.134638955251866
415,,
416,Activity A,0.0
416,,
416,Activity C,8.881975184248867
416,Activity D,9.287394001418473
416,Activity E,9.575052927597383
416,,
416,,
416,,
416,Activity L,9.980494888896912
416,Activity J,9.980494888896912
416,,
416,,
416,Activity H,10.134638955251866
416,,
417,,
417,Activity B,8.188966863648876
417,Activity C,8.881975184248867
417,Activity D,9.287394001418473
417,,
417,,
417,Activity M,9.798182590890704
417,Activity G,9.798182590890704
417,,
417,,
417,,
417,Activity I,9.980494888896912
417,,
417,Activity F,10.268165387743457
418,Activity A,0.0
418,,
418,,
418,,
418,Activity E,9.575052927597383
418,Activity G,9.798182590890704
418,,
418,,
418,,
418,,
418,,
418,Activity L,9.980494888896912
418,Activity H,10.134638955251866
418,,
419,,
419,Activity B,8.188966863648876
419,,
419,Activity D,9.287394001418473
419,Activity E,9.575052927597383
419,Activity G,9.798182590890704
419,,
419,Activity M,9.798182590890704
419,,
419,Activity J,9.980494888896912
419,Activity L,9.980494888896912
419,,
419,Activity H,10.134638955251866
419,,
420,,
420,Activity B,8.188966863648876
420,Activity C,8.881975184248867
420,,
420,,
420,Activity M,9.798182590890704
420,Activity K,9.798182590890704
420,,
420,Activity N,9.980494888896912
420,Activity L,9.980494888896912
420,Activity J,9.980494888896912
420,Activity I,9.980494888896912
420,,
420,,
421,,
421,Activity B,8.188966863648876
421,Activity C,8.881975184248867
421,,
421,,
421,,
421,,
421,,
421,,
421,,
421,Activity J,9.980494888896912
421,,
421,Activity H,10.134638955251866
421,,
422,,
422,Activity B,8.188966863648876
422,Activity C,8.881975184248867
422,Activity D,9.287394001418473
422,,
422,,
422,Activity M,9.798182590890704
422,,
422,,
422,,
422,Activity I,9.980494888896912
422,,
422,Activity H,10.134638955251866
422,Activity F,10.268165387743457
423,Activity A,0.0
423,Activity B,8.188966863648876
423,Activity C,8.881975184248867
423,,
423,,
423,Activity M,9.798182590890704
423,Activity K,9.798182590890704
423,Activity G,9.798182590890704
423,Activity N,9.980494888896912
423,Activity L,9.980494888896912
423,Activity I,9.980494888896912
423,Activity J,9.980494888896912
423,Activity H,10.134638955251866
423,Activity F,10.268165387743457
424,,
424,Activity B,8.188966863648876
424,,
424,,
424,Activity E,9.575052927597383
424,,
424,Activity G,9.798182590890704
424,,
424,Activity N,9.980494888896912
424,,
424,,
424,,
424,Activity H,10.134638955251866
424,Activity F,10.268165387743457
425,,
425,Activity B,8.188966863648876
425,Activity C,8.881975184248867
425,Activity D,9.287394001418473
425,,
425,,
425,,
425,,
425,Activity N,9.980494888896912
425,,
425,,
425,,
425,Activity H,10.134638955251866
425,,
426,,
426,,
426,Activity C,8.881975184248867
426,,
426,,
426,,
426,Activity G,9.798182590890704
426,Activity K,9.798182590890704
426,,
426,,
426,,
426,Activity L,9.980494888896912
426,Activity H,10.134638955251866
426,,
427,,
427,Activity B,8.188966863648876
427,,
427,,
427,Activity E,9.575052927597383
427,,
427,,
427,,
427,Activity N,9.980494888896912
427,,
427,,
427,,
427,,
427,Activity F,10.268165387743457
428,,
428,,
428,Activity C,8.881975184248867
428,Activity D,9.287394001418473
428,,
428,,
428,,
428,,
428,Activity I,9.980494888896912
428,Activity J,9.980494888896912
428,,
428,,
428,Activity H,10.134638955251866
428,Activity F,10.268165387743457
429,Activity A,0.0
429,Activity B,8.188966863648876
429,Activity C,8.881975184248867
429,Activity D,9.287394001418473
429,Activity E,9.575052927597383
429,,
429,,
429,Activity G,9.798182590890704
429,Activity N,9.980494888896912
429,Activity L,9.980494888896912
429,,
429,,
429,Activity H,10.134638955251866
429,,
430,Activity A,0.0
430,,
430,Activity C,8.881975184248867
430,,
430,Activity E,9.575052927597383
430,,
430,,
430,Activity K,9.798182590890704
430,,
430,,
430,,
430,,
430,,
430,,
431,Activity A,0.0
431,,
431,Activity C,8.881975184248867
431,,
431,,
431,,
431,,
431,,
431,,
431,,
431,Activity L,9.980494888896912
431,,
431,Activity H,10.134638955251866
431,Activity F,10.268165387743457
432,,
432,Activity B,8.188966863648876
432,Activity C,8.881975184248867
432,,
432,Activity E,9.575052927597383
432,Activity M,9.798182590890704
432,Activity G,9.798182590890704
432,,
432,,
432,,
432,Activity I,9.980494888896912
432,Activity L,9.980494888896912
432,,
432,,
433,,
433,,
433,,
433,Activity D,9.287394001418473
433,,
433,,
433,Activity M,9.798182590890704
433,Activity G,9.798182590890704
433,Activity L,9.980494888896912
433,Activity N,9.980494888896912
433,Activity J,9.980494888896912
433,Activity I,9.980494888896912
433,Activity H,10.134638955251866
433,Activity F,10.268165387743457
434,,
434,,
434,,
434,,
434,Activity E,9.575052927597383
434,,
434,Activity M,9.798182590890704
434,,
434,,
434,Activity N,9.980494888896912
434,,
434,,
434,,
434,,
435,Activity A,0.0
435,Activity B,8.188966863648876
435,Activity C,8.881975184248867
435,,
435,Activity E,9.575052927597383
435,Activity M,9.798182590890704
435,,
435,Activity K,9.798182590890704
435,,
435,Activity I,9.980494888896912
435,Activity J,9.980494888896912
435,Activity L,9.980494888896912
435,,
435,Activity F,10.268165387743457
436,,
436,,
436,,
436,Activity D,9.287394001418473
436,,
436,,
436,,
436,Activity K,9.798182590890704
436,Activity I,9.980494888896912
436,,
436,Activity N,9.980494888896912
436,,
436,Activity H,10.134638955251866
436,,
437,Activity A,0.0
437,,
437,,
437,Activity D,9.287394001418473
437,Activity E,9.575052927597383
437,Activity K,9.798182590890704
437,,
437,,
437,Activity L,9.980494888896912
437,,
437,Activity I,9.980494888896912
437,,
437,Activity H,10.134638955251866
437,,
438,,
438,Activity B,8.188966863648876
438,Activity C,8.881975184248867
438,Activity D,9.287394001418473
438,,
438,,
438,,
438,Activity M,9.798182590890704
438,,
438,,
438,Activity L,9.980494888896912
438,Activity N,9.980494888896912
438,Activity H,10.134638955251866
438,Activity F,10.268165387743457
439,Activity A,0.0
439,Activity B,8.188966863648876
439,,
439,Activity D,9.287394001418473
439,Activity E,9.575052927597383
439,Activity G,9.798182590890704
439,,
439,,
439,,
439,,
439,,
439,Activity N,9.980494888896912
439,Activity H,10.134638955251866
439,Activity F,10.268165387743457
440,,
440,,
440,Activity C,8.881975184248867
440,Activity D,9.287394001418473
440,Activity E,9.575052927597383
440,,
440,Activity G,9.798182590890704
440,Activity M,9.798182590890704
440,,
440,Activity I,9.980494888896912
440,Activity J,9.980494888896912
440,Activity N,9.980494888896912
440,Activity H,10.134638955251866
440,Activity F,10.268165387743457
441,Activity A,0.0
441,,
441,,
441,Activity D,9.287394001418473
441,Activity E,9.575052927597383
441,Activity G,9.798182590890704
441,Activity K,9.798182590890704
441,,
441,Activity J,9.980494888896912
441,Activity I,9.980494888896912
441,Activity L,9.980494888896912
441,Activity N,9.980494888896912
441,Activity H,10.134638955251866
441,Activity F,10.268165387743457
442,,
442,,
442,,
442,,
442,,
442,Activity M,9.798182590890704
442,Activity K,9.798182590890704
442,Activity G,9.798182590890704
442,,
442,,
442,,
442,Activity J,9.980494888896912
442,Activity H,10.134638955251866
442,,
443,Activity A,0.0
443,Activity B,8.188966863648876
443,,
443,Activity D,9.287394001418473
443,Activity E,9.575052927597383
443,,
443,Activity M,9.798182590890704
443,,
443,,
443,Activity N,9.980494888896912
443,,
443,Activity J,9.980494888896912
443,,
443,Activity F,10.268165387743457
444,,
444,,
444,Activity C,8.881975184248867
444,Activity D,9.287394001418473
444,,
444,,
444,,
444,Activity M,9.798182590890704
444,,
444,Activity J,9.980494888896912
444,,
444,Activity N,9.980494888896912
444,,
444,Activity F,10.268165387743457
445,,
445,Activity B,8.188966863648876
445,Activity C,8.881975184248867
445,Activity D,9.287394001418473
445,Activity E,9.575052927597383
445,Activity G,9.798182590890704
445,,
445,,
445,Activity J,9.980494888896912
445,Activity I,9.980494888896912
445,,
445,,
445,,
445,Activity F,10.268165387743457
446,Activity A,0.0
446,Activity B,8.188966863648876
446,Activity C,8.881975184248867
446,Activity D,9.287394001418473
446,,
446,Activity M,9.798182590890704
446,,
446,,
446,,
446,,
446,Activity J,9.980494888896912
446,Activity I,9.980494888896912
446,,
446,Activity F,10.268165387743457
447,,
447,Activity B,8.188966863648876
447,,
447,,
447,Activity E,9.575052927597383
447,Activity M,9.798182590890704
447,Activity K,9.798182590890704
447,,
447,Activity N,9.980494888896912
447,Activity L,9.980494888896912
447,,
447,Activity I,9.980494888896912
447,,
447,Activity F,10.268165387743457
448,,
448,,
448,Activity C,8.881975184248867
448,Activity D,9.287394001418473
448,Activity E,9.575052927597383
448,,
448,,
448,Activity G,9.798182590890704
448,,
448,,
448,Activity I,9.980494888896912
448,Activity J,9.980494888896912
448,,
448,,
449,Activity A,0.0
449,Activity B,8.188966863648876
449,Activity C,8.881975184248867
449,Activity D,9.287394001418473
449,Activity E,9.575052927597383
449,Activity G,9.798182590890704
449,Activity K,9.798182590890704
449,,
449,Activity J,9.980494888896912
449,Activity I,9.980494888896912
449,Activity L,9.980494888896912
449,,
449,,
449,,
450,Activity A,0.0
450,,
450,Activity C,8.881975184248867
450,Activity D,9.287394001418473
450,,
450,,
450,Activity K,9.798182590890704
450,Activity M,9.798182590890704
450,,
450,Activity I,9.980494888896912
450,,
450,Activity N,9.980494888896912
450,,
450,,
451,,
451,Activity B,8.188966863648876
451,,
451,Activity D,9.287394001418473
451,,
451,Activity G,9.798182590890704
451,,
451,,
451,Activity I,9.980494888896912
451,,
451,,
451,,
451,Activity H,10.134638955251866
451,,
452,Activity A,0.0
452,,
452,,
452,,
452,Activity E,9.575052927597383
452,,
452,,
452,,
452,,
452,Activity J,9.980494888896912
452,,
452,Activity N,9.980494888896912
452,Activity H,10.134638955251866
452,,
453,Activity A,0.0
453,,
453,,
453,,
453,,
453,,
453,Activity G,9.798182590890704
453,,
453,Activity N,9.980494888896912
453,Activity J,9.980494888896912
453,,
453,,
453,,
453,,
454,,
454,,
454,Activity C,8.881975184248867
454,Activity D,9.287394001418473
454,Activity E,9.575052927597383
454,,
454,,
454,Activity G,9.798182590890704
454,Activity N,9.980494888896912
454,,
454,,
454,,
454,Activity H,10.134638955251866
454,,
455,,
455,Activity B,8.188966863648876
455,,
455,Activity D,9.287394001418473
455,Activity E,9.575052927597383
455,Activity K,9.798182590890704
455,Activity G,9.798182590890704
455,,
455,Activity L,9.980494888896912
455,Activity I,9.980494888896912
455,Activity J,9.980494888896912
455,,
455,,
455,,
456,,
456,Activity B,8.188966863648876
456,Activity C,8.881975184248867
456,Activity D,9.287394001418473
456,,
456,Activity G,9.798182590890704
456,Activity M,9.798182590890704
456,,
456,Activity I,9.980494888896912
456,,
456,Activity N,9.980494888896912
456,,
456,,
456,Activity F,10.268165387743457
457,,
457,Activity B,8.188966863648876
457,,
457,,
457,Activity E,9.575052927597383
457,Activity G,9.798182590890704
457,Activity M,9.798182590890704
457,Activity K,9.798182590890704
457,Activity I,9.980494888896912
457,Activity J,9.980494888896912
457,,
457,,
457,Activity H,10.134638955251866
457,Activity F,10.268165387743457
458,Activity A,0.0
458,,
458,,
458,,
458,Activity E,9.575052927597383
458,,
458,,
458,,
458,Activity I,9.980494888896912
458,,
458,Activity L,9.980494888896912
458,Activity N,9.980494888896912
458,Activity H,10.134638955251866
458,,
459,,
459,Activity B,8.188966863648876
459,,
459,,
459,,
459,,
459,Activity M,9.798182590890704
459,,
459,,
459,,
459,Activity N,9.980494888896912
459,,
459,Activity H,10.134638955251866
459,,
460,,
460,,
460,,
460,Activity D,9.287394001418473
460,,
460,,
460,,
460,Activity K,9.798182590890704
460,Activity N,9.980494888896912
460,Activity J,9.980494888896912
460,Activity I,9.980494888896912
460,Activity L,9.980494888896912
460,,
460,Activity F,10.268165387743457
461,Activity A,0.0
461,Activity B,8.188966863648876
461,,
461,Activity D,9.287394001418473
461,Activity E,9.575052927597383
461,,
461,Activity G,9.798182590890704
461,Activity M,9.798182590890704
461,,
461,Activity J,9.980494888896912
461,,
461,Activity N,9.980494888896912
461,Activity H,10.134638955251866
461,,
462,Activity A,0.0
462,,
462,,
462,Activity D,9.287394001418473
462,,
462,Activity M,9.798182590890704
462,,
462,,
462,,
462,,
462,Activity I,9.980494888896912
462,,
462,,
462,Activity F,10.268165387743457
463,,
463,Activity B,8.188966863648876
463,,
463,Activity D,9.287394001418473
463,Activity E,9.575052927597383
463,Activity M,9.798182590890704
463,Activity K,9.798182590890704
463,Activity G,9.798182590890704
463,Activity N,9.980494888896912
463,Activity L,9.980494888896912
463,,
463,Activity I,9.980494888896912
463,,
463,Activity F,10.268165387743457
464,Activity A,0.0
464,Activity B,8.188966863648876
464,Activity C,8.881975184248867
464,Activity D,9.287394001418473
464,,
464,Activity K,9.798182590890704
464,Activity M,9.798182590890704
464,Activity G,9.798182590890704
464,Activity L,9.980494888896912
464,Activity N,9.980494888896912
464,,
464,,
464,,
464,,
465,Activity A,0.0
465,,
465,Activity C,8.881975184248867
465,Activity D,9.287394001418473
465,,
465,,
465,Activity G,9.798182590890704
465,Activity K,9.798182590890704
465,,
465,,
465,,
465,Activity L,9.980494888896912
465,,
465,Activity F,10.268165387743457
466,Activity A,0.0
466,Activity B,8.188966863648876
466,,
466,Activity D,9.287394001418473
466,Activity E,9.575052927597383
466,Activity M,9.798182590890704
466,,
466,Activity G,9.798182590890704
466,Activity N,9.980494888896912
466,Activity L,9.980494888896912
466,,
466,,
466,,
466,Activity F,10.268165387743457
467,Activity A,0.0
467,Activity B,8.188966863648876
467,,
467,Activity D,9.287394001418473
467,Activity E,9.575052927597383
467,,
467,,
467,Activity K,9.798182590890704
467,Activity J,9.980494888896912
467,Activity I,9.980494888896912
467,Activity N,9.980494888896912
467,,
467,,
467,,
468,,
468,Activity B,8.188966863648876
468,,
468,,
468,,
468,Activity G,9.798182590890704
468,,
468,,
468,Activity J,9.980494888896912
468,Activity I,9.980494888896912
468,Activity L,9.980494888896912
468,Activity N,9.980494888896912
468,,
468,Activity F,10.268165387743457
469,Activity A,0.0
469,Activity B,8.188966863648876
469,,
469,,
469,Activity E,9.575052927597383
469,,
469,Activity G,9.798182590890704
469,Activity K,9.798182590890704
469,Activity N,9.980494888896912
469,,
469,Activity I,9.980494888896912
469,,
469,,
469,,
470,Activity A,0.0
470,,
470,Activity C,8.881975184248867
470,Activity D,9.287394001418473
470,Activity E,9.575052927597383
470,Activity G,9.798182590890704
470,Activity K,9.798182590890704
470,Activity M,9.798182590890704
470,Activity J,9.980494888896912
470,,
470,,
470,Activity N,9.980494888896912
470,,
470,Activity F,10.268165387743457
471,Activity A,0.0
471,Activity B,8.188966863648876
471,Activity C,8.881975184248867
471,,
471,,
471,Activity K,9.798182590890704
471,,
471,Activity G,9.798182590890704
471,,
471,Activity N,9.980494888896912
471,Activity I,9.980494888896912
471,,
471,,
471,,
472,,
472,,
472,Activity C,8.881975184248867
472,Activity D,9.287394001418473
472,,
472,Activity K,9.798182590890704
472,,
472,,
472,,
472,,
472,Activity I,9.980494888896912
472,,
472,,
472,Activity F,10.268165387743457
473,,
473,,
473,,
473,Activity D,9.287394001418473
473,Activity E,9.575052927597383
473,,
473,,
473,Activity M,9.798182590890704
473,,
473,,
473,,
473,,
473,,
473,Activity F,10.268165387743457
474,,
474,Activity B,8.188966863648876
474,Activity C,8.881975184248867
474,,
474,Activity E,9.575052927597383
474,Activity G,9.798182590890704
474,,
474,,
474,Activity J,9.980494888896912
474,,
474,Activity L,9.980494888896912
474,Activity N,9.980494888896912
474,Activity H,10.134638955251866
474,,
475,,
475,Activity B,8.188966863648876
475,Activity C,8.881975184248867
475,,
475,,
475,,
475,,
475,Activity G,9.798182590890704
475,,
475,Activity N,9.980494888896912
475,Activity J,9.980494888896912
475,,
475,,
475,,
476,,
476,,
476,Activity C,8.881975184248867
476,,
476,Activity E,9.575052927597383
476,Activity M,9.798182590890704
476,Activity G,9.798182590890704
476,Activity K,9.798182590890704
476,,
476,,
476,,
476,,
476,,
476,Activity F,10.268165387743457
477,,
477,Activity B,8.188966863648876
477,Activity C,8.881975184248867
477,Activity D,9.287394001418473
477,Activity E,9.575052927597383
477,Activity M,9.798182590890704
477,,
477,,
477,,
477,,
477,,
477,,
477,,
477,,
478,,
478,Activity B,8.188966863648876
478,,
478,,
478,Activity E,9.575052927597383
478,,
478,Activity G,9.798182590890704
478,Activity M,9.798182590890704
478,,
478,,
478,Activity J,9.980494888896912
478,Activity N,9.980494888896912
478,Activity H,10.134638955251866
478,,
479,Activity A,0.0
479,Activity B,8.188966863648876
479,Activity C,8.881975184248867
479,Activity D,9.287394001418473
479,,
479,Activity M,9.798182590890704
479,Activity K,9.798182590890704
479,Activity G,9.798182590890704
479,,
479,Activity L,9.980494888896912
479,Activity I,9.980494888896912
479,Activity J,9.980494888896912
479,,
479,,
480,Activity A,0.0
480,Activity B,8.188966863648876
480,,
480,,
480,,
480,,
480,Activity M,9.798182590890704
480,Activity G,9.798182590890704
480,,
480,,
480,Activity J,9.980494888896912
480,Activity I,9.980494888896912
480,Activity H,10.134638955251866
480,,
481,Activity A,0.0
481,,
481,,
481,Activity D,9.287394001418473
481,,
481,Activity G,9.798182590890704
481,,
481,Activity K,9.798182590890704
481,,
481,Activity J,9.980494888896912
481,,
481,Activity L,9.980494888896912
481,Activity H,10.134638955251866
481,Activity F,10.268165387743457
482,,
482,,
482,,
482,,
482,,
482,,
482,,
482,,
482,,
482,Activity L,9.980494888896912
482,,
482,Activity J,9.980494888896912
482,,
482,,
483,,
483,,
483,Activity C,8.881975184248867
483,,
483,,
483,,
483,,
483,Activity K,9.798182590890704
483,Activity I,9.980494888896912
483,Activity J,9.980494888896912
483,Activity N,9.980494888896912
483,Activity L,9.980494888896912
483,,
483,Activity F,10.268165387743457
484,Activity A,0.0
484,,
484,Activity C,8.881975184248867
484,Activity D,9.287394001418473
484,Activity E,9.575052927597383
484,,
484,,
484,,
484,Activity I,9.980494888896912
484,Activity J,9.980494888896912
484,Activity L,9.980494888896912
484,,
484,,
484,Activity F,10.268165387743457
485,Activity A,0.0
485,,
485,Activity C,8.881975184248867
485,Activity D,9.287394001418473
485,,
485,Activity M,9.798182590890704
485,Activity K,9.798182590890704
485,Activity G,9.798182590890704
485,,
485,,
485,Activity I,9.980494888896912
485,,
485,Activity H,10.134638955251866
485,Activity F,10.268165387743457
486,Activity A,0.0
486,,
486,,
486,,
486,,
486,Activity K,9.798182590890704
486,,
486,Activity M,9.798182590890704
486,,
486,Activity I,9.980494888896912
486,,
486,,
486,Activity H,10.134638955251866
486,Activity F,10.268165387743457
487,Activity A,0.0
487,Activity B,8.188966863648876
487,,
487,,
487,,
487,Activity G,9.798182590890704
487,,
487,,
487,Activity I,9.980494888896912
487,Activity J,9.980494888896912
487,Activity N,9.980494888896912
487,Activity L,9.980494888896912
487,,
487,,
488,Activity A,0.0
488,,
488,Activity C,8.881975184248867
488,Activity D,9.287394001418473
488,Activity E,9.575052927597383
488,,
488,Activity M,9.798182590890704
488,,
488,Activity L,9.980494888896912
488,,
488,Activity J,9.980494888896912
488,Activity I,9.980494888896912
488,,
488,Activity F,10.268165387743457
489,Activity A,0.0
489,Activity B,8.188966863648876
489,,
489,Activity D,9.287394001418473
489,,
489,,
489,,
489,Activity K,9.798182590890704
489,Activity N,9.980494888896912
489,Activity I,9.980494888896912
489,Activity J,9.980494888896912
489,Activity L,9.980494888896912
489,,
489,,
490,Activity A,0.0
490,Activity B,8.188966863648876
490,,
490,,
490,Activity E,9.575052927597383
490,Activity M,9.798182590890704
490,,
490,Activity G,9.798182590890704
490,Activity N,9.980494888896912
490,,
490,Activity J,9.980494888896912
490,Activity I,9.980494888896912
490,,
490,Activity F,10.268165387743457
491,,
491,,
491,Activity C,8.881975184248867
491,,
491,Activity E,9.575052927597383
491,,
491,Activity K,9.798182590890704
491,Activity M,9.798182590890704
491,Activity I,9.980494888896912
491,,
491,Activity L,9.980494888896912
491,,
491,Activity H,10.134638955251866
491,,
492,,
492,Activity B,8.188966863648876
492,,
492,Activity D,9.287394001418473
492,Activity E,9.575052927597383
492,Activity K,9.798182590890704
492,Activity G,9.798182590890704
492,Activity M,9.798182590890704
492,Activity L,9.980494888896912
492,Activity I,9.980494888896912
492,,
492,Activity N,9.980494888896912
492,,
492,,
493,,
493,,
493,,
493,Activity D,9.287394001418473
493,Activity E,9.575052927597383
493,,
493,Activity M,9.798182590890704
493,Activity K,9.798182590890704
493,Activity J,9.980494888896912
493,Activity I,9.980494888896912
493,,
493,,
493,Activity H,10.134638955251866
493,,
494,Activity A,0.0
494,Activity B,8.188966863648876
494,Activity C,8.881975184248867
494,Activity D,9.287394001418473
494,,
494,,
494,,
494,Activity M,9.798182590890704
494,,
494,,
494,Activity L,9.980494888896912
494,Activity N,9.980494888896912
494,Activity H,10.134638955251866
494,,
495,,
495,Activity B,8.188966863648876
495,Activity C,8.881975184248867
495,Activity D,9.287394001418473
495,,
495,Activity M,9.798182590890704
495,Activity K,9.798182590890704
495,,
495,Activity N,9.980494888896912
495,Activity L,9.980494888896912
495,,
495,Activity I,9.980494888896912
495,Activity H,10.134638955251866
495,Activity F,10.268165387743457
496,Activity A,0.0
496,Activity B,8.188966863648876
496,Activity C,8.881975184248867
496,,
496,,
496,Activity K,9.798182590890704
496,Activity G,9.798182590890704
496,,
496,,
496,Activity J,9.980494888896912
496,Activity I,9.980494888896912
496,Activity N,9.980494888896912
496,Activity H,10.134638955251866
496,Activity F,10.268165387743457
497,Activity A,0.0
497,,
497,Activity C,8.881975184248867
497,,
497,Activity E,9.575052927597383
497,,
497,Activity K,9.798182590890704
497,Activity M,9.798182590890704
497,Activity J,9.980494888896912
497,Activity I,9.980494888896912
497,Activity L,9.980494888896912
497,,
497,Activity H,10.134638955251866
497,,
498,Activity A,0.0
498,,
498,,
498,Activity D,9.287394001418473
498,Activity E,9.575052927597383
498,Activity M,9.798182590890704
498,Activity K,9.798182590890704
498,,
498,Activity N,9.980494888896912
498,,
498,,
498,,
498,Activity H,10.134638955251866
498,Activity F,10.268165387743457
499,,
499,Activity B,8.188966863648876
499,Activity C,8.881975184248867
499,,
499,Activity E,9.575052927597383
499,,
499,Activity G,9.798182590890704
499,,
499,,
499,,
499,,
499,Activity N,9.980494888896912
499,Activity H,10.134638955251866
499,,
500,,
500,Activity B,8.188966863648876
500,Activity C,8.881975184248867
500,,
500,,
500,,
500,Activity M,9.798182590890704
500,Activity K,9.798182590890704
500,,
500,,
500,,
500,,
500,,
500,Activity F,10.268165387743457
501,Activity A,0.0
501,,
501,,
501,,
501,,
501,,
501,Activity K,9.798182590890704
501,,
501,Activity I,9.980494888896912
501,,
501,Activity L,9.980494888896912
501,,
501,,
501,Activity F,10.268165387743457
502,,
502,Activity B,8.188966863648876
502,,
502,,
502,Activity E,9.575052927597383
502,Activity M,9.798182590890704
502,Activity G,9.798182590890704
502,Activity K,9.798182590890704
502,,
502,Activity J,9.980494888896912
502,Activity I,9.980494888896912
502,,
502,,
502,Activity F,10.268165387743457
503,Activity A,0.0
503,Activity B,8.188966863648876
503,,
503,,
503,,
503,,
503,Activity K,9.798182590890704
503,,
503,,
503,,
503,Activity I,9.980494888896912
503,,
503,Activity H,10.134638955251866
503,,
504,Activity A,0.0
504,,
504,,
504,Activity D,9.287394001418473
504,,
504,Activity M,9.798182590890704
504,,
504,,
504,Activity N,9.980494888896912
504,,
504,Activity I,9.980494888896912
504,Activity L,9.980494888896912
504,,
504,Activity F,10.268165387743457
505,,
505,Activity B,8.188966863648876
505,,
505,Activity D,9.287394001418473
505,,
505,Activity K,9.798182590890704
505,Activity M,9.798182590890704
505,,
505,,
505,,
505,Activity J,9.980494888896912
505,Activity I,9.980494888896912
505,,
505,Activity F,10.268165387743457
506,,
506,,
506,,
506,Activity D,9.287394001418473
506,Activity E,9.575052927597383
506,Activity G,9.798182590890704
506,Activity K,9.798182590890704
506,,
506,Activity J,9.980494888896912
506,,
506,,
506,Activity N,9.980494888896912
506,,
506,,
507,Activity A,0.0
507,Activity B,8.188966863648876
507,Activity C,8.881975184248867
507,Activity D,9.287394001418473
507,Activity E,9.575052927597383
507,,
507,,
507,Activity M,9.798182590890704
507,Activity I,9.980494888896912
507,,
507,,
507,Activity N,9.980494888896912
507,,
507,Activity F,10.268165387743457
508,Activity A,0.0
508,Activity B,8.188966863648876
508,,
508,,
508,,
508,Activity K,9.798182590890704
508,Activity G,9.798182590890704
508,,
508,Activity L,9.980494888896912
508,,
508,Activity J,9.980494888896912
508,,
508,,
508,,
509,,
509,Activity B,8.188966863648876
509,Activity C,8.881975184248867
509,,
509,Activity E,9.575052927597383
509,Activity G,9.798182590890704
509,,
509,,
509,,
509,,
509,,
509,Activity L,9.980494888896912
509,Activity H,10.134638955251866
509,,
510,Activity A,0.0
510,,
510,Activity C,8.881975184248867
510,Activity D,9.287394001418473
510,Activity E,9.575052927597383
510,,
510,Activity K,9.798182590890704
510,Activity G,9.798182590890704
510,,
510,Activity L,9.980494888896912
510,Activity I,9.980494888896912
510,,
510,Activity H,10.134638955251866
510,,
511,Activity A,0.0
511,,
511,Activity C,8.881975184248867
511,Activity D,9.287394001418473
511,Activity E,9.575052927597383
511,,
511,Activity M,9.798182590890704
511,Activity G,9.798182590890704
511,Activity L,9.980494888896912
511,,
511,,
511,,
511,,
511,,
512,Activity A,0.0
512,Activity B,8.188966863648876
512,,
512,Activity D,9.287394001418473
512,,
512,Activity M,9.798182590890704
512,,
512,,
512,,
512,,
512,Activity I,9.980494888896912
512,,
512,Activity H,10.134638955251866
512,,
513,,
513,Activity B,8.188966863648876
513,Activity C,8.881975184248867
513,Activity D,9.287394001418473
513,Activity E,9.575052927597383
513,Activity G,9.798182590890704
513,Activity M,9.798182590890704
513,Activity K,9.798182590890704
513,,
513,,
513,,
513,,
513,Activity H,10.134638955251866
513,Activity F,10.268165387743457
514,,
514,,
514,,
514,,
514,,
514,,
514,,
514,,
514,,
514,,
514,Activity L,9.980494888896912
514,Activity N,9.980494888896912
514,Activity H,10.134638955251866
514,,
515,Activity A,0.0
515,Activity B,8.188966863648876
515,Activity C,8.881975184248867
515,Activity D,9.287394001418473
515,Activity E,9.575052927597383
515,Activity K,9.798182590890704
515,Activity M,9.798182590890704
515,Activity G,9.798182590890704
515,,
515,Activity N,9.980494888896912
515,,
515,Activity I,9.980494888896912
515,,
515,Activity F,10.268165387743457
516,,
516,Activity B,8.188966863648876
516,Activity C,8.881975184248867
516,Activity D,9.287394001418473
516,Activity E,9.575052927597383
516,,
516,,
516,,
516,Activity J,9.980494888896912
516,Activity I,9.980494888896912
516,,
516,Activity L,9.980494888896912
516,Activity H,10.134638955251866
516,Activity F,10.268165387743457
517,,
517,Activity B,8.188966863648876
517,Activity C,8.881975184248867
517,Activity D,9.287394001418473
517,,
517,Activity M,9.798182590890704
517,Activity K,9.798182590890704
517,,
517,Activity N,9.980494888896912
517,Activity L,9.980494888896912
517,,
517,Activity J,9.980494888896912
517,,
517,,
518,,
518,,
518,,
518,Activity D,9.287394001418473
518,Activity E,9.575052927597383
518,,
518,Activity G,9.798182590890704
518,,
518,Activity L,9.980494888896912
518,Activity J,9.980494888896912
518,,
518,Activity N,9.980494888896912
518,,
518,,
519,,
519,,
519,Activity C,8.881975184248867
519,,
519,,
519,Activity M,9.798182590890704
519,,
519,,
519,,
519,,
519,,
519,,
519,,
519,,
520,Activity A,0.0
520,,
520,Activity C,8.881975184248867
520,,
520,Activity E,9.575052927597383
520,,
520,,
520,,
520,Activity N,9.980494888896912
520,,
520,,
520,Activity L,9.980494888896912
520,Activity H,10.134638955251866
520,Activity F,10.268165387743457
521,Activity A,0.0
521,,
521,,
521,Activity D,9.287394001418473
521,Activity E,9.575052927597383
521,Activity K,9.798182590890704
521,Activity G,9.798182590890704
521,,
521,,
521,Activity I,9.980494888896912
521,Activity J,9.980494888896912
521,Activity N,9.980494888896912
521,Activity H,10.134638955251866
521,Activity F,10.268165387743457
522,Activity A,0.0
522,Activity B,8.188966863648876
522,Activity C,8.881975184248867
522,,
522,,
522,Activity G,9.798182590890704
522,,
522,Activity K,9.798182590890704
522,,
522,,
522,,
522,Activity L,9.980494888896912
522,,
522,,
523,Activity A,0.0
523,Activity B,8.188966863648876
523,Activity C,8.881975184248867
523,Activity D,9.287394001418473
523,Activity E,9.575052927597383
523,Activity M,9.798182590890704
523,,
523,,
523,,
523,Activity L,9.980494888896912
523,,
523,,
523,Activity H,10.134638955251866
523,,
524,,
524,,
524,Activity C,8.881975184248867
524,,
524,,
524,Activity K,9.798182590890704
524,Activity G,9.798182590890704
524,Activity M,9.798182590890704
524,,
524,,
524,Activity I,9.980494888896912
524,Activity N,9.980494888896912
524,Activity H,10.134638955251866
524,,
525,Activity A,0.0
525,,
525,Activity C,8.881975184248867
525,Activity D,9.287394001418473
525,Activity E,9.575052927597383
525,Activity K,9.798182590890704
525,Activity M,9.798182590890704
525,,
525,Activity L,9.980494888896912
525,Activity N,9.980494888896912
525,,
525,,
525,Activity H,10.134638955251866
525,Activity F,10.268165387743457
526,Activity A,0.0
526,Activity B,8.188966863648876
526,,
526,Activity D,9.287394001418473
526,Activity E,9.575052927597383
526,Activity K,9.798182590890704
526,,
526,,
526,,
526,Activity N,9.980494888896912
526,,
526,,
526,Activity H,10.134638955251866
526,Activity F,10.268165387743457
527,,
527,,
527,Activity C,8.881975184248867
527,,
527,,
527,,
527,,
527,,
527,,
527,Activity L,9.980494888896912
527,,
527,,
527,,
527,,
528,,
528,Activity B,8.188966863648876
528,Activity C,8.881975184248867
528,,
528,,
528,Activity G,9.798182590890704
528,Activity M,9.798182590890704
528,,
528,Activity J,9.980494888896912
528,Activity I,9.980494888896912
528,,
528,,
528,Activity H,10.134638955251866
528,,
529,Activity A,0.0
529,,
529,,
529,Activity D,9.287394001418473
529,Activity E,9.575052927597383
529,,
529,Activity K,9.798182590890704
529,Activity G,9.798182590890704
529,,
529,Activity L,9.980494888896912
529,,
529,,
529,Activity H,10.134638955251866
529,,
530,Activity A,0.0
530,,
530,Activity C,8.881975184248867
530,,
530,Activity E,9.575052927597383
530,Activity K,9.798182590890704
530,Activity M,9.798182590890704
530,,
530,,
530,Activity N,9.980494888896912
530,,
530,,
530,Activity H,10.134638955251866
530,,
531,Activity A,0.0
531,,
531,,
531,,
531,Activity E,9.575052927597383
531,,
531,Activity M,9.798182590890704
531,Activity K,9.798182590890704
531,Activity J,9.980494888896912
531,,
531,,
531,Activity L,9.980494888896912
531,,
531,Activity F,10.268165387743457
532,Activity A,0.0
532,Activity B,8.188966863648876
532,,
532,,
532,,
532,Activity M,9.798182590890704
532,,
532,Activity G,9.798182590890704
532,,
532,,
532,Activity I,9.980494888896912
532,,
532,,
532,Activity F,10.268165387743457
533,,
533,Activity B,8.188966863648876
533,,
533,,
533,Activity E,9.575052927597383
533,,
533,,
533,Activity G,9.798182590890704
533,Activity N,9.980494888896912
533,Activity L,9.980494888896912
533,Activity I,9.980494888896912
533,Activity J,9.980494888896912
533,,
533,Activity F,10.268165387743457
534,,
534,,
534,Activity C,8.881975184248867
534,Activity D,9.287394001418473
534,,
534,,
534,Activity M,9.798182590890704
534,Activity G,9.798182590890704
534,,
534,Activity N,9.980494888896912
534,Activity I,9.980494888896912
534,,
534,Activity H,10.134638955251866
534,,
535,,
535,,
535,Activity C,8.881975184248867
535,,
535,,
535,,
535,Activity M,9.798182590890704
535,,
535,,
535,Activity N,9.980494888896912
535,,
535,,
535,,
535,Activity F,10.268165387743457
536,,
536,Activity B,8.188966863648876
536,Activity C,8.881975184248867
536,Activity D,9.287394001418473
536,,
536,,
536,Activity M,9.798182590890704
536,,
536,Activity J,9.980494888896912
536,,
536,,
536,Activity L,9.980494888896912
536,,
536,Activity F,10.268165387743457
537,,
537,,
537,Activity C,8.881975184248867
537,Activity D,9.287394001418473
537,,
537,Activity G,9.798182590890704
537,,
537,,
537,Activity I,9.980494888896912
537,,
537,Activity L,9.980494888896912
537,,
537,Activity H,10.134638955251866
537,,
538,Activity A,0.0
538,Activity B,8.188966863648876
538,Activity C,8.881975184248867
538,,
538,Activity E,9.575052927597383
538,,
538,Activity K,9.798182590890704
538,Activity G,9.798182590890704
538,,
538,,
538,,
538,Activity I,9.980494888896912
538,,
538,Activity F,10.268165387743457
539,Activity A,0.0
539,,
539,Activity C,8.881975184248867
539,Activity D,9.287394001418473
539,,
539,,
539,,
539,Activity M,9.798182590890704
539,,
539,Activity J,9.980494888896912
539,Activity I,9.980494888896912
539,,
539,,
539,Activity F,10.268165387743457
540,,
540,Activity B,8.188966863648876
540,,
540,Activity D,9.287394001418473
540,Activity E,9.575052927597383
540,Activity M,9.798182590890704
540,,
540,Activity G,9.798182590890704
540,,
540,,
540,Activity J,9.980494888896912
540,,
540,,
540,,
541,,
541,Activity B,8.188966863648876
541,,
541,,
541,,
541,Activity G,9.798182590890704
541,,
541,,
541,Activity J,9.980494888896912
541,Activity I,9.980494888896912
541,,
541,Activity L,9.980494888896912
541,,
541,,
542,,
542,Activity B,8.188966863648876
542,Activity C,8.881975184248867
542,Activity D,9.287394001418473
542,,
542,,
542,Activity K,9.798182590890704
542,Activity G,9.798182590890704
542,Activity N,9.980494888896912
542,Activity L,9.980494888896912
542,Activity I,9.980494888896912
542,Activity J,9.980494888896912
542,Activity H,10.134638955251866
542,Activity F,10.268165387743457
543,Activity A,0.0
543,Activity B,8.188966863648876
543,,
543,Activity D,9.287394001418473
543,,
543,,
543,,
543,,
543,Activity I,9.980494888896912
543,,
543,,
543,,
543,Activity H,10.134638955251866
543,,
544,Activity A,0.0
544,,
544,Activity C,8.881975184248867
544,Activity D,9.287394001418473
544,,
544,,
544,Activity M,9.798182590890704
544,,
544,Activity L,9.980494888896912
544,,
544,Activity J,9.980494888896912
544,Activity I,9.980494888896912
544,,
544,Activity F,10.268165387743457
545,,
545,,
545,,
545,Activity D,9.287394001418473
545,,
545,Activity M,9.798182590890704
545,,
545,Activity K,9.798182590890704
545,Activity N,9.980494888896912
545,,
545,,
545,Activity L,9.980494888896912
545,Activity H,10.134638955251866
545,,
546,,
546,Activity B,8.188966863648876
546,,
546,Activity D,9.287394001418473
546,Activity E,9.575052927597383
546,,
546,,
546,Activity G,9.798182590890704
546,Activity N,9.980494888896912
546,Activity L,9.980494888896912
546,Activity J,9.980494888896912
546,,
546,,
546,,
547,Activity A,0.0
547,Activity B,8.188966863648876
547,Activity C,8.881975184248867
547,,
547,Activity E,9.575052927597383
547,,
547,,
547,,
547,Activity N,9.980494888896912
547,,
547,,
547,,
547,Activity H,10.134638955251866
547,Activity F,10.268165387743457
548,,
548,,
548,Activity C,8.881975184248867
548,,
548,,
548,,
548,Activity G,9.798182590890704
548,Activity K,9.798182590890704
548,,
548,,
548,Activity I,9.980494888896912
548,,
548,Activity H,10.134638955251866
548,,
549,,
549,,
549,Activity C,8.881975184248867
549,,
549,Activity E,9.575052927597383
549,,
549,Activity M,9.798182590890704
549,Activity K,9.798182590890704
549,,
549,Activity I,9.980494888896912
549,Activity N,9.980494888896912
549,,
549,Activity H,10.134638955251866
549,Activity F,10.268165387743457
550,Activity A,0.0
550,,
550,Activity C,8.881975184248867
550,Activity D,9.287394001418473
550,Activity E,9.575052927597383
550,Activity K,9.798182590890704
550,,
550,,
550,,
550,,
550,Activity I,9.980494888896912
550,Activity J,9.980494888896912
550,,
550,Activity F,10.268165387743457
551,,
551,,
551,,
551,,
551,Activity E,9.575052927597383
551,,
551,Activity K,9.798182590890704
551,,
551,Activity N,9.980494888896912
551,,
551,Activity J,9.980494888896912
551,Activity I,9.980494888896912
551,,
551,Activity F,10.268165387743457
552,Activity A,0.0
552,,
552,Activity C,8.881975184248867
552,,
552,Activity E,9.575052927597383
552,Activity M,9.798182590890704
552,Activity K,9.798182590890704
552,,
552,Activity N,9.980494888896912
552,Activity L,9.980494888896912
552,Activity I,9.980494888896912
552,,
552,,
552,,
553,Activity A,0.0
553,Activity B,8.188966863648876
553,Activity C,8.881975184248867
553,Activity D,9.287394001418473
553,Activity E,9.575052927597383
553,,
553,Activity M,9.798182590890704
553,Activity K,9.798182590890704
553,,
553,Activity I,9.980494888896912
553,Activity N,9.980494888896912
553,Activity L,9.980494888896912
553,,
553,,
554,Activity A,0.0
554,Activity B,8.188966863648876
554,,
554,Activity D,9.287394001418473
554,,
554,Activity M,9.798182590890704
554,,
554,,
554,Activity N,9.980494888896912
554,,
554,,
554,Activity J,9.980494888896912
554,,
554,,
555,,
555,,
555,,
555,Activity D,9.287394001418473
555,,
555,,
555,,
555,,
555,,
555,Activity J,9.980494888896912
555,,
555,,
555,Activity H,10.134638955251866
555,Activity F,10.268165387743457
556,Activity A,0.0
556,,
556,Activity C,8.881975184248867
556,Activity D,9.287394001418473
556,,
556,,
556,Activity G,9.798182590890704
556,,
556,,
556,Activity J,9.980494888896912
556,,
556,Activity N,9.980494888896912
556,,
556,,
557,,
557,,
557,,
557,,
557,Activity E,9.575052927597383
557,,
557,Activity M,9.798182590890704
557,,
557,,
557,Activity N,9.980494888896912
557,,
557,Activity J,9.980494888896912
557,Activity H,10.134638955251866
557,Activity F,10.268165387743457
558,,
558,,
558,Activity C,8.881975184248867
558,,
558,Activity E,9.575052927597383
558,Activity M,9.798182590890704
558,Activity K,9.798182590890704
558,,
558,,
558,Activity L,9.980494888896912
558,Activity I,9.980494888896912
558,Activity J,9.980494888896912
558,,
558,Activity F,10.268165387743457
559,Activity A,0.0
559,,
559,,
559,,
559,Activity E,9.575052927597383
559,,
559,Activity K,9.798182590890704
559,,
559,,
559,Activity L,9.980494888896912
559,,
559,,
559,Activity H,10.134638955251866
559,,
560,Activity A,0.0
560,Activity B,8.188966863648876
560,,
560,,
560,,
560,Activity K,9.798182590890704
560,,
560,,
560,Activity L,9.980494888896912
560,Activity J,9.980494888896912
560,,
560,Activity N,9.980494888896912
560,Activity H,10.134638955251866
560,Activity F,10.268165387743457
561,Activity A,0.0
561,Activity B,8.188966863648876
561,,
561,,
561,Activity E,9.575052927597383
561,,
561,Activity G,9.798182590890704
561,,
561,,
561,Activity I,9.980494888896912
561,Activity J,9.980494888896912
561,Activity L,9.980494888896912
561,Activity H,10.134638955251866
561,,
562,,
562,Activity B,8.188966863648876
562,Activity C,8.881975184248867
562,,
562,Activity E,9.575052927597383
562,,
562,Activity G,9.798182590890704
562,,
562,,
562,Activity I,9.980494888896912
562,,
562,,
562,Activity H,10.134638955251866
562,Activity F,10.268165387743457
563,Activity A,0.0
563,,
563,,
563,,
563,,
563,Activity K,9.798182590890704
563,Activity M,9.798182590890704
563,,
563,,
563,,
563,Activity J,9.980494888896912
563,Activity I,9.980494888896912
563,Activity H,10.134638955251866
563,,
564,,
564,Activity B,8.188966863648876
564,,
564,Activity D,9.287394001418473
564,,
564,Activity K,9.798182590890704
564,,
564,Activity M,9.798182590890704
564,Activity L,9.980494888896912
564,Activity I,9.980494888896912
564,Activity J,9.980494888896912
564,Activity N,9.980494888896912
564,Activity H,10.134638955251866
564,,
565,Activity A,0.0
565,Activity B,8.188966863648876
565,,
565,,
565,,
565,,
565,,
565,,
565,,
565,Activity N,9.980494888896912
565,,
565,,
565,,
565,,
566,Activity A,0.0
566,,
566,Activity C,8.881975184248867
566,,
566,Activity E,9.575052927597383
566,,
566,Activity K,9.798182590890704
566,Activity G,9.798182590890704
566,,
566,Activity L,9.980494888896912
566,Activity J,9.980494888896912
566,,
566,Activity H,10.134638955251866
566,,
567,,
567,Activity B,8.188966863648876
567,,
567,Activity D,9.287394001418473
567,,
567,Activity M,9.798182590890704
567,Activity G,9.798182590890704
567,,
567,,
567,Activity I,9.980494888896912
567,,
567,Activity L,9.980494888896912
567,Activity H,10.134638955251866
567,Activity F,10.268165387743457
568,Activity A,0.0
568,Activity B,8.188966863648876
568,,
568,,
568,,
568,,
568,,
568,Activity G,9.798182590890704
568,,
568,,
568,Activity J,9.980494888896912
568,Activity I,9.980494888896912
568,Activity H,10.134638955251866
568,Activity F,10.268165387743457
569,,
569,Activity B,8.188966863648876
569,Activity C,8.881975184248867
569,,
569,,
569,Activity G,9.798182590890704
569,,
569,,
569,,
569,,
569,,
569,,
569,Activity H,10.134638955251866
569,,
570,Activity A,0.0
570,,
570,,
570,,
570,,
570,Activity K,9.798182590890704
570,Activity G,9.798182590890704
570,Activity M,9.798182590890704
570,Activity L,9.980494888896912
570,Activity J,9.980494888896912
570,,
570,Activity N,9.980494888896912
570,Activity H,10.134638955251866
570,Activity F,10.268165387743457
571,Activity A,0.0
571,Activity B,8.188966863648876
571,Activity C,8.881975184248867
571,Activity D,9.287394001418473
571,Activity E,9.575052927597383
571,,
571,Activity M,9.798182590890704
571,Activity G,9.798182590890704
571,,
571,Activity N,9.980494888896912
571,,
571,,
571,Activity H,10.134638955251866
571,Activity F,10.268165387743457
572,Activity A,0.0
572,,
572,Activity C,8.881975184248867
572,Activity D,9.287394001418473
572,,
572,,
572,Activity M,9.798182590890704
572,Activity G,9.798182590890704
572,,
572,Activity N,9.980494888896912
572,Activity J,9.980494888896912
572,,
572,,
572,Activity F,10.268165387743457
573,,
573,Activity B,8.188966863648876
573,,
573,Activity D,9.287394001418473
573,,
573,Activity M,9.798182590890704
573,Activity G,9.798182590890704
573,Activity K,9.798182590890704
573,Activity N,9.980494888896912
573,Activity I,9.980494888896912
573,,
573,,
573,Activity H,10.134638955251866
573,Activity F,10.268165387743457
574,Activity A,0.0
574,Activity B,8.188966863648876
574,Activity C,8.881975184248867
574,,
574,Activity E,9.575052927597383
574,,
574,,
574,,
574,Activity N,9.980494888896912
574,Activity I,9.980494888896912
574,,
574,Activity L,9.980494888896912
574,,
574,Activity F,10.268165387743457
575,,
575,Activity B,8.188966863648876
575,,
575,Activity D,9.287394001418473
575,Activity E,9.575052927597383
575,,
575,Activity K,9.798182590890704
575,,
575,Activity J,9.980494888896912
575,Activity I,9.980494888896912
575,,
575,,
575,,
575,,
576,Activity A,0.0
576,Activity B,8.188966863648876
576,,
576,Activity D,9.287394001418473
576,Activity E,9.575052927597383
576,,
576,Activity G,9.798182590890704
576,,
576,,
576,,
576,Activity J,9.980494888896912
576,,
576,Activity H,10.134638955251866
576,Activity F,10.268165387743457
577,,
577,,
577,,
577,,
577,,
577,,
577,Activity M,9.798182590890704
577,Activity G,9.798182590890704
577,Activity L,9.980494888896912
577,,
577,Activity I,9.980494888896912
577,,
577,,
577,Activity F,10.268165387743457
578,,
578,,
578,Activity C,8.881975184248867
578,Activity D,9.287394001418473
578,,
578,,
578,,
578,Activity G,9.798182590890704
578,Activity L,9.980494888896912
578,Activity N,9.980494888896912
578,,
578,Activity I,9.980494888896912
578,,
578,Activity F,10.268165387743457
579,,
579,Activity B,8.188966863648876
579,,
579,Activity D,9.287394001418473
579,Activity E,9.575052927597383
579,,
579,,
579,Activity M,9.798182590890704
579,,
579,,
579,,
579,Activity N,9.980494888896912
579,Activity H,10.134638955251866
579,Activity F,10.268165387743457
580,,
580,Activity B,8.188966863648876
580,,
580,,
580,,
580,,
580,Activity M,9.798182590890704
580,,
580,,
580,,
580,Activity N,9.980494888896912
580,,
580,,
580,Activity F,10.268165387743457
581,,
581,,
581,,
581,,
581,,
581,Activity G,9.798182590890704
581,Activity K,9.798182590890704
581,Activity M,9.798182590890704
581,Activity J,9.980494888896912
581,Activity I,9.980494888896912
581,,
581,Activity N,9.980494888896912
581,Activity H,10.134638955251866
581,,
582,,
582,Activity B,8.188966863648876
582,,
582,,
582,,
582,Activity G,9.798182590890704
582,,
582,Activity M,9.798182590890704
582,,
582,Activity J,9.980494888896912
582,Activity L,9.980494888896912
582,,
582,Activity H,10.134638955251866
582,,
583,,
583,Activity B,8.188966863648876
583,Activity C,8.881975184248867
583,,
583,Activity E,9.575052927597383
583,,
583,,
583,,
583,,
583,Activity L,9.980494888896912
583,Activity I,9.980494888896912
583,Activity J,9.980494888896912
583,,
583,Activity F,10.268165387743457
584,Activity A,0.0
584,Activity B,8.188966863648876
584,,
584,Activity D,9.287394001418473
584,,
584,Activity M,9.798182590890704
584,Activity G,9.798182590890704
584,Activity K,9.798182590890704
584,Activity N,9.980494888896912
584,,
584,Activity I,9.980494888896912
584,,
584,Activity H,10.134638955251866
584,Activity F,10.268165387743457
585,Activity A,0.0
585,,
585,,
585,,
585,Activity E,9.575052927597383
585,,
585,Activity G,9.798182590890704
585,,
585,Activity N,9.980494888896912
585,,
585,Activity I,9.980494888896912
585,Activity L,9.980494888896912
585,,
585,,
586,Activity A,0.0
586,Activity B,8.188966863648876
586,,
586,,
586,,
586,Activity M,9.798182590890704
586,,
586,Activity K,9.798182590890704
586,,
586,Activity I,9.980494888896912
586,Activity J,9.980494888896912
586,,
586,Activity H,10.134638955251866
586,Activity F,10.268165387743457
587,,
587,,
587,,
587,,
587,Activity E,9.575052927597383
587,,
587,Activity K,9.798182590890704
587,Activity G,9.798182590890704
587,,
587,Activity L,9.980494888896912
587,,
587,Activity I,9.980494888896912
587,Activity H,10.134638955251866
587,Activity F,10.268165387743457
588,,
588,Activity B,8.188966863648876
588,Activity C,8.881975184248867
588,,
588,,
588,Activity K,9.798182590890704
588,,
588,,
588,Activity L,9.980494888896912
588,Activity I,9.980494888896912
588,,
588,,
588,,
588,,
589,Activity A,0.0
589,Activity B,8.188966863648876
589,Activity C,8.881975184248867
589,,
589,,
589,,
589,,
589,,
589,Activity I,9.980494888896912
589,Activity J,9.980494888896912
589,Activity N,9.980494888896912
589,Activity L,9.980494888896912
589,Activity H,10.134638955251866
589,,
590,,
590,Activity B,8.188966863648876
590,,
590,,
590,Activity E,9.575052927597383
590,,
590,,
590,,
590,,
590,Activity I,9.980494888896912
590,,
590,Activity L,9.980494888896912
590,,
590,,
591,,
591,Activity B,8.188966863648876
591,,
591,Activity D,9.287394001418473
591,,
591,,
591,,
591,,
591,,
591,Activity N,9.980494888896912
591,,
591,,
591,,
591,Activity F,10.268165387743457
592,Activity A,0.0
592,Activity B,8.188966863648876
592,Activity C,8.881975184248867
592,Activity D,9.287394001418473
592,,
592,Activity G,9.798182590890704
592,,
592,Activity K,9.798182590890704
592,Activity J,9.980494888896912
592,Activity I,9.980494888896912
592,,
592,Activity L,9.980494888896912
592,,
592,Activity F,10.268165387743457
593,,
593,Activity B,8.188966863648876
593,Activity C,8.881975184248867
593,Activity D,9.287394001418473
593,Activity E,9.575052927597383
593,,
593,,
593,,
593,,
593,Activity J,9.980494888896912
593,Activity N,9.980494888896912
593,,
593,Activity H,10.134638955251866
593,,
594,,
594,Activity B,8.188966863648876
594,Activity C,8.881975184248867
594,Activity D,9.287394001418473
594,,
594,Activity G,9.798182590890704
594,Activity K,9.798182590890704
594,Activity M,9.798182590890704
594,,
594,,
594,,
594,Activity N,9.980494888896912
594,Activity H,10.134638955251866
594,Activity F,10.268165387743457
595,Activity A,0.0
595,Activity B,8.188966863648876
595,Activity C,8.881975184248867
595,Activity D,9.287394001418473
595,,
595,,
595,Activity G,9.798182590890704
595,,
595,,
595,,
595,Activity J,9.980494888896912
595,Activity L,9.980494888896912
595,Activity H,10.134638955251866
595,,
596,,
596,Activity B,8.188966863648876
596,Activity C,8.881975184248867
596,Activity D,9.287394001418473
596,Activity E,9.575052927597383
596,Activity K,9.798182590890704
596,Activity G,9.798182590890704
596,Activity M,9.798182590890704
596,Activity L,9.980494888896912
596,,
596,,
596,Activity N,9.980494888896912
596,Activity H,10.134638955251866
596,Activity F,10.268165387743457
597,Activity A,0.0
597,,
597,,
597,Activity D,9.287394001418473
597,Activity E,9.575052927597383
597,,
597,,
597,,
597,Activity L,9.980494888896912
597,,
597,,
597,Activity I,9.980494888896912
597,Activity H,10.134638955251866
597,Activity F,10.268165387743457
598,Activity A,0.0
598,Activity B,8.188966863648876
598,Activity C,8.881975184248867
598,,
598,,
598,Activity G,9.798182590890704
598,Activity M,9.798182590890704
598,Activity K,9.798182590890704
598,Activity J,9.980494888896912
598,Activity I,9.980494888896912
598,,
598,Activity L,9.980494888896912
598,,
598,Activity F,10.268165387743457
599,Activity A,0.0
599,Activity B,8.188966863648876
599,,
599,Activity D,9.287394001418473
599,,
599,Activity M,9.798182590890704
599,Activity K,9.798182590890704
599,Activity G,9.798182590890704
599,,
599,Activity L,9.980494888896912
599,Activity I,9.980494888896912
599,,
599,Activity H,10.134638955251866
599,Activity F,10.268165387743457
600,,
600,,
600,,
600,Activity D,9.287394001418473
600,Activity E,9.575052927597383
600,,
600,Activity G,9.798182590890704
600,Activity M,9.798182590890704
600,Activity L,9.980494888896912
600,Activity I,9.980494888896912
600,,
600,,
600,Activity H,10.134638955251866
600,Activity F,10.268165387743457
601,Activity A,0.0
601,Activity B,8.188966863648876
601,,
601,,
601,Activity E,9.575052927597383
601,,
601,Activity M,9.798182590890704
601,Activity G,9.798182590890704
601,,
601,,
601,,
601,Activity J,9.980494888896912
601,Activity H,10.134638955251866
601,,
602,,
602,Activity B,8.188966863648876
602,Activity C,8.881975184248867
602,,
602,,
602,,
602,Activity G,9.798182590890704
602,,
602,,
602,,
602,Activity J,9.980494888896912
602,,
602,,
602,Activity F,10.268165387743457
603,Activity A,0.0
603,,
603,Activity C,8.881975184248867
603,,
603,Activity E,9.575052927597383
603,Activity M,9.798182590890704
603,Activity K,9.798182590890704
603,Activity G,9.798182590890704
603,,
603,Activity L,9.980494888896912
603,Activity J,9.980494888896912
603,Activity I,9.980494888896912
603,,
603,,
604,,
604,,
604,Activity C,8.881975184248867
604,,
604,,
604,Activity K,9.798182590890704
604,,
604,,
604,Activity L,9.980494888896912
604,,
604,Activity I,9.980494888896912
604,,
604,Activity H,10.134638955251866
604,Activity F,10.268165387743457
605,,
605,,
605,Activity C,8.881975184248867
605,Activity D,9.287394001418473
605,,
605,Activity K,9.798182590890704
605,Activity G,9.798182590890704
605,,
605,Activity L,9.980494888896912
605,Activity I,9.980494888896912
605,Activity J,9.980494888896912
605,Activity N,9.980494888896912
605,Activity H,10.134638955251866
605,Activity F,10.268165387743457
606,,
606,,
606,,
606,Activity D,9.287394001418473
606,Activity E,9.575052927597383
606,Activity M,9.798182590890704
606,Activity K,9.798182590890704
606,Activity G,9.798182590890704
606,,
606,Activity L,9.980494888896912
606,Activity I,9.980494888896912
606,,
606,,
606,Activity F,10.268165387743457
607,,
607,Activity B,8.188966863648876
607,Activity C,8.881975184248867
607,,
607,,
607,,
607,Activity G,9.798182590890704
607,Activity M,9.798182590890704
607,Activity L,9.980494888896912
607,,
607,,
607,Activity N,9.980494888896912
607,Activity H,10.134638955251866
607,Activity F,10.268165387743457
608,,
608,,
608,Activity C,8.881975184248867
608,,
608,Activity E,9.575052927597383
608,Activity G,9.798182590890704
608,Activity K,9.798182590890704
608,Activity M,9.798182590890704
608,Activity I,9.980494888896912
608,Activity J,9.980494888896912
608,Activity L,9.980494888896912
608,Activity N,9.980494888896912
608,,
608,Activity F,10.268165387743457
609,Activity A,0.0
609,,
609,Activity C,8.881975184248867
609,Activity D,9.287394001418473
609,,
609,Activity K,9.798182590890704
609,,
609,Activity M,9.798182590890704
609,,
609,,
609,,
609,,
609,Activity H,10.134638955251866
609,Activity F,10.268165387743457
610,,
610,Activity B,8.188966863648876
610,Activity C,8.881975184248867
610,,
610,,
610,,
610,,
610,,
610,Activity J,9.980494888896912
610,,
610,Activity L,9.980494888896912
610,,
610,Activity H,10.134638955251866
610,,
611,Activity A,0.0
611,,
611,,
611,,
611,,
611,,
611,,
611,,
611,,
611,Activity L,9.980494888896912
611,Activity I,9.980494888896912
611,Activity J,9.980494888896912
611,Activity H,10.134638955251866
611,Activity F,10.268165387743457
612,,
612,Activity B,8.188966863648876
612,Activity C,8.881975184248867
612,,
612,Activity E,9.575052927597383
612,Activity K,9.798182590890704
612,Activity G,9.798182590890704
612,,
612,Activity L,9.980494888896912
612,Activity J,9.980494888896912
612,,
612,,
612,Activity H,10.134638955251866
612,Activity F,10.268165387743457
613,Activity A,0.0
613,,
613,Activity C,8.881975184248867
613,,
613,Activity E,9.575052927597383
613,,
613,Activity G,9.798182590890704
613,Activity K,9.798182590890704
613,Activity N,9.980494888896912
613,,
613,,
613,Activity L,9.980494888896912
613,,
613,,
614,,
614,Activity B,8.188966863648876
614,,
614,,
614,,
614,Activity K,9.798182590890704
614,Activity G,9.798182590890704
614,Activity M,9.798182590890704
614,Activity L,9.980494888896912
614,,
614,,
614,Activity N,9.980494888896912
614,Activity H,10.134638955251866
614,,
615,Activity A,0.0
615,Activity B,8.188966863648876
615,,
615,,
615,Activity E,9.575052927597383
615,Activity M,9.798182590890704
615,,
615,,
615,,
615,Activity L,9.980494888896912
615,Activity I,9.980494888896912
615,Activity J,9.980494888896912
615,,
615,,
616,,
616,,
616,Activity C,8.881975184248867
616,,
616,Activity E,9.575052927597383
616,Activity G,9.798182590890704
616,,
616,,
616,Activity J,9.980494888896912
616,Activity I,9.980494888896912
616,Activity N,9.980494888896912
616,,
616,,
616,,
617,,
617,,
617,,
617,,
617,,
617,,
617,Activity K,9.798182590890704
617,,
617,Activity N,9.980494888896912
617,Activity L,9.980494888896912
617,,
617,,
617,Activity H,10.134638955251866
617,,
618,Activity A,0.0
618,,
618,Activity C,8.881975184248867
618,,
618,,
618,Activity M,9.798182590890704
618,Activity K,9.798182590890704
618,,
618,,
618,,
618,,
618,Activity I,9.980494888896912
618,,
618,,
619,,
619,Activity B,8.188966863648876
619,Activity C,8.881975184248867
619,,
619,Activity E,9.575052927597383
619,,
619,,
619,,
619,Activity J,9.980494888896912
619,Activity I,9.980494888896912
619,Activity N,9.980494888896912
619,,
619,,
619,,
620,Activity A,0.0
620,Activity B,8.188966863648876
620,,
620,Activity D,9.287394001418473
620,,
620,Activity K,9.798182590890704
620,,
620,,
620,,
620,,
620,Activity I,9.980494888896912
620,Activity J,9.980494888896912
620,,
620,Activity F,10.268165387743457
621,,
621,,
621,Activity C,8.881975184248867
621,,
621,Activity E,9.575052927597383
621,Activity K,9.798182590890704
621,Activity M,9.798182590890704
621,Activity G,9.798182590890704
621,Activity L,9.980494888896912
621,Activity N,9.980494888896912
621,,
621,Activity I,9.980494888896912
621,Activity H,10.134638955251866
621,Activity F,10.268165387743457
622,,
622,,
622,,
622,,
622,,
622,,
622,,
622,,
622,,
622,Activity I,9.980494888896912
622,,
622,,
622,,
622,,
623,Activity A,0.0
623,Activity B,8.188966863648876
623,,
623,,
623,,
623,Activity M,9.798182590890704
623,,
623,Activity K,9.798182590890704
623,Activity N,9.980494888896912
623,,
623,Activity J,9.980494888896912
623,Activity L,9.980494888896912
623,,
623,,
624,,
624,Activity B,8.188966863648876
624,,
624,,
624,Activity E,9.575052927597383
624,Activity K,9.798182590890704
624,Activity G,9.798182590890704
624,Activity M,9.798182590890704
624,Activity L,9.980494888896912
624,Activity I,9.980494888896912
624,Activity J,9.980494888896912
624,,
624,,
624,Activity F,10.268165387743457
625,Activity A,0.0
625,Activity B,8.188966863648876
625,,
625,Activity D,9.287394001418473
625,Activity E,9.575052927597383
625,Activity K,9.798182590890704
625,Activity M,9.798182590890704
625,Activity G,9.798182590890704
625,Activity L,9.980494888896912
625,,
625,,
625,Activity I,9.980494888896912
625,,
625,Activity F,10.268165387743457
626,,
626,,
626,,
626,Activity D,9.287394001418473
626,,
626,,
626,Activity K,9.798182590890704
626,,
626,Activity J,9.980494888896912
626,,
626,Activity L,9.980494888896912
626,,
626,Activity H,10.134638955251866
626,Activity F,10.268165387743457
627,Activity A,0.0
627,,
627,,
627,Activity D,9.287394001418473
627,Activity E,9.575052927597383
627,Activity G,9.798182590890704
627,Activity K,9.798182590890704
627,,
627,Activity J,9.980494888896912
627,Activity I,9.980494888896912
627,,
627,,
627,,
627,Activity F,10.268165387743457
628,Activity A,0.0
628,,
628,Activity C,8.881975184248867
628,,
628,,
628,Activity M,9.798182590890704
628,Activity G,9.798182590890704
628,Activity K,9.798182590890704
628,Activity N,9.980494888896912
628,,
628,,
628,Activity L,9.980494888896912
628,,
628,Activity F,10.268165387743457
629,,
629,Activity B,8.188966863648876
629,,
629,Activity D,9.287394001418473
629,Activity E,9.575052927597383
629,,
629,,
629,Activity M,9.798182590890704
629,,
629,,
629,,
629,Activity N,9.980494888896912
629,Activity H,10.134638955251866
629,,
630,,
630,Activity B,8.188966863648876
630,,
630,,
630,Activity E,9.575052927597383
630,Activity G,9.798182590890704
630,,
630,,
630,,
630,,
630,,
630,Activity L,9.980494888896912
630,,
630,Activity F,10.268165387743457
631,,
631,,
631,Activity C,8.881975184248867
631,,
631,,
631,Activity K,9.798182590890704
631,,
631,,
631,,
631,Activity N,9.980494888896912
631,,
631,Activity I,9.980494888896912
631,,
631,,
632,Activity A,0.0
632,Activity B,8.188966863648876
632,Activity C,8.881975184248867
632,,
632,,
632,Activity M,9.798182590890704
632,Activity K,9.798182590890704
632,Activity G,9.798182590890704
632,,
632,Activity L,9.980494888896912
632,Activity I,9.980494888896912
632,,
632,Activity H,10.134638955251866
632,,
633,Activity A,0.0
633,Activity B,8.188966863648876
633,,
633,,
633,,
633,,
633,,
633,Activity K,9.798182590890704
633,Activity J,9.980494888896912
633,Activity I,9.980494888896912
633,Activity N,9.980494888896912
633,,
633,,
633,Activity F,10.268165387743457
634,Activity A,0.0
634,,
634,,
634,,
634,Activity E,9.575052927597383
634,,
634,Activity K,9.798182590890704
634,,
634,Activity I,9.980494888896912
634,Activity J,9.980494888896912
634,,
634,Activity N,9.980494888896912
634,,
634,Activity F,10.268165387743457
635,,
635,Activity B,8.188966863648876
635,,
635,Activity D,9.287394001418473
635,,
635,Activity G,9.798182590890704
635,Activity K,9.798182590890704
635,,
635,Activity I,9.980494888896912
635,,
635,,
635,,
635,,
635,Activity F,10.268165387743457
636,Activity A,0.0
636,,
636,,
636,Activity D,9.287394001418473
636,,
636,Activity K,9.798182590890704
636,Activity G,9.798182590890704
636,,
636,,
636,Activity J,9.980494888896912
636,,
636,,
636,,
636,Activity F,10.268165387743457
637,Activity A,0.0
637,,
637,Activity C,8.881975184248867
637,Activity D,9.287394001418473
637,,
637,Activity G,9.798182590890704
637,Activity M,9.798182590890704
637,,
637,,
637,Activity I,9.980494888896912
637,,
637,Activity L,9.980494888896912
637,Activity H,10.134638955251866
637,,
638,,
638,,
638,Activity C,8.881975184248867
638,,
638,,
638,,
638,,
638,,
638,Activity N,9.980494888896912
638,,
638,Activity J,9.980494888896912
638,,
638,Activity H,10.134638955251866
638,Activity F,10.268165387743457
639,Activity A,0.0
639,,
639,,
639,,
639,,
639,,
639,,
639,,
639,Activity J,9.980494888896912
639,,
639,,
639,,
639,,
639,,
640,Activity A,0.0
640,,
640,,
640,Activity D,9.287394001418473
640,Activity E,9.575052927597383
640,,
640,Activity K,9.798182590890704
640,,
640,,
640,Activity J,9.980494888896912
640,Activity L,9.980494888896912
640,,
640,Activity H,10.134638955251866
640,,
641,Activity A,0.0
641,,
641,Activity C,8.881975184248867
641,,
641,,
641,,
641,Activity M,9.798182590890704
641,Activity K,9.798182590890704
641,,
641,Activity I,9.980494888896912
641,,
641,Activity L,9.980494888896912
641,Activity H,10.134638955251866
641,Activity F,10.268165387743457
642,Activity A,0.0
642,Activity B,8.188966863648876
642,,
642,,
642,,
642,,
642,,
642,,
642,,
642,Activity I,9.980494888896912
642,,
642,Activity L,9.980494888896912
642,,
642,Activity F,10.268165387743457
643,Activity A,0.0
643,Activity B,8.188966863648876
643,,
643,,
643,Activity E,9.575052927597383
643,,
643,,
643,,
643,Activity N,9.980494888896912
643,,
643,,
643,Activity I,9.980494888896912
643,,
643,Activity F,10.268165387743457
644,Activity A,0.0
644,,
644,Activity C,8.881975184248867
644,,
644,Activity E,9.575052927597383
644,,
644,,
644,Activity G,9.798182590890704
644,Activity L,9.980494888896912
644,,
644,,
644,Activity J,9.980494888896912
644,,
644,,
645,,
645,Activity B,8.188966863648876
645,Activity C,8.881975184248867
645,,
645,Activity E,9.575052927597383
645,Activity G,9.798182590890704
645,Activity M,9.798182590890704
645,Activity K,9.798182590890704
645,,
645,,
645,Activity N,9.980494888896912
645,Activity L,9.980494888896912
645,Activity H,10.134638955251866
645,,
646,Activity A,0.0
646,Activity B,8.188966863648876
646,,
646,Activity D,9.287394001418473
646,Activity E,9.575052927597383
646,Activity G,9.798182590890704
646,Activity K,9.798182590890704
646,Activity M,9.798182590890704
646,Activity J,9.980494888896912
646,,
646,,
646,Activity N,9.980494888896912
646,Activity H,10.134638955251866
646,Activity F,10.268165387743457
647,Activity A,0.0
647,Activity B,8.188966863648876
647,,
647,Activity D,9.287394001418473
647,Activity E,9.575052927597383
647,Activity G,9.798182590890704
647,,
647,,
647,,
647,Activity J,9.980494888896912
647,Activity N,9.980494888896912
647,,
647,Activity H,10.134638955251866
647,,
648,Activity A,0.0
648,,
648,,
648,Activity D,9.287394001418473
648,Activity E,9.575052927597383
648,,
648,Activity K,9.798182590890704
648,Activity G,9.798182590890704
648,,
648,,
648,,
648,,
648,Activity H,10.134638955251866
648,Activity F,10.268165387743457
649,Activity A,0.0
649,Activity B,8.188966863648876
649,,
649,,
649,,
649,,
649,,
649,Activity G,9.798182590890704
649,,
649,,
649,,
649,Activity J,9.980494888896912
649,,
649,Activity F,10.268165387743457
650,,
650,Activity B,8.188966863648876
650,Activity C,8.881975184248867
650,,
650,Activity E,9.575052927597383
650,Activity G,9.798182590890704
650,,
650,,
650,,
650,Activity J,9.980494888896912
650,Activity N,9.980494888896912
650,Activity L,9.980494888896912
650,,
650,,
651,Activity A,0.0
651,,
651,,
651,Activity D,9.287394001418473
651,Activity E,9.575052927597383
651,,
651,,
651,,
651,,
651,Activity I,9.980494888896912
651,Activity L,9.980494888896912
651,Activity N,9.980494888896912
651,Activity H,10.134638955251866
651,,
652,,
652,,
652,Activity C,8.881975184248867
652,Activity D,9.287394001418473
652,Activity E,9.575052927597383
652,Activity G,9.798182590890704
652,Activity M,9.798182590890704
652,,
652,,
652,Activity I,9.980494888896912
652,,
652,Activity L,9.980494888896912
652,,
652,,
653,Activity A,0.0
653,Activity B,8.188966863648876
653,Activity C,8.881975184248867
653,,
653,Activity E,9.575052927597383
653,Activity M,9.798182590890704
653,Activity K,9.798182590890704
653,Activity G,9.798182590890704
653,Activity N,9.980494888896912
653,Activity L,9.980494888896912
653,Activity J,9.980494888896912
653,,
653,,
653,Activity F,10.268165387743457
654,,
654,Activity B,8.188966863648876
654,,
654,,
654,Activity E,9.575052927597383
654,,
654,,
654,Activity G,9.798182590890704
654,Activity N,9.980494888896912
654,Activity L,9.980494888896912
654,Activity I,9.980494888896912
654,,
654,,
654,,
655,,
655,,
655,,
655,Activity D,9.287394001418473
655,,
655,,
655,,
655,Activity G,9.798182590890704
655,Activity L,9.980494888896912
655,Activity N,9.980494888896912
655,Activity I,9.980494888896912
655,,
655,Activity H,10.134638955251866
655,Activity F,10.268165387743457
656,Activity A,0.0
656,Activity B,8.188966863648876
656,,
656,,
656,,
656,,
656,,
656,,
656,,
656,,
656,Activity I,9.980494888896912
656,Activity J,9.980494888896912
656,Activity H,10.134638955251866
656,Activity F,10.268165387743457
657,,
657,Activity B,8.188966863648876
657,,
657,,
657,Activity E,9.575052927597383
657,Activity M,9.798182590890704
657,,
657,Activity K,9.798182590890704
657,,
657,,
657,Activity I,9.980494888896912
657,,
657,,
657,,
658,,
658,Activity B,8.188966863648876
658,,
658,Activity D,9.287394001418473
658,,
658,Activity G,9.798182590890704
658,Activity K,9.798182590890704
658,Activity M,9.798182590890704
658,Activity I,9.980494888896912
658,Activity J,9.980494888896912
658,,
658,Activity N,9.980494888896912
658,Activity H,10.134638955251866
658,Activity F,10.268165387743457
659,Activity A,0.0
659,Activity B,8.188966863648876
659,Activity C,8.881975184248867
659,Activity D,9.287394001418473
659,Activity E,9.575052927597383
659,Activity M,9.798182590890704
659,,
659,Activity K,9.798182590890704
659,,
659,,
659,,
659,,
659,,
659,Activity F,10.268165387743457
660,Activity A,0.0
660,,
660,,
660,Activity D,9.287394001418473
660,,
660,Activity K,9.798182590890704
660,Activity M,9.798182590890704
660,Activity G,9.798182590890704
660,Activity L,9.980494888896912
660,Activity N,9.980494888896912
660,,
660,,
660,Activity H,10.134638955251866
660,Activity F,10.268165387743457
661,Activity A,0.0
661,Activity B,8.188966863648876
661,,
661,Activity D,9.287394001418473
661,Activity E,9.575052927597383
661,Activity K,9.798182590890704
661,,
661,,
661,Activity L,9.980494888896912
661,,
661,,
661,Activity J,9.980494888896912
661,Activity H,10.134638955251866
661,,
662,Activity A,0.0
662,Activity B,8.188966863648876
662,Activity C,8.881975184248867
662,,
662,,
662,,
662,,
662,Activity M,9.798182590890704
662,,
662,Activity I,9.980494888896912
662,,
662,,
662,,
662,,
663,,
663,Activity B,8.188966863648876
663,,
663,Activity D,9.287394001418473
663,Activity E,9.575052927597383
663,Activity M,9.798182590890704
663,Activity K,9.798182590890704
663,Activity G,9.798182590890704
663,Activity N,9.980494888896912
663,Activity L,9.980494888896912
663,,
663,Activity J,9.980494888896912
663,Activity H,10.134638955251866
663,Activity F,10.268165387743457
664,,
664,,
664,,
664,,
664,Activity E,9.575052927597383
664,,
664,,
664,Activity M,9.798182590890704
664,,
664,Activity J,9.980494888896912
664,Activity L,9.980494888896912
664,Activity N,9.980494888896912
664,Activity H,10.134638955251866
664,,
665,,
665,Activity B,8.188966863648876
665,Activity C,8.881975184248867
665,Activity D,9.287394001418473
665,Activity E,9.575052927597383
665,Activity M,9.798182590890704
665,,
665,,
665,Activity N,9.980494888896912
665,,
665,Activity J,9.980494888896912
665,Activity L,9.980494888896912
665,Activity H,10.134638955251866
665,Activity F,10.268165387743457
666,,
666,,
666,,
666,Activity D,9.287394001418473
666,,
666,Activity M,9.798182590890704
666,,
666,Activity G,9.798182590890704
666,Activity N,9.980494888896912
666,Activity L,9.980494888896912
666,Activity J,9.980494888896912
666,,
666,Activity H,10.134638955251866
666,,
667,Activity A,0.0
667,,
667,Activity C,8.881975184248867
667,,
667,Activity E,9.575052927597383
667,,
667,Activity M,9.798182590890704
667,,
667,Activity L,9.980494888896912
667,Activity N,9.980494888896912
667,,
667,Activity I,9.980494888896912
667,,
667,,
668,Activity A,0.0
668,Activity B,8.188966863648876
668,,
668,,
668,,
668,Activity K,9.798182590890704
668,,
668,,
668,Activity L,9.980494888896912
668,,
668,,
668,,
668,Activity H,10.134638955251866
668,Activity F,10.268165387743457
669,Activity A,0.0
669,Activity B,8.188966863648876
669,,
669,,
669,Activity E,9.575052927597383
669,,
669,Activity K,9.798182590890704
669,,
669,,
669,,
669,,
669,,
669,,
669,,
670,Activity A,0.0
670,Activity B,8.188966863648876
670,,
670,Activity D,9.287394001418473
670,,
670,Activity G,9.798182590890704
670,Activity K,9.798182590890704
670,,
670,,
670,,
670,Activity L,9.980494888896912
670,,
670,,
670,,
671,Activity A,0.0
671,,
671,,
671,Activity D,9.287394001418473
671,,
671,,
671,Activity K,9.798182590890704
671,,
671,Activity I,9.980494888896912
671,Activity J,9.980494888896912
671,Activity L,9.980494888896912
671,Activity N,9.980494888896912
671,,
671,,
672,Activity A,0.0
672,,
672,Activity C,8.881975184248867
672,,
672,Activity E,9.575052927597383
672,Activity K,9.798182590890704
672,,
672,Activity G,9.798182590890704
672,,
672,,
672,Activity J,9.980494888896912
672,,
672,,
672,,
673,Activity A,0.0
673,Activity B,8.188966863648876
673,,
673,,
673,,
673,Activity K,9.798182590890704
673,Activity G,9.798182590890704
673,Activity M,9.798182590890704
673,,
673,,
673,,
673,,
673,Activity H,10.134638955251866
673,,
674,Activity A,0.0
674,Activity B,8.188966863648876
674,Activity C,8.881975184248867
674,Activity D,9.287394001418473
674,,
674,,
674,Activity M,9.798182590890704
674,,
674,Activity L,9.980494888896912
674,Activity N,9.980494888896912
674,Activity I,9.980494888896912
674,Activity J,9.980494888896912
674,Activity H,10.134638955251866
674,,
675,Activity A,0.0
675,,
675,Activity C,8.881975184248867
675,,
675,,
675,Activity G,9.798182590890704
675,,
675,Activity K,9.798182590890704
675,,
675,,
675,Activity N,9.980494888896912
675,Activity L,9.980494888896912
675,Activity H,10.134638955251866
675,,
676,,
676,Activity B,8.188966863648876
676,,
676,Activity D,9.287394001418473
676,Activity E,9.575052927597383
676,,
676,,
676,Activity K,9.798182590890704
676,Activity I,9.980494888896912
676,Activity J,9.980494888896912
676,Activity N,9.980494888896912
676,,
676,Activity H,10.134638955251866
676,,
677,,
677,,
677,Activity C,8.881975184248867
677,Activity D,9.287394001418473
677,,
677,Activity K,9.798182590890704
677,Activity M,9.798182590890704
677,Activity G,9.798182590890704
677,,
677,Activity N,9.980494888896912
677,,
677,Activity I,9.980494888896912
677,,
677,Activity F,10.268165387743457
678,Activity A,0.0
678,Activity B,8.188966863648876
678,Activity C,8.881975184248867
678,Activity D,9.287394001418473
678,Activity E,9.575052927597383
678,Activity G,9.798182590890704
678,,
678,Activity M,9.798182590890704
678,Activity J,9.980494888896912
678,,
678,Activity L,9.980494888896912
678,,
678,,
678,,
679,Activity A,0.0
679,,
679,Activity C,8.881975184248867
679,,
679,Activity E,9.575052927597383
679,Activity K,9.798182590890704
679,Activity G,9.798182590890704
679,Activity M,9.798182590890704
679,,
679,Activity J,9.980494888896912
679,,
679,Activity N,9.980494888896912
679,,
679,,
680,,
680,,
680,Activity C,8.881975184248867
680,,
680,Activity E,9.575052927597383
680,,
680,,
680,,
680,,
680,Activity I,9.980494888896912
680,Activity J,9.980494888896912
680,Activity N,9.980494888896912
680,Activity H,10.134638955251866
680,,
681,,
681,Activity B,8.188966863648876
681,,
681,,
681,Activity E,9.575052927597383
681,,
681,Activity G,9.798182590890704
681,Activity K,9.798182590890704
681,Activity N,9.980494888896912
681,Activity J,9.980494888896912
681,Activity I,9.980494888896912
681,Activity L,9.980494888896912
681,,
681,Activity F,10.268165387743457
682,,
682,Activity B,8.188966863648876
682,Activity C,8.881975184248867
682,Activity D,9.287394001418473
682,Activity E,9.575052927597383
682,,
682,,
682,,
682,Activity N,9.980494888896912
682,Activity J,9.980494888896912
682,,
682,Activity L,9.980494888896912
682,Activity H,10.134638955251866
682,,
683,,
683,,
683,,
683,Activity D,9.287394001418473
683,,
683,,
683,Activity M,9.798182590890704
683,Activity G,9.798182590890704
683,,
683,,
683,,
683,Activity I,9.980494888896912
683,Activity H,10.134638955251866
683,,
684,Activity A,0.0
684,Activity B,8.188966863648876
684,,
684,,
684,Activity E,9.575052927597383
684,Activity M,9.798182590890704
684,,
684,Activity G,9.798182590890704
684,Activity N,9.980494888896912
684,Activity L,9.980494888896912
684,,
684,,
684,,
684,Activity F,10.268165387743457
685,Activity A,0.0
685,,
685,Activity C,8.881975184248867
685,,
685,,
685,,
685,Activity K,9.798182590890704
685,,
685,Activity N,9.980494888896912
685,Activity L,9.980494888896912
685,Activity J,9.980494888896912
685,Activity I,9.980494888896912
685,Activity H,10.134638955251866
685,,
686,,
686,Activity B,8.188966863648876
686,Activity C,8.881975184248867
686,Activity D,9.287394001418473
686,Activity E,9.575052927597383
686,Activity G,9.798182590890704
686,,
686,,
686,Activity J,9.980494888896912
686,,
686,,
686,,
686,Activity H,10.134638955251866
686,Activity F,10.268165387743457
687,Activity A,0.0
687,,
687,,
687,,
687,,
687,Activity K,9.798182590890704
687,Activity G,9.798182590890704
687,,
687,Activity L,9.980494888896912
687,,
687,,
687,Activity N,9.980494888896912
687,Activity H,10.134638955251866
687,,
688,,
688,Activity B,8.188966863648876
688,Activity C,8.881975184248867
688,Activity D,9.287394001418473
688,,
688,,
688,Activity M,9.798182590890704
688,Activity K,9.798182590890704
688,Activity J,9.980494888896912
688,Activity I,9.980494888896912
688,Activity N,9.980494888896912
688,,
688,,
688,Activity F,10.268165387743457
689,,
689,Activity B,8.188966863648876
689,,
689,Activity D,9.287394001418473
689,Activity E,9.575052927597383
689,,
689,,
689,,
689,Activity L,9.980494888896912
689,,
689,Activity J,9.980494888896912
689,,
689,,
689,Activity F,10.268165387743457
690,Activity A,0.0
690,Activity B,8.188966863648876
690,,
690,,
690,,
690,Activity K,9.798182590890704
690,,
690,Activity M,9.798182590890704
690,Activity L,9.980494888896912
690,,
690,Activity I,9.980494888896912
690,,
690,,
690,,
691,Activity A,0.0
691,,
691,,
691,Activity D,9.287394001418473
691,Activity E,9.575052927597383
691,Activity M,9.798182590890704
691,,
691,Activity K,9.798182590890704
691,,
691,Activity I,9.980494888896912
691,Activity J,9.980494888896912
691,,
691,Activity H,10.134638955251866
691,Activity F,10.268165387743457
692,Activity A,0.0
692,Activity B,8.188966863648876
692,Activity C,8.881975184248867
692,,
692,Activity E,9.575052927597383
692,Activity M,9.798182590890704
692,,
692,,
692,Activity N,9.980494888896912
692,,
692,,
692,,
692,Activity H,10.134638955251866
692,Activity F,10.268165387743457
693,,
693,Activity B,8.188966863648876
693,,
693,,
693,,
693,Activity M,9.798182590890704
693,Activity K,9.798182590890704
693,,
693,,
693,Activity L,9.980494888896912
693,Activity J,9.980494888896912
693,,
693,,
693,,
694,,
694,Activity B,8.188966863648876
694,Activity C,8.881975184248867
694,,
694,Activity E,9.575052927597383
694,Activity G,9.798182590890704
694,Activity K,9.798182590890704
694,,
694,Activity J,9.980494888896912
694,Activity I,9.980494888896912
694,,
694,Activity N,9.980494888896912
694,,
694,Activity F,10.268165387743457
695,,
695,Activity B,8.188966863648876
695,,
695,,
695,Activity E,9.575052927597383
695,Activity K,9.798182590890704
695,Activity M,9.798182590890704
695,Activity G,9.798182590890704
695,,
695,Activity N,9.980494888896912
695,Activity I,9.980494888896912
695,,
695,Activity H,10.134638955251866
695,,
696,,
696,,
696,Activity C,8.881975184248867
696,,
696,Activity E,9.575052927597383
696,,
696,,
696,,
696,,
696,,
696,,
696,Activity L,9.980494888896912
696,Activity H,10.134638955251866
696,,
697,Activity A,0.0
697,Activity B,8.188966863648876
697,,
697,Activity D,9.287394001418473
697,Activity E,9.575052927597383
697,,
697,Activity K,9.798182590890704
697,,
697,,
697,Activity I,9.980494888896912
697,,
697,,
697,,
697,Activity F,10.268165387743457
698,Activity A,0.0
698,,
698,,
698,Activity D,9.287394001418473
698,,
698,,
698,Activity K,9.798182590890704
698,Activity M,9.798182590890704
698,,
698,,
698,Activity L,9.980494888896912
698,Activity N,9.980494888896912
698,Activity H,10.134638955251866
698,,
699,,
699,Activity B,8.188966863648876
699,,
699,,
699,,
699,Activity G,9.798182590890704
699,Activity K,9.798182590890704
699,Activity M,9.798182590890704
699,,
699,,
699,,
699,,
699,,
699,,
700,Activity A,0.0
700,Activity B,8.188966863648876
700,Activity C,8.881975184248867
700,,
700,,
700,Activity G,9.798182590890704
700,,
700,Activity K,9.798182590890704
700,,
700,Activity J,9.980494888896912
700,,
700,,
700,Activity H,10.134638955251866
700,Activity F,10.268165387743457
701,Activity A,0.0
701,Activity B,8.188966863648876
701,Activity C,8.881975184248867
701,,
701,Activity E,9.575052927597383
701,,
701,Activity G,9.798182590890704
701,,
701,Activity N,9.980494888896912
701,Activity J,9.980494888896912
701,,
701,Activity L,9.980494888896912
701,Activity H,10.134638955251866
701,,
702,Activity A,0.0
702,Activity B,8.188966863648876
702,,
702,,
702,,
702,,
702,,
702,Activity M,9.798182590890704
702,,
702,Activity I,9.980494888896912
702,,
702,,
702,,
702,Activity F,10.268165387743457
703,,
703,Activity B,8.188966863648876
703,,
703,Activity D,9.287394001418473
703,Activity E,9.575052927597383
703,,
703,Activity M,9.798182590890704
703,,
703,Activity J,9.980494888896912
703,Activity I,9.980494888896912
703,Activity N,9.980494888896912
703,,
703,Activity H,10.134638955251866
703,,
704,,
704,,
704,,
704,Activity D,9.287394001418473
704,Activity E,9.575052927597383
704,Activity K,9.798182590890704
704,,
704,Activity M,9.798182590890704
704,Activity L,9.980494888896912
704,Activity I,9.980494888896912
704,Activity J,9.980494888896912
704,,
704,Activity H,10.134638955251866
704,,
705,Activity A,0.0
705,Activity B,8.188966863648876
705,Activity C,8.881975184248867
705,Activity D,9.287394001418473
705,Activity E,9.575052927597383
705,Activity K,9.798182590890704
705,Activity M,9.798182590890704
705,Activity G,9.798182590890704
705,Activity L,9.980494888896912
705,Activity N,9.980494888896912
705,,
705,,
705,,
705,Activity F,10.268165387743457
706,,
706,Activity B,8.188966863648876
706,Activity C,8.881975184248867
706,,
706,,
706,,
706,,
706,Activity K,9.798182590890704
706,,
706,Activity I,9.980494888896912
706,Activity N,9.980494888896912
706,Activity L,9.980494888896912
706,Activity H,10.134638955251866
706,Activity F,10.268165387743457
707,,
707,,
707,Activity C,8.881975184248867
707,Activity D,9.287394001418473
707,Activity E,9.575052927597383
707,,
707,Activity G,9.798182590890704
707,Activity M,9.798182590890704
707,,
707,Activity J,9.980494888896912
707,Activity I,9.980494888896912
707,Activity N,9.980494888896912
707,,
707,Activity F,10.268165387743457
708,,
708,Activity B,8.188966863648876
708,Activity C,8.881975184248867
708,Activity D,9.287394001418473
708,Activity E,9.575052927597383
708,Activity M,9.798182590890704
708,,
708,,
708,,
708,Activity I,9.980494888896912
708,Activity J,9.980494888896912
708,Activity L,9.980494888896912
708,Activity H,10.134638955251866
708,Activity F,10.268165387743457
709,,
709,Activity B,8.188966863648876
709,Activity C,8.881975184248867
709,,
709,Activity E,9.575052927597383
709,Activity G,9.798182590890704
709,,
709,,
709,Activity I,9.980494888896912
709,Activity J,9.980494888896912
709,Activity N,9.980494888896912
709,Activity L,9.980494888896912
709,Activity H,10.134638955251866
709,Activity F,10.268165387743457
710,,
710,,
710,,
710,Activity D,9.287394001418473
710,,
710,Activity M,9.798182590890704
710,,
710,,
710,,
710,Activity J,9.980494888896912
710,,
710,Activity L,9.980494888896912
710,Activity H,10.134638955251866
710,,
711,Activity A,0.0
711,Activity B,8.188966863648876
711,,
711,,
711,,
711,,
711,Activity G,9.798182590890704
711,,
711,,
711,,
711,,
711,,
711,Activity H,10.134638955251866
711,Activity F,10.268165387743457
712,,
712,Activity B,8.188966863648876
712,,
712,,
712,,
712,,
712,,
712,Activity M,9.798182590890704
712,,
712,,
712,Activity I,9.980494888896912
712,,
712,,
712,,
713,Activity A,0.0
713,Activity B,8.188966863648876
713,,
713,,
713,Activity E,9.575052927597383
713,,
713,,
713,Activity G,9.798182590890704
713,Activity N,9.980494888896912
713,Activity L,9.980494888896912
713,,
713,,
713,,
713,Activity F,10.268165387743457
714,,
714,Activity B,8.188966863648876
714,,
714,Activity D,9.287394001418473
714,Activity E,9.575052927597383
714,Activity M,9.798182590890704
714,Activity K,9.798182590890704
714,Activity G,9.798182590890704
714,Activity N,9.980494888896912
714,,
714,Activity I,9.980494888896912
714,Activity J,9.980494888896912
714,Activity H,10.134638955251866
714,Activity F,10.268165387743457
715,,
715,Activity B,8.188966863648876
715,,
715,Activity D,9.287394001418473
715,,
715,,
715,,
715,,
715,,
715,Activity J,9.980494888896912
715,Activity L,9.980494888896912
715,Activity N,9.980494888896912
715,Activity H,10.134638955251866
715,,
716,Activity A,0.0
716,,
716,Activity C,8.881975184248867
716,Activity D,9.287394001418473
716,,
716,Activity K,9.798182590890704
716,,
716,,
716,Activity L,9.980494888896912
716,Activity N,9.980494888896912
716,,
716,Activity I,9.980494888896912
716,Activity H,10.134638955251866
716,,
717,,
717,Activity B,8.188966863648876
717,Activity C,8.881975184248867
717,Activity D,9.287394001418473
717,Activity E,9.575052927597383
717,,
717,Activity G,9.798182590890704
717,,
717,Activity L,9.980494888896912
717,,
717,,
717,Activity N,9.980494888896912
717,,
717,,
718,,
718,Activity B,8.188966863648876
718,,
718,Activity D,9.287394001418473
718,Activity E,9.575052927597383
718,Activity G,9.798182590890704
718,,
718,,
718,,
718,Activity J,9.980494888896912
718,Activity L,9.980494888896912
718,Activity N,9.980494888896912
718,Activity H,10.134638955251866
718,,
719,Activity A,0.0
719,Activity B,8.188966863648876
719,Activity C,8.881975184248867
719,,
719,,
719,Activity G,9.798182590890704
719,Activity M,9.798182590890704
719,,
719,,
719,Activity J,9.980494888896912
719,,
719,Activity L,9.980494888896912
719,,
719,,
720,,
720,Activity B,8.188966863648876
720,,
720,,
720,Activity E,9.575052927597383
720,,
720,,
720,,
720,Activity I,9.980494888896912
720,Activity J,9.980494888896912
720,,
720,,
720,,
720,,
721,,
721,Activity B,8.188966863648876
721,Activity C,8.881975184248867
721,,
721,Activity E,9.575052927597383
721,Activity M,9.798182590890704
721,,
721,,
721,,
721,,
721,,
721,,
721,Activity H,10.134638955251866
721,,
722,,
722,,
722,Activity C,8.881975184248867
722,Activity D,9.287394001418473
722,Activity E,9.575052927597383
722,Activity K,9.798182590890704
722,Activity G,9.798182590890704
722,,
722,Activity L,9.980494888896912
722,Activity J,9.980494888896912
722,Activity I,9.980494888896912
722,,
722,Activity H,10.134638955251866
722,,
723,,
723,,
723,,
723,,
723,Activity E,9.575052927597383
723,,
723,Activity M,9.798182590890704
723,,
723,Activity I,9.980494888896912
723,Activity J,9.980494888896912
723,Activity N,9.980494888896912
723,,
723,,
723,Activity F,10.268165387743457
724,,
724,,
724,Activity C,8.881975184248867
724,,
724,,
724,Activity G,9.798182590890704
724,Activity K,9.798182590890704
724,,
724,,
724,Activity J,9.980494888896912
724,,
724,Activity N,9.980494888896912
724,Activity H,10.134638955251866
724,Activity F,10.268165387743457
725,Activity A,0.0
725,,
725,Activity C,8.881975184248867
725,Activity D,9.287394001418473
725,Activity E,9.575052927597383
725,,
725,Activity M,9.798182590890704
725,Activity G,9.798182590890704
725,,
725,,
725,Activity J,9.980494888896912
725,,
725,Activity H,10.134638955251866
725,Activity F,10.268165387743457
726,Activity A,0.0
726,,
726,Activity C,8.881975184248867
726,Activity D,9.287394001418473
726,Activity E,9.575052927597383
726,,
726,Activity M,9.798182590890704
726,Activity G,9.798182590890704
726,Activity L,9.980494888896912
726,,
726,,
726,,
726,Activity H,10.134638955251866
726,Activity F,10.268165387743457
727,,
727,Activity B,8.188966863648876
727,Activity C,8.881975184248867
727,,
727,,
727,Activity M,9.798182590890704
727,Activity G,9.798182590890704
727,,
727,Activity N,9.980494888896912
727,,
727,Activity I,9.980494888896912
727,Activity L,9.980494888896912
727,,
727,,
728,,
728,Activity B,8.188966863648876
728,,
728,,
728,,
728,Activity G,9.798182590890704
728,Activity M,9.798182590890704
728,,
728,,
728,Activity J,9.980494888896912
728,Activity N,9.980494888896912
728,Activity L,9.980494888896912
728,Activity H,10.134638955251866
728,Activity F,10.268165387743457
729,Activity A,0.0
729,,
729,,
729,,
729,Activity E,9.575052927597383
729,,
729,Activity G,9.798182590890704
729,,
729,,
729,Activity J,9.980494888896912
729,Activity I,9.980494888896912
729,Activity L,9.980494888896912
729,Activity H,10.134638955251866
729,,
730,,
730,,
730,Activity C,8.881975184248867
730,,
730,Activity E,9.575052927597383
730,,
730,,
730,Activity M,9.798182590890704
730,,
730,,
730,,
730,Activity N,9.980494888896912
730,,
730,,
731,,
731,,
731,,
731,Activity D,9.287394001418473
731,,
731,,
731,,
731,,
731,,
731,Activity I,9.980494888896912
731,,
731,Activity L,9.980494888896912
731,Activity H,10.134638955251866
731,,
732,,
732,Activity B,8.188966863648876
732,,
732,Activity D,9.287394001418473
732,,
732,,
732,Activity K,9.798182590890704
732,,
732,Activity J,9.980494888896912
732,Activity I,9.980494888896912
732,Activity L,9.980494888896912
732,,
732,,
732,Activity F,10.268165387743457
733,Activity A,0.0
733,,
733,Activity C,8.881975184248867
733,,
733,,
733,Activity K,9.798182590890704
733,Activity G,9.798182590890704
733,Activity M,9.798182590890704
733,Activity L,9.980494888896912
733,,
733,Activity I,9.980494888896912
733,,
733,,
733,Activity F,10.268165387743457
734,Activity A,0.0
734,Activity B,8.188966863648876
734,,
734,Activity D,9.287394001418473
734,Activity E,9.575052927597383
734,Activity K,9.798182590890704
734,,
734,,
734,,
734,,
734,,
734,Activity N,9.980494888896912
734,,
734,Activity F,10.268165387743457
735,,
735,Activity B,8.188966863648876
735,Activity C,8.881975184248867
735,Activity D,9.287394001418473
735,,
735,,
735,,
735,Activity G,9.798182590890704
735,Activity L,9.980494888896912
735,Activity N,9.980494888896912
735,,
735,Activity I,9.980494888896912
735,,
735,,
736,,
736,,
736,,
736,,
736,Activity E,9.575052927597383
736,Activity K,9.798182590890704
736,,
736,,
736,Activity L,9.980494888896912
736,Activity I,9.980494888896912
736,Activity J,9.980494888896912
736,Activity N,9.980494888896912
736,,
736,Activity F,10.268165387743457
737,,
737,,
737,,
737,Activity D,9.287394001418473
737,Activity E,9.575052927597383
737,Activity K,9.798182590890704
737,,
737,Activity G,9.798182590890704
737,,
737,Activity N,9.980494888896912
737,Activity J,9.980494888896912
737,Activity I,9.980494888896912
737,,
737,Activity F,10.268165387743457
738,,
738,Activity B,8.188966863648876
738,Activity C,8.881975184248867
738,Activity D,9.287394001418473
738,,
738,,
738,,
738,Activity K,9.798182590890704
738,Activity J,9.980494888896912
738,,
738,Activity N,9.980494888896912
738,Activity L,9.980494888896912
738,Activity H,10.134638955251866
738,Activity F,10.268165387743457
739,Activity A,0.0
739,Activity B,8.188966863648876
739,,
739,Activity D,9.287394001418473
739,,
739,Activity G,9.798182590890704
739,Activity K,9.798182590890704
739,Activity M,9.798182590890704
739,Activity I,9.980494888896912
739,Activity J,9.980494888896912
739,Activity L,9.980494888896912
739,,
739,Activity H,10.134638955251866
739,,
740,,
740,Activity B,8.188966863648876
740,Activity C,8.881975184248867
740,Activity D,9.287394001418473
740,,
740,Activity M,9.798182590890704
740,Activity K,9.798182590890704
740,,
740,Activity N,9.980494888896912
740,Activity L,9.980494888896912
740,Activity I,9.980494888896912
740,Activity J,9.980494888896912
740,Activity H,10.134638955251866
740,,
741,Activity A,0.0
741,,
741,,
741,,
741,,
741,,
741,Activity K,9.798182590890704
741,,
741,,
741,Activity J,9.980494888896912
741,,
741,,
741,,
741,,
742,Activity A,0.0
742,Activity B,8.188966863648876
742,Activity C,8.881975184248867
742,Activity D,9.287394001418473
742,Activity E,9.575052927597383
742,Activity M,9.798182590890704
742,Activity G,9.798182590890704
742,Activity K,9.798182590890704
742,,
742,,
742,,
742,,
742,,
742,,
743,,
743,,
743,,
743,Activity D,9.287394001418473
743,,
743,,
743,,
743,,
743,,
743,Activity I,9.980494888896912
743,,
743,Activity L,9.980494888896912
743,,
743,,
744,,
744,,
744,Activity C,8.881975184248867
744,,
744,Activity E,9.575052927597383
744,,
744,,
744,Activity G,9.798182590890704
744,,
744,,
744,Activity J,9.980494888896912
744,Activity I,9.980494888896912
744,,
744,Activity F,10.268165387743457
745,,
745,Activity B,8.188966863648876
745,Activity C,8.881975184248867
745,,
745,Activity E,9.575052927597383
745,,
745,,
745,Activity G,9.798182590890704
745,Activity L,9.980494888896912
745,Activity N,9.980494888896912
745,,
745,,
745,Activity H,10.134638955251866
745,,
746,Activity A,0.0
746,Activity B,8.188966863648876
746,Activity C,8.881975184248867
746,Activity D,9.287394001418473
746,Activity E,9.575052927597383
746,Activity G,9.798182590890704
746,Activity M,9.798182590890704
746,Activity K,9.798182590890704
746,,
746,Activity I,9.980494888896912
746,Activity N,9.980494888896912
746,,
746,Activity H,10.134638955251866
746,,
747,Activity A,0.0
747,,
747,Activity C,8.881975184248867
747,,
747,Activity E,9.575052927597383
747,Activity K,9.798182590890704
747,Activity G,9.798182590890704
747,,
747,,
747,Activity I,9.980494888896912
747,,
747,Activity N,9.980494888896912
747,,
747,Activity F,10.268165387743457
748,Activity A,0.0
748,Activity B,8.188966863648876
748,,
748,,
748,Activity E,9.575052927597383
748,Activity K,9.798182590890704
748,Activity M,9.798182590890704
748,Activity G,9.798182590890704
748,Activity L,9.980494888896912
748,Activity N,9.980494888896912
748,,
748,,
748,,
748,Activity F,10.268165387743457
749,,
749,,
749,Activity C,8.881975184248867
749,,
749,,
749,,
749,Activity K,9.798182590890704
749,,
749,,
749,Activity L,9.980494888896912
749,Activity J,9.980494888896912
749,Activity I,9.980494888896912
749,,
749,Activity F,10.268165387743457
750,Activity A,0.0
750,Activity B,8.188966863648876
750,,
750,Activity D,9.287394001418473
750,Activity E,9.575052927597383
750,Activity M,9.798182590890704
750,,
750,,
750,Activity N,9.980494888896912
750,,
750,Activity J,9.980494888896912
750,Activity L,9.980494888896912
750,Activity H,10.134638955251866
750,,
751,Activity A,0.0
751,Activity B,8.188966863648876
751,,
751,,
751,,
751,Activity K,9.798182590890704
751,Activity G,9.798182590890704
751,,
751,,
751,Activity J,9.980494888896912
751,Activity I,9.980494888896912
751,Activity N,9.980494888896912
751,,
751,Activity F,10.268165387743457
752,Activity A,0.0
752,Activity B,8.188966863648876
752,Activity C,8.881975184248867
752,Activity D,9.287394001418473
752,Activity E,9.575052927597383
752,Activity K,9.798182590890704
752,Activity G,9.798182590890704
752,Activity M,9.798182590890704
752,,
752,,
752,Activity J,9.980494888896912
752,Activity N,9.980494888896912
752,Activity H,10.134638955251866
752,,
753,,
753,Activity B,8.188966863648876
753,Activity C,8.881975184248867
753,,
753,,
753,,
753,,
753,Activity G,9.798182590890704
753,,
753,,
753,Activity I,9.980494888896912
753,,
753,,
753,,
754,,
754,,
754,,
754,Activity D,9.287394001418473
754,,
754,Activity K,9.798182590890704
754,,
754,Activity G,9.798182590890704
754,Activity L,9.980494888896912
754,,
754,Activity I,9.980494888896912
754,,
754,Activity H,10.134638955251866
754,Activity F,10.268165387743457
755,Activity A,0.0
755,Activity B,8.188966863648876
755,Activity C,8.881975184248867
755,Activity D,9.287394001418473
755,Activity E,9.575052927597383
755,,
755,Activity M,9.798182590890704
755,,
755,,
755,,
755,Activity I,9.980494888896912
755,,
755,Activity H,10.134638955251866
755,,
756,,
756,Activity B,8.188966863648876
756,,
756,,
756,,
756,,
756,Activity M,9.798182590890704
756,,
756,,
756,,
756,,
756,,
756,Activity H,10.134638955251866
756,Activity F,10.268165387743457
757,Activity A,0.0
757,Activity B,8.188966863648876
757,Activity C,8.881975184248867
757,Activity D,9.287394001418473
757,Activity E,9.575052927597383
757,,
757,,
757,,
757,,
757,,
757,Activity J,9.980494888896912
757,Activity I,9.980494888896912
757,,
757,,
758,,
758,Activity B,8.188966863648876
758,Activity C,8.881975184248867
758,Activity D,9.287394001418473
758,Activity E,9.575052927597383
758,Activity K,9.798182590890704
758,Activity M,9.798182590890704
758,,
758,Activity L,9.980494888896912
758,,
758,,
758,Activity I,9.980494888896912
758,Activity H,10.134638955251866
758,,
759,,
759,Activity B,8.188966863648876
759,Activity C,8.881975184248867
759,,
759,,
759,,
759,Activity K,9.798182590890704
759,Activity M,9.798182590890704
759,,
759,,
759,Activity L,9.980494888896912
759,,
759,Activity H,10.134638955251866
759,Activity F,10.268165387743457
760,,
760,Activity B,8.188966863648876
760,Activity C,8.881975184248867
760,,
760,Activity E,9.575052927597383
760,,
760,,
760,,
760,,
760,Activity J,9.980494888896912
760,,
760,Activity L,9.980494888896912
760,,
760,Activity F,10.268165387743457
761,,
761,,
761,Activity C,8.881975184248867
761,,
761,Activity E,9.575052927597383
761,Activity M,9.798182590890704
761,,
761,Activity K,9.798182590890704
761,Activity N,9.980494888896912
761,,
761,Activity J,9.980494888896912
761,,
761,Activity H,10.134638955251866
761,,
762,Activity A,0.0
762,Activity B,8.188966863648876
762,Activity C,8.881975184248867
762,Activity D,9.287394001418473
762,Activity E,9.575052927597383
762,Activity K,9.798182590890704
762,Activity M,9.798182590890704
762,,
762,Activity L,9.980494888896912
762,Activity N,9.980494888896912
762,Activity I,9.980494888896912
762,Activity J,9.980494888896912
762,Activity H,10.134638955251866
762,Activity F,10.268165387743457
763,Activity A,0.0
763,,
763,,
763,Activity D,9.287394001418473
763,Activity E,9.575052927597383
763,,
763,Activity M,9.798182590890704
763,,
763,Activity L,9.980494888896912
763,Activity N,9.980494888896912
763,,
763,,
763,,
763,Activity F,10.268165387743457
764,,
764,,
764,Activity C,8.881975184248867
764,Activity D,9.287394001418473
764,Activity E,9.575052927597383
764,,
764,,
764,,
764,,
764,Activity I,9.980494888896912
764,Activity L,9.980494888896912
764,Activity N,9.980494888896912
764,Activity H,10.134638955251866
764,Activity F,10.268165387743457
765,Activity A,0.0
765,,
765,Activity C,8.881975184248867
765,,
765,Activity E,9.575052927597383
765,,
765,,
765,Activity G,9.798182590890704
765,,
765,,
765,Activity I,9.980494888896912
765,Activity J,9.980494888896912
765,Activity H,10.134638955251866
765,Activity F,10.268165387743457
766,,
766,Activity B,8.188966863648876
766,Activity C,8.881975184248867
766,Activity D,9.287394001418473
766,,
766,,
766,Activity K,9.798182590890704
766,Activity G,9.798182590890704
766,,
766,,
766,Activity J,9.980494888896912
766,,
766,Activity H,10.134638955251866
766,Activity F,10.268165387743457
767,Activity A,0.0
767,Activity B,8.188966863648876
767,Activity C,8.881975184248867
767,Activity D,9.287394001418473
767,Activity E,9.575052927597383
767,,
767,,
767,,
767,Activity J,9.980494888896912
767,,
767,,
767,Activity N,9.980494888896912
767,Activity H,10.134638955251866
767,,
768,Activity A,0.0
768,Activity B,8.188966863648876
768,Activity C,8.881975184248867
768,Activity D,9.287394001418473
768,,
768,,
768,Activity M,9.798182590890704
768,,
768,Activity I,9.980494888896912
768,Activity J,9.980494888896912
768,,
768,Activity L,9.980494888896912
768,Activity H,10.134638955251866
768,Activity F,10.268165387743457
769,Activity A,0.0
769,,
769,,
769,,
769,,
769,Activity G,9.798182590890704
769,Activity K,9.798182590890704
769,,
769,,
769,,
769,Activity L,9.980494888896912
769,Activity N,9.980494888896912
769,Activity H,10.134638955251866
769,Activity F,10.268165387743457
770,,
770,Activity B,8.188966863648876
770,,
770,Activity D,9.287394001418473
770,,
770,Activity G,9.798182590890704
770,,
770,Activity K,9.798182590890704
770,Activity I,9.980494888896912
770,Activity J,9.980494888896912
770,Activity N,9.980494888896912
770,Activity L,9.980494888896912
770,,
770,,
771,Activity A,0.0
771,Activity B,8.188966863648876
771,,
771,,
771,,
771,Activity G,9.798182590890704
771,,
771,Activity M,9.798182590890704
771,Activity I,9.980494888896912
771,,
771,,
771,Activity N,9.980494888896912
771,,
771,Activity F,10.268165387743457
772,Activity A,0.0
772,Activity B,8.188966863648876
772,Activity C,8.881975184248867
772,,
772,Activity E,9.575052927597383
772,Activity G,9.798182590890704
772,Activity K,9.798182590890704
772,,
772,,
772,Activity I,9.980494888896912
772,,
772,Activity N,9.980494888896912
772,Activity H,10.134638955251866
772,,
773,Activity A,0.0
773,,
773,Activity C,8.881975184248867
773,Activity D,9.287394001418473
773,,
773,,
773,Activity M,9.798182590890704
773,,
773,,
773,,
773,,
773,,
773,,
773,Activity F,10.268165387743457
774,Activity A,0.0
774,Activity B,8.188966863648876
774,,
774,Activity D,9.287394001418473
774,Activity E,9.575052927597383
774,,
774,Activity K,9.798182590890704
774,Activity M,9.798182590890704
774,Activity I,9.980494888896912
774,Activity J,9.980494888896912
774,Activity L,9.980494888896912
774,Activity N,9.980494888896912
774,,
774,,
775,Activity A,0.0
775,,
775,,
775,Activity D,9.287394001418473
775,Activity E,9.575052927597383
775,Activity G,9.798182590890704
775,Activity M,9.798182590890704
775,Activity K,9.798182590890704
775,,
775,,
775,,
775,,
775,,
775,Activity F,10.268165387743457
776,Activity A,0.0
776,Activity B,8.188966863648876
776,,
776,,
776,,
776,,
776,Activity K,9.798182590890704
776,Activity G,9.798182590890704
776,Activity N,9.980494888896912
776,,
776,,
776,Activity I,9.980494888896912
776,Activity H,10.134638955251866
776,Activity F,10.268165387743457
777,,
777,Activity B,8.188966863648876
777,,
777,Activity D,9.287394001418473
777,,
777,,
777,Activity M,9.798182590890704
777,,
777,,
777,Activity N,9.980494888896912
777,Activity J,9.980494888896912
777,Activity I,9.980494888896912
777,,
777,,
778,,
778,,
778,,
778,Activity D,9.287394001418473
778,Activity E,9.575052927597383
778,,
778,,
778,Activity K,9.798182590890704
778,Activity N,9.980494888896912
778,,
778,,
778,Activity L,9.980494888896912
778,Activity H,10.134638955251866
778,,
779,Activity A,0.0
779,Activity B,8.188966863648876
779,Activity C,8.881975184248867
779,,
779,Activity E,9.575052927597383
779,,
779,,
779,,
779,,
779,,
779,,
779,,
779,,
779,,
780,,
780,Activity B,8.188966863648876
780,,
780,Activity D,9.287394001418473
780,Activity E,9.575052927597383
780,Activity G,9.798182590890704
780,Activity M,9.798182590890704
780,,
780,Activity I,9.980494888896912
780,Activity J,9.980494888896912
780,Activity N,9.980494888896912
780,Activity L,9.980494888896912
780,Activity H,10.134638955251866
780,Activity F,10.268165387743457
781,Activity A,0.0
781,,
781,,
781,,
781,Activity E,9.575052927597383
781,Activity K,9.798182590890704
781,,
781,,
781,,
781,,
781,,
781,,
781,,
781,,
782,Activity A,0.0
782,,
782,,
782,,
782,,
782,,
782,Activity K,9.798182590890704
782,Activity M,9.798182590890704
782,Activity J,9.980494888896912
782,,
782,Activity L,9.980494888896912
782,,
782,,
782,Activity F,10.268165387743457
783,,
783,,
783,,
783,Activity D,9.287394001418473
783,,
783,,
783,,
783,,
783,Activity N,9.980494888896912
783,Activity J,9.980494888896912
783,,
783,Activity L,9.980494888896912
783,,
783,Activity F,10.268165387743457
784,,
784,,
784,,
784,Activity D,9.287394001418473
784,,
784,Activity M,9.798182590890704
784,Activity K,9.798182590890704
784,,
784,,
784,Activity L,9.980494888896912
784,Activity J,9.980494888896912
784,Activity I,9.980494888896912
784,,
784,Activity F,10.268165387743457
785,,
785,Activity B,8.188966863648876
785,,
785,,
785,Activity E,9.575052927597383
785,Activity M,9.798182590890704
785,Activity G,9.798182590890704
785,,
785,,
785,,
785,Activity I,9.980494888896912
785,Activity L,9.980494888896912
785,,
785,Activity F,10.268165387743457
786,,
786,Activity B,8.188966863648876
786,Activity C,8.881975184248867
786,Activity D,9.287394001418473
786,,
786,Activity G,9.798182590890704
786,Activity M,9.798182590890704
786,,
786,,
786,,
786,Activity N,9.980494888896912
786,Activity L,9.980494888896912
786,Activity H,10.134638955251866
786,Activity F,10.268165387743457
787,,
787,,
787,Activity C,8.881975184248867
787,Activity D,9.287394001418473
787,Activity E,9.575052927597383
787,,
787,,
787,Activity G,9.798182590890704
787,Activity N,9.980494888896912
787,Activity L,9.980494888896912
787,,
787,,
787,Activity H,10.134638955251866
787,,
788,Activity A,0.0
788,,
788,Activity C,8.881975184248867
788,,
788,Activity E,9.575052927597383
788,Activity G,9.798182590890704
788,Activity M,9.798182590890704
788,,
788,Activity I,9.980494888896912
788,Activity J,9.980494888896912
788,,
788,,
788,,
788,Activity F,10.268165387743457
789,,
789,,
789,,
789,Activity D,9.287394001418473
789,Activity E,9.575052927597383
789,Activity M,9.798182590890704
789,,
789,Activity K,9.798182590890704
789,Activity N,9.980494888896912
789,,
789,Activity J,9.980494888896912
789,,
789,,
789,Activity F,10.268165387743457
790,,
790,,
790,Activity C,8.881975184248867
790,Activity D,9.287394001418473
790,,
790,,
790,,
790,Activity K,9.798182590890704
790,Activity N,9.980494888896912
790,,
790,,
790,Activity L,9.980494888896912
790,Activity H,10.134638955251866
790,,
791,,
791,Activity B,8.188966863648876
791,,
791,,
791,,
791,Activity G,9.798182590890704
791,,
791,,
791,Activity I,9.980494888896912
791,,
791,Activity L,9.980494888896912
791,Activity N,9.980494888896912
791,Activity H,10.134638955251866
791,,
792,,
792,Activity B,8.188966863648876
792,Activity C,8.881975184248867
792,,
792,,
792,Activity G,9.798182590890704
792,Activity M,9.798182590890704
792,,
792,Activity I,9.980494888896912
792,Activity J,9.980494888896912
792,,
792,Activity L,9.980494888896912
792,,
792,Activity F,10.268165387743457
793,,
793,Activity B,8.188966863648876
793,Activity C,8.881975184248867
793,,
793,,
793,,
793,,
793,Activity M,9.798182590890704
793,Activity I,9.980494888896912
793,,
793,,
793,,
793,Activity H,10.134638955251866
793,Activity F,10.268165387743457
794,,
794,Activity B,8.188966863648876
794,,
794,,
794,Activity E,9.575052927597383
794,,
794,Activity M,9.798182590890704
794,,
794,Activity I,9.980494888896912
794,Activity J,9.980494888896912
794,Activity N,9.980494888896912
794,,
794,Activity H,10.134638955251866
794,Activity F,10.268165387743457
795,,
795,,
795,Activity C,8.881975184248867
795,,
795,Activity E,9.575052927597383
795,,
795,Activity G,9.798182590890704
795,,
795,,
795,Activity I,9.980494888896912
795,,
795,,
795,,
795,,
796,Activity A,0.0
796,,
796,,
796,Activity D,9.287394001418473
796,,
796,,
796,,
796,,
796,,
796,Activity I,9.980494888896912
796,Activity L,9.980494888896912
796,,
796,Activity H,10.134638955251866
796,,
797,,
797,Activity B,8.188966863648876
797,Activity C,8.881975184248867
797,,
797,Activity E,9.575052927597383
797,,
797,,
797,,
797,,
797,,
797,Activity I,9.980494888896912
797,,
797,Activity H,10.134638955251866
797,,
798,Activity A,0.0
798,,
798,Activity C,8.881975184248867
798,,
798,Activity E,9.575052927597383
798,Activity M,9.798182590890704
798,Activity K,9.798182590890704
798,Activity G,9.798182590890704
798,,
798,Activity L,9.980494888896912
798,,
798,Activity I,9.980494888896912
798,,
798,Activity F,10.268165387743457
799,,
799,,
799,Activity C,8.881975184248867
799,,
799,Activity E,9.575052927597383
799,Activity K,9.798182590890704
799,Activity G,9.798182590890704
799,Activity M,9.798182590890704
799,Activity L,9.980494888896912
799,,
799,Activity I,9.980494888896912
799,,
799,,
799,,
800,Activity A,0.0
800,,
800,Activity C,8.881975184248867
800,Activity D,9.287394001418473
800,Activity E,9.575052927597383
800,,
800,Activity K,9.798182590890704
800,,
800,Activity N,9.980494888896912
800,,
800,Activity I,9.980494888896912
800,Activity J,9.980494888896912
800,,
800,Activity F,10.268165387743457
801,Activity A,0.0
801,Activity B,8.188966863648876
801,,
801,,
801,,
801,Activity M,9.798182590890704
801,,
801,Activity K,9.798182590890704
801,Activity N,9.980494888896912
801,Activity J,9.980494888896912
801,,
801,,
801,,
801,Activity F,10.268165387743457
802,,
802,Activity B,8.188966863648876
802,,
802,Activity D,9.287394001418473
802,,
802,Activity M,9.798182590890704
802,,
802,,
802,,
802,,
802,Activity J,9.980494888896912
802,,
802,,
802,,
803,,
803,,
803,Activity C,8.881975184248867
803,,
803,Activity E,9.575052927597383
803,Activity G,9.798182590890704
803,Activity K,9.798182590890704
803,,
803,Activity J,9.980494888896912
803,,
803,Activity L,9.980494888896912
803,Activity N,9.980494888896912
803,,
803,Activity F,10.268165387743457
804,Activity A,0.0
804,,
804,Activity C,8.881975184248867
804,Activity D,9.287394001418473
804,Activity E,9.575052927597383
804,Activity M,9.798182590890704
804,Activity K,9.798182590890704
804,,
804,,
804,Activity L,9.980494888896912
804,Activity I,9.980494888896912
804,,
804,,
804,,
805,Activity A,0.0
805,,
805,Activity C,8.881975184248867
805,,
805,Activity E,9.575052927597383
805,Activity M,9.798182590890704
805,,
805,Activity K,9.798182590890704
805,,
805,Activity J,9.980494888896912
805,Activity I,9.980494888896912
805,Activity L,9.980494888896912
805,,
805,,
806,Activity A,0.0
806,,
806,,
806,,
806,Activity E,9.575052927597383
806,Activity K,9.798182590890704
806,,
806,,
806,Activity L,9.980494888896912
806,Activity I,9.980494888896912
806,Activity J,9.980494888896912
806,,
806,Activity H,10.134638955251866
806,,
807,Activity A,0.0
807,Activity B,8.188966863648876
807,,
807,,
807,,
807,,
807,Activity K,9.798182590890704
807,,
807,Activity N,9.980494888896912
807,,
807,,
807,,
807,,
807,Activity F,10.268165387743457
808,,
808,Activity B,8.188966863648876
808,,
808,,
808,Activity E,9.575052927597383
808,,
808,Activity M,9.798182590890704
808,Activity G,9.798182590890704
808,,
808,Activity N,9.980494888896912
808,Activity I,9.980494888896912
808,Activity J,9.980494888896912
808,Activity H,10.134638955251866
808,,
809,Activity A,0.0
809,Activity B,8.188966863648876
809,,
809,Activity D,9.287394001418473
809,Activity E,9.575052927597383
809,Activity M,9.798182590890704
809,Activity K,9.798182590890704
809,Activity G,9.798182590890704
809,Activity N,9.980494888896912
809,Activity L,9.980494888896912
809,,
809,Activity I,9.980494888896912
809,Activity H,10.134638955251866
809,Activity F,10.268165387743457
810,Activity A,0.0
810,Activity B,8.188966863648876
810,Activity C,8.881975184248867
810,Activity D,9.287394001418473
810,Activity E,9.575052927597383
810,,
810,Activity M,9.798182590890704
810,,
810,Activity L,9.980494888896912
810,Activity N,9.980494888896912
810,Activity J,9.980494888896912
810,,
810,Activity H,10.134638955251866
810,Activity F,10.268165387743457
811,,
811,,
811,Activity C,8.881975184248867
811,,
811,,
811,,
811,Activity K,9.798182590890704
811,,
811,,
811,,
811,,
811,Activity N,9.980494888896912
811,Activity H,10.134638955251866
811,Activity F,10.268165387743457
812,Activity A,0.0
812,,
812,Activity C,8.881975184248867
812,,
812,,
812,Activity G,9.798182590890704
812,,
812,,
812,,
812,,
812,,
812,,
812,Activity H,10.134638955251866
812,,
813,Activity A,0.0
813,Activity B,8.188966863648876
813,,
813,,
813,,
813,Activity G,9.798182590890704
813,Activity M,9.798182590890704
813,Activity K,9.798182590890704
813,Activity I,9.980494888896912
813,,
813,Activity N,9.980494888896912
813,Activity L,9.980494888896912
813,,
813,,
814,Activity A,0.0
814,Activity B,8.188966863648876
814,Activity C,8.881975184248867
814,,
814,,
814,Activity G,9.798182590890704
814,,
814,Activity K,9.798182590890704
814,,
814,,
814,Activity N,9.980494888896912
814,Activity L,9.980494888896912
814,Activity H,10.134638955251866
814,Activity F,10.268165387743457
815,,
815,Activity B,8.188966863648876
815,Activity C,8.881975184248867
815,Activity D,9.287394001418473
815,Activity E,9.575052927597383
815,,
815,Activity K,9.798182590890704
815,,
815,,
815,Activity L,9.980494888896912
815,,
815,Activity I,9.980494888896912
815,Activity H,10.134638955251866
815,,
816,Activity A,0.0
816,,
816,,
816,Activity D,9.287394001418473
816,Activity E,9.575052927597383
816,,
816,,
816,,
816,Activity L,9.980494888896912
816,,
816,Activity J,9.980494888896912
816,Activity I,9.980494888896912
816,,
816,Activity F,10.268165387743457
817,,
817,Activity B,8.188966863648876
817,,
817,,
817,Activity E,9.575052927597383
817,,
817,,
817,Activity G,9.798182590890704
817,Activity L,9.980494888896912
817,Activity N,9.980494888896912
817,,
817,Activity I,9.980494888896912
817,Activity H,10.134638955251866
817,Activity F,10.268165387743457
818,,
818,Activity B,8.188966863648876
818,,
818,Activity D,9.287394001418473
818,Activity E,9.575052927597383
818,Activity K,9.798182590890704
818,Activity G,9.798182590890704
818,,
818,,
818,,
818,,
818,,
818,Activity H,10.134638955251866
818,,
819,Activity A,0.0
819,,
819,Activity C,8.881975184248867
819,Activity D,9.287394001418473
819,Activity E,9.575052927597383
819,,
819,Activity K,9.798182590890704
819,,
819,,
819,Activity I,9.980494888896912
819,,
819,,
819,,
819,,
820,,
820,Activity B,8.188966863648876
820,Activity C,8.881975184248867
820,Activity D,9.287394001418473
820,Activity E,9.575052927597383
820,,
820,,
820,,
820,,
820,Activity L,9.980494888896912
820,,
820,,
820,Activity H,10.134638955251866
820,,
821,Activity A,0.0
821,Activity B,8.188966863648876
821,Activity C,8.881975184248867
821,,
821,Activity E,9.575052927597383
821,Activity M,9.798182590890704
821,Activity G,9.798182590890704
821,Activity K,9.798182590890704
821,Activity N,9.980494888896912
821,Activity J,9.980494888896912
821,,
821,Activity L,9.980494888896912
821,,
821,,
822,Activity A,0.0
822,,
822,Activity C,8.881975184248867
822,Activity D,9.287394001418473
822,,
822,,
822,,
822,,
822,,
822,Activity N,9.980494888896912
822,,
822,Activity J,9.980494888896912
822,,
822,,
823,Activity A,0.0
823,Activity B,8.188966863648876
823,Activity C,8.881975184248867
823,Activity D,9.287394001418473
823,Activity E,9.575052927597383
823,,
823,Activity M,9.798182590890704
823,,
823,,
823,,
823,,
823,,
823,Activity H,10.134638955251866
823,Activity F,10.268165387743457
824,Activity A,0.0
824,Activity B,8.188966863648876
824,Activity C,8.881975184248867
824,Activity D,9.287394001418473
824,Activity E,9.575052927597383
824,,
824,Activity K,9.798182590890704
824,,
824,,
824,Activity J,9.980494888896912
824,Activity L,9.980494888896912
824,,
824,,
824,,
825,,
825,Activity B,8.188966863648876
825,Activity C,8.881975184248867
825,,
825,Activity E,9.575052927597383
825,Activity G,9.798182590890704
825,,
825,,
825,,
825,Activity J,9.980494888896912
825,Activity L,9.980494888896912
825,,
825,,
825,Activity F,10.268165387743457
826,Activity A,0.0
826,Activity B,8.188966863648876
826,,
826,Activity D,9.287394001418473
826,Activity E,9.575052927597383
826,Activity G,9.798182590890704
826,,
826,Activity K,9.798182590890704
826,,
826,,
826,,
826,,
826,,
826,Activity F,10.268165387743457
827,Activity A,0.0
827,Activity B,8.188966863648876
827,Activity C,8.881975184248867
827,,
827,,
827,,
827,,
827,,
827,Activity I,9.980494888896912
827,,
827,,
827,,
827,,
827,,
828,Activity A,0.0
828,,
828,Activity C,8.881975184248867
828,Activity D,9.287394001418473
828,,
828,Activity M,9.798182590890704
828,Activity K,9.798182590890704
828,Activity G,9.798182590890704
828,,
828,,
828,,
828,,
828,,
828,,
829,Activity A,0.0
829,Activity B,8.188966863648876
829,Activity C,8.881975184248867
829,,
829,,
829,Activity M,9.798182590890704
829,Activity K,9.798182590890704
829,Activity G,9.798182590890704
829,Activity N,9.980494888896912
829,Activity L,9.980494888896912
829,Activity I,9.980494888896912
829,Activity J,9.980494888896912
829,,
829,,
830,,
830,Activity B,8.188966863648876
830,Activity C,8.881975184248867
830,,
830,Activity E,9.575052927597383
830,,
830,,
830,,
830,Activity N,9.980494888896912
830,Activity J,9.980494888896912
830,,
830,Activity L,9.980494888896912
830,,
830,Activity F,10.268165387743457
831,Activity A,0.0
831,,
831,,
831,,
831,,
831,,
831,,
831,Activity G,9.798182590890704
831,,
831,,
831,Activity I,9.980494888896912
831,Activity J,9.980494888896912
831,,
831,,
832,Activity A,0.0
832,Activity B,8.188966863648876
832,,
832,,
832,,
832,,
832,Activity G,9.798182590890704
832,,
832,,
832,Activity I,9.980494888896912
832,Activity J,9.980494888896912
832,,
832,Activity H,10.134638955251866
832,Activity F,10.268165387743457
833,Activity A,0.0
833,Activity B,8.188966863648876
833,,
833,Activity D,9.287394001418473
833,,
833,,
833,Activity K,9.798182590890704
833,Activity M,9.798182590890704
833,Activity I,9.980494888896912
833,Activity J,9.980494888896912
833,Activity L,9.980494888896912
833,Activity N,9.980494888896912
833,Activity H,10.134638955251866
833,,
834,Activity A,0.0
834,Activity B,8.188966863648876
834,Activity C,8.881975184248867
834,,
834,Activity E,9.575052927597383
834,Activity M,9.798182590890704
834,Activity K,9.798182590890704
834,,
834,Activity N,9.980494888896912
834,Activity L,9.980494888896912
834,,
834,,
834,Activity H,10.134638955251866
834,Activity F,10.268165387743457
835,Activity A,0.0
835,,
835,Activity C,8.881975184248867
835,Activity D,9.287394001418473
835,Activity E,9.575052927597383
835,Activity M,9.798182590890704
835,,
835,Activity G,9.798182590890704
835,,
835,Activity L,9.980494888896912
835,Activity I,9.980494888896912
835,Activity J,9.980494888896912
835,,
835,Activity F,10.268165387743457
836,,
836,,
836,,
836,,
836,,
836,Activity G,9.798182590890704
836,Activity M,9.798182590890704
836,,
836,Activity J,9.980494888896912
836,,
836,,
836,Activity L,9.980494888896912
836,,
836,,
837,,
837,Activity B,8.188966863648876
837,Activity C,8.881975184248867
837,,
837,,
837,Activity K,9.798182590890704
837,Activity M,9.798182590890704
837,,
837,,
837,Activity N,9.980494888896912
837,,
837,,
837,,
837,Activity F,10.268165387743457
838,Activity A,0.0
838,Activity B,8.188966863648876
838,Activity C,8.881975184248867
838,Activity D,9.287394001418473
838,Activity E,9.575052927597383
838,Activity G,9.798182590890704
838,Activity M,9.798182590890704
838,,
838,Activity I,9.980494888896912
838,Activity J,9.980494888896912
838,,
838,Activity L,9.980494888896912
838,,
838,Activity F,10.268165387743457
839,,
839,Activity B,8.188966863648876
839,,
839,Activity D,9.287394001418473
839,,
839,,
839,Activity M,9.798182590890704
839,Activity K,9.798182590890704
839,,
839,Activity J,9.980494888896912
839,,
839,Activity L,9.980494888896912
839,,
839,Activity F,10.268165387743457
840,Activity A,0.0
840,,
840,Activity C,8.881975184248867
840,,
840,,
840,Activity G,9.798182590890704
840,Activity M,9.798182590890704
840,Activity K,9.798182590890704
840,,
840,Activity J,9.980494888896912
840,Activity N,9.980494888896912
840,Activity L,9.980494888896912
840,Activity H,10.134638955251866
840,,
841,,
841,Activity B,8.188966863648876
841,,
841,Activity D,9.287394001418473
841,,
841,,
841,Activity K,9.798182590890704
841,,
841,Activity J,9.980494888896912
841,Activity I,9.980494888896912
841,Activity L,9.980494888896912
841,,
841,,
841,,
842,Activity A,0.0
842,,
842,,
842,Activity D,9.287394001418473
842,,
842,,
842,Activity M,9.798182590890704
842,,
842,Activity L,9.980494888896912
842,Activity N,9.980494888896912
842,,
842,Activity J,9.980494888896912
842,,
842,Activity F,10.268165387743457
843,,
843,Activity B,8.188966863648876
843,Activity C,8.881975184248867
843,,
843,,
843,Activity M,9.798182590890704
843,,
843,Activity G,9.798182590890704
843,Activity N,9.980494888896912
843,,
843,Activity J,9.980494888896912
843,,
843,,
843,,
844,,
844,,
844,,
844,Activity D,9.287394001418473
844,Activity E,9.575052927597383
844,,
844,Activity K,9.798182590890704
844,Activity M,9.798182590890704
844,,
844,Activity I,9.980494888896912
844,,
844,Activity N,9.980494888896912
844,Activity H,10.134638955251866
844,,
845,Activity A,0.0
845,,
845,Activity C,8.881975184248867
845,,
845,Activity E,9.575052927597383
845,,
845,,
845,,
845,Activity N,9.980494888896912
845,Activity J,9.980494888896912
845,Activity I,9.980494888896912
845,Activity L,9.980494888896912
845,,
845,Activity F,10.268165387743457
846,Activity A,0.0
846,Activity B,8.188966863648876
846,,
846,Activity D,9.287394001418473
846,,
846,Activity M,9.798182590890704
846,Activity K,9.798182590890704
846,,
846,,
846,,
846,Activity J,9.980494888896912
846,Activity I,9.980494888896912
846,Activity H,10.134638955251866
846,Activity F,10.268165387743457
847,,
847,Activity B,8.188966863648876
847,,
847,,
847,,
847,,
847,Activity M,9.798182590890704
847,,
847,,
847,,
847,Activity N,9.980494888896912
847,,
847,Activity H,10.134638955251866
847,,
848,,
848,Activity B,8.188966863648876
848,,
848,,
848,,
848,Activity K,9.798182590890704
848,Activity G,9.798182590890704
848,Activity M,9.798182590890704
848,,
848,Activity I,9.980494888896912
848,Activity J,9.980494888896912
848,Activity N,9.980494888896912
848,Activity H,10.134638955251866
848,Activity F,10.268165387743457
849,,
849,Activity B,8.188966863648876
849,,
849,Activity D,9.287394001418473
849,,
849,,
849,,
849,Activity K,9.798182590890704
849,,
849,Activity I,9.980494888896912
849,Activity N,9.980494888896912
849,,
849,,
849,,
850,Activity A,0.0
850,,
850,,
850,Activity D,9.287394001418473
850,,
850,Activity M,9.798182590890704
850,Activity K,9.798182590890704
850,Activity G,9.798182590890704
850,,
850,Activity L,9.980494888896912
850,,
850,,
850,Activity H,10.134638955251866
850,Activity F,10.268165387743457
851,Activity A,0.0
851,,
851,,
851,Activity D,9.287394001418473
851,Activity E,9.575052927597383
851,,
851,Activity M,9.798182590890704
851,Activity G,9.798182590890704
851,Activity L,9.980494888896912
851,,
851,,
851,,
851,Activity H,10.134638955251866
851,Activity F,10.268165387743457
852,Activity A,0.0
852,,
852,,
852,,
852,Activity E,9.575052927597383
852,Activity K,9.798182590890704
852,,
852,,
852,,
852,,
852,,
852,Activity N,9.980494888896912
852,,
852,,
853,Activity A,0.0
853,,
853,,
853,Activity D,9.287394001418473
853,Activity E,9.575052927597383
853,,
853,Activity K,9.798182590890704
853,,
853,Activity J,9.980494888896912
853,Activity I,9.980494888896912
853,,
853,,
853,Activity H,10.134638955251866
853,,
854,,
854,Activity B,8.188966863648876
854,,
854,,
854,Activity E,9.575052927597383
854,Activity M,9.798182590890704
854,Activity K,9.798182590890704
854,Activity G,9.798182590890704
854,,
854,,
854,,
854,,
854,Activity H,10.134638955251866
854,Activity F,10.268165387743457
855,Activity A,0.0
855,,
855,,
855,Activity D,9.287394001418473
855,Activity E,9.575052927597383
855,,
855,,
855,,
855,Activity L,9.980494888896912
855,Activity J,9.980494888896912
855,,
855,Activity N,9.980494888896912
855,Activity H,10.134638955251866
855,Activity F,10.268165387743457
856,,
856,,
856,,
856,Activity D,9.287394001418473
856,,
856,Activity K,9.798182590890704
856,,
856,,
856,,
856,Activity J,9.980494888896912
856,Activity I,9.980494888896912
856,Activity N,9.980494888896912
856,,
856,Activity F,10.268165387743457
857,Activity A,0.0
857,Activity B,8.188966863648876
857,,
857,Activity D,9.287394001418473
857,,
857,Activity K,9.798182590890704
857,,
857,,
857,Activity L,9.980494888896912
857,,
857,Activity I,9.980494888896912
857,,
857,,
857,,
858,,
858,Activity B,8.188966863648876
858,,
858,Activity D,9.287394001418473
858,Activity E,9.575052927597383
858,,
858,Activity M,9.798182590890704
858,Activity G,9.798182590890704
858,,
858,,
858,,
858,,
858,,
858,,
859,,
859,Activity B,8.188966863648876
859,,
859,Activity D,9.287394001418473
859,Activity E,9.575052927597383
859,,
859,,
859,Activity M,9.798182590890704
859,,
859,Activity J,9.980494888896912
859,Activity L,9.980494888896912
859,,
859,,
859,,
860,Activity A,0.0
860,Activity B,8.188966863648876
860,Activity C,8.881975184248867
860,,
860,,
860,Activity K,9.798182590890704
860,,
860,,
860,,
860,,
860,,
860,,
860,Activity H,10.134638955251866
860,Activity F,10.268165387743457
861,Activity A,0.0
861,Activity B,8.188966863648876
861,Activity C,8.881975184248867
861,Activity D,9.287394001418473
861,Activity E,9.575052927597383
861,Activity M,9.798182590890704
861,Activity K,9.798182590890704
861,Activity G,9.798182590890704
861,,
861,Activity L,9.980494888896912
861,Activity I,9.980494888896912
861,Activity J,9.980494888896912
861,Activity H,10.134638955251866
861,Activity F,10.268165387743457
862,Activity A,0.0
862,,
862,,
862,,
862,,
862,,
862,,
862,Activity G,9.798182590890704
862,,
862,,
862,Activity I,9.980494888896912
862,,
862,,
862,,
863,,
863,Activity B,8.188966863648876
863,,
863,Activity D,9.287394001418473
863,Activity E,9.575052927597383
863,Activity M,9.798182590890704
863,Activity G,9.798182590890704
863,Activity K,9.798182590890704
863,,
863,,
863,,
863,Activity L,9.980494888896912
863,Activity H,10.134638955251866
863,,
864,,
864,Activity B,8.188966863648876
864,,
864,,
864,Activity E,9.575052927597383
864,Activity G,9.798182590890704
864,Activity K,9.798182590890704
864,,
864,Activity J,9.980494888896912
864,,
864,,
864,Activity N,9.980494888896912
864,Activity H,10.134638955251866
864,,
865,Activity A,0.0
865,Activity B,8.188966863648876
865,Activity C,8.881975184248867
865,Activity D,9.287394001418473
865,,
865,Activity K,9.798182590890704
865,Activity G,9.798182590890704
865,,
865,Activity L,9.980494888896912
865,Activity I,9.980494888896912
865,Activity J,9.980494888896912
865,Activity N,9.980494888896912
865,,
865,,
866,Activity A,0.0
866,,
866,Activity C,8.881975184248867
866,Activity D,9.287394001418473
866,Activity E,9.575052927597383
866,Activity G,9.798182590890704
866,,
866,,
866,,
866,,
866,,
866,,
866,Activity H,10.134638955251866
866,,
867,Activity A,0.0
867,,
867,,
867,Activity D,9.287394001418473
867,Activity E,9.575052927597383
867,,
867,,
867,,
867,Activity L,9.980494888896912
867,,
867,,
867,Activity I,9.980494888896912
867,Activity H,10.134638955251866
867,,
868,Activity A,0.0
868,,
868,Activity C,8.881975184248867
868,,
868,Activity E,9.575052927597383
868,Activity G,9.798182590890704
868,,
868,Activity M,9.798182590890704
868,Activity I,9.980494888896912
868,,
868,,
868,Activity N,9.980494888896912
868,Activity H,10.134638955251866
868,Activity F,10.268165387743457
869,Activity A,0.0
869,Activity B,8.188966863648876
869,,
869,,
869,Activity E,9.575052927597383
869,Activity G,9.798182590890704
869,,
869,Activity K,9.798182590890704
869,Activity J,9.980494888896912
869,Activity I,9.980494888896912
869,Activity N,9.980494888896912
869,,
869,,
869,Activity F,10.268165387743457
870,,
870,,
870,Activity C,8.881975184248867
870,,
870,,
870,,
870,,
870,,
870,,
870,,
870,Activity J,9.980494888896912
870,Activity I,9.980494888896912
870,,
870,,
871,Activity A,0.0
871,Activity B,8.188966863648876
871,Activity C,8.881975184248867
871,,
871,,
871,,
871,,
871,Activity G,9.798182590890704
871,,
871,Activity N,9.980494888896912
871,Activity J,9.980494888896912
871,,
871,,
871,,
872,,
872,Activity B,8.188966863648876
872,,
872,,
872,Activity E,9.575052927597383
872,,
872,Activity K,9.798182590890704
872,Activity G,9.798182590890704
872,Activity N,9.980494888896912
872,Activity L,9.980494888896912
872,,
872,,
872,Activity H,10.134638955251866
872,,
873,,
873,,
873,Activity C,8.881975184248867
873,,
873,Activity E,9.575052927597383
873,,
873,,
873,,
873,Activity N,9.980494888896912
873,Activity L,9.980494888896912
873,,
873,,
873,,
873,Activity F,10.268165387743457
874,,
874,Activity B,8.188966863648876
874,Activity C,8.881975184248867
874,,
874,,
874,,
874,Activity G,9.798182590890704
874,,
874,,
874,Activity J,9.980494888896912
874,Activity I,9.980494888896912
874,Activity N,9.980494888896912
874,,
874,Activity F,10.268165387743457
875,Activity A,0.0
875,,
875,,
875,Activity D,9.287394001418473
875,,
875,,
875,,
875,Activity M,9.798182590890704
875,Activity J,9.980494888896912
875,,
875,,
875,Activity N,9.980494888896912
875,,
875,,
876,Activity A,0.0
876,,
876,,
876,,
876,Activity E,9.575052927597383
876,Activity G,9.798182590890704
876,,
876,,
876,,
876,,
876,Activity N,9.980494888896912
876,Activity L,9.980494888896912
876,,
876,Activity F,10.268165387743457
877,,
877,Activity B,8.188966863648876
877,,
877,Activity D,9.287394001418473
877,Activity E,9.575052927597383
877,,
877,,
877,Activity G,9.798182590890704
877,Activity L,9.980494888896912
877,Activity N,9.980494888896912
877,Activity I,9.980494888896912
877,,
877,Activity H,10.134638955251866
877,Activity F,10.268165387743457
878,,
878,,
878,Activity C,8.881975184248867
878,Activity D,9.287394001418473
878,,
878,,
878,,
878,Activity M,9.798182590890704
878,,
878,Activity I,9.980494888896912
878,Activity L,9.980494888896912
878,Activity N,9.980494888896912
878,Activity H,10.134638955251866
878,,
879,Activity A,0.0
879,,
879,,
879,,
879,Activity E,9.575052927597383
879,Activity K,9.798182590890704
879,Activity M,9.798182590890704
879,Activity G,9.798182590890704
879,,
879,,
879,,
879,Activity J,9.980494888896912
879,,
879,Activity F,10.268165387743457
880,,
880,Activity B,8.188966863648876
880,,
880,Activity D,9.287394001418473
880,,
880,Activity G,9.798182590890704
880,Activity K,9.798182590890704
880,,
880,,
880,Activity J,9.980494888896912
880,Activity L,9.980494888896912
880,,
880,,
880,,
881,,
881,,
881,Activity C,8.881975184248867
881,Activity D,9.287394001418473
881,Activity E,9.575052927597383
881,Activity M,9.798182590890704
881,,
881,,
881,Activity N,9.980494888896912
881,,
881,Activity J,9.980494888896912
881,,
881,Activity H,10.134638955251866
881,,
882,Activity A,0.0
882,,
882,,
882,Activity D,9.287394001418473
882,Activity E,9.575052927597383
882,,
882,Activity K,9.798182590890704
882,Activity M,9.798182590890704
882,Activity J,9.980494888896912
882,Activity I,9.980494888896912
882,,
882,,
882,Activity H,10.134638955251866
882,Activity F,10.268165387743457
883,,
883,,
883,,
883,,
883,,
883,,
883,Activity K,9.798182590890704
883,Activity G,9.798182590890704
883,,
883,,
883,Activity J,9.980494888896912
883,,
883,,
883,Activity F,10.268165387743457
884,Activity A,0.0
884,,
884,Activity C,8.881975184248867
884,Activity D,9.287394001418473
884,Activity E,9.575052927597383
884,,
884,Activity M,9.798182590890704
884,,
884,Activity L,9.980494888896912
884,Activity N,9.980494888896912
884,,
884,,
884,Activity H,10.134638955251866
884,,
885,,
885,,
885,,
885,Activity D,9.287394001418473
885,,
885,Activity K,9.798182590890704
885,,
885,Activity M,9.798182590890704
885,,
885,Activity J,9.980494888896912
885,,
885,Activity N,9.980494888896912
885,Activity H,10.134638955251866
885,,
886,,
886,Activity B,8.188966863648876
886,Activity C,8.881975184248867
886,Activity D,9.287394001418473
886,,
886,Activity G,9.798182590890704
886,Activity K,9.798182590890704
886,,
886,Activity J,9.980494888896912
886,,
886,,
886,,
886,,
886,,
887,,
887,Activity B,8.188966863648876
887,,
887,Activity D,9.287394001418473
887,,
887,,
887,,
887,,
887,Activity N,9.980494888896912
887,Activity L,9.980494888896912
887,,
887,Activity I,9.980494888896912
887,Activity H,10.134638955251866
887,,
888,,
888,,
888,Activity C,8.881975184248867
888,Activity D,9.287394001418473
888,,
888,,
888,Activity M,9.798182590890704
888,,
888,Activity L,9.980494888896912
888,,
888,Activity I,9.980494888896912
888,,
888,Activity H,10.134638955251866
888,,
889,,
889,,
889,Activity C,8.881975184248867
889,Activity D,9.287394001418473
889,Activity E,9.575052927597383
889,,
889,Activity G,9.798182590890704
889,,
889,,
889,Activity I,9.980494888896912
889,Activity J,9.980494888896912
889,,
889,Activity H,10.134638955251866
889,,
890,Activity A,0.0
890,,
890,Activity C,8.881975184248867
890,,
890,Activity E,9.575052927597383
890,Activity M,9.798182590890704
890,Activity K,9.798182590890704
890,Activity G,9.798182590890704
890,Activity N,9.980494888896912
890,,
890,Activity J,9.980494888896912
890,,
890,Activity H,10.134638955251866
890,Activity F,10.268165387743457
891,Activity A,0.0
891,,
891,Activity C,8.881975184248867
891,,
891,Activity E,9.575052927597383
891,Activity G,9.798182590890704
891,Activity M,9.798182590890704
891,Activity K,9.798182590890704
891,Activity I,9.980494888896912
891,Activity J,9.980494888896912
891,,
891,,
891,,
891,,
892,Activity A,0.0
892,,
892,Activity C,8.881975184248867
892,Activity D,9.287394001418473
892,Activity E,9.575052927597383
892,Activity G,9.798182590890704
892,,
892,,
892,Activity I,9.980494888896912
892,,
892,Activity L,9.980494888896912
892,Activity N,9.980494888896912
892,,
892,Activity F,10.268165387743457
893,Activity A,0.0
893,,
893,Activity C,8.881975184248867
893,,
893,,
893,,
893,Activity G,9.798182590890704
893,,
893,,
893,,
893,Activity J,9.980494888896912
893,,
893,,
893,,
894,Activity A,0.0
894,Activity B,8.188966863648876
894,,
894,Activity D,9.287394001418473
894,,
894,Activity M,9.798182590890704
894,Activity G,9.798182590890704
894,,
894,Activity N,9.980494888896912
894,Activity J,9.980494888896912
894,Activity I,9.980494888896912
894,,
894,Activity H,10.134638955251866
894,Activity F,10.268165387743457
895,Activity A,0.0
895,Activity B,8.188966863648876
895,,
895,,
895,,
895,,
895,Activity G,9.798182590890704
895,Activity M,9.798182590890704
895,,
895,Activity J,9.980494888896912
895,Activity I,9.980494888896912
895,,
895,Activity H,10.134638955251866
895,Activity F,10.268165387743457
896,Activity A,0.0
896,Activity B,8.188966863648876
896,Activity C,8.881975184248867
896,Activity D,9.287394001418473
896,Activity E,9.575052927597383
896,,
896,Activity M,9.798182590890704
896,,
896,,
896,,
896,Activity N,9.980494888896912
896,,
896,Activity H,10.134638955251866
896,,
897,Activity A,0.0
897,,
897,Activity C,8.881975184248867
897,,
897,,
897,,
897,,
897,Activity M,9.798182590890704
897,,
897,,
897,Activity I,9.980494888896912
897,,
897,,
897,Activity F,10.268165387743457
898,,
898,Activity B,8.188966863648876
898,Activity C,8.881975184248867
898,,
898,Activity E,9.575052927597383
898,,
898,Activity M,9.798182590890704
898,,
898,,
898,Activity I,9.980494888896912
898,,
898,Activity L,9.980494888896912
898,,
898,Activity F,10.268165387743457
899,Activity A,0.0
899,Activity B,8.188966863648876
899,Activity C,8.881975184248867
899,,
899,,
899,,
899,,
899,,
899,Activity J,9.980494888896912
899,,
899,,
899,Activity N,9.980494888896912
899,,
899,,
900,Activity A,0.0
900,,
900,,
900,,
900,Activity E,9.575052927597383
900,,
900,,
900,,
900,,
900,Activity L,9.980494888896912
900,,
900,Activity J,9.980494888896912
900,Activity H,10.134638955251866
900,Activity F,10.268165387743457
901,,
901,,
901,Activity C,8.881975184248867
901,,
901,,
901,,
901,,
901,Activity M,9.798182590890704
901,,
901,,
901,,
901,Activity N,9.980494888896912
901,,
901,,
902,,
902,Activity B,8.188966863648876
902,Activity C,8.881975184248867
902,Activity D,9.287394001418473
902,,
902,,
902,Activity K,9.798182590890704
902,Activity G,9.798182590890704
902,Activity N,9.980494888896912
902,,
902,,
902,Activity J,9.980494888896912
902,Activity H,10.134638955251866
902,Activity F,10.268165387743457
903,Activity A,0.0
903,,
903,,
903,,
903,Activity E,9.575052927597383
903,,
903,,
903,Activity M,9.798182590890704
903,Activity J,9.980494888896912
903,,
903,,
903,Activity N,9.980494888896912
903,Activity H,10.134638955251866
903,,
904,Activity A,0.0
904,,
904,,
904,,
904,Activity E,9.575052927597383
904,Activity K,9.798182590890704
904,,
904,,
904,Activity L,9.980494888896912
904,Activity N,9.980494888896912
904,Activity J,9.980494888896912
904,,
904,Activity H,10.134638955251866
904,,
905,,
905,Activity B,8.188966863648876
905,,
905,,
905,Activity E,9.575052927597383
905,,
905,,
905,,
905,,
905,Activity I,9.980494888896912
905,,
905,,
905,Activity H,10.134638955251866
905,,
906,,
906,,
906,Activity C,8.881975184248867
906,Activity D,9.287394001418473
906,,
906,Activity K,9.798182590890704
906,Activity G,9.798182590890704
906,,
906,,
906,,
906,Activity J,9.980494888896912
906,Activity N,9.980494888896912
906,,
906,,
907,,
907,Activity B,8.188966863648876
907,Activity C,8.881975184248867
907,Activity D,9.287394001418473
907,,
907,Activity M,9.798182590890704
907,,
907,,
907,,
907,,
907,,
907,Activity L,9.980494888896912
907,Activity H,10.134638955251866
907,,
908,,
908,,
908,,
908,Activity D,9.287394001418473
908,,
908,Activity M,9.798182590890704
908,Activity K,9.798182590890704
908,Activity G,9.798182590890704
908,,
908,,
908,Activity I,9.980494888896912
908,Activity J,9.980494888896912
908,,
908,Activity F,10.268165387743457
909,Activity A,0.0
909,,
909,,
909,,
909,Activity E,9.575052927597383
909,,
909,,
909,,
909,,
909,,
909,,
909,Activity N,9.980494888896912
909,Activity H,10.134638955251866
909,,
910,Activity A,0.0
910,,
910,,
910,,
910,,
910,,
910,Activity M,9.798182590890704
910,Activity K,9.798182590890704
910,,
910,,
910,Activity N,9.980494888896912
910,,
910,,
910,,
911,Activity A,0.0
911,,
911,,
911,,
911,,
911,,
911,,
911,,
911,,
911,Activity L,9.980494888896912
911,Activity J,9.980494888896912
911,,
911,,
911,,
912,Activity A,0.0
912,Activity B,8.188966863648876
912,,
912,Activity D,9.287394001418473
912,,
912,Activity G,9.798182590890704
912,,
912,,
912,Activity I,9.980494888896912
912,Activity J,9.980494888896912
912,Activity N,9.980494888896912
912,,
912,,
912,,
913,Activity A,0.0
913,,
913,,
913,Activity D,9.287394001418473
913,,
913,Activity G,9.798182590890704
913,,
913,Activity K,9.798182590890704
913,,
913,Activity I,9.980494888896912
913,Activity N,9.980494888896912
913,Activity L,9.980494888896912
913,,
913,,
914,,
914,Activity B,8.188966863648876
914,,
914,,
914,,
914,,
914,,
914,Activity M,9.798182590890704
914,Activity L,9.980494888896912
914,Activity I,9.980494888896912
914,,
914,Activity N,9.980494888896912
914,Activity H,10.134638955251866
914,,
915,Activity A,0.0
915,Activity B,8.188966863648876
915,,
915,Activity D,9.287394001418473
915,Activity E,9.575052927597383
915,,
915,,
915,,
915,Activity N,9.980494888896912
915,Activity L,9.980494888896912
915,Activity I,9.980494888896912
915,Activity J,9.980494888896912
915,,
915,,
916,,
916,,
916,Activity C,8.881975184248867
916,Activity D,9.287394001418473
916,,
916,Activity G,9.798182590890704
916,Activity M,9.798182590890704
916,,
916,,
916,Activity J,9.980494888896912
916,,
916,,
916,,
916,Activity F,10.268165387743457
917,Activity A,0.0
917,,
917,,
917,Activity D,9.287394001418473
917,,
917,Activity M,9.798182590890704
917,,
917,,
917,,
917,Activity L,9.980494888896912
917,Activity I,9.980494888896912
917,Activity J,9.980494888896912
917,Activity H,10.134638955251866
917,Activity F,10.268165387743457
918,,
918,,
918,,
918,Activity D,9.287394001418473
918,Activity E,9.575052927597383
918,,
918,,
918,,
918,,
918,Activity J,9.980494888896912
918,Activity L,9.980494888896912
918,,
918,Activity H,10.134638955251866
918,,
919,Activity A,0.0
919,,
919,,
919,,
919,,
919,Activity M,9.798182590890704
919,Activity K,9.798182590890704
919,Activity G,9.798182590890704
919,Activity N,9.980494888896912
919,Activity L,9.980494888896912
919,Activity I,9.980494888896912
919,,
919,,
919,Activity F,10.268165387743457
920,,
920,,
920,,
920,Activity D,9.287394001418473
920,Activity E,9.575052927597383
920,Activity M,9.798182590890704
920,,
920,Activity K,9.798182590890704
920,,
920,,
920,,
920,Activity L,9.980494888896912
920,Activity H,10.134638955251866
920,Activity F,10.268165387743457
921,Activity A,0.0
921,,
921,Activity C,8.881975184248867
921,Activity D,9.287394001418473
921,Activity E,9.575052927597383
921,Activity K,9.798182590890704
921,,
921,,
921,,
921,,
921,Activity I,9.980494888896912
921,Activity J,9.980494888896912
921,,
921,,
922,,
922,Activity B,8.188966863648876
922,,
922,,
922,,
922,Activity K,9.798182590890704
922,,
922,,
922,Activity L,9.980494888896912
922,,
922,Activity J,9.980494888896912
922,,
922,,
922,,
923,Activity A,0.0
923,Activity B,8.188966863648876
923,,
923,,
923,,
923,,
923,Activity M,9.798182590890704
923,Activity G,9.798182590890704
923,,
923,,
923,,
923,,
923,Activity H,10.134638955251866
923,Activity F,10.268165387743457
924,Activity A,0.0
924,Activity B,8.188966863648876
924,Activity C,8.881975184248867
924,,
924,Activity E,9.575052927597383
924,Activity M,9.798182590890704
924,Activity G,9.798182590890704
924,,
924,,
924,Activity I,9.980494888896912
924,Activity J,9.980494888896912
924,Activity L,9.980494888896912
924,Activity H,10.134638955251866
924,,
925,Activity A,0.0
925,,
925,,
925,Activity D,9.287394001418473
925,,
925,,
925,Activity K,9.798182590890704
925,,
925,,
925,,
925,Activity I,9.980494888896912
925,Activity J,9.980494888896912
925,,
925,Activity F,10.268165387743457
926,Activity A,0.0
926,,
926,,
926,Activity D,9.287394001418473
926,Activity E,9.575052927597383
926,,
926,Activity G,9.798182590890704
926,,
926,Activity N,9.980494888896912
926,,
926,Activity I,9.980494888896912
926,Activity L,9.980494888896912
926,,
926,Activity F,10.268165387743457
927,,
927,,
927,Activity C,8.881975184248867
927,,
927,,
927,,
927,Activity G,9.798182590890704
927,Activity K,9.798182590890704
927,,
927,,
927,Activity I,9.980494888896912
927,Activity L,9.980494888896912
927,Activity H,10.134638955251866
927,Activity F,10.268165387743457
928,,
928,,
928,Activity C,8.881975184248867
928,,
928,Activity E,9.575052927597383
928,Activity M,9.798182590890704
928,,
928,Activity K,9.798182590890704
928,,
928,,
928,,
928,,
928,,
928,Activity F,10.268165387743457
929,Activity A,0.0
929,Activity B,8.188966863648876
929,,
929,,
929,Activity E,9.575052927597383
929,Activity M,9.798182590890704
929,,
929,,
929,Activity N,9.980494888896912
929,Activity J,9.980494888896912
929,Activity I,9.980494888896912
929,,
929,Activity H,10.134638955251866
929,,
930,Activity A,0.0
930,,
930,Activity C,8.881975184248867
930,Activity D,9.287394001418473
930,Activity E,9.575052927597383
930,Activity G,9.798182590890704
930,Activity K,9.798182590890704
930,,
930,,
930,,
930,,
930,,
930,Activity H,10.134638955251866
930,Activity F,10.268165387743457
931,,
931,Activity B,8.188966863648876
931,,
931,Activity D,9.287394001418473
931,Activity E,9.575052927597383
931,Activity G,9.798182590890704
931,,
931,Activity M,9.798182590890704
931,,
931,Activity I,9.980494888896912
931,,
931,Activity N,9.980494888896912
931,Activity H,10.134638955251866
931,Activity F,10.268165387743457
932,Activity A,0.0
932,Activity B,8.188966863648876
932,Activity C,8.881975184248867
932,Activity D,9.287394001418473
932,Activity E,9.575052927597383
932,,
932,Activity M,9.798182590890704
932,Activity K,9.798182590890704
932,,
932,,
932,,
932,Activity L,9.980494888896912
932,,
932,,
933,Activity A,0.0
933,Activity B,8.188966863648876
933,,
933,,
933,Activity E,9.575052927597383
933,,
933,,
933,Activity G,9.798182590890704
933,,
933,Activity L,9.980494888896912
933,,
933,,
933,,
933,,
934,Activity A,0.0
934,,
934,,
934,,
934,,
934,Activity M,9.798182590890704
934,,
934,,
934,,
934,Activity L,9.980494888896912
934,,
934,,
934,,
934,Activity F,10.268165387743457
935,,
935,Activity B,8.188966863648876
935,Activity C,8.881975184248867
935,,
935,,
935,,
935,Activity G,9.798182590890704
935,Activity M,9.798182590890704
935,Activity L,9.980494888896912
935,,
935,,
935,,
935,Activity H,10.134638955251866
935,Activity F,10.268165387743457
936,Activity A,0.0
936,,
936,Activity C,8.881975184248867
936,Activity D,9.287394001418473
936,Activity E,9.575052927597383
936,Activity K,9.798182590890704
936,Activity G,9.798182590890704
936,Activity M,9.798182590890704
936,Activity L,9.980494888896912
936,Activity J,9.980494888896912
936,,
936,,
936,Activity H,10.134638955251866
936,Activity F,10.268165387743457
937,,
937,Activity B,8.188966863648876
937,,
937,Activity D,9.287394001418473
937,Activity E,9.575052927597383
937,Activity K,9.798182590890704
937,,
937,,
937,Activity L,9.980494888896912
937,,
937,Activity J,9.980494888896912
937,,
937,Activity H,10.134638955251866
937,,
938,Activity A,0.0
938,Activity B,8.188966863648876
938,,
938,Activity D,9.287394001418473
938,Activity E,9.575052927597383
938,Activity M,9.798182590890704
938,,
938,Activity K,9.798182590890704
938,Activity N,9.980494888896912
938,Activity I,9.980494888896912
938,,
938,,
938,Activity H,10.134638955251866
938,Activity F,10.268165387743457
939,Activity A,0.0
939,,
939,Activity C,8.881975184248867
939,,
939,Activity E,9.575052927597383
939,Activity K,9.798182590890704
939,Activity G,9.798182590890704
939,Activity M,9.798182590890704
939,Activity L,9.980494888896912
939,Activity I,9.980494888896912
939,,
939,,
939,Activity H,10.134638955251866
939,,
940,Activity A,0.0
940,Activity B,8.188966863648876
940,,
940,Activity D,9.287394001418473
940,,
940,Activity K,9.798182590890704
940,,
940,,
940,,
940,,
940,,
940,,
940,Activity H,10.134638955251866
940,,
941,,
941,,
941,Activity C,8.881975184248867
941,,
941,,
941,Activity M,9.798182590890704
941,Activity K,9.798182590890704
941,,
941,,
941,Activity L,9.980494888896912
941,Activity J,9.980494888896912
941,,
941,Activity H,10.134638955251866
941,Activity F,10.268165387743457
942,Activity A,0.0
942,,
942,Activity C,8.881975184248867
942,,
942,Activity E,9.575052927597383
942,,
942,,
942,Activity K,9.798182590890704
942,Activity J,9.980494888896912
942,Activity I,9.980494888896912
942,,
942,Activity L,9.980494888896912
942,,
942,,
943,Activity A,0.0
943,Activity B,8.188966863648876
943,,
943,Activity D,9.287394001418473
943,,
943,Activity M,9.798182590890704
943,Activity K,9.798182590890704
943,Activity G,9.798182590890704
943,,
943,,
943,Activity J,9.980494888896912
943,,
943,Activity H,10.134638955251866
943,Activity F,10.268165387743457
944,Activity A,0.0
944,,
944,Activity C,8.881975184248867
944,Activity D,9.287394001418473
944,,
944,Activity G,9.798182590890704
944,,
944,Activity M,9.798182590890704
944,,
944,Activity I,9.980494888896912
944,,
944,Activity N,9.980494888896912
944,Activity H,10.134638955251866
944,Activity F,10.268165387743457
945,,
945,,
945,,
945,Activity D,9.287394001418473
945,Activity E,9.575052927597383
945,,
945,,
945,,
945,,
945,Activity N,9.980494888896912
945,,
945,Activity I,9.980494888896912
945,,
945,Activity F,10.268165387743457
946,,
946,,
946,,
946,Activity D,9.287394001418473
946,Activity E,9.575052927597383
946,,
946,,
946,,
946,,
946,Activity L,9.980494888896912
946,Activity I,9.980494888896912
946,Activity J,9.980494888896912
946,,
946,,
947,,
947,Activity B,8.188966863648876
947,Activity C,8.881975184248867
947,Activity D,9.287394001418473
947,Activity E,9.575052927597383
947,,
947,,
947,,
947,Activity N,9.980494888896912
947,Activity I,9.980494888896912
947,,
947,,
947,,
947,Activity F,10.268165387743457
948,Activity A,0.0
948,,
948,Activity C,8.881975184248867
948,Activity D,9.287394001418473
948,,
948,,
948,,
948,Activity G,9.798182590890704
948,,
948,Activity N,9.980494888896912
948,,
948,Activity J,9.980494888896912
948,Activity H,10.134638955251866
948,Activity F,10.268165387743457
949,Activity A,0.0
949,,
949,Activity C,8.881975184248867
949,,
949,,
949,,
949,Activity G,9.798182590890704
949,Activity M,9.798182590890704
949,Activity L,9.980494888896912
949,Activity I,9.980494888896912
949,,
949,Activity N,9.980494888896912
949,Activity H,10.134638955251866
949,Activity F,10.268165387743457
950,,
950,,
950,,
950,Activity D,9.287394001418473
950,Activity E,9.575052927597383
950,,
950,Activity K,9.798182590890704
950,,
950,,
950,,
950,,
950,,
950,,
950,Activity F,10.268165387743457
951,,
951,,
951,,
951,,
951,Activity E,9.575052927597383
951,,
951,,
951,Activity K,9.798182590890704
951,,
951,,
951,,
951,Activity L,9.980494888896912
951,Activity H,10.134638955251866
951,Activity F,10.268165387743457
952,Activity A,0.0
952,Activity B,8.188966863648876
952,,
952,Activity D,9.287394001418473
952,Activity E,9.575052927597383
952,,
952,Activity G,9.798182590890704
952,,
952,Activity L,9.980494888896912
952,,
952,Activity I,9.980494888896912
952,,
952,Activity H,10.134638955251866
952,,
953,Activity A,0.0
953,,
953,Activity C,8.881975184248867
953,Activity D,9.287394001418473
953,Activity E,9.575052927597383
953,Activity M,9.798182590890704
953,Activity K,9.798182590890704
953,,
953,,
953,Activity L,9.980494888896912
953,Activity I,9.980494888896912
953,Activity J,9.980494888896912
953,Activity H,10.134638955251866
953,Activity F,10.268165387743457
954,,
954,Activity B,8.188966863648876
954,Activity C,8.881975184248867
954,,
954,,
954,,
954,Activity M,9.798182590890704
954,,
954,,
954,Activity I,9.980494888896912
954,Activity N,9.980494888896912
954,,
954,Activity H,10.134638955251866
954,Activity F,10.268165387743457
955,Activity A,0.0
955,Activity B,8.188966863648876
955,,
955,Activity D,9.287394001418473
955,,
955,,
955,,
955,,
955,Activity I,9.980494888896912
955,,
955,,
955,,
955,,
955,,
956,,
956,,
956,,
956,,
956,Activity E,9.575052927597383
956,,
956,Activity M,9.798182590890704
956,,
956,,
956,,
956,,
956,Activity L,9.980494888896912
956,,
956,Activity F,10.268165387743457
957,Activity A,0.0
957,,
957,,
957,,
957,Activity E,9.575052927597383
957,Activity G,9.798182590890704
957,Activity K,9.798182590890704
957,Activity M,9.798182590890704
957,,
957,,
957,Activity L,9.980494888896912
957,Activity N,9.980494888896912
957,Activity H,10.134638955251866
957,,
958,Activity A,0.0
958,,
958,,
958,Activity D,9.287394001418473
958,Activity E,9.575052927597383
958,,
958,,
958,Activity K,9.798182590890704
958,,
958,,
958,,
958,,
958,,
958,,
959,,
959,,
959,,
959,Activity D,9.287394001418473
959,Activity E,9.575052927597383
959,,
959,,
959,,
959,,
959,Activity L,9.980494888896912
959,,
959,Activity J,9.980494888896912
959,,
959,Activity F,10.268165387743457
960,Activity A,0.0
960,,
960,Activity C,8.881975184248867
960,Activity D,9.287394001418473
960,,
960,Activity K,9.798182590890704
960,,
960,,
960,Activity L,9.980494888896912
960,,
960,Activity I,9.980494888896912
960,Activity J,9.980494888896912
960,Activity H,10.134638955251866
960,Activity F,10.268165387743457
961,,
961,,
961,Activity C,8.881975184248867
961,Activity D,9.287394001418473
961,Activity E,9.575052927597383
961,,
961,Activity M,9.798182590890704
961,Activity K,9.798182590890704
961,Activity I,9.980494888896912
961,,
961,Activity N,9.980494888896912
961,,
961,,
961,Activity F,10.268165387743457
962,,
962,,
962,Activity C,8.881975184248867
962,Activity D,9.287394001418473
962,Activity E,9.575052927597383
962,,
962,,
962,,
962,Activity I,9.980494888896912
962,,
962,Activity N,9.980494888896912
962,,
962,,
962,Activity F,10.268165387743457
963,Activity A,0.0
963,,
963,,
963,,
963,Activity E,9.575052927597383
963,Activity K,9.798182590890704
963,Activity G,9.798182590890704
963,Activity M,9.798182590890704
963,Activity L,9.980494888896912
963,,
963,,
963,,
963,,
963,Activity F,10.268165387743457
964,,
964,,
964,,
964,,
964,,
964,Activity G,9.798182590890704
964,Activity M,9.798182590890704
964,,
964,,
964,Activity I,9.980494888896912
964,Activity N,9.980494888896912
964,,
964,,
964,Activity F,10.268165387743457
965,,
965,,
965,Activity C,8.881975184248867
965,Activity D,9.287394001418473
965,Activity E,9.575052927597383
965,,
965,,
965,Activity G,9.798182590890704
965,,
965,Activity N,9.980494888896912
965,Activity J,9.980494888896912
965,,
965,Activity H,10.134638955251866
965,,
966,,
966,Activity B,8.188966863648876
966,Activity C,8.881975184248867
966,,
966,,
966,,
966,,
966,Activity G,9.798182590890704
966,Activity L,9.980494888896912
966,Activity N,9.980494888896912
966,Activity I,9.980494888896912
966,,
966,Activity H,10.134638955251866
966,Activity F,10.268165387743457
967,Activity A,0.0
967,,
967,,
967,Activity D,9.287394001418473
967,,
967,Activity K,9.798182590890704
967,,
967,Activity M,9.798182590890704
967,,
967,Activity I,9.980494888896912
967,Activity J,9.980494888896912
967,Activity N,9.980494888896912
967,Activity H,10.134638955251866
967,,
968,,
968,Activity B,8.188966863648876
968,,
968,,
968,Activity E,9.575052927597383
968,,
968,,
968,Activity G,9.798182590890704
968,,
968,,
968,,
968,Activity I,9.980494888896912
968,,
968,Activity F,10.268165387743457
969,,
969,Activity B,8.188966863648876
969,,
969,Activity D,9.287394001418473
969,,
969,Activity G,9.798182590890704
969,,
969,,
969,,
969,,
969,Activity L,9.980494888896912
969,Activity N,9.980494888896912
969,,
969,,
970,Activity A,0.0
970,,
970,Activity C,8.881975184248867
970,Activity D,9.287394001418473
970,,
970,Activity G,9.798182590890704
970,,
970,Activity K,9.798182590890704
970,Activity I,9.980494888896912
970,,
970,,
970,,
970,,
970,Activity F,10.268165387743457
971,,
971,,
971,,
971,Activity D,9.287394001418473
971,,
971,Activity K,9.798182590890704
971,Activity G,9.798182590890704
971,,
971,,
971,,
971,,
971,,
971,Activity H,10.134638955251866
971,Activity F,10.268165387743457
972,,
972,,
972,Activity C,8.881975184248867
972,Activity D,9.287394001418473
972,Activity E,9.575052927597383
972,Activity K,9.798182590890704
972,Activity G,9.798182590890704
972,Activity M,9.798182590890704
972,Activity L,9.980494888896912
972,Activity I,9.980494888896912
972,,
972,,
972,,
972,,
973,Activity A,0.0
973,,
973,,
973,Activity D,9.287394001418473
973,Activity E,9.575052927597383
973,,
973,,
973,,
973,,
973,Activity I,9.980494888896912
973,,
973,Activity L,9.980494888896912
973,Activity H,10.134638955251866
973,Activity F,10.268165387743457
974,,
974,Activity B,8.188966863648876
974,Activity C,8.881975184248867
974,Activity D,9.287394001418473
974,,
974,Activity M,9.798182590890704
974,Activity G,9.798182590890704
974,,
974,,
974,,
974,,
974,,
974,,
974,,
975,,
975,Activity B,8.188966863648876
975,,
975,Activity D,9.287394001418473
975,Activity E,9.575052927597383
975,Activity K,9.798182590890704
975,,
975,,
975,,
975,,
975,Activity J,9.980494888896912
975,,
975,,
975,Activity F,10.268165387743457
976,Activity A,0.0
976,,
976,Activity C,8.881975184248867
976,,
976,,
976,Activity M,9.798182590890704
976,,
976,,
976,,
976,Activity L,9.980494888896912
976,Activity J,9.980494888896912
976,Activity I,9.980494888896912
976,,
976,Activity F,10.268165387743457
977,,
977,Activity B,8.188966863648876
977,,
977,Activity D,9.287394001418473
977,,
977,,
977,,
977,,
977,Activity L,9.980494888896912
977,,
977,,
977,,
977,Activity H,10.134638955251866
977,,
978,,
978,Activity B,8.188966863648876
978,,
978,,
978,Activity E,9.575052927597383
978,Activity K,9.798182590890704
978,Activity G,9.798182590890704
978,Activity M,9.798182590890704
978,,
978,,
978,,
978,,
978,,
978,,
979,Activity A,0.0
979,Activity B,8.188966863648876
979,Activity C,8.881975184248867
979,Activity D,9.287394001418473
979,,
979,Activity M,9.798182590890704
979,Activity G,9.798182590890704
979,,
979,Activity N,9.980494888896912
979,Activity J,9.980494888896912
979,,
979,Activity L,9.980494888896912
979,Activity H,10.134638955251866
979,,
980,Activity A,0.0
980,Activity B,8.188966863648876
980,,
980,,
980,Activity E,9.575052927597383
980,,
980,Activity M,9.798182590890704
980,Activity K,9.798182590890704
980,,
980,Activity J,9.980494888896912
980,Activity N,9.980494888896912
980,Activity L,9.980494888896912
980,Activity H,10.134638955251866
980,,
981,,
981,Activity B,8.188966863648876
981,Activity C,8.881975184248867
981,Activity D,9.287394001418473
981,,
981,,
981,Activity M,9.798182590890704
981,,
981,Activity L,9.980494888896912
981,Activity N,9.980494888896912
981,Activity I,9.980494888896912
981,Activity J,9.980494888896912
981,Activity H,10.134638955251866
981,,
982,,
982,,
982,,
982,Activity D,9.287394001418473
982,,
982,,
982,,
982,,
982,Activity I,9.980494888896912
982,,
982,,
982,Activity N,9.980494888896912
982,Activity H,10.134638955251866
982,,
983,Activity A,0.0
983,Activity B,8.188966863648876
983,,
983,Activity D,9.287394001418473
983,,
983,Activity M,9.798182590890704
983,,
983,,
983,,
983,Activity L,9.980494888896912
983,Activity J,9.980494888896912
983,Activity I,9.980494888896912
983,Activity H,10.134638955251866
983,Activity F,10.268165387743457
984,Activity A,0.0
984,,
984,Activity C,8.881975184248867
984,Activity D,9.287394001418473
984,Activity E,9.575052927597383
984,Activity M,9.798182590890704
984,,
984,,
984,Activity N,9.980494888896912
984,Activity I,9.980494888896912
984,,
984,,
984,,
984,Activity F,10.268165387743457
985,,
985,Activity B,8.188966863648876
985,,
985,,
985,Activity E,9.575052927597383
985,Activity K,9.798182590890704
985,Activity G,9.798182590890704
985,,
985,Activity L,9.980494888896912
985,Activity J,9.980494888896912
985,,
985,,
985,,
985,,
986,,
986,,
986,,
986,Activity D,9.287394001418473
986,Activity E,9.575052927597383
986,,
986,,
986,,
986,Activity N,9.980494888896912
986,,
986,,
986,,
986,,
986,,
987,,
987,Activity B,8.188966863648876
987,Activity C,8.881975184248867
987,Activity D,9.287394001418473
987,Activity E,9.575052927597383
987,Activity K,9.798182590890704
987,,
987,,
987,,
987,Activity N,9.980494888896912
987,Activity J,9.980494888896912
987,,
987,Activity H,10.134638955251866
987,Activity F,10.268165387743457
988,Activity A,0.0
988,,
988,Activity C,8.881975184248867
988,Activity D,9.287394001418473
988,Activity E,9.575052927597383
988,,
988,,
988,,
988,,
988,Activity I,9.980494888896912
988,,
988,,
988,Activity H,10.134638955251866
988,Activity F,10.268165387743457
989,,
989,,
989,Activity C,8.881975184248867
989,,
989,Activity E,9.575052927597383
989,,
989,Activity K,9.798182590890704
989,Activity M,9.798182590890704
989,Activity J,9.980494888896912
989,,
989,Activity L,9.980494888896912
989,Activity N,9.980494888896912
989,Activity H,10.134638955251866
989,,
990,,
990,,
990,,
990,,
990,,
990,Activity G,9.798182590890704
990,Activity M,9.798182590890704
990,Activity K,9.798182590890704
990,,
990,Activity I,9.980494888896912
990,Activity N,9.980494888896912
990,Activity L,9.980494888896912
990,Activity H,10.134638955251866
990,,
991,Activity A,0.0
991,,
991,Activity C,8.881975184248867
991,,
991,Activity E,9.575052927597383
991,,
991,Activity G,9.798182590890704
991,Activity M,9.798182590890704
991,,
991,Activity I,9.980494888896912
991,,
991,,
991,,
991,Activity F,10.268165387743457
992,Activity A,0.0
992,Activity B,8.188966863648876
992,,
992,,
992,Activity E,9.575052927597383
992,,
992,,
992,,
992,,
992,Activity I,9.980494888896912
992,,
992,,
992,,
992,,
993,,
993,Activity B,8.188966863648876
993,Activity C,8.881975184248867
993,Activity D,9.287394001418473
993,Activity E,9.575052927597383
993,,
993,Activity K,9.798182590890704
993,Activity M,9.798182590890704
993,Activity J,9.980494888896912
993,,
993,Activity L,9.980494888896912
993,,
993,,
993,,
994,,
994,Activity B,8.188966863648876
994,,
994,Activity D,9.287394001418473
994,,
994,Activity K,9.798182590890704
994,Activity G,9.798182590890704
994,,
994,,
994,,
994,Activity J,9.980494888896912
994,Activity N,9.980494888896912
994,,
994,Activity F,10.268165387743457
995,,
995,,
995,Activity C,8.881975184248867
995,,
995,,
995,,
995,,
995,Activity K,9.798182590890704
995,Activity N,9.980494888896912
995,,
995,,
995,Activity L,9.980494888896912
995,Activity H,10.134638955251866
995,Activity F,10.268165387743457
996,Activity A,0.0
996,Activity B,8.188966863648876
996,Activity C,8.881975184248867
996,,
996,,
996,,
996,Activity G,9.798182590890704
996,,
996,,
996,Activity J,9.980494888896912
996,,
996,,
996,,
996,Activity F,10.268165387743457
997,,
997,Activity B,8.188966863648876
997,Activity C,8.881975184248867
997,Activity D,9.287394001418473
997,,
997,,
997,Activity K,9.798182590890704
997,,
997,Activity J,9.980494888896912
997,,
997,,
997,,
997,,
997,Activity F,10.268165387743457
998,Activity A,0.0
998,Activity B,8.188966863648876
998,,
998,,
998,,
998,,
998,Activity G,9.798182590890704
998,Activity M,9.798182590890704
998,,
998,Activity I,9.980494888896912
998,Activity J,9.980494888896912
998,Activity N,9.980494888896912
998,,
998,Activity F,10.268165387743457
999,,
999,,
999,Activity C,8.881975184248867
999,,
999,,
999,Activity M,9.798182590890704
999,Activity G,9.798182590890704
999,Activity K,9.798182590890704
999,,
999,,
999,Activity I,9.980494888896912
999,Activity L,9.980494888896912
999,,
999,,
1000,Activity A,0.0
1000,,
1000,,
1000,Activity D,9.287394001418473
1000,,
1000,,
1000,Activity M,9.798182590890704
1000,Activity G,9.798182590890704
1000,Activity L,9.980494888896912
1000,,
1000,Activity I,9.980494888896912
1000,Activity J,9.980494888896912
1000,,
1000,Activity F,10.268165387743457
1001,,
1001,Activity B,8.188966863648876
1001,Activity C,8.881975184248867
1001,,
1001,,
1001,,
1001,Activity M,9.798182590890704
1001,,
1001,,
1001,,
1001,,
1001,,
1001,Activity H,10.134638955251866
1001,Activity F,10.268165387743457
1002,Activity A,0.0
1002,,
1002,,
1002,Activity D,9.287394001418473
1002,Activity E,9.575052927597383
1002,,
1002,Activity M,9.798182590890704
1002,Activity K,9.798182590890704
1002,Activity I,9.980494888896912
1002,Activity J,9.980494888896912
1002,,
1002,,
1002,,
1002,Activity F,10.268165387743457
1003,Activity A,0.0
1003,Activity B,8.188966863648876
1003,,
1003,,
1003,,
1003,,
1003,,
1003,Activity G,9.798182590890704
1003,Activity L,9.980494888896912
1003,Activity N,9.980494888896912
1003,Activity J,9.980494888896912
1003,Activity I,9.980494888896912
1003,Activity H,10.134638955251866
1003,Activity F,10.268165387743457
1004,,
1004,,
1004,,
1004,Activity D,9.287394001418473
1004,,
1004,Activity K,9.798182590890704
1004,,
1004,Activity G,9.798182590890704
1004,,
1004,Activity N,9.980494888896912
1004,,
1004,Activity J,9.980494888896912
1004,Activity H,10.134638955251866
1004,Activity F,10.268165387743457
1005,Activity A,0.0
1005,,
1005,,
1005,Activity D,9.287394001418473
1005,,
1005,Activity K,9.798182590890704
1005,,
1005,,
1005,,
1005,Activity N,9.980494888896912
1005,,
1005,,
1005,,
1005,Activity F,10.268165387743457
1006,,
1006,,
1006,,
1006,,
1006,Activity E,9.575052927597383
1006,Activity M,9.798182590890704
1006,,
1006,Activity G,9.798182590890704
1006,,
1006,Activity L,9.980494888896912
1006,Activity I,9.980494888896912
1006,Activity J,9.980494888896912
1006,,
1006,,
1007,,
1007,Activity B,8.188966863648876
1007,Activity C,8.881975184248867
1007,Activity D,9.287394001418473
1007,Activity E,9.575052927597383
1007,Activity G,9.798182590890704
1007,Activity K,9.798182590890704
1007,Activity M,9.798182590890704
1007,Activity J,9.980494888896912
1007,Activity I,9.980494888896912
1007,Activity L,9.980494888896912
1007,Activity N,9.980494888896912
1007,Activity H,10.134638955251866
1007,Activity F,10.268165387743457
1008,,
1008,,
1008,Activity C,8.881975184248867
1008,Activity D,9.287394001418473
1008,Activity E,9.575052927597383
1008,Activity G,9.798182590890704
1008,,
1008,,
1008,Activity I,9.980494888896912
1008,,
1008,Activity N,9.980494888896912
1008,,
1008,,
1008,,
1009,,
1009,Activity B,8.188966863648876
1009,,
1009,Activity D,9.287394001418473
1009,,
1009,,
1009,,
1009,,
1009,Activity L,9.980494888896912
1009,Activity I,9.980494888896912
1009,Activity J,9.980494888896912
1009,,
1009,,
1009,,
1010,,
1010,,
1010,Activity C,8.881975184248867
1010,Activity D,9.287394001418473
1010,,
1010,Activity K,9.798182590890704
1010,Activity G,9.798182590890704
1010,,
1010,Activity L,9.980494888896912
1010,,
1010,,
1010,,
1010,Activity H,10.134638955251866
1010,,
1011,Activity A,0.0
1011,Activity B,8.188966863648876
1011,Activity C,8.881975184248867
1011,Activity D,9.287394001418473
1011,,
1011,Activity K,9.798182590890704
1011,Activity M,9.798182590890704
1011,,
1011,Activity L,9.980494888896912
1011,Activity N,9.980494888896912
1011,Activity J,9.980494888896912
1011,,
1011,Activity H,10.134638955251866
1011,,
1012,,
1012,Activity B,8.188966863648876
1012,Activity C,8.881975184248867
1012,,
1012,,
1012,,
1012,,
1012,,
1012,,
1012,Activity L,9.980494888896912
1012,Activity J,9.980494888896912
1012,Activity I,9.980494888896912
1012,,
1012,Activity F,10.268165387743457
1013,Activity A,0.0
1013,,
1013,,
1013,,
1013,,
1013,,
1013,Activity G,9.798182590890704
1013,Activity K,9.798182590890704
1013,Activity N,9.980494888896912
1013,Activity I,9.980494888896912
1013,Activity J,9.980494888896912
1013,Activity L,9.980494888896912
1013,,
1013,,
1014,Activity A,0.0
1014,,
1014,Activity C,8.881975184248867
1014,,
1014,,
1014,Activity K,9.798182590890704
1014,Activity G,9.798182590890704
1014,,
1014,,
1014,Activity I,9.980494888896912
1014,,
1014,,
1014,Activity H,10.134638955251866
1014,Activity F,10.268165387743457
1015,,
1015,Activity B,8.188966863648876
1015,,
1015,,
1015,Activity E,9.575052927597383
1015,,
1015,,
1015,Activity G,9.798182590890704
1015,,
1015,Activity N,9.980494888896912
1015,,
1015,,
1015,,
1015,,
1016,,
1016,,
1016,,
1016,,
1016,Activity E,9.575052927597383
1016,Activity K,9.798182590890704
1016,,
1016,Activity G,9.798182590890704
1016,Activity L,9.980494888896912
1016,Activity N,9.980494888896912
1016,,
1016,Activity J,9.980494888896912
1016,,
1016,,
1017,,
1017,,
1017,,
1017,,
1017,,
1017,Activity G,9.798182590890704
1017,Activity K,9.798182590890704
1017,Activity M,9.798182590890704
1017,Activity I,9.980494888896912
1017,,
1017,Activity L,9.980494888896912
1017,,
1017,,
1017,,
1018,Activity A,0.0
1018,Activity B,8.188966863648876
1018,Activity C,8.881975184248867
1018,Activity D,9.287394001418473
1018,Activity E,9.575052927597383
1018,,
1018,,
1018,Activity K,9.798182590890704
1018,Activity J,9.980494888896912
1018,,
1018,,
1018,,
1018,,
1018,Activity F,10.268165387743457
1019,Activity A,0.0
1019,,
1019,Activity C,8.881975184248867
1019,Activity D,9.287394001418473
1019,Activity E,9.575052927597383
1019,,
1019,Activity G,9.798182590890704
1019,,
1019,Activity L,9.980494888896912
1019,Activity I,9.980494888896912
1019,,
1019,Activity N,9.980494888896912
1019,Activity H,10.134638955251866
1019,Activity F,10.268165387743457
1020,Activity A,0.0
1020,,
1020,Activity C,8.881975184248867
1020,Activity D,9.287394001418473
1020,Activity E,9.575052927597383
1020,,
1020,,
1020,,
1020,Activity N,9.980494888896912
1020,Activity L,9.980494888896912
1020,Activity I,9.980494888896912
1020,Activity J,9.980494888896912
1020,Activity H,10.134638955251866
1020,Activity F,10.268165387743457
1021,,
1021,,
1021,Activity C,8.881975184248867
1021,,
1021,,
1021,,
1021,,
1021,Activity M,9.798182590890704
1021,Activity L,9.980494888896912
1021,Activity J,9.980494888896912
1021,Activity I,9.980494888896912
1021,,
1021,Activity H,10.134638955251866
1021,,
1022,,
1022,,
1022,,
1022,,
1022,Activity E,9.575052927597383
1022,,
1022,Activity G,9.798182590890704
1022,,
1022,Activity N,9.980494888896912
1022,,
1022,,
1022,Activity L,9.980494888896912
1022,Activity H,10.134638955251866
1022,Activity F,10.268165387743457
1023,,
1023,Activity B,8.188966863648876
1023,Activity C,8.881975184248867
1023,,
1023,,
1023,,
1023,Activity G,9.798182590890704
1023,,
1023,,
1023,,
1023,,
1023,,
1023,,
1023,,
1024,Activity A,0.0
1024,,
1024,Activity C,8.881975184248867
1024,Activity D,9.287394001418473
1024,,
1024,,
1024,,
1024,Activity G,9.798182590890704
1024,,
1024,,
1024,,
1024,,
1024,,
1024,Activity F,10.268165387743457
1025,,
1025,,
1025,,
1025,,
1025,,
1025,,
1025,,
1025,,
1025,,
1025,Activity J,9.980494888896912
1025,,
1025,,
1025,Activity H,10.134638955251866
1025,Activity F,10.268165387743457
1026,Activity A,0.0
1026,,
1026,,
1026,,
1026,,
1026,Activity M,9.798182590890704
1026,,
1026,Activity K,9.798182590890704
1026,Activity N,9.980494888896912
1026,Activity J,9.980494888896912
1026,,
1026,,
1026,Activity H,10.134638955251866
1026,Activity F,10.268165387743457
1027,Activity A,0.0
1027,,
1027,,
1027,Activity D,9.287394001418473
1027,,
1027,,
1027,,
1027,,
1027,,
1027,Activity I,9.980494888896912
1027,Activity J,9.980494888896912
1027,Activity N,9.980494888896912
1027,,
1027,Activity F,10.268165387743457
1028,,
1028,,
1028,Activity C,8.881975184248867
1028,Activity D,9.287394001418473
1028,,
1028,Activity K,9.798182590890704
1028,,
1028,,
1028,Activity L,9.980494888896912
1028,Activity J,9.980494888896912
1028,,
1028,Activity N,9.980494888896912
1028,Activity H,10.134638955251866
1028,Activity F,10.268165387743457
1029,Activity A,0.0
1029,,
1029,Activity C,8.881975184248867
1029,Activity D,9.287394001418473
1029,Activity E,9.575052927597383
1029,Activity K,9.798182590890704
1029,Activity M,9.798182590890704
1029,Activity G,9.798182590890704
1029,Activity L,9.980494888896912
1029,Activity N,9.980494888896912
1029,Activity I,9.980494888896912
1029,,
1029,,
1029,Activity F,10.268165387743457
1030,Activity A,0.0
1030,Activity B,8.188966863648876
1030,,
1030,,
1030,Activity E,9.575052927597383
1030,,
1030,Activity G,9.798182590890704
1030,Activity K,9.798182590890704
1030,,
1030,Activity J,9.980494888896912
1030,Activity I,9.980494888896912
1030,,
1030,,
1030,Activity F,10.268165387743457
1031,,
1031,,
1031,,
1031,,
1031,Activity E,9.575052927597383
1031,Activity G,9.798182590890704
1031,Activity M,9.798182590890704
1031,,
1031,Activity J,9.980494888896912
1031,,
1031,Activity N,9.980494888896912
1031,Activity L,9.980494888896912
1031,Activity H,10.134638955251866
1031,,
1032,Activity A,0.0
1032,,
1032,Activity C,8.881975184248867
1032,,
1032,Activity E,9.575052927597383
1032,,
1032,,
1032,Activity G,9.798182590890704
1032,,
1032,Activity L,9.980494888896912
1032,,
1032,,
1032,Activity H,10.134638955251866
1032,Activity F,10.268165387743457
1033,,
1033,,
1033,,
1033,Activity D,9.287394001418473
1033,Activity E,9.575052927597383
1033,,
1033,,
1033,Activity M,9.798182590890704
1033,,
1033,Activity I,9.980494888896912
1033,,
1033,Activity N,9.980494888896912
1033,Activity H,10.134638955251866
1033,,
1034,Activity A,0.0
1034,Activity B,8.188966863648876
1034,,
1034,Activity D,9.287394001418473
1034,Activity E,9.575052927597383
1034,Activity M,9.798182590890704
1034,Activity G,9.798182590890704
1034,Activity K,9.798182590890704
1034,Activity N,9.980494888896912
1034,Activity J,9.980494888896912
1034,,
1034,,
1034,Activity H,10.134638955251866
1034,,
1035,,
1035,Activity B,8.188966863648876
1035,Activity C,8.881975184248867
1035,Activity D,9.287394001418473
1035,,
1035,Activity M,9.798182590890704
1035,,
1035,Activity G,9.798182590890704
1035,Activity N,9.980494888896912
1035,Activity L,9.980494888896912
1035,,
1035,,
1035,,
1035,,
1036,,
1036,Activity B,8.188966863648876
1036,,
1036,Activity D,9.287394001418473
1036,Activity E,9.575052927597383
1036,Activity K,9.798182590890704
1036,Activity M,9.798182590890704
1036,,
1036,Activity L,9.980494888896912
1036,,
1036,,
1036,Activity J,9.980494888896912
1036,,
1036,,
1037,Activity A,0.0
1037,,
1037,,
1037,,
1037,,
1037,,
1037,Activity K,9.798182590890704
1037,,
1037,,
1037,Activity L,9.980494888896912
1037,Activity I,9.980494888896912
1037,,
1037,,
1037,Activity F,10.268165387743457
1038,Activity A,0.0
1038,,
1038,Activity C,8.881975184248867
1038,Activity D,9.287394001418473
1038,,
1038,Activity K,9.798182590890704
1038,Activity G,9.798182590890704
1038,Activity M,9.798182590890704
1038,Activity L,9.980494888896912
1038,Activity J,9.980494888896912
1038,,
1038,Activity N,9.980494888896912
1038,,
1038,Activity F,10.268165387743457
1039,,
1039,Activity B,8.188966863648876
1039,,
1039,,
1039,,
1039,Activity M,9.798182590890704
1039,,
1039,,
1039,,
1039,,
1039,Activity I,9.980494888896912
1039,,
1039,Activity H,10.134638955251866
1039,,
1040,,
1040,,
1040,Activity C,8.881975184248867
1040,,
1040,,
1040,Activity K,9.798182590890704
1040,,
1040,Activity M,9.798182590890704
1040,,
1040,,
1040,,
1040,,
1040,,
1040,Activity F,10.268165387743457
1041,Activity A,0.0
1041,,
1041,Activity C,8.881975184248867
1041,,
1041,Activity E,9.575052927597383
1041,Activity G,9.798182590890704
1041,,
1041,,
1041,,
1041,,
1041,Activity N,9.980494888896912
1041,Activity L,9.980494888896912
1041,,
1041,,
1042,,
1042,Activity B,8.188966863648876
1042,,
1042,,
1042,,
1042,,
1042,,
1042,Activity K,9.798182590890704
1042,,
1042,Activity J,9.980494888896912
1042,Activity N,9.980494888896912
1042,,
1042,Activity H,10.134638955251866
1042,,
1043,Activity A,0.0
1043,,
1043,Activity C,8.881975184248867
1043,,
1043,Activity E,9.575052927597383
1043,,
1043,,
1043,,
1043,,
1043,Activity I,9.980494888896912
1043,Activity J,9.980494888896912
1043,,
1043,,
1043,,
1044,Activity A,0.0
1044,Activity B,8.188966863648876
1044,,
1044,,
1044,Activity E,9.575052927597383
1044,Activity M,9.798182590890704
1044,Activity K,9.798182590890704
1044,,
1044,,
1044,Activity L,9.980494888896912
1044,Activity I,9.980494888896912
1044,,
1044,,
1044,,
1045,Activity A,0.0
1045,,
1045,Activity C,8.881975184248867
1045,,
1045,,
1045,,
1045,,
1045,,
1045,,
1045,Activity J,9.980494888896912
1045,Activity L,9.980494888896912
1045,Activity N,9.980494888896912
1045,,
1045,,
1046,Activity A,0.0
1046,,
1046,,
1046,Activity D,9.287394001418473
1046,Activity E,9.575052927597383
1046,,
1046,Activity G,9.798182590890704
1046,Activity M,9.798182590890704
1046,Activity L,9.980494888896912
1046,Activity J,9.980494888896912
1046,Activity I,9.980494888896912
1046,Activity N,9.980494888896912
1046,,
1046,,
1047,Activity A,0.0
1047,,
1047,,
1047,Activity D,9.287394001418473
1047,,
1047,Activity K,9.798182590890704
1047,Activity M,9.798182590890704
1047,,
1047,,
1047,,
1047,Activity I,9.980494888896912
1047,Activity J,9.980494888896912
1047,,
1047,Activity F,10.268165387743457
1048,,
1048,Activity B,8.188966863648876
1048,Activity C,8.881975184248867
1048,Activity D,9.287394001418473
1048,,
1048,Activity K,9.798182590890704
1048,Activity G,9.798182590890704
1048,,
1048,Activity L,9.980494888896912
1048,Activity J,9.980494888896912
1048,,
1048,Activity N,9.980494888896912
1048,,
1048,Activity F,10.268165387743457
1049,,
1049,Activity B,8.188966863648876
1049,Activity C,8.881975184248867
1049,,
1049,Activity E,9.575052927597383
1049,,
1049,,
1049,Activity K,9.798182590890704
1049,Activity J,9.980494888896912
1049,,
1049,Activity N,9.980494888896912
1049,Activity L,9.980494888896912
1049,Activity H,10.134638955251866
1049,,
1050,Activity A,0.0
1050,,
1050,,
1050,Activity D,9.287394001418473
1050,Activity E,9.575052927597383
1050,,
1050,,
1050,,
1050,Activity N,9.980494888896912
1050,,
1050,Activity J,9.980494888896912
1050,Activity I,9.980494888896912
1050,,
1050,,
1051,,
1051,,
1051,,
1051,Activity D,9.287394001418473
1051,Activity E,9.575052927597383
1051,Activity K,9.798182590890704
1051,,
1051,,
1051,,
1051,,
1051,,
1051,Activity N,9.980494888896912
1051,,
1051,,
1052,Activity A,0.0
1052,Activity B,8.188966863648876
1052,,
1052,,
1052,,
1052,,
1052,,
1052,Activity M,9.798182590890704
1052,Activity L,9.980494888896912
1052,Activity J,9.980494888896912
1052,,
1052,Activity N,9.980494888896912
1052,,
1052,Activity F,10.268165387743457
1053,,
1053,Activity B,8.188966863648876
1053,,
1053,,
1053,Activity E,9.575052927597383
1053,Activity K,9.798182590890704
1053,Activity G,9.798182590890704
1053,Activity M,9.798182590890704
1053,,
1053,Activity I,9.980494888896912
1053,Activity J,9.980494888896912
1053,Activity N,9.980494888896912
1053,Activity H,10.134638955251866
1053,,
1054,,
1054,Activity B,8.188966863648876
1054,Activity C,8.881975184248867
1054,Activity D,9.287394001418473
1054,Activity E,9.575052927597383
1054,,
1054,,
1054,Activity G,9.798182590890704
1054,Activity N,9.980494888896912
1054,Activity L,9.980494888896912
1054,Activity I,9.980494888896912
1054,,
1054,Activity H,10.134638955251866
1054,Activity F,10.268165387743457
1055,Activity A,0.0
1055,Activity B,8.188966863648876
1055,Activity C,8.881975184248867
1055,,
1055,Activity E,9.575052927597383
1055,,
1055,,
1055,Activity G,9.798182590890704
1055,Activity L,9.980494888896912
1055,Activity N,9.980494888896912
1055,Activity J,9.980494888896912
1055,,
1055,Activity H,10.134638955251866
1055,Activity F,10.268165387743457
1056,,
1056,,
1056,,
1056,,
1056,,
1056,,
1056,Activity K,9.798182590890704
1056,Activity G,9.798182590890704
1056,Activity N,9.980494888896912
1056,Activity L,9.980494888896912
1056,,
1056,,
1056,,
1056,,
1057,Activity A,0.0
1057,,
1057,Activity C,8.881975184248867
1057,,
1057,Activity E,9.575052927597383
1057,Activity K,9.798182590890704
1057,,
1057,,
1057,,
1057,,
1057,Activity J,9.980494888896912
1057,,
1057,,
1057,,
1058,,
1058,Activity B,8.188966863648876
1058,Activity C,8.881975184248867
1058,Activity D,9.287394001418473
1058,,
1058,,
1058,,
1058,Activity G,9.798182590890704
1058,,
1058,Activity L,9.980494888896912
1058,,
1058,Activity J,9.980494888896912
1058,,
1058,,
1059,Activity A,0.0
1059,Activity B,8.188966863648876
1059,Activity C,8.881975184248867
1059,Activity D,9.287394001418473
1059,Activity E,9.575052927597383
1059,Activity G,9.798182590890704
1059,,
1059,Activity M,9.798182590890704
1059,,
1059,,
1059,Activity L,9.980494888896912
1059,Activity N,9.980494888896912
1059,Activity H,10.134638955251866
1059,Activity F,10.268165387743457
1060,,
1060,,
1060,Activity C,8.881975184248867
1060,Activity D,9.287394001418473
1060,Activity E,9.575052927597383
1060,,
1060,,
1060,,
1060,,
1060,Activity I,9.980494888896912
1060,Activity L,9.980494888896912
1060,,
1060,Activity H,10.134638955251866
1060,Activity F,10.268165387743457
1061,,
1061,,
1061,Activity C,8.881975184248867
1061,,
1061,,
1061,,
1061,Activity K,9.798182590890704
1061,Activity M,9.798182590890704
1061,Activity I,9.980494888896912
1061,Activity J,9.980494888896912
1061,,
1061,,
1061,,
1061,Activity F,10.268165387743457
1062,Activity A,0.0
1062,,
1062,Activity C,8.881975184248867
1062,,
1062,Activity E,9.575052927597383
1062,Activity G,9.798182590890704
1062,Activity M,9.798182590890704
1062,,
1062,,
1062,Activity I,9.980494888896912
1062,Activity N,9.980494888896912
1062,,
1062,,
1062,,
1063,Activity A,0.0
1063,,
1063,,
1063,Activity D,9.287394001418473
1063,,
1063,Activity G,9.798182590890704
1063,Activity M,9.798182590890704
1063,,
1063,Activity I,9.980494888896912
1063,,
1063,,
1063,Activity L,9.980494888896912
1063,Activity H,10.134638955251866
1063,Activity F,10.268165387743457
1064,,
1064,Activity B,8.188966863648876
1064,Activity C,8.881975184248867
1064,,
1064,Activity E,9.575052927597383
1064,,
1064,Activity M,9.798182590890704
1064,Activity K,9.798182590890704
1064,Activity I,9.980494888896912
1064,Activity J,9.980494888896912
1064,Activity N,9.980494888896912
1064,,
1064,Activity H,10.134638955251866
1064,,
1065,,
1065,,
1065,,
1065,,
1065,,
1065,Activity G,9.798182590890704
1065,Activity K,9.798182590890704
1065,,
1065,,
1065,,
1065,,
1065,,
1065,Activity H,10.134638955251866
1065,,
1066,,
1066,,
1066,,
1066,Activity D,9.287394001418473
1066,Activity E,9.575052927597383
1066,,
1066,Activity K,9.798182590890704
1066,Activity G,9.798182590890704
1066,,
1066,Activity L,9.980494888896912
1066,Activity J,9.980494888896912
1066,Activity I,9.980494888896912
1066,Activity H,10.134638955251866
1066,,
1067,,
1067,Activity B,8.188966863648876
1067,,
1067,,
1067,Activity E,9.575052927597383
1067,Activity K,9.798182590890704
1067,,
1067,Activity G,9.798182590890704
1067,Activity L,9.980494888896912
1067,Activity N,9.980494888896912
1067,Activity J,9.980494888896912
1067,,
1067,,
1067,Activity F,10.268165387743457
1068,Activity A,0.0
1068,Activity B,8.188966863648876
1068,,
1068,,
1068,Activity E,9.575052927597383
1068,,
1068,,
1068,,
1068,Activity N,9.980494888896912
1068,Activity L,9.980494888896912
1068,Activity J,9.980494888896912
1068,,
1068,Activity H,10.134638955251866
1068,Activity F,10.268165387743457
1069,Activity A,0.0
1069,,
1069,Activity C,8.881975184248867
1069,,
1069,,
1069,Activity M,9.798182590890704
1069,,
1069,,
1069,,
1069,,
1069,Activity I,9.980494888896912
1069,,
1069,Activity H,10.134638955251866
1069,Activity F,10.268165387743457
1070,Activity A,0.0
1070,Activity B,8.188966863648876
1070,,
1070,Activity D,9.287394001418473
1070,,
1070,Activity K,9.798182590890704
1070,,
1070,,
1070,,
1070,Activity N,9.980494888896912
1070,,
1070,,
1070,Activity H,10.134638955251866
1070,,
1071,Activity A,0.0
1071,Activity B,8.188966863648876
1071,Activity C,8.881975184248867
1071,,
1071,,
1071,,
1071,Activity G,9.798182590890704
1071,,
1071,Activity L,9.980494888896912
1071,,
1071,,
1071,Activity N,9.980494888896912
1071,Activity H,10.134638955251866
1071,Activity F,10.268165387743457
1072,Activity A,0.0
1072,,
1072,,
1072,Activity D,9.287394001418473
1072,Activity E,9.575052927597383
1072,,
1072,,
1072,,
1072,,
1072,Activity I,9.980494888896912
1072,,
1072,Activity N,9.980494888896912
1072,,
1072,,
1073,,
1073,Activity B,8.188966863648876
1073,Activity C,8.881975184248867
1073,Activity D,9.287394001418473
1073,Activity E,9.575052927597383
1073,Activity M,9.798182590890704
1073,Activity K,9.798182590890704
1073,Activity G,9.798182590890704
1073,,
1073,,
1073,Activity I,9.980494888896912
1073,,
1073,,
1073,Activity F,10.268165387743457
1074,,
1074,,
1074,,
1074,,
1074,,
1074,Activity M,9.798182590890704
1074,Activity K,9.798182590890704
1074,,
1074,Activity N,9.980494888896912
1074,,
1074,,
1074,Activity I,9.980494888896912
1074,,
1074,,
1075,Activity A,0.0
1075,Activity B,8.188966863648876
1075,Activity C,8.881975184248867
1075,,
1075,,
1075,,
1075,Activity K,9.798182590890704
1075,Activity G,9.798182590890704
1075,,
1075,Activity L,9.980494888896912
1075,,
1075,Activity I,9.980494888896912
1075,,
1075,,
1076,,
1076,Activity B,8.188966863648876
1076,Activity C,8.881975184248867
1076,Activity D,9.287394001418473
1076,Activity E,9.575052927597383
1076,Activity K,9.798182590890704
1076,Activity M,9.798182590890704
1076,Activity G,9.798182590890704
1076,Activity L,9.980494888896912
1076,,
1076,,
1076,Activity I,9.980494888896912
1076,Activity H,10.134638955251866
1076,,
1077,,
1077,,
1077,,
1077,Activity D,9.287394001418473
1077,Activity E,9.575052927597383
1077,Activity K,9.798182590890704
1077,,
1077,,
1077,,
1077,Activity J,9.980494888896912
1077,Activity I,9.980494888896912
1077,Activity N,9.980494888896912
1077,Activity H,10.134638955251866
1077,Activity F,10.268165387743457
1078,Activity A,0.0
1078,,
1078,,
1078,,
1078,Activity E,9.575052927597383
1078,Activity M,9.798182590890704
1078,,
1078,,
1078,Activity N,9.980494888896912
1078,,
1078,,
1078,Activity J,9.980494888896912
1078,Activity H,10.134638955251866
1078,,
1079,Activity A,0.0
1079,Activity B,8.188966863648876
1079,Activity C,8.881975184248867
1079,Activity D,9.287394001418473
1079,,
1079,Activity G,9.798182590890704
1079,,
1079,Activity K,9.798182590890704
1079,,
1079,Activity J,9.980494888896912
1079,Activity N,9.980494888896912
1079,,
1079,,
1079,Activity F,10.268165387743457
1080,Activity A,0.0
1080,,
1080,Activity C,8.881975184248867
1080,Activity D,9.287394001418473
1080,Activity E,9.575052927597383
1080,,
1080,Activity K,9.798182590890704
1080,,
1080,Activity N,9.980494888896912
1080,Activity L,9.980494888896912
1080,,
1080,Activity J,9.980494888896912
1080,,
1080,Activity F,10.268165387743457
1081,Activity A,0.0
1081,,
1081,,
1081,Activity D,9.287394001418473
1081,Activity E,9.575052927597383
1081,,
1081,,
1081,,
1081,,
1081,,
1081,,
1081,,
1081,Activity H,10.134638955251866
1081,,
1082,,
1082,Activity B,8.188966863648876
1082,Activity C,8.881975184248867
1082,,
1082,Activity E,9.575052927597383
1082,Activity K,9.798182590890704
1082,,
1082,,
1082,,
1082,,
1082,,
1082,,
1082,Activity H,10.134638955251866
1082,,
1083,Activity A,0.0
1083,Activity B,8.188966863648876
1083,Activity C,8.881975184248867
1083,Activity D,9.287394001418473
1083,,
1083,,
1083,Activity G,9.798182590890704
1083,,
1083,Activity L,9.980494888896912
1083,Activity I,9.980494888896912
1083,Activity J,9.980494888896912
1083,,
1083,Activity H,10.134638955251866
1083,Activity F,10.268165387743457
1084,,
1084,,
1084,Activity C,8.881975184248867
1084,Activity D,9.287394001418473
1084,,
1084,,
1084,,
1084,Activity G,9.798182590890704
1084,Activity N,9.980494888896912
1084,Activity L,9.980494888896912
1084,,
1084,,
1084,,
1084,Activity F,10.268165387743457
1085,Activity A,0.0
1085,Activity B,8.188966863648876
1085,,
1085,Activity D,9.287394001418473
1085,Activity E,9.575052927597383
1085,,
1085,,
1085,Activity K,9.798182590890704
1085,,
1085,Activity J,9.980494888896912
1085,,
1085,Activity L,9.980494888896912
1085,,
1085,Activity F,10.268165387743457
1086,,
1086,Activity B,8.188966863648876
1086,Activity C,8.881975184248867
1086,,
1086,,
1086,Activity M,9.798182590890704
1086,Activity G,9.798182590890704
1086,Activity K,9.798182590890704
1086,Activity N,9.980494888896912
1086,Activity J,9.980494888896912
1086,Activity I,9.980494888896912
1086,,
1086,Activity H,10.134638955251866
1086,Activity F,10.268165387743457
1087,,
1087,Activity B,8.188966863648876
1087,,
1087,Activity D,9.287394001418473
1087,Activity E,9.575052927597383
1087,Activity G,9.798182590890704
1087,,
1087,Activity M,9.798182590890704
1087,,
1087,Activity I,9.980494888896912
1087,,
1087,,
1087,,
1087,,
1088,,
1088,Activity B,8.188966863648876
1088,Activity C,8.881975184248867
1088,Activity D,9.287394001418473
1088,Activity E,9.575052927597383
1088,,
1088,Activity M,9.798182590890704
1088,Activity K,9.798182590890704
1088,,
1088,,
1088,,
1088,,
1088,Activity H,10.134638955251866
1088,,
1089,Activity A,0.0
1089,Activity B,8.188966863648876
1089,,
1089,Activity D,9.287394001418473
1089,Activity E,9.575052927597383
1089,Activity M,9.798182590890704
1089,,
1089,,
1089,Activity N,9.980494888896912
1089,,
1089,Activity I,9.980494888896912
1089,,
1089,,
1089,Activity F,10.268165387743457
1090,,
1090,,
1090,Activity C,8.881975184248867
1090,,
1090,Activity E,9.575052927597383
1090,Activity K,9.798182590890704
1090,,
1090,,
1090,,
1090,Activity N,9.980494888896912
1090,,
1090,,
1090,Activity H,10.134638955251866
1090,Activity F,10.268165387743457
1091,Activity A,0.0
1091,,
1091,,
1091,,
1091,Activity E,9.575052927597383
1091,Activity M,9.798182590890704
1091,Activity G,9.798182590890704
1091,Activity K,9.798182590890704
1091,Activity N,9.980494888896912
1091,,
1091,,
1091,Activity L,9.980494888896912
1091,Activity H,10.134638955251866
1091,,
1092,Activity A,0.0
1092,,
1092,,
1092,,
1092,Activity E,9.575052927597383
1092,Activity M,9.798182590890704
1092,,
1092,,
1092,,
1092,,
1092,Activity I,9.980494888896912
1092,,
1092,,
1092,,
1093,,
1093,,
1093,Activity C,8.881975184248867
1093,Activity D,9.287394001418473
1093,,
1093,,
1093,,
1093,Activity K,9.798182590890704
1093,Activity N,9.980494888896912
1093,Activity J,9.980494888896912
1093,,
1093,,
1093,,
1093,Activity F,10.268165387743457
1094,Activity A,0.0
1094,Activity B,8.188966863648876
1094,Activity C,8.881975184248867
1094,,
1094,Activity E,9.575052927597383
1094,,
1094,Activity K,9.798182590890704
1094,Activity M,9.798182590890704
1094,Activity J,9.980494888896912
1094,,
1094,,
1094,,
1094,,
1094,Activity F,10.268165387743457
1095,,
1095,Activity B,8.188966863648876
1095,,
1095,Activity D,9.287394001418473
1095,,
1095,Activity G,9.798182590890704
1095,,
1095,,
1095,,
1095,Activity I,9.980494888896912
1095,,
1095,Activity N,9.980494888896912
1095,Activity H,10.134638955251866
1095,,
1096,,
1096,,
1096,Activity C,8.881975184248867
1096,Activity D,9.287394001418473
1096,Activity E,9.575052927597383
1096,Activity K,9.798182590890704
1096,,
1096,,
1096,Activity L,9.980494888896912
1096,Activity J,9.980494888896912
1096,Activity I,9.980494888896912
1096,Activity N,9.980494888896912
1096,Activity H,10.134638955251866
1096,Activity F,10.268165387743457
1097,Activity A,0.0
1097,,
1097,,
1097,Activity D,9.287394001418473
1097,Activity E,9.575052927597383
1097,,
1097,,
1097,Activity K,9.798182590890704
1097,,
1097,Activity I,9.980494888896912
1097,,
1097,Activity L,9.980494888896912
1097,Activity H,10.134638955251866
1097,,
1098,Activity A,0.0
1098,,
1098,,
1098,Activity D,9.287394001418473
1098,Activity E,9.575052927597383
1098,,
1098,Activity G,9.798182590890704
1098,Activity M,9.798182590890704
1098,Activity L,9.980494888896912
1098,,
1098,,
1098,Activity N,9.980494888896912
1098,,
1098,Activity F,10.268165387743457
1099,Activity A,0.0
1099,Activity B,8.188966863648876
1099,Activity C,8.881975184248867
1099,,
1099,,
1099,Activity G,9.798182590890704
1099,,
1099,,
1099,Activity J,9.980494888896912
1099,,
1099,,
1099,Activity N,9.980494888896912
1099,,
1099,,
1100,,
1100,Activity B,8.188966863648876
1100,,
1100,Activity D,9.287394001418473
1100,,
1100,,
1100,Activity K,9.798182590890704
1100,Activity M,9.798182590890704
1100,Activity I,9.980494888896912
1100,Activity J,9.980494888896912
1100,Activity L,9.980494888896912
1100,Activity N,9.980494888896912
1100,Activity H,10.134638955251866
1100,Activity F,10.268165387743457
1101,Activity A,0.0
1101,,
1101,,
1101,,
1101,Activity E,9.575052927597383
1101,,
1101,Activity K,9.798182590890704
1101,Activity G,9.798182590890704
1101,Activity N,9.980494888896912
1101,,
1101,Activity I,9.980494888896912
1101,,
1101,Activity H,10.134638955251866
1101,,
1102,Activity A,0.0
1102,Activity B,8.188966863648876
1102,Activity C,8.881975184248867
1102,,
1102,Activity E,9.575052927597383
1102,,
1102,,
1102,,
1102,,
1102,,
1102,Activity I,9.980494888896912
1102,Activity J,9.980494888896912
1102,,
1102,Activity F,10.268165387743457
1103,Activity A,0.0
1103,,
1103,Activity C,8.881975184248867
1103,Activity D,9.287394001418473
1103,Activity E,9.575052927597383
1103,,
1103,,
1103,Activity M,9.798182590890704
1103,,
1103,Activity J,9.980494888896912
1103,,
1103,Activity N,9.980494888896912
1103,Activity H,10.134638955251866
1103,,
1104,Activity A,0.0
1104,,
1104,Activity C,8.881975184248867
1104,,
1104,Activity E,9.575052927597383
1104,Activity G,9.798182590890704
1104,,
1104,,
1104,,
1104,,
1104,,
1104,,
1104,Activity H,10.134638955251866
1104,,
1105,Activity A,0.0
1105,,
1105,,
1105,,
1105,Activity E,9.575052927597383
1105,,
1105,Activity K,9.798182590890704
1105,Activity M,9.798182590890704
1105,Activity I,9.980494888896912
1105,Activity J,9.980494888896912
1105,,
1105,,
1105,,
1105,,
1106,,
1106,,
1106,,
1106,Activity D,9.287394001418473
1106,Activity E,9.575052927597383
1106,,
1106,,
1106,,
1106,,
1106,Activity J,9.980494888896912
1106,Activity I,9.980494888896912
1106,,
1106,,
1106,,
1107,,
1107,Activity B,8.188966863648876
1107,,
1107,,
1107,,
1107,,
1107,,
1107,,
1107,,
1107,,
1107,,
1107,,
1107,Activity H,10.134638955251866
1107,Activity F,10.268165387743457
1108,,
1108,,
1108,,
1108,Activity D,9.287394001418473
1108,Activity E,9.575052927597383
1108,Activity G,9.798182590890704
1108,Activity M,9.798182590890704
1108,Activity K,9.798182590890704
1108,,
1108,,
1108,,
1108,,
1108,Activity H,10.134638955251866
1108,Activity F,10.268165387743457
1109,,
1109,,
1109,,
1109,,
1109,,
1109,,
1109,Activity M,9.798182590890704
1109,Activity K,9.798182590890704
1109,Activity J,9.980494888896912
1109,Activity I,9.980494888896912
1109,,
1109,,
1109,Activity H,10.134638955251866
1109,Activity F,10.268165387743457
1110,Activity A,0.0
1110,,
1110,,
1110,Activity D,9.287394001418473
1110,Activity E,9.575052927597383
1110,,
1110,Activity K,9.798182590890704
1110,,
1110,Activity N,9.980494888896912
1110,,
1110,,
1110,Activity I,9.980494888896912
1110,Activity H,10.134638955251866
1110,Activity F,10.268165387743457
1111,Activity A,0.0
1111,Activity B,8.188966863648876
1111,Activity C,8.881975184248867
1111,Activity D,9.287394001418473
1111,,
1111,Activity M,9.798182590890704
1111,Activity G,9.798182590890704
1111,Activity K,9.798182590890704
1111,Activity N,9.980494888896912
1111,,
1111,Activity J,9.980494888896912
1111,,
1111,Activity H,10.134638955251866
1111,,
1112,,
1112,,
1112,,
1112,,
1112,,
1112,,
1112,Activity K,9.798182590890704
1112,Activity M,9.798182590890704
1112,,
1112,Activity I,9.980494888896912
1112,,
1112,,
1112,Activity H,10.134638955251866
1112,,
1113,,
1113,,
1113,,
1113,Activity D,9.287394001418473
1113,,
1113,Activity G,9.798182590890704
1113,,
1113,Activity K,9.798182590890704
1113,Activity I,9.980494888896912
1113,Activity J,9.980494888896912
1113,Activity N,9.980494888896912
1113,Activity L,9.980494888896912
1113,Activity H,10.134638955251866
1113,Activity F,10.268165387743457
1114,Activity A,0.0
1114,,
1114,Activity C,8.881975184248867
1114,Activity D,9.287394001418473
1114,Activity E,9.575052927597383
1114,,
1114,,
1114,,
1114,Activity N,9.980494888896912
1114,Activity I,9.980494888896912
1114,,
1114,,
1114,Activity H,10.134638955251866
1114,,
1115,Activity A,0.0
1115,Activity B,8.188966863648876
1115,,
1115,Activity D,9.287394001418473
1115,,
1115,Activity M,9.798182590890704
1115,,
1115,,
1115,,
1115,Activity J,9.980494888896912
1115,Activity I,9.980494888896912
1115,Activity L,9.980494888896912
1115,,
1115,,
1116,,
1116,Activity B,8.188966863648876
1116,,
1116,Activity D,9.287394001418473
1116,Activity E,9.575052927597383
1116,,
1116,Activity M,9.798182590890704
1116,Activity K,9.798182590890704
1116,,
1116,Activity I,9.980494888896912
1116,Activity N,9.980494888896912
1116,Activity L,9.980494888896912
1116,Activity H,10.134638955251866
1116,Activity F,10.268165387743457
1117,,
1117,,
1117,Activity C,8.881975184248867
1117,Activity D,9.287394001418473
1117,Activity E,9.575052927597383
1117,Activity M,9.798182590890704
1117,,
1117,Activity K,9.798182590890704
1117,Activity N,9.980494888896912
1117,,
1117,,
1117,Activity L,9.980494888896912
1117,Activity H,10.134638955251866
1117,Activity F,10.268165387743457
1118,,
1118,,
1118,Activity C,8.881975184248867
1118,,
1118,Activity E,9.575052927597383
1118,Activity M,9.798182590890704
1118,Activity G,9.798182590890704
1118,Activity K,9.798182590890704
1118,,
1118,Activity I,9.980494888896912
1118,,
1118,,
1118,Activity H,10.134638955251866
1118,,
1119,,
1119,Activity B,8.188966863648876
1119,,
1119,,
1119,,
1119,Activity M,9.798182590890704
1119,Activity K,9.798182590890704
1119,,
1119,Activity N,9.980494888896912
1119,,
1119,,
1119,,
1119,,
1119,,
1120,Activity A,0.0
1120,,
1120,,
1120,,
1120,Activity E,9.575052927597383
1120,Activity G,9.798182590890704
1120,Activity K,9.798182590890704
1120,,
1120,,
1120,,
1120,,
1120,,
1120,Activity H,10.134638955251866
1120,,
1121,Activity A,0.0
1121,Activity B,8.188966863648876
1121,Activity C,8.881975184248867
1121,,
1121,,
1121,,
1121,,
1121,,
1121,,
1121,,
1121,,
1121,Activity L,9.980494888896912
1121,Activity H,10.134638955251866
1121,Activity F,10.268165387743457
1122,Activity A,0.0
1122,,
1122,,
1122,Activity D,9.287394001418473
1122,Activity E,9.575052927597383
1122,Activity M,9.798182590890704
1122,,
1122,,
1122,Activity N,9.980494888896912
1122,,
1122,,
1122,Activity J,9.980494888896912
1122,Activity H,10.134638955251866
1122,,
1123,Activity A,0.0
1123,,
1123,Activity C,8.881975184248867
1123,,
1123,Activity E,9.575052927597383
1123,Activity K,9.798182590890704
1123,,
1123,Activity G,9.798182590890704
1123,,
1123,,
1123,Activity I,9.980494888896912
1123,,
1123,Activity H,10.134638955251866
1123,,
1124,Activity A,0.0
1124,Activity B,8.188966863648876
1124,Activity C,8.881975184248867
1124,Activity D,9.287394001418473
1124,,
1124,Activity G,9.798182590890704
1124,,
1124,Activity M,9.798182590890704
1124,Activity J,9.980494888896912
1124,Activity I,9.980494888896912
1124,,
1124,,
1124,Activity H,10.134638955251866
1124,Activity F,10.268165387743457
1125,Activity A,0.0
1125,,
1125,,
1125,,
1125,,
1125,,
1125,Activity G,9.798182590890704
1125,Activity M,9.798182590890704
1125,,
1125,Activity I,9.980494888896912
1125,Activity J,9.980494888896912
1125,Activity N,9.980494888896912
1125,Activity H,10.134638955251866
1125,Activity F,10.268165387743457
1126,Activity A,0.0
1126,,
1126,Activity C,8.881975184248867
1126,,
1126,,
1126,,
1126,Activity G,9.798182590890704
1126,Activity M,9.798182590890704
1126,Activity L,9.980494888896912
1126,Activity I,9.980494888896912
1126,Activity J,9.980494888896912
1126,Activity N,9.980494888896912
1126,Activity H,10.134638955251866
1126,Activity F,10.268165387743457
1127,Activity A,0.0
1127,Activity B,8.188966863648876
1127,,
1127,Activity D,9.287394001418473
1127,,
1127,,
1127,,
1127,Activity K,9.798182590890704
1127,,
1127,Activity J,9.980494888896912
1127,Activity I,9.980494888896912
1127,,
1127,Activity H,10.134638955251866
1127,Activity F,10.268165387743457
1128,Activity A,0.0
1128,Activity B,8.188966863648876
1128,,
1128,,
1128,,
1128,,
1128,,
1128,Activity G,9.798182590890704
1128,,
1128,,
1128,Activity I,9.980494888896912
1128,Activity J,9.980494888896912
1128,,
1128,,
1129,Activity A,0.0
1129,Activity B,8.188966863648876
1129,Activity C,8.881975184248867
1129,,
1129,Activity E,9.575052927597383
1129,Activity G,9.798182590890704
1129,Activity M,9.798182590890704
1129,,
1129,,
1129,,
1129,,
1129,,
1129,Activity H,10.134638955251866
1129,Activity F,10.268165387743457
1130,Activity A,0.0
1130,Activity B,8.188966863648876
1130,Activity C,8.881975184248867
1130,Activity D,9.287394001418473
1130,,
1130,Activity K,9.798182590890704
1130,,
1130,Activity M,9.798182590890704
1130,Activity L,9.980494888896912
1130,,
1130,,
1130,Activity N,9.980494888896912
1130,Activity H,10.134638955251866
1130,,
1131,,
1131,Activity B,8.188966863648876
1131,,
1131,,
1131,,
1131,Activity K,9.798182590890704
1131,,
1131,,
1131,Activity L,9.980494888896912
1131,,
1131,,
1131,,
1131,,
1131,Activity F,10.268165387743457
1132,,
1132,,
1132,,
1132,Activity D,9.287394001418473
1132,,
1132,,
1132,Activity G,9.798182590890704
1132,,
1132,,
1132,Activity I,9.980494888896912
1132,,
1132,,
1132,Activity H,10.134638955251866
1132,Activity F,10.268165387743457
1133,Activity A,0.0
1133,Activity B,8.188966863648876
1133,Activity C,8.881975184248867
1133,,
1133,Activity E,9.575052927597383
1133,Activity M,9.798182590890704
1133,Activity G,9.798182590890704
1133,,
1133,,
1133,,
1133,Activity J,9.980494888896912
1133,Activity L,9.980494888896912
1133,Activity H,10.134638955251866
1133,Activity F,10.268165387743457
1134,,
1134,,
1134,,
1134,,
1134,,
1134,Activity K,9.798182590890704
1134,,
1134,Activity G,9.798182590890704
1134,Activity L,9.980494888896912
1134,,
1134,,
1134,Activity J,9.980494888896912
1134,Activity H,10.134638955251866
1134,Activity F,10.268165387743457
1135,Activity A,0.0
1135,,
1135,Activity C,8.881975184248867
1135,,
1135,Activity E,9.575052927597383
1135,,
1135,Activity K,9.798182590890704
1135,Activity G,9.798182590890704
1135,Activity N,9.980494888896912
1135,,
1135,,
1135,,
1135,,
1135,,
1136,,
1136,Activity B,8.188966863648876
1136,Activity C,8.881975184248867
1136,Activity D,9.287394001418473
1136,,
1136,Activity K,9.798182590890704
1136,,
1136,Activity G,9.798182590890704
1136,Activity L,9.980494888896912
1136,Activity N,9.980494888896912
1136,Activity I,9.980494888896912
1136,,
1136,,
1136,,
1137,,
1137,,
1137,Activity C,8.881975184248867
1137,Activity D,9.287394001418473
1137,,
1137,Activity M,9.798182590890704
1137,,
1137,,
1137,,
1137,Activity L,9.980494888896912
1137,Activity J,9.980494888896912
1137,Activity I,9.980494888896912
1137,,
1137,Activity F,10.268165387743457
1138,,
1138,Activity B,8.188966863648876
1138,,
1138,,
1138,,
1138,,
1138,Activity K,9.798182590890704
1138,,
1138,,
1138,Activity L,9.980494888896912
1138,,
1138,Activity I,9.980494888896912
1138,,
1138,,
1139,,
1139,,
1139,,
1139,Activity D,9.287394001418473
1139,,
1139,Activity K,9.798182590890704
1139,,
1139,,
1139,Activity L,9.980494888896912
1139,Activity J,9.980494888896912
1139,Activity I,9.980494888896912
1139,,
1139,,
1139,,
1140,,
1140,,
1140,,
1140,Activity D,9.287394001418473
1140,Activity E,9.575052927597383
1140,,
1140,,
1140,Activity G,9.798182590890704
1140,,
1140,Activity L,9.980494888896912
1140,Activity J,9.980494888896912
1140,,
1140,,
1140,Activity F,10.268165387743457
1141,Activity A,0.0
1141,,
1141,,
1141,,
1141,Activity E,9.575052927597383
1141,Activity M,9.798182590890704
1141,,
1141,Activity G,9.798182590890704
1141,,
1141,,
1141,,
1141,,
1141,Activity H,10.134638955251866
1141,Activity F,10.268165387743457
1142,,
1142,,
1142,,
1142,Activity D,9.287394001418473
1142,,
1142,Activity M,9.798182590890704
1142,Activity K,9.798182590890704
1142,Activity G,9.798182590890704
1142,Activity N,9.980494888896912
1142,Activity L,9.980494888896912
1142,,
1142,,
1142,,
1142,Activity F,10.268165387743457
1143,Activity A,0.0
1143,,
1143,Activity C,8.881975184248867
1143,,
1143,Activity E,9.575052927597383
1143,Activity M,9.798182590890704
1143,Activity G,9.798182590890704
1143,,
1143,Activity N,9.980494888896912
1143,,
1143,,
1143,,
1143,,
1143,,
1144,,
1144,Activity B,8.188966863648876
1144,Activity C,8.881975184248867
1144,,
1144,Activity E,9.575052927597383
1144,,
1144,,
1144,,
1144,,
1144,,
1144,,
1144,,
1144,Activity H,10.134638955251866
1144,,
1145,,
1145,,
1145,,
1145,Activity D,9.287394001418473
1145,Activity E,9.575052927597383
1145,,
1145,Activity G,9.798182590890704
1145,Activity K,9.798182590890704
1145,Activity N,9.980494888896912
1145,Activity I,9.980494888896912
1145,,
1145,Activity L,9.980494888896912
1145,,
1145,,
1146,Activity A,0.0
1146,,
1146,,
1146,,
1146,Activity E,9.575052927597383
1146,Activity M,9.798182590890704
1146,,
1146,,
1146,Activity N,9.980494888896912
1146,Activity L,9.980494888896912
1146,,
1146,Activity J,9.980494888896912
1146,,
1146,Activity F,10.268165387743457
1147,Activity A,0.0
1147,Activity B,8.188966863648876
1147,Activity C,8.881975184248867
1147,,
1147,,
1147,Activity K,9.798182590890704
1147,Activity M,9.798182590890704
1147,,
1147,Activity L,9.980494888896912
1147,Activity N,9.980494888896912
1147,Activity J,9.980494888896912
1147,,
1147,,
1147,Activity F,10.268165387743457
1148,,
1148,Activity B,8.188966863648876
1148,,
1148,,
1148,Activity E,9.575052927597383
1148,Activity K,9.798182590890704
1148,Activity G,9.798182590890704
1148,Activity M,9.798182590890704
1148,Activity L,9.980494888896912
1148,Activity J,9.980494888896912
1148,,
1148,,
1148,Activity H,10.134638955251866
1148,,
1149,Activity A,0.0
1149,,
1149,Activity C,8.881975184248867
1149,,
1149,Activity E,9.575052927597383
1149,Activity M,9.798182590890704
1149,Activity K,9.798182590890704
1149,,
1149,,
1149,Activity L,9.980494888896912
1149,,
1149,,
1149,,
1149,,
1150,Activity A,0.0
1150,Activity B,8.188966863648876
1150,Activity C,8.881975184248867
1150,Activity D,9.287394001418473
1150,,
1150,,
1150,Activity M,9.798182590890704
1150,Activity G,9.798182590890704
1150,Activity L,9.980494888896912
1150,,
1150,Activity J,9.980494888896912
1150,,
1150,,
1150,Activity F,10.268165387743457
1151,,
1151,Activity B,8.188966863648876
1151,Activity C,8.881975184248867
1151,,
1151,,
1151,Activity K,9.798182590890704
1151,,
1151,Activity M,9.798182590890704
1151,,
1151,Activity I,9.980494888896912
1151,,
1151,Activity N,9.980494888896912
1151,Activity H,10.134638955251866
1151,Activity F,10.268165387743457
1152,Activity A,0.0
1152,,
1152,,
1152,,
1152,,
1152,,
1152,Activity M,9.798182590890704
1152,Activity K,9.798182590890704
1152,Activity J,9.980494888896912
1152,Activity I,9.980494888896912
1152,Activity N,9.980494888896912
1152,Activity L,9.980494888896912
1152,Activity H,10.134638955251866
1152,,
1153,Activity A,0.0
1153,Activity B,8.188966863648876
1153,Activity C,8.881975184248867
1153,Activity D,9.287394001418473
1153,Activity E,9.575052927597383
1153,,
1153,Activity G,9.798182590890704
1153,Activity K,9.798182590890704
1153,Activity N,9.980494888896912
1153,Activity J,9.980494888896912
1153,,
1153,Activity L,9.980494888896912
1153,,
1153,,
1154,Activity A,0.0
1154,Activity B,8.188966863648876
1154,Activity C,8.881975184248867
1154,,
1154,,
1154,Activity M,9.798182590890704
1154,Activity K,9.798182590890704
1154,,
1154,Activity N,9.980494888896912
1154,,
1154,Activity J,9.980494888896912
1154,Activity I,9.980494888896912
1154,Activity H,10.134638955251866
1154,Activity F,10.268165387743457
1155,,
1155,,
1155,Activity C,8.881975184248867
1155,,
1155,Activity E,9.575052927597383
1155,Activity G,9.798182590890704
1155,,
1155,Activity M,9.798182590890704
1155,Activity I,9.980494888896912
1155,,
1155,Activity L,9.980494888896912
1155,,
1155,,
1155,,
1156,,
1156,Activity B,8.188966863648876
1156,Activity C,8.881975184248867
1156,,
1156,,
1156,Activity K,9.798182590890704
1156,,
1156,Activity G,9.798182590890704
1156,Activity L,9.980494888896912
1156,Activity N,9.980494888896912
1156,,
1156,Activity I,9.980494888896912
1156,,
1156,,
1157,Activity A,0.0
1157,,
1157,Activity C,8.881975184248867
1157,Activity D,9.287394001418473
1157,Activity E,9.575052927597383
1157,Activity K,9.798182590890704
1157,,
1157,Activity M,9.798182590890704
1157,,
1157,Activity J,9.980494888896912
1157,,
1157,Activity N,9.980494888896912
1157,Activity H,10.134638955251866
1157,Activity F,10.268165387743457
1158,,
1158,,
1158,,
1158,Activity D,9.287394001418473
1158,Activity E,9.575052927597383
1158,Activity M,9.798182590890704
1158,Activity K,9.798182590890704
1158,,
1158,,
1158,,
1158,,
1158,,
1158,Activity H,10.134638955251866
1158,Activity F,10.268165387743457
1159,Activity A,0.0
1159,,
1159,Activity C,8.881975184248867
1159,,
1159,,
1159,Activity K,9.798182590890704
1159,Activity G,9.798182590890704
1159,Activity M,9.798182590890704
1159,,
1159,,
1159,Activity I,9.980494888896912
1159,Activity N,9.980494888896912
1159,,
1159,Activity F,10.268165387743457
1160,,
1160,Activity B,8.188966863648876
1160,,
1160,Activity D,9.287394001418473
1160,,
1160,,
1160,Activity K,9.798182590890704
1160,,
1160,,
1160,Activity L,9.980494888896912
1160,Activity J,9.980494888896912
1160,Activity I,9.980494888896912
1160,Activity H,10.134638955251866
1160,Activity F,10.268165387743457
1161,,
1161,,
1161,Activity C,8.881975184248867
1161,,
1161,,
1161,Activity K,9.798182590890704
1161,,
1161,,
1161,Activity L,9.980494888896912
1161,,
1161,Activity I,9.980494888896912
1161,,
1161,Activity H,10.134638955251866
1161,Activity F,10.268165387743457
1162,,
1162,,
1162,,
1162,,
1162,,
1162,,
1162,,
1162,,
1162,Activity L,9.980494888896912
1162,,
1162,,
1162,,
1162,Activity H,10.134638955251866
1162,,
1163,,
1163,Activity B,8.188966863648876
1163,,
1163,Activity D,9.287394001418473
1163,Activity E,9.575052927597383
1163,,
1163,Activity K,9.798182590890704
1163,Activity M,9.798182590890704
1163,Activity I,9.980494888896912
1163,,
1163,,
1163,Activity N,9.980494888896912
1163,Activity H,10.134638955251866
1163,,
1164,Activity A,0.0
1164,,
1164,Activity C,8.881975184248867
1164,Activity D,9.287394001418473
1164,,
1164,Activity K,9.798182590890704
1164,,
1164,,
1164,,
1164,,
1164,Activity J,9.980494888896912
1164,Activity N,9.980494888896912
1164,Activity H,10.134638955251866
1164,,
1165,Activity A,0.0
1165,Activity B,8.188966863648876
1165,Activity C,8.881975184248867
1165,Activity D,9.287394001418473
1165,Activity E,9.575052927597383
1165,Activity M,9.798182590890704
1165,Activity K,9.798182590890704
1165,Activity G,9.798182590890704
1165,Activity N,9.980494888896912
1165,,
1165,Activity J,9.980494888896912
1165,Activity I,9.980494888896912
1165,,
1165,,
1166,Activity A,0.0
1166,Activity B,8.188966863648876
1166,,
1166,,
1166,Activity E,9.575052927597383
1166,,
1166,,
1166,,
1166,Activity L,9.980494888896912
1166,,
1166,,
1166,Activity J,9.980494888896912
1166,,
1166,Activity F,10.268165387743457
1167,Activity A,0.0
1167,Activity B,8.188966863648876
1167,Activity C,8.881975184248867
1167,,
1167,Activity E,9.575052927597383
1167,,
1167,,
1167,,
1167,Activity I,9.980494888896912
1167,,
1167,Activity N,9.980494888896912
1167,Activity L,9.980494888896912
1167,,
1167,,
1168,Activity A,0.0
1168,Activity B,8.188966863648876
1168,,
1168,Activity D,9.287394001418473
1168,,
1168,Activity K,9.798182590890704
1168,,
1168,Activity G,9.798182590890704
1168,Activity L,9.980494888896912
1168,,
1168,,
1168,Activity J,9.980494888896912
1168,,
1168,Activity F,10.268165387743457
1169,,
1169,,
1169,,
1169,,
1169,,
1169,,
1169,,
1169,Activity G,9.798182590890704
1169,Activity N,9.980494888896912
1169,Activity L,9.980494888896912
1169,Activity J,9.980494888896912
1169,Activity I,9.980494888896912
1169,Activity H,10.134638955251866
1169,Activity F,10.268165387743457
1170,Activity A,0.0
1170,,
1170,Activity C,8.881975184248867
1170,Activity D,9.287394001418473
1170,,
1170,Activity G,9.798182590890704
1170,Activity M,9.798182590890704
1170,Activity K,9.798182590890704
1170,Activity I,9.980494888896912
1170,Activity J,9.980494888896912
1170,,
1170,,
1170,,
1170,Activity F,10.268165387743457
1171,,
1171,,
1171,,
1171,,
1171,Activity E,9.575052927597383
1171,,
1171,,
1171,Activity G,9.798182590890704
1171,Activity L,9.980494888896912
1171,Activity N,9.980494888896912
1171,,
1171,,
1171,Activity H,10.134638955251866
1171,Activity F,10.268165387743457
1172,,
1172,,
1172,,
1172,,
1172,Activity E,9.575052927597383
1172,Activity G,9.798182590890704
1172,Activity M,9.798182590890704
1172,Activity K,9.798182590890704
1172,,
1172,Activity I,9.980494888896912
1172,Activity N,9.980494888896912
1172,Activity L,9.980494888896912
1172,,
1172,Activity F,10.268165387743457
1173,Activity A,0.0
1173,,
1173,Activity C,8.881975184248867
1173,,
1173,Activity E,9.575052927597383
1173,Activity K,9.798182590890704
1173,,
1173,,
1173,Activity L,9.980494888896912
1173,,
1173,Activity J,9.980494888896912
1173,,
1173,,
1173,Activity F,10.268165387743457
1174,Activity A,0.0
1174,Activity B,8.188966863648876
1174,Activity C,8.881975184248867
1174,Activity D,9.287394001418473
1174,Activity E,9.575052927597383
1174,,
1174,,
1174,Activity M,9.798182590890704
1174,,
1174,,
1174,Activity J,9.980494888896912
1174,Activity N,9.980494888896912
1174,Activity H,10.134638955251866
1174,,
1175,Activity A,0.0
1175,,
1175,,
1175,,
1175,Activity E,9.575052927597383
1175,,
1175,Activity M,9.798182590890704
1175,Activity K,9.798182590890704
1175,Activity J,9.980494888896912
1175,Activity I,9.980494888896912
1175,,
1175,Activity L,9.980494888896912
1175,,
1175,Activity F,10.268165387743457
1176,Activity A,0.0
1176,Activity B,8.188966863648876
1176,Activity C,8.881975184248867
1176,Activity D,9.287394001418473
1176,,
1176,,
1176,Activity K,9.798182590890704
1176,,
1176,,
1176,Activity L,9.980494888896912
1176,,
1176,,
1176,,
1176,Activity F,10.268165387743457
1177,,
1177,,
1177,Activity C,8.881975184248867
1177,,
1177,Activity E,9.575052927597383
1177,,
1177,Activity M,9.798182590890704
1177,Activity K,9.798182590890704
1177,Activity I,9.980494888896912
1177,,
1177,Activity N,9.980494888896912
1177,Activity L,9.980494888896912
1177,,
1177,Activity F,10.268165387743457
1178,Activity A,0.0
1178,Activity B,8.188966863648876
1178,Activity C,8.881975184248867
1178,,
1178,,
1178,Activity K,9.798182590890704
1178,,
1178,Activity M,9.798182590890704
1178,,
1178,Activity I,9.980494888896912
1178,Activity J,9.980494888896912
1178,,
1178,,
1178,Activity F,10.268165387743457
1179,,
1179,,
1179,Activity C,8.881975184248867
1179,,
1179,Activity E,9.575052927597383
1179,Activity K,9.798182590890704
1179,Activity G,9.798182590890704
1179,,
1179,,
1179,Activity I,9.980494888896912
1179,,
1179,,
1179,Activity H,10.134638955251866
1179,Activity F,10.268165387743457
1180,,
1180,,
1180,,
1180,,
1180,,
1180,,
1180,,
1180,Activity K,9.798182590890704
1180,,
1180,Activity J,9.980494888896912
1180,Activity I,9.980494888896912
1180,,
1180,Activity H,10.134638955251866
1180,,
1181,,
1181,,
1181,Activity C,8.881975184248867
1181,Activity D,9.287394001418473
1181,Activity E,9.575052927597383
1181,,
1181,,
1181,Activity K,9.798182590890704
1181,,
1181,,
1181,Activity N,9.980494888896912
1181,,
1181,Activity H,10.134638955251866
1181,,
1182,Activity A,0.0
1182,Activity B,8.188966863648876
1182,,
1182,,
1182,Activity E,9.575052927597383
1182,Activity K,9.798182590890704
1182,,
1182,Activity G,9.798182590890704
1182,Activity L,9.980494888896912
1182,Activity N,9.980494888896912
1182,,
1182,,
1182,Activity H,10.134638955251866
1182,,
1183,,
1183,,
1183,,
1183,Activity D,9.287394001418473
1183,,
1183,Activity M,9.798182590890704
1183,,
1183,Activity G,9.798182590890704
1183,Activity N,9.980494888896912
1183,Activity L,9.980494888896912
1183,Activity J,9.980494888896912
1183,Activity I,9.980494888896912
1183,Activity H,10.134638955251866
1183,Activity F,10.268165387743457
1184,,
1184,Activity B,8.188966863648876
1184,Activity C,8.881975184248867
1184,Activity D,9.287394001418473
1184,,
1184,Activity M,9.798182590890704
1184,,
1184,Activity G,9.798182590890704
1184,,
1184,,
1184,Activity J,9.980494888896912
1184,Activity I,9.980494888896912
1184,Activity H,10.134638955251866
1184,,
1185,,
1185,Activity B,8.188966863648876
1185,Activity C,8.881975184248867
1185,,
1185,,
1185,,
1185,Activity M,9.798182590890704
1185,Activity G,9.798182590890704
1185,,
1185,,
1185,Activity I,9.980494888896912
1185,Activity J,9.980494888896912
1185,Activity H,10.134638955251866
1185,Activity F,10.268165387743457
1186,Activity A,0.0
1186,Activity B,8.188966863648876
1186,Activity C,8.881975184248867
1186,,
1186,Activity E,9.575052927597383
1186,Activity G,9.798182590890704
1186,Activity M,9.798182590890704
1186,,
1186,Activity I,9.980494888896912
1186,,
1186,,
1186,,
1186,,
1186,,
1187,,
1187,Activity B,8.188966863648876
1187,Activity C,8.881975184248867
1187,,
1187,,
1187,Activity G,9.798182590890704
1187,,
1187,Activity K,9.798182590890704
1187,,
1187,,
1187,Activity N,9.980494888896912
1187,Activity L,9.980494888896912
1187,,
1187,Activity F,10.268165387743457
1188,,
1188,Activity B,8.188966863648876
1188,Activity C,8.881975184248867
1188,,
1188,,
1188,,
1188,,
1188,Activity K,9.798182590890704
1188,Activity J,9.980494888896912
1188,Activity I,9.980494888896912
1188,,
1188,,
1188,Activity H,10.134638955251866
1188,Activity F,10.268165387743457
1189,,
1189,,
1189,Activity C,8.881975184248867
1189,Activity D,9.287394001418473
1189,,
1189,,
1189,Activity K,9.798182590890704
1189,,
1189,Activity N,9.980494888896912
1189,,
1189,Activity I,9.980494888896912
1189,,
1189,,
1189,Activity F,10.268165387743457
1190,,
1190,Activity B,8.188966863648876
1190,Activity C,8.881975184248867
1190,,
1190,Activity E,9.575052927597383
1190,Activity G,9.798182590890704
1190,,
1190,Activity M,9.798182590890704
1190,Activity J,9.980494888896912
1190,Activity I,9.980494888896912
1190,,
1190,,
1190,Activity H,10.134638955251866
1190,,
1191,,
1191,,
1191,Activity C,8.881975184248867
1191,Activity D,9.287394001418473
1191,Activity E,9.575052927597383
1191,,
1191,Activity G,9.798182590890704
1191,Activity M,9.798182590890704
1191,Activity L,9.980494888896912
1191,Activity J,9.980494888896912
1191,Activity I,9.980494888896912
1191,Activity N,9.980494888896912
1191,,
1191,Activity F,10.268165387743457
1192,,
1192,Activity B,8.188966863648876
1192,,
1192,Activity D,9.287394001418473
1192,,
1192,Activity K,9.798182590890704
1192,,
1192,,
1192,,
1192,,
1192,,
1192,,
1192,,
1192,,
1193,Activity A,0.0
1193,,
1193,Activity C,8.881975184248867
1193,Activity D,9.287394001418473
1193,,
1193,Activity G,9.798182590890704
1193,,
1193,Activity K,9.798182590890704
1193,Activity J,9.980494888896912
1193,Activity I,9.980494888896912
1193,Activity N,9.980494888896912
1193,,
1193,Activity H,10.134638955251866
1193,Activity F,10.268165387743457
1194,,
1194,Activity B,8.188966863648876
1194,,
1194,,
1194,Activity E,9.575052927597383
1194,,
1194,Activity M,9.798182590890704
1194,,
1194,,
1194,Activity I,9.980494888896912
1194,,
1194,,
1194,Activity H,10.134638955251866
1194,,
1195,,
1195,,
1195,,
1195,,
1195,,
1195,,
1195,Activity M,9.798182590890704
1195,,
1195,Activity L,9.980494888896912
1195,,
1195,Activity I,9.980494888896912
1195,Activity J,9.980494888896912
1195,Activity H,10.134638955251866
1195,Activity F,10.268165387743457
1196,Activity A,0.0
1196,,
1196,,
1196,Activity D,9.287394001418473
1196,Activity E,9.575052927597383
1196,Activity K,9.798182590890704
1196,,
1196,Activity M,9.798182590890704
1196,Activity L,9.980494888896912
1196,Activity I,9.980494888896912
1196,,
1196,Activity N,9.980494888896912
1196,Activity H,10.134638955251866
1196,Activity F,10.268165387743457
1197,,
1197,,
1197,,
1197,,
1197,,
1197,Activity G,9.798182590890704
1197,,
1197,Activity K,9.798182590890704
1197,Activity I,9.980494888896912
1197,,
1197,,
1197,,
1197,,
1197,Activity F,10.268165387743457
1198,,
1198,,
1198,,
1198,,
1198,Activity E,9.575052927597383
1198,Activity M,9.798182590890704
1198,,
1198,,
1198,,
1198,,
1198,Activity J,9.980494888896912
1198,Activity L,9.980494888896912
1198,Activity H,10.134638955251866
1198,Activity F,10.268165387743457
1199,Activity A,0.0
1199,Activity B,8.188966863648876
1199,Activity C,8.881975184248867
1199,,
1199,Activity E,9.575052927597383
1199,,
1199,Activity K,9.798182590890704
1199,,
1199,Activity J,9.980494888896912
1199,,
1199,Activity L,9.980494888896912
1199,Activity N,9.980494888896912
1199,,
1199,,
1200,,
1200,Activity B,8.188966863648876
1200,,
1200,Activity D,9.287394001418473
1200,Activity E,9.575052927597383
1200,,
1200,Activity K,9.798182590890704
1200,Activity M,9.798182590890704
1200,Activity J,9.980494888896912
1200,,
1200,Activity L,9.980494888896912
1200,Activity N,9.980494888896912
1200,Activity H,10.134638955251866
1200,Activity F,10.268165387743457
1201,,
1201,Activity B,8.188966863648876
1201,,
1201,Activity D,9.287394001418473
1201,Activity E,9.575052927597383
1201,,
1201,,
1201,Activity M,9.798182590890704
1201,Activity J,9.980494888896912
1201,Activity I,9.980494888896912
1201,Activity L,9.980494888896912
1201,,
1201,,
1201,,
1202,Activity A,0.0
1202,,
1202,Activity C,8.881975184248867
1202,,
1202,Activity E,9.575052927597383
1202,Activity M,9.798182590890704
1202,Activity K,9.798182590890704
1202,Activity G,9.798182590890704
1202,,
1202,Activity L,9.980494888896912
1202,,
1202,,
1202,,
1202,Activity F,10.268165387743457
1203,Activity A,0.0
1203,Activity B,8.188966863648876
1203,Activity C,8.881975184248867
1203,Activity D,9.287394001418473
1203,,
1203,Activity M,9.798182590890704
1203,,
1203,,
1203,Activity N,9.980494888896912
1203,Activity J,9.980494888896912
1203,,
1203,Activity L,9.980494888896912
1203,Activity H,10.134638955251866
1203,Activity F,10.268165387743457
1204,,
1204,,
1204,Activity C,8.881975184248867
1204,,
1204,,
1204,Activity M,9.798182590890704
1204,Activity G,9.798182590890704
1204,,
1204,Activity N,9.980494888896912
1204,Activity I,9.980494888896912
1204,,
1204,,
1204,,
1204,Activity F,10.268165387743457
1205,Activity A,0.0
1205,Activity B,8.188966863648876
1205,Activity C,8.881975184248867
1205,Activity D,9.287394001418473
1205,Activity E,9.575052927597383
1205,,
1205,Activity M,9.798182590890704
1205,,
1205,Activity I,9.980494888896912
1205,Activity J,9.980494888896912
1205,Activity N,9.980494888896912
1205,,
1205,Activity H,10.134638955251866
1205,,
1206,Activity A,0.0
1206,Activity B,8.188966863648876
1206,,
1206,,
1206,,
1206,,
1206,,
1206,,
1206,Activity L,9.980494888896912
1206,,
1206,Activity I,9.980494888896912
1206,,
1206,Activity H,10.134638955251866
1206,Activity F,10.268165387743457
1207,,
1207,,
1207,,
1207,Activity D,9.287394001418473
1207,,
1207,Activity M,9.798182590890704
1207,Activity G,9.798182590890704
1207,,
1207,,
1207,Activity J,9.980494888896912
1207,Activity I,9.980494888896912
1207,,
1207,,
1207,,
1208,Activity A,0.0
1208,Activity B,8.188966863648876
1208,Activity C,8.881975184248867
1208,,
1208,,
1208,Activity K,9.798182590890704
1208,Activity M,9.798182590890704
1208,,
1208,Activity L,9.980494888896912
1208,,
1208,,
1208,Activity J,9.980494888896912
1208,Activity H,10.134638955251866
1208,,
1209,,
1209,,
1209,Activity C,8.881975184248867
1209,,
1209,Activity E,9.575052927597383
1209,,
1209,Activity M,9.798182590890704
1209,Activity K,9.798182590890704
1209,Activity J,9.980494888896912
1209,,
1209,Activity N,9.980494888896912
1209,Activity L,9.980494888896912
1209,Activity H,10.134638955251866
1209,Activity F,10.268165387743457
1210,,
1210,,
1210,Activity C,8.881975184248867
1210,,
1210,,
1210,,
1210,,
1210,Activity K,9.798182590890704
1210,Activity N,9.980494888896912
1210,,
1210,Activity J,9.980494888896912
1210,,
1210,Activity H,10.134638955251866
1210,Activity F,10.268165387743457
1211,Activity A,0.0
1211,,
1211,,
1211,,
1211,Activity E,9.575052927597383
1211,,
1211,,
1211,Activity M,9.798182590890704
1211,Activity L,9.980494888896912
1211,Activity J,9.980494888896912
1211,Activity I,9.980494888896912
1211,Activity N,9.980494888896912
1211,Activity H,10.134638955251866
1211,,
1212,,
1212,,
1212,Activity C,8.881975184248867
1212,,
1212,,
1212,Activity G,9.798182590890704
1212,Activity M,9.798182590890704
1212,Activity K,9.798182590890704
1212,,
1212,,
1212,,
1212,,
1212,,
1212,,
1213,Activity A,0.0
1213,,
1213,Activity C,8.881975184248867
1213,,
1213,Activity E,9.575052927597383
1213,Activity K,9.798182590890704
1213,,
1213,Activity G,9.798182590890704
1213,,
1213,,
1213,,
1213,Activity I,9.980494888896912
1213,Activity H,10.134638955251866
1213,,
1214,,
1214,Activity B,8.188966863648876
1214,,
1214,,
1214,Activity E,9.575052927597383
1214,Activity M,9.798182590890704
1214,Activity G,9.798182590890704
1214,Activity K,9.798182590890704
1214,,
1214,Activity I,9.980494888896912
1214,Activity J,9.980494888896912
1214,,
1214,Activity H,10.134638955251866
1214,,
1215,Activity A,0.0
1215,Activity B,8.188966863648876
1215,Activity C,8.881975184248867
1215,Activity D,9.287394001418473
1215,Activity E,9.575052927597383
1215,Activity K,9.798182590890704
1215,,
1215,Activity M,9.798182590890704
1215,,
1215,,
1215,Activity I,9.980494888896912
1215,Activity N,9.980494888896912
1215,Activity H,10.134638955251866
1215,,
1216,Activity A,0.0
1216,Activity B,8.188966863648876
1216,Activity C,8.881975184248867
1216,Activity D,9.287394001418473
1216,,
1216,,
1216,Activity M,9.798182590890704
1216,,
1216,Activity L,9.980494888896912
1216,,
1216,Activity I,9.980494888896912
1216,Activity J,9.980494888896912
1216,Activity H,10.134638955251866
1216,,
1217,,
1217,Activity B,8.188966863648876
1217,,
1217,,
1217,,
1217,,
1217,,
1217,,
1217,,
1217,Activity I,9.980494888896912
1217,Activity N,9.980494888896912
1217,,
1217,Activity H,10.134638955251866
1217,Activity F,10.268165387743457
1218,Activity A,0.0
1218,,
1218,,
1218,Activity D,9.287394001418473
1218,Activity E,9.575052927597383
1218,,
1218,,
1218,Activity G,9.798182590890704
1218,Activity N,9.980494888896912
1218,,
1218,,
1218,,
1218,Activity H,10.134638955251866
1218,,
1219,,
1219,,
1219,Activity C,8.881975184248867
1219,Activity D,9.287394001418473
1219,Activity E,9.575052927597383
1219,,
1219,Activity G,9.798182590890704
1219,Activity M,9.798182590890704
1219,Activity L,9.980494888896912
1219,,
1219,Activity I,9.980494888896912
1219,Activity N,9.980494888896912
1219,Activity H,10.134638955251866
1219,Activity F,10.268165387743457
1220,Activity A,0.0
1220,Activity B,8.188966863648876
1220,Activity C,8.881975184248867
1220,Activity D,9.287394001418473
1220,Activity E,9.575052927597383
1220,Activity K,9.798182590890704
1220,Activity G,9.798182590890704
1220,,
1220,Activity L,9.980494888896912
1220,Activity J,9.980494888896912
1220,,
1220,Activity N,9.980494888896912
1220,,
1220,Activity F,10.268165387743457
1221,,
1221,,
1221,,
1221,Activity D,9.287394001418473
1221,,
1221,Activity G,9.798182590890704
1221,Activity K,9.798182590890704
1221,,
1221,,
1221,,
1221,,
1221,,
1221,Activity H,10.134638955251866
1221,Activity F,10.268165387743457
1222,Activity A,0.0
1222,Activity B,8.188966863648876
1222,,
1222,Activity D,9.287394001418473
1222,,
1222,,
1222,,
1222,,
1222,Activity N,9.980494888896912
1222,,
1222,,
1222,,
1222,Activity H,10.134638955251866
1222,,
1223,Activity A,0.0
1223,,
1223,,
1223,,
1223,Activity E,9.575052927597383
1223,,
1223,Activity K,9.798182590890704
1223,Activity G,9.798182590890704
1223,Activity N,9.980494888896912
1223,Activity L,9.980494888896912
1223,,
1223,,
1223,,
1223,Activity F,10.268165387743457
1224,,
1224,Activity B,8.188966863648876
1224,Activity C,8.881975184248867
1224,Activity D,9.287394001418473
1224,,
1224,Activity M,9.798182590890704
1224,Activity G,9.798182590890704
1224,Activity K,9.798182590890704
1224,,
1224,,
1224,,
1224,Activity L,9.980494888896912
1224,Activity H,10.134638955251866
1224,,
1225,Activity A,0.0
1225,,
1225,Activity C,8.881975184248867
1225,,
1225,Activity E,9.575052927597383
1225,,
1225,Activity M,9.798182590890704
1225,Activity G,9.798182590890704
1225,,
1225,,
1225,,
1225,,
1225,Activity H,10.134638955251866
1225,,
1226,,
1226,,
1226,Activity C,8.881975184248867
1226,Activity D,9.287394001418473
1226,Activity E,9.575052927597383
1226,Activity M,9.798182590890704
1226,,
1226,Activity K,9.798182590890704
1226,Activity N,9.980494888896912
1226,Activity J,9.980494888896912
1226,,
1226,Activity L,9.980494888896912
1226,Activity H,10.134638955251866
1226,Activity F,10.268165387743457
1227,,
1227,,
1227,,
1227,,
1227,,
1227,,
1227,,
1227,,
1227,,
1227,,
1227,Activity N,9.980494888896912
1227,Activity L,9.980494888896912
1227,Activity H,10.134638955251866
1227,Activity F,10.268165387743457
1228,,
1228,,
1228,,
1228,,
1228,Activity E,9.575052927597383
1228,,
1228,,
1228,Activity G,9.798182590890704
1228,Activity L,9.980494888896912
1228,,
1228,,
1228,,
1228,,
1228,,
1229,,
1229,,
1229,Activity C,8.881975184248867
1229,Activity D,9.287394001418473
1229,Activity E,9.575052927597383
1229,,
1229,Activity K,9.798182590890704
1229,Activity G,9.798182590890704
1229,,
1229,Activity L,9.980494888896912
1229,Activity J,9.980494888896912
1229,Activity I,9.980494888896912
1229,,
1229,Activity F,10.268165387743457
1230,Activity A,0.0
1230,,
1230,Activity C,8.881975184248867
1230,,
1230,Activity E,9.575052927597383
1230,,
1230,Activity G,9.798182590890704
1230,,
1230,Activity N,9.980494888896912
1230,,
1230,,
1230,,
1230,Activity H,10.134638955251866
1230,,
1231,,
1231,Activity B,8.188966863648876
1231,Activity C,8.881975184248867
1231,,
1231,Activity E,9.575052927597383
1231,Activity G,9.798182590890704
1231,Activity M,9.798182590890704
1231,,
1231,Activity J,9.980494888896912
1231,Activity I,9.980494888896912
1231,,
1231,Activity L,9.980494888896912
1231,Activity H,10.134638955251866
1231,,
1232,,
1232,Activity B,8.188966863648876
1232,Activity C,8.881975184248867
1232,Activity D,9.287394001418473
1232,,
1232,Activity M,9.798182590890704
1232,Activity G,9.798182590890704
1232,Activity K,9.798182590890704
1232,,
1232,,
1232,,
1232,,
1232,Activity H,10.134638955251866
1232,Activity F,10.268165387743457
1233,,
1233,,
1233,,
1233,,
1233,,
1233,Activity G,9.798182590890704
1233,Activity K,9.798182590890704
1233,,
1233,,
1233,Activity I,9.980494888896912
1233,,
1233,,
1233,,
1233,Activity F,10.268165387743457
1234,,
1234,,
1234,Activity C,8.881975184248867
1234,Activity D,9.287394001418473
1234,,
1234,Activity K,9.798182590890704
1234,,
1234,Activity M,9.798182590890704
1234,Activity L,9.980494888896912
1234,Activity I,9.980494888896912
1234,,
1234,,
1234,,
1234,Activity F,10.268165387743457
1235,,
1235,Activity B,8.188966863648876
1235,,
1235,Activity D,9.287394001418473
1235,,
1235,,
1235,Activity M,9.798182590890704
1235,Activity G,9.798182590890704
1235,Activity L,9.980494888896912
1235,Activity N,9.980494888896912
1235,Activity I,9.980494888896912
1235,,
1235,,
1235,Activity F,10.268165387743457
1236,,
1236,Activity B,8.188966863648876
1236,,
1236,Activity D,9.287394001418473
1236,,
1236,Activity G,9.798182590890704
1236,,
1236,,
1236,,
1236,,
1236,,
1236,Activity N,9.980494888896912
1236,Activity H,10.134638955251866
1236,Activity F,10.268165387743457
1237,Activity A,0.0
1237,Activity B,8.188966863648876
1237,,
1237,Activity D,9.287394001418473
1237,,
1237,Activity K,9.798182590890704
1237,,
1237,,
1237,Activity L,9.980494888896912
1237,,
1237,Activity J,9.980494888896912
1237,Activity N,9.980494888896912
1237,,
1237,Activity F,10.268165387743457
1238,,
1238,Activity B,8.188966863648876
1238,,
1238,,
1238,,
1238,Activity M,9.798182590890704
1238,,
1238,Activity G,9.798182590890704
1238,,
1238,,
1238,,
1238,Activity J,9.980494888896912
1238,Activity H,10.134638955251866
1238,,
1239,,
1239,Activity B,8.188966863648876
1239,Activity C,8.881975184248867
1239,,
1239,Activity E,9.575052927597383
1239,,
1239,Activity G,9.798182590890704
1239,Activity M,9.798182590890704
1239,,
1239,,
1239,,
1239,,
1239,,
1239,Activity F,10.268165387743457
1240,,
1240,,
1240,,
1240,Activity D,9.287394001418473
1240,Activity E,9.575052927597383
1240,Activity M,9.798182590890704
1240,Activity G,9.798182590890704
1240,Activity K,9.798182590890704
1240,,
1240,,
1240,,
1240,Activity L,9.980494888896912
1240,Activity H,10.134638955251866
1240,Activity F,10.268165387743457
1241,Activity A,0.0
1241,Activity B,8.188966863648876
1241,Activity C,8.881975184248867
1241,Activity D,9.287394001418473
1241,,
1241,,
1241,Activity M,9.798182590890704
1241,,
1241,Activity L,9.980494888896912
1241,,
1241,Activity J,9.980494888896912
1241,Activity I,9.980494888896912
1241,,
1241,Activity F,10.268165387743457
1242,,
1242,,
1242,Activity C,8.881975184248867
1242,Activity D,9.287394001418473
1242,,
1242,,
1242,,
1242,Activity G,9.798182590890704
1242,Activity N,9.980494888896912
1242,,
1242,Activity J,9.980494888896912
1242,,
1242,,
1242,,
1243,Activity A,0.0
1243,Activity B,8.188966863648876
1243,,
1243,,
1243,Activity E,9.575052927597383
1243,Activity K,9.798182590890704
1243,,
1243,Activity G,9.798182590890704
1243,,
1243,Activity N,9.980494888896912
1243,Activity J,9.980494888896912
1243,,
1243,,
1243,,
1244,,
1244,Activity B,8.188966863648876
1244,,
1244,,
1244,,
1244,,
1244,,
1244,,
1244,Activity N,9.980494888896912
1244,,
1244,Activity J,9.980494888896912
1244,,
1244,,
1244,Activity F,10.268165387743457
1245,Activity A,0.0
1245,,
1245,,
1245,,
1245,Activity E,9.575052927597383
1245,Activity G,9.798182590890704
1245,,
1245,,
1245,,
1245,,
1245,,
1245,Activity L,9.980494888896912
1245,,
1245,Activity F,10.268165387743457
1246,Activity A,0.0
1246,,
1246,Activity C,8.881975184248867
1246,,
1246,,
1246,Activity G,9.798182590890704
1246,,
1246,,
1246,Activity J,9.980494888896912
1246,,
1246,,
1246,Activity L,9.980494888896912
1246,Activity H,10.134638955251866
1246,Activity F,10.268165387743457
1247,Activity A,0.0
1247,Activity B,8.188966863648876
1247,Activity C,8.881975184248867
1247,,
1247,,
1247,,
1247,Activity G,9.798182590890704
1247,,
1247,,
1247,Activity J,9.980494888896912
1247,,
1247,Activity L,9.980494888896912
1247,,
1247,Activity F,10.268165387743457
1248,,
1248,Activity B,8.188966863648876
1248,Activity C,8.881975184248867
1248,,
1248,Activity E,9.575052927597383
1248,Activity K,9.798182590890704
1248,,
1248,,
1248,,
1248,,
1248,,
1248,Activity I,9.980494888896912
1248,,
1248,Activity F,10.268165387743457
1249,Activity A,0.0
1249,Activity B,8.188966863648876
1249,Activity C,8.881975184248867
1249,Activity D,9.287394001418473
1249,,
1249,,
1249,,
1249,Activity G,9.798182590890704
1249,Activity L,9.980494888896912
1249,Activity N,9.980494888896912
1249,Activity J,9.980494888896912
1249,Activity I,9.980494888896912
1249,,
1249,Activity F,10.268165387743457
1250,,
1250,Activity B,8.188966863648876
1250,Activity C,8.881975184248867
1250,,
1250,,
1250,Activity K,9.798182590890704
1250,Activity G,9.798182590890704
1250,,
1250,Activity L,9.980494888896912
1250,,
1250,Activity I,9.980494888896912
1250,Activity N,9.980494888896912
1250,Activity H,10.134638955251866
1250,Activity F,10.268165387743457
1251,,
1251,Activity B,8.188966863648876
1251,Activity C,8.881975184248867
1251,Activity D,9.287394001418473
1251,Activity E,9.575052927597383
1251,,
1251,,
1251,Activity K,9.798182590890704
1251,Activity I,9.980494888896912
1251,,
1251,,
1251,Activity L,9.980494888896912
1251,,
1251,Activity F,10.268165387743457
1252,Activity A,0.0
1252,,
1252,,
1252,Activity D,9.287394001418473
1252,,
1252,Activity G,9.798182590890704
1252,Activity M,9.798182590890704
1252,,
1252,Activity I,9.980494888896912
1252,,
1252,,
1252,,
1252,,
1252,,
1253,,
1253,Activity B,8.188966863648876
1253,,
1253,Activity D,9.287394001418473
1253,,
1253,,
1253,Activity K,9.798182590890704
1253,Activity M,9.798182590890704
1253,Activity I,9.980494888896912
1253,,
1253,Activity L,9.980494888896912
1253,Activity N,9.980494888896912
1253,,
1253,Activity F,10.268165387743457
1254,,
1254,Activity B,8.188966863648876
1254,Activity C,8.881975184248867
1254,Activity D,9.287394001418473
1254,Activity E,9.575052927597383
1254,,
1254,Activity G,9.798182590890704
1254,Activity K,9.798182590890704
1254,,
1254,,
1254,Activity I,9.980494888896912
1254,Activity L,9.980494888896912
1254,Activity H,10.134638955251866
1254,Activity F,10.268165387743457
1255,,
1255,Activity B,8.188966863648876
1255,Activity C,8.881975184248867
1255,Activity D,9.287394001418473
1255,Activity E,9.575052927597383
1255,,
1255,Activity M,9.798182590890704
1255,Activity G,9.798182590890704
1255,,
1255,Activity N,9.980494888896912
1255,,
1255,,
1255,,
1255,Activity F,10.268165387743457
1256,,
1256,,
1256,,
1256,,
1256,Activity E,9.575052927597383
1256,Activity K,9.798182590890704
1256,Activity G,9.798182590890704
1256,,
1256,Activity L,9.980494888896912
1256,Activity I,9.980494888896912
1256,,
1256,,
1256,,
1256,,
1257,Activity A,0.0
1257,,
1257,,
1257,Activity D,9.287394001418473
1257,,
1257,Activity M,9.798182590890704
1257,,
1257,Activity G,9.798182590890704
1257,Activity N,9.980494888896912
1257,,
1257,,
1257,,
1257,,
1257,,
1258,,
1258,Activity B,8.188966863648876
1258,Activity C,8.881975184248867
1258,Activity D,9.287394001418473
1258,,
1258,,
1258,Activity K,9.798182590890704
1258,,
1258,Activity N,9.980494888896912
1258,Activity L,9.980494888896912
1258,Activity J,9.980494888896912
1258,Activity I,9.980494888896912
1258,,
1258,Activity F,10.268165387743457
1259,,
1259,,
1259,,
1259,Activity D,9.287394001418473
1259,,
1259,Activity G,9.798182590890704
1259,Activity M,9.798182590890704
1259,,
1259,,
1259,,
1259,,
1259,,
1259,Activity H,10.134638955251866
1259,,
1260,,
1260,Activity B,8.188966863648876
1260,Activity C,8.881975184248867
1260,,
1260,,
1260,Activity G,9.798182590890704
1260,Activity K,9.798182590890704
1260,,
1260,Activity I,9.980494888896912
1260,,
1260,,
1260,Activity N,9.980494888896912
1260,Activity H,10.134638955251866
1260,Activity F,10.268165387743457
1261,Activity A,0.0
1261,Activity B,8.188966863648876
1261,Activity C,8.881975184248867
1261,,
1261,,
1261,Activity M,9.798182590890704
1261,Activity K,9.798182590890704
1261,,
1261,,
1261,Activity L,9.980494888896912
1261,,
1261,,
1261,,
1261,Activity F,10.268165387743457
1262,,
1262,,
1262,Activity C,8.881975184248867
1262,,
1262,,
1262,Activity G,9.798182590890704
1262,,
1262,,
1262,Activity I,9.980494888896912
1262,,
1262,Activity N,9.980494888896912
1262,,
1262,Activity H,10.134638955251866
1262,,
1263,,
1263,Activity B,8.188966863648876
1263,,
1263,,
1263,Activity E,9.575052927597383
1263,Activity K,9.798182590890704
1263,,
1263,Activity G,9.798182590890704
1263,,
1263,,
1263,,
1263,Activity J,9.980494888896912
1263,Activity H,10.134638955251866
1263,,
1264,,
1264,Activity B,8.188966863648876
1264,,
1264,Activity D,9.287394001418473
1264,,
1264,,
1264,Activity G,9.798182590890704
1264,,
1264,,
1264,,
1264,Activity I,9.980494888896912
1264,,
1264,,
1264,Activity F,10.268165387743457
1265,,
1265,Activity B,8.188966863648876
1265,Activity C,8.881975184248867
1265,,
1265,Activity E,9.575052927597383
1265,,
1265,,
1265,,
1265,,
1265,,
1265,,
1265,Activity J,9.980494888896912
1265,,
1265,,
1266,,
1266,,
1266,,
1266,,
1266,Activity E,9.575052927597383
1266,,
1266,,
1266,Activity G,9.798182590890704
1266,,
1266,Activity N,9.980494888896912
1266,Activity I,9.980494888896912
1266,Activity J,9.980494888896912
1266,Activity H,10.134638955251866
1266,,
1267,Activity A,0.0
1267,Activity B,8.188966863648876
1267,,
1267,,
1267,,
1267,,
1267,Activity K,9.798182590890704
1267,Activity G,9.798182590890704
1267,,
1267,Activity L,9.980494888896912
1267,Activity J,9.980494888896912
1267,Activity I,9.980494888896912
1267,,
1267,,
1268,Activity A,0.0
1268,Activity B,8.188966863648876
1268,,
1268,,
1268,Activity E,9.575052927597383
1268,,
1268,Activity G,9.798182590890704
1268,,
1268,,
1268,,
1268,,
1268,Activity L,9.980494888896912
1268,Activity H,10.134638955251866
1268,Activity F,10.268165387743457
1269,Activity A,0.0
1269,Activity B,8.188966863648876
1269,Activity C,8.881975184248867
1269,,
1269,Activity E,9.575052927597383
1269,,
1269,,
1269,Activity K,9.798182590890704
1269,Activity N,9.980494888896912
1269,,
1269,,
1269,Activity L,9.980494888896912
1269,Activity H,10.134638955251866
1269,Activity F,10.268165387743457
1270,Activity A,0.0
1270,Activity B,8.188966863648876
1270,,
1270,Activity D,9.287394001418473
1270,Activity E,9.575052927597383
1270,,
1270,,
1270,,
1270,Activity N,9.980494888896912
1270,Activity L,9.980494888896912
1270,Activity J,9.980494888896912
1270,,
1270,Activity H,10.134638955251866
1270,Activity F,10.268165387743457
1271,,
1271,,
1271,Activity C,8.881975184248867
1271,Activity D,9.287394001418473
1271,,
1271,Activity K,9.798182590890704
1271,Activity M,9.798182590890704
1271,Activity G,9.798182590890704
1271,,
1271,Activity N,9.980494888896912
1271,,
1271,,
1271,,
1271,,
1272,,
1272,,
1272,,
1272,Activity D,9.287394001418473
1272,,
1272,Activity K,9.798182590890704
1272,Activity M,9.798182590890704
1272,,
1272,Activity L,9.980494888896912
1272,Activity N,9.980494888896912
1272,Activity J,9.980494888896912
1272,,
1272,Activity H,10.134638955251866
1272,,
1273,Activity A,0.0
1273,Activity B,8.188966863648876
1273,Activity C,8.881975184248867
1273,,
1273,,
1273,Activity G,9.798182590890704
1273,,
1273,Activity K,9.798182590890704
1273,Activity J,9.980494888896912
1273,,
1273,,
1273,Activity L,9.980494888896912
1273,,
1273,,
1274,,
1274,Activity B,8.188966863648876
1274,,
1274,Activity D,9.287394001418473
1274,Activity E,9.575052927597383
1274,,
1274,Activity K,9.798182590890704
1274,Activity G,9.798182590890704
1274,Activity N,9.980494888896912
1274,Activity L,9.980494888896912
1274,Activity I,9.980494888896912
1274,,
1274,Activity H,10.134638955251866
1274,Activity F,10.268165387743457
1275,,
1275,,
1275,Activity C,8.881975184248867
1275,Activity D,9.287394001418473
1275,,
1275,Activity M,9.798182590890704
1275,,
1275,,
1275,,
1275,,
1275,Activity J,9.980494888896912
1275,,
1275,Activity H,10.134638955251866
1275,,
1276,,
1276,Activity B,8.188966863648876
1276,,
1276,,
1276,,
1276,Activity K,9.798182590890704
1276,Activity G,9.798182590890704
1276,,
1276,,
1276,Activity I,9.980494888896912
1276,Activity J,9.980494888896912
1276,,
1276,,
1276,Activity F,10.268165387743457
1277,,
1277,,
1277,Activity C,8.881975184248867
1277,Activity D,9.287394001418473
1277,Activity E,9.575052927597383
1277,,
1277,,
1277,,
1277,Activity L,9.980494888896912
1277,Activity N,9.980494888896912
1277,,
1277,,
1277,Activity H,10.134638955251866
1277,,
1278,Activity A,0.0
1278,,
1278,,
1278,Activity D,9.287394001418473
1278,,
1278,,
1278,,
1278,Activity M,9.798182590890704
1278,Activity J,9.980494888896912
1278,,
1278,Activity L,9.980494888896912
1278,Activity N,9.980494888896912
1278,,
1278,Activity F,10.268165387743457
1279,,
1279,Activity B,8.188966863648876
1279,,
1279,,
1279,Activity E,9.575052927597383
1279,Activity G,9.798182590890704
1279,,
1279,Activity K,9.798182590890704
1279,,
1279,,
1279,,
1279,,
1279,,
1279,,
1280,Activity A,0.0
1280,,
1280,,
1280,,
1280,,
1280,,
1280,Activity K,9.798182590890704
1280,Activity M,9.798182590890704
1280,Activity I,9.980494888896912
1280,Activity J,9.980494888896912
1280,,
1280,,
1280,,
1280,,
1281,,
1281,,
1281,Activity C,8.881975184248867
1281,Activity D,9.287394001418473
1281,Activity E,9.575052927597383
1281,Activity M,9.798182590890704
1281,Activity G,9.798182590890704
1281,,
1281,,
1281,Activity I,9.980494888896912
1281,Activity J,9.980494888896912
1281,,
1281,,
1281,,
1282,Activity A,0.0
1282,,
1282,Activity C,8.881975184248867
1282,Activity D,9.287394001418473
1282,Activity E,9.575052927597383
1282,Activity G,9.798182590890704
1282,Activity K,9.798182590890704
1282,,
1282,Activity J,9.980494888896912
1282,Activity I,9.980494888896912
1282,,
1282,,
1282,,
1282,,
1283,,
1283,,
1283,,
1283,,
1283,Activity E,9.575052927597383
1283,Activity K,9.798182590890704
1283,Activity G,9.798182590890704
1283,Activity M,9.798182590890704
1283,,
1283,,
1283,,
1283,,
1283,,
1283,Activity F,10.268165387743457
1284,,
1284,Activity B,8.188966863648876
1284,Activity C,8.881975184248867
1284,,
1284,Activity E,9.575052927597383
1284,Activity G,9.798182590890704
1284,,
1284,,
1284,Activity I,9.980494888896912
1284,Activity J,9.980494888896912
1284,,
1284,Activity L,9.980494888896912
1284,,
1284,,
1285,,
1285,Activity B,8.188966863648876
1285,Activity C,8.881975184248867
1285,Activity D,9.287394001418473
1285,Activity E,9.575052927597383
1285,Activity M,9.798182590890704
1285,,
1285,,
1285,Activity N,9.980494888896912
1285,,
1285,Activity I,9.980494888896912
1285,,
1285,,
1285,Activity F,10.268165387743457
1286,Activity A,0.0
1286,,
1286,,
1286,Activity D,9.287394001418473
1286,Activity E,9.575052927597383
1286,,
1286,,
1286,,
1286,,
1286,,
1286,Activity J,9.980494888896912
1286,,
1286,Activity H,10.134638955251866
1286,Activity F,10.268165387743457
1287,Activity A,0.0
1287,,
1287,,
1287,Activity D,9.287394001418473
1287,,
1287,,
1287,Activity M,9.798182590890704
1287,,
1287,,
1287,,
1287,Activity J,9.980494888896912
1287,,
1287,,
1287,Activity F,10.268165387743457
1288,,
1288,Activity B,8.188966863648876
1288,,
1288,,
1288,Activity E,9.575052927597383
1288,,
1288,,
1288,,
1288,,
1288,Activity I,9.980494888896912
1288,Activity J,9.980494888896912
1288,,
1288,,
1288,Activity F,10.268165387743457
1289,Activity A,0.0
1289,,
1289,Activity C,8.881975184248867
1289,,
1289,,
1289,Activity K,9.798182590890704
1289,Activity G,9.798182590890704
1289,Activity M,9.798182590890704
1289,Activity L,9.980494888896912
1289,,
1289,,
1289,Activity N,9.980494888896912
1289,Activity H,10.134638955251866
1289,Activity F,10.268165387743457
1290,,
1290,,
1290,Activity C,8.881975184248867
1290,,
1290,Activity E,9.575052927597383
1290,Activity M,9.798182590890704
1290,Activity K,9.798182590890704
1290,,
1290,Activity N,9.980494888896912
1290,,
1290,,
1290,,
1290,,
1290,,
1291,Activity A,0.0
1291,,
1291,,
1291,Activity D,9.287394001418473
1291,,
1291,Activity K,9.798182590890704
1291,,
1291,Activity M,9.798182590890704
1291,,
1291,,
1291,,
1291,Activity N,9.980494888896912
1291,Activity H,10.134638955251866
1291,,
1292,Activity A,0.0
1292,,
1292,,
1292,Activity D,9.287394001418473
1292,Activity E,9.575052927597383
1292,Activity G,9.798182590890704
1292,,
1292,,
1292,,
1292,,
1292,,
1292,,
1292,Activity H,10.134638955251866
1292,,
1293,,
1293,,
1293,,
1293,Activity D,9.287394001418473
1293,,
1293,,
1293,Activity G,9.798182590890704
1293,,
1293,,
1293,Activity I,9.980494888896912
1293,,
1293,Activity L,9.980494888896912
1293,Activity H,10.134638955251866
1293,,
1294,Activity A,0.0
1294,,
1294,Activity C,8.881975184248867
1294,,
1294,,
1294,,
1294,Activity M,9.798182590890704
1294,,
1294,Activity J,9.980494888896912
1294,,
1294,Activity N,9.980494888896912
1294,,
1294,Activity H,10.134638955251866
1294,,
1295,Activity A,0.0
1295,Activity B,8.188966863648876
1295,,
1295,Activity D,9.287394001418473
1295,,
1295,,
1295,Activity M,9.798182590890704
1295,,
1295,,
1295,,
1295,Activity I,9.980494888896912
1295,,
1295,,
1295,,
1296,Activity A,0.0
1296,,
1296,Activity C,8.881975184248867
1296,,
1296,,
1296,Activity G,9.798182590890704
1296,Activity M,9.798182590890704
1296,,
1296,Activity I,9.980494888896912
1296,,
1296,Activity N,9.980494888896912
1296,,
1296,Activity H,10.134638955251866
1296,Activity F,10.268165387743457
1297,Activity A,0.0
1297,Activity B,8.188966863648876
1297,Activity C,8.881975184248867
1297,Activity D,9.287394001418473
1297,,
1297,Activity G,9.798182590890704
1297,,
1297,,
1297,,
1297,Activity J,9.980494888896912
1297,Activity N,9.980494888896912
1297,,
1297,,
1297,Activity F,10.268165387743457
1298,,
1298,,
1298,Activity C,8.881975184248867
1298,,
1298,Activity E,9.575052927597383
1298,,
1298,,
1298,,
1298,,
1298,,
1298,,
1298,,
1298,,
1298,,
1299,,
1299,,
1299,,
1299,Activity D,9.287394001418473
1299,Activity E,9.575052927597383
1299,Activity M,9.798182590890704
1299,,
1299,Activity K,9.798182590890704
1299,Activity N,9.980494888896912
1299,,
1299,,
1299,,
1299,,
1299,,
1300,,
1300,Activity B,8.188966863648876
1300,,
1300,,
1300,,
1300,Activity K,9.798182590890704
1300,,
1300,Activity M,9.798182590890704
1300,Activity L,9.980494888896912
1300,,
1300,Activity I,9.980494888896912
1300,Activity N,9.980494888896912
1300,,
1300,Activity F,10.268165387743457
1301,,
1301,Activity B,8.188966863648876
1301,Activity C,8.881975184248867
1301,Activity D,9.287394001418473
1301,,
1301,Activity G,9.798182590890704
1301,,
1301,,
1301,,
1301,,
1301,Activity L,9.980494888896912
1301,,
1301,,
1301,,
1302,,
1302,,
1302,,
1302,Activity D,9.287394001418473
1302,,
1302,,
1302,Activity G,9.798182590890704
1302,Activity M,9.798182590890704
1302,Activity L,9.980494888896912
1302,Activity J,9.980494888896912
1302,Activity I,9.980494888896912
1302,Activity N,9.980494888896912
1302,,
1302,Activity F,10.268165387743457
1303,,
1303,Activity B,8.188966863648876
1303,Activity C,8.881975184248867
1303,Activity D,9.287394001418473
1303,Activity E,9.575052927597383
1303,,
1303,Activity M,9.798182590890704
1303,Activity G,9.798182590890704
1303,Activity L,9.980494888896912
1303,Activity N,9.980494888896912
1303,,
1303,Activity J,9.980494888896912
1303,Activity H,10.134638955251866
1303,Activity F,10.268165387743457
1304,Activity A,0.0
1304,,
1304,Activity C,8.881975184248867
1304,,
1304,Activity E,9.575052927597383
1304,Activity G,9.798182590890704
1304,Activity K,9.798182590890704
1304,Activity M,9.798182590890704
1304,,
1304,,
1304,,
1304,Activity N,9.980494888896912
1304,,
1304,Activity F,10.268165387743457
1305,,
1305,,
1305,Activity C,8.881975184248867
1305,,
1305,,
1305,,
1305,Activity K,9.798182590890704
1305,,
1305,,
1305,Activity L,9.980494888896912
1305,,
1305,,
1305,,
1305,Activity F,10.268165387743457
1306,,
1306,,
1306,,
1306,,
1306,Activity E,9.575052927597383
1306,,
1306,,
1306,,
1306,Activity L,9.980494888896912
1306,,
1306,Activity J,9.980494888896912
1306,,
1306,,
1306,Activity F,10.268165387743457
1307,,
1307,Activity B,8.188966863648876
1307,Activity C,8.881975184248867
1307,,
1307,Activity E,9.575052927597383
1307,,
1307,Activity K,9.798182590890704
1307,Activity M,9.798182590890704
1307,,
1307,Activity I,9.980494888896912
1307,,
1307,Activity N,9.980494888896912
1307,Activity H,10.134638955251866
1307,Activity F,10.268165387743457
1308,,
1308,Activity B,8.188966863648876
1308,,
1308,,
1308,Activity E,9.575052927597383
1308,,
1308,,
1308,Activity K,9.798182590890704
1308,Activity N,9.980494888896912
1308,,
1308,Activity J,9.980494888896912
1308,,
1308,,
1308,Activity F,10.268165387743457
1309,,
1309,Activity B,8.188966863648876
1309,Activity C,8.881975184248867
1309,,
1309,Activity E,9.575052927597383
1309,,
1309,Activity G,9.798182590890704
1309,,
1309,Activity N,9.980494888896912
1309,,
1309,,
1309,Activity L,9.980494888896912
1309,,
1309,,
1310,Activity A,0.0
1310,,
1310,,
1310,,
1310,Activity E,9.575052927597383
1310,,
1310,,
1310,,
1310,,
1310,,
1310,,
1310,Activity N,9.980494888896912
1310,,
1310,,
1311,Activity A,0.0
1311,,
1311,Activity C,8.881975184248867
1311,,
1311,Activity E,9.575052927597383
1311,,
1311,,
1311,,
1311,,
1311,,
1311,,
1311,Activity N,9.980494888896912
1311,Activity H,10.134638955251866
1311,,
1312,Activity A,0.0
1312,Activity B,8.188966863648876
1312,,
1312,Activity D,9.287394001418473
1312,Activity E,9.575052927597383
1312,,
1312,,
1312,Activity M,9.798182590890704
1312,Activity J,9.980494888896912
1312,Activity I,9.980494888896912
1312,Activity L,9.980494888896912
1312,Activity N,9.980494888896912
1312,,
1312,,
1313,Activity A,0.0
1313,,
1313,Activity C,8.881975184248867
1313,Activity D,9.287394001418473
1313,,
1313,,
1313,Activity M,9.798182590890704
1313,Activity G,9.798182590890704
1313,,
1313,Activity N,9.980494888896912
1313,,
1313,,
1313,,
1313,,
1314,Activity A,0.0
1314,,
1314,Activity C,8.881975184248867
1314,Activity D,9.287394001418473
1314,,
1314,,
1314,,
1314,,
1314,,
1314,Activity L,9.980494888896912
1314,Activity I,9.980494888896912
1314,Activity J,9.980494888896912
1314,,
1314,,
1315,Activity A,0.0
1315,Activity B,8.188966863648876
1315,Activity C,8.881975184248867
1315,Activity D,9.287394001418473
1315,,
1315,,
1315,,
1315,,
1315,,
1315,Activity I,9.980494888896912
1315,,
1315,Activity N,9.980494888896912
1315,,
1315,,
1316,,
1316,Activity B,8.188966863648876
1316,Activity C,8.881975184248867
1316,Activity D,9.287394001418473
1316,Activity E,9.575052927597383
1316,Activity G,9.798182590890704
1316,Activity K,9.798182590890704
1316,Activity M,9.798182590890704
1316,,
1316,Activity I,9.980494888896912
1316,,
1316,,
1316,,
1316,Activity F,10.268165387743457
1317,Activity A,0.0
1317,Activity B,8.188966863648876
1317,,
1317,,
1317,,
1317,,
1317,,
1317,,
1317,,
1317,Activity I,9.980494888896912
1317,Activity L,9.980494888896912
1317,Activity N,9.980494888896912
1317,Activity H,10.134638955251866
1317,Activity F,10.268165387743457
1318,,
1318,Activity B,8.188966863648876
1318,,
1318,Activity D,9.287394001418473
1318,Activity E,9.575052927597383
1318,Activity M,9.798182590890704
1318,,
1318,,
1318,,
1318,Activity J,9.980494888896912
1318,Activity I,9.980494888896912
1318,,
1318,Activity H,10.134638955251866
1318,Activity F,10.268165387743457
1319,,
1319,,
1319,,
1319,,
1319,,
1319,Activity M,9.798182590890704
1319,Activity K,9.798182590890704
1319,Activity G,9.798182590890704
1319,,
1319,Activity L,9.980494888896912
1319,Activity J,9.980494888896912
1319,,
1319,,
1319,Activity F,10.268165387743457
1320,,
1320,Activity B,8.188966863648876
1320,Activity C,8.881975184248867
1320,,
1320,,
1320,,
1320,,
1320,,
1320,Activity L,9.980494888896912
1320,Activity J,9.980494888896912
1320,Activity I,9.980494888896912
1320,Activity N,9.980494888896912
1320,Activity H,10.134638955251866
1320,,
1321,Activity A,0.0
1321,Activity B,8.188966863648876
1321,Activity C,8.881975184248867
1321,Activity D,9.287394001418473
1321,Activity E,9.575052927597383
1321,Activity K,9.798182590890704
1321,,
1321,,
1321,,
1321,Activity N,9.980494888896912
1321,Activity J,9.980494888896912
1321,,
1321,,
1321,,
1322,Activity A,0.0
1322,,
1322,,
1322,Activity D,9.287394001418473
1322,,
1322,Activity G,9.798182590890704
1322,,
1322,Activity K,9.798182590890704
1322,Activity J,9.980494888896912
1322,Activity I,9.980494888896912
1322,,
1322,,
1322,,
1322,Activity F,10.268165387743457
1323,Activity A,0.0
1323,Activity B,8.188966863648876
1323,Activity C,8.881975184248867
1323,Activity D,9.287394001418473
1323,Activity E,9.575052927597383
1323,,
1323,Activity M,9.798182590890704
1323,Activity G,9.798182590890704
1323,,
1323,Activity N,9.980494888896912
1323,Activity I,9.980494888896912
1323,Activity J,9.980494888896912
1323,,
1323,,
1324,Activity A,0.0
1324,Activity B,8.188966863648876
1324,Activity C,8.881975184248867
1324,,
1324,,
1324,Activity G,9.798182590890704
1324,Activity M,9.798182590890704
1324,,
1324,,
1324,,
1324,,
1324,Activity L,9.980494888896912
1324,Activity H,10.134638955251866
1324,,
1325,Activity A,0.0
1325,Activity B,8.188966863648876
1325,,
1325,,
1325,Activity E,9.575052927597383
1325,,
1325,Activity G,9.798182590890704
1325,,
1325,,
1325,,
1325,Activity J,9.980494888896912
1325,Activity L,9.980494888896912
1325,,
1325,Activity F,10.268165387743457
1326,,
1326,Activity B,8.188966863648876
1326,,
1326,Activity D,9.287394001418473
1326,,
1326,,
1326,Activity G,9.798182590890704
1326,Activity K,9.798182590890704
1326,,
1326,Activity I,9.980494888896912
1326,,
1326,Activity L,9.980494888896912
1326,,
1326,Activity F,10.268165387743457
1327,Activity A,0.0
1327,Activity B,8.188966863648876
1327,,
1327,,
1327,,
1327,,
1327,Activity M,9.798182590890704
1327,Activity K,9.798182590890704
1327,Activity I,9.980494888896912
1327,Activity J,9.980494888896912
1327,Activity N,9.980494888896912
1327,,
1327,Activity H,10.134638955251866
1327,,
1328,Activity A,0.0
1328,,
1328,Activity C,8.881975184248867
1328,Activity D,9.287394001418473
1328,,
1328,Activity G,9.798182590890704
1328,Activity K,9.798182590890704
1328,,
1328,,
1328,,
1328,Activity L,9.980494888896912
1328,Activity N,9.980494888896912
1328,,
1328,,
1329,,
1329,,
1329,,
1329,,
1329,Activity E,9.575052927597383
1329,,
1329,Activity G,9.798182590890704
1329,Activity K,9.798182590890704
1329,Activity N,9.980494888896912
1329,,
1329,Activity J,9.980494888896912
1329,Activity L,9.980494888896912
1329,,
1329,,
1330,,
1330,,
1330,Activity C,8.881975184248867
1330,Activity D,9.287394001418473
1330,,
1330,Activity K,9.798182590890704
1330,,
1330,Activity M,9.798182590890704
1330,Activity L,9.980494888896912
1330,Activity I,9.980494888896912
1330,,
1330,Activity N,9.980494888896912
1330,,
1330,,
1331,,
1331,,
1331,,
1331,,
1331,,
1331,Activity K,9.798182590890704
1331,Activity G,9.798182590890704
1331,,
1331,,
1331,,
1331,Activity J,9.980494888896912
1331,,
1331,,
1331,Activity F,10.268165387743457
1332,,
1332,,
1332,,
1332,,
1332,Activity E,9.575052927597383
1332,,
1332,,
1332,,
1332,Activity N,9.980494888896912
1332,Activity I,9.980494888896912
1332,,
1332,,
1332,,
1332,Activity F,10.268165387743457
1333,,
1333,,
1333,Activity C,8.881975184248867
1333,,
1333,,
1333,Activity K,9.798182590890704
1333,Activity M,9.798182590890704
1333,Activity G,9.798182590890704
1333,,
1333,Activity N,9.980494888896912
1333,Activity I,9.980494888896912
1333,Activity J,9.980494888896912
1333,Activity H,10.134638955251866
1333,Activity F,10.268165387743457
1334,,
1334,,
1334,Activity C,8.881975184248867
1334,Activity D,9.287394001418473
1334,Activity E,9.575052927597383
1334,,
1334,Activity K,9.798182590890704
1334,Activity M,9.798182590890704
1334,,
1334,Activity J,9.980494888896912
1334,Activity L,9.980494888896912
1334,,
1334,Activity H,10.134638955251866
1334,Activity F,10.268165387743457
1335,Activity A,0.0
1335,Activity B,8.188966863648876
1335,,
1335,Activity D,9.287394001418473
1335,Activity E,9.575052927597383
1335,,
1335,Activity G,9.798182590890704
1335,,
1335,,
1335,,
1335,Activity J,9.980494888896912
1335,,
1335,,
1335,,
1336,Activity A,0.0
1336,Activity B,8.188966863648876
1336,,
1336,,
1336,,
1336,,
1336,,
1336,Activity G,9.798182590890704
1336,Activity N,9.980494888896912
1336,,
1336,Activity J,9.980494888896912
1336,Activity I,9.980494888896912
1336,,
1336,,
1337,,
1337,Activity B,8.188966863648876
1337,,
1337,,
1337,Activity E,9.575052927597383
1337,,
1337,Activity M,9.798182590890704
1337,Activity K,9.798182590890704
1337,Activity J,9.980494888896912
1337,Activity I,9.980494888896912
1337,,
1337,Activity L,9.980494888896912
1337,,
1337,Activity F,10.268165387743457
1338,,
1338,Activity B,8.188966863648876
1338,,
1338,,
1338,,
1338,,
1338,Activity K,9.798182590890704
1338,Activity G,9.798182590890704
1338,,
1338,,
1338,,
1338,Activity J,9.980494888896912
1338,Activity H,10.134638955251866
1338,,
1339,,
1339,Activity B,8.188966863648876
1339,Activity C,8.881975184248867
1339,Activity D,9.287394001418473
1339,,
1339,,
1339,Activity G,9.798182590890704
1339,Activity M,9.798182590890704
1339,,
1339,,
1339,,
1339,Activity N,9.980494888896912
1339,Activity H,10.134638955251866
1339,Activity F,10.268165387743457
1340,Activity A,0.0
1340,Activity B,8.188966863648876
1340,,
1340,Activity D,9.287394001418473
1340,Activity E,9.575052927597383
1340,Activity K,9.798182590890704
1340,,
1340,Activity G,9.798182590890704
1340,,
1340,Activity N,9.980494888896912
1340,Activity I,9.980494888896912
1340,,
1340,Activity H,10.134638955251866
1340,,
1341,Activity A,0.0
1341,,
1341,Activity C,8.881975184248867
1341,Activity D,9.287394001418473
1341,,
1341,Activity G,9.798182590890704
1341,Activity M,9.798182590890704
1341,,
1341,Activity I,9.980494888896912
1341,,
1341,,
1341,Activity L,9.980494888896912
1341,Activity H,10.134638955251866
1341,Activity F,10.268165387743457
1342,Activity A,0.0
1342,Activity B,8.188966863648876
1342,Activity C,8.881975184248867
1342,Activity D,9.287394001418473
1342,Activity E,9.575052927597383
1342,Activity K,9.798182590890704
1342,Activity G,9.798182590890704
1342,Activity M,9.798182590890704
1342,,
1342,Activity I,9.980494888896912
1342,,
1342,,
1342,Activity H,10.134638955251866
1342,,
1343,,
1343,Activity B,8.188966863648876
1343,,
1343,Activity D,9.287394001418473
1343,Activity E,9.575052927597383
1343,,
1343,Activity K,9.798182590890704
1343,Activity M,9.798182590890704
1343,Activity J,9.980494888896912
1343,Activity I,9.980494888896912
1343,,
1343,,
1343,Activity H,10.134638955251866
1343,Activity F,10.268165387743457
1344,,
1344,,
1344,Activity C,8.881975184248867
1344,Activity D,9.287394001418473
1344,,
1344,,
1344,,
1344,Activity K,9.798182590890704
1344,Activity J,9.980494888896912
1344,,
1344,,
1344,,
1344,,
1344,,
1345,Activity A,0.0
1345,,
1345,Activity C,8.881975184248867
1345,Activity D,9.287394001418473
1345,,
1345,Activity M,9.798182590890704
1345,,
1345,,
1345,Activity N,9.980494888896912
1345,,
1345,,
1345,Activity I,9.980494888896912
1345,,
1345,,
1346,,
1346,Activity B,8.188966863648876
1346,,
1346,,
1346,,
1346,Activity M,9.798182590890704
1346,Activity G,9.798182590890704
1346,,
1346,Activity N,9.980494888896912
1346,Activity I,9.980494888896912
1346,Activity J,9.980494888896912
1346,Activity L,9.980494888896912
1346,Activity H,10.134638955251866
1346,,
1347,,
1347,,
1347,Activity C,8.881975184248867
1347,,
1347,,
1347,,
1347,Activity K,9.798182590890704
1347,Activity G,9.798182590890704
1347,Activity N,9.980494888896912
1347,,
1347,,
1347,,
1347,,
1347,Activity F,10.268165387743457
1348,,
1348,,
1348,,
1348,,
1348,,
1348,Activity M,9.798182590890704
1348,,
1348,,
1348,,
1348,,
1348,,
1348,,
1348,Activity H,10.134638955251866
1348,,
1349,Activity A,0.0
1349,,
1349,Activity C,8.881975184248867
1349,Activity D,9.287394001418473
1349,,
1349,,
1349,Activity M,9.798182590890704
1349,Activity K,9.798182590890704
1349,Activity I,9.980494888896912
1349,,
1349,,
1349,Activity L,9.980494888896912
1349,Activity H,10.134638955251866
1349,,
1350,Activity A,0.0
1350,Activity B,8.188966863648876
1350,Activity C,8.881975184248867
1350,Activity D,9.287394001418473
1350,,
1350,Activity K,9.798182590890704
1350,,
1350,Activity M,9.798182590890704
1350,Activity L,9.980494888896912
1350,Activity I,9.980494888896912
1350,,
1350,,
1350,Activity H,10.134638955251866
1350,,
1351,,
1351,Activity B,8.188966863648876
1351,,
1351,,
1351,Activity E,9.575052927597383
1351,Activity K,9.798182590890704
1351,,
1351,,
1351,,
1351,,
1351,Activity J,9.980494888896912
1351,,
1351,,
1351,Activity F,10.268165387743457
1352,Activity A,0.0
1352,Activity B,8.188966863648876
1352,,
1352,,
1352,Activity E,9.575052927597383
1352,Activity M,9.798182590890704
1352,,
1352,Activity G,9.798182590890704
1352,Activity N,9.980494888896912
1352,,
1352,Activity J,9.980494888896912
1352,Activity I,9.980494888896912
1352,Activity H,10.134638955251866
1352,,
1353,,
1353,,
1353,Activity C,8.881975184248867
1353,,
1353,Activity E,9.575052927597383
1353,,
1353,Activity M,9.798182590890704
1353,Activity K,9.798182590890704
1353,Activity I,9.980494888896912
1353,,
1353,Activity N,9.980494888896912
1353,Activity L,9.980494888896912
1353,,
1353,Activity F,10.268165387743457
1354,Activity A,0.0
1354,Activity B,8.188966863648876
1354,Activity C,8.881975184248867
1354,,
1354,Activity E,9.575052927597383
1354,,
1354,Activity K,9.798182590890704
1354,Activity G,9.798182590890704
1354,,
1354,Activity L,9.980494888896912
1354,Activity J,9.980494888896912
1354,Activity I,9.980494888896912
1354,,
1354,Activity F,10.268165387743457
1355,Activity A,0.0
1355,,
1355,,
1355,Activity D,9.287394001418473
1355,Activity E,9.575052927597383
1355,,
1355,,
1355,,
1355,Activity L,9.980494888896912
1355,Activity N,9.980494888896912
1355,Activity J,9.980494888896912
1355,,
1355,,
1355,,
1356,Activity A,0.0
1356,,
1356,,
1356,,
1356,,
1356,,
1356,Activity M,9.798182590890704
1356,Activity G,9.798182590890704
1356,Activity L,9.980494888896912
1356,,
1356,Activity I,9.980494888896912
1356,Activity J,9.980494888896912
1356,,
1356,Activity F,10.268165387743457
1357,,
1357,,
1357,Activity C,8.881975184248867
1357,,
1357,Activity E,9.575052927597383
1357,,
1357,,
1357,Activity M,9.798182590890704
1357,,
1357,,
1357,,
1357,Activity N,9.980494888896912
1357,Activity H,10.134638955251866
1357,Activity F,10.268165387743457
1358,,
1358,,
1358,,
1358,Activity D,9.287394001418473
1358,,
1358,Activity G,9.798182590890704
1358,Activity M,9.798182590890704
1358,Activity K,9.798182590890704
1358,Activity J,9.980494888896912
1358,,
1358,Activity N,9.980494888896912
1358,Activity L,9.980494888896912
1358,,
1358,,
1359,,
1359,,
1359,Activity C,8.881975184248867
1359,,
1359,,
1359,Activity M,9.798182590890704
1359,Activity G,9.798182590890704
1359,Activity K,9.798182590890704
1359,Activity N,9.980494888896912
1359,Activity I,9.980494888896912
1359,Activity J,9.980494888896912
1359,Activity L,9.980494888896912
1359,Activity H,10.134638955251866
1359,Activity F,10.268165387743457
1360,,
1360,Activity B,8.188966863648876
1360,Activity C,8.881975184248867
1360,Activity D,9.287394001418473
1360,Activity E,9.575052927597383
1360,Activity K,9.798182590890704
1360,Activity G,9.798182590890704
1360,,
1360,Activity L,9.980494888896912
1360,,
1360,Activity J,9.980494888896912
1360,Activity N,9.980494888896912
1360,Activity H,10.134638955251866
1360,,
1361,Activity A,0.0
1361,,
1361,Activity C,8.881975184248867
1361,Activity D,9.287394001418473
1361,Activity E,9.575052927597383
1361,,
1361,Activity M,9.798182590890704
1361,Activity G,9.798182590890704
1361,Activity L,9.980494888896912
1361,,
1361,,
1361,,
1361,,
1361,,
1362,Activity A,0.0
1362,Activity B,8.188966863648876
1362,,
1362,,
1362,Activity E,9.575052927597383
1362,Activity M,9.798182590890704
1362,,
1362,,
1362,,
1362,Activity L,9.980494888896912
1362,Activity I,9.980494888896912
1362,Activity J,9.980494888896912
1362,Activity H,10.134638955251866
1362,,
1363,Activity A,0.0
1363,Activity B,8.188966863648876
1363,,
1363,Activity D,9.287394001418473
1363,Activity E,9.575052927597383
1363,Activity G,9.798182590890704
1363,Activity K,9.798182590890704
1363,Activity M,9.798182590890704
1363,Activity J,9.980494888896912
1363,Activity I,9.980494888896912
1363,Activity L,9.980494888896912
1363,,
1363,,
1363,,
1364,Activity A,0.0
1364,Activity B,8.188966863648876
1364,,
1364,,
1364,Activity E,9.575052927597383
1364,,
1364,Activity M,9.798182590890704
1364,,
1364,,
1364,,
1364,Activity J,9.980494888896912
1364,,
1364,,
1364,,
1365,,
1365,Activity B,8.188966863648876
1365,,
1365,,
1365,,
1365,Activity G,9.798182590890704
1365,,
1365,Activity M,9.798182590890704
1365,Activity I,9.980494888896912
1365,,
1365,,
1365,,
1365,,
1365,Activity F,10.268165387743457
1366,Activity A,0.0
1366,Activity B,8.188966863648876
1366,,
1366,,
1366,,
1366,,
1366,,
1366,,
1366,Activity J,9.980494888896912
1366,,
1366,Activity N,9.980494888896912
1366,,
1366,Activity H,10.134638955251866
1366,,
1367,,
1367,Activity B,8.188966863648876
1367,Activity C,8.881975184248867
1367,Activity D,9.287394001418473
1367,Activity E,9.575052927597383
1367,,
1367,Activity K,9.798182590890704
1367,Activity M,9.798182590890704
1367,Activity J,9.980494888896912
1367,Activity I,9.980494888896912
1367,,
1367,Activity N,9.980494888896912
1367,,
1367,Activity F,10.268165387743457
1368,,
1368,,
1368,Activity C,8.881975184248867
1368,,
1368,Activity E,9.575052927597383
1368,,
1368,Activity M,9.798182590890704
1368,Activity G,9.798182590890704
1368,,
1368,Activity N,9.980494888896912
1368,Activity J,9.980494888896912
1368,,
1368,Activity H,10.134638955251866
1368,Activity F,10.268165387743457
1369,,
1369,,
1369,,
1369,,
1369,,
1369,,
1369,Activity K,9.798182590890704
1369,,
1369,,
1369,,
1369,Activity L,9.980494888896912
1369,,
1369,,
1369,Activity F,10.268165387743457
1370,Activity A,0.0
1370,Activity B,8.188966863648876
1370,,
1370,Activity D,9.287394001418473
1370,,
1370,Activity K,9.798182590890704
1370,,
1370,,
1370,,
1370,,
1370,,
1370,Activity I,9.980494888896912
1370,Activity H,10.134638955251866
1370,Activity F,10.268165387743457
1371,,
1371,,
1371,,
1371,Activity D,9.287394001418473
1371,,
1371,Activity G,9.798182590890704
1371,,
1371,,
1371,Activity J,9.980494888896912
1371,Activity I,9.980494888896912
1371,Activity L,9.980494888896912
1371,Activity N,9.980494888896912
1371,,
1371,Activity F,10.268165387743457
1372,,
1372,,
1372,,
1372,,
1372,,
1372,Activity K,9.798182590890704
1372,Activity G,9.798182590890704
1372,Activity M,9.798182590890704
1372,,
1372,Activity I,9.980494888896912
1372,,
1372,,
1372,,
1372,,
1373,Activity A,0.0
1373,,
1373,,
1373,Activity D,9.287394001418473
1373,,
1373,,
1373,,
1373,Activity K,9.798182590890704
1373,,
1373,,
1373,,
1373,,
1373,Activity H,10.134638955251866
1373,Activity F,10.268165387743457
1374,,
1374,,
1374,,
1374,Activity D,9.287394001418473
1374,,
1374,Activity M,9.798182590890704
1374,Activity K,9.798182590890704
1374,Activity G,9.798182590890704
1374,,
1374,,
1374,,
1374,Activity I,9.980494888896912
1374,,
1374,Activity F,10.268165387743457
1375,,
1375,Activity B,8.188966863648876
1375,Activity C,8.881975184248867
1375,,
1375,Activity E,9.575052927597383
1375,Activity G,9.798182590890704
1375,Activity K,9.798182590890704
1375,Activity M,9.798182590890704
1375,Activity J,9.980494888896912
1375,Activity I,9.980494888896912
1375,Activity L,9.980494888896912
1375,,
1375,,
1375,Activity F,10.268165387743457
1376,,
1376,,
1376,Activity C,8.881975184248867
1376,,
1376,Activity E,9.575052927597383
1376,Activity K,9.798182590890704
1376,,
1376,,
1376,,
1376,,
1376,,
1376,,
1376,,
1376,,
1377,,
1377,,
1377,,
1377,Activity D,9.287394001418473
1377,Activity E,9.575052927597383
1377,Activity G,9.798182590890704
1377,,
1377,,
1377,,
1377,Activity I,9.980494888896912
1377,,
1377,,
1377,,
1377,Activity F,10.268165387743457
1378,Activity A,0.0
1378,Activity B,8.188966863648876
1378,Activity C,8.881975184248867
1378,Activity D,9.287394001418473
1378,Activity E,9.575052927597383
1378,Activity M,9.798182590890704
1378,,
1378,Activity K,9.798182590890704
1378,Activity N,9.980494888896912
1378,,
1378,,
1378,Activity L,9.980494888896912
1378,,
1378,Activity F,10.268165387743457
1379,,
1379,,
1379,,
1379,,
1379,,
1379,Activity G,9.798182590890704
1379,Activity K,9.798182590890704
1379,Activity M,9.798182590890704
1379,Activity J,9.980494888896912
1379,,
1379,,
1379,,
1379,,
1379,Activity F,10.268165387743457
1380,,
1380,Activity B,8.188966863648876
1380,,
1380,Activity D,9.287394001418473
1380,,
1380,Activity K,9.798182590890704
1380,,
1380,,
1380,,
1380,Activity J,9.980494888896912
1380,Activity I,9.980494888896912
1380,Activity N,9.980494888896912
1380,,
1380,Activity F,10.268165387743457
1381,Activity A,0.0
1381,,
1381,Activity C,8.881975184248867
1381,Activity D,9.287394001418473
1381,Activity E,9.575052927597383
1381,,
1381,,
1381,Activity M,9.798182590890704
1381,Activity I,9.980494888896912
1381,,
1381,,
1381,,
1381,Activity H,10.134638955251866
1381,,
1382,Activity A,0.0
1382,Activity B,8.188966863648876
1382,Activity C,8.881975184248867
1382,Activity D,9.287394001418473
1382,,
1382,,
1382,Activity G,9.798182590890704
1382,,
1382,Activity N,9.980494888896912
1382,,
1382,Activity I,9.980494888896912
1382,Activity L,9.980494888896912
1382,,
1382,Activity F,10.268165387743457
1383,Activity A,0.0
1383,,
1383,Activity C,8.881975184248867
1383,,
1383,Activity E,9.575052927597383
1383,Activity M,9.798182590890704
1383,,
1383,,
1383,Activity N,9.980494888896912
1383,Activity L,9.980494888896912
1383,Activity J,9.980494888896912
1383,,
1383,,
1383,,
1384,,
1384,,
1384,,
1384,,
1384,Activity E,9.575052927597383
1384,Activity M,9.798182590890704
1384,Activity K,9.798182590890704
1384,Activity G,9.798182590890704
1384,,
1384,,
1384,,
1384,Activity J,9.980494888896912
1384,Activity H,10.134638955251866
1384,,
1385,,
1385,,
1385,,
1385,Activity D,9.287394001418473
1385,Activity E,9.575052927597383
1385,,
1385,Activity M,9.798182590890704
1385,,
1385,,
1385,,
1385,,
1385,Activity L,9.980494888896912
1385,Activity H,10.134638955251866
1385,,
1386,Activity A,0.0
1386,,
1386,Activity C,8.881975184248867
1386,Activity D,9.287394001418473
1386,Activity E,9.575052927597383
1386,,
1386,,
1386,,
1386,Activity I,9.980494888896912
1386,,
1386,,
1386,,
1386,Activity H,10.134638955251866
1386,Activity F,10.268165387743457
1387,,
1387,,
1387,,
1387,,
1387,,
1387,,
1387,Activity M,9.798182590890704
1387,Activity G,9.798182590890704
1387,,
1387,,
1387,,
1387,Activity J,9.980494888896912
1387,,
1387,Activity F,10.268165387743457
1388,Activity A,0.0
1388,Activity B,8.188966863648876
1388,Activity C,8.881975184248867
1388,Activity D,9.287394001418473
1388,Activity E,9.575052927597383
1388,Activity G,9.798182590890704
1388,,
1388,,
1388,Activity I,9.980494888896912
1388,Activity J,9.980494888896912
1388,,
1388,Activity L,9.980494888896912
1388,,
1388,Activity F,10.268165387743457
1389,,
1389,,
1389,,
1389,Activity D,9.287394001418473
1389,Activity E,9.575052927597383
1389,Activity G,9.798182590890704
1389,Activity M,9.798182590890704
1389,Activity K,9.798182590890704
1389,Activity I,9.980494888896912
1389,,
1389,,
1389,Activity L,9.980494888896912
1389,,
1389,,
1390,Activity A,0.0
1390,,
1390,,
1390,Activity D,9.287394001418473
1390,,
1390,Activity G,9.798182590890704
1390,Activity K,9.798182590890704
1390,Activity M,9.798182590890704
1390,Activity J,9.980494888896912
1390,,
1390,,
1390,Activity N,9.980494888896912
1390,,
1390,Activity F,10.268165387743457
1391,,
1391,Activity B,8.188966863648876
1391,,
1391,,
1391,Activity E,9.575052927597383
1391,,
1391,,
1391,Activity M,9.798182590890704
1391,Activity L,9.980494888896912
1391,,
1391,Activity J,9.980494888896912
1391,,
1391,Activity H,10.134638955251866
1391,Activity F,10.268165387743457
1392,,
1392,Activity B,8.188966863648876
1392,,
1392,,
1392,,
1392,,
1392,,
1392,Activity K,9.798182590890704
1392,,
1392,Activity I,9.980494888896912
1392,Activity J,9.980494888896912
1392,,
1392,Activity H,10.134638955251866
1392,,
1393,Activity A,0.0
1393,,
1393,Activity C,8.881975184248867
1393,,
1393,,
1393,,
1393,,
1393,,
1393,,
1393,,
1393,,
1393,Activity N,9.980494888896912
1393,,
1393,Activity F,10.268165387743457
1394,Activity A,0.0
1394,,
1394,,
1394,Activity D,9.287394001418473
1394,,
1394,,
1394,,
1394,Activity K,9.798182590890704
1394,Activity J,9.980494888896912
1394,Activity I,9.980494888896912
1394,Activity N,9.980494888896912
1394,Activity L,9.980494888896912
1394,Activity H,10.134638955251866
1394,Activity F,10.268165387743457
1395,,
1395,Activity B,8.188966863648876
1395,Activity C,8.881975184248867
1395,Activity D,9.287394001418473
1395,Activity E,9.575052927597383
1395,Activity K,9.798182590890704
1395,Activity G,9.798182590890704
1395,,
1395,Activity L,9.980494888896912
1395,,
1395,Activity J,9.980494888896912
1395,Activity N,9.980494888896912
1395,Activity H,10.134638955251866
1395,,
1396,,
1396,Activity B,8.188966863648876
1396,,
1396,,
1396,Activity E,9.575052927597383
1396,,
1396,,
1396,,
1396,,
1396,,
1396,,
1396,Activity L,9.980494888896912
1396,,
1396,,
1397,,
1397,,
1397,,
1397,Activity D,9.287394001418473
1397,Activity E,9.575052927597383
1397,,
1397,Activity K,9.798182590890704
1397,,
1397,Activity J,9.980494888896912
1397,,
1397,,
1397,Activity N,9.980494888896912
1397,,
1397,Activity F,10.268165387743457
1398,,
1398,Activity B,8.188966863648876
1398,,
1398,,
1398,,
1398,,
1398,Activity M,9.798182590890704
1398,Activity G,9.798182590890704
1398,,
1398,,
1398,Activity I,9.980494888896912
1398,Activity J,9.980494888896912
1398,,
1398,,
1399,Activity A,0.0
1399,,
1399,,
1399,,
1399,Activity E,9.575052927597383
1399,,
1399,,
1399,,
1399,,
1399,Activity L,9.980494888896912
1399,,
1399,,
1399,,
1399,,
1400,Activity A,0.0
1400,Activity B,8.188966863648876
1400,,
1400,Activity D,9.287394001418473
1400,Activity E,9.575052927597383
1400,,
1400,Activity K,9.798182590890704
1400,Activity G,9.798182590890704
1400,,
1400,Activity L,9.980494888896912
1400,Activity J,9.980494888896912
1400,,
1400,Activity H,10.134638955251866
1400,Activity F,10.268165387743457
1401,Activity A,0.0
1401,,
1401,,
1401,Activity D,9.287394001418473
1401,,
1401,Activity G,9.798182590890704
1401,Activity K,9.798182590890704
1401,Activity M,9.798182590890704
1401,Activity I,9.980494888896912
1401,,
1401,Activity L,9.980494888896912
1401,Activity N,9.980494888896912
1401,,
1401,,
1402,Activity A,0.0
1402,,
1402,,
1402,Activity D,9.287394001418473
1402,,
1402,Activity M,9.798182590890704
1402,,
1402,Activity G,9.798182590890704
1402,,
1402,,
1402,,
1402,,
1402,Activity H,10.134638955251866
1402,,
1403,Activity A,0.0
1403,,
1403,Activity C,8.881975184248867
1403,,
1403,,
1403,Activity G,9.798182590890704
1403,,
1403,Activity K,9.798182590890704
1403,Activity J,9.980494888896912
1403,,
1403,,
1403,,
1403,,
1403,Activity F,10.268165387743457
1404,,
1404,Activity B,8.188966863648876
1404,,
1404,Activity D,9.287394001418473
1404,Activity E,9.575052927597383
1404,,
1404,Activity M,9.798182590890704
1404,Activity G,9.798182590890704
1404,Activity L,9.980494888896912
1404,,
1404,,
1404,Activity J,9.980494888896912
1404,,
1404,Activity F,10.268165387743457
1405,Activity A,0.0
1405,,
1405,Activity C,8.881975184248867
1405,,
1405,,
1405,,
1405,Activity M,9.798182590890704
1405,Activity G,9.798182590890704
1405,,
1405,Activity N,9.980494888896912
1405,Activity I,9.980494888896912
1405,Activity J,9.980494888896912
1405,,
1405,,
1406,Activity A,0.0
1406,Activity B,8.188966863648876
1406,,
1406,Activity D,9.287394001418473
1406,Activity E,9.575052927597383
1406,,
1406,Activity K,9.798182590890704
1406,Activity M,9.798182590890704
1406,Activity J,9.980494888896912
1406,Activity I,9.980494888896912
1406,Activity L,9.980494888896912
1406,,
1406,,
1406,Activity F,10.268165387743457
1407,,
1407,,
1407,,
1407,,
1407,,
1407,,
1407,,
1407,Activity K,9.798182590890704
1407,Activity N,9.980494888896912
1407,,
1407,Activity I,9.980494888896912
1407,Activity L,9.980494888896912
1407,,
1407,Activity F,10.268165387743457
1408,,
1408,Activity B,8.188966863648876
1408,,
1408,Activity D,9.287394001418473
1408,,
1408,Activity M,9.798182590890704
1408,Activity G,9.798182590890704
1408,Activity K,9.798182590890704
1408,Activity N,9.980494888896912
1408,,
1408,Activity J,9.980494888896912
1408,Activity L,9.980494888896912
1408,,
1408,Activity F,10.268165387743457
1409,,
1409,Activity B,8.188966863648876
1409,Activity C,8.881975184248867
1409,Activity D,9.287394001418473
1409,Activity E,9.575052927597383
1409,,
1409,Activity G,9.798182590890704
1409,Activity K,9.798182590890704
1409,,
1409,,
1409,,
1409,,
1409,Activity H,10.134638955251866
1409,,
1410,,
1410,Activity B,8.188966863648876
1410,,
1410,Activity D,9.287394001418473
1410,,
1410,,
1410,,
1410,,
1410,,
1410,Activity I,9.980494888896912
1410,,
1410,,
1410,,
1410,,
1411,Activity A,0.0
1411,Activity B,8.188966863648876
1411,Activity C,8.881975184248867
1411,Activity D,9.287394001418473
1411,,
1411,Activity M,9.798182590890704
1411,Activity K,9.798182590890704
1411,Activity G,9.798182590890704
1411,Activity N,9.980494888896912
1411,Activity L,9.980494888896912
1411,,
1411,,
1411,,
1411,,
1412,,
1412,Activity B,8.188966863648876
1412,Activity C,8.881975184248867
1412,Activity D,9.287394001418473
1412,Activity E,9.575052927597383
1412,Activity G,9.798182590890704
1412,Activity K,9.798182590890704
1412,,
1412,,
1412,Activity I,9.980494888896912
1412,Activity L,9.980494888896912
1412,Activity N,9.980494888896912
1412,,
1412,Activity F,10.268165387743457
1413,,
1413,,
1413,Activity C,8.881975184248867
1413,Activity D,9.287394001418473
1413,,
1413,,
1413,,
1413,Activity K,9.798182590890704
1413,Activity N,9.980494888896912
1413,Activity I,9.980494888896912
1413,Activity J,9.980494888896912
1413,Activity L,9.980494888896912
1413,,
1413,Activity F,10.268165387743457
1414,,
1414,Activity B,8.188966863648876
1414,,
1414,Activity D,9.287394001418473
1414,Activity E,9.575052927597383
1414,Activity K,9.798182590890704
1414,Activity G,9.798182590890704
1414,Activity M,9.798182590890704
1414,Activity L,9.980494888896912
1414,,
1414,Activity J,9.980494888896912
1414,,
1414,Activity H,10.134638955251866
1414,,
1415,,
1415,,
1415,Activity C,8.881975184248867
1415,Activity D,9.287394001418473
1415,Activity E,9.575052927597383
1415,Activity M,9.798182590890704
1415,,
1415,,
1415,,
1415,Activity J,9.980494888896912
1415,Activity I,9.980494888896912
1415,Activity L,9.980494888896912
1415,Activity H,10.134638955251866
1415,,
1416,Activity A,0.0
1416,,
1416,Activity C,8.881975184248867
1416,,
1416,Activity E,9.575052927597383
1416,Activity K,9.798182590890704
1416,Activity M,9.798182590890704
1416,,
1416,Activity L,9.980494888896912
1416,Activity N,9.980494888896912
1416,,
1416,Activity I,9.980494888896912
1416,Activity H,10.134638955251866
1416,,
1417,,
1417,Activity B,8.188966863648876
1417,,
1417,,
1417,Activity E,9.575052927597383
1417,,
1417,Activity G,9.798182590890704
1417,,
1417,,
1417,Activity J,9.980494888896912
1417,,
1417,,
1417,,
1417,Activity F,10.268165387743457
1418,,
1418,Activity B,8.188966863648876
1418,,
1418,Activity D,9.287394001418473
1418,Activity E,9.575052927597383
1418,,
1418,Activity M,9.798182590890704
1418,Activity G,9.798182590890704
1418,Activity L,9.980494888896912
1418,Activity N,9.980494888896912
1418,Activity I,9.980494888896912
1418,Activity J,9.980494888896912
1418,Activity H,10.134638955251866
1418,Activity F,10.268165387743457
1419,,
1419,Activity B,8.188966863648876
1419,Activity C,8.881975184248867
1419,Activity D,9.287394001418473
1419,Activity E,9.575052927597383
1419,Activity G,9.798182590890704
1419,Activity K,9.798182590890704
1419,Activity M,9.798182590890704
1419,,
1419,Activity I,9.980494888896912
1419,Activity L,9.980494888896912
1419,Activity N,9.980494888896912
1419,,
1419,Activity F,10.268165387743457
1420,,
1420,,
1420,Activity C,8.881975184248867
1420,Activity D,9.287394001418473
1420,Activity E,9.575052927597383
1420,Activity G,9.798182590890704
1420,,
1420,Activity K,9.798182590890704
1420,Activity J,9.980494888896912
1420,Activity I,9.980494888896912
1420,Activity N,9.980494888896912
1420,,
1420,,
1420,Activity F,10.268165387743457
1421,,
1421,Activity B,8.188966863648876
1421,Activity C,8.881975184248867
1421,Activity D,9.287394001418473
1421,Activity E,9.575052927597383
1421,Activity K,9.798182590890704
1421,Activity M,9.798182590890704
1421,Activity G,9.798182590890704
1421,,
1421,,
1421,,
1421,,
1421,,
1421,,
1422,,
1422,,
1422,,
1422,Activity D,9.287394001418473
1422,,
1422,Activity G,9.798182590890704
1422,,
1422,Activity M,9.798182590890704
1422,,
1422,Activity I,9.980494888896912
1422,,
1422,Activity N,9.980494888896912
1422,Activity H,10.134638955251866
1422,Activity F,10.268165387743457
1423,,
1423,Activity B,8.188966863648876
1423,,
1423,,
1423,Activity E,9.575052927597383
1423,Activity K,9.798182590890704
1423,,
1423,,
1423,Activity L,9.980494888896912
1423,,
1423,,
1423,,
1423,,
1423,,
1424,Activity A,0.0
1424,,
1424,,
1424,,
1424,,
1424,,
1424,,
1424,Activity M,9.798182590890704
1424,Activity I,9.980494888896912
1424,,
1424,,
1424,,
1424,,
1424,Activity F,10.268165387743457
1425,Activity A,0.0
1425,,
1425,Activity C,8.881975184248867
1425,,
1425,Activity E,9.575052927597383
1425,Activity M,9.798182590890704
1425,,
1425,Activity K,9.798182590890704
1425,Activity N,9.980494888896912
1425,Activity J,9.980494888896912
1425,Activity I,9.980494888896912
1425,,
1425,,
1425,Activity F,10.268165387743457
1426,Activity A,0.0
1426,Activity B,8.188966863648876
1426,Activity C,8.881975184248867
1426,,
1426,Activity E,9.575052927597383
1426,,
1426,,
1426,,
1426,,
1426,,
1426,Activity I,9.980494888896912
1426,Activity J,9.980494888896912
1426,Activity H,10.134638955251866
1426,,
1427,,
1427,Activity B,8.188966863648876
1427,,
1427,Activity D,9.287394001418473
1427,Activity E,9.575052927597383
1427,Activity G,9.798182590890704
1427,,
1427,,
1427,,
1427,Activity J,9.980494888896912
1427,,
1427,Activity N,9.980494888896912
1427,Activity H,10.134638955251866
1427,Activity F,10.268165387743457
1428,Activity A,0.0
1428,Activity B,8.188966863648876
1428,Activity C,8.881975184248867
1428,,
1428,Activity E,9.575052927597383
1428,Activity G,9.798182590890704
1428,Activity M,9.798182590890704
1428,Activity K,9.798182590890704
1428,Activity J,9.980494888896912
1428,,
1428,Activity N,9.980494888896912
1428,,
1428,Activity H,10.134638955251866
1428,,
1429,Activity A,0.0
1429,,
1429,,
1429,,
1429,,
1429,Activity M,9.798182590890704
1429,,
1429,,
1429,,
1429,,
1429,,
1429,Activity J,9.980494888896912
1429,,
1429,Activity F,10.268165387743457
1430,Activity A,0.0
1430,Activity B,8.188966863648876
1430,Activity C,8.881975184248867
1430,,
1430,Activity E,9.575052927597383
1430,Activity M,9.798182590890704
1430,Activity G,9.798182590890704
1430,Activity K,9.798182590890704
1430,Activity N,9.980494888896912
1430,Activity I,9.980494888896912
1430,Activity J,9.980494888896912
1430,,
1430,Activity H,10.134638955251866
1430,,
1431,,
1431,Activity B,8.188966863648876
1431,Activity C,8.881975184248867
1431,,
1431,Activity E,9.575052927597383
1431,,
1431,,
1431,,
1431,Activity L,9.980494888896912
1431,,
1431,Activity J,9.980494888896912
1431,,
1431,,
1431,,
1432,,
1432,,
1432,Activity C,8.881975184248867
1432,,
1432,,
1432,,
1432,Activity G,9.798182590890704
1432,Activity M,9.798182590890704
1432,Activity L,9.980494888896912
1432,,
1432,,
1432,,
1432,Activity H,10.134638955251866
1432,Activity F,10.268165387743457
1433,,
1433,,
1433,,
1433,Activity D,9.287394001418473
1433,,
1433,Activity G,9.798182590890704
1433,Activity M,9.798182590890704
1433,,
1433,Activity J,9.980494888896912
1433,,
1433,,
1433,Activity L,9.980494888896912
1433,,
1433,Activity F,10.268165387743457
1434,,
1434,Activity B,8.188966863648876
1434,Activity C,8.881975184248867
1434,,
1434,Activity E,9.575052927597383
1434,,
1434,Activity G,9.798182590890704
1434,Activity K,9.798182590890704
1434,Activity N,9.980494888896912
1434,,
1434,Activity I,9.980494888896912
1434,,
1434,Activity H,10.134638955251866
1434,,
1435,Activity A,0.0
1435,,
1435,Activity C,8.881975184248867
1435,,
1435,Activity E,9.575052927597383
1435,Activity G,9.798182590890704
1435,,
1435,Activity K,9.798182590890704
1435,,
1435,,
1435,,
1435,Activity L,9.980494888896912
1435,Activity H,10.134638955251866
1435,Activity F,10.268165387743457
1436,,
1436,Activity B,8.188966863648876
1436,Activity C,8.881975184248867
1436,,
1436,Activity E,9.575052927597383
1436,,
1436,,
1436,Activity M,9.798182590890704
1436,Activity L,9.980494888896912
1436,,
1436,Activity J,9.980494888896912
1436,Activity N,9.980494888896912
1436,,
1436,,
1437,,
1437,,
1437,,
1437,,
1437,Activity E,9.575052927597383
1437,,
1437,,
1437,Activity G,9.798182590890704
1437,Activity N,9.980494888896912
1437,Activity L,9.980494888896912
1437,Activity I,9.980494888896912
1437,Activity J,9.980494888896912
1437,,
1437,Activity F,10.268165387743457
1438,Activity A,0.0
1438,,
1438,Activity C,8.881975184248867
1438,,
1438,Activity E,9.575052927597383
1438,Activity G,9.798182590890704
1438,Activity K,9.798182590890704
1438,Activity M,9.798182590890704
1438,Activity J,9.980494888896912
1438,Activity I,9.980494888896912
1438,Activity L,9.980494888896912
1438,,
1438,,
1438,Activity F,10.268165387743457
1439,,
1439,,
1439,Activity C,8.881975184248867
1439,,
1439,Activity E,9.575052927597383
1439,Activity M,9.798182590890704
1439,,
1439,Activity G,9.798182590890704
1439,Activity N,9.980494888896912
1439,Activity L,9.980494888896912
1439,Activity J,9.980494888896912
1439,Activity I,9.980494888896912
1439,,
1439,Activity F,10.268165387743457
1440,,
1440,Activity B,8.188966863648876
1440,,
1440,Activity D,9.287394001418473
1440,,
1440,,
1440,,
1440,Activity M,9.798182590890704
1440,,
1440,,
1440,Activity L,9.980494888896912
1440,,
1440,Activity H,10.134638955251866
1440,,
1441,Activity A,0.0
1441,Activity B,8.188966863648876
1441,Activity C,8.881975184248867
1441,Activity D,9.287394001418473
1441,,
1441,,
1441,Activity K,9.798182590890704
1441,,
1441,,
1441,Activity J,9.980494888896912
1441,Activity L,9.980494888896912
1441,,
1441,Activity H,10.134638955251866
1441,Activity F,10.268165387743457
1442,,
1442,,
1442,,
1442,,
1442,,
1442,Activity G,9.798182590890704
1442,,
1442,Activity M,9.798182590890704
1442,Activity I,9.980494888896912
1442,,
1442,,
1442,Activity N,9.980494888896912
1442,Activity H,10.134638955251866
1442,Activity F,10.268165387743457
1443,,
1443,Activity B,8.188966863648876
1443,Activity C,8.881975184248867
1443,Activity D,9.287394001418473
1443,,
1443,Activity G,9.798182590890704
1443,,
1443,Activity K,9.798182590890704
1443,Activity J,9.980494888896912
1443,Activity I,9.980494888896912
1443,,
1443,,
1443,,
1443,,
1444,Activity A,0.0
1444,,
1444,,
1444,,
1444,Activity E,9.575052927597383
1444,,
1444,,
1444,,
1444,Activity I,9.980494888896912
1444,Activity J,9.980494888896912
1444,Activity L,9.980494888896912
1444,,
1444,Activity H,10.134638955251866
1444,Activity F,10.268165387743457
1445,Activity A,0.0
1445,Activity B,8.188966863648876
1445,Activity C,8.881975184248867
1445,Activity D,9.287394001418473
1445,,
1445,,
1445,,
1445,,
1445,,
1445,,
1445,,
1445,Activity L,9.980494888896912
1445,Activity H,10.134638955251866
1445,Activity F,10.268165387743457
1446,Activity A,0.0
1446,Activity B,8.188966863648876
1446,,
1446,Activity D,9.287394001418473
1446,Activity E,9.575052927597383
1446,Activity M,9.798182590890704
1446,Activity G,9.798182590890704
1446,Activity K,9.798182590890704
1446,Activity N,9.980494888896912
1446,Activity J,9.980494888896912
1446,,
1446,Activity L,9.980494888896912
1446,Activity H,10.134638955251866
1446,,
1447,,
1447,,
1447,Activity C,8.881975184248867
1447,,
1447,Activity E,9.575052927597383
1447,Activity G,9.798182590890704
1447,,
1447,Activity M,9.798182590890704
1447,,
1447,Activity I,9.980494888896912
1447,,
1447,Activity N,9.980494888896912
1447,,
1447,,
1448,,
1448,,
1448,,
1448,Activity D,9.287394001418473
1448,Activity E,9.575052927597383
1448,,
1448,Activity K,9.798182590890704
1448,,
1448,Activity N,9.980494888896912
1448,Activity L,9.980494888896912
1448,,
1448,Activity J,9.980494888896912
1448,Activity H,10.134638955251866
1448,,
1449,Activity A,0.0
1449,Activity B,8.188966863648876
1449,Activity C,8.881975184248867
1449,Activity D,9.287394001418473
1449,Activity E,9.575052927597383
1449,Activity K,9.798182590890704
1449,,
1449,Activity G,9.798182590890704
1449,,
1449,,
1449,Activity I,9.980494888896912
1449,Activity J,9.980494888896912
1449,Activity H,10.134638955251866
1449,Activity F,10.268165387743457
1450,,
1450,,
1450,,
1450,,
1450,Activity E,9.575052927597383
1450,Activity G,9.798182590890704
1450,Activity K,9.798182590890704
1450,Activity M,9.798182590890704
1450,,
1450,,
1450,,
1450,Activity N,9.980494888896912
1450,Activity H,10.134638955251866
1450,,
1451,Activity A,0.0
1451,,
1451,,
1451,,
1451,,
1451,,
1451,Activity G,9.798182590890704
1451,,
1451,Activity N,9.980494888896912
1451,,
1451,,
1451,Activity L,9.980494888896912
1451,Activity H,10.134638955251866
1451,,
1452,Activity A,0.0
1452,,
1452,Activity C,8.881975184248867
1452,,
1452,Activity E,9.575052927597383
1452,Activity K,9.798182590890704
1452,Activity M,9.798182590890704
1452,,
1452,Activity L,9.980494888896912
1452,Activity N,9.980494888896912
1452,Activity J,9.980494888896912
1452,,
1452,Activity H,10.134638955251866
1452,Activity F,10.268165387743457
1453,Activity A,0.0
1453,,
1453,,
1453,,
1453,,
1453,Activity M,9.798182590890704
1453,,
1453,Activity K,9.798182590890704
1453,Activity N,9.980494888896912
1453,Activity I,9.980494888896912
1453,Activity J,9.980494888896912
1453,,
1453,Activity H,10.134638955251866
1453,Activity F,10.268165387743457
1454,Activity A,0.0
1454,Activity B,8.188966863648876
1454,Activity C,8.881975184248867
1454,,
1454,,
1454,Activity K,9.798182590890704
1454,Activity M,9.798182590890704
1454,,
1454,Activity L,9.980494888896912
1454,,
1454,Activity I,9.980494888896912
1454,Activity J,9.980494888896912
1454,,
1454,Activity F,10.268165387743457
1455,Activity A,0.0
1455,,
1455,,
1455,,
1455,,
1455,,
1455,Activity M,9.798182590890704
1455,Activity G,9.798182590890704
1455,,
1455,,
1455,,
1455,,
1455,Activity H,10.134638955251866
1455,,
1456,Activity A,0.0
1456,,
1456,Activity C,8.881975184248867
1456,,
1456,,
1456,,
1456,,
1456,Activity G,9.798182590890704
1456,Activity L,9.980494888896912
1456,,
1456,,
1456,,
1456,Activity H,10.134638955251866
1456,Activity F,10.268165387743457
1457,,
1457,Activity B,8.188966863648876
1457,,
1457,,
1457,Activity E,9.575052927597383
1457,Activity G,9.798182590890704
1457,Activity K,9.798182590890704
1457,Activity M,9.798182590890704
1457,,
1457,,
1457,,
1457,,
1457,Activity H,10.134638955251866
1457,Activity F,10.268165387743457
1458,,
1458,Activity B,8.188966863648876
1458,Activity C,8.881975184248867
1458,Activity D,9.287394001418473
1458,,
1458,,
1458,,
1458,,
1458,Activity J,9.980494888896912
1458,Activity I,9.980494888896912
1458,,
1458,Activity N,9.980494888896912
1458,Activity H,10.134638955251866
1458,,
1459,,
1459,Activity B,8.188966863648876
1459,,
1459,Activity D,9.287394001418473
1459,Activity E,9.575052927597383
1459,,
1459,,
1459,,
1459,,
1459,Activity I,9.980494888896912
1459,,
1459,,
1459,,
1459,Activity F,10.268165387743457
1460,Activity A,0.0
1460,,
1460,Activity C,8.881975184248867
1460,Activity D,9.287394001418473
1460,Activity E,9.575052927597383
1460,Activity K,9.798182590890704
1460,,
1460,Activity G,9.798182590890704
1460,Activity L,9.980494888896912
1460,Activity N,9.980494888896912
1460,,
1460,Activity J,9.980494888896912
1460,,
1460,Activity F,10.268165387743457
1461,,
1461,,
1461,Activity C,8.881975184248867
1461,Activity D,9.287394001418473
1461,Activity E,9.575052927597383
1461,,
1461,Activity G,9.798182590890704
1461,,
1461,Activity L,9.980494888896912
1461,,
1461,Activity I,9.980494888896912
1461,Activity N,9.980494888896912
1461,,
1461,,
1462,Activity A,0.0
1462,Activity B,8.188966863648876
1462,Activity C,8.881975184248867
1462,Activity D,9.287394001418473
1462,,
1462,,
1462,Activity M,9.798182590890704
1462,Activity K,9.798182590890704
1462,,
1462,Activity I,9.980494888896912
1462,,
1462,,
1462,Activity H,10.134638955251866
1462,,
1463,,
1463,Activity B,8.188966863648876
1463,Activity C,8.881975184248867
1463,Activity D,9.287394001418473
1463,Activity E,9.575052927597383
1463,,
1463,Activity K,9.798182590890704
1463,Activity G,9.798182590890704
1463,,
1463,,
1463,Activity J,9.980494888896912
1463,,
1463,,
1463,,
1464,Activity A,0.0
1464,Activity B,8.188966863648876
1464,,
1464,,
1464,,
1464,,
1464,,
1464,Activity G,9.798182590890704
1464,Activity L,9.980494888896912
1464,Activity N,9.980494888896912
1464,Activity J,9.980494888896912
1464,Activity I,9.980494888896912
1464,Activity H,10.134638955251866
1464,Activity F,10.268165387743457
1465,,
1465,,
1465,,
1465,,
1465,Activity E,9.575052927597383
1465,,
1465,,
1465,,
1465,,
1465,Activity J,9.980494888896912
1465,Activity I,9.980494888896912
1465,Activity L,9.980494888896912
1465,,
1465,,
1466,,
1466,Activity B,8.188966863648876
1466,Activity C,8.881975184248867
1466,,
1466,Activity E,9.575052927597383
1466,Activity M,9.798182590890704
1466,,
1466,Activity G,9.798182590890704
1466,,
1466,Activity L,9.980494888896912
1466,Activity J,9.980494888896912
1466,Activity I,9.980494888896912
1466,,
1466,Activity F,10.268165387743457
1467,,
1467,,
1467,Activity C,8.881975184248867
1467,Activity D,9.287394001418473
1467,Activity E,9.575052927597383
1467,,
1467,,
1467,,
1467,,
1467,,
1467,Activity I,9.980494888896912
1467,Activity N,9.980494888896912
1467,Activity H,10.134638955251866
1467,Activity F,10.268165387743457
1468,Activity A,0.0
1468,Activity B,8.188966863648876
1468,,
1468,,
1468,,
1468,,
1468,,
1468,Activity G,9.798182590890704
1468,Activity L,9.980494888896912
1468,Activity N,9.980494888896912
1468,Activity I,9.980494888896912
1468,Activity J,9.980494888896912
1468,,
1468,Activity F,10.268165387743457
1469,,
1469,,
1469,Activity C,8.881975184248867
1469,,
1469,Activity E,9.575052927597383
1469,Activity M,9.798182590890704
1469,,
1469,Activity K,9.798182590890704
1469,Activity N,9.980494888896912
1469,Activity J,9.980494888896912
1469,,
1469,Activity L,9.980494888896912
1469,Activity H,10.134638955251866
1469,,
1470,Activity A,0.0
1470,Activity B,8.188966863648876
1470,,
1470,Activity D,9.287394001418473
1470,,
1470,,
1470,Activity M,9.798182590890704
1470,Activity K,9.798182590890704
1470,Activity J,9.980494888896912
1470,,
1470,Activity N,9.980494888896912
1470,Activity L,9.980494888896912
1470,Activity H,10.134638955251866
1470,Activity F,10.268165387743457
1471,Activity A,0.0
1471,,
1471,Activity C,8.881975184248867
1471,Activity D,9.287394001418473
1471,Activity E,9.575052927597383
1471,Activity G,9.798182590890704
1471,,
1471,,
1471,Activity J,9.980494888896912
1471,Activity I,9.980494888896912
1471,Activity N,9.980494888896912
1471,,
1471,,
1471,Activity F,10.268165387743457
1472,Activity A,0.0
1472,,
1472,Activity C,8.881975184248867
1472,Activity D,9.287394001418473
1472,,
1472,,
1472,,
1472,Activity G,9.798182590890704
1472,,
1472,Activity L,9.980494888896912
1472,Activity I,9.980494888896912
1472,,
1472,Activity H,10.134638955251866
1472,,
1473,Activity A,0.0
1473,Activity B,8.188966863648876
1473,,
1473,,
1473,,
1473,,
1473,,
1473,,
1473,,
1473,Activity N,9.980494888896912
1473,,
1473,Activity I,9.980494888896912
1473,,
1473,Activity F,10.268165387743457
1474,,
1474,,
1474,Activity C,8.881975184248867
1474,Activity D,9.287394001418473
1474,,
1474,,
1474,,
1474,Activity M,9.798182590890704
1474,Activity I,9.980494888896912
1474,Activity J,9.980494888896912
1474,Activity L,9.980494888896912
1474,,
1474,Activity H,10.134638955251866
1474,Activity F,10.268165387743457
1475,Activity A,0.0
1475,,
1475,Activity C,8.881975184248867
1475,Activity D,9.287394001418473
1475,,
1475,Activity M,9.798182590890704
1475,,
1475,,
1475,,
1475,,
1475,Activity J,9.980494888896912
1475,Activity L,9.980494888896912
1475,Activity H,10.134638955251866
1475,Activity F,10.268165387743457
1476,Activity A,0.0
1476,Activity B,8.188966863648876
1476,Activity C,8.881975184248867
1476,Activity D,9.287394001418473
1476,,
1476,Activity K,9.798182590890704
1476,Activity G,9.798182590890704
1476,Activity M,9.798182590890704
1476,,
1476,,
1476,Activity J,9.980494888896912
1476,Activity N,9.980494888896912
1476,Activity H,10.134638955251866
1476,,
1477,,
1477,,
1477,,
1477,Activity D,9.287394001418473
1477,Activity E,9.575052927597383
1477,Activity G,9.798182590890704
1477,Activity M,9.798182590890704
1477,,
1477,,
1477,Activity J,9.980494888896912
1477,Activity N,9.980494888896912
1477,,
1477,,
1477,,
1478,Activity A,0.0
1478,,
1478,,
1478,Activity D,9.287394001418473
1478,Activity E,9.575052927597383
1478,,
1478,Activity M,9.798182590890704
1478,,
1478,Activity L,9.980494888896912
1478,Activity N,9.980494888896912
1478,,
1478,,
1478,Activity H,10.134638955251866
1478,,
1479,Activity A,0.0
1479,,
1479,Activity C,8.881975184248867
1479,,
1479,Activity E,9.575052927597383
1479,,
1479,Activity M,9.798182590890704
1479,Activity G,9.798182590890704
1479,,
1479,Activity N,9.980494888896912
1479,Activity J,9.980494888896912
1479,Activity I,9.980494888896912
1479,Activity H,10.134638955251866
1479,Activity F,10.268165387743457
1480,Activity A,0.0
1480,,
1480,,
1480,Activity D,9.287394001418473
1480,Activity E,9.575052927597383
1480,Activity G,9.798182590890704
1480,,
1480,,
1480,,
1480,,
1480,Activity N,9.980494888896912
1480,,
1480,,
1480,,
1481,,
1481,Activity B,8.188966863648876
1481,,
1481,,
1481,Activity E,9.575052927597383
1481,Activity K,9.798182590890704
1481,,
1481,,
1481,,
1481,Activity N,9.980494888896912
1481,,
1481,,
1481,Activity H,10.134638955251866
1481,Activity F,10.268165387743457
1482,Activity A,0.0
1482,,
1482,Activity C,8.881975184248867
1482,Activity D,9.287394001418473
1482,,
1482,Activity M,9.798182590890704
1482,,
1482,,
1482,,
1482,,
1482,Activity I,9.980494888896912
1482,,
1482,,
1482,,
1483,Activity A,0.0
1483,Activity B,8.188966863648876
1483,,
1483,Activity D,9.287394001418473
1483,,
1483,Activity K,9.798182590890704
1483,,
1483,,
1483,,
1483,,
1483,Activity J,9.980494888896912
1483,,
1483,Activity H,10.134638955251866
1483,,
1484,,
1484,,
1484,Activity C,8.881975184248867
1484,,
1484,,
1484,Activity K,9.798182590890704
1484,Activity G,9.798182590890704
1484,,
1484,Activity L,9.980494888896912
1484,Activity I,9.980494888896912
1484,,
1484,,
1484,Activity H,10.134638955251866
1484,Activity F,10.268165387743457
1485,,
1485,,
1485,Activity C,8.881975184248867
1485,,
1485,,
1485,,
1485,,
1485,Activity G,9.798182590890704
1485,Activity L,9.980494888896912
1485,,
1485,,
1485,,
1485,Activity H,10.134638955251866
1485,Activity F,10.268165387743457
1486,Activity A,0.0
1486,Activity B,8.188966863648876
1486,Activity C,8.881975184248867
1486,,
1486,Activity E,9.575052927597383
1486,,
1486,,
1486,Activity K,9.798182590890704
1486,Activity I,9.980494888896912
1486,Activity J,9.980494888896912
1486,,
1486,,
1486,Activity H,10.134638955251866
1486,,
1487,,
1487,,
1487,Activity C,8.881975184248867
1487,Activity D,9.287394001418473
1487,,
1487,Activity G,9.798182590890704
1487,,
1487,,
1487,Activity J,9.980494888896912
1487,,
1487,Activity N,9.980494888896912
1487,Activity L,9.980494888896912
1487,,
1487,Activity F,10.268165387743457
1488,Activity A,0.0
1488,,
1488,,
1488,,
1488,Activity E,9.575052927597383
1488,,
1488,Activity K,9.798182590890704
1488,,
1488,,
1488,Activity L,9.980494888896912
1488,,
1488,Activity I,9.980494888896912
1488,,
1488,,
1489,,
1489,,
1489,Activity C,8.881975184248867
1489,,
1489,,
1489,,
1489,Activity G,9.798182590890704
1489,,
1489,Activity N,9.980494888896912
1489,,
1489,Activity J,9.980494888896912
1489,,
1489,Activity H,10.134638955251866
1489,,
1490,Activity A,0.0
1490,,
1490,,
1490,Activity D,9.287394001418473
1490,Activity E,9.575052927597383
1490,,
1490,Activity M,9.798182590890704
1490,,
1490,,
1490,Activity I,9.980494888896912
1490,,
1490,Activity L,9.980494888896912
1490,,
1490,Activity F,10.268165387743457
1491,Activity A,0.0
1491,,
1491,,
1491,Activity D,9.287394001418473
1491,Activity E,9.575052927597383
1491,Activity G,9.798182590890704
1491,,
1491,Activity M,9.798182590890704
1491,Activity J,9.980494888896912
1491,Activity I,9.980494888896912
1491,Activity L,9.980494888896912
1491,Activity N,9.980494888896912
1491,,
1491,Activity F,10.268165387743457
1492,Activity A,0.0
1492,,
1492,,
1492,,
1492,,
1492,Activity M,9.798182590890704
1492,Activity G,9.798182590890704
1492,Activity K,9.798182590890704
1492,Activity N,9.980494888896912
1492,Activity I,9.980494888896912
1492,Activity J,9.980494888896912
1492,Activity L,9.980494888896912
1492,,
1492,,
1493,Activity A,0.0
1493,Activity B,8.188966863648876
1493,Activity C,8.881975184248867
1493,,
1493,,
1493,,
1493,,
1493,,
1493,,
1493,Activity J,9.980494888896912
1493,,
1493,Activity L,9.980494888896912
1493,,
1493,Activity F,10.268165387743457
1494,,
1494,,
1494,Activity C,8.881975184248867
1494,Activity D,9.287394001418473
1494,,
1494,,
1494,Activity M,9.798182590890704
1494,Activity G,9.798182590890704
1494,,
1494,,
1494,Activity I,9.980494888896912
1494,Activity J,9.980494888896912
1494,Activity H,10.134638955251866
1494,,
1495,Activity A,0.0
1495,,
1495,Activity C,8.881975184248867
1495,Activity D,9.287394001418473
1495,,
1495,Activity M,9.798182590890704
1495,,
1495,,
1495,Activity N,9.980494888896912
1495,Activity J,9.980494888896912
1495,Activity I,9.980494888896912
1495,,
1495,,
1495,,
1496,,
1496,,
1496,Activity C,8.881975184248867
1496,Activity D,9.287394001418473
1496,Activity E,9.575052927597383
1496,Activity M,9.798182590890704
1496,,
1496,,
1496,Activity N,9.980494888896912
1496,Activity L,9.980494888896912
1496,,
1496,Activity J,9.980494888896912
1496,Activity H,10.134638955251866
1496,,
1497,,
1497,,
1497,Activity C,8.881975184248867
1497,,
1497,Activity E,9.575052927597383
1497,,
1497,Activity G,9.798182590890704
1497,Activity K,9.798182590890704
1497,,
1497,,
1497,,
1497,Activity L,9.980494888896912
1497,,
1497,,
1498,,
1498,Activity B,8.188966863648876
1498,,
1498,Activity D,9.287394001418473
1498,,
1498,,
1498,,
1498,,
1498,Activity N,9.980494888896912
1498,Activity I,9.980494888896912
1498,,
1498,Activity L,9.980494888896912
1498,Activity H,10.134638955251866
1498,,
1499,Activity A,0.0
1499,,
1499,,
1499,Activity D,9.287394001418473
1499,Activity E,9.575052927597383
1499,Activity G,9.798182590890704
1499,,
1499,Activity M,9.798182590890704
1499,,
1499,,
1499,Activity L,9.980494888896912
1499,Activity N,9.980494888896912
1499,Activity H,10.134638955251866
1499,Activity F,10.268165387743457
1500,Activity A,0.0
1500,Activity B,8.188966863648876
1500,,
1500,Activity D,9.287394001418473
1500,Activity E,9.575052927597383
1500,Activity M,9.798182590890704
1500,,
1500,,
1500,,
1500,,
1500,Activity J,9.980494888896912
1500,,
1500,,
1500,Activity F,10.268165387743457
1501,Activity A,0.0
1501,,
1501,,
1501,Activity D,9.287394001418473
1501,,
1501,,
1501,,
1501,Activity M,9.798182590890704
1501,Activity J,9.980494888896912
1501,Activity I,9.980494888896912
1501,Activity L,9.980494888896912
1501,Activity N,9.980494888896912
1501,Activity H,10.134638955251866
1501,,
1502,Activity A,0.0
1502,Activity B,8.188966863648876
1502,,
1502,,
1502,Activity E,9.575052927597383
1502,Activity G,9.798182590890704
1502,Activity K,9.798182590890704
1502,Activity M,9.798182590890704
1502,Activity J,9.980494888896912
1502,,
1502,,
1502,,
1502,,
1502,,
1503,Activity A,0.0
1503,Activity B,8.188966863648876
1503,Activity C,8.881975184248867
1503,Activity D,9.287394001418473
1503,Activity E,9.575052927597383
1503,Activity M,9.798182590890704
1503,Activity G,9.798182590890704
1503,,
1503,,
1503,Activity J,9.980494888896912
1503,Activity I,9.980494888896912
1503,Activity L,9.980494888896912
1503,Activity H,10.134638955251866
1503,Activity F,10.268165387743457
1504,,
1504,Activity B,8.188966863648876
1504,,
1504,,
1504,Activity E,9.575052927597383
1504,,
1504,Activity M,9.798182590890704
1504,,
1504,,
1504,,
1504,Activity N,9.980494888896912
1504,Activity L,9.980494888896912
1504,Activity H,10.134638955251866
1504,,
1505,Activity A,0.0
1505,,
1505,Activity C,8.881975184248867
1505,,
1505,,
1505,Activity K,9.798182590890704
1505,,
1505,Activity M,9.798182590890704
1505,Activity L,9.980494888896912
1505,Activity I,9.980494888896912
1505,Activity J,9.980494888896912
1505,,
1505,Activity H,10.134638955251866
1505,Activity F,10.268165387743457
1506,Activity A,0.0
1506,Activity B,8.188966863648876
1506,Activity C,8.881975184248867
1506,Activity D,9.287394001418473
1506,,
1506,,
1506,Activity M,9.798182590890704
1506,Activity G,9.798182590890704
1506,,
1506,Activity N,9.980494888896912
1506,,
1506,Activity I,9.980494888896912
1506,Activity H,10.134638955251866
1506,Activity F,10.268165387743457
1507,,
1507,Activity B,8.188966863648876
1507,Activity C,8.881975184248867
1507,,
1507,,
1507,Activity G,9.798182590890704
1507,,
1507,,
1507,Activity J,9.980494888896912
1507,,
1507,Activity L,9.980494888896912
1507,,
1507,Activity H,10.134638955251866
1507,Activity F,10.268165387743457
1508,Activity A,0.0
1508,Activity B,8.188966863648876
1508,Activity C,8.881975184248867
1508,,
1508,,
1508,,
1508,Activity K,9.798182590890704
1508,Activity G,9.798182590890704
1508,Activity N,9.980494888896912
1508,Activity L,9.980494888896912
1508,Activity I,9.980494888896912
1508,,
1508,,
1508,,
1509,Activity A,0.0
1509,,
1509,Activity C,8.881975184248867
1509,Activity D,9.287394001418473
1509,,
1509,Activity M,9.798182590890704
1509,Activity K,9.798182590890704
1509,,
1509,Activity N,9.980494888896912
1509,,
1509,Activity I,9.980494888896912
1509,Activity J,9.980494888896912
1509,,
1509,,
1510,,
1510,,
1510,,
1510,,
1510,Activity E,9.575052927597383
1510,Activity M,9.798182590890704
1510,Activity K,9.798182590890704
1510,Activity G,9.798182590890704
1510,,
1510,Activity L,9.980494888896912
1510,,
1510,,
1510,Activity H,10.134638955251866
1510,,
1511,Activity A,0.0
1511,,
1511,Activity C,8.881975184248867
1511,,
1511,Activity E,9.575052927597383
1511,,
1511,,
1511,,
1511,,
1511,Activity L,9.980494888896912
1511,,
1511,,
1511,,
1511,Activity F,10.268165387743457
1512,Activity A,0.0
1512,,
1512,,
1512,Activity D,9.287394001418473
1512,,
1512,,
1512,Activity K,9.798182590890704
1512,,
1512,,
1512,Activity L,9.980494888896912
1512,Activity I,9.980494888896912
1512,,
1512,,
1512,Activity F,10.268165387743457
1513,Activity A,0.0
1513,,
1513,Activity C,8.881975184248867
1513,Activity D,9.287394001418473
1513,Activity E,9.575052927597383
1513,Activity G,9.798182590890704
1513,,
1513,,
1513,,
1513,Activity J,9.980494888896912
1513,,
1513,Activity N,9.980494888896912
1513,,
1513,Activity F,10.268165387743457
1514,Activity A,0.0
1514,,
1514,Activity C,8.881975184248867
1514,,
1514,Activity E,9.575052927597383
1514,Activity K,9.798182590890704
1514,Activity G,9.798182590890704
1514,Activity M,9.798182590890704
1514,,
1514,Activity J,9.980494888896912
1514,Activity I,9.980494888896912
1514,,
1514,Activity H,10.134638955251866
1514,Activity F,10.268165387743457
1515,Activity A,0.0
1515,,
1515,,
1515,,
1515,Activity E,9.575052927597383
1515,,
1515,,
1515,Activity G,9.798182590890704
1515,,
1515,,
1515,,
1515,,
1515,Activity H,10.134638955251866
1515,,
1516,,
1516,Activity B,8.188966863648876
1516,Activity C,8.881975184248867
1516,Activity D,9.287394001418473
1516,,
1516,Activity G,9.798182590890704
1516,,
1516,Activity K,9.798182590890704
1516,,
1516,,
1516,Activity N,9.980494888896912
1516,Activity L,9.980494888896912
1516,,
1516,Activity F,10.268165387743457
1517,,
1517,Activity B,8.188966863648876
1517,Activity C,8.881975184248867
1517,,
1517,Activity E,9.575052927597383
1517,Activity G,9.798182590890704
1517,Activity K,9.798182590890704
1517,,
1517,Activity J,9.980494888896912
1517,,
1517,,
1517,Activity N,9.980494888896912
1517,,
1517,Activity F,10.268165387743457
1518,Activity A,0.0
1518,,
1518,Activity C,8.881975184248867
1518,Activity D,9.287394001418473
1518,Activity E,9.575052927597383
1518,,
1518,Activity G,9.798182590890704
1518,Activity M,9.798182590890704
1518,Activity L,9.980494888896912
1518,,
1518,,
1518,,
1518,,
1518,,
1519,Activity A,0.0
1519,Activity B,8.188966863648876
1519,Activity C,8.881975184248867
1519,,
1519,Activity E,9.575052927597383
1519,,
1519,Activity G,9.798182590890704
1519,,
1519,,
1519,,
1519,Activity J,9.980494888896912
1519,Activity N,9.980494888896912
1519,Activity H,10.134638955251866
1519,Activity F,10.268165387743457
1520,Activity A,0.0
1520,Activity B,8.188966863648876
1520,,
1520,,
1520,Activity E,9.575052927597383
1520,,
1520,Activity G,9.798182590890704
1520,,
1520,Activity N,9.980494888896912
1520,Activity I,9.980494888896912
1520,Activity J,9.980494888896912
1520,,
1520,Activity H,10.134638955251866
1520,Activity F,10.268165387743457
1521,,
1521,Activity B,8.188966863648876
1521,,
1521,,
1521,Activity E,9.575052927597383
1521,Activity M,9.798182590890704
1521,Activity K,9.798182590890704
1521,Activity G,9.798182590890704
1521,,
1521,Activity L,9.980494888896912
1521,,
1521,,
1521,Activity H,10.134638955251866
1521,,
1522,Activity A,0.0
1522,,
1522,,
1522,,
1522,,
1522,,
1522,,
1522,,
1522,Activity N,9.980494888896912
1522,Activity L,9.980494888896912
1522,Activity J,9.980494888896912
1522,Activity I,9.980494888896912
1522,,
1522,,
1523,,
1523,Activity B,8.188966863648876
1523,Activity C,8.881975184248867
1523,Activity D,9.287394001418473
1523,Activity E,9.575052927597383
1523,,
1523,,
1523,Activity K,9.798182590890704
1523,Activity J,9.980494888896912
1523,,
1523,,
1523,,
1523,Activity H,10.134638955251866
1523,Activity F,10.268165387743457
1524,Activity A,0.0
1524,Activity B,8.188966863648876
1524,,
1524,Activity D,9.287394001418473
1524,Activity E,9.575052927597383
1524,,
1524,Activity M,9.798182590890704
1524,Activity K,9.798182590890704
1524,,
1524,,
1524,Activity N,9.980494888896912
1524,,
1524,Activity H,10.134638955251866
1524,,
1525,,
1525,Activity B,8.188966863648876
1525,Activity C,8.881975184248867
1525,Activity D,9.287394001418473
1525,Activity E,9.575052927597383
1525,,
1525,,
1525,Activity G,9.798182590890704
1525,,
1525,,
1525,,
1525,,
1525,,
1525,,
1526,Activity A,0.0
1526,Activity B,8.188966863648876
1526,,
1526,Activity D,9.287394001418473
1526,Activity E,9.575052927597383
1526,,
1526,Activity K,9.798182590890704
1526,,
1526,Activity N,9.980494888896912
1526,,
1526,,
1526,Activity J,9.980494888896912
1526,Activity H,10.134638955251866
1526,,
1527,,
1527,Activity B,8.188966863648876
1527,,
1527,,
1527,,
1527,Activity G,9.798182590890704
1527,,
1527,Activity K,9.798182590890704
1527,,
1527,Activity J,9.980494888896912
1527,,
1527,Activity L,9.980494888896912
1527,Activity H,10.134638955251866
1527,,
1528,,
1528,,
1528,,
1528,Activity D,9.287394001418473
1528,Activity E,9.575052927597383
1528,,
1528,Activity G,9.798182590890704
1528,,
1528,,
1528,,
1528,Activity J,9.980494888896912
1528,,
1528,Activity H,10.134638955251866
1528,,
1529,Activity A,0.0
1529,Activity B,8.188966863648876
1529,Activity C,8.881975184248867
1529,,
1529,,
1529,Activity G,9.798182590890704
1529,Activity K,9.798182590890704
1529,,
1529,,
1529,,
1529,,
1529,Activity N,9.980494888896912
1529,Activity H,10.134638955251866
1529,Activity F,10.268165387743457
1530,,
1530,,
1530,,
1530,,
1530,,
1530,Activity K,9.798182590890704
1530,Activity G,9.798182590890704
1530,,
1530,Activity L,9.980494888896912
1530,Activity I,9.980494888896912
1530,,
1530,,
1530,Activity H,10.134638955251866
1530,Activity F,10.268165387743457
1531,Activity A,0.0
1531,Activity B,8.188966863648876
1531,,
1531,,
1531,,
1531,Activity G,9.798182590890704
1531,,
1531,Activity M,9.798182590890704
1531,,
1531,,
1531,,
1531,,
1531,Activity H,10.134638955251866
1531,,
1532,,
1532,Activity B,8.188966863648876
1532,Activity C,8.881975184248867
1532,Activity D,9.287394001418473
1532,,
1532,,
1532,,
1532,,
1532,,
1532,Activity J,9.980494888896912
1532,Activity I,9.980494888896912
1532,Activity L,9.980494888896912
1532,,
1532,,
1533,Activity A,0.0
1533,,
1533,,
1533,,
1533,Activity E,9.575052927597383
1533,,
1533,,
1533,,
1533,Activity N,9.980494888896912
1533,Activity L,9.980494888896912
1533,,
1533,,
1533,Activity H,10.134638955251866
1533,Activity F,10.268165387743457
1534,Activity A,0.0
1534,Activity B,8.188966863648876
1534,,
1534,Activity D,9.287394001418473
1534,,
1534,Activity M,9.798182590890704
1534,Activity K,9.798182590890704
1534,Activity G,9.798182590890704
1534,Activity N,9.980494888896912
1534,Activity L,9.980494888896912
1534,,
1534,Activity J,9.980494888896912
1534,Activity H,10.134638955251866
1534,Activity F,10.268165387743457
1535,Activity A,0.0
1535,Activity B,8.188966863648876
1535,,
1535,Activity D,9.287394001418473
1535,,
1535,,
1535,Activity K,9.798182590890704
1535,Activity G,9.798182590890704
1535,Activity N,9.980494888896912
1535,Activity L,9.980494888896912
1535,Activity I,9.980494888896912
1535,,
1535,Activity H,10.134638955251866
1535,,
1536,Activity A,0.0
1536,,
1536,Activity C,8.881975184248867
1536,,
1536,Activity E,9.575052927597383
1536,Activity G,9.798182590890704
1536,Activity M,9.798182590890704
1536,,
1536,,
1536,,
1536,,
1536,Activity L,9.980494888896912
1536,Activity H,10.134638955251866
1536,Activity F,10.268165387743457
1537,,
1537,Activity B,8.188966863648876
1537,Activity C,8.881975184248867
1537,,
1537,,
1537,,
1537,Activity G,9.798182590890704
1537,Activity K,9.798182590890704
1537,Activity N,9.980494888896912
1537,,
1537,,
1537,,
1537,,
1537,,
1538,,
1538,Activity B,8.188966863648876
1538,,
1538,Activity D,9.287394001418473
1538,Activity E,9.575052927597383
1538,Activity G,9.798182590890704
1538,Activity M,9.798182590890704
1538,Activity K,9.798182590890704
1538,Activity J,9.980494888896912
1538,,
1538,Activity N,9.980494888896912
1538,,
1538,Activity H,10.134638955251866
1538,Activity F,10.268165387743457
1539,Activity A,0.0
1539,Activity B,8.188966863648876
1539,Activity C,8.881975184248867
1539,Activity D,9.287394001418473
1539,Activity E,9.575052927597383
1539,,
1539,,
1539,Activity K,9.798182590890704
1539,Activity J,9.980494888896912
1539,,
1539,,
1539,,
1539,Activity H,10.134638955251866
1539,,
1540,Activity A,0.0
1540,,
1540,,
1540,,
1540,,
1540,,
1540,,
1540,,
1540,,
1540,Activity N,9.980494888896912
1540,,
1540,,
1540,Activity H,10.134638955251866
1540,,
1541,,
1541,Activity B,8.188966863648876
1541,Activity C,8.881975184248867
1541,,
1541,,
1541,Activity G,9.798182590890704
1541,,
1541,Activity K,9.798182590890704
1541,,
1541,Activity I,9.980494888896912
1541,,
1541,Activity L,9.980494888896912
1541,,
1541,Activity F,10.268165387743457
1542,,
1542,,
1542,,
1542,Activity D,9.287394001418473
1542,Activity E,9.575052927597383
1542,Activity K,9.798182590890704
1542,,
1542,Activity M,9.798182590890704
1542,,
1542,,
1542,,
1542,,
1542,Activity H,10.134638955251866
1542,Activity F,10.268165387743457
1543,Activity A,0.0
1543,Activity B,8.188966863648876
1543,,
1543,Activity D,9.287394001418473
1543,,
1543,,
1543,,
1543,,
1543,,
1543,,
1543,,
1543,,
1543,Activity H,10.134638955251866
1543,Activity F,10.268165387743457
1544,,
1544,,
1544,,
1544,Activity D,9.287394001418473
1544,,
1544,,
1544,Activity M,9.798182590890704
1544,Activity K,9.798182590890704
1544,,
1544,Activity J,9.980494888896912
1544,Activity N,9.980494888896912
1544,,
1544,,
1544,,
1545,,
1545,Activity B,8.188966863648876
1545,Activity C,8.881975184248867
1545,Activity D,9.287394001418473
1545,Activity E,9.575052927597383
1545,Activity G,9.798182590890704
1545,,
1545,Activity M,9.798182590890704
1545,Activity I,9.980494888896912
1545,,
1545,Activity L,9.980494888896912
1545,Activity N,9.980494888896912
1545,Activity H,10.134638955251866
1545,Activity F,10.268165387743457
1546,Activity A,0.0
1546,,
1546,Activity C,8.881975184248867
1546,Activity D,9.287394001418473
1546,Activity E,9.575052927597383
1546,,
1546,,
1546,Activity M,9.798182590890704
1546,Activity J,9.980494888896912
1546,,
1546,Activity L,9.980494888896912
1546,Activity N,9.980494888896912
1546,Activity H,10.134638955251866
1546,,
1547,,
1547,Activity B,8.188966863648876
1547,Activity C,8.881975184248867
1547,Activity D,9.287394001418473
1547,Activity E,9.575052927597383
1547,,
1547,,
1547,,
1547,,
1547,Activity J,9.980494888896912
1547,Activity I,9.980494888896912
1547,Activity N,9.980494888896912
1547,,
1547,,
1548,,
1548,,
1548,,
1548,,
1548,,
1548,Activity G,9.798182590890704
1548,Activity M,9.798182590890704
1548,Activity K,9.798182590890704
1548,,
1548,Activity J,9.980494888896912
1548,Activity N,9.980494888896912
1548,,
1548,,
1548,,
1549,Activity A,0.0
1549,,
1549,Activity C,8.881975184248867
1549,Activity D,9.287394001418473
1549,,
1549,Activity M,9.798182590890704
1549,Activity K,9.798182590890704
1549,Activity G,9.798182590890704
1549,Activity N,9.980494888896912
1549,,
1549,,
1549,Activity J,9.980494888896912
1549,,
1549,,
1550,Activity A,0.0
1550,,
1550,,
1550,,
1550,Activity E,9.575052927597383
1550,,
1550,Activity G,9.798182590890704
1550,,
1550,Activity L,9.980494888896912
1550,,
1550,,
1550,,
1550,Activity H,10.134638955251866
1550,Activity F,10.268165387743457
1551,Activity A,0.0
1551,Activity B,8.188966863648876
1551,Activity C,8.881975184248867
1551,Activity D,9.287394001418473
1551,,
1551,,
1551,Activity K,9.798182590890704
1551,,
1551,,
1551,Activity L,9.980494888896912
1551,,
1551,,
1551,,
1551,,
1552,,
1552,Activity B,8.188966863648876
1552,Activity C,8.881975184248867
1552,,
1552,,
1552,Activity M,9.798182590890704
1552,,
1552,Activity G,9.798182590890704
1552,Activity N,9.980494888896912
1552,,
1552,Activity J,9.980494888896912
1552,,
1552,,
1552,Activity F,10.268165387743457
1553,,
1553,,
1553,,
1553,,
1553,,
1553,Activity K,9.798182590890704
1553,Activity G,9.798182590890704
1553,,
1553,,
1553,Activity J,9.980494888896912
1553,Activity I,9.980494888896912
1553,,
1553,,
1553,,
1554,Activity A,0.0
1554,,
1554,,
1554,Activity D,9.287394001418473
1554,,
1554,Activity M,9.798182590890704
1554,Activity K,9.798182590890704
1554,Activity G,9.798182590890704
1554,Activity N,9.980494888896912
1554,Activity L,9.980494888896912
1554,,
1554,,
1554,Activity H,10.134638955251866
1554,,
1555,,
1555,Activity B,8.188966863648876
1555,Activity C,8.881975184248867
1555,,
1555,,
1555,,
1555,Activity K,9.798182590890704
1555,Activity G,9.798182590890704
1555,,
1555,Activity L,9.980494888896912
1555,,
1555,Activity J,9.980494888896912
1555,Activity H,10.134638955251866
1555,Activity F,10.268165387743457
1556,Activity A,0.0
1556,Activity B,8.188966863648876
1556,Activity C,8.881975184248867
1556,Activity D,9.287394001418473
1556,Activity E,9.575052927597383
1556,,
1556,,
1556,Activity G,9.798182590890704
1556,,
1556,,
1556,Activity I,9.980494888896912
1556,,
1556,Activity H,10.134638955251866
1556,,
1557,,
1557,Activity B,8.188966863648876
1557,Activity C,8.881975184248867
1557,Activity D,9.287394001418473
1557,Activity E,9.575052927597383
1557,,
1557,,
1557,,
1557,,
1557,Activity I,9.980494888896912
1557,Activity J,9.980494888896912
1557,,
1557,,
1557,Activity F,10.268165387743457
1558,,
1558,,
1558,,
1558,Activity D,9.287394001418473
1558,,
1558,Activity G,9.798182590890704
1558,Activity M,9.798182590890704
1558,,
1558,Activity I,9.980494888896912
1558,,
1558,Activity N,9.980494888896912
1558,,
1558,,
1558,,
1559,Activity A,0.0
1559,Activity B,8.188966863648876
1559,,
1559,Activity D,9.287394001418473
1559,,
1559,,
1559,,
1559,,
1559,Activity N,9.980494888896912
1559,Activity J,9.980494888896912
1559,,
1559,,
1559,,
1559,Activity F,10.268165387743457
1560,,
1560,,
1560,Activity C,8.881975184248867
1560,Activity D,9.287394001418473
1560,Activity E,9.575052927597383
1560,Activity K,9.798182590890704
1560,,
1560,Activity G,9.798182590890704
1560,,
1560,,
1560,,
1560,Activity J,9.980494888896912
1560,Activity H,10.134638955251866
1560,,
1561,,
1561,Activity B,8.188966863648876
1561,Activity C,8.881975184248867
1561,,
1561,Activity E,9.575052927597383
1561,Activity K,9.798182590890704
1561,,
1561,,
1561,Activity L,9.980494888896912
1561,,
1561,,
1561,Activity J,9.980494888896912
1561,,
1561,,
1562,Activity A,0.0
1562,,
1562,,
1562,Activity D,9.287394001418473
1562,Activity E,9.575052927597383
1562,Activity M,9.798182590890704
1562,Activity G,9.798182590890704
1562,,
1562,,
1562,,
1562,,
1562,Activity L,9.980494888896912
1562,,
1562,,
1563,Activity A,0.0
1563,,
1563,Activity C,8.881975184248867
1563,,
1563,Activity E,9.575052927597383
1563,Activity G,9.798182590890704
1563,Activity K,9.798182590890704
1563,,
1563,Activity J,9.980494888896912
1563,,
1563,Activity L,9.980494888896912
1563,,
1563,,
1563,Activity F,10.268165387743457
1564,Activity A,0.0
1564,Activity B,8.188966863648876
1564,Activity C,8.881975184248867
1564,,
1564,Activity E,9.575052927597383
1564,Activity G,9.798182590890704
1564,Activity M,9.798182590890704
1564,,
1564,,
1564,,
1564,Activity N,9.980494888896912
1564,,
1564,Activity H,10.134638955251866
1564,,
1565,Activity A,0.0
1565,,
1565,,
1565,Activity D,9.287394001418473
1565,Activity E,9.575052927597383
1565,Activity M,9.798182590890704
1565,,
1565,Activity K,9.798182590890704
1565,,
1565,,
1565,,
1565,,
1565,Activity H,10.134638955251866
1565,,
1566,Activity A,0.0
1566,Activity B,8.188966863648876
1566,,
1566,Activity D,9.287394001418473
1566,Activity E,9.575052927597383
1566,,
1566,,
1566,Activity K,9.798182590890704
1566,,
1566,Activity I,9.980494888896912
1566,Activity J,9.980494888896912
1566,,
1566,,
1566,Activity F,10.268165387743457
1567,Activity A,0.0
1567,Activity B,8.188966863648876
1567,,
1567,Activity D,9.287394001418473
1567,,
1567,,
1567,Activity K,9.798182590890704
1567,Activity G,9.798182590890704
1567,,
1567,Activity L,9.980494888896912
1567,,
1567,Activity I,9.980494888896912
1567,Activity H,10.134638955251866
1567,Activity F,10.268165387743457
1568,,
1568,Activity B,8.188966863648876
1568,,
1568,,
1568,,
1568,Activity M,9.798182590890704
1568,,
1568,,
1568,,
1568,,
1568,Activity I,9.980494888896912
1568,,
1568,,
1568,Activity F,10.268165387743457
1569,,
1569,,
1569,,
1569,,
1569,Activity E,9.575052927597383
1569,Activity M,9.798182590890704
1569,Activity G,9.798182590890704
1569,Activity K,9.798182590890704
1569,Activity N,9.980494888896912
1569,,
1569,,
1569,Activity L,9.980494888896912
1569,,
1569,,
1570,Activity A,0.0
1570,,
1570,,
1570,,
1570,,
1570,,
1570,,
1570,,
1570,Activity N,9.980494888896912
1570,Activity J,9.980494888896912
1570,,
1570,Activity L,9.980494888896912
1570,,
1570,Activity F,10.268165387743457
1571,,
1571,Activity B,8.188966863648876
1571,,
1571,,
1571,,
1571,,
1571,Activity K,9.798182590890704
1571,,
1571,,
1571,,
1571,,
1571,,
1571,,
1571,,
1572,,
1572,Activity B,8.188966863648876
1572,,
1572,Activity D,9.287394001418473
1572,,
1572,,
1572,Activity M,9.798182590890704
1572,Activity G,9.798182590890704
1572,Activity L,9.980494888896912
1572,Activity N,9.980494888896912
1572,,
1572,Activity J,9.980494888896912
1572,,
1572,Activity F,10.268165387743457
1573,Activity A,0.0
1573,Activity B,8.188966863648876
1573,,
1573,Activity D,9.287394001418473
1573,Activity E,9.575052927597383
1573,,
1573,,
1573,,
1573,Activity I,9.980494888896912
1573,,
1573,,
1573,Activity L,9.980494888896912
1573,Activity H,10.134638955251866
1573,Activity F,10.268165387743457
1574,Activity A,0.0
1574,,
1574,,
1574,Activity D,9.287394001418473
1574,Activity E,9.575052927597383
1574,Activity G,9.798182590890704
1574,Activity M,9.798182590890704
1574,,
1574,Activity J,9.980494888896912
1574,,
1574,,
1574,,
1574,,
1574,Activity F,10.268165387743457
1575,Activity A,0.0
1575,,
1575,Activity C,8.881975184248867
1575,Activity D,9.287394001418473
1575,Activity E,9.575052927597383
1575,,
1575,,
1575,,
1575,Activity N,9.980494888896912
1575,Activity I,9.980494888896912
1575,,
1575,,
1575,,
1575,,
1576,Activity A,0.0
1576,,
1576,Activity C,8.881975184248867
1576,,
1576,Activity E,9.575052927597383
1576,Activity G,9.798182590890704
1576,,
1576,,
1576,,
1576,Activity I,9.980494888896912
1576,Activity N,9.980494888896912
1576,Activity L,9.980494888896912
1576,,
1576,,
1577,Activity A,0.0
1577,,
1577,,
1577,Activity D,9.287394001418473
1577,,
1577,,
1577,Activity K,9.798182590890704
1577,,
1577,Activity I,9.980494888896912
1577,,
1577,,
1577,Activity N,9.980494888896912
1577,Activity H,10.134638955251866
1577,Activity F,10.268165387743457
1578,,
1578,Activity B,8.188966863648876
1578,Activity C,8.881975184248867
1578,,
1578,,
1578,,
1578,,
1578,Activity K,9.798182590890704
1578,Activity I,9.980494888896912
1578,,
1578,,
1578,Activity L,9.980494888896912
1578,Activity H,10.134638955251866
1578,Activity F,10.268165387743457
1579,,
1579,,
1579,Activity C,8.881975184248867
1579,Activity D,9.287394001418473
1579,Activity E,9.575052927597383
1579,,
1579,,
1579,,
1579,,
1579,,
1579,,
1579,Activity L,9.980494888896912
1579,Activity H,10.134638955251866
1579,Activity F,10.268165387743457
1580,,
1580,Activity B,8.188966863648876
1580,,
1580,,
1580,Activity E,9.575052927597383
1580,Activity K,9.798182590890704
1580,Activity G,9.798182590890704
1580,,
1580,Activity L,9.980494888896912
1580,,
1580,Activity J,9.980494888896912
1580,Activity N,9.980494888896912
1580,Activity H,10.134638955251866
1580,Activity F,10.268165387743457
1581,Activity A,0.0
1581,,
1581,,
1581,Activity D,9.287394001418473
1581,,
1581,,
1581,,
1581,Activity G,9.798182590890704
1581,,
1581,,
1581,,
1581,Activity J,9.980494888896912
1581,Activity H,10.134638955251866
1581,Activity F,10.268165387743457
1582,Activity A,0.0
1582,Activity B,8.188966863648876
1582,,
1582,Activity D,9.287394001418473
1582,,
1582,Activity M,9.798182590890704
1582,,
1582,Activity G,9.798182590890704
1582,,
1582,,
1582,,
1582,,
1582,Activity H,10.134638955251866
1582,,
1583,,
1583,,
1583,,
1583,Activity D,9.287394001418473
1583,Activity E,9.575052927597383
1583,Activity K,9.798182590890704
1583,Activity M,9.798182590890704
1583,,
1583,Activity L,9.980494888896912
1583,,
1583,Activity I,9.980494888896912
1583,,
1583,,
1583,Activity F,10.268165387743457
1584,,
1584,Activity B,8.188966863648876
1584,,
1584,Activity D,9.287394001418473
1584,,
1584,,
1584,,
1584,Activity K,9.798182590890704
1584,Activity I,9.980494888896912
1584,,
1584,Activity N,9.980494888896912
1584,,
1584,Activity H,10.134638955251866
1584,Activity F,10.268165387743457
1585,Activity A,0.0
1585,,
1585,,
1585,,
1585,Activity E,9.575052927597383
1585,,
1585,,
1585,Activity M,9.798182590890704
1585,Activity J,9.980494888896912
1585,Activity I,9.980494888896912
1585,Activity L,9.980494888896912
1585,Activity N,9.980494888896912
1585,Activity H,10.134638955251866
1585,Activity F,10.268165387743457
1586,Activity A,0.0
1586,,
1586,Activity C,8.881975184248867
1586,Activity D,9.287394001418473
1586,,
1586,,
1586,,
1586,,
1586,,
1586,Activity L,9.980494888896912
1586,Activity J,9.980494888896912
1586,Activity I,9.980494888896912
1586,,
1586,Activity F,10.268165387743457
1587,,
1587,,
1587,,
1587,,
1587,Activity E,9.575052927597383
1587,,
1587,,
1587,Activity G,9.798182590890704
1587,Activity L,9.980494888896912
1587,Activity N,9.980494888896912
1587,,
1587,,
1587,Activity H,10.134638955251866
1587,Activity F,10.268165387743457
1588,,
1588,Activity B,8.188966863648876
1588,,
1588,,
1588,Activity E,9.575052927597383
1588,Activity K,9.798182590890704
1588,Activity G,9.798182590890704
1588,Activity M,9.798182590890704
1588,,
1588,Activity J,9.980494888896912
1588,,
1588,,
1588,,
1588,,
1589,,
1589,,
1589,,
1589,,
1589,Activity E,9.575052927597383
1589,,
1589,Activity M,9.798182590890704
1589,,
1589,Activity I,9.980494888896912
1589,Activity J,9.980494888896912
1589,,
1589,Activity L,9.980494888896912
1589,,
1589,,
1590,Activity A,0.0
1590,,
1590,,
1590,Activity D,9.287394001418473
1590,,
1590,,
1590,Activity M,9.798182590890704
1590,Activity K,9.798182590890704
1590,Activity I,9.980494888896912
1590,,
1590,,
1590,,
1590,,
1590,Activity F,10.268165387743457
1591,,
1591,,
1591,,
1591,,
1591,Activity E,9.575052927597383
1591,Activity G,9.798182590890704
1591,Activity M,9.798182590890704
1591,Activity K,9.798182590890704
1591,Activity I,9.980494888896912
1591,,
1591,,
1591,Activity L,9.980494888896912
1591,Activity H,10.134638955251866
1591,,
1592,Activity A,0.0
1592,,
1592,,
1592,Activity D,9.287394001418473
1592,Activity E,9.575052927597383
1592,,
1592,,
1592,Activity G,9.798182590890704
1592,Activity N,9.980494888896912
1592,,
1592,Activity J,9.980494888896912
1592,,
1592,,
1592,Activity F,10.268165387743457
1593,,
1593,,
1593,,
1593,Activity D,9.287394001418473
1593,,
1593,,
1593,Activity M,9.798182590890704
1593,Activity G,9.798182590890704
1593,,
1593,Activity N,9.980494888896912
1593,Activity I,9.980494888896912
1593,,
1593,,
1593,,
1594,Activity A,0.0
1594,Activity B,8.188966863648876
1594,Activity C,8.881975184248867
1594,Activity D,9.287394001418473
1594,,
1594,Activity M,9.798182590890704
1594,Activity G,9.798182590890704
1594,Activity K,9.798182590890704
1594,,
1594,,
1594,,
1594,,
1594,,
1594,,
1595,Activity A,0.0
1595,,
1595,,
1595,Activity D,9.287394001418473
1595,Activity E,9.575052927597383
1595,,
1595,Activity G,9.798182590890704
1595,,
1595,Activity L,9.980494888896912
1595,,
1595,,
1595,,
1595,,
1595,,
1596,,
1596,Activity B,8.188966863648876
1596,Activity C,8.881975184248867
1596,,
1596,,
1596,,
1596,Activity G,9.798182590890704
1596,,
1596,Activity L,9.980494888896912
1596,Activity I,9.980494888896912
1596,,
1596,Activity N,9.980494888896912
1596,Activity H,10.134638955251866
1596,,
1597,Activity A,0.0
1597,Activity B,8.188966863648876
1597,,
1597,,
1597,,
1597,Activity K,9.798182590890704
1597,,
1597,,
1597,,
1597,Activity N,9.980494888896912
1597,,
1597,Activity I,9.980494888896912
1597,,
1597,,
1598,Activity A,0.0
1598,,
1598,,
1598,,
1598,Activity E,9.575052927597383
1598,Activity M,9.798182590890704
1598,,
1598,,
1598,Activity N,9.980494888896912
1598,,
1598,,
1598,Activity I,9.980494888896912
1598,,
1598,Activity F,10.268165387743457
1599,,
1599,,
1599,Activity C,8.881975184248867
1599,Activity D,9.287394001418473
1599,,
1599,Activity M,9.798182590890704
1599,,
1599,Activity K,9.798182590890704
1599,,
1599,Activity J,9.980494888896912
1599,Activity I,9.980494888896912
1599,Activity L,9.980494888896912
1599,Activity H,10.134638955251866
1599,,
1600,Activity A,0.0
1600,Activity B,8.188966863648876
1600,Activity C,8.881975184248867
1600,Activity D,9.287394001418473
1600,,
1600,,
1600,Activity M,9.798182590890704
1600,Activity K,9.798182590890704
1600,Activity I,9.980494888896912
1600,,
1600,Activity N,9.980494888896912
1600,Activity L,9.980494888896912
1600,Activity H,10.134638955251866
1600,,
1601,,
1601,Activity B,8.188966863648876
1601,Activity C,8.881975184248867
1601,,
1601,Activity E,9.575052927597383
1601,Activity G,9.798182590890704
1601,Activity M,9.798182590890704
1601,Activity K,9.798182590890704
1601,Activity I,9.980494888896912
1601,,
1601,,
1601,Activity L,9.980494888896912
1601,Activity H,10.134638955251866
1601,Activity F,10.268165387743457
1602,Activity A,0.0
1602,,
1602,Activity C,8.881975184248867
1602,Activity D,9.287394001418473
1602,,
1602,Activity K,9.798182590890704
1602,Activity G,9.798182590890704
1602,,
1602,,
1602,,
1602,,
1602,Activity N,9.980494888896912
1602,Activity H,10.134638955251866
1602,,
1603,Activity A,0.0
1603,Activity B,8.188966863648876
1603,Activity C,8.881975184248867
1603,Activity D,9.287394001418473
1603,,
1603,Activity G,9.798182590890704
1603,,
1603,,
1603,,
1603,,
1603,,
1603,,
1603,Activity H,10.134638955251866
1603,Activity F,10.268165387743457
1604,,
1604,,
1604,,
1604,Activity D,9.287394001418473
1604,,
1604,Activity K,9.798182590890704
1604,Activity M,9.798182590890704
1604,,
1604,,
1604,Activity N,9.980494888896912
1604,Activity I,9.980494888896912
1604,Activity J,9.980494888896912
1604,,
1604,Activity F,10.268165387743457
1605,Activity A,0.0
1605,Activity B,8.188966863648876
1605,Activity C,8.881975184248867
1605,,
1605,,
1605,,
1605,Activity G,9.798182590890704
1605,Activity K,9.798182590890704
1605,Activity N,9.980494888896912
1605,,
1605,,
1605,,
1605,Activity H,10.134638955251866
1605,,
1606,Activity A,0.0
1606,,
1606,Activity C,8.881975184248867
1606,Activity D,9.287394001418473
1606,Activity E,9.575052927597383
1606,Activity M,9.798182590890704
1606,Activity K,9.798182590890704
1606,,
1606,Activity N,9.980494888896912
1606,,
1606,,
1606,,
1606,Activity H,10.134638955251866
1606,,
1607,,
1607,Activity B,8.188966863648876
1607,,
1607,Activity D,9.287394001418473
1607,Activity E,9.575052927597383
1607,Activity G,9.798182590890704
1607,Activity M,9.798182590890704
1607,,
1607,Activity J,9.980494888896912
1607,,
1607,,
1607,Activity L,9.980494888896912
1607,Activity H,10.134638955251866
1607,,
1608,,
1608,,
1608,,
1608,,
1608,Activity E,9.575052927597383
1608,,
1608,Activity M,9.798182590890704
1608,,
1608,Activity L,9.980494888896912
1608,,
1608,Activity I,9.980494888896912
1608,,
1608,Activity H,10.134638955251866
1608,,
1609,Activity A,0.0
1609,,
1609,Activity C,8.881975184248867
1609,Activity D,9.287394001418473
1609,Activity E,9.575052927597383
1609,Activity G,9.798182590890704
1609,,
1609,,
1609,Activity I,9.980494888896912
1609,Activity J,9.980494888896912
1609,Activity N,9.980494888896912
1609,Activity L,9.980494888896912
1609,,
1609,,
1610,,
1610,,
1610,,
1610,,
1610,Activity E,9.575052927597383
1610,,
1610,Activity M,9.798182590890704
1610,,
1610,Activity L,9.980494888896912
1610,,
1610,,
1610,,
1610,Activity H,10.134638955251866
1610,Activity F,10.268165387743457
1611,Activity A,0.0
1611,Activity B,8.188966863648876
1611,,
1611,Activity D,9.287394001418473
1611,,
1611,,
1611,Activity M,9.798182590890704
1611,,
1611,Activity L,9.980494888896912
1611,Activity N,9.980494888896912
1611,Activity J,9.980494888896912
1611,Activity I,9.980494888896912
1611,,
1611,,
1612,,
1612,,
1612,,
1612,Activity D,9.287394001418473
1612,,
1612,Activity M,9.798182590890704
1612,,
1612,Activity G,9.798182590890704
1612,,
1612,Activity L,9.980494888896912
1612,Activity I,9.980494888896912
1612,,
1612,Activity H,10.134638955251866
1612,,
1613,,
1613,,
1613,,
1613,,
1613,,
1613,,
1613,,
1613,,
1613,Activity L,9.980494888896912
1613,Activity N,9.980494888896912
1613,Activity I,9.980494888896912
1613,,
1613,Activity H,10.134638955251866
1613,Activity F,10.268165387743457
1614,Activity A,0.0
1614,,
1614,Activity C,8.881975184248867
1614,,
1614,Activity E,9.575052927597383
1614,Activity K,9.798182590890704
1614,,
1614,Activity G,9.798182590890704
1614,Activity L,9.980494888896912
1614,,
1614,Activity I,9.980494888896912
1614,,
1614,,
1614,,
1615,,
1615,,
1615,,
1615,Activity D,9.287394001418473
1615,,
1615,,
1615,Activity M,9.798182590890704
1615,,
1615,Activity I,9.980494888896912
1615,,
1615,Activity N,9.980494888896912
1615,,
1615,Activity H,10.134638955251866
1615,,
1616,,
1616,,
1616,,
1616,Activity D,9.287394001418473
1616,Activity E,9.575052927597383
1616,Activity G,9.798182590890704
1616,Activity K,9.798182590890704
1616,,
1616,Activity J,9.980494888896912
1616,Activity I,9.980494888896912
1616,,
1616,Activity N,9.980494888896912
1616,Activity H,10.134638955251866
1616,Activity F,10.268165387743457
1617,,
1617,,
1617,Activity C,8.881975184248867
1617,Activity D,9.287394001418473
1617,,
1617,Activity M,9.798182590890704
1617,Activity K,9.798182590890704
1617,Activity G,9.798182590890704
1617,,
1617,Activity L,9.980494888896912
1617,,
1617,Activity I,9.980494888896912
1617,Activity H,10.134638955251866
1617,Activity F,10.268165387743457
1618,,
1618,,
1618,,
1618,Activity D,9.287394001418473
1618,Activity E,9.575052927597383
1618,,
1618,,
1618,Activity G,9.798182590890704
1618,Activity L,9.980494888896912
1618,,
1618,,
1618,,
1618,Activity H,10.134638955251866
1618,,
1619,,
1619,Activity B,8.188966863648876
1619,Activity C,8.881975184248867
1619,,
1619,Activity E,9.575052927597383
1619,Activity G,9.798182590890704
1619,Activity M,9.798182590890704
1619,,
1619,,
1619,,
1619,Activity N,9.980494888896912
1619,,
1619,Activity H,10.134638955251866
1619,Activity F,10.268165387743457
1620,Activity A,0.0
1620,Activity B,8.188966863648876
1620,,
1620,,
1620,,
1620,Activity G,9.798182590890704
1620,,
1620,Activity K,9.798182590890704
1620,,
1620,,
1620,,
1620,Activity L,9.980494888896912
1620,Activity H,10.134638955251866
1620,Activity F,10.268165387743457
1621,Activity A,0.0
1621,Activity B,8.188966863648876
1621,Activity C,8.881975184248867
1621,,
1621,,
1621,,
1621,Activity M,9.798182590890704
1621,Activity K,9.798182590890704
1621,,
1621,,
1621,,
1621,,
1621,Activity H,10.134638955251866
1621,,
1622,Activity A,0.0
1622,Activity B,8.188966863648876
1622,,
1622,,
1622,Activity E,9.575052927597383
1622,,
1622,,
1622,,
1622,,
1622,Activity N,9.980494888896912
1622,,
1622,Activity J,9.980494888896912
1622,,
1622,,
1623,Activity A,0.0
1623,,
1623,Activity C,8.881975184248867
1623,,
1623,Activity E,9.575052927597383
1623,Activity K,9.798182590890704
1623,Activity G,9.798182590890704
1623,Activity M,9.798182590890704
1623,Activity L,9.980494888896912
1623,Activity J,9.980494888896912
1623,Activity I,9.980494888896912
1623,,
1623,Activity H,10.134638955251866
1623,Activity F,10.268165387743457
1624,Activity A,0.0
1624,,
1624,,
1624,,
1624,,
1624,,
1624,,
1624,Activity M,9.798182590890704
1624,,
1624,Activity J,9.980494888896912
1624,Activity I,9.980494888896912
1624,,
1624,,
1624,Activity F,10.268165387743457
1625,,
1625,,
1625,,
1625,,
1625,Activity E,9.575052927597383
1625,Activity K,9.798182590890704
1625,Activity G,9.798182590890704
1625,Activity M,9.798182590890704
1625,Activity L,9.980494888896912
1625,Activity I,9.980494888896912
1625,Activity J,9.980494888896912
1625,,
1625,Activity H,10.134638955251866
1625,Activity F,10.268165387743457
1626,,
1626,Activity B,8.188966863648876
1626,,
1626,,
1626,Activity E,9.575052927597383
1626,,
1626,Activity G,9.798182590890704
1626,,
1626,Activity N,9.980494888896912
1626,Activity I,9.980494888896912
1626,,
1626,Activity L,9.980494888896912
1626,,
1626,,
1627,,
1627,Activity B,8.188966863648876
1627,Activity C,8.881975184248867
1627,,
1627,,
1627,,
1627,Activity G,9.798182590890704
1627,Activity K,9.798182590890704
1627,Activity N,9.980494888896912
1627,,
1627,,
1627,Activity L,9.980494888896912
1627,,
1627,Activity F,10.268165387743457
1628,,
1628,Activity B,8.188966863648876
1628,,
1628,Activity D,9.287394001418473
1628,Activity E,9.575052927597383
1628,,
1628,,
1628,,
1628,Activity N,9.980494888896912
1628,Activity L,9.980494888896912
1628,Activity J,9.980494888896912
1628,,
1628,Activity H,10.134638955251866
1628,Activity F,10.268165387743457
1629,Activity A,0.0
1629,,
1629,,
1629,Activity D,9.287394001418473
1629,Activity E,9.575052927597383
1629,,
1629,Activity K,9.798182590890704
1629,,
1629,,
1629,,
1629,Activity I,9.980494888896912
1629,Activity J,9.980494888896912
1629,Activity H,10.134638955251866
1629,Activity F,10.268165387743457
1630,Activity A,0.0
1630,,
1630,,
1630,,
1630,,
1630,Activity K,9.798182590890704
1630,Activity M,9.798182590890704
1630,Activity G,9.798182590890704
1630,Activity L,9.980494888896912
1630,Activity N,9.980494888896912
1630,,
1630,,
1630,Activity H,10.134638955251866
1630,Activity F,10.268165387743457
1631,,
1631,,
1631,Activity C,8.881975184248867
1631,Activity D,9.287394001418473
1631,Activity E,9.575052927597383
1631,Activity M,9.798182590890704
1631,Activity G,9.798182590890704
1631,Activity K,9.798182590890704
1631,,
1631,Activity I,9.980494888896912
1631,Activity J,9.980494888896912
1631,Activity L,9.980494888896912
1631,,
1631,,
1632,Activity A,0.0
1632,,
1632,Activity C,8.881975184248867
1632,,
1632,Activity E,9.575052927597383
1632,Activity K,9.798182590890704
1632,Activity G,9.798182590890704
1632,,
1632,,
1632,Activity I,9.980494888896912
1632,,
1632,,
1632,,
1632,Activity F,10.268165387743457
1633,Activity A,0.0
1633,Activity B,8.188966863648876
1633,,
1633,Activity D,9.287394001418473
1633,Activity E,9.575052927597383
1633,Activity K,9.798182590890704
1633,Activity M,9.798182590890704
1633,,
1633,,
1633,Activity N,9.980494888896912
1633,Activity I,9.980494888896912
1633,,
1633,Activity H,10.134638955251866
1633,,
1634,Activity A,0.0
1634,,
1634,,
1634,Activity D,9.287394001418473
1634,,
1634,Activity M,9.798182590890704
1634,Activity K,9.798182590890704
1634,,
1634,Activity N,9.980494888896912
1634,,
1634,Activity I,9.980494888896912
1634,,
1634,Activity H,10.134638955251866
1634,Activity F,10.268165387743457
1635,Activity A,0.0
1635,,
1635,Activity C,8.881975184248867
1635,,
1635,Activity E,9.575052927597383
1635,Activity K,9.798182590890704
1635,,
1635,Activity G,9.798182590890704
1635,Activity L,9.980494888896912
1635,Activity N,9.980494888896912
1635,,
1635,,
1635,Activity H,10.134638955251866
1635,Activity F,10.268165387743457
1636,Activity A,0.0
1636,,
1636,,
1636,Activity D,9.287394001418473
1636,,
1636,Activity G,9.798182590890704
1636,,
1636,,
1636,Activity I,9.980494888896912
1636,,
1636,,
1636,Activity L,9.980494888896912
1636,,
1636,,
1637,Activity A,0.0
1637,,
1637,Activity C,8.881975184248867
1637,Activity D,9.287394001418473
1637,Activity E,9.575052927597383
1637,,
1637,,
1637,Activity K,9.798182590890704
1637,Activity J,9.980494888896912
1637,Activity I,9.980494888896912
1637,Activity N,9.980494888896912
1637,,
1637,Activity H,10.134638955251866
1637,Activity F,10.268165387743457
1638,Activity A,0.0
1638,Activity B,8.188966863648876
1638,Activity C,8.881975184248867
1638,,
1638,Activity E,9.575052927597383
1638,Activity K,9.798182590890704
1638,Activity G,9.798182590890704
1638,Activity M,9.798182590890704
1638,Activity L,9.980494888896912
1638,,
1638,Activity I,9.980494888896912
1638,Activity N,9.980494888896912
1638,,
1638,,
1639,,
1639,,
1639,Activity C,8.881975184248867
1639,,
1639,Activity E,9.575052927597383
1639,,
1639,,
1639,Activity G,9.798182590890704
1639,,
1639,Activity L,9.980494888896912
1639,Activity I,9.980494888896912
1639,Activity J,9.980494888896912
1639,,
1639,Activity F,10.268165387743457
1640,Activity A,0.0
1640,,
1640,Activity C,8.881975184248867
1640,,
1640,,
1640,Activity K,9.798182590890704
1640,,
1640,,
1640,Activity L,9.980494888896912
1640,,
1640,Activity I,9.980494888896912
1640,,
1640,Activity H,10.134638955251866
1640,,
1641,,
1641,Activity B,8.188966863648876
1641,Activity C,8.881975184248867
1641,Activity D,9.287394001418473
1641,Activity E,9.575052927597383
1641,Activity K,9.798182590890704
1641,,
1641,Activity M,9.798182590890704
1641,Activity L,9.980494888896912
1641,Activity I,9.980494888896912
1641,,
1641,,
1641,,
1641,Activity F,10.268165387743457
1642,,
1642,,
1642,,
1642,,
1642,,
1642,Activity G,9.798182590890704
1642,,
1642,Activity M,9.798182590890704
1642,Activity I,9.980494888896912
1642,,
1642,Activity L,9.980494888896912
1642,,
1642,,
1642,,
1643,Activity A,0.0
1643,,
1643,Activity C,8.881975184248867
1643,Activity D,9.287394001418473
1643,Activity E,9.575052927597383
1643,Activity M,9.798182590890704
1643,Activity K,9.798182590890704
1643,Activity G,9.798182590890704
1643,Activity N,9.980494888896912
1643,,
1643,Activity I,9.980494888896912
1643,Activity J,9.980494888896912
1643,,
1643,,
1644,,
1644,Activity B,8.188966863648876
1644,,
1644,,
1644,Activity E,9.575052927597383
1644,,
1644,Activity G,9.798182590890704
1644,,
1644,Activity N,9.980494888896912
1644,,
1644,Activity I,9.980494888896912
1644,Activity L,9.980494888896912
1644,Activity H,10.134638955251866
1644,,
1645,Activity A,0.0
1645,Activity B,8.188966863648876
1645,,
1645,,
1645,,
1645,Activity M,9.798182590890704
1645,Activity G,9.798182590890704
1645,Activity K,9.798182590890704
1645,Activity N,9.980494888896912
1645,Activity I,9.980494888896912
1645,Activity J,9.980494888896912
1645,Activity L,9.980494888896912
1645,Activity H,10.134638955251866
1645,Activity F,10.268165387743457
1646,Activity A,0.0
1646,,
1646,Activity C,8.881975184248867
1646,,
1646,Activity E,9.575052927597383
1646,,
1646,,
1646,,
1646,Activity J,9.980494888896912
1646,,
1646,Activity N,9.980494888896912
1646,Activity L,9.980494888896912
1646,,
1646,,
1647,,
1647,,
1647,Activity C,8.881975184248867
1647,Activity D,9.287394001418473
1647,Activity E,9.575052927597383
1647,Activity K,9.798182590890704
1647,,
1647,,
1647,Activity L,9.980494888896912
1647,,
1647,,
1647,,
1647,,
1647,Activity F,10.268165387743457
1648,,
1648,Activity B,8.188966863648876
1648,,
1648,Activity D,9.287394001418473
1648,,
1648,Activity G,9.798182590890704
1648,Activity K,9.798182590890704
1648,,
1648,,
1648,,
1648,Activity L,9.980494888896912
1648,Activity N,9.980494888896912
1648,,
1648,,
1649,,
1649,Activity B,8.188966863648876
1649,,
1649,Activity D,9.287394001418473
1649,,
1649,Activity G,9.798182590890704
1649,Activity K,9.798182590890704
1649,,
1649,,
1649,,
1649,,
1649,Activity N,9.980494888896912
1649,Activity H,10.134638955251866
1649,,
1650,,
1650,,
1650,Activity C,8.881975184248867
1650,,
1650,,
1650,Activity M,9.798182590890704
1650,,
1650,Activity G,9.798182590890704
1650,Activity N,9.980494888896912
1650,Activity L,9.980494888896912
1650,,
1650,,
1650,,
1650,,
1651,Activity A,0.0
1651,,
1651,,
1651,Activity D,9.287394001418473
1651,,
1651,,
1651,,
1651,,
1651,,
1651,Activity I,9.980494888896912
1651,,
1651,Activity N,9.980494888896912
1651,,
1651,Activity F,10.268165387743457
1652,Activity A,0.0
1652,,
1652,,
1652,,
1652,,
1652,,
1652,,
1652,Activity G,9.798182590890704
1652,Activity N,9.980494888896912
1652,,
1652,,
1652,,
1652,Activity H,10.134638955251866
1652,Activity F,10.268165387743457
1653,,
1653,Activity B,8.188966863648876
1653,Activity C,8.881975184248867
1653,,
1653,Activity E,9.575052927597383
1653,Activity M,9.798182590890704
1653,Activity G,9.798182590890704
1653,Activity K,9.798182590890704
1653,,
1653,,
1653,Activity I,9.980494888896912
1653,,
1653,,
1653,,
1654,Activity A,0.0
1654,Activity B,8.188966863648876
1654,,
1654,,
1654,,
1654,,
1654,,
1654,Activity G,9.798182590890704
1654,,
1654,,
1654,Activity J,9.980494888896912
1654,,
1654,,
1654,Activity F,10.268165387743457
1655,Activity A,0.0
1655,Activity B,8.188966863648876
1655,,
1655,,
1655,,
1655,Activity G,9.798182590890704
1655,,
1655,Activity M,9.798182590890704
1655,Activity I,9.980494888896912
1655,,
1655,Activity L,9.980494888896912
1655,,
1655,Activity H,10.134638955251866
1655,,
1656,Activity A,0.0
1656,,
1656,,
1656,,
1656,,
1656,Activity K,9.798182590890704
1656,,
1656,Activity G,9.798182590890704
1656,Activity L,9.980494888896912
1656,,
1656,Activity I,9.980494888896912
1656,Activity J,9.980494888896912
1656,,
1656,,
1657,,
1657,Activity B,8.188966863648876
1657,Activity C,8.881975184248867
1657,Activity D,9.287394001418473
1657,,
1657,,
1657,Activity M,9.798182590890704
1657,Activity G,9.798182590890704
1657,Activity L,9.980494888896912
1657,,
1657,Activity J,9.980494888896912
1657,Activity I,9.980494888896912
1657,Activity H,10.134638955251866
1657,,
1658,Activity A,0.0
1658,,
1658,Activity C,8.881975184248867
1658,,
1658,,
1658,Activity M,9.798182590890704
1658,Activity K,9.798182590890704
1658,Activity G,9.798182590890704
1658,,
1658,,
1658,,
1658,,
1658,,
1658,,
1659,,
1659,Activity B,8.188966863648876
1659,Activity C,8.881975184248867
1659,Activity D,9.287394001418473
1659,Activity E,9.575052927597383
1659,,
1659,,
1659,,
1659,,
1659,,
1659,Activity I,9.980494888896912
1659,Activity J,9.980494888896912
1659,Activity H,10.134638955251866
1659,,
1660,Activity A,0.0
1660,,
1660,,
1660,,
1660,,
1660,,
1660,Activity M,9.798182590890704
1660,,
1660,Activity I,9.980494888896912
1660,Activity J,9.980494888896912
1660,Activity N,9.980494888896912
1660,Activity L,9.980494888896912
1660,,
1660,,
1661,Activity A,0.0
1661,Activity B,8.188966863648876
1661,Activity C,8.881975184248867
1661,,
1661,Activity E,9.575052927597383
1661,Activity G,9.798182590890704
1661,Activity M,9.798182590890704
1661,,
1661,Activity J,9.980494888896912
1661,,
1661,Activity N,9.980494888896912
1661,,
1661,,
1661,Activity F,10.268165387743457
1662,Activity A,0.0
1662,Activity B,8.188966863648876
1662,,
1662,,
1662,Activity E,9.575052927597383
1662,Activity K,9.798182590890704
1662,,
1662,,
1662,Activity L,9.980494888896912
1662,,
1662,,
1662,Activity I,9.980494888896912
1662,,
1662,,
1663,Activity A,0.0
1663,,
1663,,
1663,Activity D,9.287394001418473
1663,,
1663,Activity K,9.798182590890704
1663,Activity M,9.798182590890704
1663,,
1663,,
1663,Activity N,9.980494888896912
1663,Activity J,9.980494888896912
1663,,
1663,Activity H,10.134638955251866
1663,,
1664,,
1664,,
1664,,
1664,,
1664,Activity E,9.575052927597383
1664,,
1664,,
1664,,
1664,,
1664,,
1664,Activity L,9.980494888896912
1664,Activity N,9.980494888896912
1664,,
1664,,
1665,,
1665,Activity B,8.188966863648876
1665,Activity C,8.881975184248867
1665,Activity D,9.287394001418473
1665,Activity E,9.575052927597383
1665,,
1665,,
1665,Activity K,9.798182590890704
1665,,
1665,,
1665,,
1665,Activity L,9.980494888896912
1665,Activity H,10.134638955251866
1665,Activity F,10.268165387743457
1666,Activity A,0.0
1666,Activity B,8.188966863648876
1666,Activity C,8.881975184248867
1666,,
1666,,
1666,,
1666,Activity K,9.798182590890704
1666,,
1666,Activity I,9.980494888896912
1666,,
1666,Activity L,9.980494888896912
1666,Activity N,9.980494888896912
1666,Activity H,10.134638955251866
1666,,
1667,,
1667,Activity B,8.188966863648876
1667,Activity C,8.881975184248867
1667,,
1667,Activity E,9.575052927597383
1667,Activity G,9.798182590890704
1667,,
1667,Activity K,9.798182590890704
1667,,
1667,Activity I,9.980494888896912
1667,Activity N,9.980494888896912
1667,Activity L,9.980494888896912
1667,Activity H,10.134638955251866
1667,Activity F,10.268165387743457
1668,,
1668,,
1668,Activity C,8.881975184248867
1668,Activity D,9.287394001418473
1668,Activity E,9.575052927597383
1668,,
1668,,
1668,,
1668,Activity I,9.980494888896912
1668,,
1668,,
1668,Activity N,9.980494888896912
1668,,
1668,,
1669,Activity A,0.0
1669,,
1669,,
1669,,
1669,,
1669,Activity G,9.798182590890704
1669,Activity K,9.798182590890704
1669,,
1669,,
1669,Activity I,9.980494888896912
1669,Activity L,9.980494888896912
1669,,
1669,Activity H,10.134638955251866
1669,,
1670,Activity A,0.0
1670,,
1670,,
1670,Activity D,9.287394001418473
1670,Activity E,9.575052927597383
1670,Activity M,9.798182590890704
1670,,
1670,,
1670,,
1670,Activity L,9.980494888896912
1670,,
1670,Activity J,9.980494888896912
1670,,
1670,,
1671,Activity A,0.0
1671,,
1671,Activity C,8.881975184248867
1671,Activity D,9.287394001418473
1671,Activity E,9.575052927597383
1671,,
1671,,
1671,,
1671,Activity N,9.980494888896912
1671,,
1671,Activity I,9.980494888896912
1671,Activity L,9.980494888896912
1671,Activity H,10.134638955251866
1671,Activity F,10.268165387743457
1672,Activity A,0.0
1672,,
1672,Activity C,8.881975184248867
1672,,
1672,,
1672,,
1672,Activity K,9.798182590890704
1672,,
1672,,
1672,,
1672,,
1672,Activity J,9.980494888896912
1672,,
1672,Activity F,10.268165387743457
1673,,
1673,,
1673,,
1673,,
1673,Activity E,9.575052927597383
1673,Activity K,9.798182590890704
1673,,
1673,,
1673,,
1673,,
1673,,
1673,Activity N,9.980494888896912
1673,,
1673,Activity F,10.268165387743457
1674,Activity A,0.0
1674,Activity B,8.188966863648876
1674,,
1674,Activity D,9.287394001418473
1674,,
1674,,
1674,Activity M,9.798182590890704
1674,Activity G,9.798182590890704
1674,Activity L,9.980494888896912
1674,,
1674,Activity J,9.980494888896912
1674,,
1674,Activity H,10.134638955251866
1674,Activity F,10.268165387743457
1675,,
1675,Activity B,8.188966863648876
1675,,
1675,Activity D,9.287394001418473
1675,Activity E,9.575052927597383
1675,,
1675,Activity K,9.798182590890704
1675,Activity M,9.798182590890704
1675,,
1675,,
1675,,
1675,Activity N,9.980494888896912
1675,Activity H,10.134638955251866
1675,Activity F,10.268165387743457
1676,Activity A,0.0
1676,,
1676,,
1676,,
1676,Activity E,9.575052927597383
1676,,
1676,Activity M,9.798182590890704
1676,,
1676,,
1676,,
1676,Activity I,9.980494888896912
1676,Activity J,9.980494888896912
1676,Activity H,10.134638955251866
1676,Activity F,10.268165387743457
1677,,
1677,Activity B,8.188966863648876
1677,,
1677,,
1677,Activity E,9.575052927597383
1677,,
1677,Activity M,9.798182590890704
1677,,
1677,Activity L,9.980494888896912
1677,,
1677,,
1677,,
1677,Activity H,10.134638955251866
1677,,
1678,,
1678,Activity B,8.188966863648876
1678,,
1678,,
1678,,
1678,Activity G,9.798182590890704
1678,Activity K,9.798182590890704
1678,,
1678,Activity I,9.980494888896912
1678,Activity J,9.980494888896912
1678,Activity L,9.980494888896912
1678,,
1678,,
1678,,
1679,,
1679,,
1679,Activity C,8.881975184248867
1679,Activity D,9.287394001418473
1679,,
1679,,
1679,,
1679,,
1679,,
1679,Activity J,9.980494888896912
1679,,
1679,,
1679,,
1679,Activity F,10.268165387743457
1680,Activity A,0.0
1680,,
1680,Activity C,8.881975184248867
1680,Activity D,9.287394001418473
1680,Activity E,9.575052927597383
1680,,
1680,Activity M,9.798182590890704
1680,Activity G,9.798182590890704
1680,Activity L,9.980494888896912
1680,,
1680,,
1680,,
1680,Activity H,10.134638955251866
1680,,
1681,Activity A,0.0
1681,Activity B,8.188966863648876
1681,,
1681,,
1681,Activity E,9.575052927597383
1681,,
1681,,
1681,,
1681,Activity N,9.980494888896912
1681,Activity L,9.980494888896912
1681,Activity J,9.980494888896912
1681,Activity I,9.980494888896912
1681,,
1681,,
1682,Activity A,0.0
1682,,
1682,,
1682,,
1682,Activity E,9.575052927597383
1682,,
1682,Activity K,9.798182590890704
1682,,
1682,Activity I,9.980494888896912
1682,Activity J,9.980494888896912
1682,Activity L,9.980494888896912
1682,,
1682,,
1682,,
1683,,
1683,Activity B,8.188966863648876
1683,,
1683,Activity D,9.287394001418473
1683,,
1683,,
1683,,
1683,Activity G,9.798182590890704
1683,,
1683,,
1683,,
1683,Activity J,9.980494888896912
1683,,
1683,Activity F,10.268165387743457
1684,,
1684,,
1684,,
1684,,
1684,,
1684,Activity M,9.798182590890704
1684,Activity K,9.798182590890704
1684,Activity G,9.798182590890704
1684,,
1684,,
1684,,
1684,,
1684,Activity H,10.134638955251866
1684,,
1685,,
1685,,
1685,Activity C,8.881975184248867
1685,Activity D,9.287394001418473
1685,,
1685,Activity G,9.798182590890704
1685,,
1685,,
1685,,
1685,Activity J,9.980494888896912
1685,,
1685,,
1685,Activity H,10.134638955251866
1685,,
1686,Activity A,0.0
1686,,
1686,,
1686,Activity D,9.287394001418473
1686,,
1686,,
1686,Activity K,9.798182590890704
1686,Activity G,9.798182590890704
1686,Activity N,9.980494888896912
1686,Activity L,9.980494888896912
1686,,
1686,,
1686,,
1686,,
1687,,
1687,,
1687,Activity C,8.881975184248867
1687,,
1687,Activity E,9.575052927597383
1687,Activity M,9.798182590890704
1687,,
1687,,
1687,Activity N,9.980494888896912
1687,Activity J,9.980494888896912
1687,Activity I,9.980494888896912
1687,Activity L,9.980494888896912
1687,,
1687,Activity F,10.268165387743457
1688,,
1688,,
1688,Activity C,8.881975184248867
1688,,
1688,Activity E,9.575052927597383
1688,,
1688,,
1688,,
1688,Activity L,9.980494888896912
1688,Activity N,9.980494888896912
1688,,
1688,,
1688,,
1688,Activity F,10.268165387743457
1689,Activity A,0.0
1689,Activity B,8.188966863648876
1689,,
1689,,
1689,Activity E,9.575052927597383
1689,,
1689,,
1689,,
1689,,
1689,,
1689,,
1689,,
1689,Activity H,10.134638955251866
1689,Activity F,10.268165387743457
1690,,
1690,Activity B,8.188966863648876
1690,Activity C,8.881975184248867
1690,,
1690,Activity E,9.575052927597383
1690,,
1690,,
1690,Activity G,9.798182590890704
1690,,
1690,,
1690,,
1690,Activity I,9.980494888896912
1690,Activity H,10.134638955251866
1690,Activity F,10.268165387743457
1691,,
1691,,
1691,Activity C,8.881975184248867
1691,,
1691,Activity E,9.575052927597383
1691,,
1691,Activity G,9.798182590890704
1691,Activity K,9.798182590890704
1691,,
1691,Activity J,9.980494888896912
1691,Activity I,9.980494888896912
1691,,
1691,,
1691,Activity F,10.268165387743457
1692,,
1692,Activity B,8.188966863648876
1692,,
1692,,
1692,Activity E,9.575052927597383
1692,Activity G,9.798182590890704
1692,,
1692,Activity K,9.798182590890704
1692,,
1692,,
1692,,
1692,Activity L,9.980494888896912
1692,,
1692,Activity F,10.268165387743457
1693,Activity A,0.0
1693,Activity B,8.188966863648876
1693,,
1693,,
1693,Activity E,9.575052927597383
1693,,
1693,Activity M,9.798182590890704
1693,Activity K,9.798182590890704
1693,,
1693,Activity J,9.980494888896912
1693,Activity N,9.980494888896912
1693,,
1693,Activity H,10.134638955251866
1693,Activity F,10.268165387743457
1694,Activity A,0.0
1694,,
1694,,
1694,,
1694,Activity E,9.575052927597383
1694,,
1694,,
1694,,
1694,,
1694,,
1694,Activity J,9.980494888896912
1694,,
1694,,
1694,Activity F,10.268165387743457
1695,,
1695,,
1695,Activity C,8.881975184248867
1695,Activity D,9.287394001418473
1695,Activity E,9.575052927597383
1695,,
1695,,
1695,Activity K,9.798182590890704
1695,,
1695,Activity J,9.980494888896912
1695,,
1695,Activity L,9.980494888896912
1695,,
1695,Activity F,10.268165387743457
1696,,
1696,Activity B,8.188966863648876
1696,Activity C,8.881975184248867
1696,,
1696,Activity E,9.575052927597383
1696,Activity K,9.798182590890704
1696,,
1696,Activity G,9.798182590890704
1696,Activity L,9.980494888896912
1696,,
1696,Activity I,9.980494888896912
1696,Activity J,9.980494888896912
1696,,
1696,,
1697,,
1697,Activity B,8.188966863648876
1697,,
1697,Activity D,9.287394001418473
1697,Activity E,9.575052927597383
1697,,
1697,,
1697,Activity G,9.798182590890704
1697,Activity N,9.980494888896912
1697,,
1697,Activity J,9.980494888896912
1697,Activity I,9.980494888896912
1697,,
1697,,
1698,,
1698,,
1698,,
1698,,
1698,Activity E,9.575052927597383
1698,,
1698,Activity K,9.798182590890704
1698,Activity M,9.798182590890704
1698,Activity I,9.980494888896912
1698,Activity J,9.980494888896912
1698,Activity L,9.980494888896912
1698,,
1698,Activity H,10.134638955251866
1698,Activity F,10.268165387743457
1699,Activity A,0.0
1699,,
1699,,
1699,,
1699,,
1699,Activity M,9.798182590890704
1699,,
1699,,
1699,,
1699,,
1699,,
1699,,
1699,,
1699,,
1700,Activity A,0.0
1700,Activity B,8.188966863648876
1700,Activity C,8.881975184248867
1700,,
1700,,
1700,Activity K,9.798182590890704
1700,Activity M,9.798182590890704
1700,Activity G,9.798182590890704
1700,,
1700,Activity N,9.980494888896912
1700,Activity J,9.980494888896912
1700,Activity I,9.980494888896912
1700,,
1700,Activity F,10.268165387743457
1701,Activity A,0.0
1701,Activity B,8.188966863648876
1701,Activity C,8.881975184248867
1701,Activity D,9.287394001418473
1701,,
1701,Activity K,9.798182590890704
1701,Activity M,9.798182590890704
1701,,
1701,,
1701,,
1701,,
1701,Activity J,9.980494888896912
1701,Activity H,10.134638955251866
1701,Activity F,10.268165387743457
1702,,
1702,,
1702,Activity C,8.881975184248867
1702,Activity D,9.287394001418473
1702,,
1702,Activity K,9.798182590890704
1702,Activity M,9.798182590890704
1702,,
1702,,
1702,,
1702,,
1702,,
1702,Activity H,10.134638955251866
1702,,
1703,Activity A,0.0
1703,,
1703,Activity C,8.881975184248867
1703,Activity D,9.287394001418473
1703,Activity E,9.575052927597383
1703,,
1703,Activity G,9.798182590890704
1703,Activity K,9.798182590890704
1703,,
1703,,
1703,,
1703,,
1703,Activity H,10.134638955251866
1703,,
1704,,
1704,,
1704,,
1704,Activity D,9.287394001418473
1704,Activity E,9.575052927597383
1704,,
1704,Activity M,9.798182590890704
1704,Activity K,9.798182590890704
1704,,
1704,Activity I,9.980494888896912
1704,Activity N,9.980494888896912
1704,Activity L,9.980494888896912
1704,,
1704,,
1705,,
1705,,
1705,,
1705,,
1705,,
1705,Activity K,9.798182590890704
1705,Activity M,9.798182590890704
1705,Activity G,9.798182590890704
1705,Activity L,9.980494888896912
1705,,
1705,Activity J,9.980494888896912
1705,Activity I,9.980494888896912
1705,Activity H,10.134638955251866
1705,Activity F,10.268165387743457
1706,,
1706,Activity B,8.188966863648876
1706,Activity C,8.881975184248867
1706,,
1706,,
1706,,
1706,Activity M,9.798182590890704
1706,Activity K,9.798182590890704
1706,,
1706,Activity J,9.980494888896912
1706,,
1706,,
1706,,
1706,,
1707,Activity A,0.0
1707,Activity B,8.188966863648876
1707,Activity C,8.881975184248867
1707,Activity D,9.287394001418473
1707,,
1707,,
1707,Activity M,9.798182590890704
1707,Activity K,9.798182590890704
1707,Activity J,9.980494888896912
1707,,
1707,,
1707,Activity L,9.980494888896912
1707,,
1707,Activity F,10.268165387743457
1708,,
1708,Activity B,8.188966863648876
1708,Activity C,8.881975184248867
1708,,
1708,Activity E,9.575052927597383
1708,,
1708,,
1708,Activity K,9.798182590890704
1708,,
1708,,
1708,,
1708,,
1708,Activity H,10.134638955251866
1708,,
1709,,
1709,,
1709,,
1709,,
1709,Activity E,9.575052927597383
1709,Activity K,9.798182590890704
1709,Activity G,9.798182590890704
1709,,
1709,,
1709,,
1709,Activity J,9.980494888896912
1709,,
1709,,
1709,Activity F,10.268165387743457
1710,Activity A,0.0
1710,,
1710,,
1710,,
1710,Activity E,9.575052927597383
1710,Activity K,9.798182590890704
1710,Activity M,9.798182590890704
1710,Activity G,9.798182590890704
1710,Activity L,9.980494888896912
1710,,
1710,Activity J,9.980494888896912
1710,Activity I,9.980494888896912
1710,Activity H,10.134638955251866
1710,,
1711,Activity A,0.0
1711,Activity B,8.188966863648876
1711,,
1711,Activity D,9.287394001418473
1711,,
1711,,
1711,Activity K,9.798182590890704
1711,Activity G,9.798182590890704
1711,,
1711,Activity L,9.980494888896912
1711,Activity J,9.980494888896912
1711,Activity I,9.980494888896912
1711,Activity H,10.134638955251866
1711,,
1712,Activity A,0.0
1712,Activity B,8.188966863648876
1712,Activity C,8.881975184248867
1712,,
1712,Activity E,9.575052927597383
1712,Activity G,9.798182590890704
1712,Activity K,9.798182590890704
1712,,
1712,Activity I,9.980494888896912
1712,Activity J,9.980494888896912
1712,,
1712,,
1712,Activity H,10.134638955251866
1712,,
1713,,
1713,,
1713,Activity C,8.881975184248867
1713,,
1713,,
1713,,
1713,,
1713,Activity G,9.798182590890704
1713,,
1713,Activity N,9.980494888896912
1713,,
1713,,
1713,Activity H,10.134638955251866
1713,Activity F,10.268165387743457
1714,Activity A,0.0
1714,Activity B,8.188966863648876
1714,,
1714,Activity D,9.287394001418473
1714,Activity E,9.575052927597383
1714,,
1714,Activity K,9.798182590890704
1714,,
1714,Activity I,9.980494888896912
1714,Activity J,9.980494888896912
1714,,
1714,,
1714,,
1714,Activity F,10.268165387743457
1715,,
1715,Activity B,8.188966863648876
1715,,
1715,,
1715,,
1715,,
1715,Activity G,9.798182590890704
1715,Activity K,9.798182590890704
1715,,
1715,,
1715,Activity I,9.980494888896912
1715,,
1715,,
1715,Activity F,10.268165387743457
1716,Activity A,0.0
1716,,
1716,,
1716,,
1716,,
1716,,
1716,,
1716,Activity M,9.798182590890704
1716,,
1716,Activity I,9.980494888896912
1716,,
1716,,
1716,Activity H,10.134638955251866
1716,Activity F,10.268165387743457
1717,Activity A,0.0
1717,,
1717,,
1717,Activity D,9.287394001418473
1717,Activity E,9.575052927597383
1717,Activity G,9.798182590890704
1717,,
1717,Activity K,9.798182590890704
1717,,
1717,,
1717,,
1717,Activity L,9.980494888896912
1717,,
1717,,
1718,Activity A,0.0
1718,Activity B,8.188966863648876
1718,,
1718,Activity D,9.287394001418473
1718,,
1718,,
1718,,
1718,,
1718,Activity I,9.980494888896912
1718,,
1718,Activity N,9.980494888896912
1718,Activity L,9.980494888896912
1718,Activity H,10.134638955251866
1718,,
1719,,
1719,Activity B,8.188966863648876
1719,Activity C,8.881975184248867
1719,Activity D,9.287394001418473
1719,Activity E,9.575052927597383
1719,,
1719,Activity G,9.798182590890704
1719,Activity K,9.798182590890704
1719,,
1719,Activity J,9.980494888896912
1719,Activity I,9.980494888896912
1719,Activity L,9.980494888896912
1719,,
1719,Activity F,10.268165387743457
1720,Activity A,0.0
1720,,
1720,Activity C,8.881975184248867
1720,,
1720,Activity E,9.575052927597383
1720,,
1720,,
1720,Activity M,9.798182590890704
1720,,
1720,Activity I,9.980494888896912
1720,,
1720,Activity N,9.980494888896912
1720,Activity H,10.134638955251866
1720,,
1721,Activity A,0.0
1721,Activity B,8.188966863648876
1721,,
1721,,
1721,Activity E,9.575052927597383
1721,,
1721,,
1721,,
1721,,
1721,Activity L,9.980494888896912
1721,Activity I,9.980494888896912
1721,Activity J,9.980494888896912
1721,,
1721,Activity F,10.268165387743457
1722,,
1722,,
1722,,
1722,,
1722,,
1722,Activity M,9.798182590890704
1722,Activity G,9.798182590890704
1722,,
1722,Activity N,9.980494888896912
1722,,
1722,,
1722,,
1722,Activity H,10.134638955251866
1722,,
1723,,
1723,Activity B,8.188966863648876
1723,Activity C,8.881975184248867
1723,Activity D,9.287394001418473
1723,,
1723,Activity M,9.798182590890704
1723,Activity G,9.798182590890704
1723,,
1723,,
1723,Activity I,9.980494888896912
1723,,
1723,Activity L,9.980494888896912
1723,,
1723,,
1724,,
1724,Activity B,8.188966863648876
1724,,
1724,Activity D,9.287394001418473
1724,Activity E,9.575052927597383
1724,,
1724,,
1724,,
1724,Activity L,9.980494888896912
1724,Activity N,9.980494888896912
1724,Activity J,9.980494888896912
1724,,
1724,,
1724,,
1725,,
1725,,
1725,,
1725,,
1725,,
1725,Activity M,9.798182590890704
1725,,
1725,,
1725,,
1725,Activity I,9.980494888896912
1725,Activity J,9.980494888896912
1725,Activity L,9.980494888896912
1725,,
1725,,
1726,Activity A,0.0
1726,Activity B,8.188966863648876
1726,,
1726,,
1726,,
1726,Activity K,9.798182590890704
1726,Activity G,9.798182590890704
1726,Activity M,9.798182590890704
1726,,
1726,,
1726,Activity I,9.980494888896912
1726,Activity N,9.980494888896912
1726,Activity H,10.134638955251866
1726,,
1727,,
1727,Activity B,8.188966863648876
1727,,
1727,Activity D,9.287394001418473
1727,,
1727,Activity G,9.798182590890704
1727,,
1727,,
1727,Activity J,9.980494888896912
1727,Activity I,9.980494888896912
1727,Activity N,9.980494888896912
1727,Activity L,9.980494888896912
1727,,
1727,Activity F,10.268165387743457
1728,Activity A,0.0
1728,Activity B,8.188966863648876
1728,Activity C,8.881975184248867
1728,Activity D,9.287394001418473
1728,,
1728,Activity M,9.798182590890704
1728,,
1728,,
1728,,
1728,,
1728,,
1728,Activity J,9.980494888896912
1728,Activity H,10.134638955251866
1728,,
1729,Activity A,0.0
1729,Activity B,8.188966863648876
1729,Activity C,8.881975184248867
1729,Activity D,9.287394001418473
1729,Activity E,9.575052927597383
1729,,
1729,Activity K,9.798182590890704
1729,Activity G,9.798182590890704
1729,,
1729,Activity L,9.980494888896912
1729,Activity I,9.980494888896912
1729,,
1729,,
1729,Activity F,10.268165387743457
1730,,
1730,,
1730,,
1730,,
1730,,
1730,Activity G,9.798182590890704
1730,,
1730,,
1730,Activity I,9.980494888896912
1730,,
1730,Activity N,9.980494888896912
1730,,
1730,Activity H,10.134638955251866
1730,Activity F,10.268165387743457
1731,Activity A,0.0
1731,Activity B,8.188966863648876
1731,,
1731,Activity D,9.287394001418473
1731,,
1731,,
1731,,
1731,,
1731,,
1731,,
1731,Activity L,9.980494888896912
1731,Activity N,9.980494888896912
1731,,
1731,Activity F,10.268165387743457
1732,,
1732,,
1732,Activity C,8.881975184248867
1732,,
1732,,
1732,Activity K,9.798182590890704
1732,,
1732,Activity G,9.798182590890704
1732,,
1732,Activity N,9.980494888896912
1732,Activity I,9.980494888896912
1732,Activity J,9.980494888896912
1732,Activity H,10.134638955251866
1732,,
1733,,
1733,,
1733,,
1733,,
1733,Activity E,9.575052927597383
1733,,
1733,Activity G,9.798182590890704
1733,Activity K,9.798182590890704
1733,,
1733,,
1733,,
1733,,
1733,,
1733,,
1734,,
1734,,
1734,Activity C,8.881975184248867
1734,Activity D,9.287394001418473
1734,,
1734,,
1734,,
1734,,
1734,,
1734,Activity I,9.980494888896912
1734,Activity J,9.980494888896912
1734,Activity N,9.980494888896912
1734,,
1734,Activity F,10.268165387743457
1735,,
1735,,
1735,,
1735,Activity D,9.287394001418473
1735,Activity E,9.575052927597383
1735,,
1735,,
1735,Activity M,9.798182590890704
1735,,
1735,Activity I,9.980494888896912
1735,Activity J,9.980494888896912
1735,Activity N,9.980494888896912
1735,Activity H,10.134638955251866
1735,,
1736,Activity A,0.0
1736,Activity B,8.188966863648876
1736,Activity C,8.881975184248867
1736,Activity D,9.287394001418473
1736,Activity E,9.575052927597383
1736,,
1736,,
1736,,
1736,Activity N,9.980494888896912
1736,,
1736,,
1736,,
1736,Activity H,10.134638955251866
1736,Activity F,10.268165387743457
1737,,
1737,Activity B,8.188966863648876
1737,Activity C,8.881975184248867
1737,Activity D,9.287394001418473
1737,,
1737,Activity G,9.798182590890704
1737,Activity K,9.798182590890704
1737,Activity M,9.798182590890704
1737,,
1737,Activity J,9.980494888896912
1737,Activity L,9.980494888896912
1737,Activity N,9.980494888896912
1737,,
1737,,
1738,Activity A,0.0
1738,,
1738,Activity C,8.881975184248867
1738,Activity D,9.287394001418473
1738,Activity E,9.575052927597383
1738,,
1738,,
1738,Activity K,9.798182590890704
1738,Activity N,9.980494888896912
1738,,
1738,Activity I,9.980494888896912
1738,Activity L,9.980494888896912
1738,,
1738,,
1739,Activity A,0.0
1739,Activity B,8.188966863648876
1739,,
1739,Activity D,9.287394001418473
1739,Activity E,9.575052927597383
1739,,
1739,Activity G,9.798182590890704
1739,,
1739,Activity N,9.980494888896912
1739,,
1739,Activity I,9.980494888896912
1739,,
1739,Activity H,10.134638955251866
1739,Activity F,10.268165387743457
1740,,
1740,Activity B,8.188966863648876
1740,,
1740,Activity D,9.287394001418473
1740,,
1740,Activity K,9.798182590890704
1740,,
1740,Activity G,9.798182590890704
1740,,
1740,Activity N,9.980494888896912
1740,,
1740,Activity J,9.980494888896912
1740,Activity H,10.134638955251866
1740,Activity F,10.268165387743457
1741,Activity A,0.0
1741,Activity B,8.188966863648876
1741,Activity C,8.881975184248867
1741,,
1741,Activity E,9.575052927597383
1741,Activity M,9.798182590890704
1741,,
1741,Activity G,9.798182590890704
1741,,
1741,Activity L,9.980494888896912
1741,,
1741,Activity I,9.980494888896912
1741,,
1741,,
1742,,
1742,Activity B,8.188966863648876
1742,,
1742,Activity D,9.287394001418473
1742,,
1742,Activity M,9.798182590890704
1742,Activity G,9.798182590890704
1742,,
1742,Activity N,9.980494888896912
1742,Activity I,9.980494888896912
1742,Activity J,9.980494888896912
1742,,
1742,,
1742,Activity F,10.268165387743457
1743,Activity A,0.0
1743,Activity B,8.188966863648876
1743,Activity C,8.881975184248867
1743,Activity D,9.287394001418473
1743,Activity E,9.575052927597383
1743,Activity G,9.798182590890704
1743,,
1743,,
1743,Activity J,9.980494888896912
1743,Activity I,9.980494888896912
1743,,
1743,Activity L,9.980494888896912
1743,,
1743,Activity F,10.268165387743457
1744,,
1744,,
1744,Activity C,8.881975184248867
1744,,
1744,,
1744,Activity M,9.798182590890704
1744,,
1744,Activity G,9.798182590890704
1744,Activity N,9.980494888896912
1744,,
1744,,
1744,Activity J,9.980494888896912
1744,Activity H,10.134638955251866
1744,Activity F,10.268165387743457
1745,,
1745,Activity B,8.188966863648876
1745,,
1745,,
1745,Activity E,9.575052927597383
1745,Activity G,9.798182590890704
1745,,
1745,Activity M,9.798182590890704
1745,,
1745,Activity J,9.980494888896912
1745,Activity L,9.980494888896912
1745,,
1745,,
1745,,
1746,,
1746,Activity B,8.188966863648876
1746,Activity C,8.881975184248867
1746,Activity D,9.287394001418473
1746,,
1746,Activity K,9.798182590890704
1746,Activity M,9.798182590890704
1746,,
1746,,
1746,,
1746,,
1746,,
1746,Activity H,10.134638955251866
1746,Activity F,10.268165387743457
1747,,
1747,,
1747,Activity C,8.881975184248867
1747,Activity D,9.287394001418473
1747,Activity E,9.575052927597383
1747,,
1747,,
1747,Activity K,9.798182590890704
1747,,
1747,Activity J,9.980494888896912
1747,,
1747,,
1747,,
1747,,
1748,,
1748,,
1748,Activity C,8.881975184248867
1748,Activity D,9.287394001418473
1748,,
1748,Activity G,9.798182590890704
1748,,
1748,Activity M,9.798182590890704
1748,,
1748,,
1748,Activity L,9.980494888896912
1748,,
1748,Activity H,10.134638955251866
1748,Activity F,10.268165387743457
1749,,
1749,Activity B,8.188966863648876
1749,,
1749,Activity D,9.287394001418473
1749,Activity E,9.575052927597383
1749,,
1749,Activity M,9.798182590890704
1749,,
1749,,
1749,Activity N,9.980494888896912
1749,,
1749,,
1749,Activity H,10.134638955251866
1749,,
1750,,
1750,,
1750,Activity C,8.881975184248867
1750,,
1750,Activity E,9.575052927597383
1750,,
1750,Activity M,9.798182590890704
1750,,
1750,Activity J,9.980494888896912
1750,,
1750,,
1750,,
1750,,
1750,,
1751,,
1751,,
1751,Activity C,8.881975184248867
1751,,
1751,,
1751,,
1751,Activity G,9.798182590890704
1751,Activity K,9.798182590890704
1751,Activity N,9.980494888896912
1751,Activity J,9.980494888896912
1751,Activity I,9.980494888896912
1751,Activity L,9.980494888896912
1751,,
1751,,
1752,Activity A,0.0
1752,Activity B,8.188966863648876
1752,Activity C,8.881975184248867
1752,,
1752,,
1752,,
1752,,
1752,Activity G,9.798182590890704
1752,Activity N,9.980494888896912
1752,Activity L,9.980494888896912
1752,Activity J,9.980494888896912
1752,,
1752,Activity H,10.134638955251866
1752,,
1753,,
1753,,
1753,Activity C,8.881975184248867
1753,Activity D,9.287394001418473
1753,Activity E,9.575052927597383
1753,,
1753,Activity G,9.798182590890704
1753,Activity K,9.798182590890704
1753,,
1753,,
1753,,
1753,Activity L,9.980494888896912
1753,Activity H,10.134638955251866
1753,,
1754,,
1754,,
1754,,
1754,,
1754,Activity E,9.575052927597383
1754,Activity G,9.798182590890704
1754,Activity K,9.798182590890704
1754,,
1754,Activity I,9.980494888896912
1754,,
1754,Activity L,9.980494888896912
1754,Activity N,9.980494888896912
1754,,
1754,,
1755,Activity A,0.0
1755,Activity B,8.188966863648876
1755,Activity C,8.881975184248867
1755,,
1755,Activity E,9.575052927597383
1755,,
1755,,
1755,,
1755,Activity J,9.980494888896912
1755,,
1755,Activity L,9.980494888896912
1755,,
1755,Activity H,10.134638955251866
1755,,
1756,Activity A,0.0
1756,Activity B,8.188966863648876
1756,,
1756,,
1756,Activity E,9.575052927597383
1756,,
1756,,
1756,Activity M,9.798182590890704
1756,,
1756,,
1756,Activity J,9.980494888896912
1756,,
1756,Activity H,10.134638955251866
1756,,
1757,Activity A,0.0
1757,Activity B,8.188966863648876
1757,,
1757,Activity D,9.287394001418473
1757,Activity E,9.575052927597383
1757,,
1757,Activity K,9.798182590890704
1757,Activity M,9.798182590890704
1757,Activity J,9.980494888896912
1757,Activity I,9.980494888896912
1757,Activity L,9.980494888896912
1757,,
1757,,
1757,,
1758,Activity A,0.0
1758,Activity B,8.188966863648876
1758,,
1758,Activity D,9.287394001418473
1758,,
1758,,
1758,,
1758,Activity G,9.798182590890704
1758,Activity N,9.980494888896912
1758,,
1758,Activity J,9.980494888896912
1758,Activity I,9.980494888896912
1758,Activity H,10.134638955251866
1758,,
1759,,
1759,Activity B,8.188966863648876
1759,Activity C,8.881975184248867
1759,Activity D,9.287394001418473
1759,,
1759,Activity K,9.798182590890704
1759,Activity G,9.798182590890704
1759,,
1759,Activity L,9.980494888896912
1759,,
1759,,
1759,,
1759,Activity H,10.134638955251866
1759,,
1760,,
1760,Activity B,8.188966863648876
1760,,
1760,,
1760,,
1760,,
1760,,
1760,,
1760,,
1760,,
1760,Activity I,9.980494888896912
1760,Activity J,9.980494888896912
1760,,
1760,,
1761,Activity A,0.0
1761,,
1761,Activity C,8.881975184248867
1761,,
1761,Activity E,9.575052927597383
1761,,
1761,Activity K,9.798182590890704
1761,Activity G,9.798182590890704
1761,Activity N,9.980494888896912
1761,Activity L,9.980494888896912
1761,,
1761,Activity I,9.980494888896912
1761,,
1761,,
1762,,
1762,,
1762,,
1762,,
1762,Activity E,9.575052927597383
1762,Activity G,9.798182590890704
1762,Activity M,9.798182590890704
1762,,
1762,Activity J,9.980494888896912
1762,Activity I,9.980494888896912
1762,,
1762,,
1762,Activity H,10.134638955251866
1762,Activity F,10.268165387743457
1763,,
1763,,
1763,Activity C,8.881975184248867
1763,,
1763,,
1763,,
1763,Activity M,9.798182590890704
1763,,
1763,,
1763,,
1763,,
1763,,
1763,Activity H,10.134638955251866
1763,Activity F,10.268165387743457
1764,Activity A,0.0
1764,,
1764,Activity C,8.881975184248867
1764,Activity D,9.287394001418473
1764,Activity E,9.575052927597383
1764,Activity K,9.798182590890704
1764,Activity G,9.798182590890704
1764,Activity M,9.798182590890704
1764,Activity L,9.980494888896912
1764,,
1764,,
1764,Activity N,9.980494888896912
1764,,
1764,,
1765,Activity A,0.0
1765,,
1765,,
1765,,
1765,Activity E,9.575052927597383
1765,,
1765,,
1765,Activity G,9.798182590890704
1765,,
1765,,
1765,,
1765,,
1765,Activity H,10.134638955251866
1765,Activity F,10.268165387743457
1766,Activity A,0.0
1766,,
1766,,
1766,Activity D,9.287394001418473
1766,Activity E,9.575052927597383
1766,,
1766,,
1766,,
1766,Activity N,9.980494888896912
1766,Activity L,9.980494888896912
1766,Activity I,9.980494888896912
1766,Activity J,9.980494888896912
1766,Activity H,10.134638955251866
1766,,
1767,,
1767,,
1767,,
1767,Activity D,9.287394001418473
1767,,
1767,Activity K,9.798182590890704
1767,Activity M,9.798182590890704
1767,,
1767,Activity L,9.980494888896912
1767,Activity N,9.980494888896912
1767,Activity I,9.980494888896912
1767,Activity J,9.980494888896912
1767,Activity H,10.134638955251866
1767,Activity F,10.268165387743457
1768,,
1768,Activity B,8.188966863648876
1768,Activity C,8.881975184248867
1768,Activity D,9.287394001418473
1768,Activity E,9.575052927597383
1768,Activity M,9.798182590890704
1768,Activity K,9.798182590890704
1768,,
1768,,
1768,,
1768,,
1768,,
1768,,
1768,,
1769,Activity A,0.0
1769,Activity B,8.188966863648876
1769,Activity C,8.881975184248867
1769,Activity D,9.287394001418473
1769,,
1769,,
1769,,
1769,,
1769,,
1769,Activity L,9.980494888896912
1769,,
1769,Activity I,9.980494888896912
1769,,
1769,Activity F,10.268165387743457
1770,,
1770,,
1770,,
1770,,
1770,Activity E,9.575052927597383
1770,,
1770,Activity K,9.798182590890704
1770,Activity M,9.798182590890704
1770,,
1770,Activity I,9.980494888896912
1770,Activity L,9.980494888896912
1770,Activity N,9.980494888896912
1770,Activity H,10.134638955251866
1770,,
1771,Activity A,0.0
1771,Activity B,8.188966863648876
1771,Activity C,8.881975184248867
1771,,
1771,,
1771,Activity K,9.798182590890704
1771,Activity G,9.798182590890704
1771,,
1771,,
1771,,
1771,Activity I,9.980494888896912
1771,Activity N,9.980494888896912
1771,,
1771,Activity F,10.268165387743457
1772,Activity A,0.0
1772,,
1772,Activity C,8.881975184248867
1772,,
1772,,
1772,Activity M,9.798182590890704
1772,Activity G,9.798182590890704
1772,,
1772,,
1772,,
1772,Activity I,9.980494888896912
1772,Activity L,9.980494888896912
1772,,
1772,Activity F,10.268165387743457
1773,,
1773,Activity B,8.188966863648876
1773,Activity C,8.881975184248867
1773,,
1773,,
1773,Activity G,9.798182590890704
1773,Activity M,9.798182590890704
1773,,
1773,Activity I,9.980494888896912
1773,Activity J,9.980494888896912
1773,,
1773,,
1773,Activity H,10.134638955251866
1773,,
1774,Activity A,0.0
1774,Activity B,8.188966863648876
1774,,
1774,,
1774,Activity E,9.575052927597383
1774,Activity M,9.798182590890704
1774,,
1774,Activity K,9.798182590890704
1774,Activity N,9.980494888896912
1774,,
1774,,
1774,,
1774,Activity H,10.134638955251866
1774,,
1775,Activity A,0.0
1775,Activity B,8.188966863648876
1775,,
1775,Activity D,9.287394001418473
1775,Activity E,9.575052927597383
1775,Activity M,9.798182590890704
1775,,
1775,Activity K,9.798182590890704
1775,,
1775,,
1775,,
1775,Activity L,9.980494888896912
1775,,
1775,,
1776,,
1776,Activity B,8.188966863648876
1776,,
1776,Activity D,9.287394001418473
1776,Activity E,9.575052927597383
1776,,
1776,Activity G,9.798182590890704
1776,Activity M,9.798182590890704
1776,Activity L,9.980494888896912
1776,,
1776,,
1776,,
1776,Activity H,10.134638955251866
1776,Activity F,10.268165387743457
1777,Activity A,0.0
1777,,
1777,,
1777,,
1777,,
1777,,
1777,,
1777,,
1777,Activity J,9.980494888896912
1777,Activity I,9.980494888896912
1777,Activity N,9.980494888896912
1777,Activity L,9.980494888896912
1777,Activity H,10.134638955251866
1777,,
1778,Activity A,0.0
1778,,
1778,,
1778,,
1778,,
1778,Activity M,9.798182590890704
1778,,
1778,,
1778,,
1778,Activity I,9.980494888896912
1778,,
1778,Activity L,9.980494888896912
1778,Activity H,10.134638955251866
1778,Activity F,10.268165387743457
1779,,
1779,Activity B,8.188966863648876
1779,Activity C,8.881975184248867
1779,Activity D,9.287394001418473
1779,Activity E,9.575052927597383
1779,Activity G,9.798182590890704
1779,Activity M,9.798182590890704
1779,Activity K,9.798182590890704
1779,,
1779,Activity J,9.980494888896912
1779,Activity N,9.980494888896912
1779,,
1779,Activity H,10.134638955251866
1779,Activity F,10.268165387743457
1780,Activity A,0.0
1780,,
1780,,
1780,Activity D,9.287394001418473
1780,,
1780,,
1780,Activity G,9.798182590890704
1780,Activity M,9.798182590890704
1780,,
1780,Activity J,9.980494888896912
1780,,
1780,,
1780,,
1780,,
1781,Activity A,0.0
1781,Activity B,8.188966863648876
1781,,
1781,Activity D,9.287394001418473
1781,Activity E,9.575052927597383
1781,Activity K,9.798182590890704
1781,,
1781,,
1781,,
1781,Activity N,9.980494888896912
1781,Activity J,9.980494888896912
1781,Activity I,9.980494888896912
1781,,
1781,,
1782,,
1782,,
1782,Activity C,8.881975184248867
1782,Activity D,9.287394001418473
1782,Activity E,9.575052927597383
1782,Activity K,9.798182590890704
1782,Activity M,9.798182590890704
1782,,
1782,,
1782,,
1782,,
1782,,
1782,Activity H,10.134638955251866
1782,Activity F,10.268165387743457
1783,,
1783,,
1783,Activity C,8.881975184248867
1783,Activity D,9.287394001418473
1783,Activity E,9.575052927597383
1783,Activity M,9.798182590890704
1783,,
1783,,
1783,Activity N,9.980494888896912
1783,,
1783,,
1783,Activity L,9.980494888896912
1783,,
1783,,
1784,Activity A,0.0
1784,Activity B,8.188966863648876
1784,,
1784,,
1784,,
1784,Activity G,9.798182590890704
1784,,
1784,,
1784,,
1784,,
1784,,
1784,Activity L,9.980494888896912
1784,Activity H,10.134638955251866
1784,,
1785,,
1785,,
1785,,
1785,,
1785,Activity E,9.575052927597383
1785,Activity K,9.798182590890704
1785,,
1785,,
1785,Activity L,9.980494888896912
1785,,
1785,,
1785,Activity N,9.980494888896912
1785,Activity H,10.134638955251866
1785,,
1786,Activity A,0.0
1786,Activity B,8.188966863648876
1786,,
1786,,
1786,,
1786,,
1786,Activity M,9.798182590890704
1786,,
1786,Activity L,9.980494888896912
1786,,
1786,,
1786,,
1786,,
1786,Activity F,10.268165387743457
1787,,
1787,,
1787,,
1787,Activity D,9.287394001418473
1787,,
1787,,
1787,,
1787,,
1787,,
1787,,
1787,Activity J,9.980494888896912
1787,Activity I,9.980494888896912
1787,Activity H,10.134638955251866
1787,,
1788,Activity A,0.0
1788,Activity B,8.188966863648876
1788,,
1788,,
1788,,
1788,Activity M,9.798182590890704
1788,Activity K,9.798182590890704
1788,Activity G,9.798182590890704
1788,,
1788,,
1788,Activity I,9.980494888896912
1788,,
1788,Activity H,10.134638955251866
1788,,
1789,,
1789,Activity B,8.188966863648876
1789,,
1789,Activity D,9.287394001418473
1789,,
1789,Activity M,9.798182590890704
1789,,
1789,Activity K,9.798182590890704
1789,Activity N,9.980494888896912
1789,Activity I,9.980494888896912
1789,Activity J,9.980494888896912
1789,Activity L,9.980494888896912
1789,,
1789,,
1790,Activity A,0.0
1790,,
1790,,
1790,,
1790,,
1790,,
1790,Activity G,9.798182590890704
1790,Activity M,9.798182590890704
1790,Activity L,9.980494888896912
1790,Activity I,9.980494888896912
1790,Activity J,9.980494888896912
1790,Activity N,9.980494888896912
1790,Activity H,10.134638955251866
1790,,
1791,Activity A,0.0
1791,,
1791,Activity C,8.881975184248867
1791,,
1791,Activity E,9.575052927597383
1791,,
1791,Activity G,9.798182590890704
1791,,
1791,,
1791,Activity I,9.980494888896912
1791,,
1791,Activity L,9.980494888896912
1791,,
1791,Activity F,10.268165387743457
1792,,
1792,,
1792,Activity C,8.881975184248867
1792,,
1792,Activity E,9.575052927597383
1792,Activity M,9.798182590890704
1792,,
1792,,
1792,,
1792,,
1792,,
1792,Activity J,9.980494888896912
1792,Activity H,10.134638955251866
1792,Activity F,10.268165387743457
1793,Activity A,0.0
1793,,
1793,Activity C,8.881975184248867
1793,,
1793,,
1793,Activity K,9.798182590890704
1793,,
1793,,
1793,,
1793,Activity N,9.980494888896912
1793,Activity J,9.980494888896912
1793,,
1793,,
1793,,
1794,,
1794,Activity B,8.188966863648876
1794,,
1794,Activity D,9.287394001418473
1794,Activity E,9.575052927597383
1794,Activity K,9.798182590890704
1794,Activity G,9.798182590890704
1794,Activity M,9.798182590890704
1794,,
1794,,
1794,Activity I,9.980494888896912
1794,Activity N,9.980494888896912
1794,Activity H,10.134638955251866
1794,Activity F,10.268165387743457
1795,,
1795,Activity B,8.188966863648876
1795,Activity C,8.881975184248867
1795,,
1795,Activity E,9.575052927597383
1795,,
1795,,
1795,Activity K,9.798182590890704
1795,Activity I,9.980494888896912
1795,,
1795,Activity N,9.980494888896912
1795,,
1795,,
1795,,
1796,,
1796,,
1796,Activity C,8.881975184248867
1796,Activity D,9.287394001418473
1796,,
1796,,
1796,,
1796,,
1796,Activity L,9.980494888896912
1796,,
1796,Activity I,9.980494888896912
1796,Activity N,9.980494888896912
1796,Activity H,10.134638955251866
1796,,
1797,,
1797,Activity B,8.188966863648876
1797,Activity C,8.881975184248867
1797,,
1797,Activity E,9.575052927597383
1797,Activity G,9.798182590890704
1797,Activity M,9.798182590890704
1797,Activity K,9.798182590890704
1797,,
1797,Activity J,9.980494888896912
1797,Activity N,9.980494888896912
1797,,
1797,Activity H,10.134638955251866
1797,Activity F,10.268165387743457
1798,Activity A,0.0
1798,,
1798,Activity C,8.881975184248867
1798,,
1798,Activity E,9.575052927597383
1798,,
1798,,
1798,Activity K,9.798182590890704
1798,Activity N,9.980494888896912
1798,Activity J,9.980494888896912
1798,Activity I,9.980494888896912
1798,Activity L,9.980494888896912
1798,,
1798,,
1799,,
1799,,
1799,,
1799,,
1799,,
1799,Activity M,9.798182590890704
1799,Activity G,9.798182590890704
1799,Activity K,9.798182590890704
1799,,
1799,,
1799,,
1799,,
1799,,
1799,,
1800,,
1800,Activity B,8.188966863648876
1800,,
1800,,
1800,,
1800,,
1800,Activity G,9.798182590890704
1800,Activity M,9.798182590890704
1800,,
1800,Activity J,9.980494888896912
1800,,
1800,,
1800,Activity H,10.134638955251866
1800,Activity F,10.268165387743457
1801,Activity A,0.0
1801,,
1801,,
1801,Activity D,9.287394001418473
1801,,
1801,,
1801,,
1801,Activity M,9.798182590890704
1801,,
1801,Activity J,9.980494888896912
1801,Activity L,9.980494888896912
1801,Activity N,9.980494888896912
1801,Activity H,10.134638955251866
1801,,
1802,Activity A,0.0
1802,Activity B,8.188966863648876
1802,,
1802,,
1802,Activity E,9.575052927597383
1802,,
1802,Activity G,9.798182590890704
1802,Activity K,9.798182590890704
1802,,
1802,,
1802,Activity I,9.980494888896912
1802,,
1802,,
1802,,
1803,Activity A,0.0
1803,,
1803,,
1803,Activity D,9.287394001418473
1803,Activity E,9.575052927597383
1803,,
1803,Activity M,9.798182590890704
1803,Activity K,9.798182590890704
1803,,
1803,Activity J,9.980494888896912
1803,Activity N,9.980494888896912
1803,Activity L,9.980494888896912
1803,,
1803,,
1804,,
1804,,
1804,Activity C,8.881975184248867
1804,Activity D,9.287394001418473
1804,Activity E,9.575052927597383
1804,Activity K,9.798182590890704
1804,,
1804,,
1804,Activity L,9.980494888896912
1804,,
1804,Activity J,9.980494888896912
1804,,
1804,Activity H,10.134638955251866
1804,,
1805,,
1805,Activity B,8.188966863648876
1805,,
1805,,
1805,Activity E,9.575052927597383
1805,,
1805,Activity M,9.798182590890704
1805,,
1805,Activity L,9.980494888896912
1805,,
1805,Activity I,9.980494888896912
1805,Activity J,9.980494888896912
1805,,
1805,Activity F,10.268165387743457
1806,,
1806,,
1806,Activity C,8.881975184248867
1806,,
1806,Activity E,9.575052927597383
1806,,
1806,Activity M,9.798182590890704
1806,Activity G,9.798182590890704
1806,Activity L,9.980494888896912
1806,Activity N,9.980494888896912
1806,Activity J,9.980494888896912
1806,Activity I,9.980494888896912
1806,,
1806,Activity F,10.268165387743457
1807,Activity A,0.0
1807,,
1807,,
1807,,
1807,,
1807,,
1807,,
1807,,
1807,,
1807,,
1807,Activity I,9.980494888896912
1807,Activity J,9.980494888896912
1807,,
1807,Activity F,10.268165387743457
1808,,
1808,,
1808,Activity C,8.881975184248867
1808,Activity D,9.287394001418473
1808,,
1808,Activity M,9.798182590890704
1808,,
1808,,
1808,Activity N,9.980494888896912
1808,,
1808,,
1808,,
1808,Activity H,10.134638955251866
1808,Activity F,10.268165387743457
1809,,
1809,,
1809,Activity C,8.881975184248867
1809,Activity D,9.287394001418473
1809,Activity E,9.575052927597383
1809,Activity G,9.798182590890704
1809,Activity M,9.798182590890704
1809,,
1809,Activity J,9.980494888896912
1809,Activity I,9.980494888896912
1809,,
1809,,
1809,,
1809,,
1810,,
1810,,
1810,,
1810,,
1810,,
1810,Activity G,9.798182590890704
1810,,
1810,Activity K,9.798182590890704
1810,,
1810,,
1810,,
1810,Activity L,9.980494888896912
1810,Activity H,10.134638955251866
1810,,
1811,Activity A,0.0
1811,Activity B,8.188966863648876
1811,,
1811,Activity D,9.287394001418473
1811,Activity E,9.575052927597383
1811,,
1811,Activity G,9.798182590890704
1811,Activity M,9.798182590890704
1811,Activity L,9.980494888896912
1811,Activity I,9.980494888896912
1811,Activity J,9.980494888896912
1811,Activity N,9.980494888896912
1811,,
1811,,
1812,Activity A,0.0
1812,Activity B,8.188966863648876
1812,Activity C,8.881975184248867
1812,,
1812,,
1812,,
1812,,
1812,,
1812,,
1812,,
1812,,
1812,,
1812,,
1812,,
1813,Activity A,0.0
1813,,
1813,,
1813,,
1813,Activity E,9.575052927597383
1813,Activity M,9.798182590890704
1813,,
1813,,
1813,,
1813,,
1813,Activity I,9.980494888896912
1813,,
1813,Activity H,10.134638955251866
1813,Activity F,10.268165387743457
1814,,
1814,Activity B,8.188966863648876
1814,,
1814,,
1814,,
1814,,
1814,,
1814,,
1814,,
1814,,
1814,,
1814,,
1814,Activity H,10.134638955251866
1814,Activity F,10.268165387743457
1815,,
1815,,
1815,,
1815,,
1815,Activity E,9.575052927597383
1815,,
1815,,
1815,,
1815,Activity L,9.980494888896912
1815,Activity N,9.980494888896912
1815,,
1815,,
1815,,
1815,,
1816,Activity A,0.0
1816,Activity B,8.188966863648876
1816,Activity C,8.881975184248867
1816,,
1816,,
1816,Activity M,9.798182590890704
1816,,
1816,Activity G,9.798182590890704
1816,Activity N,9.980494888896912
1816,Activity L,9.980494888896912
1816,,
1816,Activity I,9.980494888896912
1816,Activity H,10.134638955251866
1816,Activity F,10.268165387743457
1817,Activity A,0.0
1817,,
1817,,
1817,,
1817,Activity E,9.575052927597383
1817,,
1817,,
1817,,
1817,,
1817,Activity N,9.980494888896912
1817,,
1817,Activity J,9.980494888896912
1817,,
1817,,
1818,Activity A,0.0
1818,Activity B,8.188966863648876
1818,,
1818,,
1818,,
1818,,
1818,,
1818,,
1818,Activity L,9.980494888896912
1818,,
1818,Activity J,9.980494888896912
1818,Activity I,9.980494888896912
1818,,
1818,Activity F,10.268165387743457
1819,,
1819,,
1819,Activity C,8.881975184248867
1819,,
1819,Activity E,9.575052927597383
1819,,
1819,,
1819,,
1819,Activity N,9.980494888896912
1819,Activity I,9.980494888896912
1819,Activity J,9.980494888896912
1819,Activity L,9.980494888896912
1819,Activity H,10.134638955251866
1819,Activity F,10.268165387743457
1820,Activity A,0.0
1820,,
1820,Activity C,8.881975184248867
1820,,
1820,Activity E,9.575052927597383
1820,Activity G,9.798182590890704
1820,,
1820,,
1820,Activity I,9.980494888896912
1820,,
1820,Activity N,9.980494888896912
1820,Activity L,9.980494888896912
1820,,
1820,Activity F,10.268165387743457
1821,Activity A,0.0
1821,,
1821,Activity C,8.881975184248867
1821,,
1821,,
1821,,
1821,Activity G,9.798182590890704
1821,,
1821,,
1821,Activity J,9.980494888896912
1821,,
1821,,
1821,Activity H,10.134638955251866
1821,,
1822,,
1822,,
1822,Activity C,8.881975184248867
1822,Activity D,9.287394001418473
1822,Activity E,9.575052927597383
1822,Activity M,9.798182590890704
1822,,
1822,Activity G,9.798182590890704
1822,,
1822,Activity L,9.980494888896912
1822,,
1822,Activity J,9.980494888896912
1822,,
1822,,
1823,,
1823,,
1823,,
1823,Activity D,9.287394001418473
1823,Activity E,9.575052927597383
1823,Activity M,9.798182590890704
1823,Activity G,9.798182590890704
1823,Activity K,9.798182590890704
1823,Activity N,9.980494888896912
1823,Activity I,9.980494888896912
1823,,
1823,Activity L,9.980494888896912
1823,Activity H,10.134638955251866
1823,Activity F,10.268165387743457
1824,Activity A,0.0
1824,Activity B,8.188966863648876
1824,,
1824,,
1824,,
1824,,
1824,Activity G,9.798182590890704
1824,Activity K,9.798182590890704
1824,Activity N,9.980494888896912
1824,,
1824,Activity J,9.980494888896912
1824,,
1824,Activity H,10.134638955251866
1824,Activity F,10.268165387743457
1825,,
1825,,
1825,Activity C,8.881975184248867
1825,Activity D,9.287394001418473
1825,Activity E,9.575052927597383
1825,Activity K,9.798182590890704
1825,Activity G,9.798182590890704
1825,Activity M,9.798182590890704
1825,Activity L,9.980494888896912
1825,Activity J,9.980494888896912
1825,,
1825,,
1825,,
1825,Activity F,10.268165387743457
1826,,
1826,,
1826,,
1826,,
1826,,
1826,Activity K,9.798182590890704
1826,Activity M,9.798182590890704
1826,Activity G,9.798182590890704
1826,,
1826,,
1826,Activity I,9.980494888896912
1826,,
1826,Activity H,10.134638955251866
1826,Activity F,10.268165387743457
1827,,
1827,Activity B,8.188966863648876
1827,,
1827,,
1827,,
1827,Activity M,9.798182590890704
1827,Activity K,9.798182590890704
1827,Activity G,9.798182590890704
1827,,
1827,,
1827,,
1827,Activity I,9.980494888896912
1827,Activity H,10.134638955251866
1827,Activity F,10.268165387743457
1828,,
1828,,
1828,,
1828,Activity D,9.287394001418473
1828,Activity E,9.575052927597383
1828,,
1828,Activity G,9.798182590890704
1828,Activity M,9.798182590890704
1828,Activity L,9.980494888896912
1828,Activity J,9.980494888896912
1828,Activity I,9.980494888896912
1828,Activity N,9.980494888896912
1828,Activity H,10.134638955251866
1828,,
1829,Activity A,0.0
1829,Activity B,8.188966863648876
1829,Activity C,8.881975184248867
1829,Activity D,9.287394001418473
1829,Activity E,9.575052927597383
1829,,
1829,Activity M,9.798182590890704
1829,Activity G,9.798182590890704
1829,Activity L,9.980494888896912
1829,,
1829,,
1829,,
1829,Activity H,10.134638955251866
1829,,
1830,,
1830,,
1830,,
1830,Activity D,9.287394001418473
1830,,
1830,Activity M,9.798182590890704
1830,Activity K,9.798182590890704
1830,Activity G,9.798182590890704
1830,Activity N,9.980494888896912
1830,,
1830,Activity J,9.980494888896912
1830,Activity I,9.980494888896912
1830,Activity H,10.134638955251866
1830,,
1831,Activity A,0.0
1831,Activity B,8.188966863648876
1831,Activity C,8.881975184248867
1831,,
1831,Activity E,9.575052927597383
1831,Activity G,9.798182590890704
1831,Activity M,9.798182590890704
1831,Activity K,9.798182590890704
1831,,
1831,,
1831,Activity N,9.980494888896912
1831,Activity L,9.980494888896912
1831,,
1831,,
1832,Activity A,0.0
1832,Activity B,8.188966863648876
1832,,
1832,Activity D,9.287394001418473
1832,,
1832,,
1832,,
1832,,
1832,,
1832,Activity J,9.980494888896912
1832,,
1832,,
1832,,
1832,Activity F,10.268165387743457
1833,Activity A,0.0
1833,,
1833,Activity C,8.881975184248867
1833,,
1833,Activity E,9.575052927597383
1833,,
1833,,
1833,Activity M,9.798182590890704
1833,,
1833,,
1833,Activity L,9.980494888896912
1833,,
1833,,
1833,,
1834,Activity A,0.0
1834,Activity B,8.188966863648876
1834,Activity C,8.881975184248867
1834,Activity D,9.287394001418473
1834,Activity E,9.575052927597383
1834,,
1834,Activity G,9.798182590890704
1834,Activity K,9.798182590890704
1834,,
1834,,
1834,Activity J,9.980494888896912
1834,,
1834,Activity H,10.134638955251866
1834,,
1835,,
1835,Activity B,8.188966863648876
1835,Activity C,8.881975184248867
1835,,
1835,Activity E,9.575052927597383
1835,,
1835,Activity G,9.798182590890704
1835,Activity K,9.798182590890704
1835,Activity N,9.980494888896912
1835,,
1835,,
1835,,
1835,,
1835,Activity F,10.268165387743457
1836,,
1836,,
1836,,
1836,Activity D,9.287394001418473
1836,,
1836,Activity G,9.798182590890704
1836,Activity M,9.798182590890704
1836,,
1836,,
1836,,
1836,Activity N,9.980494888896912
1836,,
1836,,
1836,,
1837,,
1837,Activity B,8.188966863648876
1837,,
1837,,
1837,Activity E,9.575052927597383
1837,,
1837,Activity K,9.798182590890704
1837,Activity G,9.798182590890704
1837,,
1837,,
1837,Activity I,9.980494888896912
1837,,
1837,,
1837,,
1838,,
1838,Activity B,8.188966863648876
1838,Activity C,8.881975184248867
1838,Activity D,9.287394001418473
1838,Activity E,9.575052927597383
1838,,
1838,Activity M,9.798182590890704
1838,,
1838,,
1838,Activity I,9.980494888896912
1838,,
1838,Activity L,9.980494888896912
1838,,
1838,,
1839,Activity A,0.0
1839,,
1839,Activity C,8.881975184248867
1839,,
1839,Activity E,9.575052927597383
1839,,
1839,Activity K,9.798182590890704
1839,Activity M,9.798182590890704
1839,Activity J,9.980494888896912
1839,,
1839,,
1839,,
1839,,
1839,,
1840,Activity A,0.0
1840,Activity B,8.188966863648876
1840,,
1840,,
1840,Activity E,9.575052927597383
1840,Activity M,9.798182590890704
1840,,
1840,Activity G,9.798182590890704
1840,,
1840,Activity L,9.980494888896912
1840,,
1840,,
1840,,
1840,,
1841,,
1841,,
1841,,
1841,,
1841,Activity E,9.575052927597383
1841,,
1841,,
1841,,
1841,Activity J,9.980494888896912
1841,,
1841,,
1841,Activity N,9.980494888896912
1841,Activity H,10.134638955251866
1841,,
1842,Activity A,0.0
1842,,
1842,Activity C,8.881975184248867
1842,,
1842,Activity E,9.575052927597383
1842,Activity G,9.798182590890704
1842,Activity M,9.798182590890704
1842,Activity K,9.798182590890704
1842,Activity J,9.980494888896912
1842,,
1842,,
1842,Activity L,9.980494888896912
1842,Activity H,10.134638955251866
1842,,
1843,Activity A,0.0
1843,,
1843,Activity C,8.881975184248867
1843,,
1843,,
1843,,
1843,,
1843,,
1843,Activity L,9.980494888896912
1843,,
1843,,
1843,Activity N,9.980494888896912
1843,Activity H,10.134638955251866
1843,,
1844,,
1844,,
1844,Activity C,8.881975184248867
1844,,
1844,,
1844,,
1844,,
1844,,
1844,Activity N,9.980494888896912
1844,Activity J,9.980494888896912
1844,,
1844,Activity L,9.980494888896912
1844,,
1844,,
1845,Activity A,0.0
1845,,
1845,,
1845,,
1845,Activity E,9.575052927597383
1845,Activity G,9.798182590890704
1845,,
1845,,
1845,,
1845,Activity I,9.980494888896912
1845,Activity N,9.980494888896912
1845,,
1845,Activity H,10.134638955251866
1845,,
1846,Activity A,0.0
1846,,
1846,Activity C,8.881975184248867
1846,Activity D,9.287394001418473
1846,,
1846,Activity M,9.798182590890704
1846,Activity K,9.798182590890704
1846,,
1846,Activity N,9.980494888896912
1846,Activity L,9.980494888896912
1846,,
1846,Activity J,9.980494888896912
1846,Activity H,10.134638955251866
1846,Activity F,10.268165387743457
1847,,
1847,Activity B,8.188966863648876
1847,,
1847,,
1847,,
1847,Activity K,9.798182590890704
1847,,
1847,,
1847,Activity L,9.980494888896912
1847,Activity N,9.980494888896912
1847,,
1847,,
1847,Activity H,10.134638955251866
1847,,
1848,Activity A,0.0
1848,,
1848,,
1848,Activity D,9.287394001418473
1848,Activity E,9.575052927597383
1848,,
1848,Activity M,9.798182590890704
1848,Activity G,9.798182590890704
1848,,
1848,,
1848,,
1848,,
1848,,
1848,Activity F,10.268165387743457
1849,Activity A,0.0
1849,,
1849,,
1849,,
1849,,
1849,,
1849,,
1849,Activity M,9.798182590890704
1849,,
1849,,
1849,Activity L,9.980494888896912
1849,,
1849,Activity H,10.134638955251866
1849,,
1850,Activity A,0.0
1850,Activity B,8.188966863648876
1850,,
1850,Activity D,9.287394001418473
1850,,
1850,Activity G,9.798182590890704
1850,Activity M,9.798182590890704
1850,Activity K,9.798182590890704
1850,Activity J,9.980494888896912
1850,,
1850,Activity N,9.980494888896912
1850,Activity L,9.980494888896912
1850,,
1850,,
1851,Activity A,0.0
1851,Activity B,8.188966863648876
1851,Activity C,8.881975184248867
1851,,
1851,,
1851,,
1851,Activity G,9.798182590890704
1851,Activity M,9.798182590890704
1851,Activity L,9.980494888896912
1851,Activity I,9.980494888896912
1851,Activity J,9.980494888896912
1851,,
1851,Activity H,10.134638955251866
1851,,
1852,,
1852,,
1852,Activity C,8.881975184248867
1852,Activity D,9.287394001418473
1852,Activity E,9.575052927597383
1852,Activity M,9.798182590890704
1852,,
1852,Activity G,9.798182590890704
1852,,
1852,,
1852,,
1852,Activity I,9.980494888896912
1852,Activity H,10.134638955251866
1852,,
1853,Activity A,0.0
1853,Activity B,8.188966863648876
1853,Activity C,8.881975184248867
1853,Activity D,9.287394001418473
1853,,
1853,,
1853,,
1853,,
1853,,
1853,Activity I,9.980494888896912
1853,,
1853,Activity N,9.980494888896912
1853,,
1853,Activity F,10.268165387743457
1854,Activity A,0.0
1854,Activity B,8.188966863648876
1854,,
1854,Activity D,9.287394001418473
1854,,
1854,Activity M,9.798182590890704
1854,Activity K,9.798182590890704
1854,Activity G,9.798182590890704
1854,Activity N,9.980494888896912
1854,Activity L,9.980494888896912
1854,,
1854,,
1854,Activity H,10.134638955251866
1854,,
1855,Activity A,0.0
1855,,
1855,,
1855,Activity D,9.287394001418473
1855,Activity E,9.575052927597383
1855,,
1855,,
1855,Activity K,9.798182590890704
1855,Activity I,9.980494888896912
1855,Activity J,9.980494888896912
1855,Activity N,9.980494888896912
1855,,
1855,Activity H,10.134638955251866
1855,Activity F,10.268165387743457
1856,,
1856,Activity B,8.188966863648876
1856,Activity C,8.881975184248867
1856,Activity D,9.287394001418473
1856,Activity E,9.575052927597383
1856,Activity M,9.798182590890704
1856,,
1856,,
1856,Activity N,9.980494888896912
1856,Activity J,9.980494888896912
1856,Activity I,9.980494888896912
1856,,
1856,,
1856,Activity F,10.268165387743457
1857,Activity A,0.0
1857,Activity B,8.188966863648876
1857,Activity C,8.881975184248867
1857,Activity D,9.287394001418473
1857,Activity E,9.575052927597383
1857,Activity M,9.798182590890704
1857,Activity K,9.798182590890704
1857,Activity G,9.798182590890704
1857,Activity N,9.980494888896912
1857,Activity L,9.980494888896912
1857,Activity I,9.980494888896912
1857,,
1857,,
1857,,
1858,,
1858,,
1858,Activity C,8.881975184248867
1858,Activity D,9.287394001418473
1858,,
1858,,
1858,Activity K,9.798182590890704
1858,,
1858,,
1858,Activity I,9.980494888896912
1858,Activity L,9.980494888896912
1858,Activity N,9.980494888896912
1858,,
1858,Activity F,10.268165387743457
1859,Activity A,0.0
1859,,
1859,Activity C,8.881975184248867
1859,Activity D,9.287394001418473
1859,,
1859,,
1859,,
1859,Activity K,9.798182590890704
1859,Activity J,9.980494888896912
1859,Activity I,9.980494888896912
1859,,
1859,,
1859,,
1859,Activity F,10.268165387743457
1860,,
1860,,
1860,Activity C,8.881975184248867
1860,Activity D,9.287394001418473
1860,Activity E,9.575052927597383
1860,Activity M,9.798182590890704
1860,Activity K,9.798182590890704
1860,Activity G,9.798182590890704
1860,,
1860,,
1860,Activity J,9.980494888896912
1860,,
1860,Activity H,10.134638955251866
1860,Activity F,10.268165387743457
1861,,
1861,,
1861,,
1861,,
1861,Activity E,9.575052927597383
1861,,
1861,,
1861,,
1861,Activity N,9.980494888896912
1861,,
1861,,
1861,Activity J,9.980494888896912
1861,,
1861,,
1862,,
1862,Activity B,8.188966863648876
1862,Activity C,8.881975184248867
1862,Activity D,9.287394001418473
1862,,
1862,Activity K,9.798182590890704
1862,,
1862,,
1862,,
1862,,
1862,,
1862,,
1862,,
1862,Activity F,10.268165387743457
1863,Activity A,0.0
1863,Activity B,8.188966863648876
1863,Activity C,8.881975184248867
1863,Activity D,9.287394001418473
1863,Activity E,9.575052927597383
1863,Activity M,9.798182590890704
1863,Activity G,9.798182590890704
1863,Activity K,9.798182590890704
1863,,
1863,Activity I,9.980494888896912
1863,Activity J,9.980494888896912
1863,,
1863,Activity H,10.134638955251866
1863,,
1864,,
1864,Activity B,8.188966863648876
1864,Activity C,8.881975184248867
1864,Activity D,9.287394001418473
1864,Activity E,9.575052927597383
1864,,
1864,Activity G,9.798182590890704
1864,,
1864,,
1864,,
1864,Activity J,9.980494888896912
1864,Activity N,9.980494888896912
1864,,
1864,,
1865,,
1865,Activity B,8.188966863648876
1865,Activity C,8.881975184248867
1865,Activity D,9.287394001418473
1865,Activity E,9.575052927597383
1865,Activity G,9.798182590890704
1865,,
1865,Activity M,9.798182590890704
1865,,
1865,Activity J,9.980494888896912
1865,,
1865,,
1865,Activity H,10.134638955251866
1865,,
1866,,
1866,Activity B,8.188966863648876
1866,,
1866,Activity D,9.287394001418473
1866,Activity E,9.575052927597383
1866,,
1866,,
1866,,
1866,Activity L,9.980494888896912
1866,Activity I,9.980494888896912
1866,,
1866,Activity N,9.980494888896912
1866,,
1866,Activity F,10.268165387743457
1867,,
1867,,
1867,Activity C,8.881975184248867
1867,,
1867,,
1867,,
1867,Activity M,9.798182590890704
1867,Activity K,9.798182590890704
1867,,
1867,Activity I,9.980494888896912
1867,,
1867,,
1867,,
1867,Activity F,10.268165387743457
1868,,
1868,Activity B,8.188966863648876
1868,Activity C,8.881975184248867
1868,,
1868,Activity E,9.575052927597383
1868,,
1868,,
1868,,
1868,Activity L,9.980494888896912
1868,,
1868,Activity I,9.980494888896912
1868,,
1868,,
1868,Activity F,10.268165387743457
1869,,
1869,,
1869,Activity C,8.881975184248867
1869,Activity D,9.287394001418473
1869,Activity E,9.575052927597383
1869,Activity M,9.798182590890704
1869,Activity K,9.798182590890704
1869,,
1869,,
1869,Activity L,9.980494888896912
1869,Activity J,9.980494888896912
1869,Activity I,9.980494888896912
1869,Activity H,10.134638955251866
1869,Activity F,10.268165387743457
1870,Activity A,0.0
1870,,
1870,Activity C,8.881975184248867
1870,Activity D,9.287394001418473
1870,,
1870,Activity K,9.798182590890704
1870,Activity M,9.798182590890704
1870,Activity G,9.798182590890704
1870,Activity L,9.980494888896912
1870,Activity N,9.980494888896912
1870,,
1870,,
1870,,
1870,Activity F,10.268165387743457
1871,,
1871,Activity B,8.188966863648876
1871,Activity C,8.881975184248867
1871,Activity D,9.287394001418473
1871,Activity E,9.575052927597383
1871,Activity K,9.798182590890704
1871,,
1871,Activity M,9.798182590890704
1871,Activity L,9.980494888896912
1871,,
1871,,
1871,Activity N,9.980494888896912
1871,,
1871,,
1872,,
1872,Activity B,8.188966863648876
1872,Activity C,8.881975184248867
1872,Activity D,9.287394001418473
1872,Activity E,9.575052927597383
1872,Activity G,9.798182590890704
1872,Activity K,9.798182590890704
1872,,
1872,Activity I,9.980494888896912
1872,Activity J,9.980494888896912
1872,Activity L,9.980494888896912
1872,,
1872,Activity H,10.134638955251866
1872,Activity F,10.268165387743457
1873,Activity A,0.0
1873,Activity B,8.188966863648876
1873,Activity C,8.881975184248867
1873,Activity D,9.287394001418473
1873,Activity E,9.575052927597383
1873,,
1873,,
1873,,
1873,Activity J,9.980494888896912
1873,,
1873,Activity N,9.980494888896912
1873,Activity L,9.980494888896912
1873,,
1873,,
1874,Activity A,0.0
1874,,
1874,Activity C,8.881975184248867
1874,,
1874,Activity E,9.575052927597383
1874,Activity K,9.798182590890704
1874,Activity G,9.798182590890704
1874,,
1874,Activity L,9.980494888896912
1874,Activity I,9.980494888896912
1874,,
1874,Activity N,9.980494888896912
1874,Activity H,10.134638955251866
1874,Activity F,10.268165387743457
1875,Activity A,0.0
1875,Activity B,8.188966863648876
1875,,
1875,Activity D,9.287394001418473
1875,,
1875,,
1875,Activity G,9.798182590890704
1875,Activity M,9.798182590890704
1875,,
1875,,
1875,Activity I,9.980494888896912
1875,Activity N,9.980494888896912
1875,,
1875,,
1876,Activity A,0.0
1876,Activity B,8.188966863648876
1876,,
1876,Activity D,9.287394001418473
1876,Activity E,9.575052927597383
1876,,
1876,,
1876,Activity M,9.798182590890704
1876,,
1876,Activity J,9.980494888896912
1876,Activity L,9.980494888896912
1876,,
1876,Activity H,10.134638955251866
1876,Activity F,10.268165387743457
1877,,
1877,Activity B,8.188966863648876
1877,,
1877,,
1877,Activity E,9.575052927597383
1877,Activity M,9.798182590890704
1877,Activity G,9.798182590890704
1877,,
1877,Activity N,9.980494888896912
1877,Activity I,9.980494888896912
1877,Activity J,9.980494888896912
1877,,
1877,,
1877,Activity F,10.268165387743457
1878,Activity A,0.0
1878,,
1878,Activity C,8.881975184248867
1878,,
1878,,
1878,Activity M,9.798182590890704
1878,Activity G,9.798182590890704
1878,Activity K,9.798182590890704
1878,,
1878,,
1878,,
1878,,
1878,Activity H,10.134638955251866
1878,Activity F,10.268165387743457
1879,,
1879,,
1879,Activity C,8.881975184248867
1879,Activity D,9.287394001418473
1879,Activity E,9.575052927597383
1879,Activity M,9.798182590890704
1879,,
1879,,
1879,,
1879,Activity J,9.980494888896912
1879,Activity I,9.980494888896912
1879,Activity L,9.980494888896912
1879,,
1879,Activity F,10.268165387743457
1880,,
1880,,
1880,,
1880,Activity D,9.287394001418473
1880,Activity E,9.575052927597383
1880,Activity G,9.798182590890704
1880,,
1880,Activity K,9.798182590890704
1880,Activity J,9.980494888896912
1880,,
1880,,
1880,,
1880,,
1880,,
1881,,
1881,,
1881,Activity C,8.881975184248867
1881,Activity D,9.287394001418473
1881,,
1881,Activity M,9.798182590890704
1881,Activity K,9.798182590890704
1881,Activity G,9.798182590890704
1881,Activity N,9.980494888896912
1881,Activity L,9.980494888896912
1881,,
1881,Activity I,9.980494888896912
1881,,
1881,,
1882,Activity A,0.0
1882,,
1882,Activity C,8.881975184248867
1882,,
1882,,
1882,,
1882,,
1882,,
1882,Activity N,9.980494888896912
1882,,
1882,Activity I,9.980494888896912
1882,,
1882,,
1882,,
1883,Activity A,0.0
1883,,
1883,,
1883,Activity D,9.287394001418473
1883,,
1883,,
1883,Activity K,9.798182590890704
1883,Activity G,9.798182590890704
1883,Activity N,9.980494888896912
1883,,
1883,,
1883,Activity J,9.980494888896912
1883,,
1883,,
1884,Activity A,0.0
1884,Activity B,8.188966863648876
1884,Activity C,8.881975184248867
1884,,
1884,Activity E,9.575052927597383
1884,Activity K,9.798182590890704
1884,Activity M,9.798182590890704
1884,,
1884,,
1884,,
1884,Activity J,9.980494888896912
1884,,
1884,Activity H,10.134638955251866
1884,,
1885,,
1885,Activity B,8.188966863648876
1885,Activity C,8.881975184248867
1885,,
1885,,
1885,,
1885,Activity K,9.798182590890704
1885,Activity G,9.798182590890704
1885,Activity N,9.980494888896912
1885,Activity L,9.980494888896912
1885,Activity J,9.980494888896912
1885,,
1885,,
1885,,
1886,Activity A,0.0
1886,Activity B,8.188966863648876
1886,Activity C,8.881975184248867
1886,,
1886,Activity E,9.575052927597383
1886,Activity G,9.798182590890704
1886,Activity K,9.798182590890704
1886,,
1886,Activity J,9.980494888896912
1886,Activity I,9.980494888896912
1886,Activity L,9.980494888896912
1886,Activity N,9.980494888896912
1886,Activity H,10.134638955251866
1886,Activity F,10.268165387743457
1887,Activity A,0.0
1887,Activity B,8.188966863648876
1887,,
1887,,
1887,Activity E,9.575052927597383
1887,,
1887,Activity M,9.798182590890704
1887,Activity K,9.798182590890704
1887,Activity I,9.980494888896912
1887,Activity J,9.980494888896912
1887,,
1887,,
1887,Activity H,10.134638955251866
1887,Activity F,10.268165387743457
1888,Activity A,0.0
1888,Activity B,8.188966863648876
1888,Activity C,8.881975184248867
1888,Activity D,9.287394001418473
1888,,
1888,Activity M,9.798182590890704
1888,,
1888,,
1888,,
1888,Activity L,9.980494888896912
1888,,
1888,,
1888,Activity H,10.134638955251866
1888,,
1889,,
1889,,
1889,Activity C,8.881975184248867
1889,,
1889,Activity E,9.575052927597383
1889,Activity K,9.798182590890704
1889,Activity M,9.798182590890704
1889,,
1889,Activity L,9.980494888896912
1889,Activity N,9.980494888896912
1889,,
1889,,
1889,,
1889,Activity F,10.268165387743457
1890,Activity A,0.0
1890,,
1890,,
1890,,
1890,,
1890,Activity M,9.798182590890704
1890,Activity K,9.798182590890704
1890,,
1890,Activity N,9.980494888896912
1890,,
1890,,
1890,Activity J,9.980494888896912
1890,,
1890,Activity F,10.268165387743457
1891,,
1891,Activity B,8.188966863648876
1891,Activity C,8.881975184248867
1891,Activity D,9.287394001418473
1891,,
1891,,
1891,Activity K,9.798182590890704
1891,,
1891,Activity N,9.980494888896912
1891,Activity L,9.980494888896912
1891,Activity J,9.980494888896912
1891,Activity I,9.980494888896912
1891,Activity H,10.134638955251866
1891,,
1892,,
1892,,
1892,Activity C,8.881975184248867
1892,,
1892,,
1892,Activity K,9.798182590890704
1892,Activity G,9.798182590890704
1892,,
1892,Activity L,9.980494888896912
1892,,
1892,Activity J,9.980494888896912
1892,Activity N,9.980494888896912
1892,,
1892,Activity F,10.268165387743457
1893,Activity A,0.0
1893,Activity B,8.188966863648876
1893,Activity C,8.881975184248867
1893,,
1893,,
1893,Activity G,9.798182590890704
1893,Activity K,9.798182590890704
1893,,
1893,,
1893,Activity J,9.980494888896912
1893,,
1893,Activity N,9.980494888896912
1893,,
1893,Activity F,10.268165387743457
1894,,
1894,,
1894,Activity C,8.881975184248867
1894,Activity D,9.287394001418473
1894,,
1894,,
1894,,
1894,Activity G,9.798182590890704
1894,Activity N,9.980494888896912
1894,,
1894,Activity I,9.980494888896912
1894,,
1894,Activity H,10.134638955251866
1894,Activity F,10.268165387743457
1895,,
1895,Activity B,8.188966863648876
1895,Activity C,8.881975184248867
1895,,
1895,Activity E,9.575052927597383
1895,,
1895,Activity M,9.798182590890704
1895,,
1895,,
1895,,
1895,,
1895,Activity J,9.980494888896912
1895,,
1895,,
1896,,
1896,Activity B,8.188966863648876
1896,Activity C,8.881975184248867
1896,,
1896,Activity E,9.575052927597383
1896,,
1896,,
1896,Activity G,9.798182590890704
1896,Activity N,9.980494888896912
1896,,
1896,Activity J,9.980494888896912
1896,,
1896,Activity H,10.134638955251866
1896,,
1897,,
1897,,
1897,,
1897,Activity D,9.287394001418473
1897,Activity E,9.575052927597383
1897,Activity M,9.798182590890704
1897,Activity G,9.798182590890704
1897,,
1897,,
1897,,
1897,,
1897,Activity L,9.980494888896912
1897,Activity H,10.134638955251866
1897,,
1898,Activity A,0.0
1898,,
1898,Activity C,8.881975184248867
1898,Activity D,9.287394001418473
1898,,
1898,,
1898,Activity M,9.798182590890704
1898,Activity G,9.798182590890704
1898,,
1898,Activity N,9.980494888896912
1898,Activity I,9.980494888896912
1898,,
1898,Activity H,10.134638955251866
1898,,
1899,Activity A,0.0
1899,,
1899,Activity C,8.881975184248867
1899,Activity D,9.287394001418473
1899,,
1899,Activity K,9.798182590890704
1899,Activity M,9.798182590890704
1899,,
1899,,
1899,Activity N,9.980494888896912
1899,,
1899,,
1899,Activity H,10.134638955251866
1899,,
1900,Activity A,0.0
1900,Activity B,8.188966863648876
1900,,
1900,,
1900,,
1900,,
1900,,
1900,Activity M,9.798182590890704
1900,,
1900,Activity J,9.980494888896912
1900,Activity I,9.980494888896912
1900,Activity N,9.980494888896912
1900,Activity H,10.134638955251866
1900,,
1901,,
1901,,
1901,,
1901,Activity D,9.287394001418473
1901,,
1901,Activity K,9.798182590890704
1901,,
1901,,
1901,,
1901,,
1901,,
1901,,
1901,Activity H,10.134638955251866
1901,Activity F,10.268165387743457
1902,,
1902,Activity B,8.188966863648876
1902,Activity C,8.881975184248867
1902,,
1902,Activity E,9.575052927597383
1902,,
1902,Activity G,9.798182590890704
1902,,
1902,,
1902,Activity J,9.980494888896912
1902,Activity I,9.980494888896912
1902,,
1902,,
1902,Activity F,10.268165387743457
1903,Activity A,0.0
1903,Activity B,8.188966863648876
1903,,
1903,,
1903,,
1903,Activity K,9.798182590890704
1903,,
1903,,
1903,,
1903,,
1903,,
1903,Activity I,9.980494888896912
1903,,
1903,,
1904,Activity A,0.0
1904,,
1904,Activity C,8.881975184248867
1904,,
1904,Activity E,9.575052927597383
1904,,
1904,,
1904,,
1904,Activity J,9.980494888896912
1904,Activity I,9.980494888896912
1904,,
1904,Activity N,9.980494888896912
1904,Activity H,10.134638955251866
1904,Activity F,10.268165387743457
1905,,
1905,,
1905,,
1905,,
1905,,
1905,Activity G,9.798182590890704
1905,Activity M,9.798182590890704
1905,Activity K,9.798182590890704
1905,Activity I,9.980494888896912
1905,Activity J,9.980494888896912
1905,Activity N,9.980494888896912
1905,Activity L,9.980494888896912
1905,Activity H,10.134638955251866
1905,,
1906,,
1906,,
1906,Activity C,8.881975184248867
1906,,
1906,,
1906,Activity G,9.798182590890704
1906,,
1906,Activity K,9.798182590890704
1906,,
1906,,
1906,Activity N,9.980494888896912
1906,,
1906,,
1906,,
1907,,
1907,Activity B,8.188966863648876
1907,Activity C,8.881975184248867
1907,,
1907,Activity E,9.575052927597383
1907,Activity M,9.798182590890704
1907,,
1907,,
1907,Activity N,9.980494888896912
1907,Activity J,9.980494888896912
1907,Activity I,9.980494888896912
1907,Activity L,9.980494888896912
1907,Activity H,10.134638955251866
1907,Activity F,10.268165387743457
1908,Activity A,0.0
1908,Activity B,8.188966863648876
1908,,
1908,Activity D,9.287394001418473
1908,Activity E,9.575052927597383
1908,Activity K,9.798182590890704
1908,Activity M,9.798182590890704
1908,Activity G,9.798182590890704
1908,,
1908,,
1908,,
1908,,
1908,Activity H,10.134638955251866
1908,,
1909,,
1909,,
1909,Activity C,8.881975184248867
1909,Activity D,9.287394001418473
1909,Activity E,9.575052927597383
1909,Activity M,9.798182590890704
1909,Activity K,9.798182590890704
1909,Activity G,9.798182590890704
1909,Activity N,9.980494888896912
1909,,
1909,,
1909,,
1909,,
1909,,
1910,Activity A,0.0
1910,Activity B,8.188966863648876
1910,Activity C,8.881975184248867
1910,Activity D,9.287394001418473
1910,,
1910,,
1910,,
1910,Activity M,9.798182590890704
1910,Activity J,9.980494888896912
1910,Activity I,9.980494888896912
1910,Activity L,9.980494888896912
1910,Activity N,9.980494888896912
1910,,
1910,Activity F,10.268165387743457
1911,Activity A,0.0
1911,,
1911,Activity C,8.881975184248867
1911,,
1911,,
1911,Activity K,9.798182590890704
1911,,
1911,,
1911,,
1911,,
1911,Activity I,9.980494888896912
1911,Activity J,9.980494888896912
1911,,
1911,,
1912,,
1912,,
1912,Activity C,8.881975184248867
1912,,
1912,Activity E,9.575052927597383
1912,,
1912,,
1912,,
1912,Activity J,9.980494888896912
1912,Activity I,9.980494888896912
1912,,
1912,Activity L,9.980494888896912
1912,Activity H,10.134638955251866
1912,Activity F,10.268165387743457
1913,Activity A,0.0
1913,,
1913,Activity C,8.881975184248867
1913,Activity D,9.287394001418473
1913,Activity E,9.575052927597383
1913,Activity G,9.798182590890704
1913,Activity M,9.798182590890704
1913,Activity K,9.798182590890704
1913,Activity I,9.980494888896912
1913,Activity J,9.980494888896912
1913,,
1913,Activity L,9.980494888896912
1913,,
1913,,
1914,Activity A,0.0
1914,Activity B,8.188966863648876
1914,,
1914,,
1914,Activity E,9.575052927597383
1914,Activity G,9.798182590890704
1914,,
1914,,
1914,Activity I,9.980494888896912
1914,,
1914,Activity L,9.980494888896912
1914,,
1914,,
1914,,
1915,,
1915,,
1915,Activity C,8.881975184248867
1915,Activity D,9.287394001418473
1915,,
1915,Activity G,9.798182590890704
1915,,
1915,,
1915,,
1915,Activity I,9.980494888896912
1915,Activity N,9.980494888896912
1915,Activity L,9.980494888896912
1915,Activity H,10.134638955251866
1915,Activity F,10.268165387743457
1916,Activity A,0.0
1916,,
1916,,
1916,Activity D,9.287394001418473
1916,,
1916,,
1916,Activity M,9.798182590890704
1916,Activity G,9.798182590890704
1916,Activity L,9.980494888896912
1916,,
1916,Activity I,9.980494888896912
1916,Activity J,9.980494888896912
1916,,
1916,,
1917,,
1917,Activity B,8.188966863648876
1917,Activity C,8.881975184248867
1917,,
1917,Activity E,9.575052927597383
1917,,
1917,,
1917,Activity G,9.798182590890704
1917,,
1917,Activity N,9.980494888896912
1917,Activity I,9.980494888896912
1917,,
1917,Activity H,10.134638955251866
1917,Activity F,10.268165387743457
1918,Activity A,0.0
1918,Activity B,8.188966863648876
1918,,
1918,,
1918,Activity E,9.575052927597383
1918,,
1918,Activity G,9.798182590890704
1918,,
1918,Activity L,9.980494888896912
1918,Activity I,9.980494888896912
1918,,
1918,Activity N,9.980494888896912
1918,Activity H,10.134638955251866
1918,Activity F,10.268165387743457
1919,Activity A,0.0
1919,Activity B,8.188966863648876
1919,Activity C,8.881975184248867
1919,Activity D,9.287394001418473
1919,,
1919,,
1919,,
1919,,
1919,Activity N,9.980494888896912
1919,Activity J,9.980494888896912
1919,Activity I,9.980494888896912
1919,Activity L,9.980494888896912
1919,,
1919,Activity F,10.268165387743457
1920,,
1920,,
1920,Activity C,8.881975184248867
1920,Activity D,9.287394001418473
1920,,
1920,Activity G,9.798182590890704
1920,,
1920,,
1920,,
1920,,
1920,,
1920,Activity N,9.980494888896912
1920,,
1920,,
1921,Activity A,0.0
1921,,
1921,Activity C,8.881975184248867
1921,,
1921,Activity E,9.575052927597383
1921,Activity G,9.798182590890704
1921,Activity M,9.798182590890704
1921,,
1921,Activity I,9.980494888896912
1921,Activity J,9.980494888896912
1921,,
1921,Activity L,9.980494888896912
1921,Activity H,10.134638955251866
1921,,
1922,Activity A,0.0
1922,Activity B,8.188966863648876
1922,Activity C,8.881975184248867
1922,Activity D,9.287394001418473
1922,,
1922,Activity K,9.798182590890704
1922,Activity M,9.798182590890704
1922,,
1922,Activity L,9.980494888896912
1922,Activity N,9.980494888896912
1922,,
1922,,
1922,,
1922,,
1923,Activity A,0.0
1923,,
1923,,
1923,,
1923,Activity E,9.575052927597383
1923,,
1923,,
1923,Activity G,9.798182590890704
1923,,
1923,,
1923,Activity I,9.980494888896912
1923,Activity J,9.980494888896912
1923,Activity H,10.134638955251866
1923,,
1924,Activity A,0.0
1924,Activity B,8.188966863648876
1924,Activity C,8.881975184248867
1924,Activity D,9.287394001418473
1924,Activity E,9.575052927597383
1924,,
1924,Activity M,9.798182590890704
1924,Activity G,9.798182590890704
1924,Activity L,9.980494888896912
1924,,
1924,,
1924,Activity J,9.980494888896912
1924,,
1924,,
1925,,
1925,,
1925,,
1925,Activity D,9.287394001418473
1925,,
1925,Activity G,9.798182590890704
1925,Activity M,9.798182590890704
1925,Activity K,9.798182590890704
1925,,
1925,Activity I,9.980494888896912
1925,Activity N,9.980494888896912
1925,,
1925,Activity H,10.134638955251866
1925,,
1926,Activity A,0.0
1926,,
1926,,
1926,Activity D,9.287394001418473
1926,,
1926,Activity G,9.798182590890704
1926,,
1926,Activity M,9.798182590890704
1926,,
1926,Activity J,9.980494888896912
1926,,
1926,Activity N,9.980494888896912
1926,Activity H,10.134638955251866
1926,Activity F,10.268165387743457
1927,,
1927,Activity B,8.188966863648876
1927,Activity C,8.881975184248867
1927,Activity D,9.287394001418473
1927,,
1927,Activity M,9.798182590890704
1927,Activity K,9.798182590890704
1927,,
1927,,
1927,,
1927,Activity I,9.980494888896912
1927,Activity J,9.980494888896912
1927,,
1927,,
1928,Activity A,0.0
1928,,
1928,,
1928,Activity D,9.287394001418473
1928,,
1928,Activity M,9.798182590890704
1928,Activity G,9.798182590890704
1928,,
1928,Activity N,9.980494888896912
1928,,
1928,,
1928,,
1928,,
1928,,
1929,,
1929,Activity B,8.188966863648876
1929,,
1929,Activity D,9.287394001418473
1929,Activity E,9.575052927597383
1929,,
1929,,
1929,,
1929,,
1929,,
1929,Activity J,9.980494888896912
1929,,
1929,Activity H,10.134638955251866
1929,Activity F,10.268165387743457
1930,Activity A,0.0
1930,,
1930,Activity C,8.881975184248867
1930,,
1930,,
1930,Activity G,9.798182590890704
1930,Activity M,9.798182590890704
1930,Activity K,9.798182590890704
1930,Activity I,9.980494888896912
1930,,
1930,,
1930,,
1930,Activity H,10.134638955251866
1930,Activity F,10.268165387743457
1931,,
1931,,
1931,Activity C,8.881975184248867
1931,,
1931,Activity E,9.575052927597383
1931,Activity K,9.798182590890704
1931,Activity G,9.798182590890704
1931,Activity M,9.798182590890704
1931,Activity L,9.980494888896912
1931,,
1931,,
1931,Activity N,9.980494888896912
1931,Activity H,10.134638955251866
1931,Activity F,10.268165387743457
1932,,
1932,,
1932,Activity C,8.881975184248867
1932,,
1932,Activity E,9.575052927597383
1932,,
1932,,
1932,,
1932,Activity N,9.980494888896912
1932,,
1932,Activity J,9.980494888896912
1932,,
1932,Activity H,10.134638955251866
1932,,
1933,Activity A,0.0
1933,,
1933,,
1933,Activity D,9.287394001418473
1933,Activity E,9.575052927597383
1933,,
1933,Activity G,9.798182590890704
1933,,
1933,,
1933,,
1933,,
1933,Activity N,9.980494888896912
1933,,
1933,Activity F,10.268165387743457
1934,,
1934,,
1934,Activity C,8.881975184248867
1934,,
1934,Activity E,9.575052927597383
1934,Activity M,9.798182590890704
1934,Activity G,9.798182590890704
1934,,
1934,Activity N,9.980494888896912
1934,,
1934,Activity I,9.980494888896912
1934,Activity L,9.980494888896912
1934,,
1934,Activity F,10.268165387743457
1935,Activity A,0.0
1935,Activity B,8.188966863648876
1935,Activity C,8.881975184248867
1935,,
1935,,
1935,,
1935,,
1935,Activity M,9.798182590890704
1935,,
1935,,
1935,,
1935,,
1935,,
1935,Activity F,10.268165387743457
1936,Activity A,0.0
1936,Activity B,8.188966863648876
1936,,
1936,,
1936,Activity E,9.575052927597383
1936,Activity G,9.798182590890704
1936,Activity K,9.798182590890704
1936,Activity M,9.798182590890704
1936,Activity J,9.980494888896912
1936,,
1936,,
1936,Activity N,9.980494888896912
1936,Activity H,10.134638955251866
1936,Activity F,10.268165387743457
1937,,
1937,Activity B,8.188966863648876
1937,Activity C,8.881975184248867
1937,,
1937,,
1937,Activity M,9.798182590890704
1937,Activity K,9.798182590890704
1937,Activity G,9.798182590890704
1937,Activity N,9.980494888896912
1937,,
1937,,
1937,,
1937,Activity H,10.134638955251866
1937,,
1938,,
1938,,
1938,Activity C,8.881975184248867
1938,Activity D,9.287394001418473
1938,Activity E,9.575052927597383
1938,,
1938,,
1938,,
1938,Activity L,9.980494888896912
1938,Activity N,9.980494888896912
1938,,
1938,,
1938,Activity H,10.134638955251866
1938,,
1939,Activity A,0.0
1939,,
1939,,
1939,,
1939,Activity E,9.575052927597383
1939,,
1939,,
1939,Activity K,9.798182590890704
1939,Activity I,9.980494888896912
1939,Activity J,9.980494888896912
1939,Activity N,9.980494888896912
1939,,
1939,Activity H,10.134638955251866
1939,Activity F,10.268165387743457
1940,,
1940,,
1940,Activity C,8.881975184248867
1940,Activity D,9.287394001418473
1940,Activity E,9.575052927597383
1940,,
1940,,
1940,Activity K,9.798182590890704
1940,Activity N,9.980494888896912
1940,,
1940,,
1940,,
1940,,
1940,,
1941,Activity A,0.0
1941,,
1941,Activity C,8.881975184248867
1941,,
1941,Activity E,9.575052927597383
1941,Activity M,9.798182590890704
1941,,
1941,Activity K,9.798182590890704
1941,,
1941,,
1941,,
1941,Activity L,9.980494888896912
1941,Activity H,10.134638955251866
1941,Activity F,10.268165387743457
1942,Activity A,0.0
1942,Activity B,8.188966863648876
1942,Activity C,8.881975184248867
1942,,
1942,Activity E,9.575052927597383
1942,,
1942,,
1942,,
1942,Activity L,9.980494888896912
1942,Activity I,9.980494888896912
1942,,
1942,,
1942,,
1942,Activity F,10.268165387743457
1943,Activity A,0.0
1943,Activity B,8.188966863648876
1943,,
1943,Activity D,9.287394001418473
1943,Activity E,9.575052927597383
1943,Activity G,9.798182590890704
1943,Activity K,9.798182590890704
1943,,
1943,,
1943,Activity I,9.980494888896912
1943,Activity L,9.980494888896912
1943,,
1943,Activity H,10.134638955251866
1943,,
1944,,
1944,,
1944,Activity C,8.881975184248867
1944,,
1944,Activity E,9.575052927597383
1944,Activity G,9.798182590890704
1944,,
1944,,
1944,,
1944,,
1944,,
1944,Activity N,9.980494888896912
1944,,
1944,,
1945,,
1945,,
1945,,
1945,Activity D,9.287394001418473
1945,,
1945,Activity K,9.798182590890704
1945,,
1945,Activity M,9.798182590890704
1945,,
1945,,
1945,Activity I,9.980494888896912
1945,,
1945,Activity H,10.134638955251866
1945,,
1946,Activity A,0.0
1946,Activity B,8.188966863648876
1946,Activity C,8.881975184248867
1946,,
1946,,
1946,,
1946,Activity G,9.798182590890704
1946,,
1946,Activity L,9.980494888896912
1946,,
1946,Activity I,9.980494888896912
1946,,
1946,,
1946,Activity F,10.268165387743457
1947,,
1947,,
1947,Activity C,8.881975184248867
1947,Activity D,9.287394001418473
1947,Activity E,9.575052927597383
1947,,
1947,Activity G,9.798182590890704
1947,Activity M,9.798182590890704
1947,Activity L,9.980494888896912
1947,Activity J,9.980494888896912
1947,,
1947,,
1947,,
1947,,
1948,Activity A,0.0
1948,Activity B,8.188966863648876
1948,,
1948,Activity D,9.287394001418473
1948,Activity E,9.575052927597383
1948,Activity M,9.798182590890704
1948,,
1948,,
1948,Activity N,9.980494888896912
1948,,
1948,,
1948,Activity J,9.980494888896912
1948,,
1948,Activity F,10.268165387743457
1949,Activity A,0.0
1949,,
1949,Activity C,8.881975184248867
1949,Activity D,9.287394001418473
1949,Activity E,9.575052927597383
1949,Activity G,9.798182590890704
1949,Activity M,9.798182590890704
1949,,
1949,Activity I,9.980494888896912
1949,,
1949,Activity N,9.980494888896912
1949,,
1949,Activity H,10.134638955251866
1949,Activity F,10.268165387743457
1950,Activity A,0.0
1950,Activity B,8.188966863648876
1950,,
1950,,
1950,Activity E,9.575052927597383
1950,,
1950,Activity G,9.798182590890704
1950,,
1950,Activity N,9.980494888896912
1950,,
1950,,
1950,,
1950,Activity H,10.134638955251866
1950,Activity F,10.268165387743457
1951,Activity A,0.0
1951,Activity B,8.188966863648876
1951,,
1951,Activity D,9.287394001418473
1951,,
1951,,
1951,,
1951,Activity K,9.798182590890704
1951,,
1951,Activity J,9.980494888896912
1951,Activity I,9.980494888896912
1951,,
1951,Activity H,10.134638955251866
1951,Activity F,10.268165387743457
1952,Activity A,0.0
1952,,
1952,,
1952,Activity D,9.287394001418473
1952,,
1952,Activity M,9.798182590890704
1952,,
1952,Activity K,9.798182590890704
1952,Activity N,9.980494888896912
1952,Activity J,9.980494888896912
1952,,
1952,,
1952,Activity H,10.134638955251866
1952,Activity F,10.268165387743457
1953,Activity A,0.0
1953,Activity B,8.188966863648876
1953,Activity C,8.881975184248867
1953,,
1953,,
1953,Activity K,9.798182590890704
1953,Activity M,9.798182590890704
1953,Activity G,9.798182590890704
1953,Activity L,9.980494888896912
1953,Activity N,9.980494888896912
1953,Activity I,9.980494888896912
1953,,
1953,Activity H,10.134638955251866
1953,,
1954,,
1954,,
1954,,
1954,Activity D,9.287394001418473
1954,,
1954,,
1954,Activity G,9.798182590890704
1954,,
1954,,
1954,,
1954,,
1954,Activity N,9.980494888896912
1954,Activity H,10.134638955251866
1954,Activity F,10.268165387743457
1955,,
1955,,
1955,Activity C,8.881975184248867
1955,,
1955,Activity E,9.575052927597383
1955,,
1955,Activity G,9.798182590890704
1955,,
1955,,
1955,,
1955,Activity J,9.980494888896912
1955,,
1955,Activity H,10.134638955251866
1955,,
1956,,
1956,,
1956,Activity C,8.881975184248867
1956,Activity D,9.287394001418473
1956,Activity E,9.575052927597383
1956,Activity G,9.798182590890704
1956,Activity K,9.798182590890704
1956,,
1956,Activity J,9.980494888896912
1956,Activity I,9.980494888896912
1956,,
1956,,
1956,Activity H,10.134638955251866
1956,Activity F,10.268165387743457
1957,Activity A,0.0
1957,Activity B,8.188966863648876
1957,,
1957,,
1957,Activity E,9.575052927597383
1957,,
1957,,
1957,,
1957,Activity J,9.980494888896912
1957,,
1957,,
1957,,
1957,,
1957,,
1958,,
1958,,
1958,,
1958,Activity D,9.287394001418473
1958,Activity E,9.575052927597383
1958,,
1958,,
1958,,
1958,,
1958,Activity J,9.980494888896912
1958,Activity I,9.980494888896912
1958,,
1958,Activity H,10.134638955251866
1958,Activity F,10.268165387743457
1959,Activity A,0.0
1959,,
1959,Activity C,8.881975184248867
1959,,
1959,,
1959,Activity M,9.798182590890704
1959,,
1959,,
1959,Activity N,9.980494888896912
1959,Activity I,9.980494888896912
1959,,
1959,,
1959,Activity H,10.134638955251866
1959,Activity F,10.268165387743457
1960,,
1960,,
1960,Activity C,8.881975184248867
1960,Activity D,9.287394001418473
1960,,
1960,,
1960,Activity G,9.798182590890704
1960,,
1960,,
1960,Activity J,9.980494888896912
1960,,
1960,,
1960,,
1960,Activity F,10.268165387743457
1961,,
1961,,
1961,,
1961,,
1961,Activity E,9.575052927597383
1961,,
1961,,
1961,Activity M,9.798182590890704
1961,Activity L,9.980494888896912
1961,Activity J,9.980494888896912
1961,,
1961,,
1961,,
1961,Activity F,10.268165387743457
1962,Activity A,0.0
1962,Activity B,8.188966863648876
1962,,
1962,,
1962,,
1962,,
1962,Activity M,9.798182590890704
1962,Activity K,9.798182590890704
1962,Activity J,9.980494888896912
1962,Activity I,9.980494888896912
1962,,
1962,Activity L,9.980494888896912
1962,,
1962,Activity F,10.268165387743457
1963,Activity A,0.0
1963,,
1963,,
1963,,
1963,Activity E,9.575052927597383
1963,,
1963,,
1963,Activity K,9.798182590890704
1963,Activity J,9.980494888896912
1963,,
1963,Activity N,9.980494888896912
1963,Activity L,9.980494888896912
1963,Activity H,10.134638955251866
1963,,
1964,Activity A,0.0
1964,Activity B,8.188966863648876
1964,,
1964,,
1964,Activity E,9.575052927597383
1964,,
1964,Activity K,9.798182590890704
1964,Activity M,9.798182590890704
1964,Activity J,9.980494888896912
1964,,
1964,,
1964,,
1964,Activity H,10.134638955251866
1964,Activity F,10.268165387743457
1965,Activity A,0.0
1965,,
1965,,
1965,,
1965,Activity E,9.575052927597383
1965,,
1965,Activity G,9.798182590890704
1965,,
1965,,
1965,Activity I,9.980494888896912
1965,,
1965,Activity L,9.980494888896912
1965,,
1965,,
1966,,
1966,Activity B,8.188966863648876
1966,,
1966,Activity D,9.287394001418473
1966,Activity E,9.575052927597383
1966,Activity G,9.798182590890704
1966,Activity K,9.798182590890704
1966,Activity M,9.798182590890704
1966,Activity J,9.980494888896912
1966,Activity I,9.980494888896912
1966,,
1966,Activity N,9.980494888896912
1966,,
1966,,
1967,,
1967,,
1967,Activity C,8.881975184248867
1967,,
1967,Activity E,9.575052927597383
1967,Activity K,9.798182590890704
1967,,
1967,Activity G,9.798182590890704
1967,Activity L,9.980494888896912
1967,Activity N,9.980494888896912
1967,Activity I,9.980494888896912
1967,Activity J,9.980494888896912
1967,,
1967,,
1968,Activity A,0.0
1968,Activity B,8.188966863648876
1968,Activity C,8.881975184248867
1968,Activity D,9.287394001418473
1968,Activity E,9.575052927597383
1968,Activity K,9.798182590890704
1968,,
1968,,
1968,,
1968,,
1968,Activity I,9.980494888896912
1968,Activity N,9.980494888896912
1968,Activity H,10.134638955251866
1968,,
1969,,
1969,Activity B,8.188966863648876
1969,,
1969,,
1969,Activity E,9.575052927597383
1969,Activity K,9.798182590890704
1969,Activity G,9.798182590890704
1969,Activity M,9.798182590890704
1969,,
1969,,
1969,,
1969,Activity N,9.980494888896912
1969,,
1969,,
1970,,
1970,,
1970,,
1970,Activity D,9.287394001418473
1970,,
1970,,
1970,Activity M,9.798182590890704
1970,,
1970,,
1970,Activity N,9.980494888896912
1970,,
1970,Activity I,9.980494888896912
1970,,
1970,,
1971,,
1971,Activity B,8.188966863648876
1971,Activity C,8.881975184248867
1971,Activity D,9.287394001418473
1971,Activity E,9.575052927597383
1971,,
1971,,
1971,Activity M,9.798182590890704
1971,,
1971,Activity I,9.980494888896912
1971,,
1971,Activity N,9.980494888896912
1971,Activity H,10.134638955251866
1971,Activity F,10.268165387743457
1972,,
1972,,
1972,Activity C,8.881975184248867
1972,,
1972,Activity E,9.575052927597383
1972,,
1972,Activity K,9.798182590890704
1972,,
1972,,
1972,,
1972,,
1972,Activity N,9.980494888896912
1972,Activity H,10.134638955251866
1972,,
1973,,
1973,,
1973,Activity C,8.881975184248867
1973,Activity D,9.287394001418473
1973,,
1973,,
1973,Activity K,9.798182590890704
1973,Activity M,9.798182590890704
1973,,
1973,Activity J,9.980494888896912
1973,,
1973,,
1973,,
1973,Activity F,10.268165387743457
1974,,
1974,,
1974,,
1974,Activity D,9.287394001418473
1974,Activity E,9.575052927597383
1974,Activity M,9.798182590890704
1974,Activity K,9.798182590890704
1974,,
1974,Activity N,9.980494888896912
1974,Activity L,9.980494888896912
1974,Activity I,9.980494888896912
1974,,
1974,Activity H,10.134638955251866
1974,Activity F,10.268165387743457
1975,Activity A,0.0
1975,,
1975,,
1975,Activity D,9.287394001418473
1975,,
1975,Activity M,9.798182590890704
1975,,
1975,Activity K,9.798182590890704
1975,,
1975,Activity J,9.980494888896912
1975,,
1975,,
1975,,
1975,,
1976,Activity A,0.0
1976,Activity B,8.188966863648876
1976,Activity C,8.881975184248867
1976,Activity D,9.287394001418473
1976,,
1976,,
1976,,
1976,,
1976,Activity N,9.980494888896912
1976,Activity I,9.980494888896912
1976,Activity J,9.980494888896912
1976,,
1976,,
1976,,
1977,Activity A,0.0
1977,Activity B,8.188966863648876
1977,Activity C,8.881975184248867
1977,,
1977,Activity E,9.575052927597383
1977,Activity K,9.798182590890704
1977,Activity G,9.798182590890704
1977,,
1977,,
1977,,
1977,Activity I,9.980494888896912
1977,Activity N,9.980494888896912
1977,,
1977,Activity F,10.268165387743457
1978,Activity A,0.0
1978,,
1978,,
1978,,
1978,,
1978,Activity K,9.798182590890704
1978,,
1978,,
1978,Activity L,9.980494888896912
1978,,
1978,,
1978,Activity I,9.980494888896912
1978,,
1978,,
1979,Activity A,0.0
1979,,
1979,Activity C,8.881975184248867
1979,,
1979,Activity E,9.575052927597383
1979,Activity G,9.798182590890704
1979,,
1979,,
1979,,
1979,,
1979,Activity N,9.980494888896912
1979,,
1979,Activity H,10.134638955251866
1979,Activity F,10.268165387743457
1980,Activity A,0.0
1980,,
1980,,
1980,,
1980,Activity E,9.575052927597383
1980,Activity G,9.798182590890704
1980,,
1980,Activity M,9.798182590890704
1980,,
1980,Activity J,9.980494888896912
1980,Activity L,9.980494888896912
1980,Activity N,9.980494888896912
1980,,
1980,Activity F,10.268165387743457
1981,Activity A,0.0
1981,Activity B,8.188966863648876
1981,Activity C,8.881975184248867
1981,Activity D,9.287394001418473
1981,,
1981,Activity M,9.798182590890704
1981,Activity G,9.798182590890704
1981,,
1981,,
1981,,
1981,,
1981,Activity L,9.980494888896912
1981,,
1981,,
1982,Activity A,0.0
1982,Activity B,8.188966863648876
1982,Activity C,8.881975184248867
1982,Activity D,9.287394001418473
1982,,
1982,,
1982,Activity G,9.798182590890704
1982,Activity M,9.798182590890704
1982,Activity L,9.980494888896912
1982,,
1982,Activity J,9.980494888896912
1982,Activity N,9.980494888896912
1982,Activity H,10.134638955251866
1982,,
1983,Activity A,0.0
1983,,
1983,Activity C,8.881975184248867
1983,,
1983,,
1983,Activity K,9.798182590890704
1983,,
1983,,
1983,Activity L,9.980494888896912
1983,,
1983,,
1983,,
1983,,
1983,,
1984,Activity A,0.0
1984,,
1984,,
1984,Activity D,9.287394001418473
1984,Activity E,9.575052927597383
1984,Activity G,9.798182590890704
1984,Activity M,9.798182590890704
1984,,
1984,Activity J,9.980494888896912
1984,,
1984,Activity N,9.980494888896912
1984,,
1984,,
1984,Activity F,10.268165387743457
1985,,
1985,,
1985,,
1985,Activity D,9.287394001418473
1985,Activity E,9.575052927597383
1985,,
1985,Activity K,9.798182590890704
1985,Activity G,9.798182590890704
1985,Activity N,9.980494888896912
1985,,
1985,Activity I,9.980494888896912
1985,Activity J,9.980494888896912
1985,,
1985,,
1986,,
1986,,
1986,,
1986,,
1986,Activity E,9.575052927597383
1986,,
1986,,
1986,Activity G,9.798182590890704
1986,Activity L,9.980494888896912
1986,Activity N,9.980494888896912
1986,,
1986,,
1986,Activity H,10.134638955251866
1986,Activity F,10.268165387743457
1987,,
1987,,
1987,Activity C,8.881975184248867
1987,,
1987,,
1987,Activity M,9.798182590890704
1987,,
1987,,
1987,Activity N,9.980494888896912
1987,,
1987,Activity J,9.980494888896912
1987,,
1987,Activity H,10.134638955251866
1987,,
1988,Activity A,0.0
1988,,
1988,Activity C,8.881975184248867
1988,,
1988,,
1988,Activity M,9.798182590890704
1988,Activity K,9.798182590890704
1988,,
1988,,
1988,,
1988,,
1988,Activity J,9.980494888896912
1988,Activity H,10.134638955251866
1988,,
1989,,
1989,Activity B,8.188966863648876
1989,,
1989,,
1989,Activity E,9.575052927597383
1989,,
1989,Activity G,9.798182590890704
1989,Activity K,9.798182590890704
1989,,
1989,Activity J,9.980494888896912
1989,,
1989,,
1989,Activity H,10.134638955251866
1989,Activity F,10.268165387743457
1990,,
1990,Activity B,8.188966863648876
1990,,
1990,Activity D,9.287394001418473
1990,,
1990,Activity K,9.798182590890704
1990,Activity G,9.798182590890704
1990,Activity M,9.798182590890704
1990,Activity L,9.980494888896912
1990,Activity I,9.980494888896912
1990,,
1990,,
1990,,
1990,Activity F,10.268165387743457
1991,,
1991,,
1991,Activity C,8.881975184248867
1991,Activity D,9.287394001418473
1991,,
1991,Activity G,9.798182590890704
1991,,
1991,,
1991,Activity I,9.980494888896912
1991,,
1991,,
1991,Activity N,9.980494888896912
1991,,
1991,,
1992,,
1992,,
1992,Activity C,8.881975184248867
1992,Activity D,9.287394001418473
1992,,
1992,,
1992,Activity K,9.798182590890704
1992,,
1992,Activity I,9.980494888896912
1992,,
1992,,
1992,,
1992,Activity H,10.134638955251866
1992,,
1993,,
1993,,
1993,Activity C,8.881975184248867
1993,Activity D,9.287394001418473
1993,,
1993,Activity K,9.798182590890704
1993,,
1993,Activity G,9.798182590890704
1993,Activity L,9.980494888896912
1993,,
1993,,
1993,Activity J,9.980494888896912
1993,,
1993,Activity F,10.268165387743457
1994,Activity A,0.0
1994,,
1994,,
1994,,
1994,,
1994,Activity M,9.798182590890704
1994,Activity G,9.798182590890704
1994,,
1994,Activity N,9.980494888896912
1994,Activity I,9.980494888896912
1994,,
1994,Activity L,9.980494888896912
1994,,
1994,Activity F,10.268165387743457
1995,,
1995,,
1995,,
1995,Activity D,9.287394001418473
1995,Activity E,9.575052927597383
1995,,
1995,,
1995,Activity G,9.798182590890704
1995,,
1995,,
1995,,
1995,,
1995,,
1995,,
1996,Activity A,0.0
1996,,
1996,,
1996,Activity D,9.287394001418473
1996,Activity E,9.575052927597383
1996,Activity M,9.798182590890704
1996,Activity G,9.798182590890704
1996,,
1996,,
1996,,
1996,,
1996,Activity L,9.980494888896912
1996,,
1996,,
1997,,
1997,Activity B,8.188966863648876
1997,Activity C,8.881975184248867
1997,Activity D,9.287394001418473
1997,Activity E,9.575052927597383
1997,Activity K,9.798182590890704
1997,Activity M,9.798182590890704
1997,,
1997,,
1997,Activity N,9.980494888896912
1997,Activity J,9.980494888896912
1997,Activity I,9.980494888896912
1997,,
1997,Activity F,10.268165387743457
1998,Activity A,0.0
1998,Activity B,8.188966863648876
1998,Activity C,8.881975184248867
1998,Activity D,9.287394001418473
1998,Activity E,9.575052927597383
1998,,
1998,Activity K,9.798182590890704
1998,,
1998,Activity I,9.980494888896912
1998,,
1998,Activity L,9.980494888896912
1998,,
1998,,
1998,,
1999,Activity A,0.0
1999,Activity B,8.188966863648876
1999,Activity C,8.881975184248867
1999,,
1999,,
1999,Activity G,9.798182590890704
1999,,
1999,,
1999,Activity I,9.980494888896912
1999,Activity J,9.980494888896912
1999,,
1999,,
1999,Activity H,10.134638955251866
1999,Activity F,10.268165387743457
2000,Activity A,0.0
2000,Activity B,8.188966863648876
2000,Activity C,8.881975184248867
2000,Activity D,9.287394001418473
2000,Activity E,9.575052927597383
2000,Activity G,9.798182590890704
2000,Activity M,9.798182590890704
2000,Activity K,9.798182590890704
2000,Activity J,9.980494888896912
2000,Activity I,9.980494888896912
2000,Activity N,9.980494888896912
2000,Activity L,9.980494888896912
2000,Activity H,10.134638955251866
2000,Activity F,10.268165387743457
